dataset,query_id,method,preference_source,preference_source_note,n_nodes,n_edges,graph_density,n_sccs,largest_scc,is_cyclic,n_non_trivial_sccs,scc_cycle_burden,fas_weight_removed,fas_n_edges_removed,graph_ref_bew_pre,graph_ref_bew_post,graph_ref_pic_pre,graph_ref_pic_post,n_eval_candidates,primary_metric,backward_edge_weight,pairwise_inconsistency,kendall_tau,kendall_tau_legacy,ndcg_at_k,map_at_k,precision_at_k,recall_at_k,pairwise_accuracy,runtime_pref_gen_s,runtime_graph_build_s,runtime_cycle_detect_s,runtime_fas_solver_s,runtime_ranking_s,runtime_evaluation_s,runtime_total_s
bright,aops:aops_2020_AMC_10B_Problems/Problem_25,score_sum,qrels_flip,synthetic corruption: qrels-derived edges with flip_prob=0.15,20,96,0.252632,1,20,True,1,20,22.0,22,17.0,2.0,17,2,20,ndcg_at_k,17.0,17,0.684211,0.5,1.0,1.0,0.4,1.0,1.0,0.000795,0.000395,2.7e-05,0.00231,3e-05,0.001015,0.120079
bright,aops:aops_2020_AMC_10B_Problems/Problem_25,borda,qrels_flip,synthetic corruption: qrels-derived edges with flip_prob=0.15,20,96,0.252632,1,20,True,1,20,22.0,22,17.0,2.0,17,2,20,ndcg_at_k,17.0,17,0.684211,0.5,1.0,1.0,0.4,1.0,1.0,0.000795,0.000395,2.7e-05,0.00231,1.8e-05,0.001015,0.120079
bright,aops:aops_2020_AMC_10B_Problems/Problem_25,pagerank,qrels_flip,synthetic corruption: qrels-derived edges with flip_prob=0.15,20,96,0.252632,1,20,True,1,20,22.0,22,17.0,2.0,17,2,20,ndcg_at_k,32.0,32,0.189474,0.222222,0.698348,0.565463,0.4,1.0,0.760417,0.000795,0.000395,2.7e-05,0.00231,0.115141,0.001015,0.120079
bright,aops:aops_2020_AMC_10B_Problems/Problem_25,greedy_fas_topological,qrels_flip,synthetic corruption: qrels-derived edges with flip_prob=0.15,20,96,0.252632,1,20,True,1,20,22.0,22,17.0,2.0,17,2,20,ndcg_at_k,21.0,21,0.410526,0.055556,0.973917,0.909722,0.4,1.0,0.895833,0.000795,0.000395,2.7e-05,0.00231,5.8e-05,0.001015,0.120079
bright,aops:aops_2020_AMC_10B_Problems/Problem_25,greedy_fas_weighted_balance,qrels_flip,synthetic corruption: qrels-derived edges with flip_prob=0.15,20,96,0.252632,1,20,True,1,20,22.0,22,17.0,2.0,17,2,20,ndcg_at_k,17.0,17,0.631579,0.222222,1.0,1.0,0.4,1.0,1.0,0.000795,0.000395,2.7e-05,0.00231,3.2e-05,0.001015,0.120079
bright,aops:aops_2020_AMC_10B_Problems/Problem_25,greedy_fas_copeland,qrels_flip,synthetic corruption: qrels-derived edges with flip_prob=0.15,20,96,0.252632,1,20,True,1,20,22.0,22,17.0,2.0,17,2,20,ndcg_at_k,17.0,17,0.631579,0.222222,1.0,1.0,0.4,1.0,1.0,0.000795,0.000395,2.7e-05,0.00231,2.5e-05,0.001015,0.120079
bright,aops:aops_2020_AMC_10B_Problems/Problem_25,greedy_fas_score_augmented_topological,qrels_flip,synthetic corruption: qrels-derived edges with flip_prob=0.15,20,96,0.252632,1,20,True,1,20,22.0,22,17.0,2.0,17,2,20,ndcg_at_k,16.0,16,0.326316,0.277778,0.982591,0.938131,0.4,1.0,0.947917,0.000795,0.000395,2.7e-05,0.00231,3.7e-05,0.001015,0.120079
bright,aops:aops_2020_AMC_10B_Problems/Problem_25,fas_balance_score_prior_alpha_beta,qrels_flip,synthetic corruption: qrels-derived edges with flip_prob=0.15,20,96,0.252632,1,20,True,1,20,22.0,22,17.0,2.0,17,2,20,ndcg_at_k,17.0,17,0.578947,0.222222,1.0,1.0,0.4,1.0,1.0,0.000795,0.000395,2.7e-05,0.00231,5.4e-05,0.001015,0.120079
bright,aops:aops_2020_AMC_10B_Problems/Problem_25,hybrid_rrf_fas_regularized,qrels_flip,synthetic corruption: qrels-derived edges with flip_prob=0.15,20,96,0.252632,1,20,True,1,20,22.0,22,17.0,2.0,17,2,20,ndcg_at_k,17.0,17,0.536842,0.5,1.0,1.0,0.4,1.0,1.0,0.000795,0.000395,2.7e-05,0.00231,3.6e-05,0.001015,0.120079
bright,aops:aops_2020_AMC_10B_Problems/Problem_25,hybrid_rrf_balance_a05,qrels_flip,synthetic corruption: qrels-derived edges with flip_prob=0.15,20,96,0.252632,1,20,True,1,20,22.0,22,17.0,2.0,17,2,20,ndcg_at_k,17.0,17,0.557895,0.388889,1.0,1.0,0.4,1.0,1.0,0.000795,0.000395,2.7e-05,0.00231,2.9e-05,0.001015,0.120079
bright,aops:aops_2020_AMC_10B_Problems/Problem_25,hybrid_rrf_copeland_a03,qrels_flip,synthetic corruption: qrels-derived edges with flip_prob=0.15,20,96,0.252632,1,20,True,1,20,22.0,22,17.0,2.0,17,2,20,ndcg_at_k,17.0,17,0.557895,0.388889,1.0,1.0,0.4,1.0,1.0,0.000795,0.000395,2.7e-05,0.00231,2.3e-05,0.001015,0.120079
bright,aops:aops_2020_AMC_10B_Problems/Problem_25,hybrid_rrf_priority_topo_a03,qrels_flip,synthetic corruption: qrels-derived edges with flip_prob=0.15,20,96,0.252632,1,20,True,1,20,22.0,22,17.0,2.0,17,2,20,ndcg_at_k,16.0,16,0.389474,0.277778,0.988803,0.959375,0.4,1.0,0.96875,0.000795,0.000395,2.7e-05,0.00231,5.4e-05,0.001015,0.120079
bright,theoremqa_questions:TheoremQA_elainewan/math_abstact_algebra_7_5.json,score_sum,qrels_flip,synthetic corruption: qrels-derived edges with flip_prob=0.15,20,36,0.094737,11,10,True,1,10,5.0,5,10.0,10.0,10,10,20,ndcg_at_k,10.0,10,0.821053,1.0,1.0,1.0,0.1,1.0,1.0,0.002284,8.8e-05,1.5e-05,0.000764,1.9e-05,0.000754,0.005372
bright,theoremqa_questions:TheoremQA_elainewan/math_abstact_algebra_7_5.json,borda,qrels_flip,synthetic corruption: qrels-derived edges with flip_prob=0.15,20,36,0.094737,11,10,True,1,10,5.0,5,10.0,10.0,10,10,20,ndcg_at_k,10.0,10,0.821053,1.0,1.0,1.0,0.1,1.0,1.0,0.002284,8.8e-05,1.5e-05,0.000764,1.5e-05,0.000754,0.005372
bright,theoremqa_questions:TheoremQA_elainewan/math_abstact_algebra_7_5.json,pagerank,qrels_flip,synthetic corruption: qrels-derived edges with flip_prob=0.15,20,36,0.094737,11,10,True,1,10,5.0,5,10.0,10.0,10,10,20,ndcg_at_k,10.0,10,0.4,1.0,1.0,1.0,0.1,1.0,1.0,0.002284,8.8e-05,1.5e-05,0.000764,0.001169,0.000754,0.005372
bright,theoremqa_questions:TheoremQA_elainewan/math_abstact_algebra_7_5.json,greedy_fas_topological,qrels_flip,synthetic corruption: qrels-derived edges with flip_prob=0.15,20,36,0.094737,11,10,True,1,10,5.0,5,10.0,10.0,10,10,20,ndcg_at_k,5.0,5,0.242105,-1.0,0.375415,0.162338,0.1,1.0,0.583333,0.002284,8.8e-05,1.5e-05,0.000764,4.3e-05,0.000754,0.005372
bright,theoremqa_questions:TheoremQA_elainewan/math_abstact_algebra_7_5.json,greedy_fas_weighted_balance,qrels_flip,synthetic corruption: qrels-derived edges with flip_prob=0.15,20,36,0.094737,11,10,True,1,10,5.0,5,10.0,10.0,10,10,20,ndcg_at_k,10.0,10,0.747368,-1.0,1.0,1.0,0.1,1.0,1.0,0.002284,8.8e-05,1.5e-05,0.000764,2e-05,0.000754,0.005372
bright,theoremqa_questions:TheoremQA_elainewan/math_abstact_algebra_7_5.json,greedy_fas_copeland,qrels_flip,synthetic corruption: qrels-derived edges with flip_prob=0.15,20,36,0.094737,11,10,True,1,10,5.0,5,10.0,10.0,10,10,20,ndcg_at_k,10.0,10,0.747368,-1.0,1.0,1.0,0.1,1.0,1.0,0.002284,8.8e-05,1.5e-05,0.000764,1.9e-05,0.000754,0.005372
bright,theoremqa_questions:TheoremQA_elainewan/math_abstact_algebra_7_5.json,greedy_fas_score_augmented_topological,qrels_flip,synthetic corruption: qrels-derived edges with flip_prob=0.15,20,36,0.094737,11,10,True,1,10,5.0,5,10.0,10.0,10,10,20,ndcg_at_k,5.0,5,0.073684,-1.0,0.375415,0.162338,0.1,1.0,0.583333,0.002284,8.8e-05,1.5e-05,0.000764,2.9e-05,0.000754,0.005372
bright,theoremqa_questions:TheoremQA_elainewan/math_abstact_algebra_7_5.json,fas_balance_score_prior_alpha_beta,qrels_flip,synthetic corruption: qrels-derived edges with flip_prob=0.15,20,36,0.094737,11,10,True,1,10,5.0,5,10.0,10.0,10,10,20,ndcg_at_k,10.0,10,0.747368,-1.0,1.0,1.0,0.1,1.0,1.0,0.002284,8.8e-05,1.5e-05,0.000764,4e-05,0.000754,0.005372
bright,theoremqa_questions:TheoremQA_elainewan/math_abstact_algebra_7_5.json,hybrid_rrf_fas_regularized,qrels_flip,synthetic corruption: qrels-derived edges with flip_prob=0.15,20,36,0.094737,11,10,True,1,10,5.0,5,10.0,10.0,10,10,20,ndcg_at_k,10.0,10,0.736842,1.0,1.0,1.0,0.1,1.0,1.0,0.002284,8.8e-05,1.5e-05,0.000764,2.5e-05,0.000754,0.005372
bright,theoremqa_questions:TheoremQA_elainewan/math_abstact_algebra_7_5.json,hybrid_rrf_balance_a05,qrels_flip,synthetic corruption: qrels-derived edges with flip_prob=0.15,20,36,0.094737,11,10,True,1,10,5.0,5,10.0,10.0,10,10,20,ndcg_at_k,10.0,10,0.736842,1.0,1.0,1.0,0.1,1.0,1.0,0.002284,8.8e-05,1.5e-05,0.000764,2.1e-05,0.000754,0.005372
bright,theoremqa_questions:TheoremQA_elainewan/math_abstact_algebra_7_5.json,hybrid_rrf_copeland_a03,qrels_flip,synthetic corruption: qrels-derived edges with flip_prob=0.15,20,36,0.094737,11,10,True,1,10,5.0,5,10.0,10.0,10,10,20,ndcg_at_k,10.0,10,0.736842,1.0,1.0,1.0,0.1,1.0,1.0,0.002284,8.8e-05,1.5e-05,0.000764,2.3e-05,0.000754,0.005372
bright,theoremqa_questions:TheoremQA_elainewan/math_abstact_algebra_7_5.json,hybrid_rrf_priority_topo_a03,qrels_flip,synthetic corruption: qrels-derived edges with flip_prob=0.15,20,36,0.094737,11,10,True,1,10,5.0,5,10.0,10.0,10,10,20,ndcg_at_k,5.0,5,0.073684,-1.0,0.375415,0.162338,0.1,1.0,0.583333,0.002284,8.8e-05,1.5e-05,0.000764,4.4e-05,0.000754,0.005372
bright,theoremqa_questions:TheoremQA_xueguangma/effective_rates_1.json,score_sum,qrels_flip,synthetic corruption: qrels-derived edges with flip_prob=0.15,2,1,0.5,2,1,False,0,0,0,0,0.0,0.0,0,0,2,ndcg_at_k,0.0,0,1.0,1.0,1.0,1.0,0.5,1.0,1.0,2.8e-05,1.7e-05,8e-06,8.2e-05,6e-06,0.000129,0.000985
bright,theoremqa_questions:TheoremQA_xueguangma/effective_rates_1.json,borda,qrels_flip,synthetic corruption: qrels-derived edges with flip_prob=0.15,2,1,0.5,2,1,False,0,0,0,0,0.0,0.0,0,0,2,ndcg_at_k,0.0,0,1.0,1.0,1.0,1.0,0.5,1.0,1.0,2.8e-05,1.7e-05,8e-06,8.2e-05,4e-06,0.000129,0.000985
bright,theoremqa_questions:TheoremQA_xueguangma/effective_rates_1.json,pagerank,qrels_flip,synthetic corruption: qrels-derived edges with flip_prob=0.15,2,1,0.5,2,1,False,0,0,0,0,0.0,0.0,0,0,2,ndcg_at_k,0.0,0,1.0,1.0,1.0,1.0,0.5,1.0,1.0,2.8e-05,1.7e-05,8e-06,8.2e-05,0.00063,0.000129,0.000985
bright,theoremqa_questions:TheoremQA_xueguangma/effective_rates_1.json,greedy_fas_topological,qrels_flip,synthetic corruption: qrels-derived edges with flip_prob=0.15,2,1,0.5,2,1,False,0,0,0,0,0.0,0.0,0,0,2,ndcg_at_k,0.0,0,1.0,1.0,1.0,1.0,0.5,1.0,1.0,2.8e-05,1.7e-05,8e-06,8.2e-05,1.6e-05,0.000129,0.000985
bright,theoremqa_questions:TheoremQA_xueguangma/effective_rates_1.json,greedy_fas_weighted_balance,qrels_flip,synthetic corruption: qrels-derived edges with flip_prob=0.15,2,1,0.5,2,1,False,0,0,0,0,0.0,0.0,0,0,2,ndcg_at_k,0.0,0,1.0,1.0,1.0,1.0,0.5,1.0,1.0,2.8e-05,1.7e-05,8e-06,8.2e-05,6e-06,0.000129,0.000985
bright,theoremqa_questions:TheoremQA_xueguangma/effective_rates_1.json,greedy_fas_copeland,qrels_flip,synthetic corruption: qrels-derived edges with flip_prob=0.15,2,1,0.5,2,1,False,0,0,0,0,0.0,0.0,0,0,2,ndcg_at_k,0.0,0,1.0,1.0,1.0,1.0,0.5,1.0,1.0,2.8e-05,1.7e-05,8e-06,8.2e-05,6e-06,0.000129,0.000985
bright,theoremqa_questions:TheoremQA_xueguangma/effective_rates_1.json,greedy_fas_score_augmented_topological,qrels_flip,synthetic corruption: qrels-derived edges with flip_prob=0.15,2,1,0.5,2,1,False,0,0,0,0,0.0,0.0,0,0,2,ndcg_at_k,0.0,0,1.0,1.0,1.0,1.0,0.5,1.0,1.0,2.8e-05,1.7e-05,8e-06,8.2e-05,5e-06,0.000129,0.000985
bright,theoremqa_questions:TheoremQA_xueguangma/effective_rates_1.json,fas_balance_score_prior_alpha_beta,qrels_flip,synthetic corruption: qrels-derived edges with flip_prob=0.15,2,1,0.5,2,1,False,0,0,0,0,0.0,0.0,0,0,2,ndcg_at_k,0.0,0,1.0,1.0,1.0,1.0,0.5,1.0,1.0,2.8e-05,1.7e-05,8e-06,8.2e-05,2.3e-05,0.000129,0.000985
bright,theoremqa_questions:TheoremQA_xueguangma/effective_rates_1.json,hybrid_rrf_fas_regularized,qrels_flip,synthetic corruption: qrels-derived edges with flip_prob=0.15,2,1,0.5,2,1,False,0,0,0,0,0.0,0.0,0,0,2,ndcg_at_k,0.0,0,1.0,1.0,1.0,1.0,0.5,1.0,1.0,2.8e-05,1.7e-05,8e-06,8.2e-05,7e-06,0.000129,0.000985
bright,theoremqa_questions:TheoremQA_xueguangma/effective_rates_1.json,hybrid_rrf_balance_a05,qrels_flip,synthetic corruption: qrels-derived edges with flip_prob=0.15,2,1,0.5,2,1,False,0,0,0,0,0.0,0.0,0,0,2,ndcg_at_k,0.0,0,1.0,1.0,1.0,1.0,0.5,1.0,1.0,2.8e-05,1.7e-05,8e-06,8.2e-05,5e-06,0.000129,0.000985
bright,theoremqa_questions:TheoremQA_xueguangma/effective_rates_1.json,hybrid_rrf_copeland_a03,qrels_flip,synthetic corruption: qrels-derived edges with flip_prob=0.15,2,1,0.5,2,1,False,0,0,0,0,0.0,0.0,0,0,2,ndcg_at_k,0.0,0,1.0,1.0,1.0,1.0,0.5,1.0,1.0,2.8e-05,1.7e-05,8e-06,8.2e-05,5e-06,0.000129,0.000985
bright,theoremqa_questions:TheoremQA_xueguangma/effective_rates_1.json,hybrid_rrf_priority_topo_a03,qrels_flip,synthetic corruption: qrels-derived edges with flip_prob=0.15,2,1,0.5,2,1,False,0,0,0,0,0.0,0.0,0,0,2,ndcg_at_k,0.0,0,1.0,1.0,1.0,1.0,0.5,1.0,1.0,2.8e-05,1.7e-05,8e-06,8.2e-05,8e-06,0.000129,0.000985
bright,theoremqa_questions:TheoremQA_wenhuchen/definite_matrix1.json,score_sum,qrels_flip,synthetic corruption: qrels-derived edges with flip_prob=0.15,20,19,0.05,20,1,False,0,0,0,0,3.0,3.0,3,3,20,ndcg_at_k,3.0,3,0.863158,,1.0,1.0,0.05,1.0,1.0,0.002297,0.000381,1.9e-05,0.000389,1.5e-05,0.000698,0.00523
bright,theoremqa_questions:TheoremQA_wenhuchen/definite_matrix1.json,borda,qrels_flip,synthetic corruption: qrels-derived edges with flip_prob=0.15,20,19,0.05,20,1,False,0,0,0,0,3.0,3.0,3,3,20,ndcg_at_k,3.0,3,0.863158,,1.0,1.0,0.05,1.0,1.0,0.002297,0.000381,1.9e-05,0.000389,1.3e-05,0.000698,0.00523
bright,theoremqa_questions:TheoremQA_wenhuchen/definite_matrix1.json,pagerank,qrels_flip,synthetic corruption: qrels-derived edges with flip_prob=0.15,20,19,0.05,20,1,False,0,0,0,0,3.0,3.0,3,3,20,ndcg_at_k,3.0,3,0.168421,,1.0,1.0,0.05,1.0,1.0,0.002297,0.000381,1.9e-05,0.000389,0.001176,0.000698,0.00523
bright,theoremqa_questions:TheoremQA_wenhuchen/definite_matrix1.json,greedy_fas_topological,qrels_flip,synthetic corruption: qrels-derived edges with flip_prob=0.15,20,19,0.05,20,1,False,0,0,0,0,3.0,3.0,3,3,20,ndcg_at_k,0.0,0,0.136842,,0.430677,0.25,0.05,1.0,0.842105,0.002297,0.000381,1.9e-05,0.000389,3.7e-05,0.000698,0.00523
bright,theoremqa_questions:TheoremQA_wenhuchen/definite_matrix1.json,greedy_fas_weighted_balance,qrels_flip,synthetic corruption: qrels-derived edges with flip_prob=0.15,20,19,0.05,20,1,False,0,0,0,0,3.0,3.0,3,3,20,ndcg_at_k,3.0,3,0.863158,,1.0,1.0,0.05,1.0,1.0,0.002297,0.000381,1.9e-05,0.000389,1.6e-05,0.000698,0.00523
bright,theoremqa_questions:TheoremQA_wenhuchen/definite_matrix1.json,greedy_fas_copeland,qrels_flip,synthetic corruption: qrels-derived edges with flip_prob=0.15,20,19,0.05,20,1,False,0,0,0,0,3.0,3.0,3,3,20,ndcg_at_k,3.0,3,0.863158,,1.0,1.0,0.05,1.0,1.0,0.002297,0.000381,1.9e-05,0.000389,1.9e-05,0.000698,0.00523
bright,theoremqa_questions:TheoremQA_wenhuchen/definite_matrix1.json,greedy_fas_score_augmented_topological,qrels_flip,synthetic corruption: qrels-derived edges with flip_prob=0.15,20,19,0.05,20,1,False,0,0,0,0,3.0,3.0,3,3,20,ndcg_at_k,0.0,0,-0.463158,,0.430677,0.25,0.05,1.0,0.842105,0.002297,0.000381,1.9e-05,0.000389,3.3e-05,0.000698,0.00523
bright,theoremqa_questions:TheoremQA_wenhuchen/definite_matrix1.json,fas_balance_score_prior_alpha_beta,qrels_flip,synthetic corruption: qrels-derived edges with flip_prob=0.15,20,19,0.05,20,1,False,0,0,0,0,3.0,3.0,3,3,20,ndcg_at_k,3.0,3,0.863158,,1.0,1.0,0.05,1.0,1.0,0.002297,0.000381,1.9e-05,0.000389,2.9e-05,0.000698,0.00523
bright,theoremqa_questions:TheoremQA_wenhuchen/definite_matrix1.json,hybrid_rrf_fas_regularized,qrels_flip,synthetic corruption: qrels-derived edges with flip_prob=0.15,20,19,0.05,20,1,False,0,0,0,0,3.0,3.0,3,3,20,ndcg_at_k,3.0,3,0.863158,,1.0,1.0,0.05,1.0,1.0,0.002297,0.000381,1.9e-05,0.000389,2.2e-05,0.000698,0.00523
bright,theoremqa_questions:TheoremQA_wenhuchen/definite_matrix1.json,hybrid_rrf_balance_a05,qrels_flip,synthetic corruption: qrels-derived edges with flip_prob=0.15,20,19,0.05,20,1,False,0,0,0,0,3.0,3.0,3,3,20,ndcg_at_k,3.0,3,0.863158,,1.0,1.0,0.05,1.0,1.0,0.002297,0.000381,1.9e-05,0.000389,1.9e-05,0.000698,0.00523
bright,theoremqa_questions:TheoremQA_wenhuchen/definite_matrix1.json,hybrid_rrf_copeland_a03,qrels_flip,synthetic corruption: qrels-derived edges with flip_prob=0.15,20,19,0.05,20,1,False,0,0,0,0,3.0,3.0,3,3,20,ndcg_at_k,3.0,3,0.863158,,1.0,1.0,0.05,1.0,1.0,0.002297,0.000381,1.9e-05,0.000389,2.1e-05,0.000698,0.00523
bright,theoremqa_questions:TheoremQA_wenhuchen/definite_matrix1.json,hybrid_rrf_priority_topo_a03,qrels_flip,synthetic corruption: qrels-derived edges with flip_prob=0.15,20,19,0.05,20,1,False,0,0,0,0,3.0,3.0,3,3,20,ndcg_at_k,0.0,0,-0.463158,,0.430677,0.25,0.05,1.0,0.842105,0.002297,0.000381,1.9e-05,0.000389,4.6e-05,0.000698,0.00523
bright,theoremqa_questions:TheoremQA_xinyi/dag_1.json,score_sum,qrels_flip,synthetic corruption: qrels-derived edges with flip_prob=0.15,20,36,0.094737,20,1,False,0,0,0,0,4.0,4.0,4,4,20,ndcg_at_k,4.0,4,0.715789,-1.0,1.0,1.0,0.1,1.0,1.0,0.000809,6.7e-05,1.9e-05,0.000243,1.6e-05,0.000722,0.003239
bright,theoremqa_questions:TheoremQA_xinyi/dag_1.json,borda,qrels_flip,synthetic corruption: qrels-derived edges with flip_prob=0.15,20,36,0.094737,20,1,False,0,0,0,0,4.0,4.0,4,4,20,ndcg_at_k,4.0,4,0.715789,-1.0,1.0,1.0,0.1,1.0,1.0,0.000809,6.7e-05,1.9e-05,0.000243,1.3e-05,0.000722,0.003239
bright,theoremqa_questions:TheoremQA_xinyi/dag_1.json,pagerank,qrels_flip,synthetic corruption: qrels-derived edges with flip_prob=0.15,20,36,0.094737,20,1,False,0,0,0,0,4.0,4.0,4,4,20,ndcg_at_k,2.0,2,0.084211,-1.0,0.693426,0.583333,0.1,1.0,0.944444,0.000809,6.7e-05,1.9e-05,0.000243,0.001081,0.000722,0.003239
bright,theoremqa_questions:TheoremQA_xinyi/dag_1.json,greedy_fas_topological,qrels_flip,synthetic corruption: qrels-derived edges with flip_prob=0.15,20,36,0.094737,20,1,False,0,0,0,0,4.0,4.0,4,4,20,ndcg_at_k,0.0,0,0.063158,-1.0,0.624051,0.45,0.1,1.0,0.888889,0.000809,6.7e-05,1.9e-05,0.000243,3.9e-05,0.000722,0.003239
bright,theoremqa_questions:TheoremQA_xinyi/dag_1.json,greedy_fas_weighted_balance,qrels_flip,synthetic corruption: qrels-derived edges with flip_prob=0.15,20,36,0.094737,20,1,False,0,0,0,0,4.0,4.0,4,4,20,ndcg_at_k,4.0,4,0.715789,-1.0,1.0,1.0,0.1,1.0,1.0,0.000809,6.7e-05,1.9e-05,0.000243,2e-05,0.000722,0.003239
bright,theoremqa_questions:TheoremQA_xinyi/dag_1.json,greedy_fas_copeland,qrels_flip,synthetic corruption: qrels-derived edges with flip_prob=0.15,20,36,0.094737,20,1,False,0,0,0,0,4.0,4.0,4,4,20,ndcg_at_k,4.0,4,0.715789,-1.0,1.0,1.0,0.1,1.0,1.0,0.000809,6.7e-05,1.9e-05,0.000243,1.8e-05,0.000722,0.003239
bright,theoremqa_questions:TheoremQA_xinyi/dag_1.json,greedy_fas_score_augmented_topological,qrels_flip,synthetic corruption: qrels-derived edges with flip_prob=0.15,20,36,0.094737,20,1,False,0,0,0,0,4.0,4.0,4,4,20,ndcg_at_k,0.0,0,-0.442105,-1.0,0.624051,0.45,0.1,1.0,0.888889,0.000809,6.7e-05,1.9e-05,0.000243,3.3e-05,0.000722,0.003239
bright,theoremqa_questions:TheoremQA_xinyi/dag_1.json,fas_balance_score_prior_alpha_beta,qrels_flip,synthetic corruption: qrels-derived edges with flip_prob=0.15,20,36,0.094737,20,1,False,0,0,0,0,4.0,4.0,4,4,20,ndcg_at_k,4.0,4,0.715789,-1.0,1.0,1.0,0.1,1.0,1.0,0.000809,6.7e-05,1.9e-05,0.000243,3.7e-05,0.000722,0.003239
bright,theoremqa_questions:TheoremQA_xinyi/dag_1.json,hybrid_rrf_fas_regularized,qrels_flip,synthetic corruption: qrels-derived edges with flip_prob=0.15,20,36,0.094737,20,1,False,0,0,0,0,4.0,4.0,4,4,20,ndcg_at_k,4.0,4,0.715789,-1.0,1.0,1.0,0.1,1.0,1.0,0.000809,6.7e-05,1.9e-05,0.000243,3.7e-05,0.000722,0.003239
bright,theoremqa_questions:TheoremQA_xinyi/dag_1.json,hybrid_rrf_balance_a05,qrels_flip,synthetic corruption: qrels-derived edges with flip_prob=0.15,20,36,0.094737,20,1,False,0,0,0,0,4.0,4.0,4,4,20,ndcg_at_k,4.0,4,0.715789,-1.0,1.0,1.0,0.1,1.0,1.0,0.000809,6.7e-05,1.9e-05,0.000243,2e-05,0.000722,0.003239
bright,theoremqa_questions:TheoremQA_xinyi/dag_1.json,hybrid_rrf_copeland_a03,qrels_flip,synthetic corruption: qrels-derived edges with flip_prob=0.15,20,36,0.094737,20,1,False,0,0,0,0,4.0,4.0,4,4,20,ndcg_at_k,4.0,4,0.715789,-1.0,1.0,1.0,0.1,1.0,1.0,0.000809,6.7e-05,1.9e-05,0.000243,2.1e-05,0.000722,0.003239
bright,theoremqa_questions:TheoremQA_xinyi/dag_1.json,hybrid_rrf_priority_topo_a03,qrels_flip,synthetic corruption: qrels-derived edges with flip_prob=0.15,20,36,0.094737,20,1,False,0,0,0,0,4.0,4.0,4,4,20,ndcg_at_k,0.0,0,-0.442105,-1.0,0.624051,0.45,0.1,1.0,0.888889,0.000809,6.7e-05,1.9e-05,0.000243,4.4e-05,0.000722,0.003239
bright,leetcode:43,score_sum,qrels_flip,synthetic corruption: qrels-derived edges with flip_prob=0.15,20,36,0.094737,14,7,True,1,7,3.0,3,5.0,4.0,5,4,20,ndcg_at_k,5.0,5,0.578947,1.0,1.0,1.0,0.1,1.0,1.0,0.000114,9.3e-05,1.2e-05,0.000418,1.6e-05,0.000734,0.003326
bright,leetcode:43,borda,qrels_flip,synthetic corruption: qrels-derived edges with flip_prob=0.15,20,36,0.094737,14,7,True,1,7,3.0,3,5.0,4.0,5,4,20,ndcg_at_k,5.0,5,0.578947,1.0,1.0,1.0,0.1,1.0,1.0,0.000114,9.3e-05,1.2e-05,0.000418,1.2e-05,0.000734,0.003326
bright,leetcode:43,pagerank,qrels_flip,synthetic corruption: qrels-derived edges with flip_prob=0.15,20,36,0.094737,14,7,True,1,7,3.0,3,5.0,4.0,5,4,20,ndcg_at_k,5.0,5,0.094737,1.0,1.0,1.0,0.1,1.0,1.0,0.000114,9.3e-05,1.2e-05,0.000418,0.001674,0.000734,0.003326
bright,leetcode:43,greedy_fas_topological,qrels_flip,synthetic corruption: qrels-derived edges with flip_prob=0.15,20,36,0.094737,14,7,True,1,7,3.0,3,5.0,4.0,5,4,20,ndcg_at_k,2.0,2,0.021053,1.0,0.510956,0.309524,0.1,1.0,0.805556,0.000114,9.3e-05,1.2e-05,0.000418,3.8e-05,0.000734,0.003326
bright,leetcode:43,greedy_fas_weighted_balance,qrels_flip,synthetic corruption: qrels-derived edges with flip_prob=0.15,20,36,0.094737,14,7,True,1,7,3.0,3,5.0,4.0,5,4,20,ndcg_at_k,5.0,5,0.526316,1.0,1.0,1.0,0.1,1.0,1.0,0.000114,9.3e-05,1.2e-05,0.000418,1.9e-05,0.000734,0.003326
bright,leetcode:43,greedy_fas_copeland,qrels_flip,synthetic corruption: qrels-derived edges with flip_prob=0.15,20,36,0.094737,14,7,True,1,7,3.0,3,5.0,4.0,5,4,20,ndcg_at_k,5.0,5,0.526316,1.0,1.0,1.0,0.1,1.0,1.0,0.000114,9.3e-05,1.2e-05,0.000418,1.8e-05,0.000734,0.003326
bright,leetcode:43,greedy_fas_score_augmented_topological,qrels_flip,synthetic corruption: qrels-derived edges with flip_prob=0.15,20,36,0.094737,14,7,True,1,7,3.0,3,5.0,4.0,5,4,20,ndcg_at_k,2.0,2,-0.4,1.0,0.510956,0.309524,0.1,1.0,0.805556,0.000114,9.3e-05,1.2e-05,0.000418,3.1e-05,0.000734,0.003326
bright,leetcode:43,fas_balance_score_prior_alpha_beta,qrels_flip,synthetic corruption: qrels-derived edges with flip_prob=0.15,20,36,0.094737,14,7,True,1,7,3.0,3,5.0,4.0,5,4,20,ndcg_at_k,5.0,5,0.526316,1.0,1.0,1.0,0.1,1.0,1.0,0.000114,9.3e-05,1.2e-05,0.000418,3e-05,0.000734,0.003326
bright,leetcode:43,hybrid_rrf_fas_regularized,qrels_flip,synthetic corruption: qrels-derived edges with flip_prob=0.15,20,36,0.094737,14,7,True,1,7,3.0,3,5.0,4.0,5,4,20,ndcg_at_k,5.0,5,0.526316,1.0,1.0,1.0,0.1,1.0,1.0,0.000114,9.3e-05,1.2e-05,0.000418,2.5e-05,0.000734,0.003326
bright,leetcode:43,hybrid_rrf_balance_a05,qrels_flip,synthetic corruption: qrels-derived edges with flip_prob=0.15,20,36,0.094737,14,7,True,1,7,3.0,3,5.0,4.0,5,4,20,ndcg_at_k,5.0,5,0.526316,1.0,1.0,1.0,0.1,1.0,1.0,0.000114,9.3e-05,1.2e-05,0.000418,2.1e-05,0.000734,0.003326
bright,leetcode:43,hybrid_rrf_copeland_a03,qrels_flip,synthetic corruption: qrels-derived edges with flip_prob=0.15,20,36,0.094737,14,7,True,1,7,3.0,3,5.0,4.0,5,4,20,ndcg_at_k,5.0,5,0.526316,1.0,1.0,1.0,0.1,1.0,1.0,0.000114,9.3e-05,1.2e-05,0.000418,2.2e-05,0.000734,0.003326
bright,leetcode:43,hybrid_rrf_priority_topo_a03,qrels_flip,synthetic corruption: qrels-derived edges with flip_prob=0.15,20,36,0.094737,14,7,True,1,7,3.0,3,5.0,4.0,5,4,20,ndcg_at_k,3.0,3,-0.378947,1.0,0.524981,0.333333,0.1,1.0,0.833333,0.000114,9.3e-05,1.2e-05,0.000418,4.9e-05,0.000734,0.003326
bright,leetcode:71,score_sum,qrels_flip,synthetic corruption: qrels-derived edges with flip_prob=0.15,20,36,0.094737,14,7,True,1,7,3.0,3,5.0,5.0,5,5,20,ndcg_at_k,5.0,5,0.715789,0.238095,1.0,1.0,0.1,1.0,1.0,0.000102,5.8e-05,1.2e-05,0.000645,1.6e-05,0.000775,0.003501
bright,leetcode:71,borda,qrels_flip,synthetic corruption: qrels-derived edges with flip_prob=0.15,20,36,0.094737,14,7,True,1,7,3.0,3,5.0,5.0,5,5,20,ndcg_at_k,5.0,5,0.715789,0.238095,1.0,1.0,0.1,1.0,1.0,0.000102,5.8e-05,1.2e-05,0.000645,1.2e-05,0.000775,0.003501
bright,leetcode:71,pagerank,qrels_flip,synthetic corruption: qrels-derived edges with flip_prob=0.15,20,36,0.094737,14,7,True,1,7,3.0,3,5.0,5.0,5,5,20,ndcg_at_k,5.0,5,0.252632,0.238095,1.0,1.0,0.1,1.0,1.0,0.000102,5.8e-05,1.2e-05,0.000645,0.00162,0.000775,0.003501
bright,leetcode:71,greedy_fas_topological,qrels_flip,synthetic corruption: qrels-derived edges with flip_prob=0.15,20,36,0.094737,14,7,True,1,7,3.0,3,5.0,5.0,5,5,20,ndcg_at_k,3.0,3,0.178947,-0.238095,0.468451,0.267857,0.1,1.0,0.777778,0.000102,5.8e-05,1.2e-05,0.000645,3.9e-05,0.000775,0.003501
bright,leetcode:71,greedy_fas_weighted_balance,qrels_flip,synthetic corruption: qrels-derived edges with flip_prob=0.15,20,36,0.094737,14,7,True,1,7,3.0,3,5.0,5.0,5,5,20,ndcg_at_k,5.0,5,0.694737,0.047619,1.0,1.0,0.1,1.0,1.0,0.000102,5.8e-05,1.2e-05,0.000645,1.8e-05,0.000775,0.003501
bright,leetcode:71,greedy_fas_copeland,qrels_flip,synthetic corruption: qrels-derived edges with flip_prob=0.15,20,36,0.094737,14,7,True,1,7,3.0,3,5.0,5.0,5,5,20,ndcg_at_k,5.0,5,0.694737,0.047619,1.0,1.0,0.1,1.0,1.0,0.000102,5.8e-05,1.2e-05,0.000645,1.8e-05,0.000775,0.003501
bright,leetcode:71,greedy_fas_score_augmented_topological,qrels_flip,synthetic corruption: qrels-derived edges with flip_prob=0.15,20,36,0.094737,14,7,True,1,7,3.0,3,5.0,5.0,5,5,20,ndcg_at_k,3.0,3,-0.252632,-0.142857,0.468451,0.267857,0.1,1.0,0.777778,0.000102,5.8e-05,1.2e-05,0.000645,3.1e-05,0.000775,0.003501
bright,leetcode:71,fas_balance_score_prior_alpha_beta,qrels_flip,synthetic corruption: qrels-derived edges with flip_prob=0.15,20,36,0.094737,14,7,True,1,7,3.0,3,5.0,5.0,5,5,20,ndcg_at_k,5.0,5,0.694737,0.047619,1.0,1.0,0.1,1.0,1.0,0.000102,5.8e-05,1.2e-05,0.000645,3e-05,0.000775,0.003501
bright,leetcode:71,hybrid_rrf_fas_regularized,qrels_flip,synthetic corruption: qrels-derived edges with flip_prob=0.15,20,36,0.094737,14,7,True,1,7,3.0,3,5.0,5.0,5,5,20,ndcg_at_k,5.0,5,0.684211,0.142857,1.0,1.0,0.1,1.0,1.0,0.000102,5.8e-05,1.2e-05,0.000645,2.5e-05,0.000775,0.003501
bright,leetcode:71,hybrid_rrf_balance_a05,qrels_flip,synthetic corruption: qrels-derived edges with flip_prob=0.15,20,36,0.094737,14,7,True,1,7,3.0,3,5.0,5.0,5,5,20,ndcg_at_k,5.0,5,0.684211,0.142857,1.0,1.0,0.1,1.0,1.0,0.000102,5.8e-05,1.2e-05,0.000645,2.1e-05,0.000775,0.003501
bright,leetcode:71,hybrid_rrf_copeland_a03,qrels_flip,synthetic corruption: qrels-derived edges with flip_prob=0.15,20,36,0.094737,14,7,True,1,7,3.0,3,5.0,5.0,5,5,20,ndcg_at_k,5.0,5,0.684211,0.142857,1.0,1.0,0.1,1.0,1.0,0.000102,5.8e-05,1.2e-05,0.000645,2.1e-05,0.000775,0.003501
bright,leetcode:71,hybrid_rrf_priority_topo_a03,qrels_flip,synthetic corruption: qrels-derived edges with flip_prob=0.15,20,36,0.094737,14,7,True,1,7,3.0,3,5.0,5.0,5,5,20,ndcg_at_k,3.0,3,-0.252632,-0.142857,0.468451,0.267857,0.1,1.0,0.777778,0.000102,5.8e-05,1.2e-05,0.000645,5.8e-05,0.000775,0.003501
bright,leetcode:96,score_sum,qrels_flip,synthetic corruption: qrels-derived edges with flip_prob=0.15,20,51,0.134211,7,14,True,1,14,10.0,10,13.0,8.0,13,8,20,ndcg_at_k,13.0,13,0.526316,0.5,1.0,1.0,0.15,1.0,1.0,8.5e-05,7.3e-05,1.1e-05,0.001198,1.8e-05,0.000833,0.004197
bright,leetcode:96,borda,qrels_flip,synthetic corruption: qrels-derived edges with flip_prob=0.15,20,51,0.134211,7,14,True,1,14,10.0,10,13.0,8.0,13,8,20,ndcg_at_k,13.0,13,0.526316,0.5,1.0,1.0,0.15,1.0,1.0,8.5e-05,7.3e-05,1.1e-05,0.001198,1.2e-05,0.000833,0.004197
bright,leetcode:96,pagerank,qrels_flip,synthetic corruption: qrels-derived edges with flip_prob=0.15,20,51,0.134211,7,14,True,1,14,10.0,10,13.0,8.0,13,8,20,ndcg_at_k,13.0,13,0.305263,0.388889,1.0,1.0,0.15,1.0,1.0,8.5e-05,7.3e-05,1.1e-05,0.001198,0.001704,0.000833,0.004197
bright,leetcode:96,greedy_fas_topological,qrels_flip,synthetic corruption: qrels-derived edges with flip_prob=0.15,20,51,0.134211,7,14,True,1,14,10.0,10,13.0,8.0,13,8,20,ndcg_at_k,8.0,8,0.084211,0.055556,0.756555,0.515873,0.15,1.0,0.705882,8.5e-05,7.3e-05,1.1e-05,0.001198,4.8e-05,0.000833,0.004197
bright,leetcode:96,greedy_fas_weighted_balance,qrels_flip,synthetic corruption: qrels-derived edges with flip_prob=0.15,20,51,0.134211,7,14,True,1,14,10.0,10,13.0,8.0,13,8,20,ndcg_at_k,12.0,12,0.4,0.555556,0.932521,0.833333,0.15,1.0,0.941176,8.5e-05,7.3e-05,1.1e-05,0.001198,2.1e-05,0.000833,0.004197
bright,leetcode:96,greedy_fas_copeland,qrels_flip,synthetic corruption: qrels-derived edges with flip_prob=0.15,20,51,0.134211,7,14,True,1,14,10.0,10,13.0,8.0,13,8,20,ndcg_at_k,12.0,12,0.4,0.555556,0.932521,0.833333,0.15,1.0,0.941176,8.5e-05,7.3e-05,1.1e-05,0.001198,1.8e-05,0.000833,0.004197
bright,leetcode:96,greedy_fas_score_augmented_topological,qrels_flip,synthetic corruption: qrels-derived edges with flip_prob=0.15,20,51,0.134211,7,14,True,1,14,10.0,10,13.0,8.0,13,8,20,ndcg_at_k,9.0,9,-0.157895,0.277778,0.770936,0.538095,0.15,1.0,0.72549,8.5e-05,7.3e-05,1.1e-05,0.001198,2.9e-05,0.000833,0.004197
bright,leetcode:96,fas_balance_score_prior_alpha_beta,qrels_flip,synthetic corruption: qrels-derived edges with flip_prob=0.15,20,51,0.134211,7,14,True,1,14,10.0,10,13.0,8.0,13,8,20,ndcg_at_k,13.0,13,0.431579,0.555556,1.0,1.0,0.15,1.0,1.0,8.5e-05,7.3e-05,1.1e-05,0.001198,3.1e-05,0.000833,0.004197
bright,leetcode:96,hybrid_rrf_fas_regularized,qrels_flip,synthetic corruption: qrels-derived edges with flip_prob=0.15,20,51,0.134211,7,14,True,1,14,10.0,10,13.0,8.0,13,8,20,ndcg_at_k,13.0,13,0.431579,0.555556,1.0,1.0,0.15,1.0,1.0,8.5e-05,7.3e-05,1.1e-05,0.001198,3e-05,0.000833,0.004197
bright,leetcode:96,hybrid_rrf_balance_a05,qrels_flip,synthetic corruption: qrels-derived edges with flip_prob=0.15,20,51,0.134211,7,14,True,1,14,10.0,10,13.0,8.0,13,8,20,ndcg_at_k,13.0,13,0.431579,0.555556,1.0,1.0,0.15,1.0,1.0,8.5e-05,7.3e-05,1.1e-05,0.001198,2.2e-05,0.000833,0.004197
bright,leetcode:96,hybrid_rrf_copeland_a03,qrels_flip,synthetic corruption: qrels-derived edges with flip_prob=0.15,20,51,0.134211,7,14,True,1,14,10.0,10,13.0,8.0,13,8,20,ndcg_at_k,13.0,13,0.431579,0.555556,1.0,1.0,0.15,1.0,1.0,8.5e-05,7.3e-05,1.1e-05,0.001198,2e-05,0.000833,0.004197
bright,leetcode:96,hybrid_rrf_priority_topo_a03,qrels_flip,synthetic corruption: qrels-derived edges with flip_prob=0.15,20,51,0.134211,7,14,True,1,14,10.0,10,13.0,8.0,13,8,20,ndcg_at_k,10.0,10,-0.147368,0.388889,0.791502,0.571429,0.15,1.0,0.745098,8.5e-05,7.3e-05,1.1e-05,0.001198,4.4e-05,0.000833,0.004197
bright,theoremqa_questions:TheoremQA_xueguangma/present_value_2.json,score_sum,qrels_flip,synthetic corruption: qrels-derived edges with flip_prob=0.15,2,1,0.5,2,1,False,0,0,0,0,0.0,0.0,0,0,2,ndcg_at_k,0.0,0,1.0,1.0,1.0,1.0,0.5,1.0,1.0,2.5e-05,1.2e-05,8e-06,7.7e-05,4e-06,0.000129,0.000974
bright,theoremqa_questions:TheoremQA_xueguangma/present_value_2.json,borda,qrels_flip,synthetic corruption: qrels-derived edges with flip_prob=0.15,2,1,0.5,2,1,False,0,0,0,0,0.0,0.0,0,0,2,ndcg_at_k,0.0,0,1.0,1.0,1.0,1.0,0.5,1.0,1.0,2.5e-05,1.2e-05,8e-06,7.7e-05,4e-06,0.000129,0.000974
bright,theoremqa_questions:TheoremQA_xueguangma/present_value_2.json,pagerank,qrels_flip,synthetic corruption: qrels-derived edges with flip_prob=0.15,2,1,0.5,2,1,False,0,0,0,0,0.0,0.0,0,0,2,ndcg_at_k,0.0,0,1.0,1.0,1.0,1.0,0.5,1.0,1.0,2.5e-05,1.2e-05,8e-06,7.7e-05,0.000599,0.000129,0.000974
bright,theoremqa_questions:TheoremQA_xueguangma/present_value_2.json,greedy_fas_topological,qrels_flip,synthetic corruption: qrels-derived edges with flip_prob=0.15,2,1,0.5,2,1,False,0,0,0,0,0.0,0.0,0,0,2,ndcg_at_k,0.0,0,1.0,1.0,1.0,1.0,0.5,1.0,1.0,2.5e-05,1.2e-05,8e-06,7.7e-05,1.5e-05,0.000129,0.000974
bright,theoremqa_questions:TheoremQA_xueguangma/present_value_2.json,greedy_fas_weighted_balance,qrels_flip,synthetic corruption: qrels-derived edges with flip_prob=0.15,2,1,0.5,2,1,False,0,0,0,0,0.0,0.0,0,0,2,ndcg_at_k,0.0,0,1.0,1.0,1.0,1.0,0.5,1.0,1.0,2.5e-05,1.2e-05,8e-06,7.7e-05,6e-06,0.000129,0.000974
bright,theoremqa_questions:TheoremQA_xueguangma/present_value_2.json,greedy_fas_copeland,qrels_flip,synthetic corruption: qrels-derived edges with flip_prob=0.15,2,1,0.5,2,1,False,0,0,0,0,0.0,0.0,0,0,2,ndcg_at_k,0.0,0,1.0,1.0,1.0,1.0,0.5,1.0,1.0,2.5e-05,1.2e-05,8e-06,7.7e-05,6e-06,0.000129,0.000974
bright,theoremqa_questions:TheoremQA_xueguangma/present_value_2.json,greedy_fas_score_augmented_topological,qrels_flip,synthetic corruption: qrels-derived edges with flip_prob=0.15,2,1,0.5,2,1,False,0,0,0,0,0.0,0.0,0,0,2,ndcg_at_k,0.0,0,1.0,1.0,1.0,1.0,0.5,1.0,1.0,2.5e-05,1.2e-05,8e-06,7.7e-05,5e-06,0.000129,0.000974
bright,theoremqa_questions:TheoremQA_xueguangma/present_value_2.json,fas_balance_score_prior_alpha_beta,qrels_flip,synthetic corruption: qrels-derived edges with flip_prob=0.15,2,1,0.5,2,1,False,0,0,0,0,0.0,0.0,0,0,2,ndcg_at_k,0.0,0,1.0,1.0,1.0,1.0,0.5,1.0,1.0,2.5e-05,1.2e-05,8e-06,7.7e-05,9e-06,0.000129,0.000974
bright,theoremqa_questions:TheoremQA_xueguangma/present_value_2.json,hybrid_rrf_fas_regularized,qrels_flip,synthetic corruption: qrels-derived edges with flip_prob=0.15,2,1,0.5,2,1,False,0,0,0,0,0.0,0.0,0,0,2,ndcg_at_k,0.0,0,1.0,1.0,1.0,1.0,0.5,1.0,1.0,2.5e-05,1.2e-05,8e-06,7.7e-05,7e-06,0.000129,0.000974
bright,theoremqa_questions:TheoremQA_xueguangma/present_value_2.json,hybrid_rrf_balance_a05,qrels_flip,synthetic corruption: qrels-derived edges with flip_prob=0.15,2,1,0.5,2,1,False,0,0,0,0,0.0,0.0,0,0,2,ndcg_at_k,0.0,0,1.0,1.0,1.0,1.0,0.5,1.0,1.0,2.5e-05,1.2e-05,8e-06,7.7e-05,5.3e-05,0.000129,0.000974
bright,theoremqa_questions:TheoremQA_xueguangma/present_value_2.json,hybrid_rrf_copeland_a03,qrels_flip,synthetic corruption: qrels-derived edges with flip_prob=0.15,2,1,0.5,2,1,False,0,0,0,0,0.0,0.0,0,0,2,ndcg_at_k,0.0,0,1.0,1.0,1.0,1.0,0.5,1.0,1.0,2.5e-05,1.2e-05,8e-06,7.7e-05,6e-06,0.000129,0.000974
bright,theoremqa_questions:TheoremQA_xueguangma/present_value_2.json,hybrid_rrf_priority_topo_a03,qrels_flip,synthetic corruption: qrels-derived edges with flip_prob=0.15,2,1,0.5,2,1,False,0,0,0,0,0.0,0.0,0,0,2,ndcg_at_k,0.0,0,1.0,1.0,1.0,1.0,0.5,1.0,1.0,2.5e-05,1.2e-05,8e-06,7.7e-05,9e-06,0.000129,0.000974
bright,aops:math_test_counting_and_probability_838,score_sum,qrels_flip,synthetic corruption: qrels-derived edges with flip_prob=0.15,20,64,0.168421,13,8,True,1,8,5.0,5,5.0,3.0,5,3,20,ndcg_at_k,5.0,5,0.694737,-0.666667,1.0,1.0,0.2,1.0,1.0,0.000782,7.4e-05,1.4e-05,0.000893,2e-05,0.000856,0.004307
bright,aops:math_test_counting_and_probability_838,borda,qrels_flip,synthetic corruption: qrels-derived edges with flip_prob=0.15,20,64,0.168421,13,8,True,1,8,5.0,5,5.0,3.0,5,3,20,ndcg_at_k,5.0,5,0.694737,-0.666667,1.0,1.0,0.2,1.0,1.0,0.000782,7.4e-05,1.4e-05,0.000893,1.2e-05,0.000856,0.004307
bright,aops:math_test_counting_and_probability_838,pagerank,qrels_flip,synthetic corruption: qrels-derived edges with flip_prob=0.15,20,64,0.168421,13,8,True,1,8,5.0,5,5.0,3.0,5,3,20,ndcg_at_k,5.0,5,0.305263,-0.333333,1.0,1.0,0.2,1.0,1.0,0.000782,7.4e-05,1.4e-05,0.000893,0.001377,0.000856,0.004307
bright,aops:math_test_counting_and_probability_838,greedy_fas_topological,qrels_flip,synthetic corruption: qrels-derived edges with flip_prob=0.15,20,64,0.168421,13,8,True,1,8,5.0,5,5.0,3.0,5,3,20,ndcg_at_k,4.0,4,0.294737,-0.666667,0.905218,0.761111,0.2,1.0,0.890625,0.000782,7.4e-05,1.4e-05,0.000893,4.6e-05,0.000856,0.004307
bright,aops:math_test_counting_and_probability_838,greedy_fas_weighted_balance,qrels_flip,synthetic corruption: qrels-derived edges with flip_prob=0.15,20,64,0.168421,13,8,True,1,8,5.0,5,5.0,3.0,5,3,20,ndcg_at_k,5.0,5,0.673684,-0.666667,1.0,1.0,0.2,1.0,1.0,0.000782,7.4e-05,1.4e-05,0.000893,2.5e-05,0.000856,0.004307
bright,aops:math_test_counting_and_probability_838,greedy_fas_copeland,qrels_flip,synthetic corruption: qrels-derived edges with flip_prob=0.15,20,64,0.168421,13,8,True,1,8,5.0,5,5.0,3.0,5,3,20,ndcg_at_k,5.0,5,0.673684,-0.666667,1.0,1.0,0.2,1.0,1.0,0.000782,7.4e-05,1.4e-05,0.000893,1.8e-05,0.000856,0.004307
bright,aops:math_test_counting_and_probability_838,greedy_fas_score_augmented_topological,qrels_flip,synthetic corruption: qrels-derived edges with flip_prob=0.15,20,64,0.168421,13,8,True,1,8,5.0,5,5.0,3.0,5,3,20,ndcg_at_k,5.0,5,-0.031579,-0.666667,0.922326,0.798611,0.2,1.0,0.90625,0.000782,7.4e-05,1.4e-05,0.000893,3.1e-05,0.000856,0.004307
bright,aops:math_test_counting_and_probability_838,fas_balance_score_prior_alpha_beta,qrels_flip,synthetic corruption: qrels-derived edges with flip_prob=0.15,20,64,0.168421,13,8,True,1,8,5.0,5,5.0,3.0,5,3,20,ndcg_at_k,5.0,5,0.673684,-0.666667,1.0,1.0,0.2,1.0,1.0,0.000782,7.4e-05,1.4e-05,0.000893,3.5e-05,0.000856,0.004307
bright,aops:math_test_counting_and_probability_838,hybrid_rrf_fas_regularized,qrels_flip,synthetic corruption: qrels-derived edges with flip_prob=0.15,20,64,0.168421,13,8,True,1,8,5.0,5,5.0,3.0,5,3,20,ndcg_at_k,5.0,5,0.673684,-0.666667,1.0,1.0,0.2,1.0,1.0,0.000782,7.4e-05,1.4e-05,0.000893,2.9e-05,0.000856,0.004307
bright,aops:math_test_counting_and_probability_838,hybrid_rrf_balance_a05,qrels_flip,synthetic corruption: qrels-derived edges with flip_prob=0.15,20,64,0.168421,13,8,True,1,8,5.0,5,5.0,3.0,5,3,20,ndcg_at_k,5.0,5,0.673684,-0.666667,1.0,1.0,0.2,1.0,1.0,0.000782,7.4e-05,1.4e-05,0.000893,2.4e-05,0.000856,0.004307
bright,aops:math_test_counting_and_probability_838,hybrid_rrf_copeland_a03,qrels_flip,synthetic corruption: qrels-derived edges with flip_prob=0.15,20,64,0.168421,13,8,True,1,8,5.0,5,5.0,3.0,5,3,20,ndcg_at_k,5.0,5,0.673684,-0.666667,1.0,1.0,0.2,1.0,1.0,0.000782,7.4e-05,1.4e-05,0.000893,2.1e-05,0.000856,0.004307
bright,aops:math_test_counting_and_probability_838,hybrid_rrf_priority_topo_a03,qrels_flip,synthetic corruption: qrels-derived edges with flip_prob=0.15,20,64,0.168421,13,8,True,1,8,5.0,5,5.0,3.0,5,3,20,ndcg_at_k,5.0,5,-0.031579,-0.666667,0.922326,0.798611,0.2,1.0,0.90625,0.000782,7.4e-05,1.4e-05,0.000893,5e-05,0.000856,0.004307
bright,aops:math_train_number_theory_7066,score_sum,qrels_flip,synthetic corruption: qrels-derived edges with flip_prob=0.15,20,64,0.168421,12,9,True,1,9,5.0,5,6.0,2.0,6,2,20,ndcg_at_k,6.0,6,0.726316,0.0,1.0,1.0,0.2,1.0,1.0,0.000779,0.000196,1.1e-05,0.000808,1.9e-05,0.000846,0.004616
bright,aops:math_train_number_theory_7066,borda,qrels_flip,synthetic corruption: qrels-derived edges with flip_prob=0.15,20,64,0.168421,12,9,True,1,9,5.0,5,6.0,2.0,6,2,20,ndcg_at_k,6.0,6,0.726316,0.0,1.0,1.0,0.2,1.0,1.0,0.000779,0.000196,1.1e-05,0.000808,1.2e-05,0.000846,0.004616
bright,aops:math_train_number_theory_7066,pagerank,qrels_flip,synthetic corruption: qrels-derived edges with flip_prob=0.15,20,64,0.168421,12,9,True,1,9,5.0,5,6.0,2.0,6,2,20,ndcg_at_k,8.0,8,0.326316,-0.333333,0.731568,0.608333,0.2,1.0,0.90625,0.000779,0.000196,1.1e-05,0.000808,0.001667,0.000846,0.004616
bright,aops:math_train_number_theory_7066,greedy_fas_topological,qrels_flip,synthetic corruption: qrels-derived edges with flip_prob=0.15,20,64,0.168421,12,9,True,1,9,5.0,5,6.0,2.0,6,2,20,ndcg_at_k,4.0,4,0.378947,-0.666667,0.95583,0.8875,0.2,1.0,0.96875,0.000779,0.000196,1.1e-05,0.000808,4.4e-05,0.000846,0.004616
bright,aops:math_train_number_theory_7066,greedy_fas_weighted_balance,qrels_flip,synthetic corruption: qrels-derived edges with flip_prob=0.15,20,64,0.168421,12,9,True,1,9,5.0,5,6.0,2.0,6,2,20,ndcg_at_k,6.0,6,0.715789,-0.333333,1.0,1.0,0.2,1.0,1.0,0.000779,0.000196,1.1e-05,0.000808,2.5e-05,0.000846,0.004616
bright,aops:math_train_number_theory_7066,greedy_fas_copeland,qrels_flip,synthetic corruption: qrels-derived edges with flip_prob=0.15,20,64,0.168421,12,9,True,1,9,5.0,5,6.0,2.0,6,2,20,ndcg_at_k,6.0,6,0.715789,-0.333333,1.0,1.0,0.2,1.0,1.0,0.000779,0.000196,1.1e-05,0.000808,1.8e-05,0.000846,0.004616
bright,aops:math_train_number_theory_7066,greedy_fas_score_augmented_topological,qrels_flip,synthetic corruption: qrels-derived edges with flip_prob=0.15,20,64,0.168421,12,9,True,1,9,5.0,5,6.0,2.0,6,2,20,ndcg_at_k,4.0,4,0.052632,-0.333333,0.95583,0.8875,0.2,1.0,0.96875,0.000779,0.000196,1.1e-05,0.000808,3.4e-05,0.000846,0.004616
bright,aops:math_train_number_theory_7066,fas_balance_score_prior_alpha_beta,qrels_flip,synthetic corruption: qrels-derived edges with flip_prob=0.15,20,64,0.168421,12,9,True,1,9,5.0,5,6.0,2.0,6,2,20,ndcg_at_k,6.0,6,0.715789,-0.333333,1.0,1.0,0.2,1.0,1.0,0.000779,0.000196,1.1e-05,0.000808,3.4e-05,0.000846,0.004616
bright,aops:math_train_number_theory_7066,hybrid_rrf_fas_regularized,qrels_flip,synthetic corruption: qrels-derived edges with flip_prob=0.15,20,64,0.168421,12,9,True,1,9,5.0,5,6.0,2.0,6,2,20,ndcg_at_k,6.0,6,0.726316,0.0,1.0,1.0,0.2,1.0,1.0,0.000779,0.000196,1.1e-05,0.000808,2.8e-05,0.000846,0.004616
bright,aops:math_train_number_theory_7066,hybrid_rrf_balance_a05,qrels_flip,synthetic corruption: qrels-derived edges with flip_prob=0.15,20,64,0.168421,12,9,True,1,9,5.0,5,6.0,2.0,6,2,20,ndcg_at_k,6.0,6,0.726316,0.0,1.0,1.0,0.2,1.0,1.0,0.000779,0.000196,1.1e-05,0.000808,2.4e-05,0.000846,0.004616
bright,aops:math_train_number_theory_7066,hybrid_rrf_copeland_a03,qrels_flip,synthetic corruption: qrels-derived edges with flip_prob=0.15,20,64,0.168421,12,9,True,1,9,5.0,5,6.0,2.0,6,2,20,ndcg_at_k,6.0,6,0.726316,0.0,1.0,1.0,0.2,1.0,1.0,0.000779,0.000196,1.1e-05,0.000808,2e-05,0.000846,0.004616
bright,aops:math_train_number_theory_7066,hybrid_rrf_priority_topo_a03,qrels_flip,synthetic corruption: qrels-derived edges with flip_prob=0.15,20,64,0.168421,12,9,True,1,9,5.0,5,6.0,2.0,6,2,20,ndcg_at_k,4.0,4,0.084211,-0.333333,0.95583,0.8875,0.2,1.0,0.96875,0.000779,0.000196,1.1e-05,0.000808,5.1e-05,0.000846,0.004616
bright,leetcode:118,score_sum,qrels_flip,synthetic corruption: qrels-derived edges with flip_prob=0.15,20,19,0.05,20,1,False,0,0,0,0,2.0,2.0,2,2,20,ndcg_at_k,2.0,2,0.810526,0.333333,1.0,1.0,0.05,1.0,1.0,7.4e-05,3.6e-05,1.6e-05,0.000309,1.4e-05,0.00068,0.002719
bright,leetcode:118,borda,qrels_flip,synthetic corruption: qrels-derived edges with flip_prob=0.15,20,19,0.05,20,1,False,0,0,0,0,2.0,2.0,2,2,20,ndcg_at_k,2.0,2,0.810526,0.333333,1.0,1.0,0.05,1.0,1.0,7.4e-05,3.6e-05,1.6e-05,0.000309,1.2e-05,0.00068,0.002719
bright,leetcode:118,pagerank,qrels_flip,synthetic corruption: qrels-derived edges with flip_prob=0.15,20,19,0.05,20,1,False,0,0,0,0,2.0,2.0,2,2,20,ndcg_at_k,2.0,2,-0.052632,0.666667,1.0,1.0,0.05,1.0,1.0,7.4e-05,3.6e-05,1.6e-05,0.000309,0.001287,0.00068,0.002719
bright,leetcode:118,greedy_fas_topological,qrels_flip,synthetic corruption: qrels-derived edges with flip_prob=0.15,20,19,0.05,20,1,False,0,0,0,0,2.0,2.0,2,2,20,ndcg_at_k,0.0,0,-0.073684,0.666667,0.5,0.333333,0.05,1.0,0.894737,7.4e-05,3.6e-05,1.6e-05,0.000309,3.6e-05,0.00068,0.002719
bright,leetcode:118,greedy_fas_weighted_balance,qrels_flip,synthetic corruption: qrels-derived edges with flip_prob=0.15,20,19,0.05,20,1,False,0,0,0,0,2.0,2.0,2,2,20,ndcg_at_k,2.0,2,0.810526,0.333333,1.0,1.0,0.05,1.0,1.0,7.4e-05,3.6e-05,1.6e-05,0.000309,6.3e-05,0.00068,0.002719
bright,leetcode:118,greedy_fas_copeland,qrels_flip,synthetic corruption: qrels-derived edges with flip_prob=0.15,20,19,0.05,20,1,False,0,0,0,0,2.0,2.0,2,2,20,ndcg_at_k,2.0,2,0.810526,0.333333,1.0,1.0,0.05,1.0,1.0,7.4e-05,3.6e-05,1.6e-05,0.000309,1.8e-05,0.00068,0.002719
bright,leetcode:118,greedy_fas_score_augmented_topological,qrels_flip,synthetic corruption: qrels-derived edges with flip_prob=0.15,20,19,0.05,20,1,False,0,0,0,0,2.0,2.0,2,2,20,ndcg_at_k,0.0,0,-0.652632,0.666667,0.5,0.333333,0.05,1.0,0.894737,7.4e-05,3.6e-05,1.6e-05,0.000309,3.4e-05,0.00068,0.002719
bright,leetcode:118,fas_balance_score_prior_alpha_beta,qrels_flip,synthetic corruption: qrels-derived edges with flip_prob=0.15,20,19,0.05,20,1,False,0,0,0,0,2.0,2.0,2,2,20,ndcg_at_k,2.0,2,0.810526,0.333333,1.0,1.0,0.05,1.0,1.0,7.4e-05,3.6e-05,1.6e-05,0.000309,2.8e-05,0.00068,0.002719
bright,leetcode:118,hybrid_rrf_fas_regularized,qrels_flip,synthetic corruption: qrels-derived edges with flip_prob=0.15,20,19,0.05,20,1,False,0,0,0,0,2.0,2.0,2,2,20,ndcg_at_k,2.0,2,0.810526,0.333333,1.0,1.0,0.05,1.0,1.0,7.4e-05,3.6e-05,1.6e-05,0.000309,2.3e-05,0.00068,0.002719
bright,leetcode:118,hybrid_rrf_balance_a05,qrels_flip,synthetic corruption: qrels-derived edges with flip_prob=0.15,20,19,0.05,20,1,False,0,0,0,0,2.0,2.0,2,2,20,ndcg_at_k,2.0,2,0.810526,0.333333,1.0,1.0,0.05,1.0,1.0,7.4e-05,3.6e-05,1.6e-05,0.000309,1.8e-05,0.00068,0.002719
bright,leetcode:118,hybrid_rrf_copeland_a03,qrels_flip,synthetic corruption: qrels-derived edges with flip_prob=0.15,20,19,0.05,20,1,False,0,0,0,0,2.0,2.0,2,2,20,ndcg_at_k,2.0,2,0.810526,0.333333,1.0,1.0,0.05,1.0,1.0,7.4e-05,3.6e-05,1.6e-05,0.000309,2e-05,0.00068,0.002719
bright,leetcode:118,hybrid_rrf_priority_topo_a03,qrels_flip,synthetic corruption: qrels-derived edges with flip_prob=0.15,20,19,0.05,20,1,False,0,0,0,0,2.0,2.0,2,2,20,ndcg_at_k,0.0,0,-0.652632,0.666667,0.5,0.333333,0.05,1.0,0.894737,7.4e-05,3.6e-05,1.6e-05,0.000309,5.1e-05,0.00068,0.002719
bright,theoremqa_questions:TheoremQA_jianyu_xu/Binomial_5.json,score_sum,qrels_flip,synthetic corruption: qrels-derived edges with flip_prob=0.15,20,91,0.239474,3,18,True,1,18,17.0,17,15.0,5.0,15,5,20,ndcg_at_k,15.0,15,0.8,-0.619048,1.0,1.0,0.35,1.0,1.0,0.001176,0.000107,1.2e-05,0.001684,2.4e-05,0.000933,0.00613
bright,theoremqa_questions:TheoremQA_jianyu_xu/Binomial_5.json,borda,qrels_flip,synthetic corruption: qrels-derived edges with flip_prob=0.15,20,91,0.239474,3,18,True,1,18,17.0,17,15.0,5.0,15,5,20,ndcg_at_k,15.0,15,0.8,-0.619048,1.0,1.0,0.35,1.0,1.0,0.001176,0.000107,1.2e-05,0.001684,1.4e-05,0.000933,0.00613
bright,theoremqa_questions:TheoremQA_jianyu_xu/Binomial_5.json,pagerank,qrels_flip,synthetic corruption: qrels-derived edges with flip_prob=0.15,20,91,0.239474,3,18,True,1,18,17.0,17,15.0,5.0,15,5,20,ndcg_at_k,19.0,19,0.463158,-0.238095,0.721156,0.620295,0.35,1.0,0.846154,0.001176,0.000107,1.2e-05,0.001684,0.001865,0.000933,0.00613
bright,theoremqa_questions:TheoremQA_jianyu_xu/Binomial_5.json,greedy_fas_topological,qrels_flip,synthetic corruption: qrels-derived edges with flip_prob=0.15,20,91,0.239474,3,18,True,1,18,17.0,17,15.0,5.0,15,5,20,ndcg_at_k,15.0,15,0.452632,-0.142857,0.957916,0.865079,0.35,1.0,0.846154,0.001176,0.000107,1.2e-05,0.001684,5e-05,0.000933,0.00613
bright,theoremqa_questions:TheoremQA_jianyu_xu/Binomial_5.json,greedy_fas_weighted_balance,qrels_flip,synthetic corruption: qrels-derived edges with flip_prob=0.15,20,91,0.239474,3,18,True,1,18,17.0,17,15.0,5.0,15,5,20,ndcg_at_k,15.0,15,0.747368,-0.619048,1.0,1.0,0.35,1.0,1.0,0.001176,0.000107,1.2e-05,0.001684,3e-05,0.000933,0.00613
bright,theoremqa_questions:TheoremQA_jianyu_xu/Binomial_5.json,greedy_fas_copeland,qrels_flip,synthetic corruption: qrels-derived edges with flip_prob=0.15,20,91,0.239474,3,18,True,1,18,17.0,17,15.0,5.0,15,5,20,ndcg_at_k,15.0,15,0.747368,-0.619048,1.0,1.0,0.35,1.0,1.0,0.001176,0.000107,1.2e-05,0.001684,1.8e-05,0.000933,0.00613
bright,theoremqa_questions:TheoremQA_jianyu_xu/Binomial_5.json,greedy_fas_score_augmented_topological,qrels_flip,synthetic corruption: qrels-derived edges with flip_prob=0.15,20,91,0.239474,3,18,True,1,18,17.0,17,15.0,5.0,15,5,20,ndcg_at_k,16.0,16,0.347368,-0.333333,0.968006,0.895558,0.35,1.0,0.879121,0.001176,0.000107,1.2e-05,0.001684,3.2e-05,0.000933,0.00613
bright,theoremqa_questions:TheoremQA_jianyu_xu/Binomial_5.json,fas_balance_score_prior_alpha_beta,qrels_flip,synthetic corruption: qrels-derived edges with flip_prob=0.15,20,91,0.239474,3,18,True,1,18,17.0,17,15.0,5.0,15,5,20,ndcg_at_k,15.0,15,0.747368,-0.619048,1.0,1.0,0.35,1.0,1.0,0.001176,0.000107,1.2e-05,0.001684,4.3e-05,0.000933,0.00613
bright,theoremqa_questions:TheoremQA_jianyu_xu/Binomial_5.json,hybrid_rrf_fas_regularized,qrels_flip,synthetic corruption: qrels-derived edges with flip_prob=0.15,20,91,0.239474,3,18,True,1,18,17.0,17,15.0,5.0,15,5,20,ndcg_at_k,15.0,15,0.747368,-0.619048,1.0,1.0,0.35,1.0,1.0,0.001176,0.000107,1.2e-05,0.001684,3.1e-05,0.000933,0.00613
bright,theoremqa_questions:TheoremQA_jianyu_xu/Binomial_5.json,hybrid_rrf_balance_a05,qrels_flip,synthetic corruption: qrels-derived edges with flip_prob=0.15,20,91,0.239474,3,18,True,1,18,17.0,17,15.0,5.0,15,5,20,ndcg_at_k,15.0,15,0.747368,-0.619048,1.0,1.0,0.35,1.0,1.0,0.001176,0.000107,1.2e-05,0.001684,2.6e-05,0.000933,0.00613
bright,theoremqa_questions:TheoremQA_jianyu_xu/Binomial_5.json,hybrid_rrf_copeland_a03,qrels_flip,synthetic corruption: qrels-derived edges with flip_prob=0.15,20,91,0.239474,3,18,True,1,18,17.0,17,15.0,5.0,15,5,20,ndcg_at_k,15.0,15,0.747368,-0.619048,1.0,1.0,0.35,1.0,1.0,0.001176,0.000107,1.2e-05,0.001684,2.1e-05,0.000933,0.00613
bright,theoremqa_questions:TheoremQA_jianyu_xu/Binomial_5.json,hybrid_rrf_priority_topo_a03,qrels_flip,synthetic corruption: qrels-derived edges with flip_prob=0.15,20,91,0.239474,3,18,True,1,18,17.0,17,15.0,5.0,15,5,20,ndcg_at_k,16.0,16,0.347368,-0.333333,0.968006,0.895558,0.35,1.0,0.879121,0.001176,0.000107,1.2e-05,0.001684,6.4e-05,0.000933,0.00613
bright,leetcode:82,score_sum,qrels_flip,synthetic corruption: qrels-derived edges with flip_prob=0.15,18,17,0.055556,18,1,False,0,0,0,0,2.0,2.0,2,2,18,ndcg_at_k,2.0,2,0.973856,0.24183,1.0,1.0,0.055556,1.0,1.0,5.1e-05,4.3e-05,1.6e-05,0.000242,1.3e-05,0.000753,0.002608
bright,leetcode:82,borda,qrels_flip,synthetic corruption: qrels-derived edges with flip_prob=0.15,18,17,0.055556,18,1,False,0,0,0,0,2.0,2.0,2,2,18,ndcg_at_k,2.0,2,0.973856,0.24183,1.0,1.0,0.055556,1.0,1.0,5.1e-05,4.3e-05,1.6e-05,0.000242,1.1e-05,0.000753,0.002608
bright,leetcode:82,pagerank,qrels_flip,synthetic corruption: qrels-derived edges with flip_prob=0.15,18,17,0.055556,18,1,False,0,0,0,0,2.0,2.0,2,2,18,ndcg_at_k,2.0,2,0.098039,0.202614,1.0,1.0,0.055556,1.0,1.0,5.1e-05,4.3e-05,1.6e-05,0.000242,0.001256,0.000753,0.002608
bright,leetcode:82,greedy_fas_topological,qrels_flip,synthetic corruption: qrels-derived edges with flip_prob=0.15,18,17,0.055556,18,1,False,0,0,0,0,2.0,2.0,2,2,18,ndcg_at_k,0.0,0,0.071895,0.176471,0.5,0.333333,0.055556,1.0,0.882353,5.1e-05,4.3e-05,1.6e-05,0.000242,3.3e-05,0.000753,0.002608
bright,leetcode:82,greedy_fas_weighted_balance,qrels_flip,synthetic corruption: qrels-derived edges with flip_prob=0.15,18,17,0.055556,18,1,False,0,0,0,0,2.0,2.0,2,2,18,ndcg_at_k,2.0,2,0.973856,0.24183,1.0,1.0,0.055556,1.0,1.0,5.1e-05,4.3e-05,1.6e-05,0.000242,1.5e-05,0.000753,0.002608
bright,leetcode:82,greedy_fas_copeland,qrels_flip,synthetic corruption: qrels-derived edges with flip_prob=0.15,18,17,0.055556,18,1,False,0,0,0,0,2.0,2.0,2,2,18,ndcg_at_k,2.0,2,0.973856,0.24183,1.0,1.0,0.055556,1.0,1.0,5.1e-05,4.3e-05,1.6e-05,0.000242,1.6e-05,0.000753,0.002608
bright,leetcode:82,greedy_fas_score_augmented_topological,qrels_flip,synthetic corruption: qrels-derived edges with flip_prob=0.15,18,17,0.055556,18,1,False,0,0,0,0,2.0,2.0,2,2,18,ndcg_at_k,0.0,0,-0.437908,0.03268,0.5,0.333333,0.055556,1.0,0.882353,5.1e-05,4.3e-05,1.6e-05,0.000242,2.9e-05,0.000753,0.002608
bright,leetcode:82,fas_balance_score_prior_alpha_beta,qrels_flip,synthetic corruption: qrels-derived edges with flip_prob=0.15,18,17,0.055556,18,1,False,0,0,0,0,2.0,2.0,2,2,18,ndcg_at_k,2.0,2,0.973856,0.24183,1.0,1.0,0.055556,1.0,1.0,5.1e-05,4.3e-05,1.6e-05,0.000242,2.6e-05,0.000753,0.002608
bright,leetcode:82,hybrid_rrf_fas_regularized,qrels_flip,synthetic corruption: qrels-derived edges with flip_prob=0.15,18,17,0.055556,18,1,False,0,0,0,0,2.0,2.0,2,2,18,ndcg_at_k,2.0,2,0.973856,0.24183,1.0,1.0,0.055556,1.0,1.0,5.1e-05,4.3e-05,1.6e-05,0.000242,1.9e-05,0.000753,0.002608
bright,leetcode:82,hybrid_rrf_balance_a05,qrels_flip,synthetic corruption: qrels-derived edges with flip_prob=0.15,18,17,0.055556,18,1,False,0,0,0,0,2.0,2.0,2,2,18,ndcg_at_k,2.0,2,0.973856,0.24183,1.0,1.0,0.055556,1.0,1.0,5.1e-05,4.3e-05,1.6e-05,0.000242,1.6e-05,0.000753,0.002608
bright,leetcode:82,hybrid_rrf_copeland_a03,qrels_flip,synthetic corruption: qrels-derived edges with flip_prob=0.15,18,17,0.055556,18,1,False,0,0,0,0,2.0,2.0,2,2,18,ndcg_at_k,2.0,2,0.973856,0.24183,1.0,1.0,0.055556,1.0,1.0,5.1e-05,4.3e-05,1.6e-05,0.000242,2.4e-05,0.000753,0.002608
bright,leetcode:82,hybrid_rrf_priority_topo_a03,qrels_flip,synthetic corruption: qrels-derived edges with flip_prob=0.15,18,17,0.055556,18,1,False,0,0,0,0,2.0,2.0,2,2,18,ndcg_at_k,0.0,0,-0.437908,0.03268,0.5,0.333333,0.055556,1.0,0.882353,5.1e-05,4.3e-05,1.6e-05,0.000242,4.5e-05,0.000753,0.002608
bright,aops:aops_2022_AMC_10B_Problems/Problem_9,score_sum,qrels_flip,synthetic corruption: qrels-derived edges with flip_prob=0.15,20,51,0.134211,15,6,True,1,6,2.0,2,10.0,10.0,10,10,20,ndcg_at_k,10.0,10,0.578947,-1.0,1.0,1.0,0.15,1.0,1.0,0.002328,9.6e-05,1.8e-05,0.001016,2.1e-05,0.000766,0.005792
bright,aops:aops_2022_AMC_10B_Problems/Problem_9,borda,qrels_flip,synthetic corruption: qrels-derived edges with flip_prob=0.15,20,51,0.134211,15,6,True,1,6,2.0,2,10.0,10.0,10,10,20,ndcg_at_k,10.0,10,0.578947,-1.0,1.0,1.0,0.15,1.0,1.0,0.002328,9.6e-05,1.8e-05,0.001016,1.4e-05,0.000766,0.005792
bright,aops:aops_2022_AMC_10B_Problems/Problem_9,pagerank,qrels_flip,synthetic corruption: qrels-derived edges with flip_prob=0.15,20,51,0.134211,15,6,True,1,6,2.0,2,10.0,10.0,10,10,20,ndcg_at_k,10.0,10,0.326316,-0.333333,1.0,1.0,0.15,1.0,1.0,0.002328,9.6e-05,1.8e-05,0.001016,0.001248,0.000766,0.005792
bright,aops:aops_2022_AMC_10B_Problems/Problem_9,greedy_fas_topological,qrels_flip,synthetic corruption: qrels-derived edges with flip_prob=0.15,20,51,0.134211,15,6,True,1,6,2.0,2,10.0,10.0,10,10,20,ndcg_at_k,2.0,2,0.168421,-1.0,0.761357,0.528571,0.15,1.0,0.764706,0.002328,9.6e-05,1.8e-05,0.001016,4.3e-05,0.000766,0.005792
bright,aops:aops_2022_AMC_10B_Problems/Problem_9,greedy_fas_weighted_balance,qrels_flip,synthetic corruption: qrels-derived edges with flip_prob=0.15,20,51,0.134211,15,6,True,1,6,2.0,2,10.0,10.0,10,10,20,ndcg_at_k,10.0,10,0.557895,-1.0,1.0,1.0,0.15,1.0,1.0,0.002328,9.6e-05,1.8e-05,0.001016,2.1e-05,0.000766,0.005792
bright,aops:aops_2022_AMC_10B_Problems/Problem_9,greedy_fas_copeland,qrels_flip,synthetic corruption: qrels-derived edges with flip_prob=0.15,20,51,0.134211,15,6,True,1,6,2.0,2,10.0,10.0,10,10,20,ndcg_at_k,10.0,10,0.557895,-1.0,1.0,1.0,0.15,1.0,1.0,0.002328,9.6e-05,1.8e-05,0.001016,1.9e-05,0.000766,0.005792
bright,aops:aops_2022_AMC_10B_Problems/Problem_9,greedy_fas_score_augmented_topological,qrels_flip,synthetic corruption: qrels-derived edges with flip_prob=0.15,20,51,0.134211,15,6,True,1,6,2.0,2,10.0,10.0,10,10,20,ndcg_at_k,2.0,2,-0.094737,-1.0,0.761357,0.528571,0.15,1.0,0.764706,0.002328,9.6e-05,1.8e-05,0.001016,3e-05,0.000766,0.005792
bright,aops:aops_2022_AMC_10B_Problems/Problem_9,fas_balance_score_prior_alpha_beta,qrels_flip,synthetic corruption: qrels-derived edges with flip_prob=0.15,20,51,0.134211,15,6,True,1,6,2.0,2,10.0,10.0,10,10,20,ndcg_at_k,10.0,10,0.557895,-1.0,1.0,1.0,0.15,1.0,1.0,0.002328,9.6e-05,1.8e-05,0.001016,3.2e-05,0.000766,0.005792
bright,aops:aops_2022_AMC_10B_Problems/Problem_9,hybrid_rrf_fas_regularized,qrels_flip,synthetic corruption: qrels-derived edges with flip_prob=0.15,20,51,0.134211,15,6,True,1,6,2.0,2,10.0,10.0,10,10,20,ndcg_at_k,10.0,10,0.557895,-1.0,1.0,1.0,0.15,1.0,1.0,0.002328,9.6e-05,1.8e-05,0.001016,2.7e-05,0.000766,0.005792
bright,aops:aops_2022_AMC_10B_Problems/Problem_9,hybrid_rrf_balance_a05,qrels_flip,synthetic corruption: qrels-derived edges with flip_prob=0.15,20,51,0.134211,15,6,True,1,6,2.0,2,10.0,10.0,10,10,20,ndcg_at_k,10.0,10,0.557895,-1.0,1.0,1.0,0.15,1.0,1.0,0.002328,9.6e-05,1.8e-05,0.001016,4.6e-05,0.000766,0.005792
bright,aops:aops_2022_AMC_10B_Problems/Problem_9,hybrid_rrf_copeland_a03,qrels_flip,synthetic corruption: qrels-derived edges with flip_prob=0.15,20,51,0.134211,15,6,True,1,6,2.0,2,10.0,10.0,10,10,20,ndcg_at_k,10.0,10,0.557895,-1.0,1.0,1.0,0.15,1.0,1.0,0.002328,9.6e-05,1.8e-05,0.001016,2.1e-05,0.000766,0.005792
bright,aops:aops_2022_AMC_10B_Problems/Problem_9,hybrid_rrf_priority_topo_a03,qrels_flip,synthetic corruption: qrels-derived edges with flip_prob=0.15,20,51,0.134211,15,6,True,1,6,2.0,2,10.0,10.0,10,10,20,ndcg_at_k,2.0,2,-0.094737,-1.0,0.761357,0.528571,0.15,1.0,0.764706,0.002328,9.6e-05,1.8e-05,0.001016,4.6e-05,0.000766,0.005792
bright,theoremqa_questions:TheoremQA_jianyu_xu/Cayley_3.json,score_sum,qrels_flip,synthetic corruption: qrels-derived edges with flip_prob=0.15,20,19,0.05,20,1,False,0,0,0,0,3.0,3.0,3,3,20,ndcg_at_k,3.0,3,0.778947,,1.0,1.0,0.05,1.0,1.0,0.000829,5e-05,1.6e-05,0.000355,1.4e-05,0.000656,0.003348
bright,theoremqa_questions:TheoremQA_jianyu_xu/Cayley_3.json,borda,qrels_flip,synthetic corruption: qrels-derived edges with flip_prob=0.15,20,19,0.05,20,1,False,0,0,0,0,3.0,3.0,3,3,20,ndcg_at_k,3.0,3,0.778947,,1.0,1.0,0.05,1.0,1.0,0.000829,5e-05,1.6e-05,0.000355,1.2e-05,0.000656,0.003348
bright,theoremqa_questions:TheoremQA_jianyu_xu/Cayley_3.json,pagerank,qrels_flip,synthetic corruption: qrels-derived edges with flip_prob=0.15,20,19,0.05,20,1,False,0,0,0,0,3.0,3.0,3,3,20,ndcg_at_k,3.0,3,0.2,,1.0,1.0,0.05,1.0,1.0,0.000829,5e-05,1.6e-05,0.000355,0.001179,0.000656,0.003348
bright,theoremqa_questions:TheoremQA_jianyu_xu/Cayley_3.json,greedy_fas_topological,qrels_flip,synthetic corruption: qrels-derived edges with flip_prob=0.15,20,19,0.05,20,1,False,0,0,0,0,3.0,3.0,3,3,20,ndcg_at_k,0.0,0,0.168421,,0.430677,0.25,0.05,1.0,0.842105,0.000829,5e-05,1.6e-05,0.000355,3.6e-05,0.000656,0.003348
bright,theoremqa_questions:TheoremQA_jianyu_xu/Cayley_3.json,greedy_fas_weighted_balance,qrels_flip,synthetic corruption: qrels-derived edges with flip_prob=0.15,20,19,0.05,20,1,False,0,0,0,0,3.0,3.0,3,3,20,ndcg_at_k,3.0,3,0.778947,,1.0,1.0,0.05,1.0,1.0,0.000829,5e-05,1.6e-05,0.000355,1.6e-05,0.000656,0.003348
bright,theoremqa_questions:TheoremQA_jianyu_xu/Cayley_3.json,greedy_fas_copeland,qrels_flip,synthetic corruption: qrels-derived edges with flip_prob=0.15,20,19,0.05,20,1,False,0,0,0,0,3.0,3.0,3,3,20,ndcg_at_k,3.0,3,0.778947,,1.0,1.0,0.05,1.0,1.0,0.000829,5e-05,1.6e-05,0.000355,1.7e-05,0.000656,0.003348
bright,theoremqa_questions:TheoremQA_jianyu_xu/Cayley_3.json,greedy_fas_score_augmented_topological,qrels_flip,synthetic corruption: qrels-derived edges with flip_prob=0.15,20,19,0.05,20,1,False,0,0,0,0,3.0,3.0,3,3,20,ndcg_at_k,0.0,0,-0.547368,,0.430677,0.25,0.05,1.0,0.842105,0.000829,5e-05,1.6e-05,0.000355,3.1e-05,0.000656,0.003348
bright,theoremqa_questions:TheoremQA_jianyu_xu/Cayley_3.json,fas_balance_score_prior_alpha_beta,qrels_flip,synthetic corruption: qrels-derived edges with flip_prob=0.15,20,19,0.05,20,1,False,0,0,0,0,3.0,3.0,3,3,20,ndcg_at_k,3.0,3,0.778947,,1.0,1.0,0.05,1.0,1.0,0.000829,5e-05,1.6e-05,0.000355,2.7e-05,0.000656,0.003348
bright,theoremqa_questions:TheoremQA_jianyu_xu/Cayley_3.json,hybrid_rrf_fas_regularized,qrels_flip,synthetic corruption: qrels-derived edges with flip_prob=0.15,20,19,0.05,20,1,False,0,0,0,0,3.0,3.0,3,3,20,ndcg_at_k,3.0,3,0.778947,,1.0,1.0,0.05,1.0,1.0,0.000829,5e-05,1.6e-05,0.000355,2.2e-05,0.000656,0.003348
bright,theoremqa_questions:TheoremQA_jianyu_xu/Cayley_3.json,hybrid_rrf_balance_a05,qrels_flip,synthetic corruption: qrels-derived edges with flip_prob=0.15,20,19,0.05,20,1,False,0,0,0,0,3.0,3.0,3,3,20,ndcg_at_k,3.0,3,0.778947,,1.0,1.0,0.05,1.0,1.0,0.000829,5e-05,1.6e-05,0.000355,1.7e-05,0.000656,0.003348
bright,theoremqa_questions:TheoremQA_jianyu_xu/Cayley_3.json,hybrid_rrf_copeland_a03,qrels_flip,synthetic corruption: qrels-derived edges with flip_prob=0.15,20,19,0.05,20,1,False,0,0,0,0,3.0,3.0,3,3,20,ndcg_at_k,3.0,3,0.778947,,1.0,1.0,0.05,1.0,1.0,0.000829,5e-05,1.6e-05,0.000355,2e-05,0.000656,0.003348
bright,theoremqa_questions:TheoremQA_jianyu_xu/Cayley_3.json,hybrid_rrf_priority_topo_a03,qrels_flip,synthetic corruption: qrels-derived edges with flip_prob=0.15,20,19,0.05,20,1,False,0,0,0,0,3.0,3.0,3,3,20,ndcg_at_k,0.0,0,-0.547368,,0.430677,0.25,0.05,1.0,0.842105,0.000829,5e-05,1.6e-05,0.000355,5.1e-05,0.000656,0.003348
bright,theoremqa_questions:TheoremQA_wenhuchen/Poisson_process2.json,score_sum,qrels_flip,synthetic corruption: qrels-derived edges with flip_prob=0.15,20,19,0.05,20,1,False,0,0,0,0,3.0,3.0,3,3,20,ndcg_at_k,3.0,3,0.757895,,1.0,1.0,0.05,1.0,1.0,0.00106,5.2e-05,1.8e-05,0.000526,1.6e-05,0.000687,0.003754
bright,theoremqa_questions:TheoremQA_wenhuchen/Poisson_process2.json,borda,qrels_flip,synthetic corruption: qrels-derived edges with flip_prob=0.15,20,19,0.05,20,1,False,0,0,0,0,3.0,3.0,3,3,20,ndcg_at_k,3.0,3,0.757895,,1.0,1.0,0.05,1.0,1.0,0.00106,5.2e-05,1.8e-05,0.000526,1.3e-05,0.000687,0.003754
bright,theoremqa_questions:TheoremQA_wenhuchen/Poisson_process2.json,pagerank,qrels_flip,synthetic corruption: qrels-derived edges with flip_prob=0.15,20,19,0.05,20,1,False,0,0,0,0,3.0,3.0,3,3,20,ndcg_at_k,3.0,3,0.010526,,1.0,1.0,0.05,1.0,1.0,0.00106,5.2e-05,1.8e-05,0.000526,0.00113,0.000687,0.003754
bright,theoremqa_questions:TheoremQA_wenhuchen/Poisson_process2.json,greedy_fas_topological,qrels_flip,synthetic corruption: qrels-derived edges with flip_prob=0.15,20,19,0.05,20,1,False,0,0,0,0,3.0,3.0,3,3,20,ndcg_at_k,0.0,0,-0.021053,,0.430677,0.25,0.05,1.0,0.842105,0.00106,5.2e-05,1.8e-05,0.000526,3.9e-05,0.000687,0.003754
bright,theoremqa_questions:TheoremQA_wenhuchen/Poisson_process2.json,greedy_fas_weighted_balance,qrels_flip,synthetic corruption: qrels-derived edges with flip_prob=0.15,20,19,0.05,20,1,False,0,0,0,0,3.0,3.0,3,3,20,ndcg_at_k,3.0,3,0.757895,,1.0,1.0,0.05,1.0,1.0,0.00106,5.2e-05,1.8e-05,0.000526,1.8e-05,0.000687,0.003754
bright,theoremqa_questions:TheoremQA_wenhuchen/Poisson_process2.json,greedy_fas_copeland,qrels_flip,synthetic corruption: qrels-derived edges with flip_prob=0.15,20,19,0.05,20,1,False,0,0,0,0,3.0,3.0,3,3,20,ndcg_at_k,3.0,3,0.757895,,1.0,1.0,0.05,1.0,1.0,0.00106,5.2e-05,1.8e-05,0.000526,1.8e-05,0.000687,0.003754
bright,theoremqa_questions:TheoremQA_wenhuchen/Poisson_process2.json,greedy_fas_score_augmented_topological,qrels_flip,synthetic corruption: qrels-derived edges with flip_prob=0.15,20,19,0.05,20,1,False,0,0,0,0,3.0,3.0,3,3,20,ndcg_at_k,0.0,0,-0.568421,,0.430677,0.25,0.05,1.0,0.842105,0.00106,5.2e-05,1.8e-05,0.000526,4e-05,0.000687,0.003754
bright,theoremqa_questions:TheoremQA_wenhuchen/Poisson_process2.json,fas_balance_score_prior_alpha_beta,qrels_flip,synthetic corruption: qrels-derived edges with flip_prob=0.15,20,19,0.05,20,1,False,0,0,0,0,3.0,3.0,3,3,20,ndcg_at_k,3.0,3,0.757895,,1.0,1.0,0.05,1.0,1.0,0.00106,5.2e-05,1.8e-05,0.000526,2.8e-05,0.000687,0.003754
bright,theoremqa_questions:TheoremQA_wenhuchen/Poisson_process2.json,hybrid_rrf_fas_regularized,qrels_flip,synthetic corruption: qrels-derived edges with flip_prob=0.15,20,19,0.05,20,1,False,0,0,0,0,3.0,3.0,3,3,20,ndcg_at_k,3.0,3,0.757895,,1.0,1.0,0.05,1.0,1.0,0.00106,5.2e-05,1.8e-05,0.000526,2.3e-05,0.000687,0.003754
bright,theoremqa_questions:TheoremQA_wenhuchen/Poisson_process2.json,hybrid_rrf_balance_a05,qrels_flip,synthetic corruption: qrels-derived edges with flip_prob=0.15,20,19,0.05,20,1,False,0,0,0,0,3.0,3.0,3,3,20,ndcg_at_k,3.0,3,0.757895,,1.0,1.0,0.05,1.0,1.0,0.00106,5.2e-05,1.8e-05,0.000526,1.9e-05,0.000687,0.003754
bright,theoremqa_questions:TheoremQA_wenhuchen/Poisson_process2.json,hybrid_rrf_copeland_a03,qrels_flip,synthetic corruption: qrels-derived edges with flip_prob=0.15,20,19,0.05,20,1,False,0,0,0,0,3.0,3.0,3,3,20,ndcg_at_k,3.0,3,0.757895,,1.0,1.0,0.05,1.0,1.0,0.00106,5.2e-05,1.8e-05,0.000526,2.1e-05,0.000687,0.003754
bright,theoremqa_questions:TheoremQA_wenhuchen/Poisson_process2.json,hybrid_rrf_priority_topo_a03,qrels_flip,synthetic corruption: qrels-derived edges with flip_prob=0.15,20,19,0.05,20,1,False,0,0,0,0,3.0,3.0,3,3,20,ndcg_at_k,0.0,0,-0.568421,,0.430677,0.25,0.05,1.0,0.842105,0.00106,5.2e-05,1.8e-05,0.000526,4.6e-05,0.000687,0.003754
bright,theoremqa_questions:TheoremQA_wenhuchen/determinant1.json,score_sum,qrels_flip,synthetic corruption: qrels-derived edges with flip_prob=0.15,20,51,0.134211,12,9,True,1,9,9.0,9,6.0,2.0,6,2,20,ndcg_at_k,6.0,6,0.673684,0.333333,1.0,1.0,0.15,1.0,1.0,0.002305,7.1e-05,1.2e-05,0.001131,2.1e-05,0.000793,0.006311
bright,theoremqa_questions:TheoremQA_wenhuchen/determinant1.json,borda,qrels_flip,synthetic corruption: qrels-derived edges with flip_prob=0.15,20,51,0.134211,12,9,True,1,9,9.0,9,6.0,2.0,6,2,20,ndcg_at_k,6.0,6,0.673684,0.333333,1.0,1.0,0.15,1.0,1.0,0.002305,7.1e-05,1.2e-05,0.001131,1.3e-05,0.000793,0.006311
bright,theoremqa_questions:TheoremQA_wenhuchen/determinant1.json,pagerank,qrels_flip,synthetic corruption: qrels-derived edges with flip_prob=0.15,20,51,0.134211,12,9,True,1,9,9.0,9,6.0,2.0,6,2,20,ndcg_at_k,6.0,6,0.326316,0.333333,1.0,1.0,0.15,1.0,1.0,0.002305,7.1e-05,1.2e-05,0.001131,0.001677,0.000793,0.006311
bright,theoremqa_questions:TheoremQA_wenhuchen/determinant1.json,greedy_fas_topological,qrels_flip,synthetic corruption: qrels-derived edges with flip_prob=0.15,20,51,0.134211,12,9,True,1,9,9.0,9,6.0,2.0,6,2,20,ndcg_at_k,7.0,7,0.189474,-1.0,0.792087,0.577778,0.15,1.0,0.823529,0.002305,7.1e-05,1.2e-05,0.001131,4.2e-05,0.000793,0.006311
bright,theoremqa_questions:TheoremQA_wenhuchen/determinant1.json,greedy_fas_weighted_balance,qrels_flip,synthetic corruption: qrels-derived edges with flip_prob=0.15,20,51,0.134211,12,9,True,1,9,9.0,9,6.0,2.0,6,2,20,ndcg_at_k,6.0,6,0.621053,-1.0,1.0,1.0,0.15,1.0,1.0,0.002305,7.1e-05,1.2e-05,0.001131,2.1e-05,0.000793,0.006311
bright,theoremqa_questions:TheoremQA_wenhuchen/determinant1.json,greedy_fas_copeland,qrels_flip,synthetic corruption: qrels-derived edges with flip_prob=0.15,20,51,0.134211,12,9,True,1,9,9.0,9,6.0,2.0,6,2,20,ndcg_at_k,6.0,6,0.621053,-1.0,1.0,1.0,0.15,1.0,1.0,0.002305,7.1e-05,1.2e-05,0.001131,1.9e-05,0.000793,0.006311
bright,theoremqa_questions:TheoremQA_wenhuchen/determinant1.json,greedy_fas_score_augmented_topological,qrels_flip,synthetic corruption: qrels-derived edges with flip_prob=0.15,20,51,0.134211,12,9,True,1,9,9.0,9,6.0,2.0,6,2,20,ndcg_at_k,5.0,5,-0.115789,-1.0,0.838547,0.666667,0.15,1.0,0.901961,0.002305,7.1e-05,1.2e-05,0.001131,3.3e-05,0.000793,0.006311
bright,theoremqa_questions:TheoremQA_wenhuchen/determinant1.json,fas_balance_score_prior_alpha_beta,qrels_flip,synthetic corruption: qrels-derived edges with flip_prob=0.15,20,51,0.134211,12,9,True,1,9,9.0,9,6.0,2.0,6,2,20,ndcg_at_k,6.0,6,0.621053,-1.0,1.0,1.0,0.15,1.0,1.0,0.002305,7.1e-05,1.2e-05,0.001131,3.3e-05,0.000793,0.006311
bright,theoremqa_questions:TheoremQA_wenhuchen/determinant1.json,hybrid_rrf_fas_regularized,qrels_flip,synthetic corruption: qrels-derived edges with flip_prob=0.15,20,51,0.134211,12,9,True,1,9,9.0,9,6.0,2.0,6,2,20,ndcg_at_k,6.0,6,0.642105,0.333333,1.0,1.0,0.15,1.0,1.0,0.002305,7.1e-05,1.2e-05,0.001131,3.8e-05,0.000793,0.006311
bright,theoremqa_questions:TheoremQA_wenhuchen/determinant1.json,hybrid_rrf_balance_a05,qrels_flip,synthetic corruption: qrels-derived edges with flip_prob=0.15,20,51,0.134211,12,9,True,1,9,9.0,9,6.0,2.0,6,2,20,ndcg_at_k,6.0,6,0.631579,-0.333333,1.0,1.0,0.15,1.0,1.0,0.002305,7.1e-05,1.2e-05,0.001131,2.3e-05,0.000793,0.006311
bright,theoremqa_questions:TheoremQA_wenhuchen/determinant1.json,hybrid_rrf_copeland_a03,qrels_flip,synthetic corruption: qrels-derived edges with flip_prob=0.15,20,51,0.134211,12,9,True,1,9,9.0,9,6.0,2.0,6,2,20,ndcg_at_k,6.0,6,0.631579,-0.333333,1.0,1.0,0.15,1.0,1.0,0.002305,7.1e-05,1.2e-05,0.001131,2.8e-05,0.000793,0.006311
bright,theoremqa_questions:TheoremQA_wenhuchen/determinant1.json,hybrid_rrf_priority_topo_a03,qrels_flip,synthetic corruption: qrels-derived edges with flip_prob=0.15,20,51,0.134211,12,9,True,1,9,9.0,9,6.0,2.0,6,2,20,ndcg_at_k,5.0,5,-0.094737,-1.0,0.88546,0.755556,0.15,1.0,0.941176,0.002305,7.1e-05,1.2e-05,0.001131,5.1e-05,0.000793,0.006311
bright,leetcode:55,score_sum,qrels_flip,synthetic corruption: qrels-derived edges with flip_prob=0.15,20,19,0.05,20,1,False,0,0,0,0,3.0,3.0,3,3,20,ndcg_at_k,3.0,3,0.778947,1.0,1.0,1.0,0.05,1.0,1.0,0.000117,4.7e-05,1.8e-05,0.000325,1.4e-05,0.000673,0.002596
bright,leetcode:55,borda,qrels_flip,synthetic corruption: qrels-derived edges with flip_prob=0.15,20,19,0.05,20,1,False,0,0,0,0,3.0,3.0,3,3,20,ndcg_at_k,3.0,3,0.778947,1.0,1.0,1.0,0.05,1.0,1.0,0.000117,4.7e-05,1.8e-05,0.000325,1.2e-05,0.000673,0.002596
bright,leetcode:55,pagerank,qrels_flip,synthetic corruption: qrels-derived edges with flip_prob=0.15,20,19,0.05,20,1,False,0,0,0,0,3.0,3.0,3,3,20,ndcg_at_k,3.0,3,-0.021053,0.333333,1.0,1.0,0.05,1.0,1.0,0.000117,4.7e-05,1.8e-05,0.000325,0.001161,0.000673,0.002596
bright,leetcode:55,greedy_fas_topological,qrels_flip,synthetic corruption: qrels-derived edges with flip_prob=0.15,20,19,0.05,20,1,False,0,0,0,0,3.0,3.0,3,3,20,ndcg_at_k,0.0,0,-0.052632,0.333333,0.430677,0.25,0.05,1.0,0.842105,0.000117,4.7e-05,1.8e-05,0.000325,3.2e-05,0.000673,0.002596
bright,leetcode:55,greedy_fas_weighted_balance,qrels_flip,synthetic corruption: qrels-derived edges with flip_prob=0.15,20,19,0.05,20,1,False,0,0,0,0,3.0,3.0,3,3,20,ndcg_at_k,3.0,3,0.778947,1.0,1.0,1.0,0.05,1.0,1.0,0.000117,4.7e-05,1.8e-05,0.000325,1.6e-05,0.000673,0.002596
bright,leetcode:55,greedy_fas_copeland,qrels_flip,synthetic corruption: qrels-derived edges with flip_prob=0.15,20,19,0.05,20,1,False,0,0,0,0,3.0,3.0,3,3,20,ndcg_at_k,3.0,3,0.778947,1.0,1.0,1.0,0.05,1.0,1.0,0.000117,4.7e-05,1.8e-05,0.000325,1.7e-05,0.000673,0.002596
bright,leetcode:55,greedy_fas_score_augmented_topological,qrels_flip,synthetic corruption: qrels-derived edges with flip_prob=0.15,20,19,0.05,20,1,False,0,0,0,0,3.0,3.0,3,3,20,ndcg_at_k,0.0,0,-0.547368,0.333333,0.430677,0.25,0.05,1.0,0.842105,0.000117,4.7e-05,1.8e-05,0.000325,3.2e-05,0.000673,0.002596
bright,leetcode:55,fas_balance_score_prior_alpha_beta,qrels_flip,synthetic corruption: qrels-derived edges with flip_prob=0.15,20,19,0.05,20,1,False,0,0,0,0,3.0,3.0,3,3,20,ndcg_at_k,3.0,3,0.778947,1.0,1.0,1.0,0.05,1.0,1.0,0.000117,4.7e-05,1.8e-05,0.000325,2.7e-05,0.000673,0.002596
bright,leetcode:55,hybrid_rrf_fas_regularized,qrels_flip,synthetic corruption: qrels-derived edges with flip_prob=0.15,20,19,0.05,20,1,False,0,0,0,0,3.0,3.0,3,3,20,ndcg_at_k,3.0,3,0.778947,1.0,1.0,1.0,0.05,1.0,1.0,0.000117,4.7e-05,1.8e-05,0.000325,2.3e-05,0.000673,0.002596
bright,leetcode:55,hybrid_rrf_balance_a05,qrels_flip,synthetic corruption: qrels-derived edges with flip_prob=0.15,20,19,0.05,20,1,False,0,0,0,0,3.0,3.0,3,3,20,ndcg_at_k,3.0,3,0.778947,1.0,1.0,1.0,0.05,1.0,1.0,0.000117,4.7e-05,1.8e-05,0.000325,1.8e-05,0.000673,0.002596
bright,leetcode:55,hybrid_rrf_copeland_a03,qrels_flip,synthetic corruption: qrels-derived edges with flip_prob=0.15,20,19,0.05,20,1,False,0,0,0,0,3.0,3.0,3,3,20,ndcg_at_k,3.0,3,0.778947,1.0,1.0,1.0,0.05,1.0,1.0,0.000117,4.7e-05,1.8e-05,0.000325,2.1e-05,0.000673,0.002596
bright,leetcode:55,hybrid_rrf_priority_topo_a03,qrels_flip,synthetic corruption: qrels-derived edges with flip_prob=0.15,20,19,0.05,20,1,False,0,0,0,0,3.0,3.0,3,3,20,ndcg_at_k,0.0,0,-0.547368,0.333333,0.430677,0.25,0.05,1.0,0.842105,0.000117,4.7e-05,1.8e-05,0.000325,4.3e-05,0.000673,0.002596
bright,leetcode:88,score_sum,qrels_flip,synthetic corruption: qrels-derived edges with flip_prob=0.15,20,36,0.094737,10,11,True,1,11,3.0,3,11.0,11.0,11,11,20,ndcg_at_k,11.0,11,0.410526,0.5,1.0,1.0,0.1,1.0,1.0,9.2e-05,4.8e-05,1.2e-05,0.000521,1.5e-05,0.000818,0.002808
bright,leetcode:88,borda,qrels_flip,synthetic corruption: qrels-derived edges with flip_prob=0.15,20,36,0.094737,10,11,True,1,11,3.0,3,11.0,11.0,11,11,20,ndcg_at_k,11.0,11,0.410526,0.5,1.0,1.0,0.1,1.0,1.0,9.2e-05,4.8e-05,1.2e-05,0.000521,1.1e-05,0.000818,0.002808
bright,leetcode:88,pagerank,qrels_flip,synthetic corruption: qrels-derived edges with flip_prob=0.15,20,36,0.094737,10,11,True,1,11,3.0,3,11.0,11.0,11,11,20,ndcg_at_k,11.0,11,0.063158,0.571429,1.0,1.0,0.1,1.0,1.0,9.2e-05,4.8e-05,1.2e-05,0.000521,0.001042,0.000818,0.002808
bright,leetcode:88,greedy_fas_topological,qrels_flip,synthetic corruption: qrels-derived edges with flip_prob=0.15,20,36,0.094737,10,11,True,1,11,3.0,3,11.0,11.0,11,11,20,ndcg_at_k,3.0,3,-0.052632,0.428571,0.402893,0.183333,0.1,1.0,0.611111,9.2e-05,4.8e-05,1.2e-05,0.000521,3.8e-05,0.000818,0.002808
bright,leetcode:88,greedy_fas_weighted_balance,qrels_flip,synthetic corruption: qrels-derived edges with flip_prob=0.15,20,36,0.094737,10,11,True,1,11,3.0,3,11.0,11.0,11,11,20,ndcg_at_k,10.0,10,0.231579,0.5,0.919721,0.833333,0.1,1.0,0.972222,9.2e-05,4.8e-05,1.2e-05,0.000521,1.9e-05,0.000818,0.002808
bright,leetcode:88,greedy_fas_copeland,qrels_flip,synthetic corruption: qrels-derived edges with flip_prob=0.15,20,36,0.094737,10,11,True,1,11,3.0,3,11.0,11.0,11,11,20,ndcg_at_k,10.0,10,0.231579,0.5,0.919721,0.833333,0.1,1.0,0.972222,9.2e-05,4.8e-05,1.2e-05,0.000521,1.7e-05,0.000818,0.002808
bright,leetcode:88,greedy_fas_score_augmented_topological,qrels_flip,synthetic corruption: qrels-derived edges with flip_prob=0.15,20,36,0.094737,10,11,True,1,11,3.0,3,11.0,11.0,11,11,20,ndcg_at_k,3.0,3,-0.389474,0.571429,0.402893,0.183333,0.1,1.0,0.611111,9.2e-05,4.8e-05,1.2e-05,0.000521,2.9e-05,0.000818,0.002808
bright,leetcode:88,fas_balance_score_prior_alpha_beta,qrels_flip,synthetic corruption: qrels-derived edges with flip_prob=0.15,20,36,0.094737,10,11,True,1,11,3.0,3,11.0,11.0,11,11,20,ndcg_at_k,11.0,11,0.242105,0.5,1.0,1.0,0.1,1.0,1.0,9.2e-05,4.8e-05,1.2e-05,0.000521,3.1e-05,0.000818,0.002808
bright,leetcode:88,hybrid_rrf_fas_regularized,qrels_flip,synthetic corruption: qrels-derived edges with flip_prob=0.15,20,36,0.094737,10,11,True,1,11,3.0,3,11.0,11.0,11,11,20,ndcg_at_k,11.0,11,0.242105,0.5,1.0,1.0,0.1,1.0,1.0,9.2e-05,4.8e-05,1.2e-05,0.000521,2.4e-05,0.000818,0.002808
bright,leetcode:88,hybrid_rrf_balance_a05,qrels_flip,synthetic corruption: qrels-derived edges with flip_prob=0.15,20,36,0.094737,10,11,True,1,11,3.0,3,11.0,11.0,11,11,20,ndcg_at_k,11.0,11,0.242105,0.5,1.0,1.0,0.1,1.0,1.0,9.2e-05,4.8e-05,1.2e-05,0.000521,2e-05,0.000818,0.002808
bright,leetcode:88,hybrid_rrf_copeland_a03,qrels_flip,synthetic corruption: qrels-derived edges with flip_prob=0.15,20,36,0.094737,10,11,True,1,11,3.0,3,11.0,11.0,11,11,20,ndcg_at_k,11.0,11,0.242105,0.5,1.0,1.0,0.1,1.0,1.0,9.2e-05,4.8e-05,1.2e-05,0.000521,2.1e-05,0.000818,0.002808
bright,leetcode:88,hybrid_rrf_priority_topo_a03,qrels_flip,synthetic corruption: qrels-derived edges with flip_prob=0.15,20,36,0.094737,10,11,True,1,11,3.0,3,11.0,11.0,11,11,20,ndcg_at_k,3.0,3,-0.389474,0.571429,0.402893,0.183333,0.1,1.0,0.611111,9.2e-05,4.8e-05,1.2e-05,0.000521,5e-05,0.000818,0.002808
bright,theoremqa_questions:TheoremQA_maxku/cv-imageprocessing9-digital-image.json,score_sum,qrels_flip,synthetic corruption: qrels-derived edges with flip_prob=0.15,2,1,0.5,2,1,False,0,0,0,0,0.0,0.0,0,0,2,ndcg_at_k,0.0,0,1.0,1.0,1.0,1.0,0.5,1.0,1.0,2.4e-05,1.2e-05,7e-06,8.3e-05,5e-06,0.000131,0.000993
bright,theoremqa_questions:TheoremQA_maxku/cv-imageprocessing9-digital-image.json,borda,qrels_flip,synthetic corruption: qrels-derived edges with flip_prob=0.15,2,1,0.5,2,1,False,0,0,0,0,0.0,0.0,0,0,2,ndcg_at_k,0.0,0,1.0,1.0,1.0,1.0,0.5,1.0,1.0,2.4e-05,1.2e-05,7e-06,8.3e-05,4e-06,0.000131,0.000993
bright,theoremqa_questions:TheoremQA_maxku/cv-imageprocessing9-digital-image.json,pagerank,qrels_flip,synthetic corruption: qrels-derived edges with flip_prob=0.15,2,1,0.5,2,1,False,0,0,0,0,0.0,0.0,0,0,2,ndcg_at_k,0.0,0,1.0,1.0,1.0,1.0,0.5,1.0,1.0,2.4e-05,1.2e-05,7e-06,8.3e-05,0.00061,0.000131,0.000993
bright,theoremqa_questions:TheoremQA_maxku/cv-imageprocessing9-digital-image.json,greedy_fas_topological,qrels_flip,synthetic corruption: qrels-derived edges with flip_prob=0.15,2,1,0.5,2,1,False,0,0,0,0,0.0,0.0,0,0,2,ndcg_at_k,0.0,0,1.0,1.0,1.0,1.0,0.5,1.0,1.0,2.4e-05,1.2e-05,7e-06,8.3e-05,1.6e-05,0.000131,0.000993
bright,theoremqa_questions:TheoremQA_maxku/cv-imageprocessing9-digital-image.json,greedy_fas_weighted_balance,qrels_flip,synthetic corruption: qrels-derived edges with flip_prob=0.15,2,1,0.5,2,1,False,0,0,0,0,0.0,0.0,0,0,2,ndcg_at_k,0.0,0,1.0,1.0,1.0,1.0,0.5,1.0,1.0,2.4e-05,1.2e-05,7e-06,8.3e-05,7e-06,0.000131,0.000993
bright,theoremqa_questions:TheoremQA_maxku/cv-imageprocessing9-digital-image.json,greedy_fas_copeland,qrels_flip,synthetic corruption: qrels-derived edges with flip_prob=0.15,2,1,0.5,2,1,False,0,0,0,0,0.0,0.0,0,0,2,ndcg_at_k,0.0,0,1.0,1.0,1.0,1.0,0.5,1.0,1.0,2.4e-05,1.2e-05,7e-06,8.3e-05,6e-06,0.000131,0.000993
bright,theoremqa_questions:TheoremQA_maxku/cv-imageprocessing9-digital-image.json,greedy_fas_score_augmented_topological,qrels_flip,synthetic corruption: qrels-derived edges with flip_prob=0.15,2,1,0.5,2,1,False,0,0,0,0,0.0,0.0,0,0,2,ndcg_at_k,0.0,0,1.0,1.0,1.0,1.0,0.5,1.0,1.0,2.4e-05,1.2e-05,7e-06,8.3e-05,5e-06,0.000131,0.000993
bright,theoremqa_questions:TheoremQA_maxku/cv-imageprocessing9-digital-image.json,fas_balance_score_prior_alpha_beta,qrels_flip,synthetic corruption: qrels-derived edges with flip_prob=0.15,2,1,0.5,2,1,False,0,0,0,0,0.0,0.0,0,0,2,ndcg_at_k,0.0,0,1.0,1.0,1.0,1.0,0.5,1.0,1.0,2.4e-05,1.2e-05,7e-06,8.3e-05,1e-05,0.000131,0.000993
bright,theoremqa_questions:TheoremQA_maxku/cv-imageprocessing9-digital-image.json,hybrid_rrf_fas_regularized,qrels_flip,synthetic corruption: qrels-derived edges with flip_prob=0.15,2,1,0.5,2,1,False,0,0,0,0,0.0,0.0,0,0,2,ndcg_at_k,0.0,0,1.0,1.0,1.0,1.0,0.5,1.0,1.0,2.4e-05,1.2e-05,7e-06,8.3e-05,5.4e-05,0.000131,0.000993
bright,theoremqa_questions:TheoremQA_maxku/cv-imageprocessing9-digital-image.json,hybrid_rrf_balance_a05,qrels_flip,synthetic corruption: qrels-derived edges with flip_prob=0.15,2,1,0.5,2,1,False,0,0,0,0,0.0,0.0,0,0,2,ndcg_at_k,0.0,0,1.0,1.0,1.0,1.0,0.5,1.0,1.0,2.4e-05,1.2e-05,7e-06,8.3e-05,6e-06,0.000131,0.000993
bright,theoremqa_questions:TheoremQA_maxku/cv-imageprocessing9-digital-image.json,hybrid_rrf_copeland_a03,qrels_flip,synthetic corruption: qrels-derived edges with flip_prob=0.15,2,1,0.5,2,1,False,0,0,0,0,0.0,0.0,0,0,2,ndcg_at_k,0.0,0,1.0,1.0,1.0,1.0,0.5,1.0,1.0,2.4e-05,1.2e-05,7e-06,8.3e-05,5e-06,0.000131,0.000993
bright,theoremqa_questions:TheoremQA_maxku/cv-imageprocessing9-digital-image.json,hybrid_rrf_priority_topo_a03,qrels_flip,synthetic corruption: qrels-derived edges with flip_prob=0.15,2,1,0.5,2,1,False,0,0,0,0,0.0,0.0,0,0,2,ndcg_at_k,0.0,0,1.0,1.0,1.0,1.0,0.5,1.0,1.0,2.4e-05,1.2e-05,7e-06,8.3e-05,8e-06,0.000131,0.000993
bright,theoremqa_questions:TheoremQA_maxku/ipnetwork21-ip-2.json,score_sum,qrels_flip,synthetic corruption: qrels-derived edges with flip_prob=0.15,3,2,0.333333,3,1,False,0,0,0,0,0.0,0.0,0,0,3,ndcg_at_k,0.0,0,1.0,1.0,1.0,1.0,0.666667,1.0,1.0,3.4e-05,1.3e-05,7e-06,8.8e-05,5e-06,0.000151,0.000833
bright,theoremqa_questions:TheoremQA_maxku/ipnetwork21-ip-2.json,borda,qrels_flip,synthetic corruption: qrels-derived edges with flip_prob=0.15,3,2,0.333333,3,1,False,0,0,0,0,0.0,0.0,0,0,3,ndcg_at_k,0.0,0,1.0,1.0,1.0,1.0,0.666667,1.0,1.0,3.4e-05,1.3e-05,7e-06,8.8e-05,4e-06,0.000151,0.000833
bright,theoremqa_questions:TheoremQA_maxku/ipnetwork21-ip-2.json,pagerank,qrels_flip,synthetic corruption: qrels-derived edges with flip_prob=0.15,3,2,0.333333,3,1,False,0,0,0,0,0.0,0.0,0,0,3,ndcg_at_k,0.0,0,0.333333,0.333333,1.0,1.0,0.666667,1.0,1.0,3.4e-05,1.3e-05,7e-06,8.8e-05,0.00046,0.000151,0.000833
bright,theoremqa_questions:TheoremQA_maxku/ipnetwork21-ip-2.json,greedy_fas_topological,qrels_flip,synthetic corruption: qrels-derived edges with flip_prob=0.15,3,2,0.333333,3,1,False,0,0,0,0,0.0,0.0,0,0,3,ndcg_at_k,0.0,0,0.333333,0.333333,1.0,1.0,0.666667,1.0,1.0,3.4e-05,1.3e-05,7e-06,8.8e-05,1.5e-05,0.000151,0.000833
bright,theoremqa_questions:TheoremQA_maxku/ipnetwork21-ip-2.json,greedy_fas_weighted_balance,qrels_flip,synthetic corruption: qrels-derived edges with flip_prob=0.15,3,2,0.333333,3,1,False,0,0,0,0,0.0,0.0,0,0,3,ndcg_at_k,0.0,0,1.0,1.0,1.0,1.0,0.666667,1.0,1.0,3.4e-05,1.3e-05,7e-06,8.8e-05,7e-06,0.000151,0.000833
bright,theoremqa_questions:TheoremQA_maxku/ipnetwork21-ip-2.json,greedy_fas_copeland,qrels_flip,synthetic corruption: qrels-derived edges with flip_prob=0.15,3,2,0.333333,3,1,False,0,0,0,0,0.0,0.0,0,0,3,ndcg_at_k,0.0,0,1.0,1.0,1.0,1.0,0.666667,1.0,1.0,3.4e-05,1.3e-05,7e-06,8.8e-05,6e-06,0.000151,0.000833
bright,theoremqa_questions:TheoremQA_maxku/ipnetwork21-ip-2.json,greedy_fas_score_augmented_topological,qrels_flip,synthetic corruption: qrels-derived edges with flip_prob=0.15,3,2,0.333333,3,1,False,0,0,0,0,0.0,0.0,0,0,3,ndcg_at_k,0.0,0,0.333333,0.333333,1.0,1.0,0.666667,1.0,1.0,3.4e-05,1.3e-05,7e-06,8.8e-05,6e-06,0.000151,0.000833
bright,theoremqa_questions:TheoremQA_maxku/ipnetwork21-ip-2.json,fas_balance_score_prior_alpha_beta,qrels_flip,synthetic corruption: qrels-derived edges with flip_prob=0.15,3,2,0.333333,3,1,False,0,0,0,0,0.0,0.0,0,0,3,ndcg_at_k,0.0,0,1.0,1.0,1.0,1.0,0.666667,1.0,1.0,3.4e-05,1.3e-05,7e-06,8.8e-05,1.1e-05,0.000151,0.000833
bright,theoremqa_questions:TheoremQA_maxku/ipnetwork21-ip-2.json,hybrid_rrf_fas_regularized,qrels_flip,synthetic corruption: qrels-derived edges with flip_prob=0.15,3,2,0.333333,3,1,False,0,0,0,0,0.0,0.0,0,0,3,ndcg_at_k,0.0,0,1.0,1.0,1.0,1.0,0.666667,1.0,1.0,3.4e-05,1.3e-05,7e-06,8.8e-05,7e-06,0.000151,0.000833
bright,theoremqa_questions:TheoremQA_maxku/ipnetwork21-ip-2.json,hybrid_rrf_balance_a05,qrels_flip,synthetic corruption: qrels-derived edges with flip_prob=0.15,3,2,0.333333,3,1,False,0,0,0,0,0.0,0.0,0,0,3,ndcg_at_k,0.0,0,1.0,1.0,1.0,1.0,0.666667,1.0,1.0,3.4e-05,1.3e-05,7e-06,8.8e-05,5e-06,0.000151,0.000833
bright,theoremqa_questions:TheoremQA_maxku/ipnetwork21-ip-2.json,hybrid_rrf_copeland_a03,qrels_flip,synthetic corruption: qrels-derived edges with flip_prob=0.15,3,2,0.333333,3,1,False,0,0,0,0,0.0,0.0,0,0,3,ndcg_at_k,0.0,0,1.0,1.0,1.0,1.0,0.666667,1.0,1.0,3.4e-05,1.3e-05,7e-06,8.8e-05,5e-06,0.000151,0.000833
bright,theoremqa_questions:TheoremQA_maxku/ipnetwork21-ip-2.json,hybrid_rrf_priority_topo_a03,qrels_flip,synthetic corruption: qrels-derived edges with flip_prob=0.15,3,2,0.333333,3,1,False,0,0,0,0,0.0,0.0,0,0,3,ndcg_at_k,0.0,0,0.333333,0.333333,1.0,1.0,0.666667,1.0,1.0,3.4e-05,1.3e-05,7e-06,8.8e-05,9e-06,0.000151,0.000833
bright,theoremqa_questions:TheoremQA_tonyxia/particle4.json,score_sum,qrels_flip,synthetic corruption: qrels-derived edges with flip_prob=0.15,3,2,0.333333,3,1,False,0,0,0,0,0.0,0.0,0,0,3,ndcg_at_k,0.0,0,1.0,1.0,1.0,1.0,0.666667,1.0,1.0,2.4e-05,1.3e-05,8e-06,8.7e-05,6e-06,0.000142,0.000862
bright,theoremqa_questions:TheoremQA_tonyxia/particle4.json,borda,qrels_flip,synthetic corruption: qrels-derived edges with flip_prob=0.15,3,2,0.333333,3,1,False,0,0,0,0,0.0,0.0,0,0,3,ndcg_at_k,0.0,0,1.0,1.0,1.0,1.0,0.666667,1.0,1.0,2.4e-05,1.3e-05,8e-06,8.7e-05,4e-06,0.000142,0.000862
bright,theoremqa_questions:TheoremQA_tonyxia/particle4.json,pagerank,qrels_flip,synthetic corruption: qrels-derived edges with flip_prob=0.15,3,2,0.333333,3,1,False,0,0,0,0,0.0,0.0,0,0,3,ndcg_at_k,0.0,0,0.333333,0.333333,1.0,1.0,0.666667,1.0,1.0,2.4e-05,1.3e-05,8e-06,8.7e-05,0.000505,0.000142,0.000862
bright,theoremqa_questions:TheoremQA_tonyxia/particle4.json,greedy_fas_topological,qrels_flip,synthetic corruption: qrels-derived edges with flip_prob=0.15,3,2,0.333333,3,1,False,0,0,0,0,0.0,0.0,0,0,3,ndcg_at_k,0.0,0,0.333333,0.333333,1.0,1.0,0.666667,1.0,1.0,2.4e-05,1.3e-05,8e-06,8.7e-05,1.6e-05,0.000142,0.000862
bright,theoremqa_questions:TheoremQA_tonyxia/particle4.json,greedy_fas_weighted_balance,qrels_flip,synthetic corruption: qrels-derived edges with flip_prob=0.15,3,2,0.333333,3,1,False,0,0,0,0,0.0,0.0,0,0,3,ndcg_at_k,0.0,0,1.0,1.0,1.0,1.0,0.666667,1.0,1.0,2.4e-05,1.3e-05,8e-06,8.7e-05,7e-06,0.000142,0.000862
bright,theoremqa_questions:TheoremQA_tonyxia/particle4.json,greedy_fas_copeland,qrels_flip,synthetic corruption: qrels-derived edges with flip_prob=0.15,3,2,0.333333,3,1,False,0,0,0,0,0.0,0.0,0,0,3,ndcg_at_k,0.0,0,1.0,1.0,1.0,1.0,0.666667,1.0,1.0,2.4e-05,1.3e-05,8e-06,8.7e-05,6e-06,0.000142,0.000862
bright,theoremqa_questions:TheoremQA_tonyxia/particle4.json,greedy_fas_score_augmented_topological,qrels_flip,synthetic corruption: qrels-derived edges with flip_prob=0.15,3,2,0.333333,3,1,False,0,0,0,0,0.0,0.0,0,0,3,ndcg_at_k,0.0,0,0.333333,0.333333,1.0,1.0,0.666667,1.0,1.0,2.4e-05,1.3e-05,8e-06,8.7e-05,6e-06,0.000142,0.000862
bright,theoremqa_questions:TheoremQA_tonyxia/particle4.json,fas_balance_score_prior_alpha_beta,qrels_flip,synthetic corruption: qrels-derived edges with flip_prob=0.15,3,2,0.333333,3,1,False,0,0,0,0,0.0,0.0,0,0,3,ndcg_at_k,0.0,0,1.0,1.0,1.0,1.0,0.666667,1.0,1.0,2.4e-05,1.3e-05,8e-06,8.7e-05,1e-05,0.000142,0.000862
bright,theoremqa_questions:TheoremQA_tonyxia/particle4.json,hybrid_rrf_fas_regularized,qrels_flip,synthetic corruption: qrels-derived edges with flip_prob=0.15,3,2,0.333333,3,1,False,0,0,0,0,0.0,0.0,0,0,3,ndcg_at_k,0.0,0,1.0,1.0,1.0,1.0,0.666667,1.0,1.0,2.4e-05,1.3e-05,8e-06,8.7e-05,7e-06,0.000142,0.000862
bright,theoremqa_questions:TheoremQA_tonyxia/particle4.json,hybrid_rrf_balance_a05,qrels_flip,synthetic corruption: qrels-derived edges with flip_prob=0.15,3,2,0.333333,3,1,False,0,0,0,0,0.0,0.0,0,0,3,ndcg_at_k,0.0,0,1.0,1.0,1.0,1.0,0.666667,1.0,1.0,2.4e-05,1.3e-05,8e-06,8.7e-05,6e-06,0.000142,0.000862
bright,theoremqa_questions:TheoremQA_tonyxia/particle4.json,hybrid_rrf_copeland_a03,qrels_flip,synthetic corruption: qrels-derived edges with flip_prob=0.15,3,2,0.333333,3,1,False,0,0,0,0,0.0,0.0,0,0,3,ndcg_at_k,0.0,0,1.0,1.0,1.0,1.0,0.666667,1.0,1.0,2.4e-05,1.3e-05,8e-06,8.7e-05,6e-06,0.000142,0.000862
bright,theoremqa_questions:TheoremQA_tonyxia/particle4.json,hybrid_rrf_priority_topo_a03,qrels_flip,synthetic corruption: qrels-derived edges with flip_prob=0.15,3,2,0.333333,3,1,False,0,0,0,0,0.0,0.0,0,0,3,ndcg_at_k,0.0,0,0.333333,0.333333,1.0,1.0,0.666667,1.0,1.0,2.4e-05,1.3e-05,8e-06,8.7e-05,9e-06,0.000142,0.000862
bright,leetcode:45,score_sum,qrels_flip,synthetic corruption: qrels-derived edges with flip_prob=0.15,16,15,0.0625,16,1,False,0,0,0,0,0.0,0.0,0,0,16,ndcg_at_k,0.0,0,1.0,0.066667,1.0,1.0,0.0625,1.0,1.0,4.8e-05,2.8e-05,1.4e-05,0.000166,1.1e-05,0.000624,0.002356
bright,leetcode:45,borda,qrels_flip,synthetic corruption: qrels-derived edges with flip_prob=0.15,16,15,0.0625,16,1,False,0,0,0,0,0.0,0.0,0,0,16,ndcg_at_k,0.0,0,1.0,0.066667,1.0,1.0,0.0625,1.0,1.0,4.8e-05,2.8e-05,1.4e-05,0.000166,1e-05,0.000624,0.002356
bright,leetcode:45,pagerank,qrels_flip,synthetic corruption: qrels-derived edges with flip_prob=0.15,16,15,0.0625,16,1,False,0,0,0,0,0.0,0.0,0,0,16,ndcg_at_k,0.0,0,-0.016667,0.116667,1.0,1.0,0.0625,1.0,1.0,4.8e-05,2.8e-05,1.4e-05,0.000166,0.001261,0.000624,0.002356
bright,leetcode:45,greedy_fas_topological,qrels_flip,synthetic corruption: qrels-derived edges with flip_prob=0.15,16,15,0.0625,16,1,False,0,0,0,0,0.0,0.0,0,0,16,ndcg_at_k,0.0,0,-0.016667,0.116667,1.0,1.0,0.0625,1.0,1.0,4.8e-05,2.8e-05,1.4e-05,0.000166,2.7e-05,0.000624,0.002356
bright,leetcode:45,greedy_fas_weighted_balance,qrels_flip,synthetic corruption: qrels-derived edges with flip_prob=0.15,16,15,0.0625,16,1,False,0,0,0,0,0.0,0.0,0,0,16,ndcg_at_k,0.0,0,1.0,0.066667,1.0,1.0,0.0625,1.0,1.0,4.8e-05,2.8e-05,1.4e-05,0.000166,1.3e-05,0.000624,0.002356
bright,leetcode:45,greedy_fas_copeland,qrels_flip,synthetic corruption: qrels-derived edges with flip_prob=0.15,16,15,0.0625,16,1,False,0,0,0,0,0.0,0.0,0,0,16,ndcg_at_k,0.0,0,1.0,0.066667,1.0,1.0,0.0625,1.0,1.0,4.8e-05,2.8e-05,1.4e-05,0.000166,1.5e-05,0.000624,0.002356
bright,leetcode:45,greedy_fas_score_augmented_topological,qrels_flip,synthetic corruption: qrels-derived edges with flip_prob=0.15,16,15,0.0625,16,1,False,0,0,0,0,0.0,0.0,0,0,16,ndcg_at_k,0.0,0,-0.75,0.183333,1.0,1.0,0.0625,1.0,1.0,4.8e-05,2.8e-05,1.4e-05,0.000166,2.7e-05,0.000624,0.002356
bright,leetcode:45,fas_balance_score_prior_alpha_beta,qrels_flip,synthetic corruption: qrels-derived edges with flip_prob=0.15,16,15,0.0625,16,1,False,0,0,0,0,0.0,0.0,0,0,16,ndcg_at_k,0.0,0,1.0,0.066667,1.0,1.0,0.0625,1.0,1.0,4.8e-05,2.8e-05,1.4e-05,0.000166,2.3e-05,0.000624,0.002356
bright,leetcode:45,hybrid_rrf_fas_regularized,qrels_flip,synthetic corruption: qrels-derived edges with flip_prob=0.15,16,15,0.0625,16,1,False,0,0,0,0,0.0,0.0,0,0,16,ndcg_at_k,0.0,0,1.0,0.066667,1.0,1.0,0.0625,1.0,1.0,4.8e-05,2.8e-05,1.4e-05,0.000166,1.9e-05,0.000624,0.002356
bright,leetcode:45,hybrid_rrf_balance_a05,qrels_flip,synthetic corruption: qrels-derived edges with flip_prob=0.15,16,15,0.0625,16,1,False,0,0,0,0,0.0,0.0,0,0,16,ndcg_at_k,0.0,0,1.0,0.066667,1.0,1.0,0.0625,1.0,1.0,4.8e-05,2.8e-05,1.4e-05,0.000166,1.6e-05,0.000624,0.002356
bright,leetcode:45,hybrid_rrf_copeland_a03,qrels_flip,synthetic corruption: qrels-derived edges with flip_prob=0.15,16,15,0.0625,16,1,False,0,0,0,0,0.0,0.0,0,0,16,ndcg_at_k,0.0,0,1.0,0.066667,1.0,1.0,0.0625,1.0,1.0,4.8e-05,2.8e-05,1.4e-05,0.000166,1.7e-05,0.000624,0.002356
bright,leetcode:45,hybrid_rrf_priority_topo_a03,qrels_flip,synthetic corruption: qrels-derived edges with flip_prob=0.15,16,15,0.0625,16,1,False,0,0,0,0,0.0,0.0,0,0,16,ndcg_at_k,0.0,0,-0.75,0.183333,1.0,1.0,0.0625,1.0,1.0,4.8e-05,2.8e-05,1.4e-05,0.000166,3.7e-05,0.000624,0.002356
bright,aops:math_train_intermediate_algebra_2060,score_sum,qrels_flip,synthetic corruption: qrels-derived edges with flip_prob=0.15,20,36,0.094737,15,6,True,1,6,2.0,2,4.0,4.0,4,4,20,ndcg_at_k,4.0,4,0.621053,-1.0,1.0,1.0,0.1,1.0,1.0,0.001876,7.2e-05,1.2e-05,0.000871,1.8e-05,0.000717,0.005478
bright,aops:math_train_intermediate_algebra_2060,borda,qrels_flip,synthetic corruption: qrels-derived edges with flip_prob=0.15,20,36,0.094737,15,6,True,1,6,2.0,2,4.0,4.0,4,4,20,ndcg_at_k,4.0,4,0.621053,-1.0,1.0,1.0,0.1,1.0,1.0,0.001876,7.2e-05,1.2e-05,0.000871,1.3e-05,0.000717,0.005478
bright,aops:math_train_intermediate_algebra_2060,pagerank,qrels_flip,synthetic corruption: qrels-derived edges with flip_prob=0.15,20,36,0.094737,15,6,True,1,6,2.0,2,4.0,4.0,4,4,20,ndcg_at_k,4.0,4,0.031579,1.0,1.0,1.0,0.1,1.0,1.0,0.001876,7.2e-05,1.2e-05,0.000871,0.001637,0.000717,0.005478
bright,aops:math_train_intermediate_algebra_2060,greedy_fas_topological,qrels_flip,synthetic corruption: qrels-derived edges with flip_prob=0.15,20,36,0.094737,15,6,True,1,6,2.0,2,4.0,4.0,4,4,20,ndcg_at_k,2.0,2,-0.021053,-1.0,0.524981,0.333333,0.1,1.0,0.833333,0.001876,7.2e-05,1.2e-05,0.000871,3.9e-05,0.000717,0.005478
bright,aops:math_train_intermediate_algebra_2060,greedy_fas_weighted_balance,qrels_flip,synthetic corruption: qrels-derived edges with flip_prob=0.15,20,36,0.094737,15,6,True,1,6,2.0,2,4.0,4.0,4,4,20,ndcg_at_k,4.0,4,0.610526,-1.0,1.0,1.0,0.1,1.0,1.0,0.001876,7.2e-05,1.2e-05,0.000871,2e-05,0.000717,0.005478
bright,aops:math_train_intermediate_algebra_2060,greedy_fas_copeland,qrels_flip,synthetic corruption: qrels-derived edges with flip_prob=0.15,20,36,0.094737,15,6,True,1,6,2.0,2,4.0,4.0,4,4,20,ndcg_at_k,4.0,4,0.610526,-1.0,1.0,1.0,0.1,1.0,1.0,0.001876,7.2e-05,1.2e-05,0.000871,1.8e-05,0.000717,0.005478
bright,aops:math_train_intermediate_algebra_2060,greedy_fas_score_augmented_topological,qrels_flip,synthetic corruption: qrels-derived edges with flip_prob=0.15,20,36,0.094737,15,6,True,1,6,2.0,2,4.0,4.0,4,4,20,ndcg_at_k,2.0,2,-0.431579,-1.0,0.524981,0.333333,0.1,1.0,0.833333,0.001876,7.2e-05,1.2e-05,0.000871,3.1e-05,0.000717,0.005478
bright,aops:math_train_intermediate_algebra_2060,fas_balance_score_prior_alpha_beta,qrels_flip,synthetic corruption: qrels-derived edges with flip_prob=0.15,20,36,0.094737,15,6,True,1,6,2.0,2,4.0,4.0,4,4,20,ndcg_at_k,4.0,4,0.610526,-1.0,1.0,1.0,0.1,1.0,1.0,0.001876,7.2e-05,1.2e-05,0.000871,3.7e-05,0.000717,0.005478
bright,aops:math_train_intermediate_algebra_2060,hybrid_rrf_fas_regularized,qrels_flip,synthetic corruption: qrels-derived edges with flip_prob=0.15,20,36,0.094737,15,6,True,1,6,2.0,2,4.0,4.0,4,4,20,ndcg_at_k,4.0,4,0.610526,-1.0,1.0,1.0,0.1,1.0,1.0,0.001876,7.2e-05,1.2e-05,0.000871,2.6e-05,0.000717,0.005478
bright,aops:math_train_intermediate_algebra_2060,hybrid_rrf_balance_a05,qrels_flip,synthetic corruption: qrels-derived edges with flip_prob=0.15,20,36,0.094737,15,6,True,1,6,2.0,2,4.0,4.0,4,4,20,ndcg_at_k,4.0,4,0.610526,-1.0,1.0,1.0,0.1,1.0,1.0,0.001876,7.2e-05,1.2e-05,0.000871,2.1e-05,0.000717,0.005478
bright,aops:math_train_intermediate_algebra_2060,hybrid_rrf_copeland_a03,qrels_flip,synthetic corruption: qrels-derived edges with flip_prob=0.15,20,36,0.094737,15,6,True,1,6,2.0,2,4.0,4.0,4,4,20,ndcg_at_k,4.0,4,0.610526,-1.0,1.0,1.0,0.1,1.0,1.0,0.001876,7.2e-05,1.2e-05,0.000871,2.2e-05,0.000717,0.005478
bright,aops:math_train_intermediate_algebra_2060,hybrid_rrf_priority_topo_a03,qrels_flip,synthetic corruption: qrels-derived edges with flip_prob=0.15,20,36,0.094737,15,6,True,1,6,2.0,2,4.0,4.0,4,4,20,ndcg_at_k,2.0,2,-0.431579,-1.0,0.524981,0.333333,0.1,1.0,0.833333,0.001876,7.2e-05,1.2e-05,0.000871,4.8e-05,0.000717,0.005478
bright,theoremqa_questions:TheoremQA_wenhuchen/t_test3.json,score_sum,qrels_flip,synthetic corruption: qrels-derived edges with flip_prob=0.15,20,36,0.094737,15,6,True,1,6,1.0,1,4.0,4.0,4,4,20,ndcg_at_k,4.0,4,0.663158,-1.0,1.0,1.0,0.1,1.0,1.0,0.000466,5.1e-05,1.2e-05,0.000454,1.7e-05,0.000777,0.003754
bright,theoremqa_questions:TheoremQA_wenhuchen/t_test3.json,borda,qrels_flip,synthetic corruption: qrels-derived edges with flip_prob=0.15,20,36,0.094737,15,6,True,1,6,1.0,1,4.0,4.0,4,4,20,ndcg_at_k,4.0,4,0.663158,-1.0,1.0,1.0,0.1,1.0,1.0,0.000466,5.1e-05,1.2e-05,0.000454,1.2e-05,0.000777,0.003754
bright,theoremqa_questions:TheoremQA_wenhuchen/t_test3.json,pagerank,qrels_flip,synthetic corruption: qrels-derived edges with flip_prob=0.15,20,36,0.094737,15,6,True,1,6,1.0,1,4.0,4.0,4,4,20,ndcg_at_k,4.0,4,0.2,-1.0,1.0,1.0,0.1,1.0,1.0,0.000466,5.1e-05,1.2e-05,0.000454,0.00161,0.000777,0.003754
bright,theoremqa_questions:TheoremQA_wenhuchen/t_test3.json,greedy_fas_topological,qrels_flip,synthetic corruption: qrels-derived edges with flip_prob=0.15,20,36,0.094737,15,6,True,1,6,1.0,1,4.0,4.0,4,4,20,ndcg_at_k,1.0,1,0.147368,-1.0,0.60526,0.416667,0.1,1.0,0.861111,0.000466,5.1e-05,1.2e-05,0.000454,4.1e-05,0.000777,0.003754
bright,theoremqa_questions:TheoremQA_wenhuchen/t_test3.json,greedy_fas_weighted_balance,qrels_flip,synthetic corruption: qrels-derived edges with flip_prob=0.15,20,36,0.094737,15,6,True,1,6,1.0,1,4.0,4.0,4,4,20,ndcg_at_k,4.0,4,0.631579,-1.0,1.0,1.0,0.1,1.0,1.0,0.000466,5.1e-05,1.2e-05,0.000454,1.9e-05,0.000777,0.003754
bright,theoremqa_questions:TheoremQA_wenhuchen/t_test3.json,greedy_fas_copeland,qrels_flip,synthetic corruption: qrels-derived edges with flip_prob=0.15,20,36,0.094737,15,6,True,1,6,1.0,1,4.0,4.0,4,4,20,ndcg_at_k,4.0,4,0.631579,-1.0,1.0,1.0,0.1,1.0,1.0,0.000466,5.1e-05,1.2e-05,0.000454,1.7e-05,0.000777,0.003754
bright,theoremqa_questions:TheoremQA_wenhuchen/t_test3.json,greedy_fas_score_augmented_topological,qrels_flip,synthetic corruption: qrels-derived edges with flip_prob=0.15,20,36,0.094737,15,6,True,1,6,1.0,1,4.0,4.0,4,4,20,ndcg_at_k,1.0,1,-0.410526,-1.0,0.60526,0.416667,0.1,1.0,0.861111,0.000466,5.1e-05,1.2e-05,0.000454,3.3e-05,0.000777,0.003754
bright,theoremqa_questions:TheoremQA_wenhuchen/t_test3.json,fas_balance_score_prior_alpha_beta,qrels_flip,synthetic corruption: qrels-derived edges with flip_prob=0.15,20,36,0.094737,15,6,True,1,6,1.0,1,4.0,4.0,4,4,20,ndcg_at_k,4.0,4,0.631579,-1.0,1.0,1.0,0.1,1.0,1.0,0.000466,5.1e-05,1.2e-05,0.000454,3.2e-05,0.000777,0.003754
bright,theoremqa_questions:TheoremQA_wenhuchen/t_test3.json,hybrid_rrf_fas_regularized,qrels_flip,synthetic corruption: qrels-derived edges with flip_prob=0.15,20,36,0.094737,15,6,True,1,6,1.0,1,4.0,4.0,4,4,20,ndcg_at_k,4.0,4,0.631579,-1.0,1.0,1.0,0.1,1.0,1.0,0.000466,5.1e-05,1.2e-05,0.000454,0.000116,0.000777,0.003754
bright,theoremqa_questions:TheoremQA_wenhuchen/t_test3.json,hybrid_rrf_balance_a05,qrels_flip,synthetic corruption: qrels-derived edges with flip_prob=0.15,20,36,0.094737,15,6,True,1,6,1.0,1,4.0,4.0,4,4,20,ndcg_at_k,4.0,4,0.631579,-1.0,1.0,1.0,0.1,1.0,1.0,0.000466,5.1e-05,1.2e-05,0.000454,2.3e-05,0.000777,0.003754
bright,theoremqa_questions:TheoremQA_wenhuchen/t_test3.json,hybrid_rrf_copeland_a03,qrels_flip,synthetic corruption: qrels-derived edges with flip_prob=0.15,20,36,0.094737,15,6,True,1,6,1.0,1,4.0,4.0,4,4,20,ndcg_at_k,4.0,4,0.631579,-1.0,1.0,1.0,0.1,1.0,1.0,0.000466,5.1e-05,1.2e-05,0.000454,2.1e-05,0.000777,0.003754
bright,theoremqa_questions:TheoremQA_wenhuchen/t_test3.json,hybrid_rrf_priority_topo_a03,qrels_flip,synthetic corruption: qrels-derived edges with flip_prob=0.15,20,36,0.094737,15,6,True,1,6,1.0,1,4.0,4.0,4,4,20,ndcg_at_k,1.0,1,-0.410526,-1.0,0.60526,0.416667,0.1,1.0,0.861111,0.000466,5.1e-05,1.2e-05,0.000454,5.3e-05,0.000777,0.003754
bright,theoremqa_questions:TheoremQA_xueguangma/present_value_1.json,score_sum,qrels_flip,synthetic corruption: qrels-derived edges with flip_prob=0.15,2,1,0.5,2,1,False,0,0,0,0,0.0,0.0,0,0,2,ndcg_at_k,0.0,0,1.0,1.0,1.0,1.0,0.5,1.0,1.0,2.3e-05,1.3e-05,7e-06,7.9e-05,5e-06,0.000123,0.000932
bright,theoremqa_questions:TheoremQA_xueguangma/present_value_1.json,borda,qrels_flip,synthetic corruption: qrels-derived edges with flip_prob=0.15,2,1,0.5,2,1,False,0,0,0,0,0.0,0.0,0,0,2,ndcg_at_k,0.0,0,1.0,1.0,1.0,1.0,0.5,1.0,1.0,2.3e-05,1.3e-05,7e-06,7.9e-05,4e-06,0.000123,0.000932
bright,theoremqa_questions:TheoremQA_xueguangma/present_value_1.json,pagerank,qrels_flip,synthetic corruption: qrels-derived edges with flip_prob=0.15,2,1,0.5,2,1,False,0,0,0,0,0.0,0.0,0,0,2,ndcg_at_k,0.0,0,1.0,1.0,1.0,1.0,0.5,1.0,1.0,2.3e-05,1.3e-05,7e-06,7.9e-05,0.000614,0.000123,0.000932
bright,theoremqa_questions:TheoremQA_xueguangma/present_value_1.json,greedy_fas_topological,qrels_flip,synthetic corruption: qrels-derived edges with flip_prob=0.15,2,1,0.5,2,1,False,0,0,0,0,0.0,0.0,0,0,2,ndcg_at_k,0.0,0,1.0,1.0,1.0,1.0,0.5,1.0,1.0,2.3e-05,1.3e-05,7e-06,7.9e-05,1.5e-05,0.000123,0.000932
bright,theoremqa_questions:TheoremQA_xueguangma/present_value_1.json,greedy_fas_weighted_balance,qrels_flip,synthetic corruption: qrels-derived edges with flip_prob=0.15,2,1,0.5,2,1,False,0,0,0,0,0.0,0.0,0,0,2,ndcg_at_k,0.0,0,1.0,1.0,1.0,1.0,0.5,1.0,1.0,2.3e-05,1.3e-05,7e-06,7.9e-05,6e-06,0.000123,0.000932
bright,theoremqa_questions:TheoremQA_xueguangma/present_value_1.json,greedy_fas_copeland,qrels_flip,synthetic corruption: qrels-derived edges with flip_prob=0.15,2,1,0.5,2,1,False,0,0,0,0,0.0,0.0,0,0,2,ndcg_at_k,0.0,0,1.0,1.0,1.0,1.0,0.5,1.0,1.0,2.3e-05,1.3e-05,7e-06,7.9e-05,6e-06,0.000123,0.000932
bright,theoremqa_questions:TheoremQA_xueguangma/present_value_1.json,greedy_fas_score_augmented_topological,qrels_flip,synthetic corruption: qrels-derived edges with flip_prob=0.15,2,1,0.5,2,1,False,0,0,0,0,0.0,0.0,0,0,2,ndcg_at_k,0.0,0,1.0,1.0,1.0,1.0,0.5,1.0,1.0,2.3e-05,1.3e-05,7e-06,7.9e-05,5e-06,0.000123,0.000932
bright,theoremqa_questions:TheoremQA_xueguangma/present_value_1.json,fas_balance_score_prior_alpha_beta,qrels_flip,synthetic corruption: qrels-derived edges with flip_prob=0.15,2,1,0.5,2,1,False,0,0,0,0,0.0,0.0,0,0,2,ndcg_at_k,0.0,0,1.0,1.0,1.0,1.0,0.5,1.0,1.0,2.3e-05,1.3e-05,7e-06,7.9e-05,1e-05,0.000123,0.000932
bright,theoremqa_questions:TheoremQA_xueguangma/present_value_1.json,hybrid_rrf_fas_regularized,qrels_flip,synthetic corruption: qrels-derived edges with flip_prob=0.15,2,1,0.5,2,1,False,0,0,0,0,0.0,0.0,0,0,2,ndcg_at_k,0.0,0,1.0,1.0,1.0,1.0,0.5,1.0,1.0,2.3e-05,1.3e-05,7e-06,7.9e-05,6e-06,0.000123,0.000932
bright,theoremqa_questions:TheoremQA_xueguangma/present_value_1.json,hybrid_rrf_balance_a05,qrels_flip,synthetic corruption: qrels-derived edges with flip_prob=0.15,2,1,0.5,2,1,False,0,0,0,0,0.0,0.0,0,0,2,ndcg_at_k,0.0,0,1.0,1.0,1.0,1.0,0.5,1.0,1.0,2.3e-05,1.3e-05,7e-06,7.9e-05,5e-06,0.000123,0.000932
bright,theoremqa_questions:TheoremQA_xueguangma/present_value_1.json,hybrid_rrf_copeland_a03,qrels_flip,synthetic corruption: qrels-derived edges with flip_prob=0.15,2,1,0.5,2,1,False,0,0,0,0,0.0,0.0,0,0,2,ndcg_at_k,0.0,0,1.0,1.0,1.0,1.0,0.5,1.0,1.0,2.3e-05,1.3e-05,7e-06,7.9e-05,4e-06,0.000123,0.000932
bright,theoremqa_questions:TheoremQA_xueguangma/present_value_1.json,hybrid_rrf_priority_topo_a03,qrels_flip,synthetic corruption: qrels-derived edges with flip_prob=0.15,2,1,0.5,2,1,False,0,0,0,0,0.0,0.0,0,0,2,ndcg_at_k,0.0,0,1.0,1.0,1.0,1.0,0.5,1.0,1.0,2.3e-05,1.3e-05,7e-06,7.9e-05,7e-06,0.000123,0.000932
bright,leetcode:57,score_sum,qrels_flip,synthetic corruption: qrels-derived edges with flip_prob=0.15,20,19,0.05,20,1,False,0,0,0,0,3.0,3.0,3,3,20,ndcg_at_k,3.0,3,0.884211,0.098039,1.0,1.0,0.05,1.0,1.0,5.7e-05,3.2e-05,1.6e-05,0.000328,1.3e-05,0.000858,0.002619
bright,leetcode:57,borda,qrels_flip,synthetic corruption: qrels-derived edges with flip_prob=0.15,20,19,0.05,20,1,False,0,0,0,0,3.0,3.0,3,3,20,ndcg_at_k,3.0,3,0.884211,0.098039,1.0,1.0,0.05,1.0,1.0,5.7e-05,3.2e-05,1.6e-05,0.000328,1.2e-05,0.000858,0.002619
bright,leetcode:57,pagerank,qrels_flip,synthetic corruption: qrels-derived edges with flip_prob=0.15,20,19,0.05,20,1,False,0,0,0,0,3.0,3.0,3,3,20,ndcg_at_k,3.0,3,0.105263,0.006536,1.0,1.0,0.05,1.0,1.0,5.7e-05,3.2e-05,1.6e-05,0.000328,0.001071,0.000858,0.002619
bright,leetcode:57,greedy_fas_topological,qrels_flip,synthetic corruption: qrels-derived edges with flip_prob=0.15,20,19,0.05,20,1,False,0,0,0,0,3.0,3.0,3,3,20,ndcg_at_k,0.0,0,0.073684,-0.019608,0.430677,0.25,0.05,1.0,0.842105,5.7e-05,3.2e-05,1.6e-05,0.000328,3.2e-05,0.000858,0.002619
bright,leetcode:57,greedy_fas_weighted_balance,qrels_flip,synthetic corruption: qrels-derived edges with flip_prob=0.15,20,19,0.05,20,1,False,0,0,0,0,3.0,3.0,3,3,20,ndcg_at_k,3.0,3,0.884211,0.098039,1.0,1.0,0.05,1.0,1.0,5.7e-05,3.2e-05,1.6e-05,0.000328,1.5e-05,0.000858,0.002619
bright,leetcode:57,greedy_fas_copeland,qrels_flip,synthetic corruption: qrels-derived edges with flip_prob=0.15,20,19,0.05,20,1,False,0,0,0,0,3.0,3.0,3,3,20,ndcg_at_k,3.0,3,0.884211,0.098039,1.0,1.0,0.05,1.0,1.0,5.7e-05,3.2e-05,1.6e-05,0.000328,1.7e-05,0.000858,0.002619
bright,leetcode:57,greedy_fas_score_augmented_topological,qrels_flip,synthetic corruption: qrels-derived edges with flip_prob=0.15,20,19,0.05,20,1,False,0,0,0,0,3.0,3.0,3,3,20,ndcg_at_k,0.0,0,-0.442105,-0.058824,0.430677,0.25,0.05,1.0,0.842105,5.7e-05,3.2e-05,1.6e-05,0.000328,3.2e-05,0.000858,0.002619
bright,leetcode:57,fas_balance_score_prior_alpha_beta,qrels_flip,synthetic corruption: qrels-derived edges with flip_prob=0.15,20,19,0.05,20,1,False,0,0,0,0,3.0,3.0,3,3,20,ndcg_at_k,3.0,3,0.884211,0.098039,1.0,1.0,0.05,1.0,1.0,5.7e-05,3.2e-05,1.6e-05,0.000328,2.8e-05,0.000858,0.002619
bright,leetcode:57,hybrid_rrf_fas_regularized,qrels_flip,synthetic corruption: qrels-derived edges with flip_prob=0.15,20,19,0.05,20,1,False,0,0,0,0,3.0,3.0,3,3,20,ndcg_at_k,3.0,3,0.884211,0.098039,1.0,1.0,0.05,1.0,1.0,5.7e-05,3.2e-05,1.6e-05,0.000328,2.3e-05,0.000858,0.002619
bright,leetcode:57,hybrid_rrf_balance_a05,qrels_flip,synthetic corruption: qrels-derived edges with flip_prob=0.15,20,19,0.05,20,1,False,0,0,0,0,3.0,3.0,3,3,20,ndcg_at_k,3.0,3,0.884211,0.098039,1.0,1.0,0.05,1.0,1.0,5.7e-05,3.2e-05,1.6e-05,0.000328,1.9e-05,0.000858,0.002619
bright,leetcode:57,hybrid_rrf_copeland_a03,qrels_flip,synthetic corruption: qrels-derived edges with flip_prob=0.15,20,19,0.05,20,1,False,0,0,0,0,3.0,3.0,3,3,20,ndcg_at_k,3.0,3,0.884211,0.098039,1.0,1.0,0.05,1.0,1.0,5.7e-05,3.2e-05,1.6e-05,0.000328,2.2e-05,0.000858,0.002619
bright,leetcode:57,hybrid_rrf_priority_topo_a03,qrels_flip,synthetic corruption: qrels-derived edges with flip_prob=0.15,20,19,0.05,20,1,False,0,0,0,0,3.0,3.0,3,3,20,ndcg_at_k,0.0,0,-0.442105,-0.058824,0.430677,0.25,0.05,1.0,0.842105,5.7e-05,3.2e-05,1.6e-05,0.000328,4.4e-05,0.000858,0.002619
bright,leetcode:23,score_sum,qrels_flip,synthetic corruption: qrels-derived edges with flip_prob=0.15,20,19,0.05,20,1,False,0,0,0,0,2.0,2.0,2,2,20,ndcg_at_k,2.0,2,0.705263,0.111111,1.0,1.0,0.05,1.0,1.0,5.2e-05,3.2e-05,1.7e-05,0.000345,1.3e-05,0.000723,0.002637
bright,leetcode:23,borda,qrels_flip,synthetic corruption: qrels-derived edges with flip_prob=0.15,20,19,0.05,20,1,False,0,0,0,0,2.0,2.0,2,2,20,ndcg_at_k,2.0,2,0.705263,0.111111,1.0,1.0,0.05,1.0,1.0,5.2e-05,3.2e-05,1.7e-05,0.000345,1.2e-05,0.000723,0.002637
bright,leetcode:23,pagerank,qrels_flip,synthetic corruption: qrels-derived edges with flip_prob=0.15,20,19,0.05,20,1,False,0,0,0,0,2.0,2.0,2,2,20,ndcg_at_k,2.0,2,-0.126316,-0.111111,1.0,1.0,0.05,1.0,1.0,5.2e-05,3.2e-05,1.7e-05,0.000345,0.001206,0.000723,0.002637
bright,leetcode:23,greedy_fas_topological,qrels_flip,synthetic corruption: qrels-derived edges with flip_prob=0.15,20,19,0.05,20,1,False,0,0,0,0,2.0,2.0,2,2,20,ndcg_at_k,0.0,0,-0.147368,-0.166667,0.5,0.333333,0.05,1.0,0.894737,5.2e-05,3.2e-05,1.7e-05,0.000345,3.4e-05,0.000723,0.002637
bright,leetcode:23,greedy_fas_weighted_balance,qrels_flip,synthetic corruption: qrels-derived edges with flip_prob=0.15,20,19,0.05,20,1,False,0,0,0,0,2.0,2.0,2,2,20,ndcg_at_k,2.0,2,0.705263,0.111111,1.0,1.0,0.05,1.0,1.0,5.2e-05,3.2e-05,1.7e-05,0.000345,1.6e-05,0.000723,0.002637
bright,leetcode:23,greedy_fas_copeland,qrels_flip,synthetic corruption: qrels-derived edges with flip_prob=0.15,20,19,0.05,20,1,False,0,0,0,0,2.0,2.0,2,2,20,ndcg_at_k,2.0,2,0.705263,0.111111,1.0,1.0,0.05,1.0,1.0,5.2e-05,3.2e-05,1.7e-05,0.000345,1.7e-05,0.000723,0.002637
bright,leetcode:23,greedy_fas_score_augmented_topological,qrels_flip,synthetic corruption: qrels-derived edges with flip_prob=0.15,20,19,0.05,20,1,False,0,0,0,0,2.0,2.0,2,2,20,ndcg_at_k,0.0,0,-0.757895,0.0,0.5,0.333333,0.05,1.0,0.894737,5.2e-05,3.2e-05,1.7e-05,0.000345,3.3e-05,0.000723,0.002637
bright,leetcode:23,fas_balance_score_prior_alpha_beta,qrels_flip,synthetic corruption: qrels-derived edges with flip_prob=0.15,20,19,0.05,20,1,False,0,0,0,0,2.0,2.0,2,2,20,ndcg_at_k,2.0,2,0.705263,0.111111,1.0,1.0,0.05,1.0,1.0,5.2e-05,3.2e-05,1.7e-05,0.000345,2.8e-05,0.000723,0.002637
bright,leetcode:23,hybrid_rrf_fas_regularized,qrels_flip,synthetic corruption: qrels-derived edges with flip_prob=0.15,20,19,0.05,20,1,False,0,0,0,0,2.0,2.0,2,2,20,ndcg_at_k,2.0,2,0.705263,0.111111,1.0,1.0,0.05,1.0,1.0,5.2e-05,3.2e-05,1.7e-05,0.000345,2.1e-05,0.000723,0.002637
bright,leetcode:23,hybrid_rrf_balance_a05,qrels_flip,synthetic corruption: qrels-derived edges with flip_prob=0.15,20,19,0.05,20,1,False,0,0,0,0,2.0,2.0,2,2,20,ndcg_at_k,2.0,2,0.705263,0.111111,1.0,1.0,0.05,1.0,1.0,5.2e-05,3.2e-05,1.7e-05,0.000345,1.9e-05,0.000723,0.002637
bright,leetcode:23,hybrid_rrf_copeland_a03,qrels_flip,synthetic corruption: qrels-derived edges with flip_prob=0.15,20,19,0.05,20,1,False,0,0,0,0,2.0,2.0,2,2,20,ndcg_at_k,2.0,2,0.705263,0.111111,1.0,1.0,0.05,1.0,1.0,5.2e-05,3.2e-05,1.7e-05,0.000345,2.2e-05,0.000723,0.002637
bright,leetcode:23,hybrid_rrf_priority_topo_a03,qrels_flip,synthetic corruption: qrels-derived edges with flip_prob=0.15,20,19,0.05,20,1,False,0,0,0,0,2.0,2.0,2,2,20,ndcg_at_k,0.0,0,-0.757895,0.0,0.5,0.333333,0.05,1.0,0.894737,5.2e-05,3.2e-05,1.7e-05,0.000345,4.7e-05,0.000723,0.002637
bright,aops:aops_2002_AIME_I_Problems/Problem_6,score_sum,qrels_flip,synthetic corruption: qrels-derived edges with flip_prob=0.15,20,51,0.134211,9,12,True,1,12,7.0,7,10.0,8.0,10,8,20,ndcg_at_k,10.0,10,0.410526,1.0,1.0,1.0,0.15,1.0,1.0,0.001852,7e-05,1.2e-05,0.000746,2e-05,0.000827,0.005494
bright,aops:aops_2002_AIME_I_Problems/Problem_6,borda,qrels_flip,synthetic corruption: qrels-derived edges with flip_prob=0.15,20,51,0.134211,9,12,True,1,12,7.0,7,10.0,8.0,10,8,20,ndcg_at_k,10.0,10,0.410526,1.0,1.0,1.0,0.15,1.0,1.0,0.001852,7e-05,1.2e-05,0.000746,1.2e-05,0.000827,0.005494
bright,aops:aops_2002_AIME_I_Problems/Problem_6,pagerank,qrels_flip,synthetic corruption: qrels-derived edges with flip_prob=0.15,20,51,0.134211,9,12,True,1,12,7.0,7,10.0,8.0,10,8,20,ndcg_at_k,10.0,10,0.031579,-0.333333,1.0,1.0,0.15,1.0,1.0,0.001852,7e-05,1.2e-05,0.000746,0.001696,0.000827,0.005494
bright,aops:aops_2002_AIME_I_Problems/Problem_6,greedy_fas_topological,qrels_flip,synthetic corruption: qrels-derived edges with flip_prob=0.15,20,51,0.134211,9,12,True,1,12,7.0,7,10.0,8.0,10,8,20,ndcg_at_k,7.0,7,-0.031579,0.333333,0.547083,0.335354,0.15,1.0,0.745098,0.001852,7e-05,1.2e-05,0.000746,4.3e-05,0.000827,0.005494
bright,aops:aops_2002_AIME_I_Problems/Problem_6,greedy_fas_weighted_balance,qrels_flip,synthetic corruption: qrels-derived edges with flip_prob=0.15,20,51,0.134211,9,12,True,1,12,7.0,7,10.0,8.0,10,8,20,ndcg_at_k,10.0,10,0.294737,0.333333,1.0,1.0,0.15,1.0,1.0,0.001852,7e-05,1.2e-05,0.000746,2.1e-05,0.000827,0.005494
bright,aops:aops_2002_AIME_I_Problems/Problem_6,greedy_fas_copeland,qrels_flip,synthetic corruption: qrels-derived edges with flip_prob=0.15,20,51,0.134211,9,12,True,1,12,7.0,7,10.0,8.0,10,8,20,ndcg_at_k,10.0,10,0.294737,0.333333,1.0,1.0,0.15,1.0,1.0,0.001852,7e-05,1.2e-05,0.000746,1.7e-05,0.000827,0.005494
bright,aops:aops_2002_AIME_I_Problems/Problem_6,greedy_fas_score_augmented_topological,qrels_flip,synthetic corruption: qrels-derived edges with flip_prob=0.15,20,51,0.134211,9,12,True,1,12,7.0,7,10.0,8.0,10,8,20,ndcg_at_k,7.0,7,-0.242105,0.333333,0.547083,0.335354,0.15,1.0,0.745098,0.001852,7e-05,1.2e-05,0.000746,3e-05,0.000827,0.005494
bright,aops:aops_2002_AIME_I_Problems/Problem_6,fas_balance_score_prior_alpha_beta,qrels_flip,synthetic corruption: qrels-derived edges with flip_prob=0.15,20,51,0.134211,9,12,True,1,12,7.0,7,10.0,8.0,10,8,20,ndcg_at_k,10.0,10,0.294737,0.333333,1.0,1.0,0.15,1.0,1.0,0.001852,7e-05,1.2e-05,0.000746,3.3e-05,0.000827,0.005494
bright,aops:aops_2002_AIME_I_Problems/Problem_6,hybrid_rrf_fas_regularized,qrels_flip,synthetic corruption: qrels-derived edges with flip_prob=0.15,20,51,0.134211,9,12,True,1,12,7.0,7,10.0,8.0,10,8,20,ndcg_at_k,10.0,10,0.294737,0.333333,1.0,1.0,0.15,1.0,1.0,0.001852,7e-05,1.2e-05,0.000746,2.7e-05,0.000827,0.005494
bright,aops:aops_2002_AIME_I_Problems/Problem_6,hybrid_rrf_balance_a05,qrels_flip,synthetic corruption: qrels-derived edges with flip_prob=0.15,20,51,0.134211,9,12,True,1,12,7.0,7,10.0,8.0,10,8,20,ndcg_at_k,10.0,10,0.294737,0.333333,1.0,1.0,0.15,1.0,1.0,0.001852,7e-05,1.2e-05,0.000746,2.3e-05,0.000827,0.005494
bright,aops:aops_2002_AIME_I_Problems/Problem_6,hybrid_rrf_copeland_a03,qrels_flip,synthetic corruption: qrels-derived edges with flip_prob=0.15,20,51,0.134211,9,12,True,1,12,7.0,7,10.0,8.0,10,8,20,ndcg_at_k,10.0,10,0.294737,0.333333,1.0,1.0,0.15,1.0,1.0,0.001852,7e-05,1.2e-05,0.000746,2.1e-05,0.000827,0.005494
bright,aops:aops_2002_AIME_I_Problems/Problem_6,hybrid_rrf_priority_topo_a03,qrels_flip,synthetic corruption: qrels-derived edges with flip_prob=0.15,20,51,0.134211,9,12,True,1,12,7.0,7,10.0,8.0,10,8,20,ndcg_at_k,7.0,7,-0.242105,0.333333,0.547083,0.335354,0.15,1.0,0.745098,0.001852,7e-05,1.2e-05,0.000746,4.4e-05,0.000827,0.005494
bright,aops:math_test_intermediate_algebra_1179,score_sum,qrels_flip,synthetic corruption: qrels-derived edges with flip_prob=0.15,20,36,0.094737,20,1,False,0,0,0,0,3.0,3.0,3,3,20,ndcg_at_k,3.0,3,0.821053,1.0,1.0,1.0,0.1,1.0,1.0,0.001884,0.000339,2e-05,0.000249,1.8e-05,0.000756,0.004827
bright,aops:math_test_intermediate_algebra_1179,borda,qrels_flip,synthetic corruption: qrels-derived edges with flip_prob=0.15,20,36,0.094737,20,1,False,0,0,0,0,3.0,3.0,3,3,20,ndcg_at_k,3.0,3,0.821053,1.0,1.0,1.0,0.1,1.0,1.0,0.001884,0.000339,2e-05,0.000249,1.4e-05,0.000756,0.004827
bright,aops:math_test_intermediate_algebra_1179,pagerank,qrels_flip,synthetic corruption: qrels-derived edges with flip_prob=0.15,20,36,0.094737,20,1,False,0,0,0,0,3.0,3.0,3,3,20,ndcg_at_k,3.0,3,0.094737,1.0,1.0,1.0,0.1,1.0,1.0,0.001884,0.000339,2e-05,0.000249,0.001281,0.000756,0.004827
bright,aops:math_test_intermediate_algebra_1179,greedy_fas_topological,qrels_flip,synthetic corruption: qrels-derived edges with flip_prob=0.15,20,36,0.094737,20,1,False,0,0,0,0,3.0,3.0,3,3,20,ndcg_at_k,0.0,0,0.063158,1.0,0.850345,0.7,0.1,1.0,0.916667,0.001884,0.000339,2e-05,0.000249,4.1e-05,0.000756,0.004827
bright,aops:math_test_intermediate_algebra_1179,greedy_fas_weighted_balance,qrels_flip,synthetic corruption: qrels-derived edges with flip_prob=0.15,20,36,0.094737,20,1,False,0,0,0,0,3.0,3.0,3,3,20,ndcg_at_k,3.0,3,0.821053,1.0,1.0,1.0,0.1,1.0,1.0,0.001884,0.000339,2e-05,0.000249,1.9e-05,0.000756,0.004827
bright,aops:math_test_intermediate_algebra_1179,greedy_fas_copeland,qrels_flip,synthetic corruption: qrels-derived edges with flip_prob=0.15,20,36,0.094737,20,1,False,0,0,0,0,3.0,3.0,3,3,20,ndcg_at_k,3.0,3,0.821053,1.0,1.0,1.0,0.1,1.0,1.0,0.001884,0.000339,2e-05,0.000249,1.9e-05,0.000756,0.004827
bright,aops:math_test_intermediate_algebra_1179,greedy_fas_score_augmented_topological,qrels_flip,synthetic corruption: qrels-derived edges with flip_prob=0.15,20,36,0.094737,20,1,False,0,0,0,0,3.0,3.0,3,3,20,ndcg_at_k,0.0,0,-0.347368,1.0,0.850345,0.7,0.1,1.0,0.916667,0.001884,0.000339,2e-05,0.000249,3.4e-05,0.000756,0.004827
bright,aops:math_test_intermediate_algebra_1179,fas_balance_score_prior_alpha_beta,qrels_flip,synthetic corruption: qrels-derived edges with flip_prob=0.15,20,36,0.094737,20,1,False,0,0,0,0,3.0,3.0,3,3,20,ndcg_at_k,3.0,3,0.821053,1.0,1.0,1.0,0.1,1.0,1.0,0.001884,0.000339,2e-05,0.000249,3.2e-05,0.000756,0.004827
bright,aops:math_test_intermediate_algebra_1179,hybrid_rrf_fas_regularized,qrels_flip,synthetic corruption: qrels-derived edges with flip_prob=0.15,20,36,0.094737,20,1,False,0,0,0,0,3.0,3.0,3,3,20,ndcg_at_k,3.0,3,0.821053,1.0,1.0,1.0,0.1,1.0,1.0,0.001884,0.000339,2e-05,0.000249,2.7e-05,0.000756,0.004827
bright,aops:math_test_intermediate_algebra_1179,hybrid_rrf_balance_a05,qrels_flip,synthetic corruption: qrels-derived edges with flip_prob=0.15,20,36,0.094737,20,1,False,0,0,0,0,3.0,3.0,3,3,20,ndcg_at_k,3.0,3,0.821053,1.0,1.0,1.0,0.1,1.0,1.0,0.001884,0.000339,2e-05,0.000249,2.2e-05,0.000756,0.004827
bright,aops:math_test_intermediate_algebra_1179,hybrid_rrf_copeland_a03,qrels_flip,synthetic corruption: qrels-derived edges with flip_prob=0.15,20,36,0.094737,20,1,False,0,0,0,0,3.0,3.0,3,3,20,ndcg_at_k,3.0,3,0.821053,1.0,1.0,1.0,0.1,1.0,1.0,0.001884,0.000339,2e-05,0.000249,2.1e-05,0.000756,0.004827
bright,aops:math_test_intermediate_algebra_1179,hybrid_rrf_priority_topo_a03,qrels_flip,synthetic corruption: qrels-derived edges with flip_prob=0.15,20,36,0.094737,20,1,False,0,0,0,0,3.0,3.0,3,3,20,ndcg_at_k,0.0,0,-0.347368,1.0,0.850345,0.7,0.1,1.0,0.916667,0.001884,0.000339,2e-05,0.000249,5.1e-05,0.000756,0.004827
bright,theoremqa_questions:TheoremQA_jianyu_xu/Multinomial_2.json,score_sum,qrels_flip,synthetic corruption: qrels-derived edges with flip_prob=0.15,20,64,0.168421,13,8,True,1,8,4.0,4,8.0,4.0,8,4,20,ndcg_at_k,8.0,8,0.536842,0.666667,1.0,1.0,0.2,1.0,1.0,0.000761,7.7e-05,1.4e-05,0.000655,2.1e-05,0.000837,0.003908
bright,theoremqa_questions:TheoremQA_jianyu_xu/Multinomial_2.json,borda,qrels_flip,synthetic corruption: qrels-derived edges with flip_prob=0.15,20,64,0.168421,13,8,True,1,8,4.0,4,8.0,4.0,8,4,20,ndcg_at_k,8.0,8,0.536842,0.666667,1.0,1.0,0.2,1.0,1.0,0.000761,7.7e-05,1.4e-05,0.000655,1.3e-05,0.000837,0.003908
bright,theoremqa_questions:TheoremQA_jianyu_xu/Multinomial_2.json,pagerank,qrels_flip,synthetic corruption: qrels-derived edges with flip_prob=0.15,20,64,0.168421,13,8,True,1,8,4.0,4,8.0,4.0,8,4,20,ndcg_at_k,5.0,5,0.178947,0.666667,0.904717,0.804167,0.2,1.0,0.953125,0.000761,7.7e-05,1.4e-05,0.000655,0.001249,0.000837,0.003908
bright,theoremqa_questions:TheoremQA_jianyu_xu/Multinomial_2.json,greedy_fas_topological,qrels_flip,synthetic corruption: qrels-derived edges with flip_prob=0.15,20,64,0.168421,13,8,True,1,8,4.0,4,8.0,4.0,8,4,20,ndcg_at_k,3.0,3,0.178947,1.0,0.883824,0.747024,0.2,1.0,0.921875,0.000761,7.7e-05,1.4e-05,0.000655,4.3e-05,0.000837,0.003908
bright,theoremqa_questions:TheoremQA_jianyu_xu/Multinomial_2.json,greedy_fas_weighted_balance,qrels_flip,synthetic corruption: qrels-derived edges with flip_prob=0.15,20,64,0.168421,13,8,True,1,8,4.0,4,8.0,4.0,8,4,20,ndcg_at_k,8.0,8,0.494737,1.0,1.0,1.0,0.2,1.0,1.0,0.000761,7.7e-05,1.4e-05,0.000655,2.4e-05,0.000837,0.003908
bright,theoremqa_questions:TheoremQA_jianyu_xu/Multinomial_2.json,greedy_fas_copeland,qrels_flip,synthetic corruption: qrels-derived edges with flip_prob=0.15,20,64,0.168421,13,8,True,1,8,4.0,4,8.0,4.0,8,4,20,ndcg_at_k,8.0,8,0.494737,1.0,1.0,1.0,0.2,1.0,1.0,0.000761,7.7e-05,1.4e-05,0.000655,1.8e-05,0.000837,0.003908
bright,theoremqa_questions:TheoremQA_jianyu_xu/Multinomial_2.json,greedy_fas_score_augmented_topological,qrels_flip,synthetic corruption: qrels-derived edges with flip_prob=0.15,20,64,0.168421,13,8,True,1,8,4.0,4,8.0,4.0,8,4,20,ndcg_at_k,4.0,4,-0.084211,1.0,0.892754,0.770833,0.2,1.0,0.9375,0.000761,7.7e-05,1.4e-05,0.000655,3.3e-05,0.000837,0.003908
bright,theoremqa_questions:TheoremQA_jianyu_xu/Multinomial_2.json,fas_balance_score_prior_alpha_beta,qrels_flip,synthetic corruption: qrels-derived edges with flip_prob=0.15,20,64,0.168421,13,8,True,1,8,4.0,4,8.0,4.0,8,4,20,ndcg_at_k,8.0,8,0.494737,1.0,1.0,1.0,0.2,1.0,1.0,0.000761,7.7e-05,1.4e-05,0.000655,3.6e-05,0.000837,0.003908
bright,theoremqa_questions:TheoremQA_jianyu_xu/Multinomial_2.json,hybrid_rrf_fas_regularized,qrels_flip,synthetic corruption: qrels-derived edges with flip_prob=0.15,20,64,0.168421,13,8,True,1,8,4.0,4,8.0,4.0,8,4,20,ndcg_at_k,8.0,8,0.494737,1.0,1.0,1.0,0.2,1.0,1.0,0.000761,7.7e-05,1.4e-05,0.000655,2.9e-05,0.000837,0.003908
bright,theoremqa_questions:TheoremQA_jianyu_xu/Multinomial_2.json,hybrid_rrf_balance_a05,qrels_flip,synthetic corruption: qrels-derived edges with flip_prob=0.15,20,64,0.168421,13,8,True,1,8,4.0,4,8.0,4.0,8,4,20,ndcg_at_k,8.0,8,0.494737,1.0,1.0,1.0,0.2,1.0,1.0,0.000761,7.7e-05,1.4e-05,0.000655,2.5e-05,0.000837,0.003908
bright,theoremqa_questions:TheoremQA_jianyu_xu/Multinomial_2.json,hybrid_rrf_copeland_a03,qrels_flip,synthetic corruption: qrels-derived edges with flip_prob=0.15,20,64,0.168421,13,8,True,1,8,4.0,4,8.0,4.0,8,4,20,ndcg_at_k,8.0,8,0.494737,1.0,1.0,1.0,0.2,1.0,1.0,0.000761,7.7e-05,1.4e-05,0.000655,2.1e-05,0.000837,0.003908
bright,theoremqa_questions:TheoremQA_jianyu_xu/Multinomial_2.json,hybrid_rrf_priority_topo_a03,qrels_flip,synthetic corruption: qrels-derived edges with flip_prob=0.15,20,64,0.168421,13,8,True,1,8,4.0,4,8.0,4.0,8,4,20,ndcg_at_k,4.0,4,-0.084211,1.0,0.892754,0.770833,0.2,1.0,0.9375,0.000761,7.7e-05,1.4e-05,0.000655,5.2e-05,0.000837,0.003908
bright,leetcode:24,score_sum,qrels_flip,synthetic corruption: qrels-derived edges with flip_prob=0.15,20,19,0.05,20,1,False,0,0,0,0,2.0,2.0,2,2,20,ndcg_at_k,2.0,2,0.757895,0.333333,1.0,1.0,0.05,1.0,1.0,6.6e-05,3.5e-05,1.7e-05,0.00029,1.3e-05,0.00073,0.002576
bright,leetcode:24,borda,qrels_flip,synthetic corruption: qrels-derived edges with flip_prob=0.15,20,19,0.05,20,1,False,0,0,0,0,2.0,2.0,2,2,20,ndcg_at_k,2.0,2,0.757895,0.333333,1.0,1.0,0.05,1.0,1.0,6.6e-05,3.5e-05,1.7e-05,0.00029,1.1e-05,0.00073,0.002576
bright,leetcode:24,pagerank,qrels_flip,synthetic corruption: qrels-derived edges with flip_prob=0.15,20,19,0.05,20,1,False,0,0,0,0,2.0,2.0,2,2,20,ndcg_at_k,2.0,2,0.063158,0.333333,1.0,1.0,0.05,1.0,1.0,6.6e-05,3.5e-05,1.7e-05,0.00029,0.001168,0.00073,0.002576
bright,leetcode:24,greedy_fas_topological,qrels_flip,synthetic corruption: qrels-derived edges with flip_prob=0.15,20,19,0.05,20,1,False,0,0,0,0,2.0,2.0,2,2,20,ndcg_at_k,0.0,0,0.042105,0.333333,0.5,0.333333,0.05,1.0,0.894737,6.6e-05,3.5e-05,1.7e-05,0.00029,3.3e-05,0.00073,0.002576
bright,leetcode:24,greedy_fas_weighted_balance,qrels_flip,synthetic corruption: qrels-derived edges with flip_prob=0.15,20,19,0.05,20,1,False,0,0,0,0,2.0,2.0,2,2,20,ndcg_at_k,2.0,2,0.757895,0.333333,1.0,1.0,0.05,1.0,1.0,6.6e-05,3.5e-05,1.7e-05,0.00029,1.5e-05,0.00073,0.002576
bright,leetcode:24,greedy_fas_copeland,qrels_flip,synthetic corruption: qrels-derived edges with flip_prob=0.15,20,19,0.05,20,1,False,0,0,0,0,2.0,2.0,2,2,20,ndcg_at_k,2.0,2,0.757895,0.333333,1.0,1.0,0.05,1.0,1.0,6.6e-05,3.5e-05,1.7e-05,0.00029,1.7e-05,0.00073,0.002576
bright,leetcode:24,greedy_fas_score_augmented_topological,qrels_flip,synthetic corruption: qrels-derived edges with flip_prob=0.15,20,19,0.05,20,1,False,0,0,0,0,2.0,2.0,2,2,20,ndcg_at_k,0.0,0,-0.705263,0.238095,0.5,0.333333,0.05,1.0,0.894737,6.6e-05,3.5e-05,1.7e-05,0.00029,4.1e-05,0.00073,0.002576
bright,leetcode:24,fas_balance_score_prior_alpha_beta,qrels_flip,synthetic corruption: qrels-derived edges with flip_prob=0.15,20,19,0.05,20,1,False,0,0,0,0,2.0,2.0,2,2,20,ndcg_at_k,2.0,2,0.757895,0.333333,1.0,1.0,0.05,1.0,1.0,6.6e-05,3.5e-05,1.7e-05,0.00029,2.8e-05,0.00073,0.002576
bright,leetcode:24,hybrid_rrf_fas_regularized,qrels_flip,synthetic corruption: qrels-derived edges with flip_prob=0.15,20,19,0.05,20,1,False,0,0,0,0,2.0,2.0,2,2,20,ndcg_at_k,2.0,2,0.757895,0.333333,1.0,1.0,0.05,1.0,1.0,6.6e-05,3.5e-05,1.7e-05,0.00029,2.3e-05,0.00073,0.002576
bright,leetcode:24,hybrid_rrf_balance_a05,qrels_flip,synthetic corruption: qrels-derived edges with flip_prob=0.15,20,19,0.05,20,1,False,0,0,0,0,2.0,2.0,2,2,20,ndcg_at_k,2.0,2,0.757895,0.333333,1.0,1.0,0.05,1.0,1.0,6.6e-05,3.5e-05,1.7e-05,0.00029,1.9e-05,0.00073,0.002576
bright,leetcode:24,hybrid_rrf_copeland_a03,qrels_flip,synthetic corruption: qrels-derived edges with flip_prob=0.15,20,19,0.05,20,1,False,0,0,0,0,2.0,2.0,2,2,20,ndcg_at_k,2.0,2,0.757895,0.333333,1.0,1.0,0.05,1.0,1.0,6.6e-05,3.5e-05,1.7e-05,0.00029,2.2e-05,0.00073,0.002576
bright,leetcode:24,hybrid_rrf_priority_topo_a03,qrels_flip,synthetic corruption: qrels-derived edges with flip_prob=0.15,20,19,0.05,20,1,False,0,0,0,0,2.0,2.0,2,2,20,ndcg_at_k,0.0,0,-0.705263,0.238095,0.5,0.333333,0.05,1.0,0.894737,6.6e-05,3.5e-05,1.7e-05,0.00029,4.8e-05,0.00073,0.002576
bright,theoremqa_questions:TheoremQA_mingyin/Lebesgue-measure1.json,score_sum,qrels_flip,synthetic corruption: qrels-derived edges with flip_prob=0.15,20,19,0.05,20,1,False,0,0,0,0,3.0,3.0,3,3,20,ndcg_at_k,3.0,3,0.747368,,1.0,1.0,0.05,1.0,1.0,0.000298,3.5e-05,1.6e-05,0.000414,1.4e-05,0.000705,0.002873
bright,theoremqa_questions:TheoremQA_mingyin/Lebesgue-measure1.json,borda,qrels_flip,synthetic corruption: qrels-derived edges with flip_prob=0.15,20,19,0.05,20,1,False,0,0,0,0,3.0,3.0,3,3,20,ndcg_at_k,3.0,3,0.747368,,1.0,1.0,0.05,1.0,1.0,0.000298,3.5e-05,1.6e-05,0.000414,1.2e-05,0.000705,0.002873
bright,theoremqa_questions:TheoremQA_mingyin/Lebesgue-measure1.json,pagerank,qrels_flip,synthetic corruption: qrels-derived edges with flip_prob=0.15,20,19,0.05,20,1,False,0,0,0,0,3.0,3.0,3,3,20,ndcg_at_k,3.0,3,0.136842,,1.0,1.0,0.05,1.0,1.0,0.000298,3.5e-05,1.6e-05,0.000414,0.001132,0.000705,0.002873
bright,theoremqa_questions:TheoremQA_mingyin/Lebesgue-measure1.json,greedy_fas_topological,qrels_flip,synthetic corruption: qrels-derived edges with flip_prob=0.15,20,19,0.05,20,1,False,0,0,0,0,3.0,3.0,3,3,20,ndcg_at_k,0.0,0,0.105263,,0.430677,0.25,0.05,1.0,0.842105,0.000298,3.5e-05,1.6e-05,0.000414,3.7e-05,0.000705,0.002873
bright,theoremqa_questions:TheoremQA_mingyin/Lebesgue-measure1.json,greedy_fas_weighted_balance,qrels_flip,synthetic corruption: qrels-derived edges with flip_prob=0.15,20,19,0.05,20,1,False,0,0,0,0,3.0,3.0,3,3,20,ndcg_at_k,3.0,3,0.747368,,1.0,1.0,0.05,1.0,1.0,0.000298,3.5e-05,1.6e-05,0.000414,1.7e-05,0.000705,0.002873
bright,theoremqa_questions:TheoremQA_mingyin/Lebesgue-measure1.json,greedy_fas_copeland,qrels_flip,synthetic corruption: qrels-derived edges with flip_prob=0.15,20,19,0.05,20,1,False,0,0,0,0,3.0,3.0,3,3,20,ndcg_at_k,3.0,3,0.747368,,1.0,1.0,0.05,1.0,1.0,0.000298,3.5e-05,1.6e-05,0.000414,1.9e-05,0.000705,0.002873
bright,theoremqa_questions:TheoremQA_mingyin/Lebesgue-measure1.json,greedy_fas_score_augmented_topological,qrels_flip,synthetic corruption: qrels-derived edges with flip_prob=0.15,20,19,0.05,20,1,False,0,0,0,0,3.0,3.0,3,3,20,ndcg_at_k,0.0,0,-0.578947,,0.430677,0.25,0.05,1.0,0.842105,0.000298,3.5e-05,1.6e-05,0.000414,3.6e-05,0.000705,0.002873
bright,theoremqa_questions:TheoremQA_mingyin/Lebesgue-measure1.json,fas_balance_score_prior_alpha_beta,qrels_flip,synthetic corruption: qrels-derived edges with flip_prob=0.15,20,19,0.05,20,1,False,0,0,0,0,3.0,3.0,3,3,20,ndcg_at_k,3.0,3,0.747368,,1.0,1.0,0.05,1.0,1.0,0.000298,3.5e-05,1.6e-05,0.000414,2.9e-05,0.000705,0.002873
bright,theoremqa_questions:TheoremQA_mingyin/Lebesgue-measure1.json,hybrid_rrf_fas_regularized,qrels_flip,synthetic corruption: qrels-derived edges with flip_prob=0.15,20,19,0.05,20,1,False,0,0,0,0,3.0,3.0,3,3,20,ndcg_at_k,3.0,3,0.747368,,1.0,1.0,0.05,1.0,1.0,0.000298,3.5e-05,1.6e-05,0.000414,2.3e-05,0.000705,0.002873
bright,theoremqa_questions:TheoremQA_mingyin/Lebesgue-measure1.json,hybrid_rrf_balance_a05,qrels_flip,synthetic corruption: qrels-derived edges with flip_prob=0.15,20,19,0.05,20,1,False,0,0,0,0,3.0,3.0,3,3,20,ndcg_at_k,3.0,3,0.747368,,1.0,1.0,0.05,1.0,1.0,0.000298,3.5e-05,1.6e-05,0.000414,1.8e-05,0.000705,0.002873
bright,theoremqa_questions:TheoremQA_mingyin/Lebesgue-measure1.json,hybrid_rrf_copeland_a03,qrels_flip,synthetic corruption: qrels-derived edges with flip_prob=0.15,20,19,0.05,20,1,False,0,0,0,0,3.0,3.0,3,3,20,ndcg_at_k,3.0,3,0.747368,,1.0,1.0,0.05,1.0,1.0,0.000298,3.5e-05,1.6e-05,0.000414,2.1e-05,0.000705,0.002873
bright,theoremqa_questions:TheoremQA_mingyin/Lebesgue-measure1.json,hybrid_rrf_priority_topo_a03,qrels_flip,synthetic corruption: qrels-derived edges with flip_prob=0.15,20,19,0.05,20,1,False,0,0,0,0,3.0,3.0,3,3,20,ndcg_at_k,0.0,0,-0.578947,,0.430677,0.25,0.05,1.0,0.842105,0.000298,3.5e-05,1.6e-05,0.000414,4.7e-05,0.000705,0.002873
bright,aops:math_train_geometry_6116,score_sum,qrels_flip,synthetic corruption: qrels-derived edges with flip_prob=0.15,20,96,0.252632,5,16,True,1,16,15.0,15,15.0,3.0,15,3,20,ndcg_at_k,15.0,15,0.536842,0.214286,1.0,1.0,0.4,1.0,1.0,0.000763,0.000111,1.4e-05,0.001514,2.6e-05,0.000947,0.005121
bright,aops:math_train_geometry_6116,borda,qrels_flip,synthetic corruption: qrels-derived edges with flip_prob=0.15,20,96,0.252632,5,16,True,1,16,15.0,15,15.0,3.0,15,3,20,ndcg_at_k,15.0,15,0.536842,0.214286,1.0,1.0,0.4,1.0,1.0,0.000763,0.000111,1.4e-05,0.001514,1.2e-05,0.000947,0.005121
bright,aops:math_train_geometry_6116,pagerank,qrels_flip,synthetic corruption: qrels-derived edges with flip_prob=0.15,20,96,0.252632,5,16,True,1,16,15.0,15,15.0,3.0,15,3,20,ndcg_at_k,25.0,25,0.094737,0.142857,0.740349,0.59122,0.4,1.0,0.770833,0.000763,0.000111,1.4e-05,0.001514,0.001429,0.000947,0.005121
bright,aops:math_train_geometry_6116,greedy_fas_topological,qrels_flip,synthetic corruption: qrels-derived edges with flip_prob=0.15,20,96,0.252632,5,16,True,1,16,15.0,15,15.0,3.0,15,3,20,ndcg_at_k,14.0,14,0.4,0.0,0.97847,0.924145,0.4,1.0,0.927083,0.000763,0.000111,1.4e-05,0.001514,4.5e-05,0.000947,0.005121
bright,aops:math_train_geometry_6116,greedy_fas_weighted_balance,qrels_flip,synthetic corruption: qrels-derived edges with flip_prob=0.15,20,96,0.252632,5,16,True,1,16,15.0,15,15.0,3.0,15,3,20,ndcg_at_k,15.0,15,0.526316,0.357143,1.0,1.0,0.4,1.0,1.0,0.000763,0.000111,1.4e-05,0.001514,2.8e-05,0.000947,0.005121
bright,aops:math_train_geometry_6116,greedy_fas_copeland,qrels_flip,synthetic corruption: qrels-derived edges with flip_prob=0.15,20,96,0.252632,5,16,True,1,16,15.0,15,15.0,3.0,15,3,20,ndcg_at_k,15.0,15,0.526316,0.357143,1.0,1.0,0.4,1.0,1.0,0.000763,0.000111,1.4e-05,0.001514,1.8e-05,0.000947,0.005121
bright,aops:math_train_geometry_6116,greedy_fas_score_augmented_topological,qrels_flip,synthetic corruption: qrels-derived edges with flip_prob=0.15,20,96,0.252632,5,16,True,1,16,15.0,15,15.0,3.0,15,3,20,ndcg_at_k,12.0,12,0.336842,0.142857,0.988803,0.959375,0.4,1.0,0.96875,0.000763,0.000111,1.4e-05,0.001514,3.1e-05,0.000947,0.005121
bright,aops:math_train_geometry_6116,fas_balance_score_prior_alpha_beta,qrels_flip,synthetic corruption: qrels-derived edges with flip_prob=0.15,20,96,0.252632,5,16,True,1,16,15.0,15,15.0,3.0,15,3,20,ndcg_at_k,15.0,15,0.494737,0.357143,1.0,1.0,0.4,1.0,1.0,0.000763,0.000111,1.4e-05,0.001514,3.9e-05,0.000947,0.005121
bright,aops:math_train_geometry_6116,hybrid_rrf_fas_regularized,qrels_flip,synthetic corruption: qrels-derived edges with flip_prob=0.15,20,96,0.252632,5,16,True,1,16,15.0,15,15.0,3.0,15,3,20,ndcg_at_k,15.0,15,0.484211,0.214286,1.0,1.0,0.4,1.0,1.0,0.000763,0.000111,1.4e-05,0.001514,3.2e-05,0.000947,0.005121
bright,aops:math_train_geometry_6116,hybrid_rrf_balance_a05,qrels_flip,synthetic corruption: qrels-derived edges with flip_prob=0.15,20,96,0.252632,5,16,True,1,16,15.0,15,15.0,3.0,15,3,20,ndcg_at_k,15.0,15,0.494737,0.285714,1.0,1.0,0.4,1.0,1.0,0.000763,0.000111,1.4e-05,0.001514,2.8e-05,0.000947,0.005121
bright,aops:math_train_geometry_6116,hybrid_rrf_copeland_a03,qrels_flip,synthetic corruption: qrels-derived edges with flip_prob=0.15,20,96,0.252632,5,16,True,1,16,15.0,15,15.0,3.0,15,3,20,ndcg_at_k,15.0,15,0.484211,0.214286,1.0,1.0,0.4,1.0,1.0,0.000763,0.000111,1.4e-05,0.001514,2.2e-05,0.000947,0.005121
bright,aops:math_train_geometry_6116,hybrid_rrf_priority_topo_a03,qrels_flip,synthetic corruption: qrels-derived edges with flip_prob=0.15,20,96,0.252632,5,16,True,1,16,15.0,15,15.0,3.0,15,3,20,ndcg_at_k,12.0,12,0.378947,0.142857,0.988803,0.959375,0.4,1.0,0.96875,0.000763,0.000111,1.4e-05,0.001514,6.2e-05,0.000947,0.005121
bright,theoremqa_questions:TheoremQA_elainewan/econ_micro_7_2.json,score_sum,qrels_flip,synthetic corruption: qrels-derived edges with flip_prob=0.15,20,36,0.094737,13,8,True,1,8,2.0,2,6.0,6.0,6,6,20,ndcg_at_k,6.0,6,0.610526,-1.0,1.0,1.0,0.1,1.0,1.0,0.00044,6e-05,1.2e-05,0.000502,1.6e-05,0.000771,0.003734
bright,theoremqa_questions:TheoremQA_elainewan/econ_micro_7_2.json,borda,qrels_flip,synthetic corruption: qrels-derived edges with flip_prob=0.15,20,36,0.094737,13,8,True,1,8,2.0,2,6.0,6.0,6,6,20,ndcg_at_k,6.0,6,0.610526,-1.0,1.0,1.0,0.1,1.0,1.0,0.00044,6e-05,1.2e-05,0.000502,1.2e-05,0.000771,0.003734
bright,theoremqa_questions:TheoremQA_elainewan/econ_micro_7_2.json,pagerank,qrels_flip,synthetic corruption: qrels-derived edges with flip_prob=0.15,20,36,0.094737,13,8,True,1,8,2.0,2,6.0,6.0,6,6,20,ndcg_at_k,6.0,6,0.231579,-1.0,1.0,1.0,0.1,1.0,1.0,0.00044,6e-05,1.2e-05,0.000502,0.00167,0.000771,0.003734
bright,theoremqa_questions:TheoremQA_elainewan/econ_micro_7_2.json,greedy_fas_topological,qrels_flip,synthetic corruption: qrels-derived edges with flip_prob=0.15,20,36,0.094737,13,8,True,1,8,2.0,2,6.0,6.0,6,6,20,ndcg_at_k,2.0,2,0.147368,-1.0,0.5,0.291667,0.1,1.0,0.777778,0.00044,6e-05,1.2e-05,0.000502,4e-05,0.000771,0.003734
bright,theoremqa_questions:TheoremQA_elainewan/econ_micro_7_2.json,greedy_fas_weighted_balance,qrels_flip,synthetic corruption: qrels-derived edges with flip_prob=0.15,20,36,0.094737,13,8,True,1,8,2.0,2,6.0,6.0,6,6,20,ndcg_at_k,6.0,6,0.568421,-1.0,1.0,1.0,0.1,1.0,1.0,0.00044,6e-05,1.2e-05,0.000502,2.1e-05,0.000771,0.003734
bright,theoremqa_questions:TheoremQA_elainewan/econ_micro_7_2.json,greedy_fas_copeland,qrels_flip,synthetic corruption: qrels-derived edges with flip_prob=0.15,20,36,0.094737,13,8,True,1,8,2.0,2,6.0,6.0,6,6,20,ndcg_at_k,6.0,6,0.568421,-1.0,1.0,1.0,0.1,1.0,1.0,0.00044,6e-05,1.2e-05,0.000502,1.8e-05,0.000771,0.003734
bright,theoremqa_questions:TheoremQA_elainewan/econ_micro_7_2.json,greedy_fas_score_augmented_topological,qrels_flip,synthetic corruption: qrels-derived edges with flip_prob=0.15,20,36,0.094737,13,8,True,1,8,2.0,2,6.0,6.0,6,6,20,ndcg_at_k,2.0,2,-0.284211,-1.0,0.5,0.291667,0.1,1.0,0.777778,0.00044,6e-05,1.2e-05,0.000502,3.1e-05,0.000771,0.003734
bright,theoremqa_questions:TheoremQA_elainewan/econ_micro_7_2.json,fas_balance_score_prior_alpha_beta,qrels_flip,synthetic corruption: qrels-derived edges with flip_prob=0.15,20,36,0.094737,13,8,True,1,8,2.0,2,6.0,6.0,6,6,20,ndcg_at_k,6.0,6,0.568421,-1.0,1.0,1.0,0.1,1.0,1.0,0.00044,6e-05,1.2e-05,0.000502,3e-05,0.000771,0.003734
bright,theoremqa_questions:TheoremQA_elainewan/econ_micro_7_2.json,hybrid_rrf_fas_regularized,qrels_flip,synthetic corruption: qrels-derived edges with flip_prob=0.15,20,36,0.094737,13,8,True,1,8,2.0,2,6.0,6.0,6,6,20,ndcg_at_k,6.0,6,0.568421,-1.0,1.0,1.0,0.1,1.0,1.0,0.00044,6e-05,1.2e-05,0.000502,2.5e-05,0.000771,0.003734
bright,theoremqa_questions:TheoremQA_elainewan/econ_micro_7_2.json,hybrid_rrf_balance_a05,qrels_flip,synthetic corruption: qrels-derived edges with flip_prob=0.15,20,36,0.094737,13,8,True,1,8,2.0,2,6.0,6.0,6,6,20,ndcg_at_k,6.0,6,0.568421,-1.0,1.0,1.0,0.1,1.0,1.0,0.00044,6e-05,1.2e-05,0.000502,2.1e-05,0.000771,0.003734
bright,theoremqa_questions:TheoremQA_elainewan/econ_micro_7_2.json,hybrid_rrf_copeland_a03,qrels_flip,synthetic corruption: qrels-derived edges with flip_prob=0.15,20,36,0.094737,13,8,True,1,8,2.0,2,6.0,6.0,6,6,20,ndcg_at_k,6.0,6,0.568421,-1.0,1.0,1.0,0.1,1.0,1.0,0.00044,6e-05,1.2e-05,0.000502,2e-05,0.000771,0.003734
bright,theoremqa_questions:TheoremQA_elainewan/econ_micro_7_2.json,hybrid_rrf_priority_topo_a03,qrels_flip,synthetic corruption: qrels-derived edges with flip_prob=0.15,20,36,0.094737,13,8,True,1,8,2.0,2,6.0,6.0,6,6,20,ndcg_at_k,2.0,2,-0.284211,-1.0,0.5,0.291667,0.1,1.0,0.777778,0.00044,6e-05,1.2e-05,0.000502,4.5e-05,0.000771,0.003734
bright,theoremqa_questions:TheoremQA_elainewan/math_calculus_2_7.json,score_sum,qrels_flip,synthetic corruption: qrels-derived edges with flip_prob=0.15,20,36,0.094737,11,10,True,1,10,7.0,7,8.0,8.0,8,8,20,ndcg_at_k,8.0,8,0.684211,1.0,1.0,1.0,0.1,1.0,1.0,0.000682,7.9e-05,1.2e-05,0.000868,1.7e-05,0.000788,0.00444
bright,theoremqa_questions:TheoremQA_elainewan/math_calculus_2_7.json,borda,qrels_flip,synthetic corruption: qrels-derived edges with flip_prob=0.15,20,36,0.094737,11,10,True,1,10,7.0,7,8.0,8.0,8,8,20,ndcg_at_k,8.0,8,0.684211,1.0,1.0,1.0,0.1,1.0,1.0,0.000682,7.9e-05,1.2e-05,0.000868,1.2e-05,0.000788,0.00444
bright,theoremqa_questions:TheoremQA_elainewan/math_calculus_2_7.json,pagerank,qrels_flip,synthetic corruption: qrels-derived edges with flip_prob=0.15,20,36,0.094737,11,10,True,1,10,7.0,7,8.0,8.0,8,8,20,ndcg_at_k,8.0,8,0.242105,1.0,1.0,1.0,0.1,1.0,1.0,0.000682,7.9e-05,1.2e-05,0.000868,0.00173,0.000788,0.00444
bright,theoremqa_questions:TheoremQA_elainewan/math_calculus_2_7.json,greedy_fas_topological,qrels_flip,synthetic corruption: qrels-derived edges with flip_prob=0.15,20,36,0.094737,11,10,True,1,10,7.0,7,8.0,8.0,8,8,20,ndcg_at_k,7.0,7,0.021053,-0.333333,0.370666,0.1625,0.1,1.0,0.583333,0.000682,7.9e-05,1.2e-05,0.000868,4.1e-05,0.000788,0.00444
bright,theoremqa_questions:TheoremQA_elainewan/math_calculus_2_7.json,greedy_fas_weighted_balance,qrels_flip,synthetic corruption: qrels-derived edges with flip_prob=0.15,20,36,0.094737,11,10,True,1,10,7.0,7,8.0,8.0,8,8,20,ndcg_at_k,8.0,8,0.610526,1.0,1.0,1.0,0.1,1.0,1.0,0.000682,7.9e-05,1.2e-05,0.000868,2e-05,0.000788,0.00444
bright,theoremqa_questions:TheoremQA_elainewan/math_calculus_2_7.json,greedy_fas_copeland,qrels_flip,synthetic corruption: qrels-derived edges with flip_prob=0.15,20,36,0.094737,11,10,True,1,10,7.0,7,8.0,8.0,8,8,20,ndcg_at_k,8.0,8,0.610526,1.0,1.0,1.0,0.1,1.0,1.0,0.000682,7.9e-05,1.2e-05,0.000868,1.9e-05,0.000788,0.00444
bright,theoremqa_questions:TheoremQA_elainewan/math_calculus_2_7.json,greedy_fas_score_augmented_topological,qrels_flip,synthetic corruption: qrels-derived edges with flip_prob=0.15,20,36,0.094737,11,10,True,1,10,7.0,7,8.0,8.0,8,8,20,ndcg_at_k,7.0,7,-0.231579,-0.333333,0.370666,0.1625,0.1,1.0,0.583333,0.000682,7.9e-05,1.2e-05,0.000868,3.1e-05,0.000788,0.00444
bright,theoremqa_questions:TheoremQA_elainewan/math_calculus_2_7.json,fas_balance_score_prior_alpha_beta,qrels_flip,synthetic corruption: qrels-derived edges with flip_prob=0.15,20,36,0.094737,11,10,True,1,10,7.0,7,8.0,8.0,8,8,20,ndcg_at_k,8.0,8,0.610526,1.0,1.0,1.0,0.1,1.0,1.0,0.000682,7.9e-05,1.2e-05,0.000868,3.1e-05,0.000788,0.00444
bright,theoremqa_questions:TheoremQA_elainewan/math_calculus_2_7.json,hybrid_rrf_fas_regularized,qrels_flip,synthetic corruption: qrels-derived edges with flip_prob=0.15,20,36,0.094737,11,10,True,1,10,7.0,7,8.0,8.0,8,8,20,ndcg_at_k,8.0,8,0.610526,1.0,1.0,1.0,0.1,1.0,1.0,0.000682,7.9e-05,1.2e-05,0.000868,2.4e-05,0.000788,0.00444
bright,theoremqa_questions:TheoremQA_elainewan/math_calculus_2_7.json,hybrid_rrf_balance_a05,qrels_flip,synthetic corruption: qrels-derived edges with flip_prob=0.15,20,36,0.094737,11,10,True,1,10,7.0,7,8.0,8.0,8,8,20,ndcg_at_k,8.0,8,0.610526,1.0,1.0,1.0,0.1,1.0,1.0,0.000682,7.9e-05,1.2e-05,0.000868,2e-05,0.000788,0.00444
bright,theoremqa_questions:TheoremQA_elainewan/math_calculus_2_7.json,hybrid_rrf_copeland_a03,qrels_flip,synthetic corruption: qrels-derived edges with flip_prob=0.15,20,36,0.094737,11,10,True,1,10,7.0,7,8.0,8.0,8,8,20,ndcg_at_k,8.0,8,0.610526,1.0,1.0,1.0,0.1,1.0,1.0,0.000682,7.9e-05,1.2e-05,0.000868,2.1e-05,0.000788,0.00444
bright,theoremqa_questions:TheoremQA_elainewan/math_calculus_2_7.json,hybrid_rrf_priority_topo_a03,qrels_flip,synthetic corruption: qrels-derived edges with flip_prob=0.15,20,36,0.094737,11,10,True,1,10,7.0,7,8.0,8.0,8,8,20,ndcg_at_k,7.0,7,-0.231579,-0.333333,0.370666,0.1625,0.1,1.0,0.583333,0.000682,7.9e-05,1.2e-05,0.000868,4.5e-05,0.000788,0.00444
bright,aops:aops_2016_AIME_II_Problems/Problem_10,score_sum,qrels_flip,synthetic corruption: qrels-derived edges with flip_prob=0.15,20,91,0.239474,9,12,True,1,12,11.0,11,10.0,2.0,10,2,20,ndcg_at_k,10.0,10,0.515789,0.238095,1.0,1.0,0.35,1.0,1.0,0.000827,0.000109,1.5e-05,0.001413,2.3e-05,0.000921,0.005046
bright,aops:aops_2016_AIME_II_Problems/Problem_10,borda,qrels_flip,synthetic corruption: qrels-derived edges with flip_prob=0.15,20,91,0.239474,9,12,True,1,12,11.0,11,10.0,2.0,10,2,20,ndcg_at_k,10.0,10,0.515789,0.238095,1.0,1.0,0.35,1.0,1.0,0.000827,0.000109,1.5e-05,0.001413,1.2e-05,0.000921,0.005046
bright,aops:aops_2016_AIME_II_Problems/Problem_10,pagerank,qrels_flip,synthetic corruption: qrels-derived edges with flip_prob=0.15,20,91,0.239474,9,12,True,1,12,11.0,11,10.0,2.0,10,2,20,ndcg_at_k,18.0,18,0.073684,-0.142857,0.725091,0.563776,0.35,1.0,0.78022,0.000827,0.000109,1.5e-05,0.001413,0.001431,0.000921,0.005046
bright,aops:aops_2016_AIME_II_Problems/Problem_10,greedy_fas_topological,qrels_flip,synthetic corruption: qrels-derived edges with flip_prob=0.15,20,91,0.239474,9,12,True,1,12,11.0,11,10.0,2.0,10,2,20,ndcg_at_k,10.0,10,0.305263,-0.142857,0.97385,0.912338,0.35,1.0,0.934066,0.000827,0.000109,1.5e-05,0.001413,4.4e-05,0.000921,0.005046
bright,aops:aops_2016_AIME_II_Problems/Problem_10,greedy_fas_weighted_balance,qrels_flip,synthetic corruption: qrels-derived edges with flip_prob=0.15,20,91,0.239474,9,12,True,1,12,11.0,11,10.0,2.0,10,2,20,ndcg_at_k,10.0,10,0.526316,-0.047619,1.0,1.0,0.35,1.0,1.0,0.000827,0.000109,1.5e-05,0.001413,2.8e-05,0.000921,0.005046
bright,aops:aops_2016_AIME_II_Problems/Problem_10,greedy_fas_copeland,qrels_flip,synthetic corruption: qrels-derived edges with flip_prob=0.15,20,91,0.239474,9,12,True,1,12,11.0,11,10.0,2.0,10,2,20,ndcg_at_k,10.0,10,0.526316,-0.047619,1.0,1.0,0.35,1.0,1.0,0.000827,0.000109,1.5e-05,0.001413,1.8e-05,0.000921,0.005046
bright,aops:aops_2016_AIME_II_Problems/Problem_10,greedy_fas_score_augmented_topological,qrels_flip,synthetic corruption: qrels-derived edges with flip_prob=0.15,20,91,0.239474,9,12,True,1,12,11.0,11,10.0,2.0,10,2,20,ndcg_at_k,9.0,9,0.189474,-0.238095,0.976633,0.921429,0.35,1.0,0.945055,0.000827,0.000109,1.5e-05,0.001413,3e-05,0.000921,0.005046
bright,aops:aops_2016_AIME_II_Problems/Problem_10,fas_balance_score_prior_alpha_beta,qrels_flip,synthetic corruption: qrels-derived edges with flip_prob=0.15,20,91,0.239474,9,12,True,1,12,11.0,11,10.0,2.0,10,2,20,ndcg_at_k,10.0,10,0.494737,0.047619,1.0,1.0,0.35,1.0,1.0,0.000827,0.000109,1.5e-05,0.001413,3.7e-05,0.000921,0.005046
bright,aops:aops_2016_AIME_II_Problems/Problem_10,hybrid_rrf_fas_regularized,qrels_flip,synthetic corruption: qrels-derived edges with flip_prob=0.15,20,91,0.239474,9,12,True,1,12,11.0,11,10.0,2.0,10,2,20,ndcg_at_k,10.0,10,0.484211,0.142857,1.0,1.0,0.35,1.0,1.0,0.000827,0.000109,1.5e-05,0.001413,3.2e-05,0.000921,0.005046
bright,aops:aops_2016_AIME_II_Problems/Problem_10,hybrid_rrf_balance_a05,qrels_flip,synthetic corruption: qrels-derived edges with flip_prob=0.15,20,91,0.239474,9,12,True,1,12,11.0,11,10.0,2.0,10,2,20,ndcg_at_k,10.0,10,0.484211,0.142857,1.0,1.0,0.35,1.0,1.0,0.000827,0.000109,1.5e-05,0.001413,2.7e-05,0.000921,0.005046
bright,aops:aops_2016_AIME_II_Problems/Problem_10,hybrid_rrf_copeland_a03,qrels_flip,synthetic corruption: qrels-derived edges with flip_prob=0.15,20,91,0.239474,9,12,True,1,12,11.0,11,10.0,2.0,10,2,20,ndcg_at_k,10.0,10,0.484211,0.142857,1.0,1.0,0.35,1.0,1.0,0.000827,0.000109,1.5e-05,0.001413,2.1e-05,0.000921,0.005046
bright,aops:aops_2016_AIME_II_Problems/Problem_10,hybrid_rrf_priority_topo_a03,qrels_flip,synthetic corruption: qrels-derived edges with flip_prob=0.15,20,91,0.239474,9,12,True,1,12,11.0,11,10.0,2.0,10,2,20,ndcg_at_k,9.0,9,0.2,-0.238095,0.976633,0.921429,0.35,1.0,0.945055,0.000827,0.000109,1.5e-05,0.001413,5.8e-05,0.000921,0.005046
bright,aops:aops_2007_AIME_I_Problems/Problem_10,score_sum,qrels_flip,synthetic corruption: qrels-derived edges with flip_prob=0.15,20,96,0.252632,2,19,True,1,19,17.0,17,20.0,11.0,20,11,20,ndcg_at_k,20.0,20,0.578947,-0.277778,1.0,1.0,0.4,1.0,1.0,0.000779,0.000117,1.1e-05,0.00179,2.4e-05,0.000947,0.005678
bright,aops:aops_2007_AIME_I_Problems/Problem_10,borda,qrels_flip,synthetic corruption: qrels-derived edges with flip_prob=0.15,20,96,0.252632,2,19,True,1,19,17.0,17,20.0,11.0,20,11,20,ndcg_at_k,20.0,20,0.578947,-0.277778,1.0,1.0,0.4,1.0,1.0,0.000779,0.000117,1.1e-05,0.00179,1.1e-05,0.000947,0.005678
bright,aops:aops_2007_AIME_I_Problems/Problem_10,pagerank,qrels_flip,synthetic corruption: qrels-derived edges with flip_prob=0.15,20,96,0.252632,2,19,True,1,19,17.0,17,20.0,11.0,20,11,20,ndcg_at_k,28.0,28,0.136842,-0.222222,0.668852,0.506728,0.4,1.0,0.6875,0.000779,0.000117,1.1e-05,0.00179,0.001707,0.000947,0.005678
bright,aops:aops_2007_AIME_I_Problems/Problem_10,greedy_fas_topological,qrels_flip,synthetic corruption: qrels-derived edges with flip_prob=0.15,20,96,0.252632,2,19,True,1,19,17.0,17,20.0,11.0,20,11,20,ndcg_at_k,16.0,16,0.284211,-0.5,0.937479,0.804796,0.4,1.0,0.791667,0.000779,0.000117,1.1e-05,0.00179,4.5e-05,0.000947,0.005678
bright,aops:aops_2007_AIME_I_Problems/Problem_10,greedy_fas_weighted_balance,qrels_flip,synthetic corruption: qrels-derived edges with flip_prob=0.15,20,96,0.252632,2,19,True,1,19,17.0,17,20.0,11.0,20,11,20,ndcg_at_k,20.0,20,0.494737,-0.222222,0.98856,0.958333,0.4,1.0,0.958333,0.000779,0.000117,1.1e-05,0.00179,2.9e-05,0.000947,0.005678
bright,aops:aops_2007_AIME_I_Problems/Problem_10,greedy_fas_copeland,qrels_flip,synthetic corruption: qrels-derived edges with flip_prob=0.15,20,96,0.252632,2,19,True,1,19,17.0,17,20.0,11.0,20,11,20,ndcg_at_k,20.0,20,0.494737,-0.222222,0.98856,0.958333,0.4,1.0,0.958333,0.000779,0.000117,1.1e-05,0.00179,1.8e-05,0.000947,0.005678
bright,aops:aops_2007_AIME_I_Problems/Problem_10,greedy_fas_score_augmented_topological,qrels_flip,synthetic corruption: qrels-derived edges with flip_prob=0.15,20,96,0.252632,2,19,True,1,19,17.0,17,20.0,11.0,20,11,20,ndcg_at_k,15.0,15,0.231579,-0.333333,0.938499,0.80772,0.4,1.0,0.802083,0.000779,0.000117,1.1e-05,0.00179,2.8e-05,0.000947,0.005678
bright,aops:aops_2007_AIME_I_Problems/Problem_10,fas_balance_score_prior_alpha_beta,qrels_flip,synthetic corruption: qrels-derived edges with flip_prob=0.15,20,96,0.252632,2,19,True,1,19,17.0,17,20.0,11.0,20,11,20,ndcg_at_k,19.0,19,0.484211,-0.222222,0.996349,0.986111,0.4,1.0,0.989583,0.000779,0.000117,1.1e-05,0.00179,3.7e-05,0.000947,0.005678
bright,aops:aops_2007_AIME_I_Problems/Problem_10,hybrid_rrf_fas_regularized,qrels_flip,synthetic corruption: qrels-derived edges with flip_prob=0.15,20,96,0.252632,2,19,True,1,19,17.0,17,20.0,11.0,20,11,20,ndcg_at_k,20.0,20,0.463158,-0.277778,1.0,1.0,0.4,1.0,1.0,0.000779,0.000117,1.1e-05,0.00179,3.5e-05,0.000947,0.005678
bright,aops:aops_2007_AIME_I_Problems/Problem_10,hybrid_rrf_balance_a05,qrels_flip,synthetic corruption: qrels-derived edges with flip_prob=0.15,20,96,0.252632,2,19,True,1,19,17.0,17,20.0,11.0,20,11,20,ndcg_at_k,20.0,20,0.463158,-0.277778,1.0,1.0,0.4,1.0,1.0,0.000779,0.000117,1.1e-05,0.00179,2.6e-05,0.000947,0.005678
bright,aops:aops_2007_AIME_I_Problems/Problem_10,hybrid_rrf_copeland_a03,qrels_flip,synthetic corruption: qrels-derived edges with flip_prob=0.15,20,96,0.252632,2,19,True,1,19,17.0,17,20.0,11.0,20,11,20,ndcg_at_k,20.0,20,0.463158,-0.277778,1.0,1.0,0.4,1.0,1.0,0.000779,0.000117,1.1e-05,0.00179,2e-05,0.000947,0.005678
bright,aops:aops_2007_AIME_I_Problems/Problem_10,hybrid_rrf_priority_topo_a03,qrels_flip,synthetic corruption: qrels-derived edges with flip_prob=0.15,20,96,0.252632,2,19,True,1,19,17.0,17,20.0,11.0,20,11,20,ndcg_at_k,16.0,16,0.263158,-0.333333,0.939613,0.810988,0.4,1.0,0.8125,0.000779,0.000117,1.1e-05,0.00179,5.4e-05,0.000947,0.005678
bright,aops:aops_2016_AMC_10A_Problems/Problem_19,score_sum,qrels_flip,synthetic corruption: qrels-derived edges with flip_prob=0.15,20,96,0.252632,2,19,True,1,19,14.0,14,15.0,7.0,15,7,20,ndcg_at_k,15.0,15,0.757895,0.642857,1.0,1.0,0.4,1.0,1.0,0.000746,0.000123,1.1e-05,0.001545,4.1e-05,0.000992,0.005515
bright,aops:aops_2016_AMC_10A_Problems/Problem_19,borda,qrels_flip,synthetic corruption: qrels-derived edges with flip_prob=0.15,20,96,0.252632,2,19,True,1,19,14.0,14,15.0,7.0,15,7,20,ndcg_at_k,15.0,15,0.757895,0.642857,1.0,1.0,0.4,1.0,1.0,0.000746,0.000123,1.1e-05,0.001545,1.3e-05,0.000992,0.005515
bright,aops:aops_2016_AMC_10A_Problems/Problem_19,pagerank,qrels_flip,synthetic corruption: qrels-derived edges with flip_prob=0.15,20,96,0.252632,2,19,True,1,19,14.0,14,15.0,7.0,15,7,20,ndcg_at_k,37.0,37,0.094737,0.428571,0.641189,0.464202,0.4,1.0,0.625,0.000746,0.000123,1.1e-05,0.001545,0.00174,0.000992,0.005515
bright,aops:aops_2016_AMC_10A_Problems/Problem_19,greedy_fas_topological,qrels_flip,synthetic corruption: qrels-derived edges with flip_prob=0.15,20,96,0.252632,2,19,True,1,19,14.0,14,15.0,7.0,15,7,20,ndcg_at_k,13.0,13,0.4,0.142857,0.962767,0.875198,0.4,1.0,0.854167,0.000746,0.000123,1.1e-05,0.001545,4.8e-05,0.000992,0.005515
bright,aops:aops_2016_AMC_10A_Problems/Problem_19,greedy_fas_weighted_balance,qrels_flip,synthetic corruption: qrels-derived edges with flip_prob=0.15,20,96,0.252632,2,19,True,1,19,14.0,14,15.0,7.0,15,7,20,ndcg_at_k,15.0,15,0.747368,0.357143,1.0,1.0,0.4,1.0,1.0,0.000746,0.000123,1.1e-05,0.001545,3e-05,0.000992,0.005515
bright,aops:aops_2016_AMC_10A_Problems/Problem_19,greedy_fas_copeland,qrels_flip,synthetic corruption: qrels-derived edges with flip_prob=0.15,20,96,0.252632,2,19,True,1,19,14.0,14,15.0,7.0,15,7,20,ndcg_at_k,15.0,15,0.747368,0.357143,1.0,1.0,0.4,1.0,1.0,0.000746,0.000123,1.1e-05,0.001545,2e-05,0.000992,0.005515
bright,aops:aops_2016_AMC_10A_Problems/Problem_19,greedy_fas_score_augmented_topological,qrels_flip,synthetic corruption: qrels-derived edges with flip_prob=0.15,20,96,0.252632,2,19,True,1,19,14.0,14,15.0,7.0,15,7,20,ndcg_at_k,14.0,14,0.336842,0.357143,0.965794,0.884921,0.4,1.0,0.864583,0.000746,0.000123,1.1e-05,0.001545,3.6e-05,0.000992,0.005515
bright,aops:aops_2016_AMC_10A_Problems/Problem_19,fas_balance_score_prior_alpha_beta,qrels_flip,synthetic corruption: qrels-derived edges with flip_prob=0.15,20,96,0.252632,2,19,True,1,19,14.0,14,15.0,7.0,15,7,20,ndcg_at_k,15.0,15,0.726316,0.5,1.0,1.0,0.4,1.0,1.0,0.000746,0.000123,1.1e-05,0.001545,4e-05,0.000992,0.005515
bright,aops:aops_2016_AMC_10A_Problems/Problem_19,hybrid_rrf_fas_regularized,qrels_flip,synthetic corruption: qrels-derived edges with flip_prob=0.15,20,96,0.252632,2,19,True,1,19,14.0,14,15.0,7.0,15,7,20,ndcg_at_k,15.0,15,0.726316,0.5,1.0,1.0,0.4,1.0,1.0,0.000746,0.000123,1.1e-05,0.001545,3.3e-05,0.000992,0.005515
bright,aops:aops_2016_AMC_10A_Problems/Problem_19,hybrid_rrf_balance_a05,qrels_flip,synthetic corruption: qrels-derived edges with flip_prob=0.15,20,96,0.252632,2,19,True,1,19,14.0,14,15.0,7.0,15,7,20,ndcg_at_k,15.0,15,0.726316,0.5,1.0,1.0,0.4,1.0,1.0,0.000746,0.000123,1.1e-05,0.001545,2.8e-05,0.000992,0.005515
bright,aops:aops_2016_AMC_10A_Problems/Problem_19,hybrid_rrf_copeland_a03,qrels_flip,synthetic corruption: qrels-derived edges with flip_prob=0.15,20,96,0.252632,2,19,True,1,19,14.0,14,15.0,7.0,15,7,20,ndcg_at_k,15.0,15,0.726316,0.5,1.0,1.0,0.4,1.0,1.0,0.000746,0.000123,1.1e-05,0.001545,2e-05,0.000992,0.005515
bright,aops:aops_2016_AMC_10A_Problems/Problem_19,hybrid_rrf_priority_topo_a03,qrels_flip,synthetic corruption: qrels-derived edges with flip_prob=0.15,20,96,0.252632,2,19,True,1,19,14.0,14,15.0,7.0,15,7,20,ndcg_at_k,14.0,14,0.336842,0.357143,0.965794,0.884921,0.4,1.0,0.864583,0.000746,0.000123,1.1e-05,0.001545,4.9e-05,0.000992,0.005515
bright,theoremqa_questions:TheoremQA_wenhuchen/Rolle's_theorem.json,score_sum,qrels_flip,synthetic corruption: qrels-derived edges with flip_prob=0.15,20,19,0.05,20,1,False,0,0,0,0,5.0,5.0,5,5,20,ndcg_at_k,5.0,5,0.715789,1.0,1.0,1.0,0.05,1.0,1.0,0.000721,4.9e-05,1.7e-05,0.000422,1.5e-05,0.000678,0.003196
bright,theoremqa_questions:TheoremQA_wenhuchen/Rolle's_theorem.json,borda,qrels_flip,synthetic corruption: qrels-derived edges with flip_prob=0.15,20,19,0.05,20,1,False,0,0,0,0,5.0,5.0,5,5,20,ndcg_at_k,5.0,5,0.715789,1.0,1.0,1.0,0.05,1.0,1.0,0.000721,4.9e-05,1.7e-05,0.000422,1.3e-05,0.000678,0.003196
bright,theoremqa_questions:TheoremQA_wenhuchen/Rolle's_theorem.json,pagerank,qrels_flip,synthetic corruption: qrels-derived edges with flip_prob=0.15,20,19,0.05,20,1,False,0,0,0,0,5.0,5.0,5,5,20,ndcg_at_k,5.0,5,0.284211,1.0,1.0,1.0,0.05,1.0,1.0,0.000721,4.9e-05,1.7e-05,0.000422,0.00104,0.000678,0.003196
bright,theoremqa_questions:TheoremQA_wenhuchen/Rolle's_theorem.json,greedy_fas_topological,qrels_flip,synthetic corruption: qrels-derived edges with flip_prob=0.15,20,19,0.05,20,1,False,0,0,0,0,5.0,5.0,5,5,20,ndcg_at_k,0.0,0,0.231579,1.0,0.356207,0.166667,0.05,1.0,0.736842,0.000721,4.9e-05,1.7e-05,0.000422,3.6e-05,0.000678,0.003196
bright,theoremqa_questions:TheoremQA_wenhuchen/Rolle's_theorem.json,greedy_fas_weighted_balance,qrels_flip,synthetic corruption: qrels-derived edges with flip_prob=0.15,20,19,0.05,20,1,False,0,0,0,0,5.0,5.0,5,5,20,ndcg_at_k,5.0,5,0.715789,1.0,1.0,1.0,0.05,1.0,1.0,0.000721,4.9e-05,1.7e-05,0.000422,1.7e-05,0.000678,0.003196
bright,theoremqa_questions:TheoremQA_wenhuchen/Rolle's_theorem.json,greedy_fas_copeland,qrels_flip,synthetic corruption: qrels-derived edges with flip_prob=0.15,20,19,0.05,20,1,False,0,0,0,0,5.0,5.0,5,5,20,ndcg_at_k,5.0,5,0.715789,1.0,1.0,1.0,0.05,1.0,1.0,0.000721,4.9e-05,1.7e-05,0.000422,1.8e-05,0.000678,0.003196
bright,theoremqa_questions:TheoremQA_wenhuchen/Rolle's_theorem.json,greedy_fas_score_augmented_topological,qrels_flip,synthetic corruption: qrels-derived edges with flip_prob=0.15,20,19,0.05,20,1,False,0,0,0,0,5.0,5.0,5,5,20,ndcg_at_k,0.0,0,-0.4,1.0,0.356207,0.166667,0.05,1.0,0.736842,0.000721,4.9e-05,1.7e-05,0.000422,3.1e-05,0.000678,0.003196
bright,theoremqa_questions:TheoremQA_wenhuchen/Rolle's_theorem.json,fas_balance_score_prior_alpha_beta,qrels_flip,synthetic corruption: qrels-derived edges with flip_prob=0.15,20,19,0.05,20,1,False,0,0,0,0,5.0,5.0,5,5,20,ndcg_at_k,5.0,5,0.715789,1.0,1.0,1.0,0.05,1.0,1.0,0.000721,4.9e-05,1.7e-05,0.000422,3.6e-05,0.000678,0.003196
bright,theoremqa_questions:TheoremQA_wenhuchen/Rolle's_theorem.json,hybrid_rrf_fas_regularized,qrels_flip,synthetic corruption: qrels-derived edges with flip_prob=0.15,20,19,0.05,20,1,False,0,0,0,0,5.0,5.0,5,5,20,ndcg_at_k,5.0,5,0.715789,1.0,1.0,1.0,0.05,1.0,1.0,0.000721,4.9e-05,1.7e-05,0.000422,2.2e-05,0.000678,0.003196
bright,theoremqa_questions:TheoremQA_wenhuchen/Rolle's_theorem.json,hybrid_rrf_balance_a05,qrels_flip,synthetic corruption: qrels-derived edges with flip_prob=0.15,20,19,0.05,20,1,False,0,0,0,0,5.0,5.0,5,5,20,ndcg_at_k,5.0,5,0.715789,1.0,1.0,1.0,0.05,1.0,1.0,0.000721,4.9e-05,1.7e-05,0.000422,1.7e-05,0.000678,0.003196
bright,theoremqa_questions:TheoremQA_wenhuchen/Rolle's_theorem.json,hybrid_rrf_copeland_a03,qrels_flip,synthetic corruption: qrels-derived edges with flip_prob=0.15,20,19,0.05,20,1,False,0,0,0,0,5.0,5.0,5,5,20,ndcg_at_k,5.0,5,0.715789,1.0,1.0,1.0,0.05,1.0,1.0,0.000721,4.9e-05,1.7e-05,0.000422,2.1e-05,0.000678,0.003196
bright,theoremqa_questions:TheoremQA_wenhuchen/Rolle's_theorem.json,hybrid_rrf_priority_topo_a03,qrels_flip,synthetic corruption: qrels-derived edges with flip_prob=0.15,20,19,0.05,20,1,False,0,0,0,0,5.0,5.0,5,5,20,ndcg_at_k,0.0,0,-0.4,1.0,0.356207,0.166667,0.05,1.0,0.736842,0.000721,4.9e-05,1.7e-05,0.000422,4.3e-05,0.000678,0.003196
bright,aops:math_train_intermediate_algebra_477,score_sum,qrels_flip,synthetic corruption: qrels-derived edges with flip_prob=0.15,20,64,0.168421,8,13,True,1,13,13.0,13,9.0,3.0,9,3,20,ndcg_at_k,9.0,9,0.8,0.0,1.0,1.0,0.2,1.0,1.0,0.00112,0.000104,1.2e-05,0.001827,2.1e-05,0.000819,0.005838
bright,aops:math_train_intermediate_algebra_477,borda,qrels_flip,synthetic corruption: qrels-derived edges with flip_prob=0.15,20,64,0.168421,8,13,True,1,13,13.0,13,9.0,3.0,9,3,20,ndcg_at_k,9.0,9,0.8,0.0,1.0,1.0,0.2,1.0,1.0,0.00112,0.000104,1.2e-05,0.001827,1.3e-05,0.000819,0.005838
bright,aops:math_train_intermediate_algebra_477,pagerank,qrels_flip,synthetic corruption: qrels-derived edges with flip_prob=0.15,20,64,0.168421,8,13,True,1,13,13.0,13,9.0,3.0,9,3,20,ndcg_at_k,9.0,9,0.484211,0.666667,1.0,1.0,0.2,1.0,1.0,0.00112,0.000104,1.2e-05,0.001827,0.001639,0.000819,0.005838
bright,aops:math_train_intermediate_algebra_477,greedy_fas_topological,qrels_flip,synthetic corruption: qrels-derived edges with flip_prob=0.15,20,64,0.168421,8,13,True,1,13,13.0,13,9.0,3.0,9,3,20,ndcg_at_k,12.0,12,0.357895,0.0,0.890235,0.726923,0.2,1.0,0.828125,0.00112,0.000104,1.2e-05,0.001827,4.4e-05,0.000819,0.005838
bright,aops:math_train_intermediate_algebra_477,greedy_fas_weighted_balance,qrels_flip,synthetic corruption: qrels-derived edges with flip_prob=0.15,20,64,0.168421,8,13,True,1,13,13.0,13,9.0,3.0,9,3,20,ndcg_at_k,9.0,9,0.726316,-0.333333,1.0,1.0,0.2,1.0,1.0,0.00112,0.000104,1.2e-05,0.001827,2.4e-05,0.000819,0.005838
bright,aops:math_train_intermediate_algebra_477,greedy_fas_copeland,qrels_flip,synthetic corruption: qrels-derived edges with flip_prob=0.15,20,64,0.168421,8,13,True,1,13,13.0,13,9.0,3.0,9,3,20,ndcg_at_k,9.0,9,0.726316,-0.333333,1.0,1.0,0.2,1.0,1.0,0.00112,0.000104,1.2e-05,0.001827,1.7e-05,0.000819,0.005838
bright,aops:math_train_intermediate_algebra_477,greedy_fas_score_augmented_topological,qrels_flip,synthetic corruption: qrels-derived edges with flip_prob=0.15,20,64,0.168421,8,13,True,1,13,13.0,13,9.0,3.0,9,3,20,ndcg_at_k,9.0,9,0.136842,0.0,0.922326,0.798611,0.2,1.0,0.90625,0.00112,0.000104,1.2e-05,0.001827,3.3e-05,0.000819,0.005838
bright,aops:math_train_intermediate_algebra_477,fas_balance_score_prior_alpha_beta,qrels_flip,synthetic corruption: qrels-derived edges with flip_prob=0.15,20,64,0.168421,8,13,True,1,13,13.0,13,9.0,3.0,9,3,20,ndcg_at_k,9.0,9,0.726316,-0.333333,1.0,1.0,0.2,1.0,1.0,0.00112,0.000104,1.2e-05,0.001827,3.5e-05,0.000819,0.005838
bright,aops:math_train_intermediate_algebra_477,hybrid_rrf_fas_regularized,qrels_flip,synthetic corruption: qrels-derived edges with flip_prob=0.15,20,64,0.168421,8,13,True,1,13,13.0,13,9.0,3.0,9,3,20,ndcg_at_k,9.0,9,0.726316,-0.333333,1.0,1.0,0.2,1.0,1.0,0.00112,0.000104,1.2e-05,0.001827,3e-05,0.000819,0.005838
bright,aops:math_train_intermediate_algebra_477,hybrid_rrf_balance_a05,qrels_flip,synthetic corruption: qrels-derived edges with flip_prob=0.15,20,64,0.168421,8,13,True,1,13,13.0,13,9.0,3.0,9,3,20,ndcg_at_k,9.0,9,0.726316,-0.333333,1.0,1.0,0.2,1.0,1.0,0.00112,0.000104,1.2e-05,0.001827,2.3e-05,0.000819,0.005838
bright,aops:math_train_intermediate_algebra_477,hybrid_rrf_copeland_a03,qrels_flip,synthetic corruption: qrels-derived edges with flip_prob=0.15,20,64,0.168421,8,13,True,1,13,13.0,13,9.0,3.0,9,3,20,ndcg_at_k,9.0,9,0.726316,-0.333333,1.0,1.0,0.2,1.0,1.0,0.00112,0.000104,1.2e-05,0.001827,2.1e-05,0.000819,0.005838
bright,aops:math_train_intermediate_algebra_477,hybrid_rrf_priority_topo_a03,qrels_flip,synthetic corruption: qrels-derived edges with flip_prob=0.15,20,64,0.168421,8,13,True,1,13,13.0,13,9.0,3.0,9,3,20,ndcg_at_k,9.0,9,0.136842,0.0,0.922326,0.798611,0.2,1.0,0.90625,0.00112,0.000104,1.2e-05,0.001827,5.6e-05,0.000819,0.005838
bright,leetcode:16,score_sum,qrels_flip,synthetic corruption: qrels-derived edges with flip_prob=0.15,20,19,0.05,20,1,False,0,0,0,0,0.0,0.0,0,0,20,ndcg_at_k,0.0,0,1.0,-0.285714,1.0,1.0,0.05,1.0,1.0,5.2e-05,4.5e-05,1.6e-05,0.000205,1.4e-05,0.000702,0.002629
bright,leetcode:16,borda,qrels_flip,synthetic corruption: qrels-derived edges with flip_prob=0.15,20,19,0.05,20,1,False,0,0,0,0,0.0,0.0,0,0,20,ndcg_at_k,0.0,0,1.0,-0.285714,1.0,1.0,0.05,1.0,1.0,5.2e-05,4.5e-05,1.6e-05,0.000205,1.3e-05,0.000702,0.002629
bright,leetcode:16,pagerank,qrels_flip,synthetic corruption: qrels-derived edges with flip_prob=0.15,20,19,0.05,20,1,False,0,0,0,0,0.0,0.0,0,0,20,ndcg_at_k,0.0,0,0.031579,0.0,1.0,1.0,0.05,1.0,1.0,5.2e-05,4.5e-05,1.6e-05,0.000205,0.001332,0.000702,0.002629
bright,leetcode:16,greedy_fas_topological,qrels_flip,synthetic corruption: qrels-derived edges with flip_prob=0.15,20,19,0.05,20,1,False,0,0,0,0,0.0,0.0,0,0,20,ndcg_at_k,0.0,0,0.031579,0.0,1.0,1.0,0.05,1.0,1.0,5.2e-05,4.5e-05,1.6e-05,0.000205,3.4e-05,0.000702,0.002629
bright,leetcode:16,greedy_fas_weighted_balance,qrels_flip,synthetic corruption: qrels-derived edges with flip_prob=0.15,20,19,0.05,20,1,False,0,0,0,0,0.0,0.0,0,0,20,ndcg_at_k,0.0,0,1.0,-0.285714,1.0,1.0,0.05,1.0,1.0,5.2e-05,4.5e-05,1.6e-05,0.000205,1.6e-05,0.000702,0.002629
bright,leetcode:16,greedy_fas_copeland,qrels_flip,synthetic corruption: qrels-derived edges with flip_prob=0.15,20,19,0.05,20,1,False,0,0,0,0,0.0,0.0,0,0,20,ndcg_at_k,0.0,0,1.0,-0.285714,1.0,1.0,0.05,1.0,1.0,5.2e-05,4.5e-05,1.6e-05,0.000205,1.8e-05,0.000702,0.002629
bright,leetcode:16,greedy_fas_score_augmented_topological,qrels_flip,synthetic corruption: qrels-derived edges with flip_prob=0.15,20,19,0.05,20,1,False,0,0,0,0,0.0,0.0,0,0,20,ndcg_at_k,0.0,0,-0.8,0.785714,1.0,1.0,0.05,1.0,1.0,5.2e-05,4.5e-05,1.6e-05,0.000205,3.8e-05,0.000702,0.002629
bright,leetcode:16,fas_balance_score_prior_alpha_beta,qrels_flip,synthetic corruption: qrels-derived edges with flip_prob=0.15,20,19,0.05,20,1,False,0,0,0,0,0.0,0.0,0,0,20,ndcg_at_k,0.0,0,1.0,-0.285714,1.0,1.0,0.05,1.0,1.0,5.2e-05,4.5e-05,1.6e-05,0.000205,3.5e-05,0.000702,0.002629
bright,leetcode:16,hybrid_rrf_fas_regularized,qrels_flip,synthetic corruption: qrels-derived edges with flip_prob=0.15,20,19,0.05,20,1,False,0,0,0,0,0.0,0.0,0,0,20,ndcg_at_k,0.0,0,1.0,-0.285714,1.0,1.0,0.05,1.0,1.0,5.2e-05,4.5e-05,1.6e-05,0.000205,2.1e-05,0.000702,0.002629
bright,leetcode:16,hybrid_rrf_balance_a05,qrels_flip,synthetic corruption: qrels-derived edges with flip_prob=0.15,20,19,0.05,20,1,False,0,0,0,0,0.0,0.0,0,0,20,ndcg_at_k,0.0,0,1.0,-0.285714,1.0,1.0,0.05,1.0,1.0,5.2e-05,4.5e-05,1.6e-05,0.000205,1.8e-05,0.000702,0.002629
bright,leetcode:16,hybrid_rrf_copeland_a03,qrels_flip,synthetic corruption: qrels-derived edges with flip_prob=0.15,20,19,0.05,20,1,False,0,0,0,0,0.0,0.0,0,0,20,ndcg_at_k,0.0,0,1.0,-0.285714,1.0,1.0,0.05,1.0,1.0,5.2e-05,4.5e-05,1.6e-05,0.000205,2.1e-05,0.000702,0.002629
bright,leetcode:16,hybrid_rrf_priority_topo_a03,qrels_flip,synthetic corruption: qrels-derived edges with flip_prob=0.15,20,19,0.05,20,1,False,0,0,0,0,0.0,0.0,0,0,20,ndcg_at_k,0.0,0,-0.8,0.785714,1.0,1.0,0.05,1.0,1.0,5.2e-05,4.5e-05,1.6e-05,0.000205,4.9e-05,0.000702,0.002629
bright,aops:aops_1994_AIME_Problems/Problem_9,score_sum,qrels_flip,synthetic corruption: qrels-derived edges with flip_prob=0.15,20,51,0.134211,10,11,True,1,11,9.0,9,10.0,3.0,10,3,20,ndcg_at_k,10.0,10,0.547368,1.0,1.0,1.0,0.15,1.0,1.0,0.002315,9.1e-05,1.2e-05,0.001883,2.2e-05,0.000787,0.007067
bright,aops:aops_1994_AIME_Problems/Problem_9,borda,qrels_flip,synthetic corruption: qrels-derived edges with flip_prob=0.15,20,51,0.134211,10,11,True,1,11,9.0,9,10.0,3.0,10,3,20,ndcg_at_k,10.0,10,0.547368,1.0,1.0,1.0,0.15,1.0,1.0,0.002315,9.1e-05,1.2e-05,0.001883,1.3e-05,0.000787,0.007067
bright,aops:aops_1994_AIME_Problems/Problem_9,pagerank,qrels_flip,synthetic corruption: qrels-derived edges with flip_prob=0.15,20,51,0.134211,10,11,True,1,11,9.0,9,10.0,3.0,10,3,20,ndcg_at_k,10.0,10,0.284211,-1.0,1.0,1.0,0.15,1.0,1.0,0.002315,9.1e-05,1.2e-05,0.001883,0.00168,0.000787,0.007067
bright,aops:aops_1994_AIME_Problems/Problem_9,greedy_fas_topological,qrels_flip,synthetic corruption: qrels-derived edges with flip_prob=0.15,20,51,0.134211,10,11,True,1,11,9.0,9,10.0,3.0,10,3,20,ndcg_at_k,8.0,8,0.231579,-0.333333,0.827812,0.642857,0.15,1.0,0.882353,0.002315,9.1e-05,1.2e-05,0.001883,4.1e-05,0.000787,0.007067
bright,aops:aops_1994_AIME_Problems/Problem_9,greedy_fas_weighted_balance,qrels_flip,synthetic corruption: qrels-derived edges with flip_prob=0.15,20,51,0.134211,10,11,True,1,11,9.0,9,10.0,3.0,10,3,20,ndcg_at_k,10.0,10,0.505263,-0.333333,1.0,1.0,0.15,1.0,1.0,0.002315,9.1e-05,1.2e-05,0.001883,2.1e-05,0.000787,0.007067
bright,aops:aops_1994_AIME_Problems/Problem_9,greedy_fas_copeland,qrels_flip,synthetic corruption: qrels-derived edges with flip_prob=0.15,20,51,0.134211,10,11,True,1,11,9.0,9,10.0,3.0,10,3,20,ndcg_at_k,10.0,10,0.505263,-0.333333,1.0,1.0,0.15,1.0,1.0,0.002315,9.1e-05,1.2e-05,0.001883,1.7e-05,0.000787,0.007067
bright,aops:aops_1994_AIME_Problems/Problem_9,greedy_fas_score_augmented_topological,qrels_flip,synthetic corruption: qrels-derived edges with flip_prob=0.15,20,51,0.134211,10,11,True,1,11,9.0,9,10.0,3.0,10,3,20,ndcg_at_k,7.0,7,0.0,-0.333333,0.88546,0.755556,0.15,1.0,0.941176,0.002315,9.1e-05,1.2e-05,0.001883,3.4e-05,0.000787,0.007067
bright,aops:aops_1994_AIME_Problems/Problem_9,fas_balance_score_prior_alpha_beta,qrels_flip,synthetic corruption: qrels-derived edges with flip_prob=0.15,20,51,0.134211,10,11,True,1,11,9.0,9,10.0,3.0,10,3,20,ndcg_at_k,10.0,10,0.494737,0.333333,1.0,1.0,0.15,1.0,1.0,0.002315,9.1e-05,1.2e-05,0.001883,3.2e-05,0.000787,0.007067
bright,aops:aops_1994_AIME_Problems/Problem_9,hybrid_rrf_fas_regularized,qrels_flip,synthetic corruption: qrels-derived edges with flip_prob=0.15,20,51,0.134211,10,11,True,1,11,9.0,9,10.0,3.0,10,3,20,ndcg_at_k,10.0,10,0.484211,1.0,1.0,1.0,0.15,1.0,1.0,0.002315,9.1e-05,1.2e-05,0.001883,2.6e-05,0.000787,0.007067
bright,aops:aops_1994_AIME_Problems/Problem_9,hybrid_rrf_balance_a05,qrels_flip,synthetic corruption: qrels-derived edges with flip_prob=0.15,20,51,0.134211,10,11,True,1,11,9.0,9,10.0,3.0,10,3,20,ndcg_at_k,10.0,10,0.484211,1.0,1.0,1.0,0.15,1.0,1.0,0.002315,9.1e-05,1.2e-05,0.001883,2.2e-05,0.000787,0.007067
bright,aops:aops_1994_AIME_Problems/Problem_9,hybrid_rrf_copeland_a03,qrels_flip,synthetic corruption: qrels-derived edges with flip_prob=0.15,20,51,0.134211,10,11,True,1,11,9.0,9,10.0,3.0,10,3,20,ndcg_at_k,10.0,10,0.484211,1.0,1.0,1.0,0.15,1.0,1.0,0.002315,9.1e-05,1.2e-05,0.001883,2.2e-05,0.000787,0.007067
bright,aops:aops_1994_AIME_Problems/Problem_9,hybrid_rrf_priority_topo_a03,qrels_flip,synthetic corruption: qrels-derived edges with flip_prob=0.15,20,51,0.134211,10,11,True,1,11,9.0,9,10.0,3.0,10,3,20,ndcg_at_k,7.0,7,0.021053,-0.333333,0.88546,0.755556,0.15,1.0,0.941176,0.002315,9.1e-05,1.2e-05,0.001883,4.9e-05,0.000787,0.007067
bright,theoremqa_questions:TheoremQA_wenhuchen/ODE3.json,score_sum,qrels_flip,synthetic corruption: qrels-derived edges with flip_prob=0.15,20,19,0.05,20,1,False,0,0,0,0,1.0,1.0,1,1,20,ndcg_at_k,1.0,1,0.978947,1.0,1.0,1.0,0.05,1.0,1.0,0.001076,4.1e-05,1.6e-05,0.000262,1.5e-05,0.000684,0.003662
bright,theoremqa_questions:TheoremQA_wenhuchen/ODE3.json,borda,qrels_flip,synthetic corruption: qrels-derived edges with flip_prob=0.15,20,19,0.05,20,1,False,0,0,0,0,1.0,1.0,1,1,20,ndcg_at_k,1.0,1,0.978947,1.0,1.0,1.0,0.05,1.0,1.0,0.001076,4.1e-05,1.6e-05,0.000262,1.3e-05,0.000684,0.003662
bright,theoremqa_questions:TheoremQA_wenhuchen/ODE3.json,pagerank,qrels_flip,synthetic corruption: qrels-derived edges with flip_prob=0.15,20,19,0.05,20,1,False,0,0,0,0,1.0,1.0,1,1,20,ndcg_at_k,1.0,1,0.378947,1.0,1.0,1.0,0.05,1.0,1.0,0.001076,4.1e-05,1.6e-05,0.000262,0.001314,0.000684,0.003662
bright,theoremqa_questions:TheoremQA_wenhuchen/ODE3.json,greedy_fas_topological,qrels_flip,synthetic corruption: qrels-derived edges with flip_prob=0.15,20,19,0.05,20,1,False,0,0,0,0,1.0,1.0,1,1,20,ndcg_at_k,0.0,0,0.368421,1.0,0.63093,0.5,0.05,1.0,0.947368,0.001076,4.1e-05,1.6e-05,0.000262,3.7e-05,0.000684,0.003662
bright,theoremqa_questions:TheoremQA_wenhuchen/ODE3.json,greedy_fas_weighted_balance,qrels_flip,synthetic corruption: qrels-derived edges with flip_prob=0.15,20,19,0.05,20,1,False,0,0,0,0,1.0,1.0,1,1,20,ndcg_at_k,1.0,1,0.978947,1.0,1.0,1.0,0.05,1.0,1.0,0.001076,4.1e-05,1.6e-05,0.000262,1.7e-05,0.000684,0.003662
bright,theoremqa_questions:TheoremQA_wenhuchen/ODE3.json,greedy_fas_copeland,qrels_flip,synthetic corruption: qrels-derived edges with flip_prob=0.15,20,19,0.05,20,1,False,0,0,0,0,1.0,1.0,1,1,20,ndcg_at_k,1.0,1,0.978947,1.0,1.0,1.0,0.05,1.0,1.0,0.001076,4.1e-05,1.6e-05,0.000262,1.7e-05,0.000684,0.003662
bright,theoremqa_questions:TheoremQA_wenhuchen/ODE3.json,greedy_fas_score_augmented_topological,qrels_flip,synthetic corruption: qrels-derived edges with flip_prob=0.15,20,19,0.05,20,1,False,0,0,0,0,1.0,1.0,1,1,20,ndcg_at_k,0.0,0,-0.642105,1.0,0.63093,0.5,0.05,1.0,0.947368,0.001076,4.1e-05,1.6e-05,0.000262,3.5e-05,0.000684,0.003662
bright,theoremqa_questions:TheoremQA_wenhuchen/ODE3.json,fas_balance_score_prior_alpha_beta,qrels_flip,synthetic corruption: qrels-derived edges with flip_prob=0.15,20,19,0.05,20,1,False,0,0,0,0,1.0,1.0,1,1,20,ndcg_at_k,1.0,1,0.978947,1.0,1.0,1.0,0.05,1.0,1.0,0.001076,4.1e-05,1.6e-05,0.000262,2.8e-05,0.000684,0.003662
bright,theoremqa_questions:TheoremQA_wenhuchen/ODE3.json,hybrid_rrf_fas_regularized,qrels_flip,synthetic corruption: qrels-derived edges with flip_prob=0.15,20,19,0.05,20,1,False,0,0,0,0,1.0,1.0,1,1,20,ndcg_at_k,1.0,1,0.978947,1.0,1.0,1.0,0.05,1.0,1.0,0.001076,4.1e-05,1.6e-05,0.000262,2.1e-05,0.000684,0.003662
bright,theoremqa_questions:TheoremQA_wenhuchen/ODE3.json,hybrid_rrf_balance_a05,qrels_flip,synthetic corruption: qrels-derived edges with flip_prob=0.15,20,19,0.05,20,1,False,0,0,0,0,1.0,1.0,1,1,20,ndcg_at_k,1.0,1,0.978947,1.0,1.0,1.0,0.05,1.0,1.0,0.001076,4.1e-05,1.6e-05,0.000262,1.9e-05,0.000684,0.003662
bright,theoremqa_questions:TheoremQA_wenhuchen/ODE3.json,hybrid_rrf_copeland_a03,qrels_flip,synthetic corruption: qrels-derived edges with flip_prob=0.15,20,19,0.05,20,1,False,0,0,0,0,1.0,1.0,1,1,20,ndcg_at_k,1.0,1,0.978947,1.0,1.0,1.0,0.05,1.0,1.0,0.001076,4.1e-05,1.6e-05,0.000262,2e-05,0.000684,0.003662
bright,theoremqa_questions:TheoremQA_wenhuchen/ODE3.json,hybrid_rrf_priority_topo_a03,qrels_flip,synthetic corruption: qrels-derived edges with flip_prob=0.15,20,19,0.05,20,1,False,0,0,0,0,1.0,1.0,1,1,20,ndcg_at_k,0.0,0,-0.642105,1.0,0.63093,0.5,0.05,1.0,0.947368,0.001076,4.1e-05,1.6e-05,0.000262,4.7e-05,0.000684,0.003662
bright,leetcode:99,score_sum,qrels_flip,synthetic corruption: qrels-derived edges with flip_prob=0.15,20,19,0.05,20,1,False,0,0,0,0,6.0,6.0,6,6,20,ndcg_at_k,6.0,6,0.684211,,1.0,1.0,0.05,1.0,1.0,0.000263,3.7e-05,1.7e-05,0.000379,1.4e-05,0.000662,0.002642
bright,leetcode:99,borda,qrels_flip,synthetic corruption: qrels-derived edges with flip_prob=0.15,20,19,0.05,20,1,False,0,0,0,0,6.0,6.0,6,6,20,ndcg_at_k,6.0,6,0.684211,,1.0,1.0,0.05,1.0,1.0,0.000263,3.7e-05,1.7e-05,0.000379,1.3e-05,0.000662,0.002642
bright,leetcode:99,pagerank,qrels_flip,synthetic corruption: qrels-derived edges with flip_prob=0.15,20,19,0.05,20,1,False,0,0,0,0,6.0,6.0,6,6,20,ndcg_at_k,6.0,6,0.263158,,1.0,1.0,0.05,1.0,1.0,0.000263,3.7e-05,1.7e-05,0.000379,0.001019,0.000662,0.002642
bright,leetcode:99,greedy_fas_topological,qrels_flip,synthetic corruption: qrels-derived edges with flip_prob=0.15,20,19,0.05,20,1,False,0,0,0,0,6.0,6.0,6,6,20,ndcg_at_k,0.0,0,0.2,,0.333333,0.142857,0.05,1.0,0.684211,0.000263,3.7e-05,1.7e-05,0.000379,3.4e-05,0.000662,0.002642
bright,leetcode:99,greedy_fas_weighted_balance,qrels_flip,synthetic corruption: qrels-derived edges with flip_prob=0.15,20,19,0.05,20,1,False,0,0,0,0,6.0,6.0,6,6,20,ndcg_at_k,6.0,6,0.684211,,1.0,1.0,0.05,1.0,1.0,0.000263,3.7e-05,1.7e-05,0.000379,1.6e-05,0.000662,0.002642
bright,leetcode:99,greedy_fas_copeland,qrels_flip,synthetic corruption: qrels-derived edges with flip_prob=0.15,20,19,0.05,20,1,False,0,0,0,0,6.0,6.0,6,6,20,ndcg_at_k,6.0,6,0.684211,,1.0,1.0,0.05,1.0,1.0,0.000263,3.7e-05,1.7e-05,0.000379,2.4e-05,0.000662,0.002642
bright,leetcode:99,greedy_fas_score_augmented_topological,qrels_flip,synthetic corruption: qrels-derived edges with flip_prob=0.15,20,19,0.05,20,1,False,0,0,0,0,6.0,6.0,6,6,20,ndcg_at_k,0.0,0,-0.357895,,0.333333,0.142857,0.05,1.0,0.684211,0.000263,3.7e-05,1.7e-05,0.000379,3.1e-05,0.000662,0.002642
bright,leetcode:99,fas_balance_score_prior_alpha_beta,qrels_flip,synthetic corruption: qrels-derived edges with flip_prob=0.15,20,19,0.05,20,1,False,0,0,0,0,6.0,6.0,6,6,20,ndcg_at_k,6.0,6,0.684211,,1.0,1.0,0.05,1.0,1.0,0.000263,3.7e-05,1.7e-05,0.000379,2.8e-05,0.000662,0.002642
bright,leetcode:99,hybrid_rrf_fas_regularized,qrels_flip,synthetic corruption: qrels-derived edges with flip_prob=0.15,20,19,0.05,20,1,False,0,0,0,0,6.0,6.0,6,6,20,ndcg_at_k,6.0,6,0.684211,,1.0,1.0,0.05,1.0,1.0,0.000263,3.7e-05,1.7e-05,0.000379,2.3e-05,0.000662,0.002642
bright,leetcode:99,hybrid_rrf_balance_a05,qrels_flip,synthetic corruption: qrels-derived edges with flip_prob=0.15,20,19,0.05,20,1,False,0,0,0,0,6.0,6.0,6,6,20,ndcg_at_k,6.0,6,0.684211,,1.0,1.0,0.05,1.0,1.0,0.000263,3.7e-05,1.7e-05,0.000379,1.8e-05,0.000662,0.002642
bright,leetcode:99,hybrid_rrf_copeland_a03,qrels_flip,synthetic corruption: qrels-derived edges with flip_prob=0.15,20,19,0.05,20,1,False,0,0,0,0,6.0,6.0,6,6,20,ndcg_at_k,6.0,6,0.684211,,1.0,1.0,0.05,1.0,1.0,0.000263,3.7e-05,1.7e-05,0.000379,2.1e-05,0.000662,0.002642
bright,leetcode:99,hybrid_rrf_priority_topo_a03,qrels_flip,synthetic corruption: qrels-derived edges with flip_prob=0.15,20,19,0.05,20,1,False,0,0,0,0,6.0,6.0,6,6,20,ndcg_at_k,0.0,0,-0.357895,,0.333333,0.142857,0.05,1.0,0.684211,0.000263,3.7e-05,1.7e-05,0.000379,4.3e-05,0.000662,0.002642
bright,aops:aops_2020_AMC_10A_Problems/Problem_24,score_sum,qrels_flip,synthetic corruption: qrels-derived edges with flip_prob=0.15,20,64,0.168421,7,14,True,1,14,11.0,11,16.0,11.0,16,11,20,ndcg_at_k,16.0,16,0.557895,0.333333,1.0,1.0,0.2,1.0,1.0,0.001492,7.8e-05,1.1e-05,0.001222,2.2e-05,0.000859,0.005557
bright,aops:aops_2020_AMC_10A_Problems/Problem_24,borda,qrels_flip,synthetic corruption: qrels-derived edges with flip_prob=0.15,20,64,0.168421,7,14,True,1,14,11.0,11,16.0,11.0,16,11,20,ndcg_at_k,16.0,16,0.557895,0.333333,1.0,1.0,0.2,1.0,1.0,0.001492,7.8e-05,1.1e-05,0.001222,1.3e-05,0.000859,0.005557
bright,aops:aops_2020_AMC_10A_Problems/Problem_24,pagerank,qrels_flip,synthetic corruption: qrels-derived edges with flip_prob=0.15,20,64,0.168421,7,14,True,1,14,11.0,11,16.0,11.0,16,11,20,ndcg_at_k,16.0,16,0.368421,-0.333333,1.0,1.0,0.2,1.0,1.0,0.001492,7.8e-05,1.1e-05,0.001222,0.001598,0.000859,0.005557
bright,aops:aops_2020_AMC_10A_Problems/Problem_24,greedy_fas_topological,qrels_flip,synthetic corruption: qrels-derived edges with flip_prob=0.15,20,64,0.168421,7,14,True,1,14,11.0,11,16.0,11.0,16,11,20,ndcg_at_k,9.0,9,0.252632,0.0,0.78158,0.540179,0.2,1.0,0.734375,0.001492,7.8e-05,1.1e-05,0.001222,4.4e-05,0.000859,0.005557
bright,aops:aops_2020_AMC_10A_Problems/Problem_24,greedy_fas_weighted_balance,qrels_flip,synthetic corruption: qrels-derived edges with flip_prob=0.15,20,64,0.168421,7,14,True,1,14,11.0,11,16.0,11.0,16,11,20,ndcg_at_k,16.0,16,0.536842,0.0,1.0,1.0,0.2,1.0,1.0,0.001492,7.8e-05,1.1e-05,0.001222,2.3e-05,0.000859,0.005557
bright,aops:aops_2020_AMC_10A_Problems/Problem_24,greedy_fas_copeland,qrels_flip,synthetic corruption: qrels-derived edges with flip_prob=0.15,20,64,0.168421,7,14,True,1,14,11.0,11,16.0,11.0,16,11,20,ndcg_at_k,16.0,16,0.536842,0.0,1.0,1.0,0.2,1.0,1.0,0.001492,7.8e-05,1.1e-05,0.001222,1.7e-05,0.000859,0.005557
bright,aops:aops_2020_AMC_10A_Problems/Problem_24,greedy_fas_score_augmented_topological,qrels_flip,synthetic corruption: qrels-derived edges with flip_prob=0.15,20,64,0.168421,7,14,True,1,14,11.0,11,16.0,11.0,16,11,20,ndcg_at_k,9.0,9,0.126316,0.0,0.78158,0.540179,0.2,1.0,0.734375,0.001492,7.8e-05,1.1e-05,0.001222,2.7e-05,0.000859,0.005557
bright,aops:aops_2020_AMC_10A_Problems/Problem_24,fas_balance_score_prior_alpha_beta,qrels_flip,synthetic corruption: qrels-derived edges with flip_prob=0.15,20,64,0.168421,7,14,True,1,14,11.0,11,16.0,11.0,16,11,20,ndcg_at_k,16.0,16,0.515789,0.0,1.0,1.0,0.2,1.0,1.0,0.001492,7.8e-05,1.1e-05,0.001222,3.4e-05,0.000859,0.005557
bright,aops:aops_2020_AMC_10A_Problems/Problem_24,hybrid_rrf_fas_regularized,qrels_flip,synthetic corruption: qrels-derived edges with flip_prob=0.15,20,64,0.168421,7,14,True,1,14,11.0,11,16.0,11.0,16,11,20,ndcg_at_k,16.0,16,0.515789,0.0,1.0,1.0,0.2,1.0,1.0,0.001492,7.8e-05,1.1e-05,0.001222,2.8e-05,0.000859,0.005557
bright,aops:aops_2020_AMC_10A_Problems/Problem_24,hybrid_rrf_balance_a05,qrels_flip,synthetic corruption: qrels-derived edges with flip_prob=0.15,20,64,0.168421,7,14,True,1,14,11.0,11,16.0,11.0,16,11,20,ndcg_at_k,16.0,16,0.515789,0.0,1.0,1.0,0.2,1.0,1.0,0.001492,7.8e-05,1.1e-05,0.001222,2.2e-05,0.000859,0.005557
bright,aops:aops_2020_AMC_10A_Problems/Problem_24,hybrid_rrf_copeland_a03,qrels_flip,synthetic corruption: qrels-derived edges with flip_prob=0.15,20,64,0.168421,7,14,True,1,14,11.0,11,16.0,11.0,16,11,20,ndcg_at_k,16.0,16,0.515789,0.0,1.0,1.0,0.2,1.0,1.0,0.001492,7.8e-05,1.1e-05,0.001222,2.2e-05,0.000859,0.005557
bright,aops:aops_2020_AMC_10A_Problems/Problem_24,hybrid_rrf_priority_topo_a03,qrels_flip,synthetic corruption: qrels-derived edges with flip_prob=0.15,20,64,0.168421,7,14,True,1,14,11.0,11,16.0,11.0,16,11,20,ndcg_at_k,10.0,10,0.178947,0.0,0.784192,0.545673,0.2,1.0,0.75,0.001492,7.8e-05,1.1e-05,0.001222,4.5e-05,0.000859,0.005557
bright,aops:aops_2022_AIME_I_Problems/Problem_11,score_sum,qrels_flip,synthetic corruption: qrels-derived edges with flip_prob=0.15,20,91,0.239474,11,10,True,1,10,8.0,8,6.0,2.0,6,2,20,ndcg_at_k,6.0,6,0.715789,0.428571,1.0,1.0,0.35,1.0,1.0,0.000761,0.00021,1.4e-05,0.001212,2.4e-05,0.000904,0.00462
bright,aops:aops_2022_AIME_I_Problems/Problem_11,borda,qrels_flip,synthetic corruption: qrels-derived edges with flip_prob=0.15,20,91,0.239474,11,10,True,1,10,8.0,8,6.0,2.0,6,2,20,ndcg_at_k,6.0,6,0.715789,0.428571,1.0,1.0,0.35,1.0,1.0,0.000761,0.00021,1.4e-05,0.001212,1.3e-05,0.000904,0.00462
bright,aops:aops_2022_AIME_I_Problems/Problem_11,pagerank,qrels_flip,synthetic corruption: qrels-derived edges with flip_prob=0.15,20,91,0.239474,11,10,True,1,10,8.0,8,6.0,2.0,6,2,20,ndcg_at_k,18.0,18,0.242105,0.619048,0.728083,0.555308,0.35,1.0,0.758242,0.000761,0.00021,1.4e-05,0.001212,0.001187,0.000904,0.00462
bright,aops:aops_2022_AIME_I_Problems/Problem_11,greedy_fas_topological,qrels_flip,synthetic corruption: qrels-derived edges with flip_prob=0.15,20,91,0.239474,11,10,True,1,10,8.0,8,6.0,2.0,6,2,20,ndcg_at_k,8.0,8,0.389474,-0.428571,0.976369,0.920068,0.35,1.0,0.934066,0.000761,0.00021,1.4e-05,0.001212,4.4e-05,0.000904,0.00462
bright,aops:aops_2022_AIME_I_Problems/Problem_11,greedy_fas_weighted_balance,qrels_flip,synthetic corruption: qrels-derived edges with flip_prob=0.15,20,91,0.239474,11,10,True,1,10,8.0,8,6.0,2.0,6,2,20,ndcg_at_k,6.0,6,0.663158,0.238095,1.0,1.0,0.35,1.0,1.0,0.000761,0.00021,1.4e-05,0.001212,3.2e-05,0.000904,0.00462
bright,aops:aops_2022_AIME_I_Problems/Problem_11,greedy_fas_copeland,qrels_flip,synthetic corruption: qrels-derived edges with flip_prob=0.15,20,91,0.239474,11,10,True,1,10,8.0,8,6.0,2.0,6,2,20,ndcg_at_k,6.0,6,0.663158,0.238095,1.0,1.0,0.35,1.0,1.0,0.000761,0.00021,1.4e-05,0.001212,1.8e-05,0.000904,0.00462
bright,aops:aops_2022_AIME_I_Problems/Problem_11,greedy_fas_score_augmented_topological,qrels_flip,synthetic corruption: qrels-derived edges with flip_prob=0.15,20,91,0.239474,11,10,True,1,10,8.0,8,6.0,2.0,6,2,20,ndcg_at_k,7.0,7,0.242105,-0.047619,0.978762,0.927644,0.35,1.0,0.945055,0.000761,0.00021,1.4e-05,0.001212,3e-05,0.000904,0.00462
bright,aops:aops_2022_AIME_I_Problems/Problem_11,fas_balance_score_prior_alpha_beta,qrels_flip,synthetic corruption: qrels-derived edges with flip_prob=0.15,20,91,0.239474,11,10,True,1,10,8.0,8,6.0,2.0,6,2,20,ndcg_at_k,6.0,6,0.663158,0.238095,1.0,1.0,0.35,1.0,1.0,0.000761,0.00021,1.4e-05,0.001212,3.9e-05,0.000904,0.00462
bright,aops:aops_2022_AIME_I_Problems/Problem_11,hybrid_rrf_fas_regularized,qrels_flip,synthetic corruption: qrels-derived edges with flip_prob=0.15,20,91,0.239474,11,10,True,1,10,8.0,8,6.0,2.0,6,2,20,ndcg_at_k,6.0,6,0.673684,0.333333,1.0,1.0,0.35,1.0,1.0,0.000761,0.00021,1.4e-05,0.001212,3.1e-05,0.000904,0.00462
bright,aops:aops_2022_AIME_I_Problems/Problem_11,hybrid_rrf_balance_a05,qrels_flip,synthetic corruption: qrels-derived edges with flip_prob=0.15,20,91,0.239474,11,10,True,1,10,8.0,8,6.0,2.0,6,2,20,ndcg_at_k,6.0,6,0.663158,0.238095,1.0,1.0,0.35,1.0,1.0,0.000761,0.00021,1.4e-05,0.001212,2.8e-05,0.000904,0.00462
bright,aops:aops_2022_AIME_I_Problems/Problem_11,hybrid_rrf_copeland_a03,qrels_flip,synthetic corruption: qrels-derived edges with flip_prob=0.15,20,91,0.239474,11,10,True,1,10,8.0,8,6.0,2.0,6,2,20,ndcg_at_k,6.0,6,0.673684,0.333333,1.0,1.0,0.35,1.0,1.0,0.000761,0.00021,1.4e-05,0.001212,2.1e-05,0.000904,0.00462
bright,aops:aops_2022_AIME_I_Problems/Problem_11,hybrid_rrf_priority_topo_a03,qrels_flip,synthetic corruption: qrels-derived edges with flip_prob=0.15,20,91,0.239474,11,10,True,1,10,8.0,8,6.0,2.0,6,2,20,ndcg_at_k,7.0,7,0.242105,-0.047619,0.978762,0.927644,0.35,1.0,0.945055,0.000761,0.00021,1.4e-05,0.001212,5.2e-05,0.000904,0.00462
bright,leetcode:80,score_sum,qrels_flip,synthetic corruption: qrels-derived edges with flip_prob=0.15,20,64,0.168421,9,12,True,1,12,9.0,9,9.0,4.0,9,4,20,ndcg_at_k,9.0,9,0.463158,0.0,1.0,1.0,0.2,1.0,1.0,0.000176,6.9e-05,1.2e-05,0.001322,2e-05,0.000867,0.004355
bright,leetcode:80,borda,qrels_flip,synthetic corruption: qrels-derived edges with flip_prob=0.15,20,64,0.168421,9,12,True,1,12,9.0,9,9.0,4.0,9,4,20,ndcg_at_k,9.0,9,0.463158,0.0,1.0,1.0,0.2,1.0,1.0,0.000176,6.9e-05,1.2e-05,0.001322,1.3e-05,0.000867,0.004355
bright,leetcode:80,pagerank,qrels_flip,synthetic corruption: qrels-derived edges with flip_prob=0.15,20,64,0.168421,9,12,True,1,12,9.0,9,9.0,4.0,9,4,20,ndcg_at_k,11.0,11,0.189474,-0.333333,0.95583,0.8875,0.2,1.0,0.96875,0.000176,6.9e-05,1.2e-05,0.001322,0.001607,0.000867,0.004355
bright,leetcode:80,greedy_fas_topological,qrels_flip,synthetic corruption: qrels-derived edges with flip_prob=0.15,20,64,0.168421,9,12,True,1,12,9.0,9,9.0,4.0,9,4,20,ndcg_at_k,9.0,9,0.136842,0.666667,0.913704,0.778409,0.2,1.0,0.875,0.000176,6.9e-05,1.2e-05,0.001322,4.1e-05,0.000867,0.004355
bright,leetcode:80,greedy_fas_weighted_balance,qrels_flip,synthetic corruption: qrels-derived edges with flip_prob=0.15,20,64,0.168421,9,12,True,1,12,9.0,9,9.0,4.0,9,4,20,ndcg_at_k,9.0,9,0.442105,0.333333,1.0,1.0,0.2,1.0,1.0,0.000176,6.9e-05,1.2e-05,0.001322,2.4e-05,0.000867,0.004355
bright,leetcode:80,greedy_fas_copeland,qrels_flip,synthetic corruption: qrels-derived edges with flip_prob=0.15,20,64,0.168421,9,12,True,1,12,9.0,9,9.0,4.0,9,4,20,ndcg_at_k,9.0,9,0.442105,0.333333,1.0,1.0,0.2,1.0,1.0,0.000176,6.9e-05,1.2e-05,0.001322,1.8e-05,0.000867,0.004355
bright,leetcode:80,greedy_fas_score_augmented_topological,qrels_flip,synthetic corruption: qrels-derived edges with flip_prob=0.15,20,64,0.168421,9,12,True,1,12,9.0,9,9.0,4.0,9,4,20,ndcg_at_k,9.0,9,-0.042105,0.333333,0.913704,0.778409,0.2,1.0,0.875,0.000176,6.9e-05,1.2e-05,0.001322,3e-05,0.000867,0.004355
bright,leetcode:80,fas_balance_score_prior_alpha_beta,qrels_flip,synthetic corruption: qrels-derived edges with flip_prob=0.15,20,64,0.168421,9,12,True,1,12,9.0,9,9.0,4.0,9,4,20,ndcg_at_k,9.0,9,0.421053,0.0,1.0,1.0,0.2,1.0,1.0,0.000176,6.9e-05,1.2e-05,0.001322,3.4e-05,0.000867,0.004355
bright,leetcode:80,hybrid_rrf_fas_regularized,qrels_flip,synthetic corruption: qrels-derived edges with flip_prob=0.15,20,64,0.168421,9,12,True,1,12,9.0,9,9.0,4.0,9,4,20,ndcg_at_k,9.0,9,0.421053,0.0,1.0,1.0,0.2,1.0,1.0,0.000176,6.9e-05,1.2e-05,0.001322,2.8e-05,0.000867,0.004355
bright,leetcode:80,hybrid_rrf_balance_a05,qrels_flip,synthetic corruption: qrels-derived edges with flip_prob=0.15,20,64,0.168421,9,12,True,1,12,9.0,9,9.0,4.0,9,4,20,ndcg_at_k,9.0,9,0.421053,0.0,1.0,1.0,0.2,1.0,1.0,0.000176,6.9e-05,1.2e-05,0.001322,2.4e-05,0.000867,0.004355
bright,leetcode:80,hybrid_rrf_copeland_a03,qrels_flip,synthetic corruption: qrels-derived edges with flip_prob=0.15,20,64,0.168421,9,12,True,1,12,9.0,9,9.0,4.0,9,4,20,ndcg_at_k,9.0,9,0.421053,0.0,1.0,1.0,0.2,1.0,1.0,0.000176,6.9e-05,1.2e-05,0.001322,2.1e-05,0.000867,0.004355
bright,leetcode:80,hybrid_rrf_priority_topo_a03,qrels_flip,synthetic corruption: qrels-derived edges with flip_prob=0.15,20,64,0.168421,9,12,True,1,12,9.0,9,9.0,4.0,9,4,20,ndcg_at_k,9.0,9,-0.042105,0.333333,0.913704,0.778409,0.2,1.0,0.875,0.000176,6.9e-05,1.2e-05,0.001322,4.9e-05,0.000867,0.004355
bright,theoremqa_questions:TheoremQA_xueguangma/dividend_discount_model_2.json,score_sum,qrels_flip,synthetic corruption: qrels-derived edges with flip_prob=0.15,4,3,0.25,4,1,False,0,0,0,0,0.0,0.0,0,0,4,ndcg_at_k,0.0,0,1.0,0.666667,1.0,1.0,0.75,1.0,1.0,3.8e-05,1.5e-05,9e-06,0.000101,6e-06,0.000182,0.000904
bright,theoremqa_questions:TheoremQA_xueguangma/dividend_discount_model_2.json,borda,qrels_flip,synthetic corruption: qrels-derived edges with flip_prob=0.15,4,3,0.25,4,1,False,0,0,0,0,0.0,0.0,0,0,4,ndcg_at_k,0.0,0,1.0,0.666667,1.0,1.0,0.75,1.0,1.0,3.8e-05,1.5e-05,9e-06,0.000101,6e-06,0.000182,0.000904
bright,theoremqa_questions:TheoremQA_xueguangma/dividend_discount_model_2.json,pagerank,qrels_flip,synthetic corruption: qrels-derived edges with flip_prob=0.15,4,3,0.25,4,1,False,0,0,0,0,0.0,0.0,0,0,4,ndcg_at_k,0.0,0,0.333333,0.0,1.0,1.0,0.75,1.0,1.0,3.8e-05,1.5e-05,9e-06,0.000101,0.000461,0.000182,0.000904
bright,theoremqa_questions:TheoremQA_xueguangma/dividend_discount_model_2.json,greedy_fas_topological,qrels_flip,synthetic corruption: qrels-derived edges with flip_prob=0.15,4,3,0.25,4,1,False,0,0,0,0,0.0,0.0,0,0,4,ndcg_at_k,0.0,0,0.333333,0.0,1.0,1.0,0.75,1.0,1.0,3.8e-05,1.5e-05,9e-06,0.000101,1.7e-05,0.000182,0.000904
bright,theoremqa_questions:TheoremQA_xueguangma/dividend_discount_model_2.json,greedy_fas_weighted_balance,qrels_flip,synthetic corruption: qrels-derived edges with flip_prob=0.15,4,3,0.25,4,1,False,0,0,0,0,0.0,0.0,0,0,4,ndcg_at_k,0.0,0,1.0,0.666667,1.0,1.0,0.75,1.0,1.0,3.8e-05,1.5e-05,9e-06,0.000101,8e-06,0.000182,0.000904
bright,theoremqa_questions:TheoremQA_xueguangma/dividend_discount_model_2.json,greedy_fas_copeland,qrels_flip,synthetic corruption: qrels-derived edges with flip_prob=0.15,4,3,0.25,4,1,False,0,0,0,0,0.0,0.0,0,0,4,ndcg_at_k,0.0,0,1.0,0.666667,1.0,1.0,0.75,1.0,1.0,3.8e-05,1.5e-05,9e-06,0.000101,8e-06,0.000182,0.000904
bright,theoremqa_questions:TheoremQA_xueguangma/dividend_discount_model_2.json,greedy_fas_score_augmented_topological,qrels_flip,synthetic corruption: qrels-derived edges with flip_prob=0.15,4,3,0.25,4,1,False,0,0,0,0,0.0,0.0,0,0,4,ndcg_at_k,0.0,0,0.0,0.333333,1.0,1.0,0.75,1.0,1.0,3.8e-05,1.5e-05,9e-06,0.000101,7e-06,0.000182,0.000904
bright,theoremqa_questions:TheoremQA_xueguangma/dividend_discount_model_2.json,fas_balance_score_prior_alpha_beta,qrels_flip,synthetic corruption: qrels-derived edges with flip_prob=0.15,4,3,0.25,4,1,False,0,0,0,0,0.0,0.0,0,0,4,ndcg_at_k,0.0,0,1.0,0.666667,1.0,1.0,0.75,1.0,1.0,3.8e-05,1.5e-05,9e-06,0.000101,1.2e-05,0.000182,0.000904
bright,theoremqa_questions:TheoremQA_xueguangma/dividend_discount_model_2.json,hybrid_rrf_fas_regularized,qrels_flip,synthetic corruption: qrels-derived edges with flip_prob=0.15,4,3,0.25,4,1,False,0,0,0,0,0.0,0.0,0,0,4,ndcg_at_k,0.0,0,1.0,0.666667,1.0,1.0,0.75,1.0,1.0,3.8e-05,1.5e-05,9e-06,0.000101,9e-06,0.000182,0.000904
bright,theoremqa_questions:TheoremQA_xueguangma/dividend_discount_model_2.json,hybrid_rrf_balance_a05,qrels_flip,synthetic corruption: qrels-derived edges with flip_prob=0.15,4,3,0.25,4,1,False,0,0,0,0,0.0,0.0,0,0,4,ndcg_at_k,0.0,0,1.0,0.666667,1.0,1.0,0.75,1.0,1.0,3.8e-05,1.5e-05,9e-06,0.000101,6e-06,0.000182,0.000904
bright,theoremqa_questions:TheoremQA_xueguangma/dividend_discount_model_2.json,hybrid_rrf_copeland_a03,qrels_flip,synthetic corruption: qrels-derived edges with flip_prob=0.15,4,3,0.25,4,1,False,0,0,0,0,0.0,0.0,0,0,4,ndcg_at_k,0.0,0,1.0,0.666667,1.0,1.0,0.75,1.0,1.0,3.8e-05,1.5e-05,9e-06,0.000101,7e-06,0.000182,0.000904
bright,theoremqa_questions:TheoremQA_xueguangma/dividend_discount_model_2.json,hybrid_rrf_priority_topo_a03,qrels_flip,synthetic corruption: qrels-derived edges with flip_prob=0.15,4,3,0.25,4,1,False,0,0,0,0,0.0,0.0,0,0,4,ndcg_at_k,0.0,0,0.0,0.333333,1.0,1.0,0.75,1.0,1.0,3.8e-05,1.5e-05,9e-06,0.000101,1.2e-05,0.000182,0.000904
bright,theoremqa_questions:TheoremQA_maxku/cv-cnn4.json,score_sum,qrels_flip,synthetic corruption: qrels-derived edges with flip_prob=0.15,3,2,0.333333,3,1,False,0,0,0,0,0.0,0.0,0,0,3,ndcg_at_k,0.0,0,1.0,1.0,1.0,1.0,0.666667,1.0,1.0,2.6e-05,1.3e-05,7e-06,8.9e-05,5e-06,0.000144,0.000825
bright,theoremqa_questions:TheoremQA_maxku/cv-cnn4.json,borda,qrels_flip,synthetic corruption: qrels-derived edges with flip_prob=0.15,3,2,0.333333,3,1,False,0,0,0,0,0.0,0.0,0,0,3,ndcg_at_k,0.0,0,1.0,1.0,1.0,1.0,0.666667,1.0,1.0,2.6e-05,1.3e-05,7e-06,8.9e-05,5e-06,0.000144,0.000825
bright,theoremqa_questions:TheoremQA_maxku/cv-cnn4.json,pagerank,qrels_flip,synthetic corruption: qrels-derived edges with flip_prob=0.15,3,2,0.333333,3,1,False,0,0,0,0,0.0,0.0,0,0,3,ndcg_at_k,0.0,0,0.333333,0.333333,1.0,1.0,0.666667,1.0,1.0,2.6e-05,1.3e-05,7e-06,8.9e-05,0.000465,0.000144,0.000825
bright,theoremqa_questions:TheoremQA_maxku/cv-cnn4.json,greedy_fas_topological,qrels_flip,synthetic corruption: qrels-derived edges with flip_prob=0.15,3,2,0.333333,3,1,False,0,0,0,0,0.0,0.0,0,0,3,ndcg_at_k,0.0,0,0.333333,0.333333,1.0,1.0,0.666667,1.0,1.0,2.6e-05,1.3e-05,7e-06,8.9e-05,1.5e-05,0.000144,0.000825
bright,theoremqa_questions:TheoremQA_maxku/cv-cnn4.json,greedy_fas_weighted_balance,qrels_flip,synthetic corruption: qrels-derived edges with flip_prob=0.15,3,2,0.333333,3,1,False,0,0,0,0,0.0,0.0,0,0,3,ndcg_at_k,0.0,0,1.0,1.0,1.0,1.0,0.666667,1.0,1.0,2.6e-05,1.3e-05,7e-06,8.9e-05,6e-06,0.000144,0.000825
bright,theoremqa_questions:TheoremQA_maxku/cv-cnn4.json,greedy_fas_copeland,qrels_flip,synthetic corruption: qrels-derived edges with flip_prob=0.15,3,2,0.333333,3,1,False,0,0,0,0,0.0,0.0,0,0,3,ndcg_at_k,0.0,0,1.0,1.0,1.0,1.0,0.666667,1.0,1.0,2.6e-05,1.3e-05,7e-06,8.9e-05,6e-06,0.000144,0.000825
bright,theoremqa_questions:TheoremQA_maxku/cv-cnn4.json,greedy_fas_score_augmented_topological,qrels_flip,synthetic corruption: qrels-derived edges with flip_prob=0.15,3,2,0.333333,3,1,False,0,0,0,0,0.0,0.0,0,0,3,ndcg_at_k,0.0,0,0.333333,0.333333,1.0,1.0,0.666667,1.0,1.0,2.6e-05,1.3e-05,7e-06,8.9e-05,6e-06,0.000144,0.000825
bright,theoremqa_questions:TheoremQA_maxku/cv-cnn4.json,fas_balance_score_prior_alpha_beta,qrels_flip,synthetic corruption: qrels-derived edges with flip_prob=0.15,3,2,0.333333,3,1,False,0,0,0,0,0.0,0.0,0,0,3,ndcg_at_k,0.0,0,1.0,1.0,1.0,1.0,0.666667,1.0,1.0,2.6e-05,1.3e-05,7e-06,8.9e-05,1e-05,0.000144,0.000825
bright,theoremqa_questions:TheoremQA_maxku/cv-cnn4.json,hybrid_rrf_fas_regularized,qrels_flip,synthetic corruption: qrels-derived edges with flip_prob=0.15,3,2,0.333333,3,1,False,0,0,0,0,0.0,0.0,0,0,3,ndcg_at_k,0.0,0,1.0,1.0,1.0,1.0,0.666667,1.0,1.0,2.6e-05,1.3e-05,7e-06,8.9e-05,7e-06,0.000144,0.000825
bright,theoremqa_questions:TheoremQA_maxku/cv-cnn4.json,hybrid_rrf_balance_a05,qrels_flip,synthetic corruption: qrels-derived edges with flip_prob=0.15,3,2,0.333333,3,1,False,0,0,0,0,0.0,0.0,0,0,3,ndcg_at_k,0.0,0,1.0,1.0,1.0,1.0,0.666667,1.0,1.0,2.6e-05,1.3e-05,7e-06,8.9e-05,5e-06,0.000144,0.000825
bright,theoremqa_questions:TheoremQA_maxku/cv-cnn4.json,hybrid_rrf_copeland_a03,qrels_flip,synthetic corruption: qrels-derived edges with flip_prob=0.15,3,2,0.333333,3,1,False,0,0,0,0,0.0,0.0,0,0,3,ndcg_at_k,0.0,0,1.0,1.0,1.0,1.0,0.666667,1.0,1.0,2.6e-05,1.3e-05,7e-06,8.9e-05,6e-06,0.000144,0.000825
bright,theoremqa_questions:TheoremQA_maxku/cv-cnn4.json,hybrid_rrf_priority_topo_a03,qrels_flip,synthetic corruption: qrels-derived edges with flip_prob=0.15,3,2,0.333333,3,1,False,0,0,0,0,0.0,0.0,0,0,3,ndcg_at_k,0.0,0,0.333333,0.333333,1.0,1.0,0.666667,1.0,1.0,2.6e-05,1.3e-05,7e-06,8.9e-05,1e-05,0.000144,0.000825
bright,theoremqa_questions:TheoremQA_elainewan/econ_micro_7.json,score_sum,qrels_flip,synthetic corruption: qrels-derived edges with flip_prob=0.15,20,36,0.094737,14,7,True,1,7,2.0,2,5.0,5.0,5,5,20,ndcg_at_k,5.0,5,0.642105,-1.0,1.0,1.0,0.1,1.0,1.0,0.000445,4.8e-05,1.1e-05,0.000383,1.5e-05,0.000767,0.003663
bright,theoremqa_questions:TheoremQA_elainewan/econ_micro_7.json,borda,qrels_flip,synthetic corruption: qrels-derived edges with flip_prob=0.15,20,36,0.094737,14,7,True,1,7,2.0,2,5.0,5.0,5,5,20,ndcg_at_k,5.0,5,0.642105,-1.0,1.0,1.0,0.1,1.0,1.0,0.000445,4.8e-05,1.1e-05,0.000383,1.2e-05,0.000767,0.003663
bright,theoremqa_questions:TheoremQA_elainewan/econ_micro_7.json,pagerank,qrels_flip,synthetic corruption: qrels-derived edges with flip_prob=0.15,20,36,0.094737,14,7,True,1,7,2.0,2,5.0,5.0,5,5,20,ndcg_at_k,5.0,5,0.263158,-1.0,1.0,1.0,0.1,1.0,1.0,0.000445,4.8e-05,1.1e-05,0.000383,0.001726,0.000767,0.003663
bright,theoremqa_questions:TheoremQA_elainewan/econ_micro_7.json,greedy_fas_topological,qrels_flip,synthetic corruption: qrels-derived edges with flip_prob=0.15,20,36,0.094737,14,7,True,1,7,2.0,2,5.0,5.0,5,5,20,ndcg_at_k,2.0,2,0.189474,-1.0,0.510956,0.309524,0.1,1.0,0.805556,0.000445,4.8e-05,1.1e-05,0.000383,4.1e-05,0.000767,0.003663
bright,theoremqa_questions:TheoremQA_elainewan/econ_micro_7.json,greedy_fas_weighted_balance,qrels_flip,synthetic corruption: qrels-derived edges with flip_prob=0.15,20,36,0.094737,14,7,True,1,7,2.0,2,5.0,5.0,5,5,20,ndcg_at_k,5.0,5,0.589474,-1.0,1.0,1.0,0.1,1.0,1.0,0.000445,4.8e-05,1.1e-05,0.000383,2.1e-05,0.000767,0.003663
bright,theoremqa_questions:TheoremQA_elainewan/econ_micro_7.json,greedy_fas_copeland,qrels_flip,synthetic corruption: qrels-derived edges with flip_prob=0.15,20,36,0.094737,14,7,True,1,7,2.0,2,5.0,5.0,5,5,20,ndcg_at_k,5.0,5,0.589474,-1.0,1.0,1.0,0.1,1.0,1.0,0.000445,4.8e-05,1.1e-05,0.000383,1.9e-05,0.000767,0.003663
bright,theoremqa_questions:TheoremQA_elainewan/econ_micro_7.json,greedy_fas_score_augmented_topological,qrels_flip,synthetic corruption: qrels-derived edges with flip_prob=0.15,20,36,0.094737,14,7,True,1,7,2.0,2,5.0,5.0,5,5,20,ndcg_at_k,2.0,2,-0.347368,-1.0,0.510956,0.309524,0.1,1.0,0.805556,0.000445,4.8e-05,1.1e-05,0.000383,3.1e-05,0.000767,0.003663
bright,theoremqa_questions:TheoremQA_elainewan/econ_micro_7.json,fas_balance_score_prior_alpha_beta,qrels_flip,synthetic corruption: qrels-derived edges with flip_prob=0.15,20,36,0.094737,14,7,True,1,7,2.0,2,5.0,5.0,5,5,20,ndcg_at_k,5.0,5,0.589474,-1.0,1.0,1.0,0.1,1.0,1.0,0.000445,4.8e-05,1.1e-05,0.000383,3.1e-05,0.000767,0.003663
bright,theoremqa_questions:TheoremQA_elainewan/econ_micro_7.json,hybrid_rrf_fas_regularized,qrels_flip,synthetic corruption: qrels-derived edges with flip_prob=0.15,20,36,0.094737,14,7,True,1,7,2.0,2,5.0,5.0,5,5,20,ndcg_at_k,5.0,5,0.589474,-1.0,1.0,1.0,0.1,1.0,1.0,0.000445,4.8e-05,1.1e-05,0.000383,2.6e-05,0.000767,0.003663
bright,theoremqa_questions:TheoremQA_elainewan/econ_micro_7.json,hybrid_rrf_balance_a05,qrels_flip,synthetic corruption: qrels-derived edges with flip_prob=0.15,20,36,0.094737,14,7,True,1,7,2.0,2,5.0,5.0,5,5,20,ndcg_at_k,5.0,5,0.589474,-1.0,1.0,1.0,0.1,1.0,1.0,0.000445,4.8e-05,1.1e-05,0.000383,2.1e-05,0.000767,0.003663
bright,theoremqa_questions:TheoremQA_elainewan/econ_micro_7.json,hybrid_rrf_copeland_a03,qrels_flip,synthetic corruption: qrels-derived edges with flip_prob=0.15,20,36,0.094737,14,7,True,1,7,2.0,2,5.0,5.0,5,5,20,ndcg_at_k,5.0,5,0.589474,-1.0,1.0,1.0,0.1,1.0,1.0,0.000445,4.8e-05,1.1e-05,0.000383,2e-05,0.000767,0.003663
bright,theoremqa_questions:TheoremQA_elainewan/econ_micro_7.json,hybrid_rrf_priority_topo_a03,qrels_flip,synthetic corruption: qrels-derived edges with flip_prob=0.15,20,36,0.094737,14,7,True,1,7,2.0,2,5.0,5.0,5,5,20,ndcg_at_k,2.0,2,-0.347368,-1.0,0.510956,0.309524,0.1,1.0,0.805556,0.000445,4.8e-05,1.1e-05,0.000383,4.6e-05,0.000767,0.003663
bright,theoremqa_questions:TheoremQA_xueguangma/binomial_model_2.json,score_sum,qrels_flip,synthetic corruption: qrels-derived edges with flip_prob=0.15,2,1,0.5,2,1,False,0,0,0,0,0.0,0.0,0,0,2,ndcg_at_k,0.0,0,1.0,1.0,1.0,1.0,0.5,1.0,1.0,2.4e-05,1.3e-05,7e-06,8.1e-05,5e-06,0.000149,0.000944
bright,theoremqa_questions:TheoremQA_xueguangma/binomial_model_2.json,borda,qrels_flip,synthetic corruption: qrels-derived edges with flip_prob=0.15,2,1,0.5,2,1,False,0,0,0,0,0.0,0.0,0,0,2,ndcg_at_k,0.0,0,1.0,1.0,1.0,1.0,0.5,1.0,1.0,2.4e-05,1.3e-05,7e-06,8.1e-05,4e-06,0.000149,0.000944
bright,theoremqa_questions:TheoremQA_xueguangma/binomial_model_2.json,pagerank,qrels_flip,synthetic corruption: qrels-derived edges with flip_prob=0.15,2,1,0.5,2,1,False,0,0,0,0,0.0,0.0,0,0,2,ndcg_at_k,0.0,0,1.0,1.0,1.0,1.0,0.5,1.0,1.0,2.4e-05,1.3e-05,7e-06,8.1e-05,0.000594,0.000149,0.000944
bright,theoremqa_questions:TheoremQA_xueguangma/binomial_model_2.json,greedy_fas_topological,qrels_flip,synthetic corruption: qrels-derived edges with flip_prob=0.15,2,1,0.5,2,1,False,0,0,0,0,0.0,0.0,0,0,2,ndcg_at_k,0.0,0,1.0,1.0,1.0,1.0,0.5,1.0,1.0,2.4e-05,1.3e-05,7e-06,8.1e-05,1.4e-05,0.000149,0.000944
bright,theoremqa_questions:TheoremQA_xueguangma/binomial_model_2.json,greedy_fas_weighted_balance,qrels_flip,synthetic corruption: qrels-derived edges with flip_prob=0.15,2,1,0.5,2,1,False,0,0,0,0,0.0,0.0,0,0,2,ndcg_at_k,0.0,0,1.0,1.0,1.0,1.0,0.5,1.0,1.0,2.4e-05,1.3e-05,7e-06,8.1e-05,6e-06,0.000149,0.000944
bright,theoremqa_questions:TheoremQA_xueguangma/binomial_model_2.json,greedy_fas_copeland,qrels_flip,synthetic corruption: qrels-derived edges with flip_prob=0.15,2,1,0.5,2,1,False,0,0,0,0,0.0,0.0,0,0,2,ndcg_at_k,0.0,0,1.0,1.0,1.0,1.0,0.5,1.0,1.0,2.4e-05,1.3e-05,7e-06,8.1e-05,6e-06,0.000149,0.000944
bright,theoremqa_questions:TheoremQA_xueguangma/binomial_model_2.json,greedy_fas_score_augmented_topological,qrels_flip,synthetic corruption: qrels-derived edges with flip_prob=0.15,2,1,0.5,2,1,False,0,0,0,0,0.0,0.0,0,0,2,ndcg_at_k,0.0,0,1.0,1.0,1.0,1.0,0.5,1.0,1.0,2.4e-05,1.3e-05,7e-06,8.1e-05,5e-06,0.000149,0.000944
bright,theoremqa_questions:TheoremQA_xueguangma/binomial_model_2.json,fas_balance_score_prior_alpha_beta,qrels_flip,synthetic corruption: qrels-derived edges with flip_prob=0.15,2,1,0.5,2,1,False,0,0,0,0,0.0,0.0,0,0,2,ndcg_at_k,0.0,0,1.0,1.0,1.0,1.0,0.5,1.0,1.0,2.4e-05,1.3e-05,7e-06,8.1e-05,1e-05,0.000149,0.000944
bright,theoremqa_questions:TheoremQA_xueguangma/binomial_model_2.json,hybrid_rrf_fas_regularized,qrels_flip,synthetic corruption: qrels-derived edges with flip_prob=0.15,2,1,0.5,2,1,False,0,0,0,0,0.0,0.0,0,0,2,ndcg_at_k,0.0,0,1.0,1.0,1.0,1.0,0.5,1.0,1.0,2.4e-05,1.3e-05,7e-06,8.1e-05,8e-06,0.000149,0.000944
bright,theoremqa_questions:TheoremQA_xueguangma/binomial_model_2.json,hybrid_rrf_balance_a05,qrels_flip,synthetic corruption: qrels-derived edges with flip_prob=0.15,2,1,0.5,2,1,False,0,0,0,0,0.0,0.0,0,0,2,ndcg_at_k,0.0,0,1.0,1.0,1.0,1.0,0.5,1.0,1.0,2.4e-05,1.3e-05,7e-06,8.1e-05,5e-06,0.000149,0.000944
bright,theoremqa_questions:TheoremQA_xueguangma/binomial_model_2.json,hybrid_rrf_copeland_a03,qrels_flip,synthetic corruption: qrels-derived edges with flip_prob=0.15,2,1,0.5,2,1,False,0,0,0,0,0.0,0.0,0,0,2,ndcg_at_k,0.0,0,1.0,1.0,1.0,1.0,0.5,1.0,1.0,2.4e-05,1.3e-05,7e-06,8.1e-05,4e-06,0.000149,0.000944
bright,theoremqa_questions:TheoremQA_xueguangma/binomial_model_2.json,hybrid_rrf_priority_topo_a03,qrels_flip,synthetic corruption: qrels-derived edges with flip_prob=0.15,2,1,0.5,2,1,False,0,0,0,0,0.0,0.0,0,0,2,ndcg_at_k,0.0,0,1.0,1.0,1.0,1.0,0.5,1.0,1.0,2.4e-05,1.3e-05,7e-06,8.1e-05,9e-06,0.000149,0.000944
bright,aops:math_train_intermediate_algebra_1822,score_sum,qrels_flip,synthetic corruption: qrels-derived edges with flip_prob=0.15,20,51,0.134211,8,13,True,1,13,10.0,10,11.0,6.0,11,6,20,ndcg_at_k,11.0,11,0.673684,0.333333,1.0,1.0,0.15,1.0,1.0,0.001806,7e-05,1.2e-05,0.001227,2e-05,0.000885,0.005896
bright,aops:math_train_intermediate_algebra_1822,borda,qrels_flip,synthetic corruption: qrels-derived edges with flip_prob=0.15,20,51,0.134211,8,13,True,1,13,10.0,10,11.0,6.0,11,6,20,ndcg_at_k,11.0,11,0.673684,0.333333,1.0,1.0,0.15,1.0,1.0,0.001806,7e-05,1.2e-05,0.001227,1.4e-05,0.000885,0.005896
bright,aops:math_train_intermediate_algebra_1822,pagerank,qrels_flip,synthetic corruption: qrels-derived edges with flip_prob=0.15,20,51,0.134211,8,13,True,1,13,10.0,10,11.0,6.0,11,6,20,ndcg_at_k,11.0,11,0.305263,0.333333,1.0,1.0,0.15,1.0,1.0,0.001806,7e-05,1.2e-05,0.001227,0.001602,0.000885,0.005896
bright,aops:math_train_intermediate_algebra_1822,greedy_fas_topological,qrels_flip,synthetic corruption: qrels-derived edges with flip_prob=0.15,20,51,0.134211,8,13,True,1,13,10.0,10,11.0,6.0,11,6,20,ndcg_at_k,7.0,7,0.063158,0.333333,0.759695,0.521368,0.15,1.0,0.72549,0.001806,7e-05,1.2e-05,0.001227,4.2e-05,0.000885,0.005896
bright,aops:math_train_intermediate_algebra_1822,greedy_fas_weighted_balance,qrels_flip,synthetic corruption: qrels-derived edges with flip_prob=0.15,20,51,0.134211,8,13,True,1,13,10.0,10,11.0,6.0,11,6,20,ndcg_at_k,11.0,11,0.673684,0.333333,1.0,1.0,0.15,1.0,1.0,0.001806,7e-05,1.2e-05,0.001227,2.1e-05,0.000885,0.005896
bright,aops:math_train_intermediate_algebra_1822,greedy_fas_copeland,qrels_flip,synthetic corruption: qrels-derived edges with flip_prob=0.15,20,51,0.134211,8,13,True,1,13,10.0,10,11.0,6.0,11,6,20,ndcg_at_k,11.0,11,0.673684,0.333333,1.0,1.0,0.15,1.0,1.0,0.001806,7e-05,1.2e-05,0.001227,1.8e-05,0.000885,0.005896
bright,aops:math_train_intermediate_algebra_1822,greedy_fas_score_augmented_topological,qrels_flip,synthetic corruption: qrels-derived edges with flip_prob=0.15,20,51,0.134211,8,13,True,1,13,10.0,10,11.0,6.0,11,6,20,ndcg_at_k,10.0,10,-0.042105,0.333333,0.827174,0.632479,0.15,1.0,0.784314,0.001806,7e-05,1.2e-05,0.001227,3.1e-05,0.000885,0.005896
bright,aops:math_train_intermediate_algebra_1822,fas_balance_score_prior_alpha_beta,qrels_flip,synthetic corruption: qrels-derived edges with flip_prob=0.15,20,51,0.134211,8,13,True,1,13,10.0,10,11.0,6.0,11,6,20,ndcg_at_k,11.0,11,0.673684,0.333333,1.0,1.0,0.15,1.0,1.0,0.001806,7e-05,1.2e-05,0.001227,3.2e-05,0.000885,0.005896
bright,aops:math_train_intermediate_algebra_1822,hybrid_rrf_fas_regularized,qrels_flip,synthetic corruption: qrels-derived edges with flip_prob=0.15,20,51,0.134211,8,13,True,1,13,10.0,10,11.0,6.0,11,6,20,ndcg_at_k,11.0,11,0.673684,0.333333,1.0,1.0,0.15,1.0,1.0,0.001806,7e-05,1.2e-05,0.001227,2.7e-05,0.000885,0.005896
bright,aops:math_train_intermediate_algebra_1822,hybrid_rrf_balance_a05,qrels_flip,synthetic corruption: qrels-derived edges with flip_prob=0.15,20,51,0.134211,8,13,True,1,13,10.0,10,11.0,6.0,11,6,20,ndcg_at_k,11.0,11,0.673684,0.333333,1.0,1.0,0.15,1.0,1.0,0.001806,7e-05,1.2e-05,0.001227,2.2e-05,0.000885,0.005896
bright,aops:math_train_intermediate_algebra_1822,hybrid_rrf_copeland_a03,qrels_flip,synthetic corruption: qrels-derived edges with flip_prob=0.15,20,51,0.134211,8,13,True,1,13,10.0,10,11.0,6.0,11,6,20,ndcg_at_k,11.0,11,0.673684,0.333333,1.0,1.0,0.15,1.0,1.0,0.001806,7e-05,1.2e-05,0.001227,2.2e-05,0.000885,0.005896
bright,aops:math_train_intermediate_algebra_1822,hybrid_rrf_priority_topo_a03,qrels_flip,synthetic corruption: qrels-derived edges with flip_prob=0.15,20,51,0.134211,8,13,True,1,13,10.0,10,11.0,6.0,11,6,20,ndcg_at_k,10.0,10,-0.042105,0.333333,0.827174,0.632479,0.15,1.0,0.784314,0.001806,7e-05,1.2e-05,0.001227,4.5e-05,0.000885,0.005896
bright,theoremqa_questions:TheoremQA_maxku/graphtheory11-shortestpath-hard.json,score_sum,qrels_flip,synthetic corruption: qrels-derived edges with flip_prob=0.15,20,51,0.134211,10,11,True,1,11,5.0,5,9.0,8.0,9,8,20,ndcg_at_k,9.0,9,0.6,0.333333,1.0,1.0,0.15,1.0,1.0,0.001297,6.9e-05,1.2e-05,0.001146,2e-05,0.000852,0.00531
bright,theoremqa_questions:TheoremQA_maxku/graphtheory11-shortestpath-hard.json,borda,qrels_flip,synthetic corruption: qrels-derived edges with flip_prob=0.15,20,51,0.134211,10,11,True,1,11,5.0,5,9.0,8.0,9,8,20,ndcg_at_k,9.0,9,0.6,0.333333,1.0,1.0,0.15,1.0,1.0,0.001297,6.9e-05,1.2e-05,0.001146,1.3e-05,0.000852,0.00531
bright,theoremqa_questions:TheoremQA_maxku/graphtheory11-shortestpath-hard.json,pagerank,qrels_flip,synthetic corruption: qrels-derived edges with flip_prob=0.15,20,51,0.134211,10,11,True,1,11,5.0,5,9.0,8.0,9,8,20,ndcg_at_k,7.0,7,0.221053,-0.333333,0.906025,0.805556,0.15,1.0,0.960784,0.001297,6.9e-05,1.2e-05,0.001146,0.001626,0.000852,0.00531
bright,theoremqa_questions:TheoremQA_maxku/graphtheory11-shortestpath-hard.json,greedy_fas_topological,qrels_flip,synthetic corruption: qrels-derived edges with flip_prob=0.15,20,51,0.134211,10,11,True,1,11,5.0,5,9.0,8.0,9,8,20,ndcg_at_k,5.0,5,0.063158,0.333333,0.767341,0.535354,0.15,1.0,0.764706,0.001297,6.9e-05,1.2e-05,0.001146,4.6e-05,0.000852,0.00531
bright,theoremqa_questions:TheoremQA_maxku/graphtheory11-shortestpath-hard.json,greedy_fas_weighted_balance,qrels_flip,synthetic corruption: qrels-derived edges with flip_prob=0.15,20,51,0.134211,10,11,True,1,11,5.0,5,9.0,8.0,9,8,20,ndcg_at_k,9.0,9,0.515789,0.333333,1.0,1.0,0.15,1.0,1.0,0.001297,6.9e-05,1.2e-05,0.001146,2.3e-05,0.000852,0.00531
bright,theoremqa_questions:TheoremQA_maxku/graphtheory11-shortestpath-hard.json,greedy_fas_copeland,qrels_flip,synthetic corruption: qrels-derived edges with flip_prob=0.15,20,51,0.134211,10,11,True,1,11,5.0,5,9.0,8.0,9,8,20,ndcg_at_k,9.0,9,0.515789,0.333333,1.0,1.0,0.15,1.0,1.0,0.001297,6.9e-05,1.2e-05,0.001146,1.9e-05,0.000852,0.00531
bright,theoremqa_questions:TheoremQA_maxku/graphtheory11-shortestpath-hard.json,greedy_fas_score_augmented_topological,qrels_flip,synthetic corruption: qrels-derived edges with flip_prob=0.15,20,51,0.134211,10,11,True,1,11,5.0,5,9.0,8.0,9,8,20,ndcg_at_k,5.0,5,-0.126316,0.333333,0.767341,0.535354,0.15,1.0,0.764706,0.001297,6.9e-05,1.2e-05,0.001146,3e-05,0.000852,0.00531
bright,theoremqa_questions:TheoremQA_maxku/graphtheory11-shortestpath-hard.json,fas_balance_score_prior_alpha_beta,qrels_flip,synthetic corruption: qrels-derived edges with flip_prob=0.15,20,51,0.134211,10,11,True,1,11,5.0,5,9.0,8.0,9,8,20,ndcg_at_k,9.0,9,0.515789,0.333333,1.0,1.0,0.15,1.0,1.0,0.001297,6.9e-05,1.2e-05,0.001146,3.5e-05,0.000852,0.00531
bright,theoremqa_questions:TheoremQA_maxku/graphtheory11-shortestpath-hard.json,hybrid_rrf_fas_regularized,qrels_flip,synthetic corruption: qrels-derived edges with flip_prob=0.15,20,51,0.134211,10,11,True,1,11,5.0,5,9.0,8.0,9,8,20,ndcg_at_k,9.0,9,0.515789,0.333333,1.0,1.0,0.15,1.0,1.0,0.001297,6.9e-05,1.2e-05,0.001146,2.9e-05,0.000852,0.00531
bright,theoremqa_questions:TheoremQA_maxku/graphtheory11-shortestpath-hard.json,hybrid_rrf_balance_a05,qrels_flip,synthetic corruption: qrels-derived edges with flip_prob=0.15,20,51,0.134211,10,11,True,1,11,5.0,5,9.0,8.0,9,8,20,ndcg_at_k,9.0,9,0.515789,0.333333,1.0,1.0,0.15,1.0,1.0,0.001297,6.9e-05,1.2e-05,0.001146,2.5e-05,0.000852,0.00531
bright,theoremqa_questions:TheoremQA_maxku/graphtheory11-shortestpath-hard.json,hybrid_rrf_copeland_a03,qrels_flip,synthetic corruption: qrels-derived edges with flip_prob=0.15,20,51,0.134211,10,11,True,1,11,5.0,5,9.0,8.0,9,8,20,ndcg_at_k,9.0,9,0.515789,0.333333,1.0,1.0,0.15,1.0,1.0,0.001297,6.9e-05,1.2e-05,0.001146,2.1e-05,0.000852,0.00531
bright,theoremqa_questions:TheoremQA_maxku/graphtheory11-shortestpath-hard.json,hybrid_rrf_priority_topo_a03,qrels_flip,synthetic corruption: qrels-derived edges with flip_prob=0.15,20,51,0.134211,10,11,True,1,11,5.0,5,9.0,8.0,9,8,20,ndcg_at_k,5.0,5,-0.126316,0.333333,0.767341,0.535354,0.15,1.0,0.764706,0.001297,6.9e-05,1.2e-05,0.001146,4.7e-05,0.000852,0.00531
bright,theoremqa_questions:TheoremQA_jianyu_xu/Catalan_1.json,score_sum,qrels_flip,synthetic corruption: qrels-derived edges with flip_prob=0.15,20,19,0.05,20,1,False,0,0,0,0,1.0,1.0,1,1,20,ndcg_at_k,1.0,1,0.915789,1.0,1.0,1.0,0.05,1.0,1.0,0.000686,4.1e-05,1.7e-05,0.000261,1.4e-05,0.000712,0.003309
bright,theoremqa_questions:TheoremQA_jianyu_xu/Catalan_1.json,borda,qrels_flip,synthetic corruption: qrels-derived edges with flip_prob=0.15,20,19,0.05,20,1,False,0,0,0,0,1.0,1.0,1,1,20,ndcg_at_k,1.0,1,0.915789,1.0,1.0,1.0,0.05,1.0,1.0,0.000686,4.1e-05,1.7e-05,0.000261,1.3e-05,0.000712,0.003309
bright,theoremqa_questions:TheoremQA_jianyu_xu/Catalan_1.json,pagerank,qrels_flip,synthetic corruption: qrels-derived edges with flip_prob=0.15,20,19,0.05,20,1,False,0,0,0,0,1.0,1.0,1,1,20,ndcg_at_k,1.0,1,0.094737,1.0,1.0,1.0,0.05,1.0,1.0,0.000686,4.1e-05,1.7e-05,0.000261,0.001324,0.000712,0.003309
bright,theoremqa_questions:TheoremQA_jianyu_xu/Catalan_1.json,greedy_fas_topological,qrels_flip,synthetic corruption: qrels-derived edges with flip_prob=0.15,20,19,0.05,20,1,False,0,0,0,0,1.0,1.0,1,1,20,ndcg_at_k,0.0,0,0.084211,1.0,0.63093,0.5,0.05,1.0,0.947368,0.000686,4.1e-05,1.7e-05,0.000261,3.6e-05,0.000712,0.003309
bright,theoremqa_questions:TheoremQA_jianyu_xu/Catalan_1.json,greedy_fas_weighted_balance,qrels_flip,synthetic corruption: qrels-derived edges with flip_prob=0.15,20,19,0.05,20,1,False,0,0,0,0,1.0,1.0,1,1,20,ndcg_at_k,1.0,1,0.915789,1.0,1.0,1.0,0.05,1.0,1.0,0.000686,4.1e-05,1.7e-05,0.000261,1.6e-05,0.000712,0.003309
bright,theoremqa_questions:TheoremQA_jianyu_xu/Catalan_1.json,greedy_fas_copeland,qrels_flip,synthetic corruption: qrels-derived edges with flip_prob=0.15,20,19,0.05,20,1,False,0,0,0,0,1.0,1.0,1,1,20,ndcg_at_k,1.0,1,0.915789,1.0,1.0,1.0,0.05,1.0,1.0,0.000686,4.1e-05,1.7e-05,0.000261,1.8e-05,0.000712,0.003309
bright,theoremqa_questions:TheoremQA_jianyu_xu/Catalan_1.json,greedy_fas_score_augmented_topological,qrels_flip,synthetic corruption: qrels-derived edges with flip_prob=0.15,20,19,0.05,20,1,False,0,0,0,0,1.0,1.0,1,1,20,ndcg_at_k,0.0,0,-0.705263,1.0,0.63093,0.5,0.05,1.0,0.947368,0.000686,4.1e-05,1.7e-05,0.000261,3.6e-05,0.000712,0.003309
bright,theoremqa_questions:TheoremQA_jianyu_xu/Catalan_1.json,fas_balance_score_prior_alpha_beta,qrels_flip,synthetic corruption: qrels-derived edges with flip_prob=0.15,20,19,0.05,20,1,False,0,0,0,0,1.0,1.0,1,1,20,ndcg_at_k,1.0,1,0.915789,1.0,1.0,1.0,0.05,1.0,1.0,0.000686,4.1e-05,1.7e-05,0.000261,2.8e-05,0.000712,0.003309
bright,theoremqa_questions:TheoremQA_jianyu_xu/Catalan_1.json,hybrid_rrf_fas_regularized,qrels_flip,synthetic corruption: qrels-derived edges with flip_prob=0.15,20,19,0.05,20,1,False,0,0,0,0,1.0,1.0,1,1,20,ndcg_at_k,1.0,1,0.915789,1.0,1.0,1.0,0.05,1.0,1.0,0.000686,4.1e-05,1.7e-05,0.000261,2.2e-05,0.000712,0.003309
bright,theoremqa_questions:TheoremQA_jianyu_xu/Catalan_1.json,hybrid_rrf_balance_a05,qrels_flip,synthetic corruption: qrels-derived edges with flip_prob=0.15,20,19,0.05,20,1,False,0,0,0,0,1.0,1.0,1,1,20,ndcg_at_k,1.0,1,0.915789,1.0,1.0,1.0,0.05,1.0,1.0,0.000686,4.1e-05,1.7e-05,0.000261,1.8e-05,0.000712,0.003309
bright,theoremqa_questions:TheoremQA_jianyu_xu/Catalan_1.json,hybrid_rrf_copeland_a03,qrels_flip,synthetic corruption: qrels-derived edges with flip_prob=0.15,20,19,0.05,20,1,False,0,0,0,0,1.0,1.0,1,1,20,ndcg_at_k,1.0,1,0.915789,1.0,1.0,1.0,0.05,1.0,1.0,0.000686,4.1e-05,1.7e-05,0.000261,2.1e-05,0.000712,0.003309
bright,theoremqa_questions:TheoremQA_jianyu_xu/Catalan_1.json,hybrid_rrf_priority_topo_a03,qrels_flip,synthetic corruption: qrels-derived edges with flip_prob=0.15,20,19,0.05,20,1,False,0,0,0,0,1.0,1.0,1,1,20,ndcg_at_k,0.0,0,-0.705263,1.0,0.63093,0.5,0.05,1.0,0.947368,0.000686,4.1e-05,1.7e-05,0.000261,4.6e-05,0.000712,0.003309
bright,theoremqa_questions:TheoremQA_wenhuchen/kepler's_law3.json,score_sum,qrels_flip,synthetic corruption: qrels-derived edges with flip_prob=0.15,3,2,0.333333,3,1,False,0,0,0,0,0.0,0.0,0,0,3,ndcg_at_k,0.0,0,1.0,1.0,1.0,1.0,0.666667,1.0,1.0,2.6e-05,1.5e-05,8e-06,9.3e-05,5e-06,0.000141,0.000877
bright,theoremqa_questions:TheoremQA_wenhuchen/kepler's_law3.json,borda,qrels_flip,synthetic corruption: qrels-derived edges with flip_prob=0.15,3,2,0.333333,3,1,False,0,0,0,0,0.0,0.0,0,0,3,ndcg_at_k,0.0,0,1.0,1.0,1.0,1.0,0.666667,1.0,1.0,2.6e-05,1.5e-05,8e-06,9.3e-05,5e-06,0.000141,0.000877
bright,theoremqa_questions:TheoremQA_wenhuchen/kepler's_law3.json,pagerank,qrels_flip,synthetic corruption: qrels-derived edges with flip_prob=0.15,3,2,0.333333,3,1,False,0,0,0,0,0.0,0.0,0,0,3,ndcg_at_k,0.0,0,0.333333,0.333333,1.0,1.0,0.666667,1.0,1.0,2.6e-05,1.5e-05,8e-06,9.3e-05,0.00051,0.000141,0.000877
bright,theoremqa_questions:TheoremQA_wenhuchen/kepler's_law3.json,greedy_fas_topological,qrels_flip,synthetic corruption: qrels-derived edges with flip_prob=0.15,3,2,0.333333,3,1,False,0,0,0,0,0.0,0.0,0,0,3,ndcg_at_k,0.0,0,0.333333,0.333333,1.0,1.0,0.666667,1.0,1.0,2.6e-05,1.5e-05,8e-06,9.3e-05,1.6e-05,0.000141,0.000877
bright,theoremqa_questions:TheoremQA_wenhuchen/kepler's_law3.json,greedy_fas_weighted_balance,qrels_flip,synthetic corruption: qrels-derived edges with flip_prob=0.15,3,2,0.333333,3,1,False,0,0,0,0,0.0,0.0,0,0,3,ndcg_at_k,0.0,0,1.0,1.0,1.0,1.0,0.666667,1.0,1.0,2.6e-05,1.5e-05,8e-06,9.3e-05,7e-06,0.000141,0.000877
bright,theoremqa_questions:TheoremQA_wenhuchen/kepler's_law3.json,greedy_fas_copeland,qrels_flip,synthetic corruption: qrels-derived edges with flip_prob=0.15,3,2,0.333333,3,1,False,0,0,0,0,0.0,0.0,0,0,3,ndcg_at_k,0.0,0,1.0,1.0,1.0,1.0,0.666667,1.0,1.0,2.6e-05,1.5e-05,8e-06,9.3e-05,6e-06,0.000141,0.000877
bright,theoremqa_questions:TheoremQA_wenhuchen/kepler's_law3.json,greedy_fas_score_augmented_topological,qrels_flip,synthetic corruption: qrels-derived edges with flip_prob=0.15,3,2,0.333333,3,1,False,0,0,0,0,0.0,0.0,0,0,3,ndcg_at_k,0.0,0,0.333333,0.333333,1.0,1.0,0.666667,1.0,1.0,2.6e-05,1.5e-05,8e-06,9.3e-05,6e-06,0.000141,0.000877
bright,theoremqa_questions:TheoremQA_wenhuchen/kepler's_law3.json,fas_balance_score_prior_alpha_beta,qrels_flip,synthetic corruption: qrels-derived edges with flip_prob=0.15,3,2,0.333333,3,1,False,0,0,0,0,0.0,0.0,0,0,3,ndcg_at_k,0.0,0,1.0,1.0,1.0,1.0,0.666667,1.0,1.0,2.6e-05,1.5e-05,8e-06,9.3e-05,1e-05,0.000141,0.000877
bright,theoremqa_questions:TheoremQA_wenhuchen/kepler's_law3.json,hybrid_rrf_fas_regularized,qrels_flip,synthetic corruption: qrels-derived edges with flip_prob=0.15,3,2,0.333333,3,1,False,0,0,0,0,0.0,0.0,0,0,3,ndcg_at_k,0.0,0,1.0,1.0,1.0,1.0,0.666667,1.0,1.0,2.6e-05,1.5e-05,8e-06,9.3e-05,9e-06,0.000141,0.000877
bright,theoremqa_questions:TheoremQA_wenhuchen/kepler's_law3.json,hybrid_rrf_balance_a05,qrels_flip,synthetic corruption: qrels-derived edges with flip_prob=0.15,3,2,0.333333,3,1,False,0,0,0,0,0.0,0.0,0,0,3,ndcg_at_k,0.0,0,1.0,1.0,1.0,1.0,0.666667,1.0,1.0,2.6e-05,1.5e-05,8e-06,9.3e-05,6e-06,0.000141,0.000877
bright,theoremqa_questions:TheoremQA_wenhuchen/kepler's_law3.json,hybrid_rrf_copeland_a03,qrels_flip,synthetic corruption: qrels-derived edges with flip_prob=0.15,3,2,0.333333,3,1,False,0,0,0,0,0.0,0.0,0,0,3,ndcg_at_k,0.0,0,1.0,1.0,1.0,1.0,0.666667,1.0,1.0,2.6e-05,1.5e-05,8e-06,9.3e-05,5e-06,0.000141,0.000877
bright,theoremqa_questions:TheoremQA_wenhuchen/kepler's_law3.json,hybrid_rrf_priority_topo_a03,qrels_flip,synthetic corruption: qrels-derived edges with flip_prob=0.15,3,2,0.333333,3,1,False,0,0,0,0,0.0,0.0,0,0,3,ndcg_at_k,0.0,0,0.333333,0.333333,1.0,1.0,0.666667,1.0,1.0,2.6e-05,1.5e-05,8e-06,9.3e-05,9e-06,0.000141,0.000877
bright,leetcode:63,score_sum,qrels_flip,synthetic corruption: qrels-derived edges with flip_prob=0.15,20,19,0.05,20,1,False,0,0,0,0,3.0,3.0,3,3,20,ndcg_at_k,3.0,3,0.736842,,1.0,1.0,0.05,1.0,1.0,0.000142,3.4e-05,1.7e-05,0.000403,1.4e-05,0.000686,0.002699
bright,leetcode:63,borda,qrels_flip,synthetic corruption: qrels-derived edges with flip_prob=0.15,20,19,0.05,20,1,False,0,0,0,0,3.0,3.0,3,3,20,ndcg_at_k,3.0,3,0.736842,,1.0,1.0,0.05,1.0,1.0,0.000142,3.4e-05,1.7e-05,0.000403,1.2e-05,0.000686,0.002699
bright,leetcode:63,pagerank,qrels_flip,synthetic corruption: qrels-derived edges with flip_prob=0.15,20,19,0.05,20,1,False,0,0,0,0,3.0,3.0,3,3,20,ndcg_at_k,3.0,3,0.136842,,1.0,1.0,0.05,1.0,1.0,0.000142,3.4e-05,1.7e-05,0.000403,0.001152,0.000686,0.002699
bright,leetcode:63,greedy_fas_topological,qrels_flip,synthetic corruption: qrels-derived edges with flip_prob=0.15,20,19,0.05,20,1,False,0,0,0,0,3.0,3.0,3,3,20,ndcg_at_k,0.0,0,0.105263,,0.430677,0.25,0.05,1.0,0.842105,0.000142,3.4e-05,1.7e-05,0.000403,3.5e-05,0.000686,0.002699
bright,leetcode:63,greedy_fas_weighted_balance,qrels_flip,synthetic corruption: qrels-derived edges with flip_prob=0.15,20,19,0.05,20,1,False,0,0,0,0,3.0,3.0,3,3,20,ndcg_at_k,3.0,3,0.736842,,1.0,1.0,0.05,1.0,1.0,0.000142,3.4e-05,1.7e-05,0.000403,1.7e-05,0.000686,0.002699
bright,leetcode:63,greedy_fas_copeland,qrels_flip,synthetic corruption: qrels-derived edges with flip_prob=0.15,20,19,0.05,20,1,False,0,0,0,0,3.0,3.0,3,3,20,ndcg_at_k,3.0,3,0.736842,,1.0,1.0,0.05,1.0,1.0,0.000142,3.4e-05,1.7e-05,0.000403,1.8e-05,0.000686,0.002699
bright,leetcode:63,greedy_fas_score_augmented_topological,qrels_flip,synthetic corruption: qrels-derived edges with flip_prob=0.15,20,19,0.05,20,1,False,0,0,0,0,3.0,3.0,3,3,20,ndcg_at_k,0.0,0,-0.589474,,0.430677,0.25,0.05,1.0,0.842105,0.000142,3.4e-05,1.7e-05,0.000403,3.3e-05,0.000686,0.002699
bright,leetcode:63,fas_balance_score_prior_alpha_beta,qrels_flip,synthetic corruption: qrels-derived edges with flip_prob=0.15,20,19,0.05,20,1,False,0,0,0,0,3.0,3.0,3,3,20,ndcg_at_k,3.0,3,0.736842,,1.0,1.0,0.05,1.0,1.0,0.000142,3.4e-05,1.7e-05,0.000403,2.8e-05,0.000686,0.002699
bright,leetcode:63,hybrid_rrf_fas_regularized,qrels_flip,synthetic corruption: qrels-derived edges with flip_prob=0.15,20,19,0.05,20,1,False,0,0,0,0,3.0,3.0,3,3,20,ndcg_at_k,3.0,3,0.736842,,1.0,1.0,0.05,1.0,1.0,0.000142,3.4e-05,1.7e-05,0.000403,2.3e-05,0.000686,0.002699
bright,leetcode:63,hybrid_rrf_balance_a05,qrels_flip,synthetic corruption: qrels-derived edges with flip_prob=0.15,20,19,0.05,20,1,False,0,0,0,0,3.0,3.0,3,3,20,ndcg_at_k,3.0,3,0.736842,,1.0,1.0,0.05,1.0,1.0,0.000142,3.4e-05,1.7e-05,0.000403,1.8e-05,0.000686,0.002699
bright,leetcode:63,hybrid_rrf_copeland_a03,qrels_flip,synthetic corruption: qrels-derived edges with flip_prob=0.15,20,19,0.05,20,1,False,0,0,0,0,3.0,3.0,3,3,20,ndcg_at_k,3.0,3,0.736842,,1.0,1.0,0.05,1.0,1.0,0.000142,3.4e-05,1.7e-05,0.000403,2.1e-05,0.000686,0.002699
bright,leetcode:63,hybrid_rrf_priority_topo_a03,qrels_flip,synthetic corruption: qrels-derived edges with flip_prob=0.15,20,19,0.05,20,1,False,0,0,0,0,3.0,3.0,3,3,20,ndcg_at_k,0.0,0,-0.589474,,0.430677,0.25,0.05,1.0,0.842105,0.000142,3.4e-05,1.7e-05,0.000403,4.6e-05,0.000686,0.002699
bright,aops:aops_1971_Canadian_MO_Problems/Problem_1,score_sum,qrels_flip,synthetic corruption: qrels-derived edges with flip_prob=0.15,20,91,0.239474,4,17,True,1,17,16.0,16,16.0,6.0,16,6,20,ndcg_at_k,16.0,16,0.389474,-0.52381,1.0,1.0,0.35,1.0,1.0,0.000755,9.8e-05,1.2e-05,0.00161,2.4e-05,0.000935,0.005503
bright,aops:aops_1971_Canadian_MO_Problems/Problem_1,borda,qrels_flip,synthetic corruption: qrels-derived edges with flip_prob=0.15,20,91,0.239474,4,17,True,1,17,16.0,16,16.0,6.0,16,6,20,ndcg_at_k,16.0,16,0.389474,-0.52381,1.0,1.0,0.35,1.0,1.0,0.000755,9.8e-05,1.2e-05,0.00161,1.2e-05,0.000935,0.005503
bright,aops:aops_1971_Canadian_MO_Problems/Problem_1,pagerank,qrels_flip,synthetic corruption: qrels-derived edges with flip_prob=0.15,20,91,0.239474,4,17,True,1,17,16.0,16,16.0,6.0,16,6,20,ndcg_at_k,21.0,21,0.105263,-0.619048,0.711117,0.588188,0.35,1.0,0.813187,0.000755,9.8e-05,1.2e-05,0.00161,0.001758,0.000935,0.005503
bright,aops:aops_1971_Canadian_MO_Problems/Problem_1,greedy_fas_topological,qrels_flip,synthetic corruption: qrels-derived edges with flip_prob=0.15,20,91,0.239474,4,17,True,1,17,16.0,16,16.0,6.0,16,6,20,ndcg_at_k,15.0,15,0.084211,-0.238095,0.95467,0.856443,0.35,1.0,0.857143,0.000755,9.8e-05,1.2e-05,0.00161,4.4e-05,0.000935,0.005503
bright,aops:aops_1971_Canadian_MO_Problems/Problem_1,greedy_fas_weighted_balance,qrels_flip,synthetic corruption: qrels-derived edges with flip_prob=0.15,20,91,0.239474,4,17,True,1,17,16.0,16,16.0,6.0,16,6,20,ndcg_at_k,16.0,16,0.389474,-0.52381,1.0,1.0,0.35,1.0,1.0,0.000755,9.8e-05,1.2e-05,0.00161,2.8e-05,0.000935,0.005503
bright,aops:aops_1971_Canadian_MO_Problems/Problem_1,greedy_fas_copeland,qrels_flip,synthetic corruption: qrels-derived edges with flip_prob=0.15,20,91,0.239474,4,17,True,1,17,16.0,16,16.0,6.0,16,6,20,ndcg_at_k,16.0,16,0.389474,-0.52381,1.0,1.0,0.35,1.0,1.0,0.000755,9.8e-05,1.2e-05,0.00161,1.9e-05,0.000935,0.005503
bright,aops:aops_1971_Canadian_MO_Problems/Problem_1,greedy_fas_score_augmented_topological,qrels_flip,synthetic corruption: qrels-derived edges with flip_prob=0.15,20,91,0.239474,4,17,True,1,17,16.0,16,16.0,6.0,16,6,20,ndcg_at_k,12.0,12,0.031579,-0.333333,0.959109,0.869048,0.35,1.0,0.89011,0.000755,9.8e-05,1.2e-05,0.00161,3e-05,0.000935,0.005503
bright,aops:aops_1971_Canadian_MO_Problems/Problem_1,fas_balance_score_prior_alpha_beta,qrels_flip,synthetic corruption: qrels-derived edges with flip_prob=0.15,20,91,0.239474,4,17,True,1,17,16.0,16,16.0,6.0,16,6,20,ndcg_at_k,16.0,16,0.336842,-0.52381,1.0,1.0,0.35,1.0,1.0,0.000755,9.8e-05,1.2e-05,0.00161,3.8e-05,0.000935,0.005503
bright,aops:aops_1971_Canadian_MO_Problems/Problem_1,hybrid_rrf_fas_regularized,qrels_flip,synthetic corruption: qrels-derived edges with flip_prob=0.15,20,91,0.239474,4,17,True,1,17,16.0,16,16.0,6.0,16,6,20,ndcg_at_k,16.0,16,0.336842,-0.52381,1.0,1.0,0.35,1.0,1.0,0.000755,9.8e-05,1.2e-05,0.00161,3.1e-05,0.000935,0.005503
bright,aops:aops_1971_Canadian_MO_Problems/Problem_1,hybrid_rrf_balance_a05,qrels_flip,synthetic corruption: qrels-derived edges with flip_prob=0.15,20,91,0.239474,4,17,True,1,17,16.0,16,16.0,6.0,16,6,20,ndcg_at_k,16.0,16,0.336842,-0.52381,1.0,1.0,0.35,1.0,1.0,0.000755,9.8e-05,1.2e-05,0.00161,2.6e-05,0.000935,0.005503
bright,aops:aops_1971_Canadian_MO_Problems/Problem_1,hybrid_rrf_copeland_a03,qrels_flip,synthetic corruption: qrels-derived edges with flip_prob=0.15,20,91,0.239474,4,17,True,1,17,16.0,16,16.0,6.0,16,6,20,ndcg_at_k,16.0,16,0.336842,-0.52381,1.0,1.0,0.35,1.0,1.0,0.000755,9.8e-05,1.2e-05,0.00161,3.3e-05,0.000935,0.005503
bright,aops:aops_1971_Canadian_MO_Problems/Problem_1,hybrid_rrf_priority_topo_a03,qrels_flip,synthetic corruption: qrels-derived edges with flip_prob=0.15,20,91,0.239474,4,17,True,1,17,16.0,16,16.0,6.0,16,6,20,ndcg_at_k,12.0,12,0.052632,-0.333333,0.959109,0.869048,0.35,1.0,0.89011,0.000755,9.8e-05,1.2e-05,0.00161,5e-05,0.000935,0.005503
bright,theoremqa_questions:TheoremQA_wenhuchen/viterbi1.json,score_sum,qrels_flip,synthetic corruption: qrels-derived edges with flip_prob=0.15,20,19,0.05,20,1,False,0,0,0,0,3.0,3.0,3,3,20,ndcg_at_k,3.0,3,0.663158,,1.0,1.0,0.05,1.0,1.0,0.000701,3.9e-05,1.7e-05,0.000343,1.5e-05,0.000665,0.003187
bright,theoremqa_questions:TheoremQA_wenhuchen/viterbi1.json,borda,qrels_flip,synthetic corruption: qrels-derived edges with flip_prob=0.15,20,19,0.05,20,1,False,0,0,0,0,3.0,3.0,3,3,20,ndcg_at_k,3.0,3,0.663158,,1.0,1.0,0.05,1.0,1.0,0.000701,3.9e-05,1.7e-05,0.000343,1.4e-05,0.000665,0.003187
bright,theoremqa_questions:TheoremQA_wenhuchen/viterbi1.json,pagerank,qrels_flip,synthetic corruption: qrels-derived edges with flip_prob=0.15,20,19,0.05,20,1,False,0,0,0,0,3.0,3.0,3,3,20,ndcg_at_k,3.0,3,0.305263,,1.0,1.0,0.05,1.0,1.0,0.000701,3.9e-05,1.7e-05,0.000343,0.00115,0.000665,0.003187
bright,theoremqa_questions:TheoremQA_wenhuchen/viterbi1.json,greedy_fas_topological,qrels_flip,synthetic corruption: qrels-derived edges with flip_prob=0.15,20,19,0.05,20,1,False,0,0,0,0,3.0,3.0,3,3,20,ndcg_at_k,0.0,0,0.273684,,0.430677,0.25,0.05,1.0,0.842105,0.000701,3.9e-05,1.7e-05,0.000343,3.6e-05,0.000665,0.003187
bright,theoremqa_questions:TheoremQA_wenhuchen/viterbi1.json,greedy_fas_weighted_balance,qrels_flip,synthetic corruption: qrels-derived edges with flip_prob=0.15,20,19,0.05,20,1,False,0,0,0,0,3.0,3.0,3,3,20,ndcg_at_k,3.0,3,0.663158,,1.0,1.0,0.05,1.0,1.0,0.000701,3.9e-05,1.7e-05,0.000343,1.8e-05,0.000665,0.003187
bright,theoremqa_questions:TheoremQA_wenhuchen/viterbi1.json,greedy_fas_copeland,qrels_flip,synthetic corruption: qrels-derived edges with flip_prob=0.15,20,19,0.05,20,1,False,0,0,0,0,3.0,3.0,3,3,20,ndcg_at_k,3.0,3,0.663158,,1.0,1.0,0.05,1.0,1.0,0.000701,3.9e-05,1.7e-05,0.000343,1.9e-05,0.000665,0.003187
bright,theoremqa_questions:TheoremQA_wenhuchen/viterbi1.json,greedy_fas_score_augmented_topological,qrels_flip,synthetic corruption: qrels-derived edges with flip_prob=0.15,20,19,0.05,20,1,False,0,0,0,0,3.0,3.0,3,3,20,ndcg_at_k,0.0,0,-0.663158,,0.430677,0.25,0.05,1.0,0.842105,0.000701,3.9e-05,1.7e-05,0.000343,3.5e-05,0.000665,0.003187
bright,theoremqa_questions:TheoremQA_wenhuchen/viterbi1.json,fas_balance_score_prior_alpha_beta,qrels_flip,synthetic corruption: qrels-derived edges with flip_prob=0.15,20,19,0.05,20,1,False,0,0,0,0,3.0,3.0,3,3,20,ndcg_at_k,3.0,3,0.663158,,1.0,1.0,0.05,1.0,1.0,0.000701,3.9e-05,1.7e-05,0.000343,2.9e-05,0.000665,0.003187
bright,theoremqa_questions:TheoremQA_wenhuchen/viterbi1.json,hybrid_rrf_fas_regularized,qrels_flip,synthetic corruption: qrels-derived edges with flip_prob=0.15,20,19,0.05,20,1,False,0,0,0,0,3.0,3.0,3,3,20,ndcg_at_k,3.0,3,0.663158,,1.0,1.0,0.05,1.0,1.0,0.000701,3.9e-05,1.7e-05,0.000343,2.2e-05,0.000665,0.003187
bright,theoremqa_questions:TheoremQA_wenhuchen/viterbi1.json,hybrid_rrf_balance_a05,qrels_flip,synthetic corruption: qrels-derived edges with flip_prob=0.15,20,19,0.05,20,1,False,0,0,0,0,3.0,3.0,3,3,20,ndcg_at_k,3.0,3,0.663158,,1.0,1.0,0.05,1.0,1.0,0.000701,3.9e-05,1.7e-05,0.000343,1.8e-05,0.000665,0.003187
bright,theoremqa_questions:TheoremQA_wenhuchen/viterbi1.json,hybrid_rrf_copeland_a03,qrels_flip,synthetic corruption: qrels-derived edges with flip_prob=0.15,20,19,0.05,20,1,False,0,0,0,0,3.0,3.0,3,3,20,ndcg_at_k,3.0,3,0.663158,,1.0,1.0,0.05,1.0,1.0,0.000701,3.9e-05,1.7e-05,0.000343,2.1e-05,0.000665,0.003187
bright,theoremqa_questions:TheoremQA_wenhuchen/viterbi1.json,hybrid_rrf_priority_topo_a03,qrels_flip,synthetic corruption: qrels-derived edges with flip_prob=0.15,20,19,0.05,20,1,False,0,0,0,0,3.0,3.0,3,3,20,ndcg_at_k,0.0,0,-0.663158,,0.430677,0.25,0.05,1.0,0.842105,0.000701,3.9e-05,1.7e-05,0.000343,4.5e-05,0.000665,0.003187
bright,leetcode:26,score_sum,qrels_flip,synthetic corruption: qrels-derived edges with flip_prob=0.15,20,64,0.168421,11,10,True,1,10,3.0,3,9.0,7.0,9,7,20,ndcg_at_k,9.0,9,0.684211,0.428571,1.0,1.0,0.2,1.0,1.0,0.000112,6.8e-05,1.2e-05,0.000737,1.9e-05,0.000819,0.003704
bright,leetcode:26,borda,qrels_flip,synthetic corruption: qrels-derived edges with flip_prob=0.15,20,64,0.168421,11,10,True,1,10,3.0,3,9.0,7.0,9,7,20,ndcg_at_k,9.0,9,0.684211,0.428571,1.0,1.0,0.2,1.0,1.0,0.000112,6.8e-05,1.2e-05,0.000737,1.2e-05,0.000819,0.003704
bright,leetcode:26,pagerank,qrels_flip,synthetic corruption: qrels-derived edges with flip_prob=0.15,20,64,0.168421,11,10,True,1,10,3.0,3,9.0,7.0,9,7,20,ndcg_at_k,9.0,9,0.326316,0.142857,0.653393,0.525,0.2,1.0,0.875,0.000112,6.8e-05,1.2e-05,0.000737,0.001654,0.000819,0.003704
bright,leetcode:26,greedy_fas_topological,qrels_flip,synthetic corruption: qrels-derived edges with flip_prob=0.15,20,64,0.168421,11,10,True,1,10,3.0,3,9.0,7.0,9,7,20,ndcg_at_k,3.0,3,0.326316,0.428571,0.866543,0.704167,0.2,1.0,0.875,0.000112,6.8e-05,1.2e-05,0.000737,4.2e-05,0.000819,0.003704
bright,leetcode:26,greedy_fas_weighted_balance,qrels_flip,synthetic corruption: qrels-derived edges with flip_prob=0.15,20,64,0.168421,11,10,True,1,10,3.0,3,9.0,7.0,9,7,20,ndcg_at_k,9.0,9,0.652632,0.52381,1.0,1.0,0.2,1.0,1.0,0.000112,6.8e-05,1.2e-05,0.000737,2.3e-05,0.000819,0.003704
bright,leetcode:26,greedy_fas_copeland,qrels_flip,synthetic corruption: qrels-derived edges with flip_prob=0.15,20,64,0.168421,11,10,True,1,10,3.0,3,9.0,7.0,9,7,20,ndcg_at_k,9.0,9,0.652632,0.52381,1.0,1.0,0.2,1.0,1.0,0.000112,6.8e-05,1.2e-05,0.000737,1.8e-05,0.000819,0.003704
bright,leetcode:26,greedy_fas_score_augmented_topological,qrels_flip,synthetic corruption: qrels-derived edges with flip_prob=0.15,20,64,0.168421,11,10,True,1,10,3.0,3,9.0,7.0,9,7,20,ndcg_at_k,3.0,3,0.052632,0.333333,0.866543,0.704167,0.2,1.0,0.875,0.000112,6.8e-05,1.2e-05,0.000737,3.1e-05,0.000819,0.003704
bright,leetcode:26,fas_balance_score_prior_alpha_beta,qrels_flip,synthetic corruption: qrels-derived edges with flip_prob=0.15,20,64,0.168421,11,10,True,1,10,3.0,3,9.0,7.0,9,7,20,ndcg_at_k,9.0,9,0.652632,0.52381,1.0,1.0,0.2,1.0,1.0,0.000112,6.8e-05,1.2e-05,0.000737,3.4e-05,0.000819,0.003704
bright,leetcode:26,hybrid_rrf_fas_regularized,qrels_flip,synthetic corruption: qrels-derived edges with flip_prob=0.15,20,64,0.168421,11,10,True,1,10,3.0,3,9.0,7.0,9,7,20,ndcg_at_k,9.0,9,0.652632,0.52381,1.0,1.0,0.2,1.0,1.0,0.000112,6.8e-05,1.2e-05,0.000737,2.9e-05,0.000819,0.003704
bright,leetcode:26,hybrid_rrf_balance_a05,qrels_flip,synthetic corruption: qrels-derived edges with flip_prob=0.15,20,64,0.168421,11,10,True,1,10,3.0,3,9.0,7.0,9,7,20,ndcg_at_k,9.0,9,0.652632,0.52381,1.0,1.0,0.2,1.0,1.0,0.000112,6.8e-05,1.2e-05,0.000737,2.4e-05,0.000819,0.003704
bright,leetcode:26,hybrid_rrf_copeland_a03,qrels_flip,synthetic corruption: qrels-derived edges with flip_prob=0.15,20,64,0.168421,11,10,True,1,10,3.0,3,9.0,7.0,9,7,20,ndcg_at_k,9.0,9,0.652632,0.52381,1.0,1.0,0.2,1.0,1.0,0.000112,6.8e-05,1.2e-05,0.000737,2.1e-05,0.000819,0.003704
bright,leetcode:26,hybrid_rrf_priority_topo_a03,qrels_flip,synthetic corruption: qrels-derived edges with flip_prob=0.15,20,64,0.168421,11,10,True,1,10,3.0,3,9.0,7.0,9,7,20,ndcg_at_k,3.0,3,0.052632,0.333333,0.866543,0.704167,0.2,1.0,0.875,0.000112,6.8e-05,1.2e-05,0.000737,4.9e-05,0.000819,0.003704
bright,leetcode:135,score_sum,qrels_flip,synthetic corruption: qrels-derived edges with flip_prob=0.15,20,19,0.05,20,1,False,0,0,0,0,1.0,1.0,1,1,20,ndcg_at_k,1.0,1,0.926316,0.0,1.0,1.0,0.05,1.0,1.0,8.9e-05,3.4e-05,1.7e-05,0.000247,1.3e-05,0.000689,0.002646
bright,leetcode:135,borda,qrels_flip,synthetic corruption: qrels-derived edges with flip_prob=0.15,20,19,0.05,20,1,False,0,0,0,0,1.0,1.0,1,1,20,ndcg_at_k,1.0,1,0.926316,0.0,1.0,1.0,0.05,1.0,1.0,8.9e-05,3.4e-05,1.7e-05,0.000247,1.1e-05,0.000689,0.002646
bright,leetcode:135,pagerank,qrels_flip,synthetic corruption: qrels-derived edges with flip_prob=0.15,20,19,0.05,20,1,False,0,0,0,0,1.0,1.0,1,1,20,ndcg_at_k,1.0,1,-0.094737,0.6,1.0,1.0,0.05,1.0,1.0,8.9e-05,3.4e-05,1.7e-05,0.000247,0.001298,0.000689,0.002646
bright,leetcode:135,greedy_fas_topological,qrels_flip,synthetic corruption: qrels-derived edges with flip_prob=0.15,20,19,0.05,20,1,False,0,0,0,0,1.0,1.0,1,1,20,ndcg_at_k,0.0,0,-0.105263,0.6,0.63093,0.5,0.05,1.0,0.947368,8.9e-05,3.4e-05,1.7e-05,0.000247,3.4e-05,0.000689,0.002646
bright,leetcode:135,greedy_fas_weighted_balance,qrels_flip,synthetic corruption: qrels-derived edges with flip_prob=0.15,20,19,0.05,20,1,False,0,0,0,0,1.0,1.0,1,1,20,ndcg_at_k,1.0,1,0.926316,0.0,1.0,1.0,0.05,1.0,1.0,8.9e-05,3.4e-05,1.7e-05,0.000247,1.5e-05,0.000689,0.002646
bright,leetcode:135,greedy_fas_copeland,qrels_flip,synthetic corruption: qrels-derived edges with flip_prob=0.15,20,19,0.05,20,1,False,0,0,0,0,1.0,1.0,1,1,20,ndcg_at_k,1.0,1,0.926316,0.0,1.0,1.0,0.05,1.0,1.0,8.9e-05,3.4e-05,1.7e-05,0.000247,1.7e-05,0.000689,0.002646
bright,leetcode:135,greedy_fas_score_augmented_topological,qrels_flip,synthetic corruption: qrels-derived edges with flip_prob=0.15,20,19,0.05,20,1,False,0,0,0,0,1.0,1.0,1,1,20,ndcg_at_k,0.0,0,-0.694737,0.8,0.63093,0.5,0.05,1.0,0.947368,8.9e-05,3.4e-05,1.7e-05,0.000247,4.1e-05,0.000689,0.002646
bright,leetcode:135,fas_balance_score_prior_alpha_beta,qrels_flip,synthetic corruption: qrels-derived edges with flip_prob=0.15,20,19,0.05,20,1,False,0,0,0,0,1.0,1.0,1,1,20,ndcg_at_k,1.0,1,0.926316,0.0,1.0,1.0,0.05,1.0,1.0,8.9e-05,3.4e-05,1.7e-05,0.000247,2.8e-05,0.000689,0.002646
bright,leetcode:135,hybrid_rrf_fas_regularized,qrels_flip,synthetic corruption: qrels-derived edges with flip_prob=0.15,20,19,0.05,20,1,False,0,0,0,0,1.0,1.0,1,1,20,ndcg_at_k,1.0,1,0.926316,0.0,1.0,1.0,0.05,1.0,1.0,8.9e-05,3.4e-05,1.7e-05,0.000247,2.4e-05,0.000689,0.002646
bright,leetcode:135,hybrid_rrf_balance_a05,qrels_flip,synthetic corruption: qrels-derived edges with flip_prob=0.15,20,19,0.05,20,1,False,0,0,0,0,1.0,1.0,1,1,20,ndcg_at_k,1.0,1,0.926316,0.0,1.0,1.0,0.05,1.0,1.0,8.9e-05,3.4e-05,1.7e-05,0.000247,1.9e-05,0.000689,0.002646
bright,leetcode:135,hybrid_rrf_copeland_a03,qrels_flip,synthetic corruption: qrels-derived edges with flip_prob=0.15,20,19,0.05,20,1,False,0,0,0,0,1.0,1.0,1,1,20,ndcg_at_k,1.0,1,0.926316,0.0,1.0,1.0,0.05,1.0,1.0,8.9e-05,3.4e-05,1.7e-05,0.000247,2.2e-05,0.000689,0.002646
bright,leetcode:135,hybrid_rrf_priority_topo_a03,qrels_flip,synthetic corruption: qrels-derived edges with flip_prob=0.15,20,19,0.05,20,1,False,0,0,0,0,1.0,1.0,1,1,20,ndcg_at_k,0.0,0,-0.694737,0.8,0.63093,0.5,0.05,1.0,0.947368,8.9e-05,3.4e-05,1.7e-05,0.000247,4.8e-05,0.000689,0.002646
bright,theoremqa_questions:TheoremQA_wenhuchen/euler's_method2.json,score_sum,qrels_flip,synthetic corruption: qrels-derived edges with flip_prob=0.15,20,19,0.05,20,1,False,0,0,0,0,2.0,2.0,2,2,20,ndcg_at_k,2.0,2,0.747368,,1.0,1.0,0.05,1.0,1.0,0.001499,4.3e-05,1.8e-05,0.000312,1.5e-05,0.000706,0.004339
bright,theoremqa_questions:TheoremQA_wenhuchen/euler's_method2.json,borda,qrels_flip,synthetic corruption: qrels-derived edges with flip_prob=0.15,20,19,0.05,20,1,False,0,0,0,0,2.0,2.0,2,2,20,ndcg_at_k,2.0,2,0.747368,,1.0,1.0,0.05,1.0,1.0,0.001499,4.3e-05,1.8e-05,0.000312,1.3e-05,0.000706,0.004339
bright,theoremqa_questions:TheoremQA_wenhuchen/euler's_method2.json,pagerank,qrels_flip,synthetic corruption: qrels-derived edges with flip_prob=0.15,20,19,0.05,20,1,False,0,0,0,0,2.0,2.0,2,2,20,ndcg_at_k,2.0,2,0.073684,,1.0,1.0,0.05,1.0,1.0,0.001499,4.3e-05,1.8e-05,0.000312,0.001485,0.000706,0.004339
bright,theoremqa_questions:TheoremQA_wenhuchen/euler's_method2.json,greedy_fas_topological,qrels_flip,synthetic corruption: qrels-derived edges with flip_prob=0.15,20,19,0.05,20,1,False,0,0,0,0,2.0,2.0,2,2,20,ndcg_at_k,0.0,0,0.052632,,0.5,0.333333,0.05,1.0,0.894737,0.001499,4.3e-05,1.8e-05,0.000312,3.8e-05,0.000706,0.004339
bright,theoremqa_questions:TheoremQA_wenhuchen/euler's_method2.json,greedy_fas_weighted_balance,qrels_flip,synthetic corruption: qrels-derived edges with flip_prob=0.15,20,19,0.05,20,1,False,0,0,0,0,2.0,2.0,2,2,20,ndcg_at_k,2.0,2,0.747368,,1.0,1.0,0.05,1.0,1.0,0.001499,4.3e-05,1.8e-05,0.000312,2e-05,0.000706,0.004339
bright,theoremqa_questions:TheoremQA_wenhuchen/euler's_method2.json,greedy_fas_copeland,qrels_flip,synthetic corruption: qrels-derived edges with flip_prob=0.15,20,19,0.05,20,1,False,0,0,0,0,2.0,2.0,2,2,20,ndcg_at_k,2.0,2,0.747368,,1.0,1.0,0.05,1.0,1.0,0.001499,4.3e-05,1.8e-05,0.000312,1.9e-05,0.000706,0.004339
bright,theoremqa_questions:TheoremQA_wenhuchen/euler's_method2.json,greedy_fas_score_augmented_topological,qrels_flip,synthetic corruption: qrels-derived edges with flip_prob=0.15,20,19,0.05,20,1,False,0,0,0,0,2.0,2.0,2,2,20,ndcg_at_k,0.0,0,-0.715789,,0.5,0.333333,0.05,1.0,0.894737,0.001499,4.3e-05,1.8e-05,0.000312,3.4e-05,0.000706,0.004339
bright,theoremqa_questions:TheoremQA_wenhuchen/euler's_method2.json,fas_balance_score_prior_alpha_beta,qrels_flip,synthetic corruption: qrels-derived edges with flip_prob=0.15,20,19,0.05,20,1,False,0,0,0,0,2.0,2.0,2,2,20,ndcg_at_k,2.0,2,0.747368,,1.0,1.0,0.05,1.0,1.0,0.001499,4.3e-05,1.8e-05,0.000312,2.8e-05,0.000706,0.004339
bright,theoremqa_questions:TheoremQA_wenhuchen/euler's_method2.json,hybrid_rrf_fas_regularized,qrels_flip,synthetic corruption: qrels-derived edges with flip_prob=0.15,20,19,0.05,20,1,False,0,0,0,0,2.0,2.0,2,2,20,ndcg_at_k,2.0,2,0.747368,,1.0,1.0,0.05,1.0,1.0,0.001499,4.3e-05,1.8e-05,0.000312,2.3e-05,0.000706,0.004339
bright,theoremqa_questions:TheoremQA_wenhuchen/euler's_method2.json,hybrid_rrf_balance_a05,qrels_flip,synthetic corruption: qrels-derived edges with flip_prob=0.15,20,19,0.05,20,1,False,0,0,0,0,2.0,2.0,2,2,20,ndcg_at_k,2.0,2,0.747368,,1.0,1.0,0.05,1.0,1.0,0.001499,4.3e-05,1.8e-05,0.000312,1.8e-05,0.000706,0.004339
bright,theoremqa_questions:TheoremQA_wenhuchen/euler's_method2.json,hybrid_rrf_copeland_a03,qrels_flip,synthetic corruption: qrels-derived edges with flip_prob=0.15,20,19,0.05,20,1,False,0,0,0,0,2.0,2.0,2,2,20,ndcg_at_k,2.0,2,0.747368,,1.0,1.0,0.05,1.0,1.0,0.001499,4.3e-05,1.8e-05,0.000312,2.1e-05,0.000706,0.004339
bright,theoremqa_questions:TheoremQA_wenhuchen/euler's_method2.json,hybrid_rrf_priority_topo_a03,qrels_flip,synthetic corruption: qrels-derived edges with flip_prob=0.15,20,19,0.05,20,1,False,0,0,0,0,2.0,2.0,2,2,20,ndcg_at_k,0.0,0,-0.715789,,0.5,0.333333,0.05,1.0,0.894737,0.001499,4.3e-05,1.8e-05,0.000312,4.7e-05,0.000706,0.004339
bright,aops:aops_2019_AMC_12A_Problems/Problem_17,score_sum,qrels_flip,synthetic corruption: qrels-derived edges with flip_prob=0.15,20,36,0.094737,20,1,False,0,0,0,0,3.0,3.0,3,3,20,ndcg_at_k,3.0,3,0.821053,1.0,1.0,1.0,0.1,1.0,1.0,0.00182,5.8e-05,2e-05,0.000267,1.8e-05,0.000769,0.004521
bright,aops:aops_2019_AMC_12A_Problems/Problem_17,borda,qrels_flip,synthetic corruption: qrels-derived edges with flip_prob=0.15,20,36,0.094737,20,1,False,0,0,0,0,3.0,3.0,3,3,20,ndcg_at_k,3.0,3,0.821053,1.0,1.0,1.0,0.1,1.0,1.0,0.00182,5.8e-05,2e-05,0.000267,1.3e-05,0.000769,0.004521
bright,aops:aops_2019_AMC_12A_Problems/Problem_17,pagerank,qrels_flip,synthetic corruption: qrels-derived edges with flip_prob=0.15,20,36,0.094737,20,1,False,0,0,0,0,3.0,3.0,3,3,20,ndcg_at_k,3.0,3,0.105263,1.0,1.0,1.0,0.1,1.0,1.0,0.00182,5.8e-05,2e-05,0.000267,0.001288,0.000769,0.004521
bright,aops:aops_2019_AMC_12A_Problems/Problem_17,greedy_fas_topological,qrels_flip,synthetic corruption: qrels-derived edges with flip_prob=0.15,20,36,0.094737,20,1,False,0,0,0,0,3.0,3.0,3,3,20,ndcg_at_k,0.0,0,0.073684,1.0,0.850345,0.7,0.1,1.0,0.916667,0.00182,5.8e-05,2e-05,0.000267,4.2e-05,0.000769,0.004521
bright,aops:aops_2019_AMC_12A_Problems/Problem_17,greedy_fas_weighted_balance,qrels_flip,synthetic corruption: qrels-derived edges with flip_prob=0.15,20,36,0.094737,20,1,False,0,0,0,0,3.0,3.0,3,3,20,ndcg_at_k,3.0,3,0.821053,1.0,1.0,1.0,0.1,1.0,1.0,0.00182,5.8e-05,2e-05,0.000267,2e-05,0.000769,0.004521
bright,aops:aops_2019_AMC_12A_Problems/Problem_17,greedy_fas_copeland,qrels_flip,synthetic corruption: qrels-derived edges with flip_prob=0.15,20,36,0.094737,20,1,False,0,0,0,0,3.0,3.0,3,3,20,ndcg_at_k,3.0,3,0.821053,1.0,1.0,1.0,0.1,1.0,1.0,0.00182,5.8e-05,2e-05,0.000267,1.8e-05,0.000769,0.004521
bright,aops:aops_2019_AMC_12A_Problems/Problem_17,greedy_fas_score_augmented_topological,qrels_flip,synthetic corruption: qrels-derived edges with flip_prob=0.15,20,36,0.094737,20,1,False,0,0,0,0,3.0,3.0,3,3,20,ndcg_at_k,0.0,0,-0.347368,1.0,0.850345,0.7,0.1,1.0,0.916667,0.00182,5.8e-05,2e-05,0.000267,3.4e-05,0.000769,0.004521
bright,aops:aops_2019_AMC_12A_Problems/Problem_17,fas_balance_score_prior_alpha_beta,qrels_flip,synthetic corruption: qrels-derived edges with flip_prob=0.15,20,36,0.094737,20,1,False,0,0,0,0,3.0,3.0,3,3,20,ndcg_at_k,3.0,3,0.821053,1.0,1.0,1.0,0.1,1.0,1.0,0.00182,5.8e-05,2e-05,0.000267,3.2e-05,0.000769,0.004521
bright,aops:aops_2019_AMC_12A_Problems/Problem_17,hybrid_rrf_fas_regularized,qrels_flip,synthetic corruption: qrels-derived edges with flip_prob=0.15,20,36,0.094737,20,1,False,0,0,0,0,3.0,3.0,3,3,20,ndcg_at_k,3.0,3,0.821053,1.0,1.0,1.0,0.1,1.0,1.0,0.00182,5.8e-05,2e-05,0.000267,2.6e-05,0.000769,0.004521
bright,aops:aops_2019_AMC_12A_Problems/Problem_17,hybrid_rrf_balance_a05,qrels_flip,synthetic corruption: qrels-derived edges with flip_prob=0.15,20,36,0.094737,20,1,False,0,0,0,0,3.0,3.0,3,3,20,ndcg_at_k,3.0,3,0.821053,1.0,1.0,1.0,0.1,1.0,1.0,0.00182,5.8e-05,2e-05,0.000267,2.3e-05,0.000769,0.004521
bright,aops:aops_2019_AMC_12A_Problems/Problem_17,hybrid_rrf_copeland_a03,qrels_flip,synthetic corruption: qrels-derived edges with flip_prob=0.15,20,36,0.094737,20,1,False,0,0,0,0,3.0,3.0,3,3,20,ndcg_at_k,3.0,3,0.821053,1.0,1.0,1.0,0.1,1.0,1.0,0.00182,5.8e-05,2e-05,0.000267,2.2e-05,0.000769,0.004521
bright,aops:aops_2019_AMC_12A_Problems/Problem_17,hybrid_rrf_priority_topo_a03,qrels_flip,synthetic corruption: qrels-derived edges with flip_prob=0.15,20,36,0.094737,20,1,False,0,0,0,0,3.0,3.0,3,3,20,ndcg_at_k,0.0,0,-0.347368,1.0,0.850345,0.7,0.1,1.0,0.916667,0.00182,5.8e-05,2e-05,0.000267,5.1e-05,0.000769,0.004521
bright,leetcode:3,score_sum,qrels_flip,synthetic corruption: qrels-derived edges with flip_prob=0.15,20,36,0.094737,14,7,True,1,7,1.0,1,5.0,5.0,5,5,20,ndcg_at_k,5.0,5,0.726316,0.642857,1.0,1.0,0.1,1.0,1.0,6.8e-05,5.3e-05,1.2e-05,0.000543,1.6e-05,0.000745,0.003317
bright,leetcode:3,borda,qrels_flip,synthetic corruption: qrels-derived edges with flip_prob=0.15,20,36,0.094737,14,7,True,1,7,1.0,1,5.0,5.0,5,5,20,ndcg_at_k,5.0,5,0.726316,0.642857,1.0,1.0,0.1,1.0,1.0,6.8e-05,5.3e-05,1.2e-05,0.000543,1.1e-05,0.000745,0.003317
bright,leetcode:3,pagerank,qrels_flip,synthetic corruption: qrels-derived edges with flip_prob=0.15,20,36,0.094737,14,7,True,1,7,1.0,1,5.0,5.0,5,5,20,ndcg_at_k,5.0,5,0.231579,0.357143,1.0,1.0,0.1,1.0,1.0,6.8e-05,5.3e-05,1.2e-05,0.000543,0.001624,0.000745,0.003317
bright,leetcode:3,greedy_fas_topological,qrels_flip,synthetic corruption: qrels-derived edges with flip_prob=0.15,20,36,0.094737,14,7,True,1,7,1.0,1,5.0,5.0,5,5,20,ndcg_at_k,1.0,1,0.168421,0.142857,0.591235,0.392857,0.1,1.0,0.833333,6.8e-05,5.3e-05,1.2e-05,0.000543,3.8e-05,0.000745,0.003317
bright,leetcode:3,greedy_fas_weighted_balance,qrels_flip,synthetic corruption: qrels-derived edges with flip_prob=0.15,20,36,0.094737,14,7,True,1,7,1.0,1,5.0,5.0,5,5,20,ndcg_at_k,5.0,5,0.694737,0.571429,1.0,1.0,0.1,1.0,1.0,6.8e-05,5.3e-05,1.2e-05,0.000543,1.8e-05,0.000745,0.003317
bright,leetcode:3,greedy_fas_copeland,qrels_flip,synthetic corruption: qrels-derived edges with flip_prob=0.15,20,36,0.094737,14,7,True,1,7,1.0,1,5.0,5.0,5,5,20,ndcg_at_k,5.0,5,0.694737,0.571429,1.0,1.0,0.1,1.0,1.0,6.8e-05,5.3e-05,1.2e-05,0.000543,1.7e-05,0.000745,0.003317
bright,leetcode:3,greedy_fas_score_augmented_topological,qrels_flip,synthetic corruption: qrels-derived edges with flip_prob=0.15,20,36,0.094737,14,7,True,1,7,1.0,1,5.0,5.0,5,5,20,ndcg_at_k,1.0,1,-0.252632,0.071429,0.591235,0.392857,0.1,1.0,0.833333,6.8e-05,5.3e-05,1.2e-05,0.000543,3.2e-05,0.000745,0.003317
bright,leetcode:3,fas_balance_score_prior_alpha_beta,qrels_flip,synthetic corruption: qrels-derived edges with flip_prob=0.15,20,36,0.094737,14,7,True,1,7,1.0,1,5.0,5.0,5,5,20,ndcg_at_k,5.0,5,0.694737,0.571429,1.0,1.0,0.1,1.0,1.0,6.8e-05,5.3e-05,1.2e-05,0.000543,3e-05,0.000745,0.003317
bright,leetcode:3,hybrid_rrf_fas_regularized,qrels_flip,synthetic corruption: qrels-derived edges with flip_prob=0.15,20,36,0.094737,14,7,True,1,7,1.0,1,5.0,5.0,5,5,20,ndcg_at_k,5.0,5,0.694737,0.571429,1.0,1.0,0.1,1.0,1.0,6.8e-05,5.3e-05,1.2e-05,0.000543,2.4e-05,0.000745,0.003317
bright,leetcode:3,hybrid_rrf_balance_a05,qrels_flip,synthetic corruption: qrels-derived edges with flip_prob=0.15,20,36,0.094737,14,7,True,1,7,1.0,1,5.0,5.0,5,5,20,ndcg_at_k,5.0,5,0.694737,0.571429,1.0,1.0,0.1,1.0,1.0,6.8e-05,5.3e-05,1.2e-05,0.000543,2e-05,0.000745,0.003317
bright,leetcode:3,hybrid_rrf_copeland_a03,qrels_flip,synthetic corruption: qrels-derived edges with flip_prob=0.15,20,36,0.094737,14,7,True,1,7,1.0,1,5.0,5.0,5,5,20,ndcg_at_k,5.0,5,0.694737,0.571429,1.0,1.0,0.1,1.0,1.0,6.8e-05,5.3e-05,1.2e-05,0.000543,2.1e-05,0.000745,0.003317
bright,leetcode:3,hybrid_rrf_priority_topo_a03,qrels_flip,synthetic corruption: qrels-derived edges with flip_prob=0.15,20,36,0.094737,14,7,True,1,7,1.0,1,5.0,5.0,5,5,20,ndcg_at_k,1.0,1,-0.252632,0.071429,0.591235,0.392857,0.1,1.0,0.833333,6.8e-05,5.3e-05,1.2e-05,0.000543,4.5e-05,0.000745,0.003317
bright,theoremqa_questions:TheoremQA_maxku/fourier1-FS.json,score_sum,qrels_flip,synthetic corruption: qrels-derived edges with flip_prob=0.15,20,75,0.197368,9,12,True,1,12,8.0,8,12.0,7.0,12,7,20,ndcg_at_k,12.0,12,0.631579,0.2,1.0,1.0,0.25,1.0,1.0,0.0005,8.2e-05,1.3e-05,0.000919,2.1e-05,0.000944,0.004067
bright,theoremqa_questions:TheoremQA_maxku/fourier1-FS.json,borda,qrels_flip,synthetic corruption: qrels-derived edges with flip_prob=0.15,20,75,0.197368,9,12,True,1,12,8.0,8,12.0,7.0,12,7,20,ndcg_at_k,12.0,12,0.631579,0.2,1.0,1.0,0.25,1.0,1.0,0.0005,8.2e-05,1.3e-05,0.000919,1.2e-05,0.000944,0.004067
bright,theoremqa_questions:TheoremQA_maxku/fourier1-FS.json,pagerank,qrels_flip,synthetic corruption: qrels-derived edges with flip_prob=0.15,20,75,0.197368,9,12,True,1,12,8.0,8,12.0,7.0,12,7,20,ndcg_at_k,8.0,8,0.378947,0.2,0.888673,0.759524,0.25,1.0,0.92,0.0005,8.2e-05,1.3e-05,0.000919,0.001276,0.000944,0.004067
bright,theoremqa_questions:TheoremQA_maxku/fourier1-FS.json,greedy_fas_topological,qrels_flip,synthetic corruption: qrels-derived edges with flip_prob=0.15,20,75,0.197368,9,12,True,1,12,8.0,8,12.0,7.0,12,7,20,ndcg_at_k,5.0,5,0.263158,0.2,0.862854,0.697778,0.25,1.0,0.88,0.0005,8.2e-05,1.3e-05,0.000919,4.4e-05,0.000944,0.004067
bright,theoremqa_questions:TheoremQA_maxku/fourier1-FS.json,greedy_fas_weighted_balance,qrels_flip,synthetic corruption: qrels-derived edges with flip_prob=0.15,20,75,0.197368,9,12,True,1,12,8.0,8,12.0,7.0,12,7,20,ndcg_at_k,12.0,12,0.505263,0.2,1.0,1.0,0.25,1.0,1.0,0.0005,8.2e-05,1.3e-05,0.000919,2.4e-05,0.000944,0.004067
bright,theoremqa_questions:TheoremQA_maxku/fourier1-FS.json,greedy_fas_copeland,qrels_flip,synthetic corruption: qrels-derived edges with flip_prob=0.15,20,75,0.197368,9,12,True,1,12,8.0,8,12.0,7.0,12,7,20,ndcg_at_k,12.0,12,0.505263,0.2,1.0,1.0,0.25,1.0,1.0,0.0005,8.2e-05,1.3e-05,0.000919,1.8e-05,0.000944,0.004067
bright,theoremqa_questions:TheoremQA_maxku/fourier1-FS.json,greedy_fas_score_augmented_topological,qrels_flip,synthetic corruption: qrels-derived edges with flip_prob=0.15,20,75,0.197368,9,12,True,1,12,8.0,8,12.0,7.0,12,7,20,ndcg_at_k,6.0,6,0.136842,0.2,0.86775,0.711667,0.25,1.0,0.893333,0.0005,8.2e-05,1.3e-05,0.000919,3.2e-05,0.000944,0.004067
bright,theoremqa_questions:TheoremQA_maxku/fourier1-FS.json,fas_balance_score_prior_alpha_beta,qrels_flip,synthetic corruption: qrels-derived edges with flip_prob=0.15,20,75,0.197368,9,12,True,1,12,8.0,8,12.0,7.0,12,7,20,ndcg_at_k,12.0,12,0.515789,0.4,1.0,1.0,0.25,1.0,1.0,0.0005,8.2e-05,1.3e-05,0.000919,3.6e-05,0.000944,0.004067
bright,theoremqa_questions:TheoremQA_maxku/fourier1-FS.json,hybrid_rrf_fas_regularized,qrels_flip,synthetic corruption: qrels-derived edges with flip_prob=0.15,20,75,0.197368,9,12,True,1,12,8.0,8,12.0,7.0,12,7,20,ndcg_at_k,12.0,12,0.515789,0.4,1.0,1.0,0.25,1.0,1.0,0.0005,8.2e-05,1.3e-05,0.000919,3e-05,0.000944,0.004067
bright,theoremqa_questions:TheoremQA_maxku/fourier1-FS.json,hybrid_rrf_balance_a05,qrels_flip,synthetic corruption: qrels-derived edges with flip_prob=0.15,20,75,0.197368,9,12,True,1,12,8.0,8,12.0,7.0,12,7,20,ndcg_at_k,12.0,12,0.515789,0.4,1.0,1.0,0.25,1.0,1.0,0.0005,8.2e-05,1.3e-05,0.000919,2.5e-05,0.000944,0.004067
bright,theoremqa_questions:TheoremQA_maxku/fourier1-FS.json,hybrid_rrf_copeland_a03,qrels_flip,synthetic corruption: qrels-derived edges with flip_prob=0.15,20,75,0.197368,9,12,True,1,12,8.0,8,12.0,7.0,12,7,20,ndcg_at_k,12.0,12,0.515789,0.4,1.0,1.0,0.25,1.0,1.0,0.0005,8.2e-05,1.3e-05,0.000919,2e-05,0.000944,0.004067
bright,theoremqa_questions:TheoremQA_maxku/fourier1-FS.json,hybrid_rrf_priority_topo_a03,qrels_flip,synthetic corruption: qrels-derived edges with flip_prob=0.15,20,75,0.197368,9,12,True,1,12,8.0,8,12.0,7.0,12,7,20,ndcg_at_k,6.0,6,0.136842,0.2,0.86775,0.711667,0.25,1.0,0.893333,0.0005,8.2e-05,1.3e-05,0.000919,7.1e-05,0.000944,0.004067
bright,leetcode:51,score_sum,qrels_flip,synthetic corruption: qrels-derived edges with flip_prob=0.15,20,19,0.05,20,1,False,0,0,0,0,2.0,2.0,2,2,20,ndcg_at_k,2.0,2,0.768421,,1.0,1.0,0.05,1.0,1.0,0.000146,4.2e-05,1.6e-05,0.000356,1.3e-05,0.00065,0.002698
bright,leetcode:51,borda,qrels_flip,synthetic corruption: qrels-derived edges with flip_prob=0.15,20,19,0.05,20,1,False,0,0,0,0,2.0,2.0,2,2,20,ndcg_at_k,2.0,2,0.768421,,1.0,1.0,0.05,1.0,1.0,0.000146,4.2e-05,1.6e-05,0.000356,1.2e-05,0.00065,0.002698
bright,leetcode:51,pagerank,qrels_flip,synthetic corruption: qrels-derived edges with flip_prob=0.15,20,19,0.05,20,1,False,0,0,0,0,2.0,2.0,2,2,20,ndcg_at_k,2.0,2,0.231579,,1.0,1.0,0.05,1.0,1.0,0.000146,4.2e-05,1.6e-05,0.000356,0.001229,0.00065,0.002698
bright,leetcode:51,greedy_fas_topological,qrels_flip,synthetic corruption: qrels-derived edges with flip_prob=0.15,20,19,0.05,20,1,False,0,0,0,0,2.0,2.0,2,2,20,ndcg_at_k,0.0,0,0.210526,,0.5,0.333333,0.05,1.0,0.894737,0.000146,4.2e-05,1.6e-05,0.000356,3.4e-05,0.00065,0.002698
bright,leetcode:51,greedy_fas_weighted_balance,qrels_flip,synthetic corruption: qrels-derived edges with flip_prob=0.15,20,19,0.05,20,1,False,0,0,0,0,2.0,2.0,2,2,20,ndcg_at_k,2.0,2,0.768421,,1.0,1.0,0.05,1.0,1.0,0.000146,4.2e-05,1.6e-05,0.000356,1.6e-05,0.00065,0.002698
bright,leetcode:51,greedy_fas_copeland,qrels_flip,synthetic corruption: qrels-derived edges with flip_prob=0.15,20,19,0.05,20,1,False,0,0,0,0,2.0,2.0,2,2,20,ndcg_at_k,2.0,2,0.768421,,1.0,1.0,0.05,1.0,1.0,0.000146,4.2e-05,1.6e-05,0.000356,1.7e-05,0.00065,0.002698
bright,leetcode:51,greedy_fas_score_augmented_topological,qrels_flip,synthetic corruption: qrels-derived edges with flip_prob=0.15,20,19,0.05,20,1,False,0,0,0,0,2.0,2.0,2,2,20,ndcg_at_k,0.0,0,-0.694737,,0.5,0.333333,0.05,1.0,0.894737,0.000146,4.2e-05,1.6e-05,0.000356,3.4e-05,0.00065,0.002698
bright,leetcode:51,fas_balance_score_prior_alpha_beta,qrels_flip,synthetic corruption: qrels-derived edges with flip_prob=0.15,20,19,0.05,20,1,False,0,0,0,0,2.0,2.0,2,2,20,ndcg_at_k,2.0,2,0.768421,,1.0,1.0,0.05,1.0,1.0,0.000146,4.2e-05,1.6e-05,0.000356,2.6e-05,0.00065,0.002698
bright,leetcode:51,hybrid_rrf_fas_regularized,qrels_flip,synthetic corruption: qrels-derived edges with flip_prob=0.15,20,19,0.05,20,1,False,0,0,0,0,2.0,2.0,2,2,20,ndcg_at_k,2.0,2,0.768421,,1.0,1.0,0.05,1.0,1.0,0.000146,4.2e-05,1.6e-05,0.000356,2.2e-05,0.00065,0.002698
bright,leetcode:51,hybrid_rrf_balance_a05,qrels_flip,synthetic corruption: qrels-derived edges with flip_prob=0.15,20,19,0.05,20,1,False,0,0,0,0,2.0,2.0,2,2,20,ndcg_at_k,2.0,2,0.768421,,1.0,1.0,0.05,1.0,1.0,0.000146,4.2e-05,1.6e-05,0.000356,1.8e-05,0.00065,0.002698
bright,leetcode:51,hybrid_rrf_copeland_a03,qrels_flip,synthetic corruption: qrels-derived edges with flip_prob=0.15,20,19,0.05,20,1,False,0,0,0,0,2.0,2.0,2,2,20,ndcg_at_k,2.0,2,0.768421,,1.0,1.0,0.05,1.0,1.0,0.000146,4.2e-05,1.6e-05,0.000356,2.1e-05,0.00065,0.002698
bright,leetcode:51,hybrid_rrf_priority_topo_a03,qrels_flip,synthetic corruption: qrels-derived edges with flip_prob=0.15,20,19,0.05,20,1,False,0,0,0,0,2.0,2.0,2,2,20,ndcg_at_k,0.0,0,-0.694737,,0.5,0.333333,0.05,1.0,0.894737,0.000146,4.2e-05,1.6e-05,0.000356,4.6e-05,0.00065,0.002698
bright,theoremqa_questions:TheoremQA_wenhuchen/L'Hôpital_rule1.json,score_sum,qrels_flip,synthetic corruption: qrels-derived edges with flip_prob=0.15,20,51,0.134211,11,10,True,1,10,7.0,7,8.0,6.0,8,6,20,ndcg_at_k,8.0,8,0.631579,0.666667,1.0,1.0,0.15,1.0,1.0,0.000709,6.8e-05,1.1e-05,0.000869,1.8e-05,0.000805,0.00441
bright,theoremqa_questions:TheoremQA_wenhuchen/L'Hôpital_rule1.json,borda,qrels_flip,synthetic corruption: qrels-derived edges with flip_prob=0.15,20,51,0.134211,11,10,True,1,10,7.0,7,8.0,6.0,8,6,20,ndcg_at_k,8.0,8,0.631579,0.666667,1.0,1.0,0.15,1.0,1.0,0.000709,6.8e-05,1.1e-05,0.000869,1.2e-05,0.000805,0.00441
bright,theoremqa_questions:TheoremQA_wenhuchen/L'Hôpital_rule1.json,pagerank,qrels_flip,synthetic corruption: qrels-derived edges with flip_prob=0.15,20,51,0.134211,11,10,True,1,10,7.0,7,8.0,6.0,8,6,20,ndcg_at_k,8.0,8,0.210526,1.0,1.0,1.0,0.15,1.0,1.0,0.000709,6.8e-05,1.1e-05,0.000869,0.001651,0.000805,0.00441
bright,theoremqa_questions:TheoremQA_wenhuchen/L'Hôpital_rule1.json,greedy_fas_topological,qrels_flip,synthetic corruption: qrels-derived edges with flip_prob=0.15,20,51,0.134211,11,10,True,1,10,7.0,7,8.0,6.0,8,6,20,ndcg_at_k,6.0,6,0.147368,0.0,0.543067,0.333333,0.15,1.0,0.764706,0.000709,6.8e-05,1.1e-05,0.000869,4.2e-05,0.000805,0.00441
bright,theoremqa_questions:TheoremQA_wenhuchen/L'Hôpital_rule1.json,greedy_fas_weighted_balance,qrels_flip,synthetic corruption: qrels-derived edges with flip_prob=0.15,20,51,0.134211,11,10,True,1,10,7.0,7,8.0,6.0,8,6,20,ndcg_at_k,8.0,8,0.578947,0.0,1.0,1.0,0.15,1.0,1.0,0.000709,6.8e-05,1.1e-05,0.000869,2.6e-05,0.000805,0.00441
bright,theoremqa_questions:TheoremQA_wenhuchen/L'Hôpital_rule1.json,greedy_fas_copeland,qrels_flip,synthetic corruption: qrels-derived edges with flip_prob=0.15,20,51,0.134211,11,10,True,1,10,7.0,7,8.0,6.0,8,6,20,ndcg_at_k,8.0,8,0.578947,0.0,1.0,1.0,0.15,1.0,1.0,0.000709,6.8e-05,1.1e-05,0.000869,1.7e-05,0.000805,0.00441
bright,theoremqa_questions:TheoremQA_wenhuchen/L'Hôpital_rule1.json,greedy_fas_score_augmented_topological,qrels_flip,synthetic corruption: qrels-derived edges with flip_prob=0.15,20,51,0.134211,11,10,True,1,10,7.0,7,8.0,6.0,8,6,20,ndcg_at_k,6.0,6,-0.052632,0.0,0.543067,0.333333,0.15,1.0,0.764706,0.000709,6.8e-05,1.1e-05,0.000869,3e-05,0.000805,0.00441
bright,theoremqa_questions:TheoremQA_wenhuchen/L'Hôpital_rule1.json,fas_balance_score_prior_alpha_beta,qrels_flip,synthetic corruption: qrels-derived edges with flip_prob=0.15,20,51,0.134211,11,10,True,1,10,7.0,7,8.0,6.0,8,6,20,ndcg_at_k,8.0,8,0.578947,0.0,1.0,1.0,0.15,1.0,1.0,0.000709,6.8e-05,1.1e-05,0.000869,3.3e-05,0.000805,0.00441
bright,theoremqa_questions:TheoremQA_wenhuchen/L'Hôpital_rule1.json,hybrid_rrf_fas_regularized,qrels_flip,synthetic corruption: qrels-derived edges with flip_prob=0.15,20,51,0.134211,11,10,True,1,10,7.0,7,8.0,6.0,8,6,20,ndcg_at_k,8.0,8,0.6,0.666667,1.0,1.0,0.15,1.0,1.0,0.000709,6.8e-05,1.1e-05,0.000869,2.8e-05,0.000805,0.00441
bright,theoremqa_questions:TheoremQA_wenhuchen/L'Hôpital_rule1.json,hybrid_rrf_balance_a05,qrels_flip,synthetic corruption: qrels-derived edges with flip_prob=0.15,20,51,0.134211,11,10,True,1,10,7.0,7,8.0,6.0,8,6,20,ndcg_at_k,8.0,8,0.589474,0.333333,1.0,1.0,0.15,1.0,1.0,0.000709,6.8e-05,1.1e-05,0.000869,2.4e-05,0.000805,0.00441
bright,theoremqa_questions:TheoremQA_wenhuchen/L'Hôpital_rule1.json,hybrid_rrf_copeland_a03,qrels_flip,synthetic corruption: qrels-derived edges with flip_prob=0.15,20,51,0.134211,11,10,True,1,10,7.0,7,8.0,6.0,8,6,20,ndcg_at_k,8.0,8,0.6,0.666667,1.0,1.0,0.15,1.0,1.0,0.000709,6.8e-05,1.1e-05,0.000869,2.1e-05,0.000805,0.00441
bright,theoremqa_questions:TheoremQA_wenhuchen/L'Hôpital_rule1.json,hybrid_rrf_priority_topo_a03,qrels_flip,synthetic corruption: qrels-derived edges with flip_prob=0.15,20,51,0.134211,11,10,True,1,10,7.0,7,8.0,6.0,8,6,20,ndcg_at_k,7.0,7,-0.042105,0.0,0.557448,0.355556,0.15,1.0,0.784314,0.000709,6.8e-05,1.1e-05,0.000869,4.6e-05,0.000805,0.00441
bright,aops:math_train_geometry_6105,score_sum,qrels_flip,synthetic corruption: qrels-derived edges with flip_prob=0.15,20,36,0.094737,12,9,True,1,9,1.0,1,7.0,7.0,7,7,20,ndcg_at_k,7.0,7,0.568421,-1.0,1.0,1.0,0.1,1.0,1.0,0.000726,6.2e-05,1.1e-05,0.000883,1.9e-05,0.000778,0.00443
bright,aops:math_train_geometry_6105,borda,qrels_flip,synthetic corruption: qrels-derived edges with flip_prob=0.15,20,36,0.094737,12,9,True,1,9,1.0,1,7.0,7.0,7,7,20,ndcg_at_k,7.0,7,0.568421,-1.0,1.0,1.0,0.1,1.0,1.0,0.000726,6.2e-05,1.1e-05,0.000883,1.3e-05,0.000778,0.00443
bright,aops:math_train_geometry_6105,pagerank,qrels_flip,synthetic corruption: qrels-derived edges with flip_prob=0.15,20,36,0.094737,12,9,True,1,9,1.0,1,7.0,7.0,7,7,20,ndcg_at_k,7.0,7,0.094737,-1.0,1.0,1.0,0.1,1.0,1.0,0.000726,6.2e-05,1.1e-05,0.000883,0.001673,0.000778,0.00443
bright,aops:math_train_geometry_6105,greedy_fas_topological,qrels_flip,synthetic corruption: qrels-derived edges with flip_prob=0.15,20,36,0.094737,12,9,True,1,9,1.0,1,7.0,7.0,7,7,20,ndcg_at_k,1.0,1,0.010526,-1.0,0.571429,0.361111,0.1,1.0,0.777778,0.000726,6.2e-05,1.1e-05,0.000883,4.3e-05,0.000778,0.00443
bright,aops:math_train_geometry_6105,greedy_fas_weighted_balance,qrels_flip,synthetic corruption: qrels-derived edges with flip_prob=0.15,20,36,0.094737,12,9,True,1,9,1.0,1,7.0,7.0,7,7,20,ndcg_at_k,7.0,7,0.547368,-1.0,1.0,1.0,0.1,1.0,1.0,0.000726,6.2e-05,1.1e-05,0.000883,2.1e-05,0.000778,0.00443
bright,aops:math_train_geometry_6105,greedy_fas_copeland,qrels_flip,synthetic corruption: qrels-derived edges with flip_prob=0.15,20,36,0.094737,12,9,True,1,9,1.0,1,7.0,7.0,7,7,20,ndcg_at_k,7.0,7,0.547368,-1.0,1.0,1.0,0.1,1.0,1.0,0.000726,6.2e-05,1.1e-05,0.000883,1.9e-05,0.000778,0.00443
bright,aops:math_train_geometry_6105,greedy_fas_score_augmented_topological,qrels_flip,synthetic corruption: qrels-derived edges with flip_prob=0.15,20,36,0.094737,12,9,True,1,9,1.0,1,7.0,7.0,7,7,20,ndcg_at_k,1.0,1,-0.273684,-1.0,0.571429,0.361111,0.1,1.0,0.777778,0.000726,6.2e-05,1.1e-05,0.000883,3.6e-05,0.000778,0.00443
bright,aops:math_train_geometry_6105,fas_balance_score_prior_alpha_beta,qrels_flip,synthetic corruption: qrels-derived edges with flip_prob=0.15,20,36,0.094737,12,9,True,1,9,1.0,1,7.0,7.0,7,7,20,ndcg_at_k,7.0,7,0.547368,-1.0,1.0,1.0,0.1,1.0,1.0,0.000726,6.2e-05,1.1e-05,0.000883,3.2e-05,0.000778,0.00443
bright,aops:math_train_geometry_6105,hybrid_rrf_fas_regularized,qrels_flip,synthetic corruption: qrels-derived edges with flip_prob=0.15,20,36,0.094737,12,9,True,1,9,1.0,1,7.0,7.0,7,7,20,ndcg_at_k,7.0,7,0.547368,-1.0,1.0,1.0,0.1,1.0,1.0,0.000726,6.2e-05,1.1e-05,0.000883,2.7e-05,0.000778,0.00443
bright,aops:math_train_geometry_6105,hybrid_rrf_balance_a05,qrels_flip,synthetic corruption: qrels-derived edges with flip_prob=0.15,20,36,0.094737,12,9,True,1,9,1.0,1,7.0,7.0,7,7,20,ndcg_at_k,7.0,7,0.547368,-1.0,1.0,1.0,0.1,1.0,1.0,0.000726,6.2e-05,1.1e-05,0.000883,2.2e-05,0.000778,0.00443
bright,aops:math_train_geometry_6105,hybrid_rrf_copeland_a03,qrels_flip,synthetic corruption: qrels-derived edges with flip_prob=0.15,20,36,0.094737,12,9,True,1,9,1.0,1,7.0,7.0,7,7,20,ndcg_at_k,7.0,7,0.547368,-1.0,1.0,1.0,0.1,1.0,1.0,0.000726,6.2e-05,1.1e-05,0.000883,2.1e-05,0.000778,0.00443
bright,aops:math_train_geometry_6105,hybrid_rrf_priority_topo_a03,qrels_flip,synthetic corruption: qrels-derived edges with flip_prob=0.15,20,36,0.094737,12,9,True,1,9,1.0,1,7.0,7.0,7,7,20,ndcg_at_k,1.0,1,-0.273684,-1.0,0.571429,0.361111,0.1,1.0,0.777778,0.000726,6.2e-05,1.1e-05,0.000883,4.4e-05,0.000778,0.00443
bright,aops:math_train_counting_and_probability_5024,score_sum,qrels_flip,synthetic corruption: qrels-derived edges with flip_prob=0.15,20,36,0.094737,20,1,False,0,0,0,0,3.0,3.0,3,3,20,ndcg_at_k,3.0,3,0.873684,1.0,1.0,1.0,0.1,1.0,1.0,0.002287,5.9e-05,2e-05,0.000328,1.8e-05,0.00076,0.004804
bright,aops:math_train_counting_and_probability_5024,borda,qrels_flip,synthetic corruption: qrels-derived edges with flip_prob=0.15,20,36,0.094737,20,1,False,0,0,0,0,3.0,3.0,3,3,20,ndcg_at_k,3.0,3,0.873684,1.0,1.0,1.0,0.1,1.0,1.0,0.002287,5.9e-05,2e-05,0.000328,1.4e-05,0.00076,0.004804
bright,aops:math_train_counting_and_probability_5024,pagerank,qrels_flip,synthetic corruption: qrels-derived edges with flip_prob=0.15,20,36,0.094737,20,1,False,0,0,0,0,3.0,3.0,3,3,20,ndcg_at_k,1.0,1,0.2,1.0,0.693426,0.583333,0.1,1.0,0.944444,0.002287,5.9e-05,2e-05,0.000328,0.00104,0.00076,0.004804
bright,aops:math_train_counting_and_probability_5024,greedy_fas_topological,qrels_flip,synthetic corruption: qrels-derived edges with flip_prob=0.15,20,36,0.094737,20,1,False,0,0,0,0,3.0,3.0,3,3,20,ndcg_at_k,0.0,0,0.189474,1.0,0.650921,0.5,0.1,1.0,0.916667,0.002287,5.9e-05,2e-05,0.000328,4e-05,0.00076,0.004804
bright,aops:math_train_counting_and_probability_5024,greedy_fas_weighted_balance,qrels_flip,synthetic corruption: qrels-derived edges with flip_prob=0.15,20,36,0.094737,20,1,False,0,0,0,0,3.0,3.0,3,3,20,ndcg_at_k,3.0,3,0.873684,1.0,1.0,1.0,0.1,1.0,1.0,0.002287,5.9e-05,2e-05,0.000328,2e-05,0.00076,0.004804
bright,aops:math_train_counting_and_probability_5024,greedy_fas_copeland,qrels_flip,synthetic corruption: qrels-derived edges with flip_prob=0.15,20,36,0.094737,20,1,False,0,0,0,0,3.0,3.0,3,3,20,ndcg_at_k,3.0,3,0.873684,1.0,1.0,1.0,0.1,1.0,1.0,0.002287,5.9e-05,2e-05,0.000328,1.9e-05,0.00076,0.004804
bright,aops:math_train_counting_and_probability_5024,greedy_fas_score_augmented_topological,qrels_flip,synthetic corruption: qrels-derived edges with flip_prob=0.15,20,36,0.094737,20,1,False,0,0,0,0,3.0,3.0,3,3,20,ndcg_at_k,0.0,0,-0.421053,1.0,0.650921,0.5,0.1,1.0,0.916667,0.002287,5.9e-05,2e-05,0.000328,4.7e-05,0.00076,0.004804
bright,aops:math_train_counting_and_probability_5024,fas_balance_score_prior_alpha_beta,qrels_flip,synthetic corruption: qrels-derived edges with flip_prob=0.15,20,36,0.094737,20,1,False,0,0,0,0,3.0,3.0,3,3,20,ndcg_at_k,3.0,3,0.873684,1.0,1.0,1.0,0.1,1.0,1.0,0.002287,5.9e-05,2e-05,0.000328,3.3e-05,0.00076,0.004804
bright,aops:math_train_counting_and_probability_5024,hybrid_rrf_fas_regularized,qrels_flip,synthetic corruption: qrels-derived edges with flip_prob=0.15,20,36,0.094737,20,1,False,0,0,0,0,3.0,3.0,3,3,20,ndcg_at_k,3.0,3,0.873684,1.0,1.0,1.0,0.1,1.0,1.0,0.002287,5.9e-05,2e-05,0.000328,2.7e-05,0.00076,0.004804
bright,aops:math_train_counting_and_probability_5024,hybrid_rrf_balance_a05,qrels_flip,synthetic corruption: qrels-derived edges with flip_prob=0.15,20,36,0.094737,20,1,False,0,0,0,0,3.0,3.0,3,3,20,ndcg_at_k,3.0,3,0.873684,1.0,1.0,1.0,0.1,1.0,1.0,0.002287,5.9e-05,2e-05,0.000328,2.2e-05,0.00076,0.004804
bright,aops:math_train_counting_and_probability_5024,hybrid_rrf_copeland_a03,qrels_flip,synthetic corruption: qrels-derived edges with flip_prob=0.15,20,36,0.094737,20,1,False,0,0,0,0,3.0,3.0,3,3,20,ndcg_at_k,3.0,3,0.873684,1.0,1.0,1.0,0.1,1.0,1.0,0.002287,5.9e-05,2e-05,0.000328,2.1e-05,0.00076,0.004804
bright,aops:math_train_counting_and_probability_5024,hybrid_rrf_priority_topo_a03,qrels_flip,synthetic corruption: qrels-derived edges with flip_prob=0.15,20,36,0.094737,20,1,False,0,0,0,0,3.0,3.0,3,3,20,ndcg_at_k,0.0,0,-0.421053,1.0,0.650921,0.5,0.1,1.0,0.916667,0.002287,5.9e-05,2e-05,0.000328,4.9e-05,0.00076,0.004804
bright,aops:aops_2000_AMC_12_Problems/Problem_14,score_sum,qrels_flip,synthetic corruption: qrels-derived edges with flip_prob=0.15,20,51,0.134211,14,7,True,1,7,1.0,1,10.0,10.0,10,10,20,ndcg_at_k,10.0,10,0.578947,0.333333,1.0,1.0,0.15,1.0,1.0,0.000453,6.7e-05,1.6e-05,0.000562,1.8e-05,0.000751,0.003116
bright,aops:aops_2000_AMC_12_Problems/Problem_14,borda,qrels_flip,synthetic corruption: qrels-derived edges with flip_prob=0.15,20,51,0.134211,14,7,True,1,7,1.0,1,10.0,10.0,10,10,20,ndcg_at_k,10.0,10,0.578947,0.333333,1.0,1.0,0.15,1.0,1.0,0.000453,6.7e-05,1.6e-05,0.000562,1.2e-05,0.000751,0.003116
bright,aops:aops_2000_AMC_12_Problems/Problem_14,pagerank,qrels_flip,synthetic corruption: qrels-derived edges with flip_prob=0.15,20,51,0.134211,14,7,True,1,7,1.0,1,10.0,10.0,10,10,20,ndcg_at_k,7.0,7,0.263158,0.333333,0.732829,0.638889,0.15,1.0,0.941176,0.000453,6.7e-05,1.6e-05,0.000562,0.000961,0.000751,0.003116
bright,aops:aops_2000_AMC_12_Problems/Problem_14,greedy_fas_topological,qrels_flip,synthetic corruption: qrels-derived edges with flip_prob=0.15,20,51,0.134211,14,7,True,1,7,1.0,1,10.0,10.0,10,10,20,ndcg_at_k,1.0,1,0.178947,0.333333,0.613276,0.4,0.15,1.0,0.784314,0.000453,6.7e-05,1.6e-05,0.000562,4.3e-05,0.000751,0.003116
bright,aops:aops_2000_AMC_12_Problems/Problem_14,greedy_fas_weighted_balance,qrels_flip,synthetic corruption: qrels-derived edges with flip_prob=0.15,20,51,0.134211,14,7,True,1,7,1.0,1,10.0,10.0,10,10,20,ndcg_at_k,10.0,10,0.536842,0.333333,1.0,1.0,0.15,1.0,1.0,0.000453,6.7e-05,1.6e-05,0.000562,2.2e-05,0.000751,0.003116
bright,aops:aops_2000_AMC_12_Problems/Problem_14,greedy_fas_copeland,qrels_flip,synthetic corruption: qrels-derived edges with flip_prob=0.15,20,51,0.134211,14,7,True,1,7,1.0,1,10.0,10.0,10,10,20,ndcg_at_k,10.0,10,0.536842,0.333333,1.0,1.0,0.15,1.0,1.0,0.000453,6.7e-05,1.6e-05,0.000562,1.8e-05,0.000751,0.003116
bright,aops:aops_2000_AMC_12_Problems/Problem_14,greedy_fas_score_augmented_topological,qrels_flip,synthetic corruption: qrels-derived edges with flip_prob=0.15,20,51,0.134211,14,7,True,1,7,1.0,1,10.0,10.0,10,10,20,ndcg_at_k,1.0,1,-0.115789,0.333333,0.613276,0.4,0.15,1.0,0.784314,0.000453,6.7e-05,1.6e-05,0.000562,3.8e-05,0.000751,0.003116
bright,aops:aops_2000_AMC_12_Problems/Problem_14,fas_balance_score_prior_alpha_beta,qrels_flip,synthetic corruption: qrels-derived edges with flip_prob=0.15,20,51,0.134211,14,7,True,1,7,1.0,1,10.0,10.0,10,10,20,ndcg_at_k,10.0,10,0.536842,0.333333,1.0,1.0,0.15,1.0,1.0,0.000453,6.7e-05,1.6e-05,0.000562,3.4e-05,0.000751,0.003116
bright,aops:aops_2000_AMC_12_Problems/Problem_14,hybrid_rrf_fas_regularized,qrels_flip,synthetic corruption: qrels-derived edges with flip_prob=0.15,20,51,0.134211,14,7,True,1,7,1.0,1,10.0,10.0,10,10,20,ndcg_at_k,10.0,10,0.536842,0.333333,1.0,1.0,0.15,1.0,1.0,0.000453,6.7e-05,1.6e-05,0.000562,3e-05,0.000751,0.003116
bright,aops:aops_2000_AMC_12_Problems/Problem_14,hybrid_rrf_balance_a05,qrels_flip,synthetic corruption: qrels-derived edges with flip_prob=0.15,20,51,0.134211,14,7,True,1,7,1.0,1,10.0,10.0,10,10,20,ndcg_at_k,10.0,10,0.536842,0.333333,1.0,1.0,0.15,1.0,1.0,0.000453,6.7e-05,1.6e-05,0.000562,2.4e-05,0.000751,0.003116
bright,aops:aops_2000_AMC_12_Problems/Problem_14,hybrid_rrf_copeland_a03,qrels_flip,synthetic corruption: qrels-derived edges with flip_prob=0.15,20,51,0.134211,14,7,True,1,7,1.0,1,10.0,10.0,10,10,20,ndcg_at_k,10.0,10,0.536842,0.333333,1.0,1.0,0.15,1.0,1.0,0.000453,6.7e-05,1.6e-05,0.000562,2.1e-05,0.000751,0.003116
bright,aops:aops_2000_AMC_12_Problems/Problem_14,hybrid_rrf_priority_topo_a03,qrels_flip,synthetic corruption: qrels-derived edges with flip_prob=0.15,20,51,0.134211,14,7,True,1,7,1.0,1,10.0,10.0,10,10,20,ndcg_at_k,1.0,1,-0.115789,0.333333,0.613276,0.4,0.15,1.0,0.784314,0.000453,6.7e-05,1.6e-05,0.000562,4.6e-05,0.000751,0.003116
