dataset,query_id,method,preference_source,preference_source_note,n_nodes,n_edges,graph_density,n_sccs,largest_scc,is_cyclic,n_non_trivial_sccs,scc_cycle_burden,fas_weight_removed,fas_n_edges_removed,graph_ref_bew_pre,graph_ref_bew_post,graph_ref_pic_pre,graph_ref_pic_post,n_eval_candidates,primary_metric,backward_edge_weight,pairwise_inconsistency,kendall_tau,kendall_tau_legacy,ndcg_at_k,map_at_k,precision_at_k,recall_at_k,pairwise_accuracy,runtime_pref_gen_s,runtime_graph_build_s,runtime_cycle_detect_s,runtime_fas_solver_s,runtime_ranking_s,runtime_evaluation_s,runtime_total_s
bright,q_bright_000042,score_sum,qrels,label-derived pairwise preferences from qrels,20,101,0.265789,20,1,False,0,0,0,0,0.0,0.0,0,0,20,ndcg_at_k,0.0,0,1.0,0.745455,1.0,1.0,0.35,1.0,1.0,0.000201,0.000458,4.1e-05,0.001175,4e-05,0.001629,0.216664
bright,q_bright_000042,borda,qrels,label-derived pairwise preferences from qrels,20,101,0.265789,20,1,False,0,0,0,0,0.0,0.0,0,0,20,ndcg_at_k,0.0,0,1.0,0.745455,1.0,1.0,0.35,1.0,1.0,0.000201,0.000458,4.1e-05,0.001175,2.6e-05,0.001629,0.216664
bright,q_bright_000042,pagerank,qrels,label-derived pairwise preferences from qrels,20,101,0.265789,20,1,False,0,0,0,0,0.0,0.0,0,0,20,ndcg_at_k,0.0,0,0.421053,0.636364,1.0,1.0,0.35,1.0,1.0,0.000201,0.000458,4.1e-05,0.001175,0.212477,0.001629,0.216664
bright,q_bright_000042,greedy_fas_topological,qrels,label-derived pairwise preferences from qrels,20,101,0.265789,20,1,False,0,0,0,0,0.0,0.0,0,0,20,ndcg_at_k,0.0,0,0.421053,0.636364,1.0,1.0,0.35,1.0,1.0,0.000201,0.000458,4.1e-05,0.001175,9.8e-05,0.001629,0.216664
bright,q_bright_000042,greedy_fas_weighted_balance,qrels,label-derived pairwise preferences from qrels,20,101,0.265789,20,1,False,0,0,0,0,0.0,0.0,0,0,20,ndcg_at_k,0.0,0,1.0,0.745455,1.0,1.0,0.35,1.0,1.0,0.000201,0.000458,4.1e-05,0.001175,6.7e-05,0.001629,0.216664
bright,q_bright_000042,greedy_fas_copeland,qrels,label-derived pairwise preferences from qrels,20,101,0.265789,20,1,False,0,0,0,0,0.0,0.0,0,0,20,ndcg_at_k,0.0,0,1.0,0.745455,1.0,1.0,0.35,1.0,1.0,0.000201,0.000458,4.1e-05,0.001175,3.9e-05,0.001629,0.216664
bright,q_bright_000042,greedy_fas_score_augmented_topological,qrels,label-derived pairwise preferences from qrels,20,101,0.265789,20,1,False,0,0,0,0,0.0,0.0,0,0,20,ndcg_at_k,0.0,0,0.063158,0.636364,1.0,1.0,0.35,1.0,1.0,0.000201,0.000458,4.1e-05,0.001175,6.2e-05,0.001629,0.216664
bright,q_bright_000042,fas_balance_score_prior_alpha_beta,qrels,label-derived pairwise preferences from qrels,20,101,0.265789,20,1,False,0,0,0,0,0.0,0.0,0,0,20,ndcg_at_k,0.0,0,1.0,0.745455,1.0,1.0,0.35,1.0,1.0,0.000201,0.000458,4.1e-05,0.001175,7.4e-05,0.001629,0.216664
bright,q_bright_000042,hybrid_rrf_fas_regularized,qrels,label-derived pairwise preferences from qrels,20,101,0.265789,20,1,False,0,0,0,0,0.0,0.0,0,0,20,ndcg_at_k,0.0,0,1.0,0.745455,1.0,1.0,0.35,1.0,1.0,0.000201,0.000458,4.1e-05,0.001175,6.1e-05,0.001629,0.216664
bright,q_bright_000042,hybrid_rrf_balance_a05,qrels,label-derived pairwise preferences from qrels,20,101,0.265789,20,1,False,0,0,0,0,0.0,0.0,0,0,20,ndcg_at_k,0.0,0,1.0,0.745455,1.0,1.0,0.35,1.0,1.0,0.000201,0.000458,4.1e-05,0.001175,5.2e-05,0.001629,0.216664
bright,q_bright_000042,hybrid_rrf_copeland_a03,qrels,label-derived pairwise preferences from qrels,20,101,0.265789,20,1,False,0,0,0,0,0.0,0.0,0,0,20,ndcg_at_k,0.0,0,1.0,0.745455,1.0,1.0,0.35,1.0,1.0,0.000201,0.000458,4.1e-05,0.001175,5.7e-05,0.001629,0.216664
bright,q_bright_000042,hybrid_rrf_priority_topo_a03,qrels,label-derived pairwise preferences from qrels,20,101,0.265789,20,1,False,0,0,0,0,0.0,0.0,0,0,20,ndcg_at_k,0.0,0,0.063158,0.636364,1.0,1.0,0.35,1.0,1.0,0.000201,0.000458,4.1e-05,0.001175,0.000107,0.001629,0.216664
bright,q_bright_000041,score_sum,qrels,label-derived pairwise preferences from qrels,20,92,0.242105,20,1,False,0,0,0,0,0.0,0.0,0,0,20,ndcg_at_k,0.0,0,1.0,0.666667,1.0,1.0,0.3,1.0,1.0,0.000168,0.000159,3.6e-05,0.000701,3.6e-05,0.001621,0.004925
bright,q_bright_000041,borda,qrels,label-derived pairwise preferences from qrels,20,92,0.242105,20,1,False,0,0,0,0,0.0,0.0,0,0,20,ndcg_at_k,0.0,0,1.0,0.666667,1.0,1.0,0.3,1.0,1.0,0.000168,0.000159,3.6e-05,0.000701,2.3e-05,0.001621,0.004925
bright,q_bright_000041,pagerank,qrels,label-derived pairwise preferences from qrels,20,92,0.242105,20,1,False,0,0,0,0,0.0,0.0,0,0,20,ndcg_at_k,0.0,0,0.452632,0.666667,1.0,1.0,0.3,1.0,1.0,0.000168,0.000159,3.6e-05,0.000701,0.001693,0.001621,0.004925
bright,q_bright_000041,greedy_fas_topological,qrels,label-derived pairwise preferences from qrels,20,92,0.242105,20,1,False,0,0,0,0,0.0,0.0,0,0,20,ndcg_at_k,0.0,0,0.452632,0.666667,1.0,1.0,0.3,1.0,1.0,0.000168,0.000159,3.6e-05,0.000701,7e-05,0.001621,0.004925
bright,q_bright_000041,greedy_fas_weighted_balance,qrels,label-derived pairwise preferences from qrels,20,92,0.242105,20,1,False,0,0,0,0,0.0,0.0,0,0,20,ndcg_at_k,0.0,0,1.0,0.666667,1.0,1.0,0.3,1.0,1.0,0.000168,0.000159,3.6e-05,0.000701,4.6e-05,0.001621,0.004925
bright,q_bright_000041,greedy_fas_copeland,qrels,label-derived pairwise preferences from qrels,20,92,0.242105,20,1,False,0,0,0,0,0.0,0.0,0,0,20,ndcg_at_k,0.0,0,1.0,0.666667,1.0,1.0,0.3,1.0,1.0,0.000168,0.000159,3.6e-05,0.000701,2.9e-05,0.001621,0.004925
bright,q_bright_000041,greedy_fas_score_augmented_topological,qrels,label-derived pairwise preferences from qrels,20,92,0.242105,20,1,False,0,0,0,0,0.0,0.0,0,0,20,ndcg_at_k,0.0,0,-0.031579,0.666667,1.0,1.0,0.3,1.0,1.0,0.000168,0.000159,3.6e-05,0.000701,5.5e-05,0.001621,0.004925
bright,q_bright_000041,fas_balance_score_prior_alpha_beta,qrels,label-derived pairwise preferences from qrels,20,92,0.242105,20,1,False,0,0,0,0,0.0,0.0,0,0,20,ndcg_at_k,0.0,0,1.0,0.666667,1.0,1.0,0.3,1.0,1.0,0.000168,0.000159,3.6e-05,0.000701,6.2e-05,0.001621,0.004925
bright,q_bright_000041,hybrid_rrf_fas_regularized,qrels,label-derived pairwise preferences from qrels,20,92,0.242105,20,1,False,0,0,0,0,0.0,0.0,0,0,20,ndcg_at_k,0.0,0,1.0,0.666667,1.0,1.0,0.3,1.0,1.0,0.000168,0.000159,3.6e-05,0.000701,5e-05,0.001621,0.004925
bright,q_bright_000041,hybrid_rrf_balance_a05,qrels,label-derived pairwise preferences from qrels,20,92,0.242105,20,1,False,0,0,0,0,0.0,0.0,0,0,20,ndcg_at_k,0.0,0,1.0,0.666667,1.0,1.0,0.3,1.0,1.0,0.000168,0.000159,3.6e-05,0.000701,4.5e-05,0.001621,0.004925
bright,q_bright_000041,hybrid_rrf_copeland_a03,qrels,label-derived pairwise preferences from qrels,20,92,0.242105,20,1,False,0,0,0,0,0.0,0.0,0,0,20,ndcg_at_k,0.0,0,1.0,0.666667,1.0,1.0,0.3,1.0,1.0,0.000168,0.000159,3.6e-05,0.000701,3.5e-05,0.001621,0.004925
bright,q_bright_000041,hybrid_rrf_priority_topo_a03,qrels,label-derived pairwise preferences from qrels,20,92,0.242105,20,1,False,0,0,0,0,0.0,0.0,0,0,20,ndcg_at_k,0.0,0,-0.031579,0.666667,1.0,1.0,0.3,1.0,1.0,0.000168,0.000159,3.6e-05,0.000701,9.6e-05,0.001621,0.004925
bright,q_bright_000091,score_sum,qrels,label-derived pairwise preferences from qrels,20,112,0.294737,20,1,False,0,0,0,0,0.0,0.0,0,0,20,ndcg_at_k,0.0,0,1.0,0.745455,1.0,1.0,0.4,1.0,1.0,0.000196,0.000179,3.3e-05,0.000882,3.8e-05,0.00155,0.004799
bright,q_bright_000091,borda,qrels,label-derived pairwise preferences from qrels,20,112,0.294737,20,1,False,0,0,0,0,0.0,0.0,0,0,20,ndcg_at_k,0.0,0,1.0,0.745455,1.0,1.0,0.4,1.0,1.0,0.000196,0.000179,3.3e-05,0.000882,2e-05,0.00155,0.004799
bright,q_bright_000091,pagerank,qrels,label-derived pairwise preferences from qrels,20,112,0.294737,20,1,False,0,0,0,0,0.0,0.0,0,0,20,ndcg_at_k,0.0,0,0.578947,0.672727,1.0,1.0,0.4,1.0,1.0,0.000196,0.000179,3.3e-05,0.000882,0.001409,0.00155,0.004799
bright,q_bright_000091,greedy_fas_topological,qrels,label-derived pairwise preferences from qrels,20,112,0.294737,20,1,False,0,0,0,0,0.0,0.0,0,0,20,ndcg_at_k,0.0,0,0.578947,0.672727,1.0,1.0,0.4,1.0,1.0,0.000196,0.000179,3.3e-05,0.000882,6.7e-05,0.00155,0.004799
bright,q_bright_000091,greedy_fas_weighted_balance,qrels,label-derived pairwise preferences from qrels,20,112,0.294737,20,1,False,0,0,0,0,0.0,0.0,0,0,20,ndcg_at_k,0.0,0,1.0,0.745455,1.0,1.0,0.4,1.0,1.0,0.000196,0.000179,3.3e-05,0.000882,5.3e-05,0.00155,0.004799
bright,q_bright_000091,greedy_fas_copeland,qrels,label-derived pairwise preferences from qrels,20,112,0.294737,20,1,False,0,0,0,0,0.0,0.0,0,0,20,ndcg_at_k,0.0,0,1.0,0.745455,1.0,1.0,0.4,1.0,1.0,0.000196,0.000179,3.3e-05,0.000882,2.9e-05,0.00155,0.004799
bright,q_bright_000091,greedy_fas_score_augmented_topological,qrels,label-derived pairwise preferences from qrels,20,112,0.294737,20,1,False,0,0,0,0,0.0,0.0,0,0,20,ndcg_at_k,0.0,0,0.178947,0.709091,1.0,1.0,0.4,1.0,1.0,0.000196,0.000179,3.3e-05,0.000882,5.2e-05,0.00155,0.004799
bright,q_bright_000091,fas_balance_score_prior_alpha_beta,qrels,label-derived pairwise preferences from qrels,20,112,0.294737,20,1,False,0,0,0,0,0.0,0.0,0,0,20,ndcg_at_k,0.0,0,1.0,0.745455,1.0,1.0,0.4,1.0,1.0,0.000196,0.000179,3.3e-05,0.000882,6.8e-05,0.00155,0.004799
bright,q_bright_000091,hybrid_rrf_fas_regularized,qrels,label-derived pairwise preferences from qrels,20,112,0.294737,20,1,False,0,0,0,0,0.0,0.0,0,0,20,ndcg_at_k,0.0,0,1.0,0.745455,1.0,1.0,0.4,1.0,1.0,0.000196,0.000179,3.3e-05,0.000882,5.3e-05,0.00155,0.004799
bright,q_bright_000091,hybrid_rrf_balance_a05,qrels,label-derived pairwise preferences from qrels,20,112,0.294737,20,1,False,0,0,0,0,0.0,0.0,0,0,20,ndcg_at_k,0.0,0,1.0,0.745455,1.0,1.0,0.4,1.0,1.0,0.000196,0.000179,3.3e-05,0.000882,4.8e-05,0.00155,0.004799
bright,q_bright_000091,hybrid_rrf_copeland_a03,qrels,label-derived pairwise preferences from qrels,20,112,0.294737,20,1,False,0,0,0,0,0.0,0.0,0,0,20,ndcg_at_k,0.0,0,1.0,0.745455,1.0,1.0,0.4,1.0,1.0,0.000196,0.000179,3.3e-05,0.000882,3.1e-05,0.00155,0.004799
bright,q_bright_000091,hybrid_rrf_priority_topo_a03,qrels,label-derived pairwise preferences from qrels,20,112,0.294737,20,1,False,0,0,0,0,0.0,0.0,0,0,20,ndcg_at_k,0.0,0,0.178947,0.709091,1.0,1.0,0.4,1.0,1.0,0.000196,0.000179,3.3e-05,0.000882,9.1e-05,0.00155,0.004799
bright,q_bright_000009,score_sum,qrels,label-derived pairwise preferences from qrels,20,101,0.265789,20,1,False,0,0,0,0,0.0,0.0,0,0,20,ndcg_at_k,0.0,0,1.0,0.757576,1.0,1.0,0.35,1.0,1.0,0.000164,0.00018,3.2e-05,0.000944,3.6e-05,0.00161,0.005731
bright,q_bright_000009,borda,qrels,label-derived pairwise preferences from qrels,20,101,0.265789,20,1,False,0,0,0,0,0.0,0.0,0,0,20,ndcg_at_k,0.0,0,1.0,0.757576,1.0,1.0,0.35,1.0,1.0,0.000164,0.00018,3.2e-05,0.000944,2e-05,0.00161,0.005731
bright,q_bright_000009,pagerank,qrels,label-derived pairwise preferences from qrels,20,101,0.265789,20,1,False,0,0,0,0,0.0,0.0,0,0,20,ndcg_at_k,0.0,0,0.526316,0.69697,1.0,1.0,0.35,1.0,1.0,0.000164,0.00018,3.2e-05,0.000944,0.002207,0.00161,0.005731
bright,q_bright_000009,greedy_fas_topological,qrels,label-derived pairwise preferences from qrels,20,101,0.265789,20,1,False,0,0,0,0,0.0,0.0,0,0,20,ndcg_at_k,0.0,0,0.526316,0.69697,1.0,1.0,0.35,1.0,1.0,0.000164,0.00018,3.2e-05,0.000944,6.6e-05,0.00161,0.005731
bright,q_bright_000009,greedy_fas_weighted_balance,qrels,label-derived pairwise preferences from qrels,20,101,0.265789,20,1,False,0,0,0,0,0.0,0.0,0,0,20,ndcg_at_k,0.0,0,1.0,0.757576,1.0,1.0,0.35,1.0,1.0,0.000164,0.00018,3.2e-05,0.000944,8.1e-05,0.00161,0.005731
bright,q_bright_000009,greedy_fas_copeland,qrels,label-derived pairwise preferences from qrels,20,101,0.265789,20,1,False,0,0,0,0,0.0,0.0,0,0,20,ndcg_at_k,0.0,0,1.0,0.757576,1.0,1.0,0.35,1.0,1.0,0.000164,0.00018,3.2e-05,0.000944,4.9e-05,0.00161,0.005731
bright,q_bright_000009,greedy_fas_score_augmented_topological,qrels,label-derived pairwise preferences from qrels,20,101,0.265789,20,1,False,0,0,0,0,0.0,0.0,0,0,20,ndcg_at_k,0.0,0,0.063158,0.606061,1.0,1.0,0.35,1.0,1.0,0.000164,0.00018,3.2e-05,0.000944,5.5e-05,0.00161,0.005731
bright,q_bright_000009,fas_balance_score_prior_alpha_beta,qrels,label-derived pairwise preferences from qrels,20,101,0.265789,20,1,False,0,0,0,0,0.0,0.0,0,0,20,ndcg_at_k,0.0,0,1.0,0.757576,1.0,1.0,0.35,1.0,1.0,0.000164,0.00018,3.2e-05,0.000944,6.9e-05,0.00161,0.005731
bright,q_bright_000009,hybrid_rrf_fas_regularized,qrels,label-derived pairwise preferences from qrels,20,101,0.265789,20,1,False,0,0,0,0,0.0,0.0,0,0,20,ndcg_at_k,0.0,0,1.0,0.757576,1.0,1.0,0.35,1.0,1.0,0.000164,0.00018,3.2e-05,0.000944,5e-05,0.00161,0.005731
bright,q_bright_000009,hybrid_rrf_balance_a05,qrels,label-derived pairwise preferences from qrels,20,101,0.265789,20,1,False,0,0,0,0,0.0,0.0,0,0,20,ndcg_at_k,0.0,0,1.0,0.757576,1.0,1.0,0.35,1.0,1.0,0.000164,0.00018,3.2e-05,0.000944,4.6e-05,0.00161,0.005731
bright,q_bright_000009,hybrid_rrf_copeland_a03,qrels,label-derived pairwise preferences from qrels,20,101,0.265789,20,1,False,0,0,0,0,0.0,0.0,0,0,20,ndcg_at_k,0.0,0,1.0,0.757576,1.0,1.0,0.35,1.0,1.0,0.000164,0.00018,3.2e-05,0.000944,3.3e-05,0.00161,0.005731
bright,q_bright_000009,hybrid_rrf_priority_topo_a03,qrels,label-derived pairwise preferences from qrels,20,101,0.265789,20,1,False,0,0,0,0,0.0,0.0,0,0,20,ndcg_at_k,0.0,0,0.063158,0.606061,1.0,1.0,0.35,1.0,1.0,0.000164,0.00018,3.2e-05,0.000944,8.9e-05,0.00161,0.005731
bright,q_bright_000065,score_sum,qrels,label-derived pairwise preferences from qrels,20,51,0.134211,20,1,False,0,0,0,0,0.0,0.0,0,0,20,ndcg_at_k,0.0,0,1.0,0.333333,1.0,1.0,0.15,1.0,1.0,0.000135,9.3e-05,2.8e-05,0.00073,4.2e-05,0.001369,0.006012
bright,q_bright_000065,borda,qrels,label-derived pairwise preferences from qrels,20,51,0.134211,20,1,False,0,0,0,0,0.0,0.0,0,0,20,ndcg_at_k,0.0,0,1.0,0.333333,1.0,1.0,0.15,1.0,1.0,0.000135,9.3e-05,2.8e-05,0.00073,3e-05,0.001369,0.006012
bright,q_bright_000065,pagerank,qrels,label-derived pairwise preferences from qrels,20,51,0.134211,20,1,False,0,0,0,0,0.0,0.0,0,0,20,ndcg_at_k,0.0,0,0.042105,0.422222,1.0,1.0,0.15,1.0,1.0,0.000135,9.3e-05,2.8e-05,0.00073,0.003022,0.001369,0.006012
bright,q_bright_000065,greedy_fas_topological,qrels,label-derived pairwise preferences from qrels,20,51,0.134211,20,1,False,0,0,0,0,0.0,0.0,0,0,20,ndcg_at_k,0.0,0,0.042105,0.422222,1.0,1.0,0.15,1.0,1.0,0.000135,9.3e-05,2.8e-05,0.00073,9e-05,0.001369,0.006012
bright,q_bright_000065,greedy_fas_weighted_balance,qrels,label-derived pairwise preferences from qrels,20,51,0.134211,20,1,False,0,0,0,0,0.0,0.0,0,0,20,ndcg_at_k,0.0,0,1.0,0.333333,1.0,1.0,0.15,1.0,1.0,0.000135,9.3e-05,2.8e-05,0.00073,4.7e-05,0.001369,0.006012
bright,q_bright_000065,greedy_fas_copeland,qrels,label-derived pairwise preferences from qrels,20,51,0.134211,20,1,False,0,0,0,0,0.0,0.0,0,0,20,ndcg_at_k,0.0,0,1.0,0.333333,1.0,1.0,0.15,1.0,1.0,0.000135,9.3e-05,2.8e-05,0.00073,3.7e-05,0.001369,0.006012
bright,q_bright_000065,greedy_fas_score_augmented_topological,qrels,label-derived pairwise preferences from qrels,20,51,0.134211,20,1,False,0,0,0,0,0.0,0.0,0,0,20,ndcg_at_k,0.0,0,-0.463158,0.6,1.0,1.0,0.15,1.0,1.0,0.000135,9.3e-05,2.8e-05,0.00073,0.000104,0.001369,0.006012
bright,q_bright_000065,fas_balance_score_prior_alpha_beta,qrels,label-derived pairwise preferences from qrels,20,51,0.134211,20,1,False,0,0,0,0,0.0,0.0,0,0,20,ndcg_at_k,0.0,0,1.0,0.333333,1.0,1.0,0.15,1.0,1.0,0.000135,9.3e-05,2.8e-05,0.00073,7.6e-05,0.001369,0.006012
bright,q_bright_000065,hybrid_rrf_fas_regularized,qrels,label-derived pairwise preferences from qrels,20,51,0.134211,20,1,False,0,0,0,0,0.0,0.0,0,0,20,ndcg_at_k,0.0,0,1.0,0.333333,1.0,1.0,0.15,1.0,1.0,0.000135,9.3e-05,2.8e-05,0.00073,5e-05,0.001369,0.006012
bright,q_bright_000065,hybrid_rrf_balance_a05,qrels,label-derived pairwise preferences from qrels,20,51,0.134211,20,1,False,0,0,0,0,0.0,0.0,0,0,20,ndcg_at_k,0.0,0,1.0,0.333333,1.0,1.0,0.15,1.0,1.0,0.000135,9.3e-05,2.8e-05,0.00073,3.7e-05,0.001369,0.006012
bright,q_bright_000065,hybrid_rrf_copeland_a03,qrels,label-derived pairwise preferences from qrels,20,51,0.134211,20,1,False,0,0,0,0,0.0,0.0,0,0,20,ndcg_at_k,0.0,0,1.0,0.333333,1.0,1.0,0.15,1.0,1.0,0.000135,9.3e-05,2.8e-05,0.00073,3.8e-05,0.001369,0.006012
bright,q_bright_000065,hybrid_rrf_priority_topo_a03,qrels,label-derived pairwise preferences from qrels,20,51,0.134211,20,1,False,0,0,0,0,0.0,0.0,0,0,20,ndcg_at_k,0.0,0,-0.463158,0.6,1.0,1.0,0.15,1.0,1.0,0.000135,9.3e-05,2.8e-05,0.00073,8.4e-05,0.001369,0.006012
bright,q_bright_000050,score_sum,qrels,label-derived pairwise preferences from qrels,20,111,0.292105,20,1,False,0,0,0,0,0.0,0.0,0,0,20,ndcg_at_k,0.0,0,1.0,0.781818,1.0,1.0,0.4,1.0,1.0,0.000184,0.000207,3.6e-05,0.000937,4e-05,0.001624,0.004971
bright,q_bright_000050,borda,qrels,label-derived pairwise preferences from qrels,20,111,0.292105,20,1,False,0,0,0,0,0.0,0.0,0,0,20,ndcg_at_k,0.0,0,1.0,0.781818,1.0,1.0,0.4,1.0,1.0,0.000184,0.000207,3.6e-05,0.000937,2.1e-05,0.001624,0.004971
bright,q_bright_000050,pagerank,qrels,label-derived pairwise preferences from qrels,20,111,0.292105,20,1,False,0,0,0,0,0.0,0.0,0,0,20,ndcg_at_k,0.0,0,0.484211,0.6,1.0,1.0,0.4,1.0,1.0,0.000184,0.000207,3.6e-05,0.000937,0.001408,0.001624,0.004971
bright,q_bright_000050,greedy_fas_topological,qrels,label-derived pairwise preferences from qrels,20,111,0.292105,20,1,False,0,0,0,0,0.0,0.0,0,0,20,ndcg_at_k,0.0,0,0.484211,0.6,1.0,1.0,0.4,1.0,1.0,0.000184,0.000207,3.6e-05,0.000937,7e-05,0.001624,0.004971
bright,q_bright_000050,greedy_fas_weighted_balance,qrels,label-derived pairwise preferences from qrels,20,111,0.292105,20,1,False,0,0,0,0,0.0,0.0,0,0,20,ndcg_at_k,0.0,0,1.0,0.781818,1.0,1.0,0.4,1.0,1.0,0.000184,0.000207,3.6e-05,0.000937,4.7e-05,0.001624,0.004971
bright,q_bright_000050,greedy_fas_copeland,qrels,label-derived pairwise preferences from qrels,20,111,0.292105,20,1,False,0,0,0,0,0.0,0.0,0,0,20,ndcg_at_k,0.0,0,1.0,0.781818,1.0,1.0,0.4,1.0,1.0,0.000184,0.000207,3.6e-05,0.000937,2.7e-05,0.001624,0.004971
bright,q_bright_000050,greedy_fas_score_augmented_topological,qrels,label-derived pairwise preferences from qrels,20,111,0.292105,20,1,False,0,0,0,0,0.0,0.0,0,0,20,ndcg_at_k,0.0,0,0.168421,0.636364,1.0,1.0,0.4,1.0,1.0,0.000184,0.000207,3.6e-05,0.000937,5.4e-05,0.001624,0.004971
bright,q_bright_000050,fas_balance_score_prior_alpha_beta,qrels,label-derived pairwise preferences from qrels,20,111,0.292105,20,1,False,0,0,0,0,0.0,0.0,0,0,20,ndcg_at_k,0.0,0,1.0,0.781818,1.0,1.0,0.4,1.0,1.0,0.000184,0.000207,3.6e-05,0.000937,8.4e-05,0.001624,0.004971
bright,q_bright_000050,hybrid_rrf_fas_regularized,qrels,label-derived pairwise preferences from qrels,20,111,0.292105,20,1,False,0,0,0,0,0.0,0.0,0,0,20,ndcg_at_k,0.0,0,1.0,0.781818,1.0,1.0,0.4,1.0,1.0,0.000184,0.000207,3.6e-05,0.000937,5.5e-05,0.001624,0.004971
bright,q_bright_000050,hybrid_rrf_balance_a05,qrels,label-derived pairwise preferences from qrels,20,111,0.292105,20,1,False,0,0,0,0,0.0,0.0,0,0,20,ndcg_at_k,0.0,0,1.0,0.781818,1.0,1.0,0.4,1.0,1.0,0.000184,0.000207,3.6e-05,0.000937,5e-05,0.001624,0.004971
bright,q_bright_000050,hybrid_rrf_copeland_a03,qrels,label-derived pairwise preferences from qrels,20,111,0.292105,20,1,False,0,0,0,0,0.0,0.0,0,0,20,ndcg_at_k,0.0,0,1.0,0.781818,1.0,1.0,0.4,1.0,1.0,0.000184,0.000207,3.6e-05,0.000937,3.3e-05,0.001624,0.004971
bright,q_bright_000050,hybrid_rrf_priority_topo_a03,qrels,label-derived pairwise preferences from qrels,20,111,0.292105,20,1,False,0,0,0,0,0.0,0.0,0,0,20,ndcg_at_k,0.0,0,0.168421,0.636364,1.0,1.0,0.4,1.0,1.0,0.000184,0.000207,3.6e-05,0.000937,9.4e-05,0.001624,0.004971
bright,q_bright_000001,score_sum,qrels,label-derived pairwise preferences from qrels,20,67,0.176316,20,1,False,0,0,0,0,0.0,0.0,0,0,20,ndcg_at_k,0.0,0,1.0,0.611111,1.0,1.0,0.2,1.0,1.0,0.000124,0.000118,2.9e-05,0.000647,2.8e-05,0.001453,0.004438
bright,q_bright_000001,borda,qrels,label-derived pairwise preferences from qrels,20,67,0.176316,20,1,False,0,0,0,0,0.0,0.0,0,0,20,ndcg_at_k,0.0,0,1.0,0.611111,1.0,1.0,0.2,1.0,1.0,0.000124,0.000118,2.9e-05,0.000647,1.9e-05,0.001453,0.004438
bright,q_bright_000001,pagerank,qrels,label-derived pairwise preferences from qrels,20,67,0.176316,20,1,False,0,0,0,0,0.0,0.0,0,0,20,ndcg_at_k,0.0,0,0.221053,0.611111,1.0,1.0,0.2,1.0,1.0,0.000124,0.000118,2.9e-05,0.000647,0.001575,0.001453,0.004438
bright,q_bright_000001,greedy_fas_topological,qrels,label-derived pairwise preferences from qrels,20,67,0.176316,20,1,False,0,0,0,0,0.0,0.0,0,0,20,ndcg_at_k,0.0,0,0.221053,0.611111,1.0,1.0,0.2,1.0,1.0,0.000124,0.000118,2.9e-05,0.000647,5.9e-05,0.001453,0.004438
bright,q_bright_000001,greedy_fas_weighted_balance,qrels,label-derived pairwise preferences from qrels,20,67,0.176316,20,1,False,0,0,0,0,0.0,0.0,0,0,20,ndcg_at_k,0.0,0,1.0,0.611111,1.0,1.0,0.2,1.0,1.0,0.000124,0.000118,2.9e-05,0.000647,3.6e-05,0.001453,0.004438
bright,q_bright_000001,greedy_fas_copeland,qrels,label-derived pairwise preferences from qrels,20,67,0.176316,20,1,False,0,0,0,0,0.0,0.0,0,0,20,ndcg_at_k,0.0,0,1.0,0.611111,1.0,1.0,0.2,1.0,1.0,0.000124,0.000118,2.9e-05,0.000647,2.9e-05,0.001453,0.004438
bright,q_bright_000001,greedy_fas_score_augmented_topological,qrels,label-derived pairwise preferences from qrels,20,67,0.176316,20,1,False,0,0,0,0,0.0,0.0,0,0,20,ndcg_at_k,0.0,0,-0.294737,0.666667,1.0,1.0,0.2,1.0,1.0,0.000124,0.000118,2.9e-05,0.000647,6e-05,0.001453,0.004438
bright,q_bright_000001,fas_balance_score_prior_alpha_beta,qrels,label-derived pairwise preferences from qrels,20,67,0.176316,20,1,False,0,0,0,0,0.0,0.0,0,0,20,ndcg_at_k,0.0,0,1.0,0.611111,1.0,1.0,0.2,1.0,1.0,0.000124,0.000118,2.9e-05,0.000647,6.2e-05,0.001453,0.004438
bright,q_bright_000001,hybrid_rrf_fas_regularized,qrels,label-derived pairwise preferences from qrels,20,67,0.176316,20,1,False,0,0,0,0,0.0,0.0,0,0,20,ndcg_at_k,0.0,0,1.0,0.611111,1.0,1.0,0.2,1.0,1.0,0.000124,0.000118,2.9e-05,0.000647,4.4e-05,0.001453,0.004438
bright,q_bright_000001,hybrid_rrf_balance_a05,qrels,label-derived pairwise preferences from qrels,20,67,0.176316,20,1,False,0,0,0,0,0.0,0.0,0,0,20,ndcg_at_k,0.0,0,1.0,0.611111,1.0,1.0,0.2,1.0,1.0,0.000124,0.000118,2.9e-05,0.000647,3.9e-05,0.001453,0.004438
bright,q_bright_000001,hybrid_rrf_copeland_a03,qrels,label-derived pairwise preferences from qrels,20,67,0.176316,20,1,False,0,0,0,0,0.0,0.0,0,0,20,ndcg_at_k,0.0,0,1.0,0.611111,1.0,1.0,0.2,1.0,1.0,0.000124,0.000118,2.9e-05,0.000647,3.2e-05,0.001453,0.004438
bright,q_bright_000001,hybrid_rrf_priority_topo_a03,qrels,label-derived pairwise preferences from qrels,20,67,0.176316,20,1,False,0,0,0,0,0.0,0.0,0,0,20,ndcg_at_k,0.0,0,-0.294737,0.666667,1.0,1.0,0.2,1.0,1.0,0.000124,0.000118,2.9e-05,0.000647,8.4e-05,0.001453,0.004438
bright,q_bright_000070,score_sum,qrels,label-derived pairwise preferences from qrels,20,53,0.139474,20,1,False,0,0,0,0,0.0,0.0,0,0,20,ndcg_at_k,0.0,0,1.0,0.644444,1.0,1.0,0.15,1.0,1.0,0.000108,9e-05,3e-05,0.000501,2.6e-05,0.001346,0.003966
bright,q_bright_000070,borda,qrels,label-derived pairwise preferences from qrels,20,53,0.139474,20,1,False,0,0,0,0,0.0,0.0,0,0,20,ndcg_at_k,0.0,0,1.0,0.644444,1.0,1.0,0.15,1.0,1.0,0.000108,9e-05,3e-05,0.000501,1.9e-05,0.001346,0.003966
bright,q_bright_000070,pagerank,qrels,label-derived pairwise preferences from qrels,20,53,0.139474,20,1,False,0,0,0,0,0.0,0.0,0,0,20,ndcg_at_k,0.0,0,0.357895,0.511111,1.0,1.0,0.15,1.0,1.0,0.000108,9e-05,3e-05,0.000501,0.001419,0.001346,0.003966
bright,q_bright_000070,greedy_fas_topological,qrels,label-derived pairwise preferences from qrels,20,53,0.139474,20,1,False,0,0,0,0,0.0,0.0,0,0,20,ndcg_at_k,0.0,0,0.357895,0.511111,1.0,1.0,0.15,1.0,1.0,0.000108,9e-05,3e-05,0.000501,5.9e-05,0.001346,0.003966
bright,q_bright_000070,greedy_fas_weighted_balance,qrels,label-derived pairwise preferences from qrels,20,53,0.139474,20,1,False,0,0,0,0,0.0,0.0,0,0,20,ndcg_at_k,0.0,0,1.0,0.644444,1.0,1.0,0.15,1.0,1.0,0.000108,9e-05,3e-05,0.000501,3.1e-05,0.001346,0.003966
bright,q_bright_000070,greedy_fas_copeland,qrels,label-derived pairwise preferences from qrels,20,53,0.139474,20,1,False,0,0,0,0,0.0,0.0,0,0,20,ndcg_at_k,0.0,0,1.0,0.644444,1.0,1.0,0.15,1.0,1.0,0.000108,9e-05,3e-05,0.000501,2.6e-05,0.001346,0.003966
bright,q_bright_000070,greedy_fas_score_augmented_topological,qrels,label-derived pairwise preferences from qrels,20,53,0.139474,20,1,False,0,0,0,0,0.0,0.0,0,0,20,ndcg_at_k,0.0,0,-0.442105,0.377778,1.0,1.0,0.15,1.0,1.0,0.000108,9e-05,3e-05,0.000501,5.7e-05,0.001346,0.003966
bright,q_bright_000070,fas_balance_score_prior_alpha_beta,qrels,label-derived pairwise preferences from qrels,20,53,0.139474,20,1,False,0,0,0,0,0.0,0.0,0,0,20,ndcg_at_k,0.0,0,1.0,0.644444,1.0,1.0,0.15,1.0,1.0,0.000108,9e-05,3e-05,0.000501,6.1e-05,0.001346,0.003966
bright,q_bright_000070,hybrid_rrf_fas_regularized,qrels,label-derived pairwise preferences from qrels,20,53,0.139474,20,1,False,0,0,0,0,0.0,0.0,0,0,20,ndcg_at_k,0.0,0,1.0,0.644444,1.0,1.0,0.15,1.0,1.0,0.000108,9e-05,3e-05,0.000501,4e-05,0.001346,0.003966
bright,q_bright_000070,hybrid_rrf_balance_a05,qrels,label-derived pairwise preferences from qrels,20,53,0.139474,20,1,False,0,0,0,0,0.0,0.0,0,0,20,ndcg_at_k,0.0,0,1.0,0.644444,1.0,1.0,0.15,1.0,1.0,0.000108,9e-05,3e-05,0.000501,3.6e-05,0.001346,0.003966
bright,q_bright_000070,hybrid_rrf_copeland_a03,qrels,label-derived pairwise preferences from qrels,20,53,0.139474,20,1,False,0,0,0,0,0.0,0.0,0,0,20,ndcg_at_k,0.0,0,1.0,0.644444,1.0,1.0,0.15,1.0,1.0,0.000108,9e-05,3e-05,0.000501,3.3e-05,0.001346,0.003966
bright,q_bright_000070,hybrid_rrf_priority_topo_a03,qrels,label-derived pairwise preferences from qrels,20,53,0.139474,20,1,False,0,0,0,0,0.0,0.0,0,0,20,ndcg_at_k,0.0,0,-0.442105,0.377778,1.0,1.0,0.15,1.0,1.0,0.000108,9e-05,3e-05,0.000501,8.4e-05,0.001346,0.003966
bright,q_bright_000015,score_sum,qrels,label-derived pairwise preferences from qrels,20,92,0.242105,20,1,False,0,0,0,0,0.0,0.0,0,0,20,ndcg_at_k,0.0,0,1.0,0.890909,1.0,1.0,0.3,1.0,1.0,0.000157,0.00019,3.2e-05,0.000645,3.5e-05,0.001495,0.004461
bright,q_bright_000015,borda,qrels,label-derived pairwise preferences from qrels,20,92,0.242105,20,1,False,0,0,0,0,0.0,0.0,0,0,20,ndcg_at_k,0.0,0,1.0,0.890909,1.0,1.0,0.3,1.0,1.0,0.000157,0.00019,3.2e-05,0.000645,1.8e-05,0.001495,0.004461
bright,q_bright_000015,pagerank,qrels,label-derived pairwise preferences from qrels,20,92,0.242105,20,1,False,0,0,0,0,0.0,0.0,0,0,20,ndcg_at_k,0.0,0,0.484211,0.527273,1.0,1.0,0.3,1.0,1.0,0.000157,0.00019,3.2e-05,0.000645,0.001427,0.001495,0.004461
bright,q_bright_000015,greedy_fas_topological,qrels,label-derived pairwise preferences from qrels,20,92,0.242105,20,1,False,0,0,0,0,0.0,0.0,0,0,20,ndcg_at_k,0.0,0,0.484211,0.527273,1.0,1.0,0.3,1.0,1.0,0.000157,0.00019,3.2e-05,0.000645,6.4e-05,0.001495,0.004461
bright,q_bright_000015,greedy_fas_weighted_balance,qrels,label-derived pairwise preferences from qrels,20,92,0.242105,20,1,False,0,0,0,0,0.0,0.0,0,0,20,ndcg_at_k,0.0,0,1.0,0.890909,1.0,1.0,0.3,1.0,1.0,0.000157,0.00019,3.2e-05,0.000645,4.2e-05,0.001495,0.004461
bright,q_bright_000015,greedy_fas_copeland,qrels,label-derived pairwise preferences from qrels,20,92,0.242105,20,1,False,0,0,0,0,0.0,0.0,0,0,20,ndcg_at_k,0.0,0,1.0,0.890909,1.0,1.0,0.3,1.0,1.0,0.000157,0.00019,3.2e-05,0.000645,2.6e-05,0.001495,0.004461
bright,q_bright_000015,greedy_fas_score_augmented_topological,qrels,label-derived pairwise preferences from qrels,20,92,0.242105,20,1,False,0,0,0,0,0.0,0.0,0,0,20,ndcg_at_k,0.0,0,-0.031579,0.490909,1.0,1.0,0.3,1.0,1.0,0.000157,0.00019,3.2e-05,0.000645,5.5e-05,0.001495,0.004461
bright,q_bright_000015,fas_balance_score_prior_alpha_beta,qrels,label-derived pairwise preferences from qrels,20,92,0.242105,20,1,False,0,0,0,0,0.0,0.0,0,0,20,ndcg_at_k,0.0,0,1.0,0.890909,1.0,1.0,0.3,1.0,1.0,0.000157,0.00019,3.2e-05,0.000645,6e-05,0.001495,0.004461
bright,q_bright_000015,hybrid_rrf_fas_regularized,qrels,label-derived pairwise preferences from qrels,20,92,0.242105,20,1,False,0,0,0,0,0.0,0.0,0,0,20,ndcg_at_k,0.0,0,1.0,0.890909,1.0,1.0,0.3,1.0,1.0,0.000157,0.00019,3.2e-05,0.000645,4.9e-05,0.001495,0.004461
bright,q_bright_000015,hybrid_rrf_balance_a05,qrels,label-derived pairwise preferences from qrels,20,92,0.242105,20,1,False,0,0,0,0,0.0,0.0,0,0,20,ndcg_at_k,0.0,0,1.0,0.890909,1.0,1.0,0.3,1.0,1.0,0.000157,0.00019,3.2e-05,0.000645,4.5e-05,0.001495,0.004461
bright,q_bright_000015,hybrid_rrf_copeland_a03,qrels,label-derived pairwise preferences from qrels,20,92,0.242105,20,1,False,0,0,0,0,0.0,0.0,0,0,20,ndcg_at_k,0.0,0,1.0,0.890909,1.0,1.0,0.3,1.0,1.0,0.000157,0.00019,3.2e-05,0.000645,3.2e-05,0.001495,0.004461
bright,q_bright_000015,hybrid_rrf_priority_topo_a03,qrels,label-derived pairwise preferences from qrels,20,92,0.242105,20,1,False,0,0,0,0,0.0,0.0,0,0,20,ndcg_at_k,0.0,0,-0.031579,0.490909,1.0,1.0,0.3,1.0,1.0,0.000157,0.00019,3.2e-05,0.000645,8.9e-05,0.001495,0.004461
bright,q_bright_000078,score_sum,qrels,label-derived pairwise preferences from qrels,20,53,0.139474,20,1,False,0,0,0,0,0.0,0.0,0,0,20,ndcg_at_k,0.0,0,1.0,0.511111,1.0,1.0,0.15,1.0,1.0,0.000109,9.4e-05,2.8e-05,0.000443,2.7e-05,0.001345,0.003976
bright,q_bright_000078,borda,qrels,label-derived pairwise preferences from qrels,20,53,0.139474,20,1,False,0,0,0,0,0.0,0.0,0,0,20,ndcg_at_k,0.0,0,1.0,0.511111,1.0,1.0,0.15,1.0,1.0,0.000109,9.4e-05,2.8e-05,0.000443,1.9e-05,0.001345,0.003976
bright,q_bright_000078,pagerank,qrels,label-derived pairwise preferences from qrels,20,53,0.139474,20,1,False,0,0,0,0,0.0,0.0,0,0,20,ndcg_at_k,0.0,0,0.378947,0.511111,1.0,1.0,0.15,1.0,1.0,0.000109,9.4e-05,2.8e-05,0.000443,0.001485,0.001345,0.003976
bright,q_bright_000078,greedy_fas_topological,qrels,label-derived pairwise preferences from qrels,20,53,0.139474,20,1,False,0,0,0,0,0.0,0.0,0,0,20,ndcg_at_k,0.0,0,0.378947,0.511111,1.0,1.0,0.15,1.0,1.0,0.000109,9.4e-05,2.8e-05,0.000443,5.5e-05,0.001345,0.003976
bright,q_bright_000078,greedy_fas_weighted_balance,qrels,label-derived pairwise preferences from qrels,20,53,0.139474,20,1,False,0,0,0,0,0.0,0.0,0,0,20,ndcg_at_k,0.0,0,1.0,0.511111,1.0,1.0,0.15,1.0,1.0,0.000109,9.4e-05,2.8e-05,0.000443,3.2e-05,0.001345,0.003976
bright,q_bright_000078,greedy_fas_copeland,qrels,label-derived pairwise preferences from qrels,20,53,0.139474,20,1,False,0,0,0,0,0.0,0.0,0,0,20,ndcg_at_k,0.0,0,1.0,0.511111,1.0,1.0,0.15,1.0,1.0,0.000109,9.4e-05,2.8e-05,0.000443,2.7e-05,0.001345,0.003976
bright,q_bright_000078,greedy_fas_score_augmented_topological,qrels,label-derived pairwise preferences from qrels,20,53,0.139474,20,1,False,0,0,0,0,0.0,0.0,0,0,20,ndcg_at_k,0.0,0,-0.442105,0.511111,1.0,1.0,0.15,1.0,1.0,0.000109,9.4e-05,2.8e-05,0.000443,5.7e-05,0.001345,0.003976
bright,q_bright_000078,fas_balance_score_prior_alpha_beta,qrels,label-derived pairwise preferences from qrels,20,53,0.139474,20,1,False,0,0,0,0,0.0,0.0,0,0,20,ndcg_at_k,0.0,0,1.0,0.511111,1.0,1.0,0.15,1.0,1.0,0.000109,9.4e-05,2.8e-05,0.000443,4.8e-05,0.001345,0.003976
bright,q_bright_000078,hybrid_rrf_fas_regularized,qrels,label-derived pairwise preferences from qrels,20,53,0.139474,20,1,False,0,0,0,0,0.0,0.0,0,0,20,ndcg_at_k,0.0,0,1.0,0.511111,1.0,1.0,0.15,1.0,1.0,0.000109,9.4e-05,2.8e-05,0.000443,4e-05,0.001345,0.003976
bright,q_bright_000078,hybrid_rrf_balance_a05,qrels,label-derived pairwise preferences from qrels,20,53,0.139474,20,1,False,0,0,0,0,0.0,0.0,0,0,20,ndcg_at_k,0.0,0,1.0,0.511111,1.0,1.0,0.15,1.0,1.0,0.000109,9.4e-05,2.8e-05,0.000443,5.1e-05,0.001345,0.003976
bright,q_bright_000078,hybrid_rrf_copeland_a03,qrels,label-derived pairwise preferences from qrels,20,53,0.139474,20,1,False,0,0,0,0,0.0,0.0,0,0,20,ndcg_at_k,0.0,0,1.0,0.511111,1.0,1.0,0.15,1.0,1.0,0.000109,9.4e-05,2.8e-05,0.000443,3.3e-05,0.001345,0.003976
bright,q_bright_000078,hybrid_rrf_priority_topo_a03,qrels,label-derived pairwise preferences from qrels,20,53,0.139474,20,1,False,0,0,0,0,0.0,0.0,0,0,20,ndcg_at_k,0.0,0,-0.442105,0.511111,1.0,1.0,0.15,1.0,1.0,0.000109,9.4e-05,2.8e-05,0.000443,8.3e-05,0.001345,0.003976
bright,q_bright_000073,score_sum,qrels,label-derived pairwise preferences from qrels,20,68,0.178947,20,1,False,0,0,0,0,0.0,0.0,0,0,20,ndcg_at_k,0.0,0,1.0,0.672727,1.0,1.0,0.2,1.0,1.0,0.000158,0.000102,3.1e-05,0.000533,3e-05,0.001437,0.004084
bright,q_bright_000073,borda,qrels,label-derived pairwise preferences from qrels,20,68,0.178947,20,1,False,0,0,0,0,0.0,0.0,0,0,20,ndcg_at_k,0.0,0,1.0,0.672727,1.0,1.0,0.2,1.0,1.0,0.000158,0.000102,3.1e-05,0.000533,1.9e-05,0.001437,0.004084
bright,q_bright_000073,pagerank,qrels,label-derived pairwise preferences from qrels,20,68,0.178947,20,1,False,0,0,0,0,0.0,0.0,0,0,20,ndcg_at_k,0.0,0,0.452632,0.527273,1.0,1.0,0.2,1.0,1.0,0.000158,0.000102,3.1e-05,0.000533,0.00133,0.001437,0.004084
bright,q_bright_000073,greedy_fas_topological,qrels,label-derived pairwise preferences from qrels,20,68,0.178947,20,1,False,0,0,0,0,0.0,0.0,0,0,20,ndcg_at_k,0.0,0,0.452632,0.527273,1.0,1.0,0.2,1.0,1.0,0.000158,0.000102,3.1e-05,0.000533,5.9e-05,0.001437,0.004084
bright,q_bright_000073,greedy_fas_weighted_balance,qrels,label-derived pairwise preferences from qrels,20,68,0.178947,20,1,False,0,0,0,0,0.0,0.0,0,0,20,ndcg_at_k,0.0,0,1.0,0.672727,1.0,1.0,0.2,1.0,1.0,0.000158,0.000102,3.1e-05,0.000533,3.7e-05,0.001437,0.004084
bright,q_bright_000073,greedy_fas_copeland,qrels,label-derived pairwise preferences from qrels,20,68,0.178947,20,1,False,0,0,0,0,0.0,0.0,0,0,20,ndcg_at_k,0.0,0,1.0,0.672727,1.0,1.0,0.2,1.0,1.0,0.000158,0.000102,3.1e-05,0.000533,2.7e-05,0.001437,0.004084
bright,q_bright_000073,greedy_fas_score_augmented_topological,qrels,label-derived pairwise preferences from qrels,20,68,0.178947,20,1,False,0,0,0,0,0.0,0.0,0,0,20,ndcg_at_k,0.0,0,-0.284211,0.490909,1.0,1.0,0.2,1.0,1.0,0.000158,0.000102,3.1e-05,0.000533,5.7e-05,0.001437,0.004084
bright,q_bright_000073,fas_balance_score_prior_alpha_beta,qrels,label-derived pairwise preferences from qrels,20,68,0.178947,20,1,False,0,0,0,0,0.0,0.0,0,0,20,ndcg_at_k,0.0,0,1.0,0.672727,1.0,1.0,0.2,1.0,1.0,0.000158,0.000102,3.1e-05,0.000533,5.3e-05,0.001437,0.004084
bright,q_bright_000073,hybrid_rrf_fas_regularized,qrels,label-derived pairwise preferences from qrels,20,68,0.178947,20,1,False,0,0,0,0,0.0,0.0,0,0,20,ndcg_at_k,0.0,0,1.0,0.672727,1.0,1.0,0.2,1.0,1.0,0.000158,0.000102,3.1e-05,0.000533,4.5e-05,0.001437,0.004084
bright,q_bright_000073,hybrid_rrf_balance_a05,qrels,label-derived pairwise preferences from qrels,20,68,0.178947,20,1,False,0,0,0,0,0.0,0.0,0,0,20,ndcg_at_k,0.0,0,1.0,0.672727,1.0,1.0,0.2,1.0,1.0,0.000158,0.000102,3.1e-05,0.000533,4e-05,0.001437,0.004084
bright,q_bright_000073,hybrid_rrf_copeland_a03,qrels,label-derived pairwise preferences from qrels,20,68,0.178947,20,1,False,0,0,0,0,0.0,0.0,0,0,20,ndcg_at_k,0.0,0,1.0,0.672727,1.0,1.0,0.2,1.0,1.0,0.000158,0.000102,3.1e-05,0.000533,3.3e-05,0.001437,0.004084
bright,q_bright_000073,hybrid_rrf_priority_topo_a03,qrels,label-derived pairwise preferences from qrels,20,68,0.178947,20,1,False,0,0,0,0,0.0,0.0,0,0,20,ndcg_at_k,0.0,0,-0.284211,0.490909,1.0,1.0,0.2,1.0,1.0,0.000158,0.000102,3.1e-05,0.000533,9.3e-05,0.001437,0.004084
bright,q_bright_000010,score_sum,qrels,label-derived pairwise preferences from qrels,20,111,0.292105,20,1,False,0,0,0,0,0.0,0.0,0,0,20,ndcg_at_k,0.0,0,1.0,0.818182,1.0,1.0,0.4,1.0,1.0,0.000178,0.00095,4.7e-05,0.000811,5.3e-05,0.001625,0.00559
bright,q_bright_000010,borda,qrels,label-derived pairwise preferences from qrels,20,111,0.292105,20,1,False,0,0,0,0,0.0,0.0,0,0,20,ndcg_at_k,0.0,0,1.0,0.818182,1.0,1.0,0.4,1.0,1.0,0.000178,0.00095,4.7e-05,0.000811,1.8e-05,0.001625,0.00559
bright,q_bright_000010,pagerank,qrels,label-derived pairwise preferences from qrels,20,111,0.292105,20,1,False,0,0,0,0,0.0,0.0,0,0,20,ndcg_at_k,0.0,0,0.578947,0.527273,1.0,1.0,0.4,1.0,1.0,0.000178,0.00095,4.7e-05,0.000811,0.001406,0.001625,0.00559
bright,q_bright_000010,greedy_fas_topological,qrels,label-derived pairwise preferences from qrels,20,111,0.292105,20,1,False,0,0,0,0,0.0,0.0,0,0,20,ndcg_at_k,0.0,0,0.578947,0.527273,1.0,1.0,0.4,1.0,1.0,0.000178,0.00095,4.7e-05,0.000811,6.6e-05,0.001625,0.00559
bright,q_bright_000010,greedy_fas_weighted_balance,qrels,label-derived pairwise preferences from qrels,20,111,0.292105,20,1,False,0,0,0,0,0.0,0.0,0,0,20,ndcg_at_k,0.0,0,1.0,0.818182,1.0,1.0,0.4,1.0,1.0,0.000178,0.00095,4.7e-05,0.000811,4.9e-05,0.001625,0.00559
bright,q_bright_000010,greedy_fas_copeland,qrels,label-derived pairwise preferences from qrels,20,111,0.292105,20,1,False,0,0,0,0,0.0,0.0,0,0,20,ndcg_at_k,0.0,0,1.0,0.818182,1.0,1.0,0.4,1.0,1.0,0.000178,0.00095,4.7e-05,0.000811,2.7e-05,0.001625,0.00559
bright,q_bright_000010,greedy_fas_score_augmented_topological,qrels,label-derived pairwise preferences from qrels,20,111,0.292105,20,1,False,0,0,0,0,0.0,0.0,0,0,20,ndcg_at_k,0.0,0,0.168421,0.6,1.0,1.0,0.4,1.0,1.0,0.000178,0.00095,4.7e-05,0.000811,5.3e-05,0.001625,0.00559
bright,q_bright_000010,fas_balance_score_prior_alpha_beta,qrels,label-derived pairwise preferences from qrels,20,111,0.292105,20,1,False,0,0,0,0,0.0,0.0,0,0,20,ndcg_at_k,0.0,0,1.0,0.818182,1.0,1.0,0.4,1.0,1.0,0.000178,0.00095,4.7e-05,0.000811,6.3e-05,0.001625,0.00559
bright,q_bright_000010,hybrid_rrf_fas_regularized,qrels,label-derived pairwise preferences from qrels,20,111,0.292105,20,1,False,0,0,0,0,0.0,0.0,0,0,20,ndcg_at_k,0.0,0,1.0,0.818182,1.0,1.0,0.4,1.0,1.0,0.000178,0.00095,4.7e-05,0.000811,5.4e-05,0.001625,0.00559
bright,q_bright_000010,hybrid_rrf_balance_a05,qrels,label-derived pairwise preferences from qrels,20,111,0.292105,20,1,False,0,0,0,0,0.0,0.0,0,0,20,ndcg_at_k,0.0,0,1.0,0.818182,1.0,1.0,0.4,1.0,1.0,0.000178,0.00095,4.7e-05,0.000811,4.8e-05,0.001625,0.00559
bright,q_bright_000010,hybrid_rrf_copeland_a03,qrels,label-derived pairwise preferences from qrels,20,111,0.292105,20,1,False,0,0,0,0,0.0,0.0,0,0,20,ndcg_at_k,0.0,0,1.0,0.818182,1.0,1.0,0.4,1.0,1.0,0.000178,0.00095,4.7e-05,0.000811,3.2e-05,0.001625,0.00559
bright,q_bright_000010,hybrid_rrf_priority_topo_a03,qrels,label-derived pairwise preferences from qrels,20,111,0.292105,20,1,False,0,0,0,0,0.0,0.0,0,0,20,ndcg_at_k,0.0,0,0.168421,0.6,1.0,1.0,0.4,1.0,1.0,0.000178,0.00095,4.7e-05,0.000811,0.00011,0.001625,0.00559
bright,q_bright_000055,score_sum,qrels,label-derived pairwise preferences from qrels,20,111,0.292105,20,1,False,0,0,0,0,0.0,0.0,0,0,20,ndcg_at_k,0.0,0,1.0,0.672727,1.0,1.0,0.4,1.0,1.0,0.000188,0.000207,3.4e-05,0.000804,3.8e-05,0.001589,0.004786
bright,q_bright_000055,borda,qrels,label-derived pairwise preferences from qrels,20,111,0.292105,20,1,False,0,0,0,0,0.0,0.0,0,0,20,ndcg_at_k,0.0,0,1.0,0.672727,1.0,1.0,0.4,1.0,1.0,0.000188,0.000207,3.4e-05,0.000804,1.9e-05,0.001589,0.004786
bright,q_bright_000055,pagerank,qrels,label-derived pairwise preferences from qrels,20,111,0.292105,20,1,False,0,0,0,0,0.0,0.0,0,0,20,ndcg_at_k,0.0,0,0.494737,0.709091,1.0,1.0,0.4,1.0,1.0,0.000188,0.000207,3.4e-05,0.000804,0.001405,0.001589,0.004786
bright,q_bright_000055,greedy_fas_topological,qrels,label-derived pairwise preferences from qrels,20,111,0.292105,20,1,False,0,0,0,0,0.0,0.0,0,0,20,ndcg_at_k,0.0,0,0.494737,0.709091,1.0,1.0,0.4,1.0,1.0,0.000188,0.000207,3.4e-05,0.000804,8.4e-05,0.001589,0.004786
bright,q_bright_000055,greedy_fas_weighted_balance,qrels,label-derived pairwise preferences from qrels,20,111,0.292105,20,1,False,0,0,0,0,0.0,0.0,0,0,20,ndcg_at_k,0.0,0,1.0,0.672727,1.0,1.0,0.4,1.0,1.0,0.000188,0.000207,3.4e-05,0.000804,4.5e-05,0.001589,0.004786
bright,q_bright_000055,greedy_fas_copeland,qrels,label-derived pairwise preferences from qrels,20,111,0.292105,20,1,False,0,0,0,0,0.0,0.0,0,0,20,ndcg_at_k,0.0,0,1.0,0.672727,1.0,1.0,0.4,1.0,1.0,0.000188,0.000207,3.4e-05,0.000804,2.8e-05,0.001589,0.004786
bright,q_bright_000055,greedy_fas_score_augmented_topological,qrels,label-derived pairwise preferences from qrels,20,111,0.292105,20,1,False,0,0,0,0,0.0,0.0,0,0,20,ndcg_at_k,0.0,0,0.168421,0.745455,1.0,1.0,0.4,1.0,1.0,0.000188,0.000207,3.4e-05,0.000804,5.4e-05,0.001589,0.004786
bright,q_bright_000055,fas_balance_score_prior_alpha_beta,qrels,label-derived pairwise preferences from qrels,20,111,0.292105,20,1,False,0,0,0,0,0.0,0.0,0,0,20,ndcg_at_k,0.0,0,1.0,0.672727,1.0,1.0,0.4,1.0,1.0,0.000188,0.000207,3.4e-05,0.000804,6.3e-05,0.001589,0.004786
bright,q_bright_000055,hybrid_rrf_fas_regularized,qrels,label-derived pairwise preferences from qrels,20,111,0.292105,20,1,False,0,0,0,0,0.0,0.0,0,0,20,ndcg_at_k,0.0,0,1.0,0.672727,1.0,1.0,0.4,1.0,1.0,0.000188,0.000207,3.4e-05,0.000804,5.3e-05,0.001589,0.004786
bright,q_bright_000055,hybrid_rrf_balance_a05,qrels,label-derived pairwise preferences from qrels,20,111,0.292105,20,1,False,0,0,0,0,0.0,0.0,0,0,20,ndcg_at_k,0.0,0,1.0,0.672727,1.0,1.0,0.4,1.0,1.0,0.000188,0.000207,3.4e-05,0.000804,4.9e-05,0.001589,0.004786
bright,q_bright_000055,hybrid_rrf_copeland_a03,qrels,label-derived pairwise preferences from qrels,20,111,0.292105,20,1,False,0,0,0,0,0.0,0.0,0,0,20,ndcg_at_k,0.0,0,1.0,0.672727,1.0,1.0,0.4,1.0,1.0,0.000188,0.000207,3.4e-05,0.000804,3.4e-05,0.001589,0.004786
bright,q_bright_000055,hybrid_rrf_priority_topo_a03,qrels,label-derived pairwise preferences from qrels,20,111,0.292105,20,1,False,0,0,0,0,0.0,0.0,0,0,20,ndcg_at_k,0.0,0,0.168421,0.745455,1.0,1.0,0.4,1.0,1.0,0.000188,0.000207,3.4e-05,0.000804,9.2e-05,0.001589,0.004786
bright,q_bright_000056,score_sum,qrels,label-derived pairwise preferences from qrels,20,81,0.213158,20,1,False,0,0,0,0,0.0,0.0,0,0,20,ndcg_at_k,0.0,0,1.0,0.6,1.0,1.0,0.25,1.0,1.0,0.000138,0.000118,3.1e-05,0.00071,3.3e-05,0.001481,0.004307
bright,q_bright_000056,borda,qrels,label-derived pairwise preferences from qrels,20,81,0.213158,20,1,False,0,0,0,0,0.0,0.0,0,0,20,ndcg_at_k,0.0,0,1.0,0.6,1.0,1.0,0.25,1.0,1.0,0.000138,0.000118,3.1e-05,0.00071,1.8e-05,0.001481,0.004307
bright,q_bright_000056,pagerank,qrels,label-derived pairwise preferences from qrels,20,81,0.213158,20,1,False,0,0,0,0,0.0,0.0,0,0,20,ndcg_at_k,0.0,0,0.347368,0.6,1.0,1.0,0.25,1.0,1.0,0.000138,0.000118,3.1e-05,0.00071,0.001328,0.001481,0.004307
bright,q_bright_000056,greedy_fas_topological,qrels,label-derived pairwise preferences from qrels,20,81,0.213158,20,1,False,0,0,0,0,0.0,0.0,0,0,20,ndcg_at_k,0.0,0,0.347368,0.6,1.0,1.0,0.25,1.0,1.0,0.000138,0.000118,3.1e-05,0.00071,6e-05,0.001481,0.004307
bright,q_bright_000056,greedy_fas_weighted_balance,qrels,label-derived pairwise preferences from qrels,20,81,0.213158,20,1,False,0,0,0,0,0.0,0.0,0,0,20,ndcg_at_k,0.0,0,1.0,0.6,1.0,1.0,0.25,1.0,1.0,0.000138,0.000118,3.1e-05,0.00071,3.9e-05,0.001481,0.004307
bright,q_bright_000056,greedy_fas_copeland,qrels,label-derived pairwise preferences from qrels,20,81,0.213158,20,1,False,0,0,0,0,0.0,0.0,0,0,20,ndcg_at_k,0.0,0,1.0,0.6,1.0,1.0,0.25,1.0,1.0,0.000138,0.000118,3.1e-05,0.00071,2.6e-05,0.001481,0.004307
bright,q_bright_000056,greedy_fas_score_augmented_topological,qrels,label-derived pairwise preferences from qrels,20,81,0.213158,20,1,False,0,0,0,0,0.0,0.0,0,0,20,ndcg_at_k,0.0,0,-0.147368,0.777778,1.0,1.0,0.25,1.0,1.0,0.000138,0.000118,3.1e-05,0.00071,6e-05,0.001481,0.004307
bright,q_bright_000056,fas_balance_score_prior_alpha_beta,qrels,label-derived pairwise preferences from qrels,20,81,0.213158,20,1,False,0,0,0,0,0.0,0.0,0,0,20,ndcg_at_k,0.0,0,1.0,0.6,1.0,1.0,0.25,1.0,1.0,0.000138,0.000118,3.1e-05,0.00071,5.5e-05,0.001481,0.004307
bright,q_bright_000056,hybrid_rrf_fas_regularized,qrels,label-derived pairwise preferences from qrels,20,81,0.213158,20,1,False,0,0,0,0,0.0,0.0,0,0,20,ndcg_at_k,0.0,0,1.0,0.6,1.0,1.0,0.25,1.0,1.0,0.000138,0.000118,3.1e-05,0.00071,4.7e-05,0.001481,0.004307
bright,q_bright_000056,hybrid_rrf_balance_a05,qrels,label-derived pairwise preferences from qrels,20,81,0.213158,20,1,False,0,0,0,0,0.0,0.0,0,0,20,ndcg_at_k,0.0,0,1.0,0.6,1.0,1.0,0.25,1.0,1.0,0.000138,0.000118,3.1e-05,0.00071,4.2e-05,0.001481,0.004307
bright,q_bright_000056,hybrid_rrf_copeland_a03,qrels,label-derived pairwise preferences from qrels,20,81,0.213158,20,1,False,0,0,0,0,0.0,0.0,0,0,20,ndcg_at_k,0.0,0,1.0,0.6,1.0,1.0,0.25,1.0,1.0,0.000138,0.000118,3.1e-05,0.00071,3.3e-05,0.001481,0.004307
bright,q_bright_000056,hybrid_rrf_priority_topo_a03,qrels,label-derived pairwise preferences from qrels,20,81,0.213158,20,1,False,0,0,0,0,0.0,0.0,0,0,20,ndcg_at_k,0.0,0,-0.147368,0.777778,1.0,1.0,0.25,1.0,1.0,0.000138,0.000118,3.1e-05,0.00071,8.8e-05,0.001481,0.004307
bright,q_bright_000072,score_sum,qrels,label-derived pairwise preferences from qrels,20,92,0.242105,20,1,False,0,0,0,0,0.0,0.0,0,0,20,ndcg_at_k,0.0,0,1.0,0.777778,1.0,1.0,0.3,1.0,1.0,0.000149,0.000138,3.3e-05,0.000777,3.6e-05,0.001531,0.004672
bright,q_bright_000072,borda,qrels,label-derived pairwise preferences from qrels,20,92,0.242105,20,1,False,0,0,0,0,0.0,0.0,0,0,20,ndcg_at_k,0.0,0,1.0,0.777778,1.0,1.0,0.3,1.0,1.0,0.000149,0.000138,3.3e-05,0.000777,1.8e-05,0.001531,0.004672
bright,q_bright_000072,pagerank,qrels,label-derived pairwise preferences from qrels,20,92,0.242105,20,1,False,0,0,0,0,0.0,0.0,0,0,20,ndcg_at_k,0.0,0,0.452632,0.777778,1.0,1.0,0.3,1.0,1.0,0.000149,0.000138,3.3e-05,0.000777,0.001535,0.001531,0.004672
bright,q_bright_000072,greedy_fas_topological,qrels,label-derived pairwise preferences from qrels,20,92,0.242105,20,1,False,0,0,0,0,0.0,0.0,0,0,20,ndcg_at_k,0.0,0,0.452632,0.777778,1.0,1.0,0.3,1.0,1.0,0.000149,0.000138,3.3e-05,0.000777,6.1e-05,0.001531,0.004672
bright,q_bright_000072,greedy_fas_weighted_balance,qrels,label-derived pairwise preferences from qrels,20,92,0.242105,20,1,False,0,0,0,0,0.0,0.0,0,0,20,ndcg_at_k,0.0,0,1.0,0.777778,1.0,1.0,0.3,1.0,1.0,0.000149,0.000138,3.3e-05,0.000777,4.3e-05,0.001531,0.004672
bright,q_bright_000072,greedy_fas_copeland,qrels,label-derived pairwise preferences from qrels,20,92,0.242105,20,1,False,0,0,0,0,0.0,0.0,0,0,20,ndcg_at_k,0.0,0,1.0,0.777778,1.0,1.0,0.3,1.0,1.0,0.000149,0.000138,3.3e-05,0.000777,2.7e-05,0.001531,0.004672
bright,q_bright_000072,greedy_fas_score_augmented_topological,qrels,label-derived pairwise preferences from qrels,20,92,0.242105,20,1,False,0,0,0,0,0.0,0.0,0,0,20,ndcg_at_k,0.0,0,-0.031579,0.644444,1.0,1.0,0.3,1.0,1.0,0.000149,0.000138,3.3e-05,0.000777,5.4e-05,0.001531,0.004672
bright,q_bright_000072,fas_balance_score_prior_alpha_beta,qrels,label-derived pairwise preferences from qrels,20,92,0.242105,20,1,False,0,0,0,0,0.0,0.0,0,0,20,ndcg_at_k,0.0,0,1.0,0.777778,1.0,1.0,0.3,1.0,1.0,0.000149,0.000138,3.3e-05,0.000777,5.7e-05,0.001531,0.004672
bright,q_bright_000072,hybrid_rrf_fas_regularized,qrels,label-derived pairwise preferences from qrels,20,92,0.242105,20,1,False,0,0,0,0,0.0,0.0,0,0,20,ndcg_at_k,0.0,0,1.0,0.777778,1.0,1.0,0.3,1.0,1.0,0.000149,0.000138,3.3e-05,0.000777,4.8e-05,0.001531,0.004672
bright,q_bright_000072,hybrid_rrf_balance_a05,qrels,label-derived pairwise preferences from qrels,20,92,0.242105,20,1,False,0,0,0,0,0.0,0.0,0,0,20,ndcg_at_k,0.0,0,1.0,0.777778,1.0,1.0,0.3,1.0,1.0,0.000149,0.000138,3.3e-05,0.000777,4.3e-05,0.001531,0.004672
bright,q_bright_000072,hybrid_rrf_copeland_a03,qrels,label-derived pairwise preferences from qrels,20,92,0.242105,20,1,False,0,0,0,0,0.0,0.0,0,0,20,ndcg_at_k,0.0,0,1.0,0.777778,1.0,1.0,0.3,1.0,1.0,0.000149,0.000138,3.3e-05,0.000777,3.2e-05,0.001531,0.004672
bright,q_bright_000072,hybrid_rrf_priority_topo_a03,qrels,label-derived pairwise preferences from qrels,20,92,0.242105,20,1,False,0,0,0,0,0.0,0.0,0,0,20,ndcg_at_k,0.0,0,-0.031579,0.644444,1.0,1.0,0.3,1.0,1.0,0.000149,0.000138,3.3e-05,0.000777,9e-05,0.001531,0.004672
bright,q_bright_000045,score_sum,qrels,label-derived pairwise preferences from qrels,20,103,0.271053,20,1,False,0,0,0,0,0.0,0.0,0,0,20,ndcg_at_k,0.0,0,1.0,0.636364,1.0,1.0,0.35,1.0,1.0,0.000167,0.000173,3.3e-05,0.000778,3.7e-05,0.001593,0.004653
bright,q_bright_000045,borda,qrels,label-derived pairwise preferences from qrels,20,103,0.271053,20,1,False,0,0,0,0,0.0,0.0,0,0,20,ndcg_at_k,0.0,0,1.0,0.636364,1.0,1.0,0.35,1.0,1.0,0.000167,0.000173,3.3e-05,0.000778,1.9e-05,0.001593,0.004653
bright,q_bright_000045,pagerank,qrels,label-derived pairwise preferences from qrels,20,103,0.271053,20,1,False,0,0,0,0,0.0,0.0,0,0,20,ndcg_at_k,0.0,0,0.610526,0.787879,1.0,1.0,0.35,1.0,1.0,0.000167,0.000173,3.3e-05,0.000778,0.001358,0.001593,0.004653
bright,q_bright_000045,greedy_fas_topological,qrels,label-derived pairwise preferences from qrels,20,103,0.271053,20,1,False,0,0,0,0,0.0,0.0,0,0,20,ndcg_at_k,0.0,0,0.610526,0.787879,1.0,1.0,0.35,1.0,1.0,0.000167,0.000173,3.3e-05,0.000778,6.3e-05,0.001593,0.004653
bright,q_bright_000045,greedy_fas_weighted_balance,qrels,label-derived pairwise preferences from qrels,20,103,0.271053,20,1,False,0,0,0,0,0.0,0.0,0,0,20,ndcg_at_k,0.0,0,1.0,0.636364,1.0,1.0,0.35,1.0,1.0,0.000167,0.000173,3.3e-05,0.000778,4.3e-05,0.001593,0.004653
bright,q_bright_000045,greedy_fas_copeland,qrels,label-derived pairwise preferences from qrels,20,103,0.271053,20,1,False,0,0,0,0,0.0,0.0,0,0,20,ndcg_at_k,0.0,0,1.0,0.636364,1.0,1.0,0.35,1.0,1.0,0.000167,0.000173,3.3e-05,0.000778,2.7e-05,0.001593,0.004653
bright,q_bright_000045,greedy_fas_score_augmented_topological,qrels,label-derived pairwise preferences from qrels,20,103,0.271053,20,1,False,0,0,0,0,0.0,0.0,0,0,20,ndcg_at_k,0.0,0,0.084211,0.787879,1.0,1.0,0.35,1.0,1.0,0.000167,0.000173,3.3e-05,0.000778,5.4e-05,0.001593,0.004653
bright,q_bright_000045,fas_balance_score_prior_alpha_beta,qrels,label-derived pairwise preferences from qrels,20,103,0.271053,20,1,False,0,0,0,0,0.0,0.0,0,0,20,ndcg_at_k,0.0,0,1.0,0.636364,1.0,1.0,0.35,1.0,1.0,0.000167,0.000173,3.3e-05,0.000778,6e-05,0.001593,0.004653
bright,q_bright_000045,hybrid_rrf_fas_regularized,qrels,label-derived pairwise preferences from qrels,20,103,0.271053,20,1,False,0,0,0,0,0.0,0.0,0,0,20,ndcg_at_k,0.0,0,1.0,0.636364,1.0,1.0,0.35,1.0,1.0,0.000167,0.000173,3.3e-05,0.000778,5.2e-05,0.001593,0.004653
bright,q_bright_000045,hybrid_rrf_balance_a05,qrels,label-derived pairwise preferences from qrels,20,103,0.271053,20,1,False,0,0,0,0,0.0,0.0,0,0,20,ndcg_at_k,0.0,0,1.0,0.636364,1.0,1.0,0.35,1.0,1.0,0.000167,0.000173,3.3e-05,0.000778,4.6e-05,0.001593,0.004653
bright,q_bright_000045,hybrid_rrf_copeland_a03,qrels,label-derived pairwise preferences from qrels,20,103,0.271053,20,1,False,0,0,0,0,0.0,0.0,0,0,20,ndcg_at_k,0.0,0,1.0,0.636364,1.0,1.0,0.35,1.0,1.0,0.000167,0.000173,3.3e-05,0.000778,3.2e-05,0.001593,0.004653
bright,q_bright_000045,hybrid_rrf_priority_topo_a03,qrels,label-derived pairwise preferences from qrels,20,103,0.271053,20,1,False,0,0,0,0,0.0,0.0,0,0,20,ndcg_at_k,0.0,0,0.084211,0.787879,1.0,1.0,0.35,1.0,1.0,0.000167,0.000173,3.3e-05,0.000778,0.000118,0.001593,0.004653
bright,q_bright_000048,score_sum,qrels,label-derived pairwise preferences from qrels,20,111,0.292105,20,1,False,0,0,0,0,0.0,0.0,0,0,20,ndcg_at_k,0.0,0,1.0,0.769231,1.0,1.0,0.4,1.0,1.0,0.000174,0.000168,3.4e-05,0.000892,3.7e-05,0.001643,0.004859
bright,q_bright_000048,borda,qrels,label-derived pairwise preferences from qrels,20,111,0.292105,20,1,False,0,0,0,0,0.0,0.0,0,0,20,ndcg_at_k,0.0,0,1.0,0.769231,1.0,1.0,0.4,1.0,1.0,0.000174,0.000168,3.4e-05,0.000892,1.9e-05,0.001643,0.004859
bright,q_bright_000048,pagerank,qrels,label-derived pairwise preferences from qrels,20,111,0.292105,20,1,False,0,0,0,0,0.0,0.0,0,0,20,ndcg_at_k,0.0,0,0.452632,0.74359,1.0,1.0,0.4,1.0,1.0,0.000174,0.000168,3.4e-05,0.000892,0.001408,0.001643,0.004859
bright,q_bright_000048,greedy_fas_topological,qrels,label-derived pairwise preferences from qrels,20,111,0.292105,20,1,False,0,0,0,0,0.0,0.0,0,0,20,ndcg_at_k,0.0,0,0.452632,0.74359,1.0,1.0,0.4,1.0,1.0,0.000174,0.000168,3.4e-05,0.000892,6.6e-05,0.001643,0.004859
bright,q_bright_000048,greedy_fas_weighted_balance,qrels,label-derived pairwise preferences from qrels,20,111,0.292105,20,1,False,0,0,0,0,0.0,0.0,0,0,20,ndcg_at_k,0.0,0,1.0,0.769231,1.0,1.0,0.4,1.0,1.0,0.000174,0.000168,3.4e-05,0.000892,4.6e-05,0.001643,0.004859
bright,q_bright_000048,greedy_fas_copeland,qrels,label-derived pairwise preferences from qrels,20,111,0.292105,20,1,False,0,0,0,0,0.0,0.0,0,0,20,ndcg_at_k,0.0,0,1.0,0.769231,1.0,1.0,0.4,1.0,1.0,0.000174,0.000168,3.4e-05,0.000892,2.7e-05,0.001643,0.004859
bright,q_bright_000048,greedy_fas_score_augmented_topological,qrels,label-derived pairwise preferences from qrels,20,111,0.292105,20,1,False,0,0,0,0,0.0,0.0,0,0,20,ndcg_at_k,0.0,0,0.168421,0.641026,1.0,1.0,0.4,1.0,1.0,0.000174,0.000168,3.4e-05,0.000892,5.3e-05,0.001643,0.004859
bright,q_bright_000048,fas_balance_score_prior_alpha_beta,qrels,label-derived pairwise preferences from qrels,20,111,0.292105,20,1,False,0,0,0,0,0.0,0.0,0,0,20,ndcg_at_k,0.0,0,1.0,0.769231,1.0,1.0,0.4,1.0,1.0,0.000174,0.000168,3.4e-05,0.000892,6.4e-05,0.001643,0.004859
bright,q_bright_000048,hybrid_rrf_fas_regularized,qrels,label-derived pairwise preferences from qrels,20,111,0.292105,20,1,False,0,0,0,0,0.0,0.0,0,0,20,ndcg_at_k,0.0,0,1.0,0.769231,1.0,1.0,0.4,1.0,1.0,0.000174,0.000168,3.4e-05,0.000892,5.3e-05,0.001643,0.004859
bright,q_bright_000048,hybrid_rrf_balance_a05,qrels,label-derived pairwise preferences from qrels,20,111,0.292105,20,1,False,0,0,0,0,0.0,0.0,0,0,20,ndcg_at_k,0.0,0,1.0,0.769231,1.0,1.0,0.4,1.0,1.0,0.000174,0.000168,3.4e-05,0.000892,4.8e-05,0.001643,0.004859
bright,q_bright_000048,hybrid_rrf_copeland_a03,qrels,label-derived pairwise preferences from qrels,20,111,0.292105,20,1,False,0,0,0,0,0.0,0.0,0,0,20,ndcg_at_k,0.0,0,1.0,0.769231,1.0,1.0,0.4,1.0,1.0,0.000174,0.000168,3.4e-05,0.000892,3.4e-05,0.001643,0.004859
bright,q_bright_000048,hybrid_rrf_priority_topo_a03,qrels,label-derived pairwise preferences from qrels,20,111,0.292105,20,1,False,0,0,0,0,0.0,0.0,0,0,20,ndcg_at_k,0.0,0,0.168421,0.641026,1.0,1.0,0.4,1.0,1.0,0.000174,0.000168,3.4e-05,0.000892,9.3e-05,0.001643,0.004859
bright,q_bright_000092,score_sum,qrels,label-derived pairwise preferences from qrels,20,68,0.178947,20,1,False,0,0,0,0,0.0,0.0,0,0,20,ndcg_at_k,0.0,0,1.0,0.418182,1.0,1.0,0.2,1.0,1.0,0.000122,0.000103,2.8e-05,0.0006,2.9e-05,0.001387,0.00406
bright,q_bright_000092,borda,qrels,label-derived pairwise preferences from qrels,20,68,0.178947,20,1,False,0,0,0,0,0.0,0.0,0,0,20,ndcg_at_k,0.0,0,1.0,0.418182,1.0,1.0,0.2,1.0,1.0,0.000122,0.000103,2.8e-05,0.0006,1.8e-05,0.001387,0.00406
bright,q_bright_000092,pagerank,qrels,label-derived pairwise preferences from qrels,20,68,0.178947,20,1,False,0,0,0,0,0.0,0.0,0,0,20,ndcg_at_k,0.0,0,0.126316,0.563636,1.0,1.0,0.2,1.0,1.0,0.000122,0.000103,2.8e-05,0.0006,0.00135,0.001387,0.00406
bright,q_bright_000092,greedy_fas_topological,qrels,label-derived pairwise preferences from qrels,20,68,0.178947,20,1,False,0,0,0,0,0.0,0.0,0,0,20,ndcg_at_k,0.0,0,0.126316,0.563636,1.0,1.0,0.2,1.0,1.0,0.000122,0.000103,2.8e-05,0.0006,5.7e-05,0.001387,0.00406
bright,q_bright_000092,greedy_fas_weighted_balance,qrels,label-derived pairwise preferences from qrels,20,68,0.178947,20,1,False,0,0,0,0,0.0,0.0,0,0,20,ndcg_at_k,0.0,0,1.0,0.418182,1.0,1.0,0.2,1.0,1.0,0.000122,0.000103,2.8e-05,0.0006,3.8e-05,0.001387,0.00406
bright,q_bright_000092,greedy_fas_copeland,qrels,label-derived pairwise preferences from qrels,20,68,0.178947,20,1,False,0,0,0,0,0.0,0.0,0,0,20,ndcg_at_k,0.0,0,1.0,0.418182,1.0,1.0,0.2,1.0,1.0,0.000122,0.000103,2.8e-05,0.0006,2.6e-05,0.001387,0.00406
bright,q_bright_000092,greedy_fas_score_augmented_topological,qrels,label-derived pairwise preferences from qrels,20,68,0.178947,20,1,False,0,0,0,0,0.0,0.0,0,0,20,ndcg_at_k,0.0,0,-0.284211,0.745455,1.0,1.0,0.2,1.0,1.0,0.000122,0.000103,2.8e-05,0.0006,5.6e-05,0.001387,0.00406
bright,q_bright_000092,fas_balance_score_prior_alpha_beta,qrels,label-derived pairwise preferences from qrels,20,68,0.178947,20,1,False,0,0,0,0,0.0,0.0,0,0,20,ndcg_at_k,0.0,0,1.0,0.418182,1.0,1.0,0.2,1.0,1.0,0.000122,0.000103,2.8e-05,0.0006,5.2e-05,0.001387,0.00406
bright,q_bright_000092,hybrid_rrf_fas_regularized,qrels,label-derived pairwise preferences from qrels,20,68,0.178947,20,1,False,0,0,0,0,0.0,0.0,0,0,20,ndcg_at_k,0.0,0,1.0,0.418182,1.0,1.0,0.2,1.0,1.0,0.000122,0.000103,2.8e-05,0.0006,4.3e-05,0.001387,0.00406
bright,q_bright_000092,hybrid_rrf_balance_a05,qrels,label-derived pairwise preferences from qrels,20,68,0.178947,20,1,False,0,0,0,0,0.0,0.0,0,0,20,ndcg_at_k,0.0,0,1.0,0.418182,1.0,1.0,0.2,1.0,1.0,0.000122,0.000103,2.8e-05,0.0006,3.7e-05,0.001387,0.00406
bright,q_bright_000092,hybrid_rrf_copeland_a03,qrels,label-derived pairwise preferences from qrels,20,68,0.178947,20,1,False,0,0,0,0,0.0,0.0,0,0,20,ndcg_at_k,0.0,0,1.0,0.418182,1.0,1.0,0.2,1.0,1.0,0.000122,0.000103,2.8e-05,0.0006,3.2e-05,0.001387,0.00406
bright,q_bright_000092,hybrid_rrf_priority_topo_a03,qrels,label-derived pairwise preferences from qrels,20,68,0.178947,20,1,False,0,0,0,0,0.0,0.0,0,0,20,ndcg_at_k,0.0,0,-0.284211,0.745455,1.0,1.0,0.2,1.0,1.0,0.000122,0.000103,2.8e-05,0.0006,8.2e-05,0.001387,0.00406
bright,q_bright_000076,score_sum,qrels,label-derived pairwise preferences from qrels,20,68,0.178947,20,1,False,0,0,0,0,0.0,0.0,0,0,20,ndcg_at_k,0.0,0,1.0,0.777778,1.0,1.0,0.2,1.0,1.0,0.000121,0.000169,2.9e-05,0.000544,2.8e-05,0.00142,0.004042
bright,q_bright_000076,borda,qrels,label-derived pairwise preferences from qrels,20,68,0.178947,20,1,False,0,0,0,0,0.0,0.0,0,0,20,ndcg_at_k,0.0,0,1.0,0.777778,1.0,1.0,0.2,1.0,1.0,0.000121,0.000169,2.9e-05,0.000544,1.9e-05,0.00142,0.004042
bright,q_bright_000076,pagerank,qrels,label-derived pairwise preferences from qrels,20,68,0.178947,20,1,False,0,0,0,0,0.0,0.0,0,0,20,ndcg_at_k,0.0,0,0.368421,0.644444,1.0,1.0,0.2,1.0,1.0,0.000121,0.000169,2.9e-05,0.000544,0.001261,0.00142,0.004042
bright,q_bright_000076,greedy_fas_topological,qrels,label-derived pairwise preferences from qrels,20,68,0.178947,20,1,False,0,0,0,0,0.0,0.0,0,0,20,ndcg_at_k,0.0,0,0.368421,0.644444,1.0,1.0,0.2,1.0,1.0,0.000121,0.000169,2.9e-05,0.000544,5.8e-05,0.00142,0.004042
bright,q_bright_000076,greedy_fas_weighted_balance,qrels,label-derived pairwise preferences from qrels,20,68,0.178947,20,1,False,0,0,0,0,0.0,0.0,0,0,20,ndcg_at_k,0.0,0,1.0,0.777778,1.0,1.0,0.2,1.0,1.0,0.000121,0.000169,2.9e-05,0.000544,3.5e-05,0.00142,0.004042
bright,q_bright_000076,greedy_fas_copeland,qrels,label-derived pairwise preferences from qrels,20,68,0.178947,20,1,False,0,0,0,0,0.0,0.0,0,0,20,ndcg_at_k,0.0,0,1.0,0.777778,1.0,1.0,0.2,1.0,1.0,0.000121,0.000169,2.9e-05,0.000544,2.7e-05,0.00142,0.004042
bright,q_bright_000076,greedy_fas_score_augmented_topological,qrels,label-derived pairwise preferences from qrels,20,68,0.178947,20,1,False,0,0,0,0,0.0,0.0,0,0,20,ndcg_at_k,0.0,0,-0.284211,0.466667,1.0,1.0,0.2,1.0,1.0,0.000121,0.000169,2.9e-05,0.000544,5.7e-05,0.00142,0.004042
bright,q_bright_000076,fas_balance_score_prior_alpha_beta,qrels,label-derived pairwise preferences from qrels,20,68,0.178947,20,1,False,0,0,0,0,0.0,0.0,0,0,20,ndcg_at_k,0.0,0,1.0,0.777778,1.0,1.0,0.2,1.0,1.0,0.000121,0.000169,2.9e-05,0.000544,5.3e-05,0.00142,0.004042
bright,q_bright_000076,hybrid_rrf_fas_regularized,qrels,label-derived pairwise preferences from qrels,20,68,0.178947,20,1,False,0,0,0,0,0.0,0.0,0,0,20,ndcg_at_k,0.0,0,1.0,0.777778,1.0,1.0,0.2,1.0,1.0,0.000121,0.000169,2.9e-05,0.000544,6.1e-05,0.00142,0.004042
bright,q_bright_000076,hybrid_rrf_balance_a05,qrels,label-derived pairwise preferences from qrels,20,68,0.178947,20,1,False,0,0,0,0,0.0,0.0,0,0,20,ndcg_at_k,0.0,0,1.0,0.777778,1.0,1.0,0.2,1.0,1.0,0.000121,0.000169,2.9e-05,0.000544,4.2e-05,0.00142,0.004042
bright,q_bright_000076,hybrid_rrf_copeland_a03,qrels,label-derived pairwise preferences from qrels,20,68,0.178947,20,1,False,0,0,0,0,0.0,0.0,0,0,20,ndcg_at_k,0.0,0,1.0,0.777778,1.0,1.0,0.2,1.0,1.0,0.000121,0.000169,2.9e-05,0.000544,3.3e-05,0.00142,0.004042
bright,q_bright_000076,hybrid_rrf_priority_topo_a03,qrels,label-derived pairwise preferences from qrels,20,68,0.178947,20,1,False,0,0,0,0,0.0,0.0,0,0,20,ndcg_at_k,0.0,0,-0.284211,0.466667,1.0,1.0,0.2,1.0,1.0,0.000121,0.000169,2.9e-05,0.000544,8.5e-05,0.00142,0.004042
bright,q_bright_000037,score_sum,qrels,label-derived pairwise preferences from qrels,20,89,0.234211,20,1,False,0,0,0,0,0.0,0.0,0,0,20,ndcg_at_k,0.0,0,1.0,0.6,1.0,1.0,0.3,1.0,1.0,0.000167,0.000147,3.1e-05,0.000795,3.4e-05,0.001509,0.004813
bright,q_bright_000037,borda,qrels,label-derived pairwise preferences from qrels,20,89,0.234211,20,1,False,0,0,0,0,0.0,0.0,0,0,20,ndcg_at_k,0.0,0,1.0,0.6,1.0,1.0,0.3,1.0,1.0,0.000167,0.000147,3.1e-05,0.000795,1.9e-05,0.001509,0.004813
bright,q_bright_000037,pagerank,qrels,label-derived pairwise preferences from qrels,20,89,0.234211,20,1,False,0,0,0,0,0.0,0.0,0,0,20,ndcg_at_k,0.0,0,0.378947,0.709091,1.0,1.0,0.3,1.0,1.0,0.000167,0.000147,3.1e-05,0.000795,0.001646,0.001509,0.004813
bright,q_bright_000037,greedy_fas_topological,qrels,label-derived pairwise preferences from qrels,20,89,0.234211,20,1,False,0,0,0,0,0.0,0.0,0,0,20,ndcg_at_k,0.0,0,0.378947,0.709091,1.0,1.0,0.3,1.0,1.0,0.000167,0.000147,3.1e-05,0.000795,6.3e-05,0.001509,0.004813
bright,q_bright_000037,greedy_fas_weighted_balance,qrels,label-derived pairwise preferences from qrels,20,89,0.234211,20,1,False,0,0,0,0,0.0,0.0,0,0,20,ndcg_at_k,0.0,0,1.0,0.6,1.0,1.0,0.3,1.0,1.0,0.000167,0.000147,3.1e-05,0.000795,4.1e-05,0.001509,0.004813
bright,q_bright_000037,greedy_fas_copeland,qrels,label-derived pairwise preferences from qrels,20,89,0.234211,20,1,False,0,0,0,0,0.0,0.0,0,0,20,ndcg_at_k,0.0,0,1.0,0.6,1.0,1.0,0.3,1.0,1.0,0.000167,0.000147,3.1e-05,0.000795,2.8e-05,0.001509,0.004813
bright,q_bright_000037,greedy_fas_score_augmented_topological,qrels,label-derived pairwise preferences from qrels,20,89,0.234211,20,1,False,0,0,0,0,0.0,0.0,0,0,20,ndcg_at_k,0.0,0,-0.063158,0.672727,1.0,1.0,0.3,1.0,1.0,0.000167,0.000147,3.1e-05,0.000795,5.5e-05,0.001509,0.004813
bright,q_bright_000037,fas_balance_score_prior_alpha_beta,qrels,label-derived pairwise preferences from qrels,20,89,0.234211,20,1,False,0,0,0,0,0.0,0.0,0,0,20,ndcg_at_k,0.0,0,1.0,0.6,1.0,1.0,0.3,1.0,1.0,0.000167,0.000147,3.1e-05,0.000795,5.8e-05,0.001509,0.004813
bright,q_bright_000037,hybrid_rrf_fas_regularized,qrels,label-derived pairwise preferences from qrels,20,89,0.234211,20,1,False,0,0,0,0,0.0,0.0,0,0,20,ndcg_at_k,0.0,0,1.0,0.6,1.0,1.0,0.3,1.0,1.0,0.000167,0.000147,3.1e-05,0.000795,4.9e-05,0.001509,0.004813
bright,q_bright_000037,hybrid_rrf_balance_a05,qrels,label-derived pairwise preferences from qrels,20,89,0.234211,20,1,False,0,0,0,0,0.0,0.0,0,0,20,ndcg_at_k,0.0,0,1.0,0.6,1.0,1.0,0.3,1.0,1.0,0.000167,0.000147,3.1e-05,0.000795,4.4e-05,0.001509,0.004813
bright,q_bright_000037,hybrid_rrf_copeland_a03,qrels,label-derived pairwise preferences from qrels,20,89,0.234211,20,1,False,0,0,0,0,0.0,0.0,0,0,20,ndcg_at_k,0.0,0,1.0,0.6,1.0,1.0,0.3,1.0,1.0,0.000167,0.000147,3.1e-05,0.000795,3.4e-05,0.001509,0.004813
bright,q_bright_000037,hybrid_rrf_priority_topo_a03,qrels,label-derived pairwise preferences from qrels,20,89,0.234211,20,1,False,0,0,0,0,0.0,0.0,0,0,20,ndcg_at_k,0.0,0,-0.063158,0.672727,1.0,1.0,0.3,1.0,1.0,0.000167,0.000147,3.1e-05,0.000795,9.3e-05,0.001509,0.004813
bright,q_bright_000030,score_sum,qrels,label-derived pairwise preferences from qrels,20,81,0.213158,20,1,False,0,0,0,0,0.0,0.0,0,0,20,ndcg_at_k,0.0,0,1.0,0.563636,1.0,1.0,0.25,1.0,1.0,0.000147,0.000133,3.1e-05,0.000601,3.2e-05,0.001459,0.004339
bright,q_bright_000030,borda,qrels,label-derived pairwise preferences from qrels,20,81,0.213158,20,1,False,0,0,0,0,0.0,0.0,0,0,20,ndcg_at_k,0.0,0,1.0,0.563636,1.0,1.0,0.25,1.0,1.0,0.000147,0.000133,3.1e-05,0.000601,1.8e-05,0.001459,0.004339
bright,q_bright_000030,pagerank,qrels,label-derived pairwise preferences from qrels,20,81,0.213158,20,1,False,0,0,0,0,0.0,0.0,0,0,20,ndcg_at_k,0.0,0,0.610526,0.709091,1.0,1.0,0.25,1.0,1.0,0.000147,0.000133,3.1e-05,0.000601,0.00146,0.001459,0.004339
bright,q_bright_000030,greedy_fas_topological,qrels,label-derived pairwise preferences from qrels,20,81,0.213158,20,1,False,0,0,0,0,0.0,0.0,0,0,20,ndcg_at_k,0.0,0,0.610526,0.709091,1.0,1.0,0.25,1.0,1.0,0.000147,0.000133,3.1e-05,0.000601,6.1e-05,0.001459,0.004339
bright,q_bright_000030,greedy_fas_weighted_balance,qrels,label-derived pairwise preferences from qrels,20,81,0.213158,20,1,False,0,0,0,0,0.0,0.0,0,0,20,ndcg_at_k,0.0,0,1.0,0.563636,1.0,1.0,0.25,1.0,1.0,0.000147,0.000133,3.1e-05,0.000601,3.9e-05,0.001459,0.004339
bright,q_bright_000030,greedy_fas_copeland,qrels,label-derived pairwise preferences from qrels,20,81,0.213158,20,1,False,0,0,0,0,0.0,0.0,0,0,20,ndcg_at_k,0.0,0,1.0,0.563636,1.0,1.0,0.25,1.0,1.0,0.000147,0.000133,3.1e-05,0.000601,2.6e-05,0.001459,0.004339
bright,q_bright_000030,greedy_fas_score_augmented_topological,qrels,label-derived pairwise preferences from qrels,20,81,0.213158,20,1,False,0,0,0,0,0.0,0.0,0,0,20,ndcg_at_k,0.0,0,-0.147368,0.745455,1.0,1.0,0.25,1.0,1.0,0.000147,0.000133,3.1e-05,0.000601,5.6e-05,0.001459,0.004339
bright,q_bright_000030,fas_balance_score_prior_alpha_beta,qrels,label-derived pairwise preferences from qrels,20,81,0.213158,20,1,False,0,0,0,0,0.0,0.0,0,0,20,ndcg_at_k,0.0,0,1.0,0.563636,1.0,1.0,0.25,1.0,1.0,0.000147,0.000133,3.1e-05,0.000601,6e-05,0.001459,0.004339
bright,q_bright_000030,hybrid_rrf_fas_regularized,qrels,label-derived pairwise preferences from qrels,20,81,0.213158,20,1,False,0,0,0,0,0.0,0.0,0,0,20,ndcg_at_k,0.0,0,1.0,0.563636,1.0,1.0,0.25,1.0,1.0,0.000147,0.000133,3.1e-05,0.000601,4.7e-05,0.001459,0.004339
bright,q_bright_000030,hybrid_rrf_balance_a05,qrels,label-derived pairwise preferences from qrels,20,81,0.213158,20,1,False,0,0,0,0,0.0,0.0,0,0,20,ndcg_at_k,0.0,0,1.0,0.563636,1.0,1.0,0.25,1.0,1.0,0.000147,0.000133,3.1e-05,0.000601,4.2e-05,0.001459,0.004339
bright,q_bright_000030,hybrid_rrf_copeland_a03,qrels,label-derived pairwise preferences from qrels,20,81,0.213158,20,1,False,0,0,0,0,0.0,0.0,0,0,20,ndcg_at_k,0.0,0,1.0,0.563636,1.0,1.0,0.25,1.0,1.0,0.000147,0.000133,3.1e-05,0.000601,3.8e-05,0.001459,0.004339
bright,q_bright_000030,hybrid_rrf_priority_topo_a03,qrels,label-derived pairwise preferences from qrels,20,81,0.213158,20,1,False,0,0,0,0,0.0,0.0,0,0,20,ndcg_at_k,0.0,0,-0.147368,0.745455,1.0,1.0,0.25,1.0,1.0,0.000147,0.000133,3.1e-05,0.000601,8.9e-05,0.001459,0.004339
bright,q_bright_000021,score_sum,qrels,label-derived pairwise preferences from qrels,20,101,0.265789,20,1,False,0,0,0,0,0.0,0.0,0,0,20,ndcg_at_k,0.0,0,1.0,0.727273,1.0,1.0,0.35,1.0,1.0,0.000163,0.000149,3.4e-05,0.000705,3.5e-05,0.001565,0.004705
bright,q_bright_000021,borda,qrels,label-derived pairwise preferences from qrels,20,101,0.265789,20,1,False,0,0,0,0,0.0,0.0,0,0,20,ndcg_at_k,0.0,0,1.0,0.727273,1.0,1.0,0.35,1.0,1.0,0.000163,0.000149,3.4e-05,0.000705,1.9e-05,0.001565,0.004705
bright,q_bright_000021,pagerank,qrels,label-derived pairwise preferences from qrels,20,101,0.265789,20,1,False,0,0,0,0,0.0,0.0,0,0,20,ndcg_at_k,0.0,0,0.431579,0.69697,1.0,1.0,0.35,1.0,1.0,0.000163,0.000149,3.4e-05,0.000705,0.00153,0.001565,0.004705
bright,q_bright_000021,greedy_fas_topological,qrels,label-derived pairwise preferences from qrels,20,101,0.265789,20,1,False,0,0,0,0,0.0,0.0,0,0,20,ndcg_at_k,0.0,0,0.431579,0.69697,1.0,1.0,0.35,1.0,1.0,0.000163,0.000149,3.4e-05,0.000705,6.5e-05,0.001565,0.004705
bright,q_bright_000021,greedy_fas_weighted_balance,qrels,label-derived pairwise preferences from qrels,20,101,0.265789,20,1,False,0,0,0,0,0.0,0.0,0,0,20,ndcg_at_k,0.0,0,1.0,0.727273,1.0,1.0,0.35,1.0,1.0,0.000163,0.000149,3.4e-05,0.000705,4.5e-05,0.001565,0.004705
bright,q_bright_000021,greedy_fas_copeland,qrels,label-derived pairwise preferences from qrels,20,101,0.265789,20,1,False,0,0,0,0,0.0,0.0,0,0,20,ndcg_at_k,0.0,0,1.0,0.727273,1.0,1.0,0.35,1.0,1.0,0.000163,0.000149,3.4e-05,0.000705,2.9e-05,0.001565,0.004705
bright,q_bright_000021,greedy_fas_score_augmented_topological,qrels,label-derived pairwise preferences from qrels,20,101,0.265789,20,1,False,0,0,0,0,0.0,0.0,0,0,20,ndcg_at_k,0.0,0,0.063158,0.636364,1.0,1.0,0.35,1.0,1.0,0.000163,0.000149,3.4e-05,0.000705,5.7e-05,0.001565,0.004705
bright,q_bright_000021,fas_balance_score_prior_alpha_beta,qrels,label-derived pairwise preferences from qrels,20,101,0.265789,20,1,False,0,0,0,0,0.0,0.0,0,0,20,ndcg_at_k,0.0,0,1.0,0.727273,1.0,1.0,0.35,1.0,1.0,0.000163,0.000149,3.4e-05,0.000705,6.4e-05,0.001565,0.004705
bright,q_bright_000021,hybrid_rrf_fas_regularized,qrels,label-derived pairwise preferences from qrels,20,101,0.265789,20,1,False,0,0,0,0,0.0,0.0,0,0,20,ndcg_at_k,0.0,0,1.0,0.727273,1.0,1.0,0.35,1.0,1.0,0.000163,0.000149,3.4e-05,0.000705,5.3e-05,0.001565,0.004705
bright,q_bright_000021,hybrid_rrf_balance_a05,qrels,label-derived pairwise preferences from qrels,20,101,0.265789,20,1,False,0,0,0,0,0.0,0.0,0,0,20,ndcg_at_k,0.0,0,1.0,0.727273,1.0,1.0,0.35,1.0,1.0,0.000163,0.000149,3.4e-05,0.000705,4.8e-05,0.001565,0.004705
bright,q_bright_000021,hybrid_rrf_copeland_a03,qrels,label-derived pairwise preferences from qrels,20,101,0.265789,20,1,False,0,0,0,0,0.0,0.0,0,0,20,ndcg_at_k,0.0,0,1.0,0.727273,1.0,1.0,0.35,1.0,1.0,0.000163,0.000149,3.4e-05,0.000705,3.4e-05,0.001565,0.004705
bright,q_bright_000021,hybrid_rrf_priority_topo_a03,qrels,label-derived pairwise preferences from qrels,20,101,0.265789,20,1,False,0,0,0,0,0.0,0.0,0,0,20,ndcg_at_k,0.0,0,0.063158,0.636364,1.0,1.0,0.35,1.0,1.0,0.000163,0.000149,3.4e-05,0.000705,0.00011,0.001565,0.004705
bright,q_bright_000032,score_sum,qrels,label-derived pairwise preferences from qrels,20,93,0.244737,20,1,False,0,0,0,0,0.0,0.0,0,0,20,ndcg_at_k,0.0,0,1.0,0.666667,1.0,1.0,0.3,1.0,1.0,0.00017,0.000146,3e-05,0.000729,3.4e-05,0.001567,0.004531
bright,q_bright_000032,borda,qrels,label-derived pairwise preferences from qrels,20,93,0.244737,20,1,False,0,0,0,0,0.0,0.0,0,0,20,ndcg_at_k,0.0,0,1.0,0.666667,1.0,1.0,0.3,1.0,1.0,0.00017,0.000146,3e-05,0.000729,1.9e-05,0.001567,0.004531
bright,q_bright_000032,pagerank,qrels,label-derived pairwise preferences from qrels,20,93,0.244737,20,1,False,0,0,0,0,0.0,0.0,0,0,20,ndcg_at_k,0.0,0,0.326316,0.606061,1.0,1.0,0.3,1.0,1.0,0.00017,0.000146,3e-05,0.000729,0.00136,0.001567,0.004531
bright,q_bright_000032,greedy_fas_topological,qrels,label-derived pairwise preferences from qrels,20,93,0.244737,20,1,False,0,0,0,0,0.0,0.0,0,0,20,ndcg_at_k,0.0,0,0.326316,0.606061,1.0,1.0,0.3,1.0,1.0,0.00017,0.000146,3e-05,0.000729,5.9e-05,0.001567,0.004531
bright,q_bright_000032,greedy_fas_weighted_balance,qrels,label-derived pairwise preferences from qrels,20,93,0.244737,20,1,False,0,0,0,0,0.0,0.0,0,0,20,ndcg_at_k,0.0,0,1.0,0.666667,1.0,1.0,0.3,1.0,1.0,0.00017,0.000146,3e-05,0.000729,4.1e-05,0.001567,0.004531
bright,q_bright_000032,greedy_fas_copeland,qrels,label-derived pairwise preferences from qrels,20,93,0.244737,20,1,False,0,0,0,0,0.0,0.0,0,0,20,ndcg_at_k,0.0,0,1.0,0.666667,1.0,1.0,0.3,1.0,1.0,0.00017,0.000146,3e-05,0.000729,2.6e-05,0.001567,0.004531
bright,q_bright_000032,greedy_fas_score_augmented_topological,qrels,label-derived pairwise preferences from qrels,20,93,0.244737,20,1,False,0,0,0,0,0.0,0.0,0,0,20,ndcg_at_k,0.0,0,-0.021053,0.69697,1.0,1.0,0.3,1.0,1.0,0.00017,0.000146,3e-05,0.000729,5.4e-05,0.001567,0.004531
bright,q_bright_000032,fas_balance_score_prior_alpha_beta,qrels,label-derived pairwise preferences from qrels,20,93,0.244737,20,1,False,0,0,0,0,0.0,0.0,0,0,20,ndcg_at_k,0.0,0,1.0,0.666667,1.0,1.0,0.3,1.0,1.0,0.00017,0.000146,3e-05,0.000729,6.2e-05,0.001567,0.004531
bright,q_bright_000032,hybrid_rrf_fas_regularized,qrels,label-derived pairwise preferences from qrels,20,93,0.244737,20,1,False,0,0,0,0,0.0,0.0,0,0,20,ndcg_at_k,0.0,0,1.0,0.666667,1.0,1.0,0.3,1.0,1.0,0.00017,0.000146,3e-05,0.000729,6.7e-05,0.001567,0.004531
bright,q_bright_000032,hybrid_rrf_balance_a05,qrels,label-derived pairwise preferences from qrels,20,93,0.244737,20,1,False,0,0,0,0,0.0,0.0,0,0,20,ndcg_at_k,0.0,0,1.0,0.666667,1.0,1.0,0.3,1.0,1.0,0.00017,0.000146,3e-05,0.000729,4.5e-05,0.001567,0.004531
bright,q_bright_000032,hybrid_rrf_copeland_a03,qrels,label-derived pairwise preferences from qrels,20,93,0.244737,20,1,False,0,0,0,0,0.0,0.0,0,0,20,ndcg_at_k,0.0,0,1.0,0.666667,1.0,1.0,0.3,1.0,1.0,0.00017,0.000146,3e-05,0.000729,3.3e-05,0.001567,0.004531
bright,q_bright_000032,hybrid_rrf_priority_topo_a03,qrels,label-derived pairwise preferences from qrels,20,93,0.244737,20,1,False,0,0,0,0,0.0,0.0,0,0,20,ndcg_at_k,0.0,0,-0.021053,0.69697,1.0,1.0,0.3,1.0,1.0,0.00017,0.000146,3e-05,0.000729,8.9e-05,0.001567,0.004531
bright,q_bright_000096,score_sum,qrels,label-derived pairwise preferences from qrels,20,103,0.271053,20,1,False,0,0,0,0,0.0,0.0,0,0,20,ndcg_at_k,0.0,0,1.0,0.672727,1.0,1.0,0.35,1.0,1.0,0.000163,0.000159,3.1e-05,0.000769,3.5e-05,0.001517,0.004572
bright,q_bright_000096,borda,qrels,label-derived pairwise preferences from qrels,20,103,0.271053,20,1,False,0,0,0,0,0.0,0.0,0,0,20,ndcg_at_k,0.0,0,1.0,0.672727,1.0,1.0,0.35,1.0,1.0,0.000163,0.000159,3.1e-05,0.000769,1.8e-05,0.001517,0.004572
bright,q_bright_000096,pagerank,qrels,label-derived pairwise preferences from qrels,20,103,0.271053,20,1,False,0,0,0,0,0.0,0.0,0,0,20,ndcg_at_k,0.0,0,0.652632,0.745455,1.0,1.0,0.35,1.0,1.0,0.000163,0.000159,3.1e-05,0.000769,0.001394,0.001517,0.004572
bright,q_bright_000096,greedy_fas_topological,qrels,label-derived pairwise preferences from qrels,20,103,0.271053,20,1,False,0,0,0,0,0.0,0.0,0,0,20,ndcg_at_k,0.0,0,0.652632,0.745455,1.0,1.0,0.35,1.0,1.0,0.000163,0.000159,3.1e-05,0.000769,8.2e-05,0.001517,0.004572
bright,q_bright_000096,greedy_fas_weighted_balance,qrels,label-derived pairwise preferences from qrels,20,103,0.271053,20,1,False,0,0,0,0,0.0,0.0,0,0,20,ndcg_at_k,0.0,0,1.0,0.672727,1.0,1.0,0.35,1.0,1.0,0.000163,0.000159,3.1e-05,0.000769,4.4e-05,0.001517,0.004572
bright,q_bright_000096,greedy_fas_copeland,qrels,label-derived pairwise preferences from qrels,20,103,0.271053,20,1,False,0,0,0,0,0.0,0.0,0,0,20,ndcg_at_k,0.0,0,1.0,0.672727,1.0,1.0,0.35,1.0,1.0,0.000163,0.000159,3.1e-05,0.000769,2.7e-05,0.001517,0.004572
bright,q_bright_000096,greedy_fas_score_augmented_topological,qrels,label-derived pairwise preferences from qrels,20,103,0.271053,20,1,False,0,0,0,0,0.0,0.0,0,0,20,ndcg_at_k,0.0,0,0.084211,0.781818,1.0,1.0,0.35,1.0,1.0,0.000163,0.000159,3.1e-05,0.000769,5.3e-05,0.001517,0.004572
bright,q_bright_000096,fas_balance_score_prior_alpha_beta,qrels,label-derived pairwise preferences from qrels,20,103,0.271053,20,1,False,0,0,0,0,0.0,0.0,0,0,20,ndcg_at_k,0.0,0,1.0,0.672727,1.0,1.0,0.35,1.0,1.0,0.000163,0.000159,3.1e-05,0.000769,6.5e-05,0.001517,0.004572
bright,q_bright_000096,hybrid_rrf_fas_regularized,qrels,label-derived pairwise preferences from qrels,20,103,0.271053,20,1,False,0,0,0,0,0.0,0.0,0,0,20,ndcg_at_k,0.0,0,1.0,0.672727,1.0,1.0,0.35,1.0,1.0,0.000163,0.000159,3.1e-05,0.000769,5e-05,0.001517,0.004572
bright,q_bright_000096,hybrid_rrf_balance_a05,qrels,label-derived pairwise preferences from qrels,20,103,0.271053,20,1,False,0,0,0,0,0.0,0.0,0,0,20,ndcg_at_k,0.0,0,1.0,0.672727,1.0,1.0,0.35,1.0,1.0,0.000163,0.000159,3.1e-05,0.000769,4.5e-05,0.001517,0.004572
bright,q_bright_000096,hybrid_rrf_copeland_a03,qrels,label-derived pairwise preferences from qrels,20,103,0.271053,20,1,False,0,0,0,0,0.0,0.0,0,0,20,ndcg_at_k,0.0,0,1.0,0.672727,1.0,1.0,0.35,1.0,1.0,0.000163,0.000159,3.1e-05,0.000769,3.2e-05,0.001517,0.004572
bright,q_bright_000096,hybrid_rrf_priority_topo_a03,qrels,label-derived pairwise preferences from qrels,20,103,0.271053,20,1,False,0,0,0,0,0.0,0.0,0,0,20,ndcg_at_k,0.0,0,0.084211,0.781818,1.0,1.0,0.35,1.0,1.0,0.000163,0.000159,3.1e-05,0.000769,8.8e-05,0.001517,0.004572
bright,q_bright_000080,score_sum,qrels,label-derived pairwise preferences from qrels,20,81,0.213158,20,1,False,0,0,0,0,0.0,0.0,0,0,20,ndcg_at_k,0.0,0,1.0,0.822222,1.0,1.0,0.25,1.0,1.0,0.000137,0.00013,3e-05,0.000663,3.5e-05,0.001479,0.004752
bright,q_bright_000080,borda,qrels,label-derived pairwise preferences from qrels,20,81,0.213158,20,1,False,0,0,0,0,0.0,0.0,0,0,20,ndcg_at_k,0.0,0,1.0,0.822222,1.0,1.0,0.25,1.0,1.0,0.000137,0.00013,3e-05,0.000663,2.1e-05,0.001479,0.004752
bright,q_bright_000080,pagerank,qrels,label-derived pairwise preferences from qrels,20,81,0.213158,20,1,False,0,0,0,0,0.0,0.0,0,0,20,ndcg_at_k,0.0,0,0.494737,0.777778,1.0,1.0,0.25,1.0,1.0,0.000137,0.00013,3e-05,0.000663,0.001805,0.001479,0.004752
bright,q_bright_000080,greedy_fas_topological,qrels,label-derived pairwise preferences from qrels,20,81,0.213158,20,1,False,0,0,0,0,0.0,0.0,0,0,20,ndcg_at_k,0.0,0,0.494737,0.777778,1.0,1.0,0.25,1.0,1.0,0.000137,0.00013,3e-05,0.000663,5.9e-05,0.001479,0.004752
bright,q_bright_000080,greedy_fas_weighted_balance,qrels,label-derived pairwise preferences from qrels,20,81,0.213158,20,1,False,0,0,0,0,0.0,0.0,0,0,20,ndcg_at_k,0.0,0,1.0,0.822222,1.0,1.0,0.25,1.0,1.0,0.000137,0.00013,3e-05,0.000663,4e-05,0.001479,0.004752
bright,q_bright_000080,greedy_fas_copeland,qrels,label-derived pairwise preferences from qrels,20,81,0.213158,20,1,False,0,0,0,0,0.0,0.0,0,0,20,ndcg_at_k,0.0,0,1.0,0.822222,1.0,1.0,0.25,1.0,1.0,0.000137,0.00013,3e-05,0.000663,2.7e-05,0.001479,0.004752
bright,q_bright_000080,greedy_fas_score_augmented_topological,qrels,label-derived pairwise preferences from qrels,20,81,0.213158,20,1,False,0,0,0,0,0.0,0.0,0,0,20,ndcg_at_k,0.0,0,-0.147368,0.555556,1.0,1.0,0.25,1.0,1.0,0.000137,0.00013,3e-05,0.000663,5.9e-05,0.001479,0.004752
bright,q_bright_000080,fas_balance_score_prior_alpha_beta,qrels,label-derived pairwise preferences from qrels,20,81,0.213158,20,1,False,0,0,0,0,0.0,0.0,0,0,20,ndcg_at_k,0.0,0,1.0,0.822222,1.0,1.0,0.25,1.0,1.0,0.000137,0.00013,3e-05,0.000663,5.6e-05,0.001479,0.004752
bright,q_bright_000080,hybrid_rrf_fas_regularized,qrels,label-derived pairwise preferences from qrels,20,81,0.213158,20,1,False,0,0,0,0,0.0,0.0,0,0,20,ndcg_at_k,0.0,0,1.0,0.822222,1.0,1.0,0.25,1.0,1.0,0.000137,0.00013,3e-05,0.000663,4.7e-05,0.001479,0.004752
bright,q_bright_000080,hybrid_rrf_balance_a05,qrels,label-derived pairwise preferences from qrels,20,81,0.213158,20,1,False,0,0,0,0,0.0,0.0,0,0,20,ndcg_at_k,0.0,0,1.0,0.822222,1.0,1.0,0.25,1.0,1.0,0.000137,0.00013,3e-05,0.000663,4.2e-05,0.001479,0.004752
bright,q_bright_000080,hybrid_rrf_copeland_a03,qrels,label-derived pairwise preferences from qrels,20,81,0.213158,20,1,False,0,0,0,0,0.0,0.0,0,0,20,ndcg_at_k,0.0,0,1.0,0.822222,1.0,1.0,0.25,1.0,1.0,0.000137,0.00013,3e-05,0.000663,3.3e-05,0.001479,0.004752
bright,q_bright_000080,hybrid_rrf_priority_topo_a03,qrels,label-derived pairwise preferences from qrels,20,81,0.213158,20,1,False,0,0,0,0,0.0,0.0,0,0,20,ndcg_at_k,0.0,0,-0.147368,0.555556,1.0,1.0,0.25,1.0,1.0,0.000137,0.00013,3e-05,0.000663,8.9e-05,0.001479,0.004752
bright,q_bright_000049,score_sum,qrels,label-derived pairwise preferences from qrels,20,103,0.271053,20,1,False,0,0,0,0,0.0,0.0,0,0,20,ndcg_at_k,0.0,0,1.0,0.781818,1.0,1.0,0.35,1.0,1.0,0.000166,0.000186,4.8e-05,0.001158,4.9e-05,0.001572,0.005244
bright,q_bright_000049,borda,qrels,label-derived pairwise preferences from qrels,20,103,0.271053,20,1,False,0,0,0,0,0.0,0.0,0,0,20,ndcg_at_k,0.0,0,1.0,0.781818,1.0,1.0,0.35,1.0,1.0,0.000166,0.000186,4.8e-05,0.001158,2.1e-05,0.001572,0.005244
bright,q_bright_000049,pagerank,qrels,label-derived pairwise preferences from qrels,20,103,0.271053,20,1,False,0,0,0,0,0.0,0.0,0,0,20,ndcg_at_k,0.0,0,0.621053,0.854545,1.0,1.0,0.35,1.0,1.0,0.000166,0.000186,4.8e-05,0.001158,0.00152,0.001572,0.005244
bright,q_bright_000049,greedy_fas_topological,qrels,label-derived pairwise preferences from qrels,20,103,0.271053,20,1,False,0,0,0,0,0.0,0.0,0,0,20,ndcg_at_k,0.0,0,0.621053,0.854545,1.0,1.0,0.35,1.0,1.0,0.000166,0.000186,4.8e-05,0.001158,6.7e-05,0.001572,0.005244
bright,q_bright_000049,greedy_fas_weighted_balance,qrels,label-derived pairwise preferences from qrels,20,103,0.271053,20,1,False,0,0,0,0,0.0,0.0,0,0,20,ndcg_at_k,0.0,0,1.0,0.781818,1.0,1.0,0.35,1.0,1.0,0.000166,0.000186,4.8e-05,0.001158,4.8e-05,0.001572,0.005244
bright,q_bright_000049,greedy_fas_copeland,qrels,label-derived pairwise preferences from qrels,20,103,0.271053,20,1,False,0,0,0,0,0.0,0.0,0,0,20,ndcg_at_k,0.0,0,1.0,0.781818,1.0,1.0,0.35,1.0,1.0,0.000166,0.000186,4.8e-05,0.001158,2.8e-05,0.001572,0.005244
bright,q_bright_000049,greedy_fas_score_augmented_topological,qrels,label-derived pairwise preferences from qrels,20,103,0.271053,20,1,False,0,0,0,0,0.0,0.0,0,0,20,ndcg_at_k,0.0,0,0.084211,0.672727,1.0,1.0,0.35,1.0,1.0,0.000166,0.000186,4.8e-05,0.001158,5.5e-05,0.001572,0.005244
bright,q_bright_000049,fas_balance_score_prior_alpha_beta,qrels,label-derived pairwise preferences from qrels,20,103,0.271053,20,1,False,0,0,0,0,0.0,0.0,0,0,20,ndcg_at_k,0.0,0,1.0,0.781818,1.0,1.0,0.35,1.0,1.0,0.000166,0.000186,4.8e-05,0.001158,6.2e-05,0.001572,0.005244
bright,q_bright_000049,hybrid_rrf_fas_regularized,qrels,label-derived pairwise preferences from qrels,20,103,0.271053,20,1,False,0,0,0,0,0.0,0.0,0,0,20,ndcg_at_k,0.0,0,1.0,0.781818,1.0,1.0,0.35,1.0,1.0,0.000166,0.000186,4.8e-05,0.001158,8.1e-05,0.001572,0.005244
bright,q_bright_000049,hybrid_rrf_balance_a05,qrels,label-derived pairwise preferences from qrels,20,103,0.271053,20,1,False,0,0,0,0,0.0,0.0,0,0,20,ndcg_at_k,0.0,0,1.0,0.781818,1.0,1.0,0.35,1.0,1.0,0.000166,0.000186,4.8e-05,0.001158,5.3e-05,0.001572,0.005244
bright,q_bright_000049,hybrid_rrf_copeland_a03,qrels,label-derived pairwise preferences from qrels,20,103,0.271053,20,1,False,0,0,0,0,0.0,0.0,0,0,20,ndcg_at_k,0.0,0,1.0,0.781818,1.0,1.0,0.35,1.0,1.0,0.000166,0.000186,4.8e-05,0.001158,3.5e-05,0.001572,0.005244
bright,q_bright_000049,hybrid_rrf_priority_topo_a03,qrels,label-derived pairwise preferences from qrels,20,103,0.271053,20,1,False,0,0,0,0,0.0,0.0,0,0,20,ndcg_at_k,0.0,0,0.084211,0.672727,1.0,1.0,0.35,1.0,1.0,0.000166,0.000186,4.8e-05,0.001158,9.5e-05,0.001572,0.005244
bright,q_bright_000083,score_sum,qrels,label-derived pairwise preferences from qrels,20,92,0.242105,20,1,False,0,0,0,0,0.0,0.0,0,0,20,ndcg_at_k,0.0,0,1.0,0.890909,1.0,1.0,0.3,1.0,1.0,0.000168,0.000137,3.1e-05,0.000752,3.5e-05,0.001481,0.004532
bright,q_bright_000083,borda,qrels,label-derived pairwise preferences from qrels,20,92,0.242105,20,1,False,0,0,0,0,0.0,0.0,0,0,20,ndcg_at_k,0.0,0,1.0,0.890909,1.0,1.0,0.3,1.0,1.0,0.000168,0.000137,3.1e-05,0.000752,1.8e-05,0.001481,0.004532
bright,q_bright_000083,pagerank,qrels,label-derived pairwise preferences from qrels,20,92,0.242105,20,1,False,0,0,0,0,0.0,0.0,0,0,20,ndcg_at_k,0.0,0,0.557895,0.709091,1.0,1.0,0.3,1.0,1.0,0.000168,0.000137,3.1e-05,0.000752,0.00143,0.001481,0.004532
bright,q_bright_000083,greedy_fas_topological,qrels,label-derived pairwise preferences from qrels,20,92,0.242105,20,1,False,0,0,0,0,0.0,0.0,0,0,20,ndcg_at_k,0.0,0,0.557895,0.709091,1.0,1.0,0.3,1.0,1.0,0.000168,0.000137,3.1e-05,0.000752,6.1e-05,0.001481,0.004532
bright,q_bright_000083,greedy_fas_weighted_balance,qrels,label-derived pairwise preferences from qrels,20,92,0.242105,20,1,False,0,0,0,0,0.0,0.0,0,0,20,ndcg_at_k,0.0,0,1.0,0.890909,1.0,1.0,0.3,1.0,1.0,0.000168,0.000137,3.1e-05,0.000752,4.4e-05,0.001481,0.004532
bright,q_bright_000083,greedy_fas_copeland,qrels,label-derived pairwise preferences from qrels,20,92,0.242105,20,1,False,0,0,0,0,0.0,0.0,0,0,20,ndcg_at_k,0.0,0,1.0,0.890909,1.0,1.0,0.3,1.0,1.0,0.000168,0.000137,3.1e-05,0.000752,2.7e-05,0.001481,0.004532
bright,q_bright_000083,greedy_fas_score_augmented_topological,qrels,label-derived pairwise preferences from qrels,20,92,0.242105,20,1,False,0,0,0,0,0.0,0.0,0,0,20,ndcg_at_k,0.0,0,-0.031579,0.490909,1.0,1.0,0.3,1.0,1.0,0.000168,0.000137,3.1e-05,0.000752,5.5e-05,0.001481,0.004532
bright,q_bright_000083,fas_balance_score_prior_alpha_beta,qrels,label-derived pairwise preferences from qrels,20,92,0.242105,20,1,False,0,0,0,0,0.0,0.0,0,0,20,ndcg_at_k,0.0,0,1.0,0.890909,1.0,1.0,0.3,1.0,1.0,0.000168,0.000137,3.1e-05,0.000752,5.8e-05,0.001481,0.004532
bright,q_bright_000083,hybrid_rrf_fas_regularized,qrels,label-derived pairwise preferences from qrels,20,92,0.242105,20,1,False,0,0,0,0,0.0,0.0,0,0,20,ndcg_at_k,0.0,0,1.0,0.890909,1.0,1.0,0.3,1.0,1.0,0.000168,0.000137,3.1e-05,0.000752,6.8e-05,0.001481,0.004532
bright,q_bright_000083,hybrid_rrf_balance_a05,qrels,label-derived pairwise preferences from qrels,20,92,0.242105,20,1,False,0,0,0,0,0.0,0.0,0,0,20,ndcg_at_k,0.0,0,1.0,0.890909,1.0,1.0,0.3,1.0,1.0,0.000168,0.000137,3.1e-05,0.000752,4.6e-05,0.001481,0.004532
bright,q_bright_000083,hybrid_rrf_copeland_a03,qrels,label-derived pairwise preferences from qrels,20,92,0.242105,20,1,False,0,0,0,0,0.0,0.0,0,0,20,ndcg_at_k,0.0,0,1.0,0.890909,1.0,1.0,0.3,1.0,1.0,0.000168,0.000137,3.1e-05,0.000752,3.3e-05,0.001481,0.004532
bright,q_bright_000083,hybrid_rrf_priority_topo_a03,qrels,label-derived pairwise preferences from qrels,20,92,0.242105,20,1,False,0,0,0,0,0.0,0.0,0,0,20,ndcg_at_k,0.0,0,-0.031579,0.490909,1.0,1.0,0.3,1.0,1.0,0.000168,0.000137,3.1e-05,0.000752,8.8e-05,0.001481,0.004532
bright,q_bright_000026,score_sum,qrels,label-derived pairwise preferences from qrels,20,53,0.139474,20,1,False,0,0,0,0,0.0,0.0,0,0,20,ndcg_at_k,0.0,0,1.0,0.444444,1.0,1.0,0.15,1.0,1.0,0.000107,8.8e-05,2.8e-05,0.000467,2.6e-05,0.001319,0.003921
bright,q_bright_000026,borda,qrels,label-derived pairwise preferences from qrels,20,53,0.139474,20,1,False,0,0,0,0,0.0,0.0,0,0,20,ndcg_at_k,0.0,0,1.0,0.444444,1.0,1.0,0.15,1.0,1.0,0.000107,8.8e-05,2.8e-05,0.000467,4.3e-05,0.001319,0.003921
bright,q_bright_000026,pagerank,qrels,label-derived pairwise preferences from qrels,20,53,0.139474,20,1,False,0,0,0,0,0.0,0.0,0,0,20,ndcg_at_k,0.0,0,0.273684,0.555556,1.0,1.0,0.15,1.0,1.0,0.000107,8.8e-05,2.8e-05,0.000467,0.001433,0.001319,0.003921
bright,q_bright_000026,greedy_fas_topological,qrels,label-derived pairwise preferences from qrels,20,53,0.139474,20,1,False,0,0,0,0,0.0,0.0,0,0,20,ndcg_at_k,0.0,0,0.273684,0.555556,1.0,1.0,0.15,1.0,1.0,0.000107,8.8e-05,2.8e-05,0.000467,5.4e-05,0.001319,0.003921
bright,q_bright_000026,greedy_fas_weighted_balance,qrels,label-derived pairwise preferences from qrels,20,53,0.139474,20,1,False,0,0,0,0,0.0,0.0,0,0,20,ndcg_at_k,0.0,0,1.0,0.444444,1.0,1.0,0.15,1.0,1.0,0.000107,8.8e-05,2.8e-05,0.000467,3.3e-05,0.001319,0.003921
bright,q_bright_000026,greedy_fas_copeland,qrels,label-derived pairwise preferences from qrels,20,53,0.139474,20,1,False,0,0,0,0,0.0,0.0,0,0,20,ndcg_at_k,0.0,0,1.0,0.444444,1.0,1.0,0.15,1.0,1.0,0.000107,8.8e-05,2.8e-05,0.000467,2.6e-05,0.001319,0.003921
bright,q_bright_000026,greedy_fas_score_augmented_topological,qrels,label-derived pairwise preferences from qrels,20,53,0.139474,20,1,False,0,0,0,0,0.0,0.0,0,0,20,ndcg_at_k,0.0,0,-0.442105,0.666667,1.0,1.0,0.15,1.0,1.0,0.000107,8.8e-05,2.8e-05,0.000467,5.8e-05,0.001319,0.003921
bright,q_bright_000026,fas_balance_score_prior_alpha_beta,qrels,label-derived pairwise preferences from qrels,20,53,0.139474,20,1,False,0,0,0,0,0.0,0.0,0,0,20,ndcg_at_k,0.0,0,1.0,0.444444,1.0,1.0,0.15,1.0,1.0,0.000107,8.8e-05,2.8e-05,0.000467,4.8e-05,0.001319,0.003921
bright,q_bright_000026,hybrid_rrf_fas_regularized,qrels,label-derived pairwise preferences from qrels,20,53,0.139474,20,1,False,0,0,0,0,0.0,0.0,0,0,20,ndcg_at_k,0.0,0,1.0,0.444444,1.0,1.0,0.15,1.0,1.0,0.000107,8.8e-05,2.8e-05,0.000467,3.9e-05,0.001319,0.003921
bright,q_bright_000026,hybrid_rrf_balance_a05,qrels,label-derived pairwise preferences from qrels,20,53,0.139474,20,1,False,0,0,0,0,0.0,0.0,0,0,20,ndcg_at_k,0.0,0,1.0,0.444444,1.0,1.0,0.15,1.0,1.0,0.000107,8.8e-05,2.8e-05,0.000467,3.5e-05,0.001319,0.003921
bright,q_bright_000026,hybrid_rrf_copeland_a03,qrels,label-derived pairwise preferences from qrels,20,53,0.139474,20,1,False,0,0,0,0,0.0,0.0,0,0,20,ndcg_at_k,0.0,0,1.0,0.444444,1.0,1.0,0.15,1.0,1.0,0.000107,8.8e-05,2.8e-05,0.000467,3.3e-05,0.001319,0.003921
bright,q_bright_000026,hybrid_rrf_priority_topo_a03,qrels,label-derived pairwise preferences from qrels,20,53,0.139474,20,1,False,0,0,0,0,0.0,0.0,0,0,20,ndcg_at_k,0.0,0,-0.442105,0.666667,1.0,1.0,0.15,1.0,1.0,0.000107,8.8e-05,2.8e-05,0.000467,8.4e-05,0.001319,0.003921
bright,q_bright_000087,score_sum,qrels,label-derived pairwise preferences from qrels,20,53,0.139474,20,1,False,0,0,0,0,0.0,0.0,0,0,20,ndcg_at_k,0.0,0,1.0,0.333333,1.0,1.0,0.15,1.0,1.0,0.000109,9.4e-05,2.8e-05,0.000553,2.9e-05,0.001363,0.004077
bright,q_bright_000087,borda,qrels,label-derived pairwise preferences from qrels,20,53,0.139474,20,1,False,0,0,0,0,0.0,0.0,0,0,20,ndcg_at_k,0.0,0,1.0,0.333333,1.0,1.0,0.15,1.0,1.0,0.000109,9.4e-05,2.8e-05,0.000553,1.9e-05,0.001363,0.004077
bright,q_bright_000087,pagerank,qrels,label-derived pairwise preferences from qrels,20,53,0.139474,20,1,False,0,0,0,0,0.0,0.0,0,0,20,ndcg_at_k,0.0,0,0.2,0.5,1.0,1.0,0.15,1.0,1.0,0.000109,9.4e-05,2.8e-05,0.000553,0.001463,0.001363,0.004077
bright,q_bright_000087,greedy_fas_topological,qrels,label-derived pairwise preferences from qrels,20,53,0.139474,20,1,False,0,0,0,0,0.0,0.0,0,0,20,ndcg_at_k,0.0,0,0.2,0.5,1.0,1.0,0.15,1.0,1.0,0.000109,9.4e-05,2.8e-05,0.000553,5.8e-05,0.001363,0.004077
bright,q_bright_000087,greedy_fas_weighted_balance,qrels,label-derived pairwise preferences from qrels,20,53,0.139474,20,1,False,0,0,0,0,0.0,0.0,0,0,20,ndcg_at_k,0.0,0,1.0,0.333333,1.0,1.0,0.15,1.0,1.0,0.000109,9.4e-05,2.8e-05,0.000553,3.5e-05,0.001363,0.004077
bright,q_bright_000087,greedy_fas_copeland,qrels,label-derived pairwise preferences from qrels,20,53,0.139474,20,1,False,0,0,0,0,0.0,0.0,0,0,20,ndcg_at_k,0.0,0,1.0,0.333333,1.0,1.0,0.15,1.0,1.0,0.000109,9.4e-05,2.8e-05,0.000553,2.6e-05,0.001363,0.004077
bright,q_bright_000087,greedy_fas_score_augmented_topological,qrels,label-derived pairwise preferences from qrels,20,53,0.139474,20,1,False,0,0,0,0,0.0,0.0,0,0,20,ndcg_at_k,0.0,0,-0.442105,0.777778,1.0,1.0,0.15,1.0,1.0,0.000109,9.4e-05,2.8e-05,0.000553,5.9e-05,0.001363,0.004077
bright,q_bright_000087,fas_balance_score_prior_alpha_beta,qrels,label-derived pairwise preferences from qrels,20,53,0.139474,20,1,False,0,0,0,0,0.0,0.0,0,0,20,ndcg_at_k,0.0,0,1.0,0.333333,1.0,1.0,0.15,1.0,1.0,0.000109,9.4e-05,2.8e-05,0.000553,4.9e-05,0.001363,0.004077
bright,q_bright_000087,hybrid_rrf_fas_regularized,qrels,label-derived pairwise preferences from qrels,20,53,0.139474,20,1,False,0,0,0,0,0.0,0.0,0,0,20,ndcg_at_k,0.0,0,1.0,0.333333,1.0,1.0,0.15,1.0,1.0,0.000109,9.4e-05,2.8e-05,0.000553,4e-05,0.001363,0.004077
bright,q_bright_000087,hybrid_rrf_balance_a05,qrels,label-derived pairwise preferences from qrels,20,53,0.139474,20,1,False,0,0,0,0,0.0,0.0,0,0,20,ndcg_at_k,0.0,0,1.0,0.333333,1.0,1.0,0.15,1.0,1.0,0.000109,9.4e-05,2.8e-05,0.000553,3.6e-05,0.001363,0.004077
bright,q_bright_000087,hybrid_rrf_copeland_a03,qrels,label-derived pairwise preferences from qrels,20,53,0.139474,20,1,False,0,0,0,0,0.0,0.0,0,0,20,ndcg_at_k,0.0,0,1.0,0.333333,1.0,1.0,0.15,1.0,1.0,0.000109,9.4e-05,2.8e-05,0.000553,3.2e-05,0.001363,0.004077
bright,q_bright_000087,hybrid_rrf_priority_topo_a03,qrels,label-derived pairwise preferences from qrels,20,53,0.139474,20,1,False,0,0,0,0,0.0,0.0,0,0,20,ndcg_at_k,0.0,0,-0.442105,0.777778,1.0,1.0,0.15,1.0,1.0,0.000109,9.4e-05,2.8e-05,0.000553,8.4e-05,0.001363,0.004077
bright,q_bright_000033,score_sum,qrels,label-derived pairwise preferences from qrels,20,111,0.292105,20,1,False,0,0,0,0,0.0,0.0,0,0,20,ndcg_at_k,0.0,0,1.0,0.781818,1.0,1.0,0.4,1.0,1.0,0.000181,0.00018,3.5e-05,0.00086,4.3e-05,0.001681,0.005343
bright,q_bright_000033,borda,qrels,label-derived pairwise preferences from qrels,20,111,0.292105,20,1,False,0,0,0,0,0.0,0.0,0,0,20,ndcg_at_k,0.0,0,1.0,0.781818,1.0,1.0,0.4,1.0,1.0,0.000181,0.00018,3.5e-05,0.00086,2e-05,0.001681,0.005343
bright,q_bright_000033,pagerank,qrels,label-derived pairwise preferences from qrels,20,111,0.292105,20,1,False,0,0,0,0,0.0,0.0,0,0,20,ndcg_at_k,0.0,0,0.536842,0.672727,1.0,1.0,0.4,1.0,1.0,0.000181,0.00018,3.5e-05,0.00086,0.001786,0.001681,0.005343
bright,q_bright_000033,greedy_fas_topological,qrels,label-derived pairwise preferences from qrels,20,111,0.292105,20,1,False,0,0,0,0,0.0,0.0,0,0,20,ndcg_at_k,0.0,0,0.536842,0.672727,1.0,1.0,0.4,1.0,1.0,0.000181,0.00018,3.5e-05,0.00086,7.2e-05,0.001681,0.005343
bright,q_bright_000033,greedy_fas_weighted_balance,qrels,label-derived pairwise preferences from qrels,20,111,0.292105,20,1,False,0,0,0,0,0.0,0.0,0,0,20,ndcg_at_k,0.0,0,1.0,0.781818,1.0,1.0,0.4,1.0,1.0,0.000181,0.00018,3.5e-05,0.00086,5.6e-05,0.001681,0.005343
bright,q_bright_000033,greedy_fas_copeland,qrels,label-derived pairwise preferences from qrels,20,111,0.292105,20,1,False,0,0,0,0,0.0,0.0,0,0,20,ndcg_at_k,0.0,0,1.0,0.781818,1.0,1.0,0.4,1.0,1.0,0.000181,0.00018,3.5e-05,0.00086,3e-05,0.001681,0.005343
bright,q_bright_000033,greedy_fas_score_augmented_topological,qrels,label-derived pairwise preferences from qrels,20,111,0.292105,20,1,False,0,0,0,0,0.0,0.0,0,0,20,ndcg_at_k,0.0,0,0.168421,0.636364,1.0,1.0,0.4,1.0,1.0,0.000181,0.00018,3.5e-05,0.00086,5.7e-05,0.001681,0.005343
bright,q_bright_000033,fas_balance_score_prior_alpha_beta,qrels,label-derived pairwise preferences from qrels,20,111,0.292105,20,1,False,0,0,0,0,0.0,0.0,0,0,20,ndcg_at_k,0.0,0,1.0,0.781818,1.0,1.0,0.4,1.0,1.0,0.000181,0.00018,3.5e-05,0.00086,8.7e-05,0.001681,0.005343
bright,q_bright_000033,hybrid_rrf_fas_regularized,qrels,label-derived pairwise preferences from qrels,20,111,0.292105,20,1,False,0,0,0,0,0.0,0.0,0,0,20,ndcg_at_k,0.0,0,1.0,0.781818,1.0,1.0,0.4,1.0,1.0,0.000181,0.00018,3.5e-05,0.00086,6.1e-05,0.001681,0.005343
bright,q_bright_000033,hybrid_rrf_balance_a05,qrels,label-derived pairwise preferences from qrels,20,111,0.292105,20,1,False,0,0,0,0,0.0,0.0,0,0,20,ndcg_at_k,0.0,0,1.0,0.781818,1.0,1.0,0.4,1.0,1.0,0.000181,0.00018,3.5e-05,0.00086,5.1e-05,0.001681,0.005343
bright,q_bright_000033,hybrid_rrf_copeland_a03,qrels,label-derived pairwise preferences from qrels,20,111,0.292105,20,1,False,0,0,0,0,0.0,0.0,0,0,20,ndcg_at_k,0.0,0,1.0,0.781818,1.0,1.0,0.4,1.0,1.0,0.000181,0.00018,3.5e-05,0.00086,3.5e-05,0.001681,0.005343
bright,q_bright_000033,hybrid_rrf_priority_topo_a03,qrels,label-derived pairwise preferences from qrels,20,111,0.292105,20,1,False,0,0,0,0,0.0,0.0,0,0,20,ndcg_at_k,0.0,0,0.168421,0.636364,1.0,1.0,0.4,1.0,1.0,0.000181,0.00018,3.5e-05,0.00086,0.000108,0.001681,0.005343
bright,q_bright_000008,score_sum,qrels,label-derived pairwise preferences from qrels,20,92,0.242105,20,1,False,0,0,0,0,0.0,0.0,0,0,20,ndcg_at_k,0.0,0,1.0,0.688889,1.0,1.0,0.3,1.0,1.0,0.000164,0.000158,5e-05,0.000751,3.7e-05,0.00152,0.004781
bright,q_bright_000008,borda,qrels,label-derived pairwise preferences from qrels,20,92,0.242105,20,1,False,0,0,0,0,0.0,0.0,0,0,20,ndcg_at_k,0.0,0,1.0,0.688889,1.0,1.0,0.3,1.0,1.0,0.000164,0.000158,5e-05,0.000751,2e-05,0.00152,0.004781
bright,q_bright_000008,pagerank,qrels,label-derived pairwise preferences from qrels,20,92,0.242105,20,1,False,0,0,0,0,0.0,0.0,0,0,20,ndcg_at_k,0.0,0,0.4,0.644444,1.0,1.0,0.3,1.0,1.0,0.000164,0.000158,5e-05,0.000751,0.001572,0.00152,0.004781
bright,q_bright_000008,greedy_fas_topological,qrels,label-derived pairwise preferences from qrels,20,92,0.242105,20,1,False,0,0,0,0,0.0,0.0,0,0,20,ndcg_at_k,0.0,0,0.4,0.644444,1.0,1.0,0.3,1.0,1.0,0.000164,0.000158,5e-05,0.000751,7.2e-05,0.00152,0.004781
bright,q_bright_000008,greedy_fas_weighted_balance,qrels,label-derived pairwise preferences from qrels,20,92,0.242105,20,1,False,0,0,0,0,0.0,0.0,0,0,20,ndcg_at_k,0.0,0,1.0,0.688889,1.0,1.0,0.3,1.0,1.0,0.000164,0.000158,5e-05,0.000751,4.8e-05,0.00152,0.004781
bright,q_bright_000008,greedy_fas_copeland,qrels,label-derived pairwise preferences from qrels,20,92,0.242105,20,1,False,0,0,0,0,0.0,0.0,0,0,20,ndcg_at_k,0.0,0,1.0,0.688889,1.0,1.0,0.3,1.0,1.0,0.000164,0.000158,5e-05,0.000751,2.9e-05,0.00152,0.004781
bright,q_bright_000008,greedy_fas_score_augmented_topological,qrels,label-derived pairwise preferences from qrels,20,92,0.242105,20,1,False,0,0,0,0,0.0,0.0,0,0,20,ndcg_at_k,0.0,0,-0.031579,0.733333,1.0,1.0,0.3,1.0,1.0,0.000164,0.000158,5e-05,0.000751,5.6e-05,0.00152,0.004781
bright,q_bright_000008,fas_balance_score_prior_alpha_beta,qrels,label-derived pairwise preferences from qrels,20,92,0.242105,20,1,False,0,0,0,0,0.0,0.0,0,0,20,ndcg_at_k,0.0,0,1.0,0.688889,1.0,1.0,0.3,1.0,1.0,0.000164,0.000158,5e-05,0.000751,6.1e-05,0.00152,0.004781
bright,q_bright_000008,hybrid_rrf_fas_regularized,qrels,label-derived pairwise preferences from qrels,20,92,0.242105,20,1,False,0,0,0,0,0.0,0.0,0,0,20,ndcg_at_k,0.0,0,1.0,0.688889,1.0,1.0,0.3,1.0,1.0,0.000164,0.000158,5e-05,0.000751,5e-05,0.00152,0.004781
bright,q_bright_000008,hybrid_rrf_balance_a05,qrels,label-derived pairwise preferences from qrels,20,92,0.242105,20,1,False,0,0,0,0,0.0,0.0,0,0,20,ndcg_at_k,0.0,0,1.0,0.688889,1.0,1.0,0.3,1.0,1.0,0.000164,0.000158,5e-05,0.000751,4.3e-05,0.00152,0.004781
bright,q_bright_000008,hybrid_rrf_copeland_a03,qrels,label-derived pairwise preferences from qrels,20,92,0.242105,20,1,False,0,0,0,0,0.0,0.0,0,0,20,ndcg_at_k,0.0,0,1.0,0.688889,1.0,1.0,0.3,1.0,1.0,0.000164,0.000158,5e-05,0.000751,5.5e-05,0.00152,0.004781
bright,q_bright_000008,hybrid_rrf_priority_topo_a03,qrels,label-derived pairwise preferences from qrels,20,92,0.242105,20,1,False,0,0,0,0,0.0,0.0,0,0,20,ndcg_at_k,0.0,0,-0.031579,0.733333,1.0,1.0,0.3,1.0,1.0,0.000164,0.000158,5e-05,0.000751,9.5e-05,0.00152,0.004781
bright,q_bright_000047,score_sum,qrels,label-derived pairwise preferences from qrels,20,67,0.176316,20,1,False,0,0,0,0,0.0,0.0,0,0,20,ndcg_at_k,0.0,0,1.0,0.288889,1.0,1.0,0.2,1.0,1.0,0.000156,0.000111,3e-05,0.000647,3e-05,0.001386,0.00444
bright,q_bright_000047,borda,qrels,label-derived pairwise preferences from qrels,20,67,0.176316,20,1,False,0,0,0,0,0.0,0.0,0,0,20,ndcg_at_k,0.0,0,1.0,0.288889,1.0,1.0,0.2,1.0,1.0,0.000156,0.000111,3e-05,0.000647,2.1e-05,0.001386,0.00444
bright,q_bright_000047,pagerank,qrels,label-derived pairwise preferences from qrels,20,67,0.176316,20,1,False,0,0,0,0,0.0,0.0,0,0,20,ndcg_at_k,0.0,0,0.494737,0.6,1.0,1.0,0.2,1.0,1.0,0.000156,0.000111,3e-05,0.000647,0.001609,0.001386,0.00444
bright,q_bright_000047,greedy_fas_topological,qrels,label-derived pairwise preferences from qrels,20,67,0.176316,20,1,False,0,0,0,0,0.0,0.0,0,0,20,ndcg_at_k,0.0,0,0.494737,0.6,1.0,1.0,0.2,1.0,1.0,0.000156,0.000111,3e-05,0.000647,5.8e-05,0.001386,0.00444
bright,q_bright_000047,greedy_fas_weighted_balance,qrels,label-derived pairwise preferences from qrels,20,67,0.176316,20,1,False,0,0,0,0,0.0,0.0,0,0,20,ndcg_at_k,0.0,0,1.0,0.288889,1.0,1.0,0.2,1.0,1.0,0.000156,0.000111,3e-05,0.000647,3.9e-05,0.001386,0.00444
bright,q_bright_000047,greedy_fas_copeland,qrels,label-derived pairwise preferences from qrels,20,67,0.176316,20,1,False,0,0,0,0,0.0,0.0,0,0,20,ndcg_at_k,0.0,0,1.0,0.288889,1.0,1.0,0.2,1.0,1.0,0.000156,0.000111,3e-05,0.000647,2.6e-05,0.001386,0.00444
bright,q_bright_000047,greedy_fas_score_augmented_topological,qrels,label-derived pairwise preferences from qrels,20,67,0.176316,20,1,False,0,0,0,0,0.0,0.0,0,0,20,ndcg_at_k,0.0,0,-0.294737,0.911111,1.0,1.0,0.2,1.0,1.0,0.000156,0.000111,3e-05,0.000647,5.7e-05,0.001386,0.00444
bright,q_bright_000047,fas_balance_score_prior_alpha_beta,qrels,label-derived pairwise preferences from qrels,20,67,0.176316,20,1,False,0,0,0,0,0.0,0.0,0,0,20,ndcg_at_k,0.0,0,1.0,0.288889,1.0,1.0,0.2,1.0,1.0,0.000156,0.000111,3e-05,0.000647,7.3e-05,0.001386,0.00444
bright,q_bright_000047,hybrid_rrf_fas_regularized,qrels,label-derived pairwise preferences from qrels,20,67,0.176316,20,1,False,0,0,0,0,0.0,0.0,0,0,20,ndcg_at_k,0.0,0,1.0,0.288889,1.0,1.0,0.2,1.0,1.0,0.000156,0.000111,3e-05,0.000647,4.3e-05,0.001386,0.00444
bright,q_bright_000047,hybrid_rrf_balance_a05,qrels,label-derived pairwise preferences from qrels,20,67,0.176316,20,1,False,0,0,0,0,0.0,0.0,0,0,20,ndcg_at_k,0.0,0,1.0,0.288889,1.0,1.0,0.2,1.0,1.0,0.000156,0.000111,3e-05,0.000647,3.8e-05,0.001386,0.00444
bright,q_bright_000047,hybrid_rrf_copeland_a03,qrels,label-derived pairwise preferences from qrels,20,67,0.176316,20,1,False,0,0,0,0,0.0,0.0,0,0,20,ndcg_at_k,0.0,0,1.0,0.288889,1.0,1.0,0.2,1.0,1.0,0.000156,0.000111,3e-05,0.000647,3.3e-05,0.001386,0.00444
bright,q_bright_000047,hybrid_rrf_priority_topo_a03,qrels,label-derived pairwise preferences from qrels,20,67,0.176316,20,1,False,0,0,0,0,0.0,0.0,0,0,20,ndcg_at_k,0.0,0,-0.294737,0.911111,1.0,1.0,0.2,1.0,1.0,0.000156,0.000111,3e-05,0.000647,8.3e-05,0.001386,0.00444
bright,q_bright_000059,score_sum,qrels,label-derived pairwise preferences from qrels,20,81,0.213158,20,1,False,0,0,0,0,0.0,0.0,0,0,20,ndcg_at_k,0.0,0,1.0,0.688889,1.0,1.0,0.25,1.0,1.0,0.000155,0.00018,3.1e-05,0.000613,3.4e-05,0.001455,0.004409
bright,q_bright_000059,borda,qrels,label-derived pairwise preferences from qrels,20,81,0.213158,20,1,False,0,0,0,0,0.0,0.0,0,0,20,ndcg_at_k,0.0,0,1.0,0.688889,1.0,1.0,0.25,1.0,1.0,0.000155,0.00018,3.1e-05,0.000613,1.9e-05,0.001455,0.004409
bright,q_bright_000059,pagerank,qrels,label-derived pairwise preferences from qrels,20,81,0.213158,20,1,False,0,0,0,0,0.0,0.0,0,0,20,ndcg_at_k,0.0,0,0.463158,0.644444,1.0,1.0,0.25,1.0,1.0,0.000155,0.00018,3.1e-05,0.000613,0.001451,0.001455,0.004409
bright,q_bright_000059,greedy_fas_topological,qrels,label-derived pairwise preferences from qrels,20,81,0.213158,20,1,False,0,0,0,0,0.0,0.0,0,0,20,ndcg_at_k,0.0,0,0.463158,0.644444,1.0,1.0,0.25,1.0,1.0,0.000155,0.00018,3.1e-05,0.000613,6.1e-05,0.001455,0.004409
bright,q_bright_000059,greedy_fas_weighted_balance,qrels,label-derived pairwise preferences from qrels,20,81,0.213158,20,1,False,0,0,0,0,0.0,0.0,0,0,20,ndcg_at_k,0.0,0,1.0,0.688889,1.0,1.0,0.25,1.0,1.0,0.000155,0.00018,3.1e-05,0.000613,4.1e-05,0.001455,0.004409
bright,q_bright_000059,greedy_fas_copeland,qrels,label-derived pairwise preferences from qrels,20,81,0.213158,20,1,False,0,0,0,0,0.0,0.0,0,0,20,ndcg_at_k,0.0,0,1.0,0.688889,1.0,1.0,0.25,1.0,1.0,0.000155,0.00018,3.1e-05,0.000613,4.4e-05,0.001455,0.004409
bright,q_bright_000059,greedy_fas_score_augmented_topological,qrels,label-derived pairwise preferences from qrels,20,81,0.213158,20,1,False,0,0,0,0,0.0,0.0,0,0,20,ndcg_at_k,0.0,0,-0.147368,0.688889,1.0,1.0,0.25,1.0,1.0,0.000155,0.00018,3.1e-05,0.000613,5.7e-05,0.001455,0.004409
bright,q_bright_000059,fas_balance_score_prior_alpha_beta,qrels,label-derived pairwise preferences from qrels,20,81,0.213158,20,1,False,0,0,0,0,0.0,0.0,0,0,20,ndcg_at_k,0.0,0,1.0,0.688889,1.0,1.0,0.25,1.0,1.0,0.000155,0.00018,3.1e-05,0.000613,5.8e-05,0.001455,0.004409
bright,q_bright_000059,hybrid_rrf_fas_regularized,qrels,label-derived pairwise preferences from qrels,20,81,0.213158,20,1,False,0,0,0,0,0.0,0.0,0,0,20,ndcg_at_k,0.0,0,1.0,0.688889,1.0,1.0,0.25,1.0,1.0,0.000155,0.00018,3.1e-05,0.000613,4.8e-05,0.001455,0.004409
bright,q_bright_000059,hybrid_rrf_balance_a05,qrels,label-derived pairwise preferences from qrels,20,81,0.213158,20,1,False,0,0,0,0,0.0,0.0,0,0,20,ndcg_at_k,0.0,0,1.0,0.688889,1.0,1.0,0.25,1.0,1.0,0.000155,0.00018,3.1e-05,0.000613,4.2e-05,0.001455,0.004409
bright,q_bright_000059,hybrid_rrf_copeland_a03,qrels,label-derived pairwise preferences from qrels,20,81,0.213158,20,1,False,0,0,0,0,0.0,0.0,0,0,20,ndcg_at_k,0.0,0,1.0,0.688889,1.0,1.0,0.25,1.0,1.0,0.000155,0.00018,3.1e-05,0.000613,3.3e-05,0.001455,0.004409
bright,q_bright_000059,hybrid_rrf_priority_topo_a03,qrels,label-derived pairwise preferences from qrels,20,81,0.213158,20,1,False,0,0,0,0,0.0,0.0,0,0,20,ndcg_at_k,0.0,0,-0.147368,0.688889,1.0,1.0,0.25,1.0,1.0,0.000155,0.00018,3.1e-05,0.000613,8.7e-05,0.001455,0.004409
bright,q_bright_000063,score_sum,qrels,label-derived pairwise preferences from qrels,20,111,0.292105,20,1,False,0,0,0,0,0.0,0.0,0,0,20,ndcg_at_k,0.0,0,1.0,0.69697,1.0,1.0,0.4,1.0,1.0,0.000178,0.000169,3.2e-05,0.000969,3.7e-05,0.001601,0.004873
bright,q_bright_000063,borda,qrels,label-derived pairwise preferences from qrels,20,111,0.292105,20,1,False,0,0,0,0,0.0,0.0,0,0,20,ndcg_at_k,0.0,0,1.0,0.69697,1.0,1.0,0.4,1.0,1.0,0.000178,0.000169,3.2e-05,0.000969,2e-05,0.001601,0.004873
bright,q_bright_000063,pagerank,qrels,label-derived pairwise preferences from qrels,20,111,0.292105,20,1,False,0,0,0,0,0.0,0.0,0,0,20,ndcg_at_k,0.0,0,0.589474,0.636364,1.0,1.0,0.4,1.0,1.0,0.000178,0.000169,3.2e-05,0.000969,0.001389,0.001601,0.004873
bright,q_bright_000063,greedy_fas_topological,qrels,label-derived pairwise preferences from qrels,20,111,0.292105,20,1,False,0,0,0,0,0.0,0.0,0,0,20,ndcg_at_k,0.0,0,0.589474,0.636364,1.0,1.0,0.4,1.0,1.0,0.000178,0.000169,3.2e-05,0.000969,6.6e-05,0.001601,0.004873
bright,q_bright_000063,greedy_fas_weighted_balance,qrels,label-derived pairwise preferences from qrels,20,111,0.292105,20,1,False,0,0,0,0,0.0,0.0,0,0,20,ndcg_at_k,0.0,0,1.0,0.69697,1.0,1.0,0.4,1.0,1.0,0.000178,0.000169,3.2e-05,0.000969,4.6e-05,0.001601,0.004873
bright,q_bright_000063,greedy_fas_copeland,qrels,label-derived pairwise preferences from qrels,20,111,0.292105,20,1,False,0,0,0,0,0.0,0.0,0,0,20,ndcg_at_k,0.0,0,1.0,0.69697,1.0,1.0,0.4,1.0,1.0,0.000178,0.000169,3.2e-05,0.000969,2.8e-05,0.001601,0.004873
bright,q_bright_000063,greedy_fas_score_augmented_topological,qrels,label-derived pairwise preferences from qrels,20,111,0.292105,20,1,False,0,0,0,0,0.0,0.0,0,0,20,ndcg_at_k,0.0,0,0.168421,0.727273,1.0,1.0,0.4,1.0,1.0,0.000178,0.000169,3.2e-05,0.000969,5.3e-05,0.001601,0.004873
bright,q_bright_000063,fas_balance_score_prior_alpha_beta,qrels,label-derived pairwise preferences from qrels,20,111,0.292105,20,1,False,0,0,0,0,0.0,0.0,0,0,20,ndcg_at_k,0.0,0,1.0,0.69697,1.0,1.0,0.4,1.0,1.0,0.000178,0.000169,3.2e-05,0.000969,6.3e-05,0.001601,0.004873
bright,q_bright_000063,hybrid_rrf_fas_regularized,qrels,label-derived pairwise preferences from qrels,20,111,0.292105,20,1,False,0,0,0,0,0.0,0.0,0,0,20,ndcg_at_k,0.0,0,1.0,0.69697,1.0,1.0,0.4,1.0,1.0,0.000178,0.000169,3.2e-05,0.000969,5.2e-05,0.001601,0.004873
bright,q_bright_000063,hybrid_rrf_balance_a05,qrels,label-derived pairwise preferences from qrels,20,111,0.292105,20,1,False,0,0,0,0,0.0,0.0,0,0,20,ndcg_at_k,0.0,0,1.0,0.69697,1.0,1.0,0.4,1.0,1.0,0.000178,0.000169,3.2e-05,0.000969,4.7e-05,0.001601,0.004873
bright,q_bright_000063,hybrid_rrf_copeland_a03,qrels,label-derived pairwise preferences from qrels,20,111,0.292105,20,1,False,0,0,0,0,0.0,0.0,0,0,20,ndcg_at_k,0.0,0,1.0,0.69697,1.0,1.0,0.4,1.0,1.0,0.000178,0.000169,3.2e-05,0.000969,3.3e-05,0.001601,0.004873
bright,q_bright_000063,hybrid_rrf_priority_topo_a03,qrels,label-derived pairwise preferences from qrels,20,111,0.292105,20,1,False,0,0,0,0,0.0,0.0,0,0,20,ndcg_at_k,0.0,0,0.168421,0.727273,1.0,1.0,0.4,1.0,1.0,0.000178,0.000169,3.2e-05,0.000969,9e-05,0.001601,0.004873
bright,q_bright_000074,score_sum,qrels,label-derived pairwise preferences from qrels,20,51,0.134211,20,1,False,0,0,0,0,0.0,0.0,0,0,20,ndcg_at_k,0.0,0,1.0,0.888889,1.0,1.0,0.15,1.0,1.0,0.000109,9.4e-05,2.9e-05,0.000479,2.6e-05,0.001355,0.004565
bright,q_bright_000074,borda,qrels,label-derived pairwise preferences from qrels,20,51,0.134211,20,1,False,0,0,0,0,0.0,0.0,0,0,20,ndcg_at_k,0.0,0,1.0,0.888889,1.0,1.0,0.15,1.0,1.0,0.000109,9.4e-05,2.9e-05,0.000479,2e-05,0.001355,0.004565
bright,q_bright_000074,pagerank,qrels,label-derived pairwise preferences from qrels,20,51,0.134211,20,1,False,0,0,0,0,0.0,0.0,0,0,20,ndcg_at_k,0.0,0,0.4,0.444444,1.0,1.0,0.15,1.0,1.0,0.000109,9.4e-05,2.9e-05,0.000479,0.002014,0.001355,0.004565
bright,q_bright_000074,greedy_fas_topological,qrels,label-derived pairwise preferences from qrels,20,51,0.134211,20,1,False,0,0,0,0,0.0,0.0,0,0,20,ndcg_at_k,0.0,0,0.4,0.444444,1.0,1.0,0.15,1.0,1.0,0.000109,9.4e-05,2.9e-05,0.000479,5.7e-05,0.001355,0.004565
bright,q_bright_000074,greedy_fas_weighted_balance,qrels,label-derived pairwise preferences from qrels,20,51,0.134211,20,1,False,0,0,0,0,0.0,0.0,0,0,20,ndcg_at_k,0.0,0,1.0,0.888889,1.0,1.0,0.15,1.0,1.0,0.000109,9.4e-05,2.9e-05,0.000479,3.1e-05,0.001355,0.004565
bright,q_bright_000074,greedy_fas_copeland,qrels,label-derived pairwise preferences from qrels,20,51,0.134211,20,1,False,0,0,0,0,0.0,0.0,0,0,20,ndcg_at_k,0.0,0,1.0,0.888889,1.0,1.0,0.15,1.0,1.0,0.000109,9.4e-05,2.9e-05,0.000479,2.6e-05,0.001355,0.004565
bright,q_bright_000074,greedy_fas_score_augmented_topological,qrels,label-derived pairwise preferences from qrels,20,51,0.134211,20,1,False,0,0,0,0,0.0,0.0,0,0,20,ndcg_at_k,0.0,0,-0.463158,0.111111,1.0,1.0,0.15,1.0,1.0,0.000109,9.4e-05,2.9e-05,0.000479,7.5e-05,0.001355,0.004565
bright,q_bright_000074,fas_balance_score_prior_alpha_beta,qrels,label-derived pairwise preferences from qrels,20,51,0.134211,20,1,False,0,0,0,0,0.0,0.0,0,0,20,ndcg_at_k,0.0,0,1.0,0.888889,1.0,1.0,0.15,1.0,1.0,0.000109,9.4e-05,2.9e-05,0.000479,5e-05,0.001355,0.004565
bright,q_bright_000074,hybrid_rrf_fas_regularized,qrels,label-derived pairwise preferences from qrels,20,51,0.134211,20,1,False,0,0,0,0,0.0,0.0,0,0,20,ndcg_at_k,0.0,0,1.0,0.888889,1.0,1.0,0.15,1.0,1.0,0.000109,9.4e-05,2.9e-05,0.000479,4.3e-05,0.001355,0.004565
bright,q_bright_000074,hybrid_rrf_balance_a05,qrels,label-derived pairwise preferences from qrels,20,51,0.134211,20,1,False,0,0,0,0,0.0,0.0,0,0,20,ndcg_at_k,0.0,0,1.0,0.888889,1.0,1.0,0.15,1.0,1.0,0.000109,9.4e-05,2.9e-05,0.000479,3.6e-05,0.001355,0.004565
bright,q_bright_000074,hybrid_rrf_copeland_a03,qrels,label-derived pairwise preferences from qrels,20,51,0.134211,20,1,False,0,0,0,0,0.0,0.0,0,0,20,ndcg_at_k,0.0,0,1.0,0.888889,1.0,1.0,0.15,1.0,1.0,0.000109,9.4e-05,2.9e-05,0.000479,3.5e-05,0.001355,0.004565
bright,q_bright_000074,hybrid_rrf_priority_topo_a03,qrels,label-derived pairwise preferences from qrels,20,51,0.134211,20,1,False,0,0,0,0,0.0,0.0,0,0,20,ndcg_at_k,0.0,0,-0.463158,0.111111,1.0,1.0,0.15,1.0,1.0,0.000109,9.4e-05,2.9e-05,0.000479,8.6e-05,0.001355,0.004565
bright,q_bright_000044,score_sum,qrels,label-derived pairwise preferences from qrels,20,112,0.294737,20,1,False,0,0,0,0,0.0,0.0,0,0,20,ndcg_at_k,0.0,0,1.0,0.818182,1.0,1.0,0.4,1.0,1.0,0.000266,0.000167,3.3e-05,0.000887,3.9e-05,0.001651,0.005034
bright,q_bright_000044,borda,qrels,label-derived pairwise preferences from qrels,20,112,0.294737,20,1,False,0,0,0,0,0.0,0.0,0,0,20,ndcg_at_k,0.0,0,1.0,0.818182,1.0,1.0,0.4,1.0,1.0,0.000266,0.000167,3.3e-05,0.000887,1.9e-05,0.001651,0.005034
bright,q_bright_000044,pagerank,qrels,label-derived pairwise preferences from qrels,20,112,0.294737,20,1,False,0,0,0,0,0.0,0.0,0,0,20,ndcg_at_k,0.0,0,0.652632,0.757576,1.0,1.0,0.4,1.0,1.0,0.000266,0.000167,3.3e-05,0.000887,0.001475,0.001651,0.005034
bright,q_bright_000044,greedy_fas_topological,qrels,label-derived pairwise preferences from qrels,20,112,0.294737,20,1,False,0,0,0,0,0.0,0.0,0,0,20,ndcg_at_k,0.0,0,0.652632,0.757576,1.0,1.0,0.4,1.0,1.0,0.000266,0.000167,3.3e-05,0.000887,7e-05,0.001651,0.005034
bright,q_bright_000044,greedy_fas_weighted_balance,qrels,label-derived pairwise preferences from qrels,20,112,0.294737,20,1,False,0,0,0,0,0.0,0.0,0,0,20,ndcg_at_k,0.0,0,1.0,0.818182,1.0,1.0,0.4,1.0,1.0,0.000266,0.000167,3.3e-05,0.000887,4.8e-05,0.001651,0.005034
bright,q_bright_000044,greedy_fas_copeland,qrels,label-derived pairwise preferences from qrels,20,112,0.294737,20,1,False,0,0,0,0,0.0,0.0,0,0,20,ndcg_at_k,0.0,0,1.0,0.818182,1.0,1.0,0.4,1.0,1.0,0.000266,0.000167,3.3e-05,0.000887,2.8e-05,0.001651,0.005034
bright,q_bright_000044,greedy_fas_score_augmented_topological,qrels,label-derived pairwise preferences from qrels,20,112,0.294737,20,1,False,0,0,0,0,0.0,0.0,0,0,20,ndcg_at_k,0.0,0,0.178947,0.636364,1.0,1.0,0.4,1.0,1.0,0.000266,0.000167,3.3e-05,0.000887,5.4e-05,0.001651,0.005034
bright,q_bright_000044,fas_balance_score_prior_alpha_beta,qrels,label-derived pairwise preferences from qrels,20,112,0.294737,20,1,False,0,0,0,0,0.0,0.0,0,0,20,ndcg_at_k,0.0,0,1.0,0.818182,1.0,1.0,0.4,1.0,1.0,0.000266,0.000167,3.3e-05,0.000887,6.6e-05,0.001651,0.005034
bright,q_bright_000044,hybrid_rrf_fas_regularized,qrels,label-derived pairwise preferences from qrels,20,112,0.294737,20,1,False,0,0,0,0,0.0,0.0,0,0,20,ndcg_at_k,0.0,0,1.0,0.818182,1.0,1.0,0.4,1.0,1.0,0.000266,0.000167,3.3e-05,0.000887,5.5e-05,0.001651,0.005034
bright,q_bright_000044,hybrid_rrf_balance_a05,qrels,label-derived pairwise preferences from qrels,20,112,0.294737,20,1,False,0,0,0,0,0.0,0.0,0,0,20,ndcg_at_k,0.0,0,1.0,0.818182,1.0,1.0,0.4,1.0,1.0,0.000266,0.000167,3.3e-05,0.000887,4.9e-05,0.001651,0.005034
bright,q_bright_000044,hybrid_rrf_copeland_a03,qrels,label-derived pairwise preferences from qrels,20,112,0.294737,20,1,False,0,0,0,0,0.0,0.0,0,0,20,ndcg_at_k,0.0,0,1.0,0.818182,1.0,1.0,0.4,1.0,1.0,0.000266,0.000167,3.3e-05,0.000887,3.3e-05,0.001651,0.005034
bright,q_bright_000044,hybrid_rrf_priority_topo_a03,qrels,label-derived pairwise preferences from qrels,20,112,0.294737,20,1,False,0,0,0,0,0.0,0.0,0,0,20,ndcg_at_k,0.0,0,0.178947,0.636364,1.0,1.0,0.4,1.0,1.0,0.000266,0.000167,3.3e-05,0.000887,9.4e-05,0.001651,0.005034
bright,q_bright_000098,score_sum,qrels,label-derived pairwise preferences from qrels,20,67,0.176316,20,1,False,0,0,0,0,0.0,0.0,0,0,20,ndcg_at_k,0.0,0,1.0,0.611111,1.0,1.0,0.2,1.0,1.0,0.000128,0.000108,2.9e-05,0.000567,2.9e-05,0.001416,0.004412
bright,q_bright_000098,borda,qrels,label-derived pairwise preferences from qrels,20,67,0.176316,20,1,False,0,0,0,0,0.0,0.0,0,0,20,ndcg_at_k,0.0,0,1.0,0.611111,1.0,1.0,0.2,1.0,1.0,0.000128,0.000108,2.9e-05,0.000567,2e-05,0.001416,0.004412
bright,q_bright_000098,pagerank,qrels,label-derived pairwise preferences from qrels,20,67,0.176316,20,1,False,0,0,0,0,0.0,0.0,0,0,20,ndcg_at_k,0.0,0,0.431579,0.666667,1.0,1.0,0.2,1.0,1.0,0.000128,0.000108,2.9e-05,0.000567,0.001659,0.001416,0.004412
bright,q_bright_000098,greedy_fas_topological,qrels,label-derived pairwise preferences from qrels,20,67,0.176316,20,1,False,0,0,0,0,0.0,0.0,0,0,20,ndcg_at_k,0.0,0,0.431579,0.666667,1.0,1.0,0.2,1.0,1.0,0.000128,0.000108,2.9e-05,0.000567,5.9e-05,0.001416,0.004412
bright,q_bright_000098,greedy_fas_weighted_balance,qrels,label-derived pairwise preferences from qrels,20,67,0.176316,20,1,False,0,0,0,0,0.0,0.0,0,0,20,ndcg_at_k,0.0,0,1.0,0.611111,1.0,1.0,0.2,1.0,1.0,0.000128,0.000108,2.9e-05,0.000567,3.7e-05,0.001416,0.004412
bright,q_bright_000098,greedy_fas_copeland,qrels,label-derived pairwise preferences from qrels,20,67,0.176316,20,1,False,0,0,0,0,0.0,0.0,0,0,20,ndcg_at_k,0.0,0,1.0,0.611111,1.0,1.0,0.2,1.0,1.0,0.000128,0.000108,2.9e-05,0.000567,2.7e-05,0.001416,0.004412
bright,q_bright_000098,greedy_fas_score_augmented_topological,qrels,label-derived pairwise preferences from qrels,20,67,0.176316,20,1,False,0,0,0,0,0.0,0.0,0,0,20,ndcg_at_k,0.0,0,-0.294737,0.666667,1.0,1.0,0.2,1.0,1.0,0.000128,0.000108,2.9e-05,0.000567,5.8e-05,0.001416,0.004412
bright,q_bright_000098,fas_balance_score_prior_alpha_beta,qrels,label-derived pairwise preferences from qrels,20,67,0.176316,20,1,False,0,0,0,0,0.0,0.0,0,0,20,ndcg_at_k,0.0,0,1.0,0.611111,1.0,1.0,0.2,1.0,1.0,0.000128,0.000108,2.9e-05,0.000567,5.3e-05,0.001416,0.004412
bright,q_bright_000098,hybrid_rrf_fas_regularized,qrels,label-derived pairwise preferences from qrels,20,67,0.176316,20,1,False,0,0,0,0,0.0,0.0,0,0,20,ndcg_at_k,0.0,0,1.0,0.611111,1.0,1.0,0.2,1.0,1.0,0.000128,0.000108,2.9e-05,0.000567,4.4e-05,0.001416,0.004412
bright,q_bright_000098,hybrid_rrf_balance_a05,qrels,label-derived pairwise preferences from qrels,20,67,0.176316,20,1,False,0,0,0,0,0.0,0.0,0,0,20,ndcg_at_k,0.0,0,1.0,0.611111,1.0,1.0,0.2,1.0,1.0,0.000128,0.000108,2.9e-05,0.000567,3.9e-05,0.001416,0.004412
bright,q_bright_000098,hybrid_rrf_copeland_a03,qrels,label-derived pairwise preferences from qrels,20,67,0.176316,20,1,False,0,0,0,0,0.0,0.0,0,0,20,ndcg_at_k,0.0,0,1.0,0.611111,1.0,1.0,0.2,1.0,1.0,0.000128,0.000108,2.9e-05,0.000567,3.2e-05,0.001416,0.004412
bright,q_bright_000098,hybrid_rrf_priority_topo_a03,qrels,label-derived pairwise preferences from qrels,20,67,0.176316,20,1,False,0,0,0,0,0.0,0.0,0,0,20,ndcg_at_k,0.0,0,-0.294737,0.666667,1.0,1.0,0.2,1.0,1.0,0.000128,0.000108,2.9e-05,0.000567,0.000107,0.001416,0.004412
bright,q_bright_000052,score_sum,qrels,label-derived pairwise preferences from qrels,20,75,0.197368,20,1,False,0,0,0,0,0.0,0.0,0,0,20,ndcg_at_k,0.0,0,1.0,0.644444,1.0,1.0,0.25,1.0,1.0,0.000151,0.000199,3.1e-05,0.000682,3.4e-05,0.001464,0.004891
bright,q_bright_000052,borda,qrels,label-derived pairwise preferences from qrels,20,75,0.197368,20,1,False,0,0,0,0,0.0,0.0,0,0,20,ndcg_at_k,0.0,0,1.0,0.644444,1.0,1.0,0.25,1.0,1.0,0.000151,0.000199,3.1e-05,0.000682,2.1e-05,0.001464,0.004891
bright,q_bright_000052,pagerank,qrels,label-derived pairwise preferences from qrels,20,75,0.197368,20,1,False,0,0,0,0,0.0,0.0,0,0,20,ndcg_at_k,0.0,0,0.463158,0.6,1.0,1.0,0.25,1.0,1.0,0.000151,0.000199,3.1e-05,0.000682,0.001849,0.001464,0.004891
bright,q_bright_000052,greedy_fas_topological,qrels,label-derived pairwise preferences from qrels,20,75,0.197368,20,1,False,0,0,0,0,0.0,0.0,0,0,20,ndcg_at_k,0.0,0,0.463158,0.6,1.0,1.0,0.25,1.0,1.0,0.000151,0.000199,3.1e-05,0.000682,6.5e-05,0.001464,0.004891
bright,q_bright_000052,greedy_fas_weighted_balance,qrels,label-derived pairwise preferences from qrels,20,75,0.197368,20,1,False,0,0,0,0,0.0,0.0,0,0,20,ndcg_at_k,0.0,0,1.0,0.644444,1.0,1.0,0.25,1.0,1.0,0.000151,0.000199,3.1e-05,0.000682,4.4e-05,0.001464,0.004891
bright,q_bright_000052,greedy_fas_copeland,qrels,label-derived pairwise preferences from qrels,20,75,0.197368,20,1,False,0,0,0,0,0.0,0.0,0,0,20,ndcg_at_k,0.0,0,1.0,0.644444,1.0,1.0,0.25,1.0,1.0,0.000151,0.000199,3.1e-05,0.000682,2.8e-05,0.001464,0.004891
bright,q_bright_000052,greedy_fas_score_augmented_topological,qrels,label-derived pairwise preferences from qrels,20,75,0.197368,20,1,False,0,0,0,0,0.0,0.0,0,0,20,ndcg_at_k,0.0,0,-0.210526,0.466667,1.0,1.0,0.25,1.0,1.0,0.000151,0.000199,3.1e-05,0.000682,5.6e-05,0.001464,0.004891
bright,q_bright_000052,fas_balance_score_prior_alpha_beta,qrels,label-derived pairwise preferences from qrels,20,75,0.197368,20,1,False,0,0,0,0,0.0,0.0,0,0,20,ndcg_at_k,0.0,0,1.0,0.644444,1.0,1.0,0.25,1.0,1.0,0.000151,0.000199,3.1e-05,0.000682,5.7e-05,0.001464,0.004891
bright,q_bright_000052,hybrid_rrf_fas_regularized,qrels,label-derived pairwise preferences from qrels,20,75,0.197368,20,1,False,0,0,0,0,0.0,0.0,0,0,20,ndcg_at_k,0.0,0,1.0,0.644444,1.0,1.0,0.25,1.0,1.0,0.000151,0.000199,3.1e-05,0.000682,4.7e-05,0.001464,0.004891
bright,q_bright_000052,hybrid_rrf_balance_a05,qrels,label-derived pairwise preferences from qrels,20,75,0.197368,20,1,False,0,0,0,0,0.0,0.0,0,0,20,ndcg_at_k,0.0,0,1.0,0.644444,1.0,1.0,0.25,1.0,1.0,0.000151,0.000199,3.1e-05,0.000682,4.2e-05,0.001464,0.004891
bright,q_bright_000052,hybrid_rrf_copeland_a03,qrels,label-derived pairwise preferences from qrels,20,75,0.197368,20,1,False,0,0,0,0,0.0,0.0,0,0,20,ndcg_at_k,0.0,0,1.0,0.644444,1.0,1.0,0.25,1.0,1.0,0.000151,0.000199,3.1e-05,0.000682,3.3e-05,0.001464,0.004891
bright,q_bright_000052,hybrid_rrf_priority_topo_a03,qrels,label-derived pairwise preferences from qrels,20,75,0.197368,20,1,False,0,0,0,0,0.0,0.0,0,0,20,ndcg_at_k,0.0,0,-0.210526,0.466667,1.0,1.0,0.25,1.0,1.0,0.000151,0.000199,3.1e-05,0.000682,8.8e-05,0.001464,0.004891
bright,q_bright_000085,score_sum,qrels,label-derived pairwise preferences from qrels,20,64,0.168421,20,1,False,0,0,0,0,0.0,0.0,0,0,20,ndcg_at_k,0.0,0,1.0,0.6,1.0,1.0,0.2,1.0,1.0,0.000152,0.000115,3e-05,0.000691,3e-05,0.001401,0.004841
bright,q_bright_000085,borda,qrels,label-derived pairwise preferences from qrels,20,64,0.168421,20,1,False,0,0,0,0,0.0,0.0,0,0,20,ndcg_at_k,0.0,0,1.0,0.6,1.0,1.0,0.2,1.0,1.0,0.000152,0.000115,3e-05,0.000691,2e-05,0.001401,0.004841
bright,q_bright_000085,pagerank,qrels,label-derived pairwise preferences from qrels,20,64,0.168421,20,1,False,0,0,0,0,0.0,0.0,0,0,20,ndcg_at_k,0.0,0,0.094737,0.555556,1.0,1.0,0.2,1.0,1.0,0.000152,0.000115,3e-05,0.000691,0.001939,0.001401,0.004841
bright,q_bright_000085,greedy_fas_topological,qrels,label-derived pairwise preferences from qrels,20,64,0.168421,20,1,False,0,0,0,0,0.0,0.0,0,0,20,ndcg_at_k,0.0,0,0.094737,0.555556,1.0,1.0,0.2,1.0,1.0,0.000152,0.000115,3e-05,0.000691,6.3e-05,0.001401,0.004841
bright,q_bright_000085,greedy_fas_weighted_balance,qrels,label-derived pairwise preferences from qrels,20,64,0.168421,20,1,False,0,0,0,0,0.0,0.0,0,0,20,ndcg_at_k,0.0,0,1.0,0.6,1.0,1.0,0.2,1.0,1.0,0.000152,0.000115,3e-05,0.000691,3.9e-05,0.001401,0.004841
bright,q_bright_000085,greedy_fas_copeland,qrels,label-derived pairwise preferences from qrels,20,64,0.168421,20,1,False,0,0,0,0,0.0,0.0,0,0,20,ndcg_at_k,0.0,0,1.0,0.6,1.0,1.0,0.2,1.0,1.0,0.000152,0.000115,3e-05,0.000691,2.7e-05,0.001401,0.004841
bright,q_bright_000085,greedy_fas_score_augmented_topological,qrels,label-derived pairwise preferences from qrels,20,64,0.168421,20,1,False,0,0,0,0,0.0,0.0,0,0,20,ndcg_at_k,0.0,0,-0.326316,0.466667,1.0,1.0,0.2,1.0,1.0,0.000152,0.000115,3e-05,0.000691,5.8e-05,0.001401,0.004841
bright,q_bright_000085,fas_balance_score_prior_alpha_beta,qrels,label-derived pairwise preferences from qrels,20,64,0.168421,20,1,False,0,0,0,0,0.0,0.0,0,0,20,ndcg_at_k,0.0,0,1.0,0.6,1.0,1.0,0.2,1.0,1.0,0.000152,0.000115,3e-05,0.000691,5.4e-05,0.001401,0.004841
bright,q_bright_000085,hybrid_rrf_fas_regularized,qrels,label-derived pairwise preferences from qrels,20,64,0.168421,20,1,False,0,0,0,0,0.0,0.0,0,0,20,ndcg_at_k,0.0,0,1.0,0.6,1.0,1.0,0.2,1.0,1.0,0.000152,0.000115,3e-05,0.000691,4.6e-05,0.001401,0.004841
bright,q_bright_000085,hybrid_rrf_balance_a05,qrels,label-derived pairwise preferences from qrels,20,64,0.168421,20,1,False,0,0,0,0,0.0,0.0,0,0,20,ndcg_at_k,0.0,0,1.0,0.6,1.0,1.0,0.2,1.0,1.0,0.000152,0.000115,3e-05,0.000691,5.7e-05,0.001401,0.004841
bright,q_bright_000085,hybrid_rrf_copeland_a03,qrels,label-derived pairwise preferences from qrels,20,64,0.168421,20,1,False,0,0,0,0,0.0,0.0,0,0,20,ndcg_at_k,0.0,0,1.0,0.6,1.0,1.0,0.2,1.0,1.0,0.000152,0.000115,3e-05,0.000691,3.4e-05,0.001401,0.004841
bright,q_bright_000085,hybrid_rrf_priority_topo_a03,qrels,label-derived pairwise preferences from qrels,20,64,0.168421,20,1,False,0,0,0,0,0.0,0.0,0,0,20,ndcg_at_k,0.0,0,-0.326316,0.466667,1.0,1.0,0.2,1.0,1.0,0.000152,0.000115,3e-05,0.000691,8.5e-05,0.001401,0.004841
bright,q_bright_000012,score_sum,qrels,label-derived pairwise preferences from qrels,20,103,0.271053,20,1,False,0,0,0,0,0.0,0.0,0,0,20,ndcg_at_k,0.0,0,1.0,0.636364,1.0,1.0,0.4,1.0,1.0,0.000235,0.000172,3.2e-05,0.000624,3.6e-05,0.001518,0.005734
bright,q_bright_000012,borda,qrels,label-derived pairwise preferences from qrels,20,103,0.271053,20,1,False,0,0,0,0,0.0,0.0,0,0,20,ndcg_at_k,0.0,0,1.0,0.636364,1.0,1.0,0.4,1.0,1.0,0.000235,0.000172,3.2e-05,0.000624,2e-05,0.001518,0.005734
bright,q_bright_000012,pagerank,qrels,label-derived pairwise preferences from qrels,20,103,0.271053,20,1,False,0,0,0,0,0.0,0.0,0,0,20,ndcg_at_k,0.0,0,0.4,0.69697,1.0,1.0,0.4,1.0,1.0,0.000235,0.000172,3.2e-05,0.000624,0.002547,0.001518,0.005734
bright,q_bright_000012,greedy_fas_topological,qrels,label-derived pairwise preferences from qrels,20,103,0.271053,20,1,False,0,0,0,0,0.0,0.0,0,0,20,ndcg_at_k,0.0,0,0.4,0.69697,1.0,1.0,0.4,1.0,1.0,0.000235,0.000172,3.2e-05,0.000624,6.6e-05,0.001518,0.005734
bright,q_bright_000012,greedy_fas_weighted_balance,qrels,label-derived pairwise preferences from qrels,20,103,0.271053,20,1,False,0,0,0,0,0.0,0.0,0,0,20,ndcg_at_k,0.0,0,1.0,0.636364,1.0,1.0,0.4,1.0,1.0,0.000235,0.000172,3.2e-05,0.000624,6.3e-05,0.001518,0.005734
bright,q_bright_000012,greedy_fas_copeland,qrels,label-derived pairwise preferences from qrels,20,103,0.271053,20,1,False,0,0,0,0,0.0,0.0,0,0,20,ndcg_at_k,0.0,0,1.0,0.636364,1.0,1.0,0.4,1.0,1.0,0.000235,0.000172,3.2e-05,0.000624,2.9e-05,0.001518,0.005734
bright,q_bright_000012,greedy_fas_score_augmented_topological,qrels,label-derived pairwise preferences from qrels,20,103,0.271053,20,1,False,0,0,0,0,0.0,0.0,0,0,20,ndcg_at_k,0.0,0,0.084211,0.545455,1.0,1.0,0.4,1.0,1.0,0.000235,0.000172,3.2e-05,0.000624,5.4e-05,0.001518,0.005734
bright,q_bright_000012,fas_balance_score_prior_alpha_beta,qrels,label-derived pairwise preferences from qrels,20,103,0.271053,20,1,False,0,0,0,0,0.0,0.0,0,0,20,ndcg_at_k,0.0,0,1.0,0.636364,1.0,1.0,0.4,1.0,1.0,0.000235,0.000172,3.2e-05,0.000624,6.5e-05,0.001518,0.005734
bright,q_bright_000012,hybrid_rrf_fas_regularized,qrels,label-derived pairwise preferences from qrels,20,103,0.271053,20,1,False,0,0,0,0,0.0,0.0,0,0,20,ndcg_at_k,0.0,0,1.0,0.636364,1.0,1.0,0.4,1.0,1.0,0.000235,0.000172,3.2e-05,0.000624,5.1e-05,0.001518,0.005734
bright,q_bright_000012,hybrid_rrf_balance_a05,qrels,label-derived pairwise preferences from qrels,20,103,0.271053,20,1,False,0,0,0,0,0.0,0.0,0,0,20,ndcg_at_k,0.0,0,1.0,0.636364,1.0,1.0,0.4,1.0,1.0,0.000235,0.000172,3.2e-05,0.000624,4.4e-05,0.001518,0.005734
bright,q_bright_000012,hybrid_rrf_copeland_a03,qrels,label-derived pairwise preferences from qrels,20,103,0.271053,20,1,False,0,0,0,0,0.0,0.0,0,0,20,ndcg_at_k,0.0,0,1.0,0.636364,1.0,1.0,0.4,1.0,1.0,0.000235,0.000172,3.2e-05,0.000624,5e-05,0.001518,0.005734
bright,q_bright_000012,hybrid_rrf_priority_topo_a03,qrels,label-derived pairwise preferences from qrels,20,103,0.271053,20,1,False,0,0,0,0,0.0,0.0,0,0,20,ndcg_at_k,0.0,0,0.084211,0.545455,1.0,1.0,0.4,1.0,1.0,0.000235,0.000172,3.2e-05,0.000624,0.000128,0.001518,0.005734
bright,q_bright_000036,score_sum,qrels,label-derived pairwise preferences from qrels,20,51,0.134211,20,1,False,0,0,0,0,0.0,0.0,0,0,20,ndcg_at_k,0.0,0,1.0,0.511111,1.0,1.0,0.15,1.0,1.0,0.000116,9.3e-05,2.8e-05,0.000559,2.8e-05,0.001382,0.004715
bright,q_bright_000036,borda,qrels,label-derived pairwise preferences from qrels,20,51,0.134211,20,1,False,0,0,0,0,0.0,0.0,0,0,20,ndcg_at_k,0.0,0,1.0,0.511111,1.0,1.0,0.15,1.0,1.0,0.000116,9.3e-05,2.8e-05,0.000559,2.1e-05,0.001382,0.004715
bright,q_bright_000036,pagerank,qrels,label-derived pairwise preferences from qrels,20,51,0.134211,20,1,False,0,0,0,0,0.0,0.0,0,0,20,ndcg_at_k,0.0,0,0.2,0.466667,1.0,1.0,0.15,1.0,1.0,0.000116,9.3e-05,2.8e-05,0.000559,0.002049,0.001382,0.004715
bright,q_bright_000036,greedy_fas_topological,qrels,label-derived pairwise preferences from qrels,20,51,0.134211,20,1,False,0,0,0,0,0.0,0.0,0,0,20,ndcg_at_k,0.0,0,0.2,0.466667,1.0,1.0,0.15,1.0,1.0,0.000116,9.3e-05,2.8e-05,0.000559,5.7e-05,0.001382,0.004715
bright,q_bright_000036,greedy_fas_weighted_balance,qrels,label-derived pairwise preferences from qrels,20,51,0.134211,20,1,False,0,0,0,0,0.0,0.0,0,0,20,ndcg_at_k,0.0,0,1.0,0.511111,1.0,1.0,0.15,1.0,1.0,0.000116,9.3e-05,2.8e-05,0.000559,3.4e-05,0.001382,0.004715
bright,q_bright_000036,greedy_fas_copeland,qrels,label-derived pairwise preferences from qrels,20,51,0.134211,20,1,False,0,0,0,0,0.0,0.0,0,0,20,ndcg_at_k,0.0,0,1.0,0.511111,1.0,1.0,0.15,1.0,1.0,0.000116,9.3e-05,2.8e-05,0.000559,2.6e-05,0.001382,0.004715
bright,q_bright_000036,greedy_fas_score_augmented_topological,qrels,label-derived pairwise preferences from qrels,20,51,0.134211,20,1,False,0,0,0,0,0.0,0.0,0,0,20,ndcg_at_k,0.0,0,-0.463158,0.422222,1.0,1.0,0.15,1.0,1.0,0.000116,9.3e-05,2.8e-05,0.000559,5.7e-05,0.001382,0.004715
bright,q_bright_000036,fas_balance_score_prior_alpha_beta,qrels,label-derived pairwise preferences from qrels,20,51,0.134211,20,1,False,0,0,0,0,0.0,0.0,0,0,20,ndcg_at_k,0.0,0,1.0,0.511111,1.0,1.0,0.15,1.0,1.0,0.000116,9.3e-05,2.8e-05,0.000559,5.1e-05,0.001382,0.004715
bright,q_bright_000036,hybrid_rrf_fas_regularized,qrels,label-derived pairwise preferences from qrels,20,51,0.134211,20,1,False,0,0,0,0,0.0,0.0,0,0,20,ndcg_at_k,0.0,0,1.0,0.511111,1.0,1.0,0.15,1.0,1.0,0.000116,9.3e-05,2.8e-05,0.000559,4.2e-05,0.001382,0.004715
bright,q_bright_000036,hybrid_rrf_balance_a05,qrels,label-derived pairwise preferences from qrels,20,51,0.134211,20,1,False,0,0,0,0,0.0,0.0,0,0,20,ndcg_at_k,0.0,0,1.0,0.511111,1.0,1.0,0.15,1.0,1.0,0.000116,9.3e-05,2.8e-05,0.000559,5.4e-05,0.001382,0.004715
bright,q_bright_000036,hybrid_rrf_copeland_a03,qrels,label-derived pairwise preferences from qrels,20,51,0.134211,20,1,False,0,0,0,0,0.0,0.0,0,0,20,ndcg_at_k,0.0,0,1.0,0.511111,1.0,1.0,0.15,1.0,1.0,0.000116,9.3e-05,2.8e-05,0.000559,3.3e-05,0.001382,0.004715
bright,q_bright_000036,hybrid_rrf_priority_topo_a03,qrels,label-derived pairwise preferences from qrels,20,51,0.134211,20,1,False,0,0,0,0,0.0,0.0,0,0,20,ndcg_at_k,0.0,0,-0.463158,0.422222,1.0,1.0,0.15,1.0,1.0,0.000116,9.3e-05,2.8e-05,0.000559,8.5e-05,0.001382,0.004715
bright,q_bright_000023,score_sum,qrels,label-derived pairwise preferences from qrels,20,53,0.139474,20,1,False,0,0,0,0,0.0,0.0,0,0,20,ndcg_at_k,0.0,0,1.0,0.709091,1.0,1.0,0.15,1.0,1.0,0.000131,0.000101,2.9e-05,0.000481,2.8e-05,0.001336,0.004058
bright,q_bright_000023,borda,qrels,label-derived pairwise preferences from qrels,20,53,0.139474,20,1,False,0,0,0,0,0.0,0.0,0,0,20,ndcg_at_k,0.0,0,1.0,0.709091,1.0,1.0,0.15,1.0,1.0,0.000131,0.000101,2.9e-05,0.000481,1.9e-05,0.001336,0.004058
bright,q_bright_000023,pagerank,qrels,label-derived pairwise preferences from qrels,20,53,0.139474,20,1,False,0,0,0,0,0.0,0.0,0,0,20,ndcg_at_k,0.0,0,0.178947,0.345455,1.0,1.0,0.15,1.0,1.0,0.000131,0.000101,2.9e-05,0.000481,0.001512,0.001336,0.004058
bright,q_bright_000023,greedy_fas_topological,qrels,label-derived pairwise preferences from qrels,20,53,0.139474,20,1,False,0,0,0,0,0.0,0.0,0,0,20,ndcg_at_k,0.0,0,0.178947,0.345455,1.0,1.0,0.15,1.0,1.0,0.000131,0.000101,2.9e-05,0.000481,5.9e-05,0.001336,0.004058
bright,q_bright_000023,greedy_fas_weighted_balance,qrels,label-derived pairwise preferences from qrels,20,53,0.139474,20,1,False,0,0,0,0,0.0,0.0,0,0,20,ndcg_at_k,0.0,0,1.0,0.709091,1.0,1.0,0.15,1.0,1.0,0.000131,0.000101,2.9e-05,0.000481,3.5e-05,0.001336,0.004058
bright,q_bright_000023,greedy_fas_copeland,qrels,label-derived pairwise preferences from qrels,20,53,0.139474,20,1,False,0,0,0,0,0.0,0.0,0,0,20,ndcg_at_k,0.0,0,1.0,0.709091,1.0,1.0,0.15,1.0,1.0,0.000131,0.000101,2.9e-05,0.000481,2.6e-05,0.001336,0.004058
bright,q_bright_000023,greedy_fas_score_augmented_topological,qrels,label-derived pairwise preferences from qrels,20,53,0.139474,20,1,False,0,0,0,0,0.0,0.0,0,0,20,ndcg_at_k,0.0,0,-0.442105,0.236364,1.0,1.0,0.15,1.0,1.0,0.000131,0.000101,2.9e-05,0.000481,5.8e-05,0.001336,0.004058
bright,q_bright_000023,fas_balance_score_prior_alpha_beta,qrels,label-derived pairwise preferences from qrels,20,53,0.139474,20,1,False,0,0,0,0,0.0,0.0,0,0,20,ndcg_at_k,0.0,0,1.0,0.709091,1.0,1.0,0.15,1.0,1.0,0.000131,0.000101,2.9e-05,0.000481,5e-05,0.001336,0.004058
bright,q_bright_000023,hybrid_rrf_fas_regularized,qrels,label-derived pairwise preferences from qrels,20,53,0.139474,20,1,False,0,0,0,0,0.0,0.0,0,0,20,ndcg_at_k,0.0,0,1.0,0.709091,1.0,1.0,0.15,1.0,1.0,0.000131,0.000101,2.9e-05,0.000481,4.2e-05,0.001336,0.004058
bright,q_bright_000023,hybrid_rrf_balance_a05,qrels,label-derived pairwise preferences from qrels,20,53,0.139474,20,1,False,0,0,0,0,0.0,0.0,0,0,20,ndcg_at_k,0.0,0,1.0,0.709091,1.0,1.0,0.15,1.0,1.0,0.000131,0.000101,2.9e-05,0.000481,3.5e-05,0.001336,0.004058
bright,q_bright_000023,hybrid_rrf_copeland_a03,qrels,label-derived pairwise preferences from qrels,20,53,0.139474,20,1,False,0,0,0,0,0.0,0.0,0,0,20,ndcg_at_k,0.0,0,1.0,0.709091,1.0,1.0,0.15,1.0,1.0,0.000131,0.000101,2.9e-05,0.000481,3.2e-05,0.001336,0.004058
bright,q_bright_000023,hybrid_rrf_priority_topo_a03,qrels,label-derived pairwise preferences from qrels,20,53,0.139474,20,1,False,0,0,0,0,0.0,0.0,0,0,20,ndcg_at_k,0.0,0,-0.442105,0.236364,1.0,1.0,0.15,1.0,1.0,0.000131,0.000101,2.9e-05,0.000481,8.4e-05,0.001336,0.004058
bright,q_bright_000039,score_sum,qrels,label-derived pairwise preferences from qrels,20,67,0.176316,20,1,False,0,0,0,0,0.0,0.0,0,0,20,ndcg_at_k,0.0,0,1.0,0.6,1.0,1.0,0.2,1.0,1.0,0.00013,0.000123,3.3e-05,0.000472,3.3e-05,0.001405,0.004242
bright,q_bright_000039,borda,qrels,label-derived pairwise preferences from qrels,20,67,0.176316,20,1,False,0,0,0,0,0.0,0.0,0,0,20,ndcg_at_k,0.0,0,1.0,0.6,1.0,1.0,0.2,1.0,1.0,0.00013,0.000123,3.3e-05,0.000472,2.3e-05,0.001405,0.004242
bright,q_bright_000039,pagerank,qrels,label-derived pairwise preferences from qrels,20,67,0.176316,20,1,False,0,0,0,0,0.0,0.0,0,0,20,ndcg_at_k,0.0,0,0.378947,0.555556,1.0,1.0,0.2,1.0,1.0,0.00013,0.000123,3.3e-05,0.000472,0.001581,0.001405,0.004242
bright,q_bright_000039,greedy_fas_topological,qrels,label-derived pairwise preferences from qrels,20,67,0.176316,20,1,False,0,0,0,0,0.0,0.0,0,0,20,ndcg_at_k,0.0,0,0.378947,0.555556,1.0,1.0,0.2,1.0,1.0,0.00013,0.000123,3.3e-05,0.000472,6.4e-05,0.001405,0.004242
bright,q_bright_000039,greedy_fas_weighted_balance,qrels,label-derived pairwise preferences from qrels,20,67,0.176316,20,1,False,0,0,0,0,0.0,0.0,0,0,20,ndcg_at_k,0.0,0,1.0,0.6,1.0,1.0,0.2,1.0,1.0,0.00013,0.000123,3.3e-05,0.000472,3.9e-05,0.001405,0.004242
bright,q_bright_000039,greedy_fas_copeland,qrels,label-derived pairwise preferences from qrels,20,67,0.176316,20,1,False,0,0,0,0,0.0,0.0,0,0,20,ndcg_at_k,0.0,0,1.0,0.6,1.0,1.0,0.2,1.0,1.0,0.00013,0.000123,3.3e-05,0.000472,2.7e-05,0.001405,0.004242
bright,q_bright_000039,greedy_fas_score_augmented_topological,qrels,label-derived pairwise preferences from qrels,20,67,0.176316,20,1,False,0,0,0,0,0.0,0.0,0,0,20,ndcg_at_k,0.0,0,-0.294737,0.6,1.0,1.0,0.2,1.0,1.0,0.00013,0.000123,3.3e-05,0.000472,5.8e-05,0.001405,0.004242
bright,q_bright_000039,fas_balance_score_prior_alpha_beta,qrels,label-derived pairwise preferences from qrels,20,67,0.176316,20,1,False,0,0,0,0,0.0,0.0,0,0,20,ndcg_at_k,0.0,0,1.0,0.6,1.0,1.0,0.2,1.0,1.0,0.00013,0.000123,3.3e-05,0.000472,5.4e-05,0.001405,0.004242
bright,q_bright_000039,hybrid_rrf_fas_regularized,qrels,label-derived pairwise preferences from qrels,20,67,0.176316,20,1,False,0,0,0,0,0.0,0.0,0,0,20,ndcg_at_k,0.0,0,1.0,0.6,1.0,1.0,0.2,1.0,1.0,0.00013,0.000123,3.3e-05,0.000472,4.4e-05,0.001405,0.004242
bright,q_bright_000039,hybrid_rrf_balance_a05,qrels,label-derived pairwise preferences from qrels,20,67,0.176316,20,1,False,0,0,0,0,0.0,0.0,0,0,20,ndcg_at_k,0.0,0,1.0,0.6,1.0,1.0,0.2,1.0,1.0,0.00013,0.000123,3.3e-05,0.000472,3.8e-05,0.001405,0.004242
bright,q_bright_000039,hybrid_rrf_copeland_a03,qrels,label-derived pairwise preferences from qrels,20,67,0.176316,20,1,False,0,0,0,0,0.0,0.0,0,0,20,ndcg_at_k,0.0,0,1.0,0.6,1.0,1.0,0.2,1.0,1.0,0.00013,0.000123,3.3e-05,0.000472,3.2e-05,0.001405,0.004242
bright,q_bright_000039,hybrid_rrf_priority_topo_a03,qrels,label-derived pairwise preferences from qrels,20,67,0.176316,20,1,False,0,0,0,0,0.0,0.0,0,0,20,ndcg_at_k,0.0,0,-0.294737,0.6,1.0,1.0,0.2,1.0,1.0,0.00013,0.000123,3.3e-05,0.000472,8.6e-05,0.001405,0.004242
bright,q_bright_000040,score_sum,qrels,label-derived pairwise preferences from qrels,20,112,0.294737,20,1,False,0,0,0,0,0.0,0.0,0,0,20,ndcg_at_k,0.0,0,1.0,0.717949,1.0,1.0,0.4,1.0,1.0,0.000255,0.00016,3.5e-05,0.00094,4e-05,0.001642,0.005
bright,q_bright_000040,borda,qrels,label-derived pairwise preferences from qrels,20,112,0.294737,20,1,False,0,0,0,0,0.0,0.0,0,0,20,ndcg_at_k,0.0,0,1.0,0.717949,1.0,1.0,0.4,1.0,1.0,0.000255,0.00016,3.5e-05,0.00094,2e-05,0.001642,0.005
bright,q_bright_000040,pagerank,qrels,label-derived pairwise preferences from qrels,20,112,0.294737,20,1,False,0,0,0,0,0.0,0.0,0,0,20,ndcg_at_k,0.0,0,0.568421,0.666667,1.0,1.0,0.4,1.0,1.0,0.000255,0.00016,3.5e-05,0.00094,0.001386,0.001642,0.005
bright,q_bright_000040,greedy_fas_topological,qrels,label-derived pairwise preferences from qrels,20,112,0.294737,20,1,False,0,0,0,0,0.0,0.0,0,0,20,ndcg_at_k,0.0,0,0.568421,0.666667,1.0,1.0,0.4,1.0,1.0,0.000255,0.00016,3.5e-05,0.00094,6.8e-05,0.001642,0.005
bright,q_bright_000040,greedy_fas_weighted_balance,qrels,label-derived pairwise preferences from qrels,20,112,0.294737,20,1,False,0,0,0,0,0.0,0.0,0,0,20,ndcg_at_k,0.0,0,1.0,0.717949,1.0,1.0,0.4,1.0,1.0,0.000255,0.00016,3.5e-05,0.00094,4.9e-05,0.001642,0.005
bright,q_bright_000040,greedy_fas_copeland,qrels,label-derived pairwise preferences from qrels,20,112,0.294737,20,1,False,0,0,0,0,0.0,0.0,0,0,20,ndcg_at_k,0.0,0,1.0,0.717949,1.0,1.0,0.4,1.0,1.0,0.000255,0.00016,3.5e-05,0.00094,2.8e-05,0.001642,0.005
bright,q_bright_000040,greedy_fas_score_augmented_topological,qrels,label-derived pairwise preferences from qrels,20,112,0.294737,20,1,False,0,0,0,0,0.0,0.0,0,0,20,ndcg_at_k,0.0,0,0.178947,0.717949,1.0,1.0,0.4,1.0,1.0,0.000255,0.00016,3.5e-05,0.00094,5.4e-05,0.001642,0.005
bright,q_bright_000040,fas_balance_score_prior_alpha_beta,qrels,label-derived pairwise preferences from qrels,20,112,0.294737,20,1,False,0,0,0,0,0.0,0.0,0,0,20,ndcg_at_k,0.0,0,1.0,0.717949,1.0,1.0,0.4,1.0,1.0,0.000255,0.00016,3.5e-05,0.00094,6.7e-05,0.001642,0.005
bright,q_bright_000040,hybrid_rrf_fas_regularized,qrels,label-derived pairwise preferences from qrels,20,112,0.294737,20,1,False,0,0,0,0,0.0,0.0,0,0,20,ndcg_at_k,0.0,0,1.0,0.717949,1.0,1.0,0.4,1.0,1.0,0.000255,0.00016,3.5e-05,0.00094,7.4e-05,0.001642,0.005
bright,q_bright_000040,hybrid_rrf_balance_a05,qrels,label-derived pairwise preferences from qrels,20,112,0.294737,20,1,False,0,0,0,0,0.0,0.0,0,0,20,ndcg_at_k,0.0,0,1.0,0.717949,1.0,1.0,0.4,1.0,1.0,0.000255,0.00016,3.5e-05,0.00094,5.3e-05,0.001642,0.005
bright,q_bright_000040,hybrid_rrf_copeland_a03,qrels,label-derived pairwise preferences from qrels,20,112,0.294737,20,1,False,0,0,0,0,0.0,0.0,0,0,20,ndcg_at_k,0.0,0,1.0,0.717949,1.0,1.0,0.4,1.0,1.0,0.000255,0.00016,3.5e-05,0.00094,3.4e-05,0.001642,0.005
bright,q_bright_000040,hybrid_rrf_priority_topo_a03,qrels,label-derived pairwise preferences from qrels,20,112,0.294737,20,1,False,0,0,0,0,0.0,0.0,0,0,20,ndcg_at_k,0.0,0,0.178947,0.717949,1.0,1.0,0.4,1.0,1.0,0.000255,0.00016,3.5e-05,0.00094,9.5e-05,0.001642,0.005
bright,q_bright_000018,score_sum,qrels,label-derived pairwise preferences from qrels,20,92,0.242105,20,1,False,0,0,0,0,0.0,0.0,0,0,20,ndcg_at_k,0.0,0,1.0,0.563636,1.0,1.0,0.3,1.0,1.0,0.000157,0.000153,3.2e-05,0.000695,4e-05,0.001528,0.004642
bright,q_bright_000018,borda,qrels,label-derived pairwise preferences from qrels,20,92,0.242105,20,1,False,0,0,0,0,0.0,0.0,0,0,20,ndcg_at_k,0.0,0,1.0,0.563636,1.0,1.0,0.3,1.0,1.0,0.000157,0.000153,3.2e-05,0.000695,1.8e-05,0.001528,0.004642
bright,q_bright_000018,pagerank,qrels,label-derived pairwise preferences from qrels,20,92,0.242105,20,1,False,0,0,0,0,0.0,0.0,0,0,20,ndcg_at_k,0.0,0,0.526316,0.6,1.0,1.0,0.3,1.0,1.0,0.000157,0.000153,3.2e-05,0.000695,0.001554,0.001528,0.004642
bright,q_bright_000018,greedy_fas_topological,qrels,label-derived pairwise preferences from qrels,20,92,0.242105,20,1,False,0,0,0,0,0.0,0.0,0,0,20,ndcg_at_k,0.0,0,0.526316,0.6,1.0,1.0,0.3,1.0,1.0,0.000157,0.000153,3.2e-05,0.000695,6.5e-05,0.001528,0.004642
bright,q_bright_000018,greedy_fas_weighted_balance,qrels,label-derived pairwise preferences from qrels,20,92,0.242105,20,1,False,0,0,0,0,0.0,0.0,0,0,20,ndcg_at_k,0.0,0,1.0,0.563636,1.0,1.0,0.3,1.0,1.0,0.000157,0.000153,3.2e-05,0.000695,4.3e-05,0.001528,0.004642
bright,q_bright_000018,greedy_fas_copeland,qrels,label-derived pairwise preferences from qrels,20,92,0.242105,20,1,False,0,0,0,0,0.0,0.0,0,0,20,ndcg_at_k,0.0,0,1.0,0.563636,1.0,1.0,0.3,1.0,1.0,0.000157,0.000153,3.2e-05,0.000695,2.7e-05,0.001528,0.004642
bright,q_bright_000018,greedy_fas_score_augmented_topological,qrels,label-derived pairwise preferences from qrels,20,92,0.242105,20,1,False,0,0,0,0,0.0,0.0,0,0,20,ndcg_at_k,0.0,0,-0.031579,0.818182,1.0,1.0,0.3,1.0,1.0,0.000157,0.000153,3.2e-05,0.000695,5.4e-05,0.001528,0.004642
bright,q_bright_000018,fas_balance_score_prior_alpha_beta,qrels,label-derived pairwise preferences from qrels,20,92,0.242105,20,1,False,0,0,0,0,0.0,0.0,0,0,20,ndcg_at_k,0.0,0,1.0,0.563636,1.0,1.0,0.3,1.0,1.0,0.000157,0.000153,3.2e-05,0.000695,6e-05,0.001528,0.004642
bright,q_bright_000018,hybrid_rrf_fas_regularized,qrels,label-derived pairwise preferences from qrels,20,92,0.242105,20,1,False,0,0,0,0,0.0,0.0,0,0,20,ndcg_at_k,0.0,0,1.0,0.563636,1.0,1.0,0.3,1.0,1.0,0.000157,0.000153,3.2e-05,0.000695,5e-05,0.001528,0.004642
bright,q_bright_000018,hybrid_rrf_balance_a05,qrels,label-derived pairwise preferences from qrels,20,92,0.242105,20,1,False,0,0,0,0,0.0,0.0,0,0,20,ndcg_at_k,0.0,0,1.0,0.563636,1.0,1.0,0.3,1.0,1.0,0.000157,0.000153,3.2e-05,0.000695,4.4e-05,0.001528,0.004642
bright,q_bright_000018,hybrid_rrf_copeland_a03,qrels,label-derived pairwise preferences from qrels,20,92,0.242105,20,1,False,0,0,0,0,0.0,0.0,0,0,20,ndcg_at_k,0.0,0,1.0,0.563636,1.0,1.0,0.3,1.0,1.0,0.000157,0.000153,3.2e-05,0.000695,3.2e-05,0.001528,0.004642
bright,q_bright_000018,hybrid_rrf_priority_topo_a03,qrels,label-derived pairwise preferences from qrels,20,92,0.242105,20,1,False,0,0,0,0,0.0,0.0,0,0,20,ndcg_at_k,0.0,0,-0.031579,0.818182,1.0,1.0,0.3,1.0,1.0,0.000157,0.000153,3.2e-05,0.000695,9e-05,0.001528,0.004642
bright,q_bright_000066,score_sum,qrels,label-derived pairwise preferences from qrels,20,79,0.207895,20,1,False,0,0,0,0,0.0,0.0,0,0,20,ndcg_at_k,0.0,0,1.0,0.563636,1.0,1.0,0.25,1.0,1.0,0.00014,0.000128,4.6e-05,0.000506,3.3e-05,0.001463,0.004432
bright,q_bright_000066,borda,qrels,label-derived pairwise preferences from qrels,20,79,0.207895,20,1,False,0,0,0,0,0.0,0.0,0,0,20,ndcg_at_k,0.0,0,1.0,0.563636,1.0,1.0,0.25,1.0,1.0,0.00014,0.000128,4.6e-05,0.000506,2e-05,0.001463,0.004432
bright,q_bright_000066,pagerank,qrels,label-derived pairwise preferences from qrels,20,79,0.207895,20,1,False,0,0,0,0,0.0,0.0,0,0,20,ndcg_at_k,0.0,0,0.378947,0.6,1.0,1.0,0.25,1.0,1.0,0.00014,0.000128,4.6e-05,0.000506,0.001642,0.001463,0.004432
bright,q_bright_000066,greedy_fas_topological,qrels,label-derived pairwise preferences from qrels,20,79,0.207895,20,1,False,0,0,0,0,0.0,0.0,0,0,20,ndcg_at_k,0.0,0,0.378947,0.6,1.0,1.0,0.25,1.0,1.0,0.00014,0.000128,4.6e-05,0.000506,6.3e-05,0.001463,0.004432
bright,q_bright_000066,greedy_fas_weighted_balance,qrels,label-derived pairwise preferences from qrels,20,79,0.207895,20,1,False,0,0,0,0,0.0,0.0,0,0,20,ndcg_at_k,0.0,0,1.0,0.563636,1.0,1.0,0.25,1.0,1.0,0.00014,0.000128,4.6e-05,0.000506,4.3e-05,0.001463,0.004432
bright,q_bright_000066,greedy_fas_copeland,qrels,label-derived pairwise preferences from qrels,20,79,0.207895,20,1,False,0,0,0,0,0.0,0.0,0,0,20,ndcg_at_k,0.0,0,1.0,0.563636,1.0,1.0,0.25,1.0,1.0,0.00014,0.000128,4.6e-05,0.000506,2.7e-05,0.001463,0.004432
bright,q_bright_000066,greedy_fas_score_augmented_topological,qrels,label-derived pairwise preferences from qrels,20,79,0.207895,20,1,False,0,0,0,0,0.0,0.0,0,0,20,ndcg_at_k,0.0,0,-0.168421,0.672727,1.0,1.0,0.25,1.0,1.0,0.00014,0.000128,4.6e-05,0.000506,5.7e-05,0.001463,0.004432
bright,q_bright_000066,fas_balance_score_prior_alpha_beta,qrels,label-derived pairwise preferences from qrels,20,79,0.207895,20,1,False,0,0,0,0,0.0,0.0,0,0,20,ndcg_at_k,0.0,0,1.0,0.563636,1.0,1.0,0.25,1.0,1.0,0.00014,0.000128,4.6e-05,0.000506,5.5e-05,0.001463,0.004432
bright,q_bright_000066,hybrid_rrf_fas_regularized,qrels,label-derived pairwise preferences from qrels,20,79,0.207895,20,1,False,0,0,0,0,0.0,0.0,0,0,20,ndcg_at_k,0.0,0,1.0,0.563636,1.0,1.0,0.25,1.0,1.0,0.00014,0.000128,4.6e-05,0.000506,4.7e-05,0.001463,0.004432
bright,q_bright_000066,hybrid_rrf_balance_a05,qrels,label-derived pairwise preferences from qrels,20,79,0.207895,20,1,False,0,0,0,0,0.0,0.0,0,0,20,ndcg_at_k,0.0,0,1.0,0.563636,1.0,1.0,0.25,1.0,1.0,0.00014,0.000128,4.6e-05,0.000506,4.2e-05,0.001463,0.004432
bright,q_bright_000066,hybrid_rrf_copeland_a03,qrels,label-derived pairwise preferences from qrels,20,79,0.207895,20,1,False,0,0,0,0,0.0,0.0,0,0,20,ndcg_at_k,0.0,0,1.0,0.563636,1.0,1.0,0.25,1.0,1.0,0.00014,0.000128,4.6e-05,0.000506,3.2e-05,0.001463,0.004432
bright,q_bright_000066,hybrid_rrf_priority_topo_a03,qrels,label-derived pairwise preferences from qrels,20,79,0.207895,20,1,False,0,0,0,0,0.0,0.0,0,0,20,ndcg_at_k,0.0,0,-0.168421,0.672727,1.0,1.0,0.25,1.0,1.0,0.00014,0.000128,4.6e-05,0.000506,8.8e-05,0.001463,0.004432
bright,q_bright_000061,score_sum,qrels,label-derived pairwise preferences from qrels,20,103,0.271053,20,1,False,0,0,0,0,0.0,0.0,0,0,20,ndcg_at_k,0.0,0,1.0,0.636364,1.0,1.0,0.35,1.0,1.0,0.000222,0.000182,3.3e-05,0.000772,3.8e-05,0.001572,0.004715
bright,q_bright_000061,borda,qrels,label-derived pairwise preferences from qrels,20,103,0.271053,20,1,False,0,0,0,0,0.0,0.0,0,0,20,ndcg_at_k,0.0,0,1.0,0.636364,1.0,1.0,0.35,1.0,1.0,0.000222,0.000182,3.3e-05,0.000772,1.9e-05,0.001572,0.004715
bright,q_bright_000061,pagerank,qrels,label-derived pairwise preferences from qrels,20,103,0.271053,20,1,False,0,0,0,0,0.0,0.0,0,0,20,ndcg_at_k,0.0,0,0.568421,0.818182,1.0,1.0,0.35,1.0,1.0,0.000222,0.000182,3.3e-05,0.000772,0.001373,0.001572,0.004715
bright,q_bright_000061,greedy_fas_topological,qrels,label-derived pairwise preferences from qrels,20,103,0.271053,20,1,False,0,0,0,0,0.0,0.0,0,0,20,ndcg_at_k,0.0,0,0.568421,0.818182,1.0,1.0,0.35,1.0,1.0,0.000222,0.000182,3.3e-05,0.000772,6.5e-05,0.001572,0.004715
bright,q_bright_000061,greedy_fas_weighted_balance,qrels,label-derived pairwise preferences from qrels,20,103,0.271053,20,1,False,0,0,0,0,0.0,0.0,0,0,20,ndcg_at_k,0.0,0,1.0,0.636364,1.0,1.0,0.35,1.0,1.0,0.000222,0.000182,3.3e-05,0.000772,4.6e-05,0.001572,0.004715
bright,q_bright_000061,greedy_fas_copeland,qrels,label-derived pairwise preferences from qrels,20,103,0.271053,20,1,False,0,0,0,0,0.0,0.0,0,0,20,ndcg_at_k,0.0,0,1.0,0.636364,1.0,1.0,0.35,1.0,1.0,0.000222,0.000182,3.3e-05,0.000772,2.7e-05,0.001572,0.004715
bright,q_bright_000061,greedy_fas_score_augmented_topological,qrels,label-derived pairwise preferences from qrels,20,103,0.271053,20,1,False,0,0,0,0,0.0,0.0,0,0,20,ndcg_at_k,0.0,0,0.084211,0.818182,1.0,1.0,0.35,1.0,1.0,0.000222,0.000182,3.3e-05,0.000772,6.2e-05,0.001572,0.004715
bright,q_bright_000061,fas_balance_score_prior_alpha_beta,qrels,label-derived pairwise preferences from qrels,20,103,0.271053,20,1,False,0,0,0,0,0.0,0.0,0,0,20,ndcg_at_k,0.0,0,1.0,0.636364,1.0,1.0,0.35,1.0,1.0,0.000222,0.000182,3.3e-05,0.000772,6.2e-05,0.001572,0.004715
bright,q_bright_000061,hybrid_rrf_fas_regularized,qrels,label-derived pairwise preferences from qrels,20,103,0.271053,20,1,False,0,0,0,0,0.0,0.0,0,0,20,ndcg_at_k,0.0,0,1.0,0.636364,1.0,1.0,0.35,1.0,1.0,0.000222,0.000182,3.3e-05,0.000772,5.3e-05,0.001572,0.004715
bright,q_bright_000061,hybrid_rrf_balance_a05,qrels,label-derived pairwise preferences from qrels,20,103,0.271053,20,1,False,0,0,0,0,0.0,0.0,0,0,20,ndcg_at_k,0.0,0,1.0,0.636364,1.0,1.0,0.35,1.0,1.0,0.000222,0.000182,3.3e-05,0.000772,4.6e-05,0.001572,0.004715
bright,q_bright_000061,hybrid_rrf_copeland_a03,qrels,label-derived pairwise preferences from qrels,20,103,0.271053,20,1,False,0,0,0,0,0.0,0.0,0,0,20,ndcg_at_k,0.0,0,1.0,0.636364,1.0,1.0,0.35,1.0,1.0,0.000222,0.000182,3.3e-05,0.000772,4.8e-05,0.001572,0.004715
bright,q_bright_000061,hybrid_rrf_priority_topo_a03,qrels,label-derived pairwise preferences from qrels,20,103,0.271053,20,1,False,0,0,0,0,0.0,0.0,0,0,20,ndcg_at_k,0.0,0,0.084211,0.818182,1.0,1.0,0.35,1.0,1.0,0.000222,0.000182,3.3e-05,0.000772,9.5e-05,0.001572,0.004715
bright,q_bright_000060,score_sum,qrels,label-derived pairwise preferences from qrels,20,111,0.292105,20,1,False,0,0,0,0,0.0,0.0,0,0,20,ndcg_at_k,0.0,0,1.0,0.818182,1.0,1.0,0.4,1.0,1.0,0.000178,0.00022,3.4e-05,0.00083,4.2e-05,0.00167,0.004911
bright,q_bright_000060,borda,qrels,label-derived pairwise preferences from qrels,20,111,0.292105,20,1,False,0,0,0,0,0.0,0.0,0,0,20,ndcg_at_k,0.0,0,1.0,0.818182,1.0,1.0,0.4,1.0,1.0,0.000178,0.00022,3.4e-05,0.00083,1.9e-05,0.00167,0.004911
bright,q_bright_000060,pagerank,qrels,label-derived pairwise preferences from qrels,20,111,0.292105,20,1,False,0,0,0,0,0.0,0.0,0,0,20,ndcg_at_k,0.0,0,0.515789,0.757576,1.0,1.0,0.4,1.0,1.0,0.000178,0.00022,3.4e-05,0.00083,0.001425,0.00167,0.004911
bright,q_bright_000060,greedy_fas_topological,qrels,label-derived pairwise preferences from qrels,20,111,0.292105,20,1,False,0,0,0,0,0.0,0.0,0,0,20,ndcg_at_k,0.0,0,0.515789,0.757576,1.0,1.0,0.4,1.0,1.0,0.000178,0.00022,3.4e-05,0.00083,6.7e-05,0.00167,0.004911
bright,q_bright_000060,greedy_fas_weighted_balance,qrels,label-derived pairwise preferences from qrels,20,111,0.292105,20,1,False,0,0,0,0,0.0,0.0,0,0,20,ndcg_at_k,0.0,0,1.0,0.818182,1.0,1.0,0.4,1.0,1.0,0.000178,0.00022,3.4e-05,0.00083,4.9e-05,0.00167,0.004911
bright,q_bright_000060,greedy_fas_copeland,qrels,label-derived pairwise preferences from qrels,20,111,0.292105,20,1,False,0,0,0,0,0.0,0.0,0,0,20,ndcg_at_k,0.0,0,1.0,0.818182,1.0,1.0,0.4,1.0,1.0,0.000178,0.00022,3.4e-05,0.00083,2.8e-05,0.00167,0.004911
bright,q_bright_000060,greedy_fas_score_augmented_topological,qrels,label-derived pairwise preferences from qrels,20,111,0.292105,20,1,False,0,0,0,0,0.0,0.0,0,0,20,ndcg_at_k,0.0,0,0.168421,0.606061,1.0,1.0,0.4,1.0,1.0,0.000178,0.00022,3.4e-05,0.00083,5.4e-05,0.00167,0.004911
bright,q_bright_000060,fas_balance_score_prior_alpha_beta,qrels,label-derived pairwise preferences from qrels,20,111,0.292105,20,1,False,0,0,0,0,0.0,0.0,0,0,20,ndcg_at_k,0.0,0,1.0,0.818182,1.0,1.0,0.4,1.0,1.0,0.000178,0.00022,3.4e-05,0.00083,6.5e-05,0.00167,0.004911
bright,q_bright_000060,hybrid_rrf_fas_regularized,qrels,label-derived pairwise preferences from qrels,20,111,0.292105,20,1,False,0,0,0,0,0.0,0.0,0,0,20,ndcg_at_k,0.0,0,1.0,0.818182,1.0,1.0,0.4,1.0,1.0,0.000178,0.00022,3.4e-05,0.00083,5.5e-05,0.00167,0.004911
bright,q_bright_000060,hybrid_rrf_balance_a05,qrels,label-derived pairwise preferences from qrels,20,111,0.292105,20,1,False,0,0,0,0,0.0,0.0,0,0,20,ndcg_at_k,0.0,0,1.0,0.818182,1.0,1.0,0.4,1.0,1.0,0.000178,0.00022,3.4e-05,0.00083,4.9e-05,0.00167,0.004911
bright,q_bright_000060,hybrid_rrf_copeland_a03,qrels,label-derived pairwise preferences from qrels,20,111,0.292105,20,1,False,0,0,0,0,0.0,0.0,0,0,20,ndcg_at_k,0.0,0,1.0,0.818182,1.0,1.0,0.4,1.0,1.0,0.000178,0.00022,3.4e-05,0.00083,3.2e-05,0.00167,0.004911
bright,q_bright_000060,hybrid_rrf_priority_topo_a03,qrels,label-derived pairwise preferences from qrels,20,111,0.292105,20,1,False,0,0,0,0,0.0,0.0,0,0,20,ndcg_at_k,0.0,0,0.168421,0.606061,1.0,1.0,0.4,1.0,1.0,0.000178,0.00022,3.4e-05,0.00083,9.4e-05,0.00167,0.004911
bright,q_bright_000007,score_sum,qrels,label-derived pairwise preferences from qrels,20,108,0.284211,20,1,False,0,0,0,0,0.0,0.0,0,0,20,ndcg_at_k,0.0,0,1.0,0.515152,1.0,1.0,0.4,1.0,1.0,0.000172,0.000167,3.3e-05,0.000943,4e-05,0.001654,0.005
bright,q_bright_000007,borda,qrels,label-derived pairwise preferences from qrels,20,108,0.284211,20,1,False,0,0,0,0,0.0,0.0,0,0,20,ndcg_at_k,0.0,0,1.0,0.515152,1.0,1.0,0.4,1.0,1.0,0.000172,0.000167,3.3e-05,0.000943,2e-05,0.001654,0.005
bright,q_bright_000007,pagerank,qrels,label-derived pairwise preferences from qrels,20,108,0.284211,20,1,False,0,0,0,0,0.0,0.0,0,0,20,ndcg_at_k,0.0,0,0.484211,0.545455,1.0,1.0,0.4,1.0,1.0,0.000172,0.000167,3.3e-05,0.000943,0.001464,0.001654,0.005
bright,q_bright_000007,greedy_fas_topological,qrels,label-derived pairwise preferences from qrels,20,108,0.284211,20,1,False,0,0,0,0,0.0,0.0,0,0,20,ndcg_at_k,0.0,0,0.484211,0.545455,1.0,1.0,0.4,1.0,1.0,0.000172,0.000167,3.3e-05,0.000943,6.6e-05,0.001654,0.005
bright,q_bright_000007,greedy_fas_weighted_balance,qrels,label-derived pairwise preferences from qrels,20,108,0.284211,20,1,False,0,0,0,0,0.0,0.0,0,0,20,ndcg_at_k,0.0,0,1.0,0.515152,1.0,1.0,0.4,1.0,1.0,0.000172,0.000167,3.3e-05,0.000943,4.7e-05,0.001654,0.005
bright,q_bright_000007,greedy_fas_copeland,qrels,label-derived pairwise preferences from qrels,20,108,0.284211,20,1,False,0,0,0,0,0.0,0.0,0,0,20,ndcg_at_k,0.0,0,1.0,0.515152,1.0,1.0,0.4,1.0,1.0,0.000172,0.000167,3.3e-05,0.000943,2.8e-05,0.001654,0.005
bright,q_bright_000007,greedy_fas_score_augmented_topological,qrels,label-derived pairwise preferences from qrels,20,108,0.284211,20,1,False,0,0,0,0,0.0,0.0,0,0,20,ndcg_at_k,0.0,0,0.136842,0.818182,1.0,1.0,0.4,1.0,1.0,0.000172,0.000167,3.3e-05,0.000943,5.5e-05,0.001654,0.005
bright,q_bright_000007,fas_balance_score_prior_alpha_beta,qrels,label-derived pairwise preferences from qrels,20,108,0.284211,20,1,False,0,0,0,0,0.0,0.0,0,0,20,ndcg_at_k,0.0,0,1.0,0.515152,1.0,1.0,0.4,1.0,1.0,0.000172,0.000167,3.3e-05,0.000943,8.3e-05,0.001654,0.005
bright,q_bright_000007,hybrid_rrf_fas_regularized,qrels,label-derived pairwise preferences from qrels,20,108,0.284211,20,1,False,0,0,0,0,0.0,0.0,0,0,20,ndcg_at_k,0.0,0,1.0,0.515152,1.0,1.0,0.4,1.0,1.0,0.000172,0.000167,3.3e-05,0.000943,5.4e-05,0.001654,0.005
bright,q_bright_000007,hybrid_rrf_balance_a05,qrels,label-derived pairwise preferences from qrels,20,108,0.284211,20,1,False,0,0,0,0,0.0,0.0,0,0,20,ndcg_at_k,0.0,0,1.0,0.515152,1.0,1.0,0.4,1.0,1.0,0.000172,0.000167,3.3e-05,0.000943,4.8e-05,0.001654,0.005
bright,q_bright_000007,hybrid_rrf_copeland_a03,qrels,label-derived pairwise preferences from qrels,20,108,0.284211,20,1,False,0,0,0,0,0.0,0.0,0,0,20,ndcg_at_k,0.0,0,1.0,0.515152,1.0,1.0,0.4,1.0,1.0,0.000172,0.000167,3.3e-05,0.000943,3.3e-05,0.001654,0.005
bright,q_bright_000007,hybrid_rrf_priority_topo_a03,qrels,label-derived pairwise preferences from qrels,20,108,0.284211,20,1,False,0,0,0,0,0.0,0.0,0,0,20,ndcg_at_k,0.0,0,0.136842,0.818182,1.0,1.0,0.4,1.0,1.0,0.000172,0.000167,3.3e-05,0.000943,9.3e-05,0.001654,0.005
bright,q_bright_000034,score_sum,qrels,label-derived pairwise preferences from qrels,20,108,0.284211,20,1,False,0,0,0,0,0.0,0.0,0,0,20,ndcg_at_k,0.0,0,1.0,0.575758,1.0,1.0,0.4,1.0,1.0,0.000174,0.000171,3.3e-05,0.000958,5.3e-05,0.001553,0.004896
bright,q_bright_000034,borda,qrels,label-derived pairwise preferences from qrels,20,108,0.284211,20,1,False,0,0,0,0,0.0,0.0,0,0,20,ndcg_at_k,0.0,0,1.0,0.575758,1.0,1.0,0.4,1.0,1.0,0.000174,0.000171,3.3e-05,0.000958,2e-05,0.001553,0.004896
bright,q_bright_000034,pagerank,qrels,label-derived pairwise preferences from qrels,20,108,0.284211,20,1,False,0,0,0,0,0.0,0.0,0,0,20,ndcg_at_k,0.0,0,0.568421,0.666667,1.0,1.0,0.4,1.0,1.0,0.000174,0.000171,3.3e-05,0.000958,0.001446,0.001553,0.004896
bright,q_bright_000034,greedy_fas_topological,qrels,label-derived pairwise preferences from qrels,20,108,0.284211,20,1,False,0,0,0,0,0.0,0.0,0,0,20,ndcg_at_k,0.0,0,0.568421,0.666667,1.0,1.0,0.4,1.0,1.0,0.000174,0.000171,3.3e-05,0.000958,6.3e-05,0.001553,0.004896
bright,q_bright_000034,greedy_fas_weighted_balance,qrels,label-derived pairwise preferences from qrels,20,108,0.284211,20,1,False,0,0,0,0,0.0,0.0,0,0,20,ndcg_at_k,0.0,0,1.0,0.575758,1.0,1.0,0.4,1.0,1.0,0.000174,0.000171,3.3e-05,0.000958,4.6e-05,0.001553,0.004896
bright,q_bright_000034,greedy_fas_copeland,qrels,label-derived pairwise preferences from qrels,20,108,0.284211,20,1,False,0,0,0,0,0.0,0.0,0,0,20,ndcg_at_k,0.0,0,1.0,0.575758,1.0,1.0,0.4,1.0,1.0,0.000174,0.000171,3.3e-05,0.000958,2.7e-05,0.001553,0.004896
bright,q_bright_000034,greedy_fas_score_augmented_topological,qrels,label-derived pairwise preferences from qrels,20,108,0.284211,20,1,False,0,0,0,0,0.0,0.0,0,0,20,ndcg_at_k,0.0,0,0.136842,0.757576,1.0,1.0,0.4,1.0,1.0,0.000174,0.000171,3.3e-05,0.000958,5.2e-05,0.001553,0.004896
bright,q_bright_000034,fas_balance_score_prior_alpha_beta,qrels,label-derived pairwise preferences from qrels,20,108,0.284211,20,1,False,0,0,0,0,0.0,0.0,0,0,20,ndcg_at_k,0.0,0,1.0,0.575758,1.0,1.0,0.4,1.0,1.0,0.000174,0.000171,3.3e-05,0.000958,6.2e-05,0.001553,0.004896
bright,q_bright_000034,hybrid_rrf_fas_regularized,qrels,label-derived pairwise preferences from qrels,20,108,0.284211,20,1,False,0,0,0,0,0.0,0.0,0,0,20,ndcg_at_k,0.0,0,1.0,0.575758,1.0,1.0,0.4,1.0,1.0,0.000174,0.000171,3.3e-05,0.000958,5.2e-05,0.001553,0.004896
bright,q_bright_000034,hybrid_rrf_balance_a05,qrels,label-derived pairwise preferences from qrels,20,108,0.284211,20,1,False,0,0,0,0,0.0,0.0,0,0,20,ndcg_at_k,0.0,0,1.0,0.575758,1.0,1.0,0.4,1.0,1.0,0.000174,0.000171,3.3e-05,0.000958,4.7e-05,0.001553,0.004896
bright,q_bright_000034,hybrid_rrf_copeland_a03,qrels,label-derived pairwise preferences from qrels,20,108,0.284211,20,1,False,0,0,0,0,0.0,0.0,0,0,20,ndcg_at_k,0.0,0,1.0,0.575758,1.0,1.0,0.4,1.0,1.0,0.000174,0.000171,3.3e-05,0.000958,3.2e-05,0.001553,0.004896
bright,q_bright_000034,hybrid_rrf_priority_topo_a03,qrels,label-derived pairwise preferences from qrels,20,108,0.284211,20,1,False,0,0,0,0,0.0,0.0,0,0,20,ndcg_at_k,0.0,0,0.136842,0.757576,1.0,1.0,0.4,1.0,1.0,0.000174,0.000171,3.3e-05,0.000958,0.000107,0.001553,0.004896
