dataset,regime,pair_name,pair_family,query_id,unrepaired_ndcg,repaired_ndcg,delta_ndcg
scidocs,ms2,pagerank_graph,graph,78495383450e02c5fe817e408726134b3084905d,1.0,1.0,0.0
scidocs,ms2,rank_centrality_graph,graph,78495383450e02c5fe817e408726134b3084905d,1.0,1.0,0.0
scidocs,ms2,markov_hybrid,hybrid,78495383450e02c5fe817e408726134b3084905d,0.6309297535714575,0.6309297535714575,0.0
scidocs,ms2,bradley_terry_graph,graph,78495383450e02c5fe817e408726134b3084905d,1.0,1.0,0.0
scidocs,ms2,pagerank_graph,graph,7dcb308b9292a8bc87d6f7793d2ca5e0e19dfa40,0.0,0.0,0.0
scidocs,ms2,rank_centrality_graph,graph,7dcb308b9292a8bc87d6f7793d2ca5e0e19dfa40,0.0,0.0,0.0
scidocs,ms2,markov_hybrid,hybrid,7dcb308b9292a8bc87d6f7793d2ca5e0e19dfa40,0.0,0.0,0.0
scidocs,ms2,bradley_terry_graph,graph,7dcb308b9292a8bc87d6f7793d2ca5e0e19dfa40,0.0,0.0,0.0
scidocs,ms2,pagerank_graph,graph,8c872ecd87945e71fcd9fa1b6cb1133cfe805bf2,0.0,0.0,0.0
scidocs,ms2,rank_centrality_graph,graph,8c872ecd87945e71fcd9fa1b6cb1133cfe805bf2,0.0,0.0,0.0
scidocs,ms2,markov_hybrid,hybrid,8c872ecd87945e71fcd9fa1b6cb1133cfe805bf2,0.0,0.0,0.0
scidocs,ms2,bradley_terry_graph,graph,8c872ecd87945e71fcd9fa1b6cb1133cfe805bf2,0.0,0.0,0.0
scidocs,ms2,pagerank_graph,graph,3a63667284dc8b9687ed1620406030bfe39af3c9,1.0,1.0,0.0
scidocs,ms2,rank_centrality_graph,graph,3a63667284dc8b9687ed1620406030bfe39af3c9,1.0,1.0,0.0
scidocs,ms2,markov_hybrid,hybrid,3a63667284dc8b9687ed1620406030bfe39af3c9,1.0,1.0,0.0
scidocs,ms2,bradley_terry_graph,graph,3a63667284dc8b9687ed1620406030bfe39af3c9,1.0,1.0,0.0
scidocs,ms2,pagerank_graph,graph,071f47b7bc5830643e31dbed82e0375bf9b26559,0.9217868789962071,0.9217868789962071,0.0
scidocs,ms2,rank_centrality_graph,graph,071f47b7bc5830643e31dbed82e0375bf9b26559,0.872201441250412,0.872201441250412,0.0
scidocs,ms2,markov_hybrid,hybrid,071f47b7bc5830643e31dbed82e0375bf9b26559,0.9010126104210695,0.9010126104210695,0.0
scidocs,ms2,bradley_terry_graph,graph,071f47b7bc5830643e31dbed82e0375bf9b26559,0.8962626271568189,0.8962626271568189,0.0
scidocs,ms2,pagerank_graph,graph,ee9596725d1db17f2b1e2207dd3ea260343bfe4f,0.8567316821074807,0.8567316821074807,0.0
scidocs,ms2,rank_centrality_graph,graph,ee9596725d1db17f2b1e2207dd3ea260343bfe4f,0.7878892041943847,0.7878892041943847,0.0
scidocs,ms2,markov_hybrid,hybrid,ee9596725d1db17f2b1e2207dd3ea260343bfe4f,0.7990467077789074,0.7990467077789074,0.0
scidocs,ms2,bradley_terry_graph,graph,ee9596725d1db17f2b1e2207dd3ea260343bfe4f,0.7841919192518061,0.7841919192518061,0.0
scidocs,ms2,pagerank_graph,graph,a65196dfff31425281c690a7f2ca65247147da6b,0.3415156411574981,0.3415156411574981,0.0
scidocs,ms2,rank_centrality_graph,graph,a65196dfff31425281c690a7f2ca65247147da6b,0.5287217091005357,0.5287217091005357,0.0
scidocs,ms2,markov_hybrid,hybrid,a65196dfff31425281c690a7f2ca65247147da6b,0.31432962328057273,0.31432962328057273,0.0
scidocs,ms2,bradley_terry_graph,graph,a65196dfff31425281c690a7f2ca65247147da6b,0.5368596003428795,0.5368596003428795,0.0
scidocs,ms2,pagerank_graph,graph,a04b5b99f5d9d8748843e870536a4a9f65562012,0.5323325778787926,0.5323325778787926,0.0
scidocs,ms2,rank_centrality_graph,graph,a04b5b99f5d9d8748843e870536a4a9f65562012,0.4352444446584248,0.4352444446584248,0.0
scidocs,ms2,markov_hybrid,hybrid,a04b5b99f5d9d8748843e870536a4a9f65562012,0.4686613101011926,0.4686613101011926,0.0
scidocs,ms2,bradley_terry_graph,graph,a04b5b99f5d9d8748843e870536a4a9f65562012,0.48580027541592796,0.48580027541592796,0.0
scidocs,ms2,pagerank_graph,graph,de8e80d409aaaa3244da4f2cb5b5bb053d453cee,0.3168346606487982,0.3168346606487982,0.0
scidocs,ms2,rank_centrality_graph,graph,de8e80d409aaaa3244da4f2cb5b5bb053d453cee,0.3467132018086354,0.3467132018086354,0.0
scidocs,ms2,markov_hybrid,hybrid,de8e80d409aaaa3244da4f2cb5b5bb053d453cee,0.3341792311619776,0.3341792311619776,0.0
scidocs,ms2,bradley_terry_graph,graph,de8e80d409aaaa3244da4f2cb5b5bb053d453cee,0.3191081886500419,0.3191081886500419,0.0
scidocs,ms2,pagerank_graph,graph,ae0fb9c6ebb8ce12610c477d2388447a13dc4694,0.0,0.0,0.0
scidocs,ms2,rank_centrality_graph,graph,ae0fb9c6ebb8ce12610c477d2388447a13dc4694,0.0,0.0,0.0
scidocs,ms2,markov_hybrid,hybrid,ae0fb9c6ebb8ce12610c477d2388447a13dc4694,0.0,0.0,0.0
scidocs,ms2,bradley_terry_graph,graph,ae0fb9c6ebb8ce12610c477d2388447a13dc4694,0.0,0.0,0.0
scidocs,ms2,pagerank_graph,graph,648678f1edab0d2139958070744b826d2b24c79e,0.8278123145308894,0.8278123145308894,0.0
scidocs,ms2,rank_centrality_graph,graph,648678f1edab0d2139958070744b826d2b24c79e,0.7861953672493219,0.7861953672493219,0.0
scidocs,ms2,markov_hybrid,hybrid,648678f1edab0d2139958070744b826d2b24c79e,0.8278123145308894,0.8278123145308894,0.0
scidocs,ms2,bradley_terry_graph,graph,648678f1edab0d2139958070744b826d2b24c79e,0.8278123145308894,0.8278123145308894,0.0
scidocs,ms2,pagerank_graph,graph,8a6080396fa7195c7c627bea4b2aeeb9ca39b5f8,0.38685280723454163,0.38685280723454163,0.0
scidocs,ms2,rank_centrality_graph,graph,8a6080396fa7195c7c627bea4b2aeeb9ca39b5f8,0.23981246656813146,0.23981246656813146,0.0
scidocs,ms2,markov_hybrid,hybrid,8a6080396fa7195c7c627bea4b2aeeb9ca39b5f8,0.6309297535714575,0.6309297535714575,0.0
scidocs,ms2,bradley_terry_graph,graph,8a6080396fa7195c7c627bea4b2aeeb9ca39b5f8,0.38685280723454163,0.38685280723454163,0.0
scidocs,ms2,pagerank_graph,graph,4715401473dca02ebaa5bdd4d4003705ed91c380,0.7011154383165136,0.7011154383165136,0.0
scidocs,ms2,rank_centrality_graph,graph,4715401473dca02ebaa5bdd4d4003705ed91c380,0.7042036765468256,0.7042036765468256,0.0
scidocs,ms2,markov_hybrid,hybrid,4715401473dca02ebaa5bdd4d4003705ed91c380,0.7109050375811679,0.7109050375811679,0.0
scidocs,ms2,bradley_terry_graph,graph,4715401473dca02ebaa5bdd4d4003705ed91c380,0.7046766159561835,0.7046766159561835,0.0
scidocs,ms2,pagerank_graph,graph,6519bf5580fcdcc9c50fd72c6c8dc5d040d443e8,0.6309297535714575,0.6309297535714575,0.0
scidocs,ms2,rank_centrality_graph,graph,6519bf5580fcdcc9c50fd72c6c8dc5d040d443e8,0.6309297535714575,0.6309297535714575,0.0
scidocs,ms2,markov_hybrid,hybrid,6519bf5580fcdcc9c50fd72c6c8dc5d040d443e8,0.6309297535714575,0.6309297535714575,0.0
scidocs,ms2,bradley_terry_graph,graph,6519bf5580fcdcc9c50fd72c6c8dc5d040d443e8,0.6309297535714575,0.6309297535714575,0.0
scidocs,ms2,pagerank_graph,graph,3be10c45163c61dfb9f250412699b3f8cb0ada1d,0.3562071871080222,0.3562071871080222,0.0
scidocs,ms2,rank_centrality_graph,graph,3be10c45163c61dfb9f250412699b3f8cb0ada1d,0.38685280723454163,0.38685280723454163,0.0
scidocs,ms2,markov_hybrid,hybrid,3be10c45163c61dfb9f250412699b3f8cb0ada1d,0.38685280723454163,0.38685280723454163,0.0
scidocs,ms2,bradley_terry_graph,graph,3be10c45163c61dfb9f250412699b3f8cb0ada1d,0.3333333333333333,0.3333333333333333,0.0
scidocs,ms2,pagerank_graph,graph,566c89a1ace18f57ac3212e6d62634b501990b31,0.0,0.0,0.0
scidocs,ms2,rank_centrality_graph,graph,566c89a1ace18f57ac3212e6d62634b501990b31,0.0,0.0,0.0
scidocs,ms2,markov_hybrid,hybrid,566c89a1ace18f57ac3212e6d62634b501990b31,0.0,0.0,0.0
scidocs,ms2,bradley_terry_graph,graph,566c89a1ace18f57ac3212e6d62634b501990b31,0.0,0.0,0.0
scidocs,ms2,pagerank_graph,graph,370fda29c5aaff285311a87824c5f28db33da021,0.40298313359773236,0.40298313359773236,0.0
scidocs,ms2,rank_centrality_graph,graph,370fda29c5aaff285311a87824c5f28db33da021,0.3644594876849889,0.3644594876849889,0.0
scidocs,ms2,markov_hybrid,hybrid,370fda29c5aaff285311a87824c5f28db33da021,0.3841032025833937,0.3841032025833937,0.0
scidocs,ms2,bradley_terry_graph,graph,370fda29c5aaff285311a87824c5f28db33da021,0.38162168437253385,0.38162168437253385,0.0
scidocs,ms2,pagerank_graph,graph,6c89453c09abde95d998f5acd244f00519472ee0,0.43067655807339306,0.43067655807339306,0.0
scidocs,ms2,rank_centrality_graph,graph,6c89453c09abde95d998f5acd244f00519472ee0,0.43067655807339306,0.43067655807339306,0.0
scidocs,ms2,markov_hybrid,hybrid,6c89453c09abde95d998f5acd244f00519472ee0,0.5,0.5,0.0
scidocs,ms2,bradley_terry_graph,graph,6c89453c09abde95d998f5acd244f00519472ee0,0.43067655807339306,0.43067655807339306,0.0
scidocs,ms2,pagerank_graph,graph,74d4bf32242a3d22df63e0cd3c7b5a0038220cd2,0.3834388454163597,0.3834388454163597,0.0
scidocs,ms2,rank_centrality_graph,graph,74d4bf32242a3d22df63e0cd3c7b5a0038220cd2,0.3834388454163597,0.3834388454163597,0.0
scidocs,ms2,markov_hybrid,hybrid,74d4bf32242a3d22df63e0cd3c7b5a0038220cd2,0.3662998801016243,0.3662998801016243,0.0
scidocs,ms2,bradley_terry_graph,graph,74d4bf32242a3d22df63e0cd3c7b5a0038220cd2,0.3731036851535861,0.3731036851535861,0.0
scidocs,ms2,pagerank_graph,graph,714c194a2fc326151b905270558aa137f9f22730,0.43067655807339306,0.43067655807339306,0.0
scidocs,ms2,rank_centrality_graph,graph,714c194a2fc326151b905270558aa137f9f22730,0.3010299956639812,0.3010299956639812,0.0
scidocs,ms2,markov_hybrid,hybrid,714c194a2fc326151b905270558aa137f9f22730,0.3333333333333333,0.3333333333333333,0.0
scidocs,ms2,bradley_terry_graph,graph,714c194a2fc326151b905270558aa137f9f22730,0.27894294565112987,0.27894294565112987,0.0
scidocs,ms2,pagerank_graph,graph,c79b88a8d8ba491cead38b431703d84015153a8f,0.0,0.0,0.0
scidocs,ms2,rank_centrality_graph,graph,c79b88a8d8ba491cead38b431703d84015153a8f,0.0,0.0,0.0
scidocs,ms2,markov_hybrid,hybrid,c79b88a8d8ba491cead38b431703d84015153a8f,0.0,0.0,0.0
scidocs,ms2,bradley_terry_graph,graph,c79b88a8d8ba491cead38b431703d84015153a8f,0.0,0.0,0.0
scidocs,ms2,pagerank_graph,graph,b2a20116c0609e23d3adfeaa604500fddca66178,0.0,0.0,0.0
scidocs,ms2,rank_centrality_graph,graph,b2a20116c0609e23d3adfeaa604500fddca66178,0.0,0.0,0.0
scidocs,ms2,markov_hybrid,hybrid,b2a20116c0609e23d3adfeaa604500fddca66178,0.0,0.0,0.0
scidocs,ms2,bradley_terry_graph,graph,b2a20116c0609e23d3adfeaa604500fddca66178,0.0,0.0,0.0
scidocs,ms2,pagerank_graph,graph,8a93cd1b6fbf7c8c86637bae18d979dafeb9a7c1,0.0,0.0,0.0
scidocs,ms2,rank_centrality_graph,graph,8a93cd1b6fbf7c8c86637bae18d979dafeb9a7c1,0.0,0.0,0.0
scidocs,ms2,markov_hybrid,hybrid,8a93cd1b6fbf7c8c86637bae18d979dafeb9a7c1,0.0,0.0,0.0
scidocs,ms2,bradley_terry_graph,graph,8a93cd1b6fbf7c8c86637bae18d979dafeb9a7c1,0.0,0.0,0.0
scidocs,ms2,pagerank_graph,graph,281b6888d5df1dddb350fac4e9be5c8272519109,0.0,0.0,0.0
scidocs,ms2,rank_centrality_graph,graph,281b6888d5df1dddb350fac4e9be5c8272519109,0.0,0.0,0.0
scidocs,ms2,markov_hybrid,hybrid,281b6888d5df1dddb350fac4e9be5c8272519109,0.0,0.0,0.0
scidocs,ms2,bradley_terry_graph,graph,281b6888d5df1dddb350fac4e9be5c8272519109,0.0,0.0,0.0
scidocs,ms2,pagerank_graph,graph,0a40663fdcf7c5fb7cfc459693116c41309e7eca,0.0,0.0,0.0
scidocs,ms2,rank_centrality_graph,graph,0a40663fdcf7c5fb7cfc459693116c41309e7eca,0.0,0.0,0.0
scidocs,ms2,markov_hybrid,hybrid,0a40663fdcf7c5fb7cfc459693116c41309e7eca,0.0,0.0,0.0
scidocs,ms2,bradley_terry_graph,graph,0a40663fdcf7c5fb7cfc459693116c41309e7eca,0.0,0.0,0.0
scidocs,ms2,pagerank_graph,graph,8501e330d78391f4e690886a8eb8fac867704ea6,0.5912352048230277,0.5912352048230277,0.0
scidocs,ms2,rank_centrality_graph,graph,8501e330d78391f4e690886a8eb8fac867704ea6,0.4028934785345258,0.4028934785345258,0.0
scidocs,ms2,markov_hybrid,hybrid,8501e330d78391f4e690886a8eb8fac867704ea6,0.4911492931622974,0.4911492931622974,0.0
scidocs,ms2,bradley_terry_graph,graph,8501e330d78391f4e690886a8eb8fac867704ea6,0.5714285040141098,0.5714285040141098,0.0
scidocs,ms2,pagerank_graph,graph,beac53e8074b4822943a3374ff5e9fed98a891b8,0.0,0.0,0.0
scidocs,ms2,rank_centrality_graph,graph,beac53e8074b4822943a3374ff5e9fed98a891b8,0.0,0.0,0.0
scidocs,ms2,markov_hybrid,hybrid,beac53e8074b4822943a3374ff5e9fed98a891b8,0.0,0.0,0.0
scidocs,ms2,bradley_terry_graph,graph,beac53e8074b4822943a3374ff5e9fed98a891b8,0.0,0.0,0.0
scidocs,ms2,pagerank_graph,graph,6ae4d0b388aa9262e80c3eedc1cb3e5f06842368,0.0,0.0,0.0
scidocs,ms2,rank_centrality_graph,graph,6ae4d0b388aa9262e80c3eedc1cb3e5f06842368,0.0,0.0,0.0
scidocs,ms2,markov_hybrid,hybrid,6ae4d0b388aa9262e80c3eedc1cb3e5f06842368,0.0,0.0,0.0
scidocs,ms2,bradley_terry_graph,graph,6ae4d0b388aa9262e80c3eedc1cb3e5f06842368,0.0,0.0,0.0
scidocs,ms2,pagerank_graph,graph,7db20fcc1d71edc32c365f145148d24b9f1427a5,0.3127361064316397,0.3127361064316397,0.0
scidocs,ms2,rank_centrality_graph,graph,7db20fcc1d71edc32c365f145148d24b9f1427a5,0.3467132018086354,0.3467132018086354,0.0
scidocs,ms2,markov_hybrid,hybrid,7db20fcc1d71edc32c365f145148d24b9f1427a5,0.38162168437253385,0.38162168437253385,0.0
scidocs,ms2,bradley_terry_graph,graph,7db20fcc1d71edc32c365f145148d24b9f1427a5,0.3272460798923856,0.3272460798923856,0.0
scidocs,ms2,pagerank_graph,graph,335ad0ff82c728aca99fb0059c607cb18129526f,0.0,0.0,0.0
scidocs,ms2,rank_centrality_graph,graph,335ad0ff82c728aca99fb0059c607cb18129526f,0.0,0.0,0.0
scidocs,ms2,markov_hybrid,hybrid,335ad0ff82c728aca99fb0059c607cb18129526f,0.0,0.0,0.0
scidocs,ms2,bradley_terry_graph,graph,335ad0ff82c728aca99fb0059c607cb18129526f,0.0,0.0,0.0
scidocs,ms2,pagerank_graph,graph,04e4034344bda5c97015ea634e6eb1b65ef3a898,0.6934264036172708,0.6934264036172708,0.0
scidocs,ms2,rank_centrality_graph,graph,04e4034344bda5c97015ea634e6eb1b65ef3a898,0.6934264036172708,0.6934264036172708,0.0
scidocs,ms2,markov_hybrid,hybrid,04e4034344bda5c97015ea634e6eb1b65ef3a898,1.0,1.0,0.0
scidocs,ms2,bradley_terry_graph,graph,04e4034344bda5c97015ea634e6eb1b65ef3a898,0.6934264036172708,0.6934264036172708,0.0
scidocs,ms2,pagerank_graph,graph,271a4077c037b86fb7daf6bff3e66682322ff7d7,0.0,0.0,0.0
scidocs,ms2,rank_centrality_graph,graph,271a4077c037b86fb7daf6bff3e66682322ff7d7,0.0,0.0,0.0
scidocs,ms2,markov_hybrid,hybrid,271a4077c037b86fb7daf6bff3e66682322ff7d7,0.0,0.0,0.0
scidocs,ms2,bradley_terry_graph,graph,271a4077c037b86fb7daf6bff3e66682322ff7d7,0.0,0.0,0.0
scidocs,ms2,pagerank_graph,graph,3d23666c6d97d6ba3c86044d83c697821084bed6,0.0,0.0,0.0
scidocs,ms2,rank_centrality_graph,graph,3d23666c6d97d6ba3c86044d83c697821084bed6,0.0,0.0,0.0
scidocs,ms2,markov_hybrid,hybrid,3d23666c6d97d6ba3c86044d83c697821084bed6,0.0,0.0,0.0
scidocs,ms2,bradley_terry_graph,graph,3d23666c6d97d6ba3c86044d83c697821084bed6,0.0,0.0,0.0
scidocs,ms2,pagerank_graph,graph,fd4537b92ab9fa7c653e9e5b9c4f815914a498c0,0.0,0.0,0.0
scidocs,ms2,rank_centrality_graph,graph,fd4537b92ab9fa7c653e9e5b9c4f815914a498c0,0.0,0.0,0.0
scidocs,ms2,markov_hybrid,hybrid,fd4537b92ab9fa7c653e9e5b9c4f815914a498c0,0.0,0.0,0.0
scidocs,ms2,bradley_terry_graph,graph,fd4537b92ab9fa7c653e9e5b9c4f815914a498c0,0.0,0.0,0.0
scidocs,ms2,pagerank_graph,graph,191ea925c2115755b44380c99d84f4a1099b4dcd,0.0,0.0,0.0
scidocs,ms2,rank_centrality_graph,graph,191ea925c2115755b44380c99d84f4a1099b4dcd,0.0,0.0,0.0
scidocs,ms2,markov_hybrid,hybrid,191ea925c2115755b44380c99d84f4a1099b4dcd,0.0,0.0,0.0
scidocs,ms2,bradley_terry_graph,graph,191ea925c2115755b44380c99d84f4a1099b4dcd,0.0,0.0,0.0
scidocs,ms2,pagerank_graph,graph,458f1428273254fc5dd399f3c104f507680ddd54,1.0,1.0,0.0
scidocs,ms2,rank_centrality_graph,graph,458f1428273254fc5dd399f3c104f507680ddd54,1.0,1.0,0.0
scidocs,ms2,markov_hybrid,hybrid,458f1428273254fc5dd399f3c104f507680ddd54,1.0,1.0,0.0
scidocs,ms2,bradley_terry_graph,graph,458f1428273254fc5dd399f3c104f507680ddd54,1.0,1.0,0.0
scidocs,ms2,pagerank_graph,graph,19115f66f6ac1c02568bbb38eceedfa3521a8cc2,0.43067655807339306,0.43067655807339306,0.0
scidocs,ms2,rank_centrality_graph,graph,19115f66f6ac1c02568bbb38eceedfa3521a8cc2,0.43067655807339306,0.43067655807339306,0.0
scidocs,ms2,markov_hybrid,hybrid,19115f66f6ac1c02568bbb38eceedfa3521a8cc2,0.23981246656813146,0.23981246656813146,0.0
scidocs,ms2,bradley_terry_graph,graph,19115f66f6ac1c02568bbb38eceedfa3521a8cc2,0.5,0.5,0.0
scidocs,ms2,pagerank_graph,graph,84424eee012089dac9414979f0cb1465c97c4408,0.2890648263178879,0.2890648263178879,0.0
scidocs,ms2,rank_centrality_graph,graph,84424eee012089dac9414979f0cb1465c97c4408,0.23540891336663824,0.23540891336663824,0.0
scidocs,ms2,markov_hybrid,hybrid,84424eee012089dac9414979f0cb1465c97c4408,0.31546487678572877,0.31546487678572877,0.0
scidocs,ms2,bradley_terry_graph,graph,84424eee012089dac9414979f0cb1465c97c4408,0.2890648263178879,0.2890648263178879,0.0
scidocs,ms2,pagerank_graph,graph,5bb6b779de7929c573f39cd84169cafbd72e5bae,0.0,0.0,0.0
scidocs,ms2,rank_centrality_graph,graph,5bb6b779de7929c573f39cd84169cafbd72e5bae,0.0,0.0,0.0
scidocs,ms2,markov_hybrid,hybrid,5bb6b779de7929c573f39cd84169cafbd72e5bae,0.0,0.0,0.0
scidocs,ms2,bradley_terry_graph,graph,5bb6b779de7929c573f39cd84169cafbd72e5bae,0.0,0.0,0.0
scidocs,ms2,pagerank_graph,graph,7b6652910c5cc0df9ff6bc91912a02e58a742d26,0.227670248696953,0.227670248696953,0.0
scidocs,ms2,rank_centrality_graph,graph,7b6652910c5cc0df9ff6bc91912a02e58a742d26,0.3010299956639812,0.3010299956639812,0.0
scidocs,ms2,markov_hybrid,hybrid,7b6652910c5cc0df9ff6bc91912a02e58a742d26,0.27894294565112987,0.27894294565112987,0.0
scidocs,ms2,bradley_terry_graph,graph,7b6652910c5cc0df9ff6bc91912a02e58a742d26,0.24465054211822604,0.24465054211822604,0.0
scidocs,ms2,pagerank_graph,graph,df0ef17f63582603dafb1ac5c489dec1416ecbf4,0.36181498356361597,0.36181498356361597,0.0
scidocs,ms2,rank_centrality_graph,graph,df0ef17f63582603dafb1ac5c489dec1416ecbf4,0.2889092425324043,0.2889092425324043,0.0
scidocs,ms2,markov_hybrid,hybrid,df0ef17f63582603dafb1ac5c489dec1416ecbf4,0.40298313359773236,0.40298313359773236,0.0
scidocs,ms2,bradley_terry_graph,graph,df0ef17f63582603dafb1ac5c489dec1416ecbf4,0.3556087808472863,0.3556087808472863,0.0
scidocs,ms2,pagerank_graph,graph,f2d5039b55d626ef5466a80e950bddd5cc1819d4,0.7977228895450266,0.7977228895450266,0.0
scidocs,ms2,rank_centrality_graph,graph,f2d5039b55d626ef5466a80e950bddd5cc1819d4,0.7574875071481796,0.7574875071481796,0.0
scidocs,ms2,markov_hybrid,hybrid,f2d5039b55d626ef5466a80e950bddd5cc1819d4,0.766433990956823,0.766433990956823,0.0
scidocs,ms2,bradley_terry_graph,graph,f2d5039b55d626ef5466a80e950bddd5cc1819d4,0.8065735963827293,0.8065735963827293,0.0
scidocs,ms2,pagerank_graph,graph,7492683af60d02dbd658acdc61249571f8c20fc8,0.0,0.0,0.0
scidocs,ms2,rank_centrality_graph,graph,7492683af60d02dbd658acdc61249571f8c20fc8,0.0,0.0,0.0
scidocs,ms2,markov_hybrid,hybrid,7492683af60d02dbd658acdc61249571f8c20fc8,0.0,0.0,0.0
scidocs,ms2,bradley_terry_graph,graph,7492683af60d02dbd658acdc61249571f8c20fc8,0.0,0.0,0.0
scidocs,ms2,pagerank_graph,graph,f7f32e86c23a902ac55fba8b8191026f563bec5b,0.3415156411574981,0.3415156411574981,0.0
scidocs,ms2,rank_centrality_graph,graph,f7f32e86c23a902ac55fba8b8191026f563bec5b,0.31062845793246857,0.31062845793246857,0.0
scidocs,ms2,markov_hybrid,hybrid,f7f32e86c23a902ac55fba8b8191026f563bec5b,0.3316160374459783,0.3316160374459783,0.0
scidocs,ms2,bradley_terry_graph,graph,f7f32e86c23a902ac55fba8b8191026f563bec5b,0.3341792311619776,0.3341792311619776,0.0
scidocs,ms2,pagerank_graph,graph,a22e737d38a1bc671893a7ed341aba436571097a,0.0,0.0,0.0
scidocs,ms2,rank_centrality_graph,graph,a22e737d38a1bc671893a7ed341aba436571097a,0.0,0.0,0.0
scidocs,ms2,markov_hybrid,hybrid,a22e737d38a1bc671893a7ed341aba436571097a,0.0,0.0,0.0
scidocs,ms2,bradley_terry_graph,graph,a22e737d38a1bc671893a7ed341aba436571097a,0.0,0.0,0.0
scidocs,ms2,pagerank_graph,graph,4b80771429b786ea87740738378ba1eb1504a57f,0.0,0.0,0.0
scidocs,ms2,rank_centrality_graph,graph,4b80771429b786ea87740738378ba1eb1504a57f,0.0,0.0,0.0
scidocs,ms2,markov_hybrid,hybrid,4b80771429b786ea87740738378ba1eb1504a57f,0.0,0.0,0.0
scidocs,ms2,bradley_terry_graph,graph,4b80771429b786ea87740738378ba1eb1504a57f,0.0,0.0,0.0
scidocs,ms2,pagerank_graph,graph,9003fb79e7848ced3be975c3d87a9348a4b8d377,0.8175295903539445,0.8175295903539445,0.0
scidocs,ms2,rank_centrality_graph,graph,9003fb79e7848ced3be975c3d87a9348a4b8d377,0.7903864795495061,0.7903864795495061,0.0
scidocs,ms2,markov_hybrid,hybrid,9003fb79e7848ced3be975c3d87a9348a4b8d377,0.8503449055347546,0.8503449055347546,0.0
scidocs,ms2,bradley_terry_graph,graph,9003fb79e7848ced3be975c3d87a9348a4b8d377,0.8175295903539445,0.8175295903539445,0.0
scidocs,ms2,pagerank_graph,graph,ac58b487e864afafe71c6158553eed10fbc8eef5,0.8271739282268582,0.8271739282268582,0.0
scidocs,ms2,rank_centrality_graph,graph,ac58b487e864afafe71c6158553eed10fbc8eef5,0.7127196049864212,0.7127196049864212,0.0
scidocs,ms2,markov_hybrid,hybrid,ac58b487e864afafe71c6158553eed10fbc8eef5,0.7512484757149765,0.7512484757149765,0.0
scidocs,ms2,bradley_terry_graph,graph,ac58b487e864afafe71c6158553eed10fbc8eef5,0.7982030893556976,0.7982030893556976,0.0
scidocs,ms2,pagerank_graph,graph,30c9a7660281ad8e4538ff9beb20282c74fac810,0.25,0.25,0.0
scidocs,ms2,rank_centrality_graph,graph,30c9a7660281ad8e4538ff9beb20282c74fac810,0.3010299956639812,0.3010299956639812,0.0
scidocs,ms2,markov_hybrid,hybrid,30c9a7660281ad8e4538ff9beb20282c74fac810,0.2559580248098155,0.2559580248098155,0.0
scidocs,ms2,bradley_terry_graph,graph,30c9a7660281ad8e4538ff9beb20282c74fac810,0.26264953503719357,0.26264953503719357,0.0
scidocs,ms2,pagerank_graph,graph,129397ed6557da93db5ba18cf112ee7b0a7927d8,0.4028934785345258,0.4028934785345258,0.0
scidocs,ms2,rank_centrality_graph,graph,129397ed6557da93db5ba18cf112ee7b0a7927d8,0.41443699955334395,0.41443699955334395,0.0
scidocs,ms2,markov_hybrid,hybrid,129397ed6557da93db5ba18cf112ee7b0a7927d8,0.42976388833782037,0.42976388833782037,0.0
scidocs,ms2,bradley_terry_graph,graph,129397ed6557da93db5ba18cf112ee7b0a7927d8,0.4028934785345258,0.4028934785345258,0.0
scidocs,ms2,pagerank_graph,graph,1a66df57f88e689438d505474eff73e3a9180c5b,0.0,0.0,0.0
scidocs,ms2,rank_centrality_graph,graph,1a66df57f88e689438d505474eff73e3a9180c5b,0.0,0.0,0.0
scidocs,ms2,markov_hybrid,hybrid,1a66df57f88e689438d505474eff73e3a9180c5b,0.0,0.0,0.0
scidocs,ms2,bradley_terry_graph,graph,1a66df57f88e689438d505474eff73e3a9180c5b,0.0,0.0,0.0
scidocs,ms2,pagerank_graph,graph,e00ab75a8aa637d9c4c5c020e9f2c54b31528031,0.0,0.0,0.0
scidocs,ms2,rank_centrality_graph,graph,e00ab75a8aa637d9c4c5c020e9f2c54b31528031,0.0,0.0,0.0
scidocs,ms2,markov_hybrid,hybrid,e00ab75a8aa637d9c4c5c020e9f2c54b31528031,0.0,0.0,0.0
scidocs,ms2,bradley_terry_graph,graph,e00ab75a8aa637d9c4c5c020e9f2c54b31528031,0.0,0.0,0.0
scidocs,ms2,pagerank_graph,graph,7707c7aac35a4d206eb061305256452051ae4dcf,0.5368596003428795,0.5368596003428795,0.0
scidocs,ms2,rank_centrality_graph,graph,7707c7aac35a4d206eb061305256452051ae4dcf,0.44616897024747965,0.44616897024747965,0.0
scidocs,ms2,markov_hybrid,hybrid,7707c7aac35a4d206eb061305256452051ae4dcf,0.5525485729997712,0.5525485729997712,0.0
scidocs,ms2,bradley_terry_graph,graph,7707c7aac35a4d206eb061305256452051ae4dcf,0.5368596003428795,0.5368596003428795,0.0
scidocs,ms2,pagerank_graph,graph,23386571ed332e4a465c0a6fa899f310caa217c8,0.23540891336663824,0.23540891336663824,0.0
scidocs,ms2,rank_centrality_graph,graph,23386571ed332e4a465c0a6fa899f310caa217c8,0.23981246656813146,0.23981246656813146,0.0
scidocs,ms2,markov_hybrid,hybrid,23386571ed332e4a465c0a6fa899f310caa217c8,0.2890648263178879,0.2890648263178879,0.0
scidocs,ms2,bradley_terry_graph,graph,23386571ed332e4a465c0a6fa899f310caa217c8,0.23540891336663824,0.23540891336663824,0.0
scidocs,ms2,pagerank_graph,graph,e7ec9e900556d9d9e47b274911ad304bcf198256,0.9430119203755281,0.9430119203755281,0.0
scidocs,ms2,rank_centrality_graph,graph,e7ec9e900556d9d9e47b274911ad304bcf198256,0.9460116107704121,0.9460116107704121,0.0
scidocs,ms2,markov_hybrid,hybrid,e7ec9e900556d9d9e47b274911ad304bcf198256,0.9207545636271999,0.9207545636271999,0.0
scidocs,ms2,bradley_terry_graph,graph,e7ec9e900556d9d9e47b274911ad304bcf198256,0.9556056987235846,0.9556056987235846,0.0
scidocs,ms2,pagerank_graph,graph,ca464085b3da330f2ea895543a78c446a3af1bb6,0.5,0.5,0.0
scidocs,ms2,rank_centrality_graph,graph,ca464085b3da330f2ea895543a78c446a3af1bb6,0.5,0.5,0.0
scidocs,ms2,markov_hybrid,hybrid,ca464085b3da330f2ea895543a78c446a3af1bb6,0.6309297535714575,0.6309297535714575,0.0
scidocs,ms2,bradley_terry_graph,graph,ca464085b3da330f2ea895543a78c446a3af1bb6,0.5,0.5,0.0
scidocs,ms2,pagerank_graph,graph,f09db8a42d713774483f023b31e0ee96361823f4,0.0,0.0,0.0
scidocs,ms2,rank_centrality_graph,graph,f09db8a42d713774483f023b31e0ee96361823f4,0.0,0.0,0.0
scidocs,ms2,markov_hybrid,hybrid,f09db8a42d713774483f023b31e0ee96361823f4,0.0,0.0,0.0
scidocs,ms2,bradley_terry_graph,graph,f09db8a42d713774483f023b31e0ee96361823f4,0.0,0.0,0.0
scidocs,ms2,pagerank_graph,graph,958ebc7e24012b419316489515f2c2f908773bd5,0.7550160946314525,0.7550160946314525,0.0
scidocs,ms2,rank_centrality_graph,graph,958ebc7e24012b419316489515f2c2f908773bd5,0.8065735963827293,0.8065735963827293,0.0
scidocs,ms2,markov_hybrid,hybrid,958ebc7e24012b419316489515f2c2f908773bd5,0.7700871371433883,0.7700871371433883,0.0
scidocs,ms2,bradley_terry_graph,graph,958ebc7e24012b419316489515f2c2f908773bd5,0.7631539858737962,0.7631539858737962,0.0
scidocs,ms2,pagerank_graph,graph,73d54af530d22599cc76b9785ae0a663cc694df2,0.3562071871080222,0.3562071871080222,0.0
scidocs,ms2,rank_centrality_graph,graph,73d54af530d22599cc76b9785ae0a663cc694df2,0.6309297535714575,0.6309297535714575,0.0
scidocs,ms2,markov_hybrid,hybrid,73d54af530d22599cc76b9785ae0a663cc694df2,0.227670248696953,0.227670248696953,0.0
scidocs,ms2,bradley_terry_graph,graph,73d54af530d22599cc76b9785ae0a663cc694df2,0.5,0.5,0.0
scidocs,ms2,pagerank_graph,graph,de77514c78432a0b17cf30baa024434173908f89,0.7550160946314525,0.7550160946314525,0.0
scidocs,ms2,rank_centrality_graph,graph,de77514c78432a0b17cf30baa024434173908f89,0.7841802768331765,0.7841802768331765,0.0
scidocs,ms2,markov_hybrid,hybrid,de77514c78432a0b17cf30baa024434173908f89,0.7977228895450266,0.7977228895450266,0.0
scidocs,ms2,bradley_terry_graph,graph,de77514c78432a0b17cf30baa024434173908f89,0.7550160946314525,0.7550160946314525,0.0
scidocs,ms2,pagerank_graph,graph,7c88a0f765ce3c9025345cf133251cb947fe6ee5,0.42177340954886444,0.42177340954886444,0.0
scidocs,ms2,rank_centrality_graph,graph,7c88a0f765ce3c9025345cf133251cb947fe6ee5,0.39780880120575696,0.39780880120575696,0.0
scidocs,ms2,markov_hybrid,hybrid,7c88a0f765ce3c9025345cf133251cb947fe6ee5,0.5437713091520254,0.5437713091520254,0.0
scidocs,ms2,bradley_terry_graph,graph,7c88a0f765ce3c9025345cf133251cb947fe6ee5,0.40298313359773236,0.40298313359773236,0.0
scidocs,ms2,pagerank_graph,graph,a9d7e7e918a68d1b95c6c6b29f7fabbbe01010f7,0.39780880120575696,0.39780880120575696,0.0
scidocs,ms2,rank_centrality_graph,graph,a9d7e7e918a68d1b95c6c6b29f7fabbbe01010f7,0.2866357145311606,0.2866357145311606,0.0
scidocs,ms2,markov_hybrid,hybrid,a9d7e7e918a68d1b95c6c6b29f7fabbbe01010f7,0.36181498356361597,0.36181498356361597,0.0
scidocs,ms2,bradley_terry_graph,graph,a9d7e7e918a68d1b95c6c6b29f7fabbbe01010f7,0.39780880120575696,0.39780880120575696,0.0
scidocs,ms2,pagerank_graph,graph,0bfa2ab02f3c9a9fe06fcebf34bd8f371e206512,0.38685280723454163,0.38685280723454163,0.0
scidocs,ms2,rank_centrality_graph,graph,0bfa2ab02f3c9a9fe06fcebf34bd8f371e206512,0.38685280723454163,0.38685280723454163,0.0
scidocs,ms2,markov_hybrid,hybrid,0bfa2ab02f3c9a9fe06fcebf34bd8f371e206512,0.38685280723454163,0.38685280723454163,0.0
scidocs,ms2,bradley_terry_graph,graph,0bfa2ab02f3c9a9fe06fcebf34bd8f371e206512,0.38685280723454163,0.38685280723454163,0.0
scidocs,ms2,pagerank_graph,graph,5e1b80b4774582b948c6dcd656daaba6724ffc2d,0.2559580248098155,0.2559580248098155,0.0
scidocs,ms2,rank_centrality_graph,graph,5e1b80b4774582b948c6dcd656daaba6724ffc2d,0.23981246656813146,0.23981246656813146,0.0
scidocs,ms2,markov_hybrid,hybrid,5e1b80b4774582b948c6dcd656daaba6724ffc2d,0.6309297535714575,0.6309297535714575,0.0
scidocs,ms2,bradley_terry_graph,graph,5e1b80b4774582b948c6dcd656daaba6724ffc2d,0.24465054211822604,0.24465054211822604,0.0
scidocs,ms2,pagerank_graph,graph,382bbb79d7ffda63395db3d9b4ebce55d0b2f038,0.0,0.0,0.0
scidocs,ms2,rank_centrality_graph,graph,382bbb79d7ffda63395db3d9b4ebce55d0b2f038,0.0,0.0,0.0
scidocs,ms2,markov_hybrid,hybrid,382bbb79d7ffda63395db3d9b4ebce55d0b2f038,0.0,0.0,0.0
scidocs,ms2,bradley_terry_graph,graph,382bbb79d7ffda63395db3d9b4ebce55d0b2f038,0.0,0.0,0.0
scidocs,ms2,pagerank_graph,graph,f7bdc97a6b4c5d65c145479ae74b3a244121ae89,0.27894294565112987,0.27894294565112987,0.0
scidocs,ms2,rank_centrality_graph,graph,f7bdc97a6b4c5d65c145479ae74b3a244121ae89,0.27023815442731974,0.27023815442731974,0.0
scidocs,ms2,markov_hybrid,hybrid,f7bdc97a6b4c5d65c145479ae74b3a244121ae89,0.27023815442731974,0.27023815442731974,0.0
scidocs,ms2,bradley_terry_graph,graph,f7bdc97a6b4c5d65c145479ae74b3a244121ae89,0.27023815442731974,0.27023815442731974,0.0
scidocs,ms2,pagerank_graph,graph,e659e72b7962c9ad586a2d35a7099550102fb054,0.47799753043084375,0.47799753043084375,0.0
scidocs,ms2,rank_centrality_graph,graph,e659e72b7962c9ad586a2d35a7099550102fb054,0.4931663944717167,0.4931663944717167,0.0
scidocs,ms2,markov_hybrid,hybrid,e659e72b7962c9ad586a2d35a7099550102fb054,0.4735833147724162,0.4735833147724162,0.0
scidocs,ms2,bradley_terry_graph,graph,e659e72b7962c9ad586a2d35a7099550102fb054,0.4899609691478733,0.4899609691478733,0.0
scidocs,ms2,pagerank_graph,graph,3136f52540fb7925998eff94e9c016d2e1a6fe12,0.0,0.0,0.0
scidocs,ms2,rank_centrality_graph,graph,3136f52540fb7925998eff94e9c016d2e1a6fe12,0.0,0.0,0.0
scidocs,ms2,markov_hybrid,hybrid,3136f52540fb7925998eff94e9c016d2e1a6fe12,0.0,0.0,0.0
scidocs,ms2,bradley_terry_graph,graph,3136f52540fb7925998eff94e9c016d2e1a6fe12,0.0,0.0,0.0
scidocs,ms2,pagerank_graph,graph,0bf046038a555bc848030a28530f9836e5611b96,0.5,0.5,0.0
scidocs,ms2,rank_centrality_graph,graph,0bf046038a555bc848030a28530f9836e5611b96,0.38685280723454163,0.38685280723454163,0.0
scidocs,ms2,markov_hybrid,hybrid,0bf046038a555bc848030a28530f9836e5611b96,0.6309297535714575,0.6309297535714575,0.0
scidocs,ms2,bradley_terry_graph,graph,0bf046038a555bc848030a28530f9836e5611b96,0.43067655807339306,0.43067655807339306,0.0
scidocs,ms2,pagerank_graph,graph,5a4b46ef8898610ab16a1ced6f4a976db0f1962c,0.2559580248098155,0.2559580248098155,0.0
scidocs,ms2,rank_centrality_graph,graph,5a4b46ef8898610ab16a1ced6f4a976db0f1962c,0.227670248696953,0.227670248696953,0.0
scidocs,ms2,markov_hybrid,hybrid,5a4b46ef8898610ab16a1ced6f4a976db0f1962c,0.27894294565112987,0.27894294565112987,0.0
scidocs,ms2,bradley_terry_graph,graph,5a4b46ef8898610ab16a1ced6f4a976db0f1962c,0.24465054211822604,0.24465054211822604,0.0
scidocs,ms2,pagerank_graph,graph,232427099d4a8acf1dc29efc852f09c5964e6165,0.36132234196641605,0.36132234196641605,0.0
scidocs,ms2,rank_centrality_graph,graph,232427099d4a8acf1dc29efc852f09c5964e6165,0.37906661463529034,0.37906661463529034,0.0
scidocs,ms2,markov_hybrid,hybrid,232427099d4a8acf1dc29efc852f09c5964e6165,0.37007816335371563,0.37007816335371563,0.0
scidocs,ms2,bradley_terry_graph,graph,232427099d4a8acf1dc29efc852f09c5964e6165,0.3941376571472261,0.3941376571472261,0.0
scidocs,ms2,pagerank_graph,graph,100636ca50edf63d4336bb071f3e172cb0ebccaa,0.0,0.0,0.0
scidocs,ms2,rank_centrality_graph,graph,100636ca50edf63d4336bb071f3e172cb0ebccaa,0.0,0.0,0.0
scidocs,ms2,markov_hybrid,hybrid,100636ca50edf63d4336bb071f3e172cb0ebccaa,0.0,0.0,0.0
scidocs,ms2,bradley_terry_graph,graph,100636ca50edf63d4336bb071f3e172cb0ebccaa,0.0,0.0,0.0
scidocs,ms2,pagerank_graph,graph,7a373793804ea9813d64641919e14841f927c38f,1.0,1.0,0.0
scidocs,ms2,rank_centrality_graph,graph,7a373793804ea9813d64641919e14841f927c38f,1.0,1.0,0.0
scidocs,ms2,markov_hybrid,hybrid,7a373793804ea9813d64641919e14841f927c38f,1.0,1.0,0.0
scidocs,ms2,bradley_terry_graph,graph,7a373793804ea9813d64641919e14841f927c38f,0.6309297535714575,0.6309297535714575,0.0
scidocs,ms2,pagerank_graph,graph,e788f08148b4b06f4e537b27b51338f1c88ccea8,1.0,1.0,0.0
scidocs,ms2,rank_centrality_graph,graph,e788f08148b4b06f4e537b27b51338f1c88ccea8,1.0,1.0,0.0
scidocs,ms2,markov_hybrid,hybrid,e788f08148b4b06f4e537b27b51338f1c88ccea8,1.0,1.0,0.0
scidocs,ms2,bradley_terry_graph,graph,e788f08148b4b06f4e537b27b51338f1c88ccea8,1.0,1.0,0.0
scidocs,ms2,pagerank_graph,graph,8fad88b5678bfecab78d0d6389f649ccfb310d22,0.35446922870647896,0.35446922870647896,0.0
scidocs,ms2,rank_centrality_graph,graph,8fad88b5678bfecab78d0d6389f649ccfb310d22,0.3467132018086354,0.3467132018086354,0.0
scidocs,ms2,markov_hybrid,hybrid,8fad88b5678bfecab78d0d6389f649ccfb310d22,0.368414229926502,0.368414229926502,0.0
scidocs,ms2,bradley_terry_graph,graph,8fad88b5678bfecab78d0d6389f649ccfb310d22,0.3904845109606608,0.3904845109606608,0.0
scidocs,ms2,pagerank_graph,graph,e48e9cf407af2694ecfefd441c2c28faffdf0835,0.8454834542841898,0.8454834542841898,0.0
scidocs,ms2,rank_centrality_graph,graph,e48e9cf407af2694ecfefd441c2c28faffdf0835,0.8421423592553552,0.8421423592553552,0.0
scidocs,ms2,markov_hybrid,hybrid,e48e9cf407af2694ecfefd441c2c28faffdf0835,0.7100281367210132,0.7100281367210132,0.0
scidocs,ms2,bradley_terry_graph,graph,e48e9cf407af2694ecfefd441c2c28faffdf0835,0.8421423592553552,0.8421423592553552,0.0
scidocs,ms2,pagerank_graph,graph,065985d4d0854c51f52ad7a7507b267d9b88ab1c,0.3439777714532366,0.3439777714532366,0.0
scidocs,ms2,rank_centrality_graph,graph,065985d4d0854c51f52ad7a7507b267d9b88ab1c,0.4173549207639555,0.4173549207639555,0.0
scidocs,ms2,markov_hybrid,hybrid,065985d4d0854c51f52ad7a7507b267d9b88ab1c,0.35438919069682395,0.35438919069682395,0.0
scidocs,ms2,bradley_terry_graph,graph,065985d4d0854c51f52ad7a7507b267d9b88ab1c,0.39780880120575696,0.39780880120575696,0.0
scidocs,ms2,pagerank_graph,graph,44a56dc083e3e2b07f11aae29c1ee560f46efa4a,0.40255061039913065,0.40255061039913065,0.0
scidocs,ms2,rank_centrality_graph,graph,44a56dc083e3e2b07f11aae29c1ee560f46efa4a,0.39227380201641393,0.39227380201641393,0.0
scidocs,ms2,markov_hybrid,hybrid,44a56dc083e3e2b07f11aae29c1ee560f46efa4a,0.528616834809974,0.528616834809974,0.0
scidocs,ms2,bradley_terry_graph,graph,44a56dc083e3e2b07f11aae29c1ee560f46efa4a,0.3770263585597424,0.3770263585597424,0.0
scidocs,ms2,pagerank_graph,graph,3b198869df03d98b81c0c882753845a3bca36c63,0.5,0.5,0.0
scidocs,ms2,rank_centrality_graph,graph,3b198869df03d98b81c0c882753845a3bca36c63,0.5,0.5,0.0
scidocs,ms2,markov_hybrid,hybrid,3b198869df03d98b81c0c882753845a3bca36c63,0.5,0.5,0.0
scidocs,ms2,bradley_terry_graph,graph,3b198869df03d98b81c0c882753845a3bca36c63,0.5,0.5,0.0
scidocs,ms2,pagerank_graph,graph,9a7e12ef462e779263ee3f2dd415d2d21233f15d,0.6309297535714575,0.6309297535714575,0.0
scidocs,ms2,rank_centrality_graph,graph,9a7e12ef462e779263ee3f2dd415d2d21233f15d,0.5,0.5,0.0
scidocs,ms2,markov_hybrid,hybrid,9a7e12ef462e779263ee3f2dd415d2d21233f15d,0.6309297535714575,0.6309297535714575,0.0
scidocs,ms2,bradley_terry_graph,graph,9a7e12ef462e779263ee3f2dd415d2d21233f15d,0.6309297535714575,0.6309297535714575,0.0
scidocs,ms2,pagerank_graph,graph,76dac031066a95715a3b116eb2094ec9bdd15171,0.0,0.0,0.0
scidocs,ms2,rank_centrality_graph,graph,76dac031066a95715a3b116eb2094ec9bdd15171,0.0,0.0,0.0
scidocs,ms2,markov_hybrid,hybrid,76dac031066a95715a3b116eb2094ec9bdd15171,0.0,0.0,0.0
scidocs,ms2,bradley_terry_graph,graph,76dac031066a95715a3b116eb2094ec9bdd15171,0.0,0.0,0.0
scidocs,ms2,pagerank_graph,graph,26ebc1b9e21db68d5abf01acd2a0c38d260c65a1,0.27894294565112987,0.27894294565112987,0.0
scidocs,ms2,rank_centrality_graph,graph,26ebc1b9e21db68d5abf01acd2a0c38d260c65a1,0.26264953503719357,0.26264953503719357,0.0
scidocs,ms2,markov_hybrid,hybrid,26ebc1b9e21db68d5abf01acd2a0c38d260c65a1,0.24465054211822604,0.24465054211822604,0.0
scidocs,ms2,bradley_terry_graph,graph,26ebc1b9e21db68d5abf01acd2a0c38d260c65a1,0.2890648263178879,0.2890648263178879,0.0
scidocs,ms2,pagerank_graph,graph,a1be02429ab4ec852656f8833c3160f4592cc547,0.6309297535714575,0.6309297535714575,0.0
scidocs,ms2,rank_centrality_graph,graph,a1be02429ab4ec852656f8833c3160f4592cc547,0.27023815442731974,0.27023815442731974,0.0
scidocs,ms2,markov_hybrid,hybrid,a1be02429ab4ec852656f8833c3160f4592cc547,1.0,1.0,0.0
scidocs,ms2,bradley_terry_graph,graph,a1be02429ab4ec852656f8833c3160f4592cc547,0.5,0.5,0.0
scidocs,ms2,pagerank_graph,graph,a1f5c39aece58f6504e0334d96eaede32c7329cf,0.48381288316677695,0.48381288316677695,0.0
scidocs,ms2,rank_centrality_graph,graph,a1f5c39aece58f6504e0334d96eaede32c7329cf,0.4536139370491393,0.4536139370491393,0.0
scidocs,ms2,markov_hybrid,hybrid,a1f5c39aece58f6504e0334d96eaede32c7329cf,0.5802792108518124,0.5802792108518124,0.0
scidocs,ms2,bradley_terry_graph,graph,a1f5c39aece58f6504e0334d96eaede32c7329cf,0.4722693621479587,0.4722693621479587,0.0
scidocs,ms2,pagerank_graph,graph,8ff6581f94c366e34c6f2d55806f7781194c33c8,0.38685280723454163,0.38685280723454163,0.0
scidocs,ms2,rank_centrality_graph,graph,8ff6581f94c366e34c6f2d55806f7781194c33c8,0.38685280723454163,0.38685280723454163,0.0
scidocs,ms2,markov_hybrid,hybrid,8ff6581f94c366e34c6f2d55806f7781194c33c8,0.43067655807339306,0.43067655807339306,0.0
scidocs,ms2,bradley_terry_graph,graph,8ff6581f94c366e34c6f2d55806f7781194c33c8,0.38685280723454163,0.38685280723454163,0.0
scidocs,ms2,pagerank_graph,graph,fd65ca4e3ae95302f74bf863988cdb95d6a12824,0.6309297535714575,0.6309297535714575,0.0
scidocs,ms2,rank_centrality_graph,graph,fd65ca4e3ae95302f74bf863988cdb95d6a12824,0.6309297535714575,0.6309297535714575,0.0
scidocs,ms2,markov_hybrid,hybrid,fd65ca4e3ae95302f74bf863988cdb95d6a12824,0.5,0.5,0.0
scidocs,ms2,bradley_terry_graph,graph,fd65ca4e3ae95302f74bf863988cdb95d6a12824,0.6309297535714575,0.6309297535714575,0.0
scidocs,ms2,pagerank_graph,graph,3565d884735ead613a5aa0903f06a2cc86d05b6b,1.0,1.0,0.0
scidocs,ms2,rank_centrality_graph,graph,3565d884735ead613a5aa0903f06a2cc86d05b6b,1.0,1.0,0.0
scidocs,ms2,markov_hybrid,hybrid,3565d884735ead613a5aa0903f06a2cc86d05b6b,1.0,1.0,0.0
scidocs,ms2,bradley_terry_graph,graph,3565d884735ead613a5aa0903f06a2cc86d05b6b,1.0,1.0,0.0
scidocs,ms2,pagerank_graph,graph,c2e57b2871fdfd06566820c5329815ac06f66197,0.0,0.0,0.0
scidocs,ms2,rank_centrality_graph,graph,c2e57b2871fdfd06566820c5329815ac06f66197,0.0,0.0,0.0
scidocs,ms2,markov_hybrid,hybrid,c2e57b2871fdfd06566820c5329815ac06f66197,0.0,0.0,0.0
scidocs,ms2,bradley_terry_graph,graph,c2e57b2871fdfd06566820c5329815ac06f66197,0.0,0.0,0.0
scidocs,ms2,pagerank_graph,graph,59e2037f5079794cb9128c7f0900a568ced14c2a,0.43182635658090507,0.43182635658090507,0.0
scidocs,ms2,rank_centrality_graph,graph,59e2037f5079794cb9128c7f0900a568ced14c2a,0.43910523714815825,0.43910523714815825,0.0
scidocs,ms2,markov_hybrid,hybrid,59e2037f5079794cb9128c7f0900a568ced14c2a,0.4414600035636788,0.4414600035636788,0.0
scidocs,ms2,bradley_terry_graph,graph,59e2037f5079794cb9128c7f0900a568ced14c2a,0.42653801694090665,0.42653801694090665,0.0
scidocs,ms2,pagerank_graph,graph,3f95e155b1c40911149fe994197a502ef44ebbbe,0.43067655807339306,0.43067655807339306,0.0
scidocs,ms2,rank_centrality_graph,graph,3f95e155b1c40911149fe994197a502ef44ebbbe,0.43067655807339306,0.43067655807339306,0.0
scidocs,ms2,markov_hybrid,hybrid,3f95e155b1c40911149fe994197a502ef44ebbbe,0.5,0.5,0.0
scidocs,ms2,bradley_terry_graph,graph,3f95e155b1c40911149fe994197a502ef44ebbbe,0.5,0.5,0.0
scidocs,ms2,pagerank_graph,graph,0674058618d04def58c79a0b28174301ef591433,0.42177340954886444,0.42177340954886444,0.0
scidocs,ms2,rank_centrality_graph,graph,0674058618d04def58c79a0b28174301ef591433,0.3644594876849889,0.3644594876849889,0.0
scidocs,ms2,markov_hybrid,hybrid,0674058618d04def58c79a0b28174301ef591433,0.48381288316677695,0.48381288316677695,0.0
scidocs,ms2,bradley_terry_graph,graph,0674058618d04def58c79a0b28174301ef591433,0.42177340954886444,0.42177340954886444,0.0
scidocs,ms2,pagerank_graph,graph,23a7c8d9f142184d28e56b0751e172fef6539275,0.3503663479952008,0.3503663479952008,0.0
scidocs,ms2,rank_centrality_graph,graph,23a7c8d9f142184d28e56b0751e172fef6539275,0.3243198822590827,0.3243198822590827,0.0
scidocs,ms2,markov_hybrid,hybrid,23a7c8d9f142184d28e56b0751e172fef6539275,0.3267385908544377,0.3267385908544377,0.0
scidocs,ms2,bradley_terry_graph,graph,23a7c8d9f142184d28e56b0751e172fef6539275,0.3503663479952008,0.3503663479952008,0.0
scidocs,ms2,pagerank_graph,graph,ee6b940d3ae36f9b124586b15a49cec45f24b90a,0.575781254727535,0.575781254727535,0.0
scidocs,ms2,rank_centrality_graph,graph,ee6b940d3ae36f9b124586b15a49cec45f24b90a,0.5901625922986855,0.5901625922986855,0.0
scidocs,ms2,markov_hybrid,hybrid,ee6b940d3ae36f9b124586b15a49cec45f24b90a,0.5650470417689183,0.5650470417689183,0.0
scidocs,ms2,bradley_terry_graph,graph,ee6b940d3ae36f9b124586b15a49cec45f24b90a,0.5880960984623154,0.5880960984623154,0.0
scidocs,ms2,pagerank_graph,graph,2bd338ef8751b62d23e53fbb44d67042d634da2f,0.0,0.0,0.0
scidocs,ms2,rank_centrality_graph,graph,2bd338ef8751b62d23e53fbb44d67042d634da2f,0.0,0.0,0.0
scidocs,ms2,markov_hybrid,hybrid,2bd338ef8751b62d23e53fbb44d67042d634da2f,0.0,0.0,0.0
scidocs,ms2,bradley_terry_graph,graph,2bd338ef8751b62d23e53fbb44d67042d634da2f,0.0,0.0,0.0
scidocs,ms2,pagerank_graph,graph,ddbb6e0913ac127004be73e2d4097513a8f02d37,0.0,0.0,0.0
scidocs,ms2,rank_centrality_graph,graph,ddbb6e0913ac127004be73e2d4097513a8f02d37,0.0,0.0,0.0
scidocs,ms2,markov_hybrid,hybrid,ddbb6e0913ac127004be73e2d4097513a8f02d37,0.0,0.0,0.0
scidocs,ms2,bradley_terry_graph,graph,ddbb6e0913ac127004be73e2d4097513a8f02d37,0.0,0.0,0.0
scidocs,ms2,pagerank_graph,graph,d6b56cc6e05300426b6194dd3f6a38720678827e,0.4169396824707798,0.4169396824707798,0.0
scidocs,ms2,rank_centrality_graph,graph,d6b56cc6e05300426b6194dd3f6a38720678827e,0.3865228854620992,0.3865228854620992,0.0
scidocs,ms2,markov_hybrid,hybrid,d6b56cc6e05300426b6194dd3f6a38720678827e,0.46069400086606566,0.46069400086606566,0.0
scidocs,ms2,bradley_terry_graph,graph,d6b56cc6e05300426b6194dd3f6a38720678827e,0.40255834489962933,0.40255834489962933,0.0
scidocs,ms2,pagerank_graph,graph,df39e24c3cc21dc4c79995ec2b424a37dac999c7,1.0,1.0,0.0
scidocs,ms2,rank_centrality_graph,graph,df39e24c3cc21dc4c79995ec2b424a37dac999c7,1.0,1.0,0.0
scidocs,ms2,markov_hybrid,hybrid,df39e24c3cc21dc4c79995ec2b424a37dac999c7,1.0,1.0,0.0
scidocs,ms2,bradley_terry_graph,graph,df39e24c3cc21dc4c79995ec2b424a37dac999c7,1.0,1.0,0.0
scidocs,ms2,pagerank_graph,graph,74bd4761b373447079c6e5cd31832c00fab2fa77,0.0,0.0,0.0
scidocs,ms2,rank_centrality_graph,graph,74bd4761b373447079c6e5cd31832c00fab2fa77,0.0,0.0,0.0
scidocs,ms2,markov_hybrid,hybrid,74bd4761b373447079c6e5cd31832c00fab2fa77,0.0,0.0,0.0
scidocs,ms2,bradley_terry_graph,graph,74bd4761b373447079c6e5cd31832c00fab2fa77,0.0,0.0,0.0
scidocs,ms2,pagerank_graph,graph,ddbf21ca1de9617894b15d45787a27557f02a494,0.3333333333333333,0.3333333333333333,0.0
scidocs,ms2,rank_centrality_graph,graph,ddbf21ca1de9617894b15d45787a27557f02a494,0.27894294565112987,0.27894294565112987,0.0
scidocs,ms2,markov_hybrid,hybrid,ddbf21ca1de9617894b15d45787a27557f02a494,0.31546487678572877,0.31546487678572877,0.0
scidocs,ms2,bradley_terry_graph,graph,ddbf21ca1de9617894b15d45787a27557f02a494,0.31546487678572877,0.31546487678572877,0.0
scidocs,ms2,pagerank_graph,graph,f754cab548f2c209ea7d932084ef768b92b27614,0.5540663910176149,0.5540663910176149,0.0
scidocs,ms2,rank_centrality_graph,graph,f754cab548f2c209ea7d932084ef768b92b27614,0.49126119159534437,0.49126119159534437,0.0
scidocs,ms2,markov_hybrid,hybrid,f754cab548f2c209ea7d932084ef768b92b27614,0.6045093387918965,0.6045093387918965,0.0
scidocs,ms2,bradley_terry_graph,graph,f754cab548f2c209ea7d932084ef768b92b27614,0.5540663910176149,0.5540663910176149,0.0
scidocs,ms2,pagerank_graph,graph,373f76633cc1f6c7a421e31c989842021a52fca4,0.0,0.0,0.0
scidocs,ms2,rank_centrality_graph,graph,373f76633cc1f6c7a421e31c989842021a52fca4,0.0,0.0,0.0
scidocs,ms2,markov_hybrid,hybrid,373f76633cc1f6c7a421e31c989842021a52fca4,0.0,0.0,0.0
scidocs,ms2,bradley_terry_graph,graph,373f76633cc1f6c7a421e31c989842021a52fca4,0.0,0.0,0.0
scidocs,ms2,pagerank_graph,graph,01d208b33561362f7714f714d3bc4a1f7aa1637c,0.0,0.0,0.0
scidocs,ms2,rank_centrality_graph,graph,01d208b33561362f7714f714d3bc4a1f7aa1637c,0.0,0.0,0.0
scidocs,ms2,markov_hybrid,hybrid,01d208b33561362f7714f714d3bc4a1f7aa1637c,0.0,0.0,0.0
scidocs,ms2,bradley_terry_graph,graph,01d208b33561362f7714f714d3bc4a1f7aa1637c,0.0,0.0,0.0
scidocs,ms2,pagerank_graph,graph,f365ce3e68cb3795887e93baf5fed5d783b3904e,0.9197207891481876,0.9197207891481876,0.0
scidocs,ms2,rank_centrality_graph,graph,f365ce3e68cb3795887e93baf5fed5d783b3904e,0.766433990956823,0.766433990956823,0.0
scidocs,ms2,markov_hybrid,hybrid,f365ce3e68cb3795887e93baf5fed5d783b3904e,0.5109559939712153,0.5109559939712153,0.0
scidocs,ms2,bradley_terry_graph,graph,f365ce3e68cb3795887e93baf5fed5d783b3904e,0.9197207891481876,0.9197207891481876,0.0
scidocs,ms2,pagerank_graph,graph,28e0707528f78fecb26fe7f003d94f6a5de32b98,0.3333333333333333,0.3333333333333333,0.0
scidocs,ms2,rank_centrality_graph,graph,28e0707528f78fecb26fe7f003d94f6a5de32b98,0.2890648263178879,0.2890648263178879,0.0
scidocs,ms2,markov_hybrid,hybrid,28e0707528f78fecb26fe7f003d94f6a5de32b98,0.3333333333333333,0.3333333333333333,0.0
scidocs,ms2,bradley_terry_graph,graph,28e0707528f78fecb26fe7f003d94f6a5de32b98,0.31546487678572877,0.31546487678572877,0.0
scidocs,ms2,pagerank_graph,graph,fa8042d025895e22af2d9df3ffb9f67438610fcc,0.4817894277008566,0.4817894277008566,0.0
scidocs,ms2,rank_centrality_graph,graph,fa8042d025895e22af2d9df3ffb9f67438610fcc,0.3794375257621505,0.3794375257621505,0.0
scidocs,ms2,markov_hybrid,hybrid,fa8042d025895e22af2d9df3ffb9f67438610fcc,0.6797310500037655,0.6797310500037655,0.0
scidocs,ms2,bradley_terry_graph,graph,fa8042d025895e22af2d9df3ffb9f67438610fcc,0.4356996218982734,0.4356996218982734,0.0
scidocs,ms2,pagerank_graph,graph,ae2b67d03512dd0f13a68636d1d7f83cc889318a,0.24465054211822604,0.24465054211822604,0.0
scidocs,ms2,rank_centrality_graph,graph,ae2b67d03512dd0f13a68636d1d7f83cc889318a,0.25,0.25,0.0
scidocs,ms2,markov_hybrid,hybrid,ae2b67d03512dd0f13a68636d1d7f83cc889318a,0.2559580248098155,0.2559580248098155,0.0
scidocs,ms2,bradley_terry_graph,graph,ae2b67d03512dd0f13a68636d1d7f83cc889318a,0.2559580248098155,0.2559580248098155,0.0
scidocs,ms2,pagerank_graph,graph,b8397b4418bb1d576210d9a39d44725d6ffb2a44,0.0,0.0,0.0
scidocs,ms2,rank_centrality_graph,graph,b8397b4418bb1d576210d9a39d44725d6ffb2a44,0.0,0.0,0.0
scidocs,ms2,markov_hybrid,hybrid,b8397b4418bb1d576210d9a39d44725d6ffb2a44,0.0,0.0,0.0
scidocs,ms2,bradley_terry_graph,graph,b8397b4418bb1d576210d9a39d44725d6ffb2a44,0.0,0.0,0.0
scidocs,ms2,pagerank_graph,graph,ebf4ef0701e6f6c2050e5bed0be54fd4d8a1d991,0.0,0.0,0.0
scidocs,ms2,rank_centrality_graph,graph,ebf4ef0701e6f6c2050e5bed0be54fd4d8a1d991,0.0,0.0,0.0
scidocs,ms2,markov_hybrid,hybrid,ebf4ef0701e6f6c2050e5bed0be54fd4d8a1d991,0.0,0.0,0.0
scidocs,ms2,bradley_terry_graph,graph,ebf4ef0701e6f6c2050e5bed0be54fd4d8a1d991,0.0,0.0,0.0
scidocs,ms2,pagerank_graph,graph,af441a4f1b754ad9b3a4401e8361ad9b66786778,0.8085817639796901,0.8085817639796901,0.0
scidocs,ms2,rank_centrality_graph,graph,af441a4f1b754ad9b3a4401e8361ad9b66786778,0.8112544079767395,0.8112544079767395,0.0
scidocs,ms2,markov_hybrid,hybrid,af441a4f1b754ad9b3a4401e8361ad9b66786778,0.7714472580717429,0.7714472580717429,0.0
scidocs,ms2,bradley_terry_graph,graph,af441a4f1b754ad9b3a4401e8361ad9b66786778,0.8211923425539633,0.8211923425539633,0.0
scidocs,ms2,pagerank_graph,graph,8bb3a478db8951f42198a885d7245d58036ba55c,0.0,0.0,0.0
scidocs,ms2,rank_centrality_graph,graph,8bb3a478db8951f42198a885d7245d58036ba55c,0.0,0.0,0.0
scidocs,ms2,markov_hybrid,hybrid,8bb3a478db8951f42198a885d7245d58036ba55c,0.0,0.0,0.0
scidocs,ms2,bradley_terry_graph,graph,8bb3a478db8951f42198a885d7245d58036ba55c,0.0,0.0,0.0
scidocs,ms2,pagerank_graph,graph,9e76a700f03ef476b964b27e23c071163e44c232,0.8033143750728156,0.8033143750728156,0.0
scidocs,ms2,rank_centrality_graph,graph,9e76a700f03ef476b964b27e23c071163e44c232,0.8033143750728156,0.8033143750728156,0.0
scidocs,ms2,markov_hybrid,hybrid,9e76a700f03ef476b964b27e23c071163e44c232,0.8233931887422242,0.8233931887422242,0.0
scidocs,ms2,bradley_terry_graph,graph,9e76a700f03ef476b964b27e23c071163e44c232,0.8033143750728156,0.8033143750728156,0.0
scidocs,ms2,pagerank_graph,graph,43da9037d50745002195abb864243ecc75d4b040,0.0,0.0,0.0
scidocs,ms2,rank_centrality_graph,graph,43da9037d50745002195abb864243ecc75d4b040,0.0,0.0,0.0
scidocs,ms2,markov_hybrid,hybrid,43da9037d50745002195abb864243ecc75d4b040,0.0,0.0,0.0
scidocs,ms2,bradley_terry_graph,graph,43da9037d50745002195abb864243ecc75d4b040,0.0,0.0,0.0
scidocs,ms2,pagerank_graph,graph,b21951a276dd940e052676b06e193f65fdc297f9,0.0,0.0,0.0
scidocs,ms2,rank_centrality_graph,graph,b21951a276dd940e052676b06e193f65fdc297f9,0.0,0.0,0.0
scidocs,ms2,markov_hybrid,hybrid,b21951a276dd940e052676b06e193f65fdc297f9,0.0,0.0,0.0
scidocs,ms2,bradley_terry_graph,graph,b21951a276dd940e052676b06e193f65fdc297f9,0.0,0.0,0.0
scidocs,ms2,pagerank_graph,graph,b9d502d98e3bb19f8179a4363e3f28c6b6def7a8,0.0,0.0,0.0
scidocs,ms2,rank_centrality_graph,graph,b9d502d98e3bb19f8179a4363e3f28c6b6def7a8,0.0,0.0,0.0
scidocs,ms2,markov_hybrid,hybrid,b9d502d98e3bb19f8179a4363e3f28c6b6def7a8,0.0,0.0,0.0
scidocs,ms2,bradley_terry_graph,graph,b9d502d98e3bb19f8179a4363e3f28c6b6def7a8,0.0,0.0,0.0
scidocs,ms2,pagerank_graph,graph,399acab2bee6eccbfffe4a2ce688b6b1075e9c5e,0.0,0.0,0.0
scidocs,ms2,rank_centrality_graph,graph,399acab2bee6eccbfffe4a2ce688b6b1075e9c5e,0.0,0.0,0.0
scidocs,ms2,markov_hybrid,hybrid,399acab2bee6eccbfffe4a2ce688b6b1075e9c5e,0.0,0.0,0.0
scidocs,ms2,bradley_terry_graph,graph,399acab2bee6eccbfffe4a2ce688b6b1075e9c5e,0.0,0.0,0.0
scidocs,ms2,pagerank_graph,graph,4649e3279edf653135f1f31da3e242ba451a93de,0.0,0.0,0.0
scidocs,ms2,rank_centrality_graph,graph,4649e3279edf653135f1f31da3e242ba451a93de,0.0,0.0,0.0
scidocs,ms2,markov_hybrid,hybrid,4649e3279edf653135f1f31da3e242ba451a93de,0.0,0.0,0.0
scidocs,ms2,bradley_terry_graph,graph,4649e3279edf653135f1f31da3e242ba451a93de,0.0,0.0,0.0
scidocs,ms2,pagerank_graph,graph,4ab6e67519411dbdb69c6111a3b8d5f334ebb579,0.3333333333333333,0.3333333333333333,0.0
scidocs,ms2,rank_centrality_graph,graph,4ab6e67519411dbdb69c6111a3b8d5f334ebb579,0.3562071871080222,0.3562071871080222,0.0
scidocs,ms2,markov_hybrid,hybrid,4ab6e67519411dbdb69c6111a3b8d5f334ebb579,0.3562071871080222,0.3562071871080222,0.0
scidocs,ms2,bradley_terry_graph,graph,4ab6e67519411dbdb69c6111a3b8d5f334ebb579,0.3333333333333333,0.3333333333333333,0.0
scidocs,ms2,pagerank_graph,graph,924544f503070bb390cc51e4bac9cbb3171aa03f,0.27023815442731974,0.27023815442731974,0.0
scidocs,ms2,rank_centrality_graph,graph,924544f503070bb390cc51e4bac9cbb3171aa03f,0.25,0.25,0.0
scidocs,ms2,markov_hybrid,hybrid,924544f503070bb390cc51e4bac9cbb3171aa03f,0.25,0.25,0.0
scidocs,ms2,bradley_terry_graph,graph,924544f503070bb390cc51e4bac9cbb3171aa03f,0.26264953503719357,0.26264953503719357,0.0
scidocs,ms2,pagerank_graph,graph,d2e6250e95af09fefbe638f1580420476a2ecaee,0.0,0.0,0.0
scidocs,ms2,rank_centrality_graph,graph,d2e6250e95af09fefbe638f1580420476a2ecaee,0.0,0.0,0.0
scidocs,ms2,markov_hybrid,hybrid,d2e6250e95af09fefbe638f1580420476a2ecaee,0.0,0.0,0.0
scidocs,ms2,bradley_terry_graph,graph,d2e6250e95af09fefbe638f1580420476a2ecaee,0.0,0.0,0.0
scidocs,ms2,pagerank_graph,graph,79e13ff4a21f13d3839422568274ea84a9fe42b5,0.3010299956639812,0.3010299956639812,0.0
scidocs,ms2,rank_centrality_graph,graph,79e13ff4a21f13d3839422568274ea84a9fe42b5,0.3562071871080222,0.3562071871080222,0.0
scidocs,ms2,markov_hybrid,hybrid,79e13ff4a21f13d3839422568274ea84a9fe42b5,0.227670248696953,0.227670248696953,0.0
scidocs,ms2,bradley_terry_graph,graph,79e13ff4a21f13d3839422568274ea84a9fe42b5,0.31546487678572877,0.31546487678572877,0.0
scidocs,ms1,pagerank_graph,graph,78495383450e02c5fe817e408726134b3084905d,1.0,1.0,0.0
scidocs,ms1,rank_centrality_graph,graph,78495383450e02c5fe817e408726134b3084905d,1.0,1.0,0.0
scidocs,ms1,markov_hybrid,hybrid,78495383450e02c5fe817e408726134b3084905d,1.0,1.0,0.0
scidocs,ms1,bradley_terry_graph,graph,78495383450e02c5fe817e408726134b3084905d,1.0,1.0,0.0
scidocs,ms1,pagerank_graph,graph,7dcb308b9292a8bc87d6f7793d2ca5e0e19dfa40,0.0,0.0,0.0
scidocs,ms1,rank_centrality_graph,graph,7dcb308b9292a8bc87d6f7793d2ca5e0e19dfa40,0.0,0.0,0.0
scidocs,ms1,markov_hybrid,hybrid,7dcb308b9292a8bc87d6f7793d2ca5e0e19dfa40,0.0,0.0,0.0
scidocs,ms1,bradley_terry_graph,graph,7dcb308b9292a8bc87d6f7793d2ca5e0e19dfa40,0.0,0.0,0.0
scidocs,ms1,pagerank_graph,graph,8c872ecd87945e71fcd9fa1b6cb1133cfe805bf2,0.0,0.0,0.0
scidocs,ms1,rank_centrality_graph,graph,8c872ecd87945e71fcd9fa1b6cb1133cfe805bf2,0.0,0.0,0.0
scidocs,ms1,markov_hybrid,hybrid,8c872ecd87945e71fcd9fa1b6cb1133cfe805bf2,0.0,0.0,0.0
scidocs,ms1,bradley_terry_graph,graph,8c872ecd87945e71fcd9fa1b6cb1133cfe805bf2,0.0,0.0,0.0
scidocs,ms1,pagerank_graph,graph,3a63667284dc8b9687ed1620406030bfe39af3c9,1.0,1.0,0.0
scidocs,ms1,rank_centrality_graph,graph,3a63667284dc8b9687ed1620406030bfe39af3c9,1.0,1.0,0.0
scidocs,ms1,markov_hybrid,hybrid,3a63667284dc8b9687ed1620406030bfe39af3c9,1.0,1.0,0.0
scidocs,ms1,bradley_terry_graph,graph,3a63667284dc8b9687ed1620406030bfe39af3c9,1.0,1.0,0.0
scidocs,ms1,pagerank_graph,graph,071f47b7bc5830643e31dbed82e0375bf9b26559,0.9066276098484507,0.8739415100896553,-0.03268609975879544
scidocs,ms1,rank_centrality_graph,graph,071f47b7bc5830643e31dbed82e0375bf9b26559,0.8962626271568189,0.872201441250412,-0.024061185906406934
scidocs,ms1,markov_hybrid,hybrid,071f47b7bc5830643e31dbed82e0375bf9b26559,0.9010126104210695,0.9010126104210695,0.0
scidocs,ms1,bradley_terry_graph,graph,071f47b7bc5830643e31dbed82e0375bf9b26559,0.8758330319477191,0.8739415100896553,-0.0018915218580638493
scidocs,ms1,pagerank_graph,graph,ee9596725d1db17f2b1e2207dd3ea260343bfe4f,0.7629080381941592,0.7663491294400363,0.0034410912458771037
scidocs,ms1,rank_centrality_graph,graph,ee9596725d1db17f2b1e2207dd3ea260343bfe4f,0.7696416937072427,0.7878892041943847,0.018247510487142016
scidocs,ms1,markov_hybrid,hybrid,ee9596725d1db17f2b1e2207dd3ea260343bfe4f,0.8571345604839221,0.806022196739243,-0.05111236374467909
scidocs,ms1,bradley_terry_graph,graph,ee9596725d1db17f2b1e2207dd3ea260343bfe4f,0.8587080654321868,0.7789597080143096,-0.07974835741787722
scidocs,ms1,pagerank_graph,graph,a65196dfff31425281c690a7f2ca65247147da6b,0.7550160946314525,0.44844249824872334,-0.30657359638272913
scidocs,ms1,rank_centrality_graph,graph,a65196dfff31425281c690a7f2ca65247147da6b,0.5287217091005357,0.5287217091005357,0.0
scidocs,ms1,markov_hybrid,hybrid,a65196dfff31425281c690a7f2ca65247147da6b,0.31432962328057273,0.31432962328057273,0.0
scidocs,ms1,bradley_terry_graph,graph,a65196dfff31425281c690a7f2ca65247147da6b,0.5287217091005357,0.5287217091005357,0.0
scidocs,ms1,pagerank_graph,graph,a04b5b99f5d9d8748843e870536a4a9f65562012,0.49235837001196897,0.4686613101011926,-0.023697059910776364
scidocs,ms1,rank_centrality_graph,graph,a04b5b99f5d9d8748843e870536a4a9f65562012,0.44401078280219397,0.41414524900817623,-0.02986553379401774
scidocs,ms1,markov_hybrid,hybrid,a04b5b99f5d9d8748843e870536a4a9f65562012,0.4686613101011926,0.4686613101011926,0.0
scidocs,ms1,bradley_terry_graph,graph,a04b5b99f5d9d8748843e870536a4a9f65562012,0.40373596312467036,0.41414524900817623,0.01040928588350587
scidocs,ms1,pagerank_graph,graph,de8e80d409aaaa3244da4f2cb5b5bb053d453cee,0.31798276946713805,0.3556087808472863,0.03762601138014826
scidocs,ms1,rank_centrality_graph,graph,de8e80d409aaaa3244da4f2cb5b5bb053d453cee,0.31798276946713805,0.3706656904013186,0.05268292093418053
scidocs,ms1,markov_hybrid,hybrid,de8e80d409aaaa3244da4f2cb5b5bb053d453cee,0.3341792311619776,0.3341792311619776,0.0
scidocs,ms1,bradley_terry_graph,graph,de8e80d409aaaa3244da4f2cb5b5bb053d453cee,0.3503663479952008,0.36181498356361597,0.011448635568415189
scidocs,ms1,pagerank_graph,graph,ae0fb9c6ebb8ce12610c477d2388447a13dc4694,0.0,0.0,0.0
scidocs,ms1,rank_centrality_graph,graph,ae0fb9c6ebb8ce12610c477d2388447a13dc4694,0.0,0.0,0.0
scidocs,ms1,markov_hybrid,hybrid,ae0fb9c6ebb8ce12610c477d2388447a13dc4694,0.0,0.0,0.0
scidocs,ms1,bradley_terry_graph,graph,ae0fb9c6ebb8ce12610c477d2388447a13dc4694,0.0,0.0,0.0
scidocs,ms1,pagerank_graph,graph,648678f1edab0d2139958070744b826d2b24c79e,0.9469024295259745,0.8385465274895063,-0.10835590203646817
scidocs,ms1,rank_centrality_graph,graph,648678f1edab0d2139958070744b826d2b24c79e,0.8385465274895063,0.8278123145308894,-0.010734212958616873
scidocs,ms1,markov_hybrid,hybrid,648678f1edab0d2139958070744b826d2b24c79e,0.8278123145308894,0.8278123145308894,0.0
scidocs,ms1,bradley_terry_graph,graph,648678f1edab0d2139958070744b826d2b24c79e,0.8179809735263114,0.8385465274895063,0.020565553963194927
scidocs,ms1,pagerank_graph,graph,8a6080396fa7195c7c627bea4b2aeeb9ca39b5f8,0.38685280723454163,0.38685280723454163,0.0
scidocs,ms1,rank_centrality_graph,graph,8a6080396fa7195c7c627bea4b2aeeb9ca39b5f8,0.3562071871080222,0.3010299956639812,-0.055177191444040985
scidocs,ms1,markov_hybrid,hybrid,8a6080396fa7195c7c627bea4b2aeeb9ca39b5f8,0.5,0.6309297535714575,0.13092975357145753
scidocs,ms1,bradley_terry_graph,graph,8a6080396fa7195c7c627bea4b2aeeb9ca39b5f8,0.3333333333333333,0.3333333333333333,0.0
scidocs,ms1,pagerank_graph,graph,4715401473dca02ebaa5bdd4d4003705ed91c380,0.7782268767850943,0.7127196049864212,-0.0655072717986731
scidocs,ms1,rank_centrality_graph,graph,4715401473dca02ebaa5bdd4d4003705ed91c380,0.7576613228218994,0.7019332706162753,-0.055728052205624046
scidocs,ms1,markov_hybrid,hybrid,4715401473dca02ebaa5bdd4d4003705ed91c380,0.7086346316506176,0.7109050375811679,0.002270405930550279
scidocs,ms1,bradley_terry_graph,graph,4715401473dca02ebaa5bdd4d4003705ed91c380,0.6979752549218413,0.7050734540109476,0.00709819908910625
scidocs,ms1,pagerank_graph,graph,6519bf5580fcdcc9c50fd72c6c8dc5d040d443e8,0.6309297535714575,1.0,0.36907024642854247
scidocs,ms1,rank_centrality_graph,graph,6519bf5580fcdcc9c50fd72c6c8dc5d040d443e8,1.0,1.0,0.0
scidocs,ms1,markov_hybrid,hybrid,6519bf5580fcdcc9c50fd72c6c8dc5d040d443e8,0.6309297535714575,0.6309297535714575,0.0
scidocs,ms1,bradley_terry_graph,graph,6519bf5580fcdcc9c50fd72c6c8dc5d040d443e8,1.0,1.0,0.0
scidocs,ms1,pagerank_graph,graph,3be10c45163c61dfb9f250412699b3f8cb0ada1d,0.3010299956639812,0.3562071871080222,0.055177191444040985
scidocs,ms1,rank_centrality_graph,graph,3be10c45163c61dfb9f250412699b3f8cb0ada1d,0.2890648263178879,0.3562071871080222,0.0671423607901343
scidocs,ms1,markov_hybrid,hybrid,3be10c45163c61dfb9f250412699b3f8cb0ada1d,0.38685280723454163,0.38685280723454163,0.0
scidocs,ms1,bradley_terry_graph,graph,3be10c45163c61dfb9f250412699b3f8cb0ada1d,0.3010299956639812,0.3333333333333333,0.03230333766935212
scidocs,ms1,pagerank_graph,graph,566c89a1ace18f57ac3212e6d62634b501990b31,0.0,0.0,0.0
scidocs,ms1,rank_centrality_graph,graph,566c89a1ace18f57ac3212e6d62634b501990b31,0.0,0.0,0.0
scidocs,ms1,markov_hybrid,hybrid,566c89a1ace18f57ac3212e6d62634b501990b31,0.0,0.0,0.0
scidocs,ms1,bradley_terry_graph,graph,566c89a1ace18f57ac3212e6d62634b501990b31,0.0,0.0,0.0
scidocs,ms1,pagerank_graph,graph,370fda29c5aaff285311a87824c5f28db33da021,0.334582489887906,0.3556087808472863,0.0210262909593803
scidocs,ms1,rank_centrality_graph,graph,370fda29c5aaff285311a87824c5f28db33da021,0.3316160374459783,0.3556087808472863,0.023992743401308025
scidocs,ms1,markov_hybrid,hybrid,370fda29c5aaff285311a87824c5f28db33da021,0.3841032025833937,0.3841032025833937,0.0
scidocs,ms1,bradley_terry_graph,graph,370fda29c5aaff285311a87824c5f28db33da021,0.38944052088588227,0.3556087808472863,-0.03383174003859596
scidocs,ms1,pagerank_graph,graph,6c89453c09abde95d998f5acd244f00519472ee0,0.43067655807339306,0.43067655807339306,0.0
scidocs,ms1,rank_centrality_graph,graph,6c89453c09abde95d998f5acd244f00519472ee0,0.43067655807339306,0.43067655807339306,0.0
scidocs,ms1,markov_hybrid,hybrid,6c89453c09abde95d998f5acd244f00519472ee0,0.5,0.5,0.0
scidocs,ms1,bradley_terry_graph,graph,6c89453c09abde95d998f5acd244f00519472ee0,0.43067655807339306,0.43067655807339306,0.0
scidocs,ms1,pagerank_graph,graph,74d4bf32242a3d22df63e0cd3c7b5a0038220cd2,0.450298208728463,0.38289328441824033,-0.06740492431022266
scidocs,ms1,rank_centrality_graph,graph,74d4bf32242a3d22df63e0cd3c7b5a0038220cd2,0.39416532387447784,0.3770263585597424,-0.01713896531473541
scidocs,ms1,markov_hybrid,hybrid,74d4bf32242a3d22df63e0cd3c7b5a0038220cd2,0.3662998801016243,0.3662998801016243,0.0
scidocs,ms1,bradley_terry_graph,graph,74d4bf32242a3d22df63e0cd3c7b5a0038220cd2,0.38074983612905977,0.38697825775404404,0.0062284216249842705
scidocs,ms1,pagerank_graph,graph,714c194a2fc326151b905270558aa137f9f22730,0.5,0.38685280723454163,-0.11314719276545837
scidocs,ms1,rank_centrality_graph,graph,714c194a2fc326151b905270558aa137f9f22730,0.43067655807339306,0.31546487678572877,-0.11521168128766429
scidocs,ms1,markov_hybrid,hybrid,714c194a2fc326151b905270558aa137f9f22730,0.3562071871080222,0.3562071871080222,0.0
scidocs,ms1,bradley_terry_graph,graph,714c194a2fc326151b905270558aa137f9f22730,0.3010299956639812,0.38685280723454163,0.08582281157056043
scidocs,ms1,pagerank_graph,graph,c79b88a8d8ba491cead38b431703d84015153a8f,0.0,0.0,0.0
scidocs,ms1,rank_centrality_graph,graph,c79b88a8d8ba491cead38b431703d84015153a8f,0.0,0.0,0.0
scidocs,ms1,markov_hybrid,hybrid,c79b88a8d8ba491cead38b431703d84015153a8f,0.0,0.0,0.0
scidocs,ms1,bradley_terry_graph,graph,c79b88a8d8ba491cead38b431703d84015153a8f,0.0,0.0,0.0
scidocs,ms1,pagerank_graph,graph,b2a20116c0609e23d3adfeaa604500fddca66178,0.0,0.0,0.0
scidocs,ms1,rank_centrality_graph,graph,b2a20116c0609e23d3adfeaa604500fddca66178,0.0,0.0,0.0
scidocs,ms1,markov_hybrid,hybrid,b2a20116c0609e23d3adfeaa604500fddca66178,0.0,0.0,0.0
scidocs,ms1,bradley_terry_graph,graph,b2a20116c0609e23d3adfeaa604500fddca66178,0.0,0.0,0.0
scidocs,ms1,pagerank_graph,graph,8a93cd1b6fbf7c8c86637bae18d979dafeb9a7c1,0.0,0.0,0.0
scidocs,ms1,rank_centrality_graph,graph,8a93cd1b6fbf7c8c86637bae18d979dafeb9a7c1,0.0,0.0,0.0
scidocs,ms1,markov_hybrid,hybrid,8a93cd1b6fbf7c8c86637bae18d979dafeb9a7c1,0.0,0.0,0.0
scidocs,ms1,bradley_terry_graph,graph,8a93cd1b6fbf7c8c86637bae18d979dafeb9a7c1,0.0,0.0,0.0
scidocs,ms1,pagerank_graph,graph,281b6888d5df1dddb350fac4e9be5c8272519109,0.0,0.0,0.0
scidocs,ms1,rank_centrality_graph,graph,281b6888d5df1dddb350fac4e9be5c8272519109,0.0,0.0,0.0
scidocs,ms1,markov_hybrid,hybrid,281b6888d5df1dddb350fac4e9be5c8272519109,0.0,0.0,0.0
scidocs,ms1,bradley_terry_graph,graph,281b6888d5df1dddb350fac4e9be5c8272519109,0.0,0.0,0.0
scidocs,ms1,pagerank_graph,graph,0a40663fdcf7c5fb7cfc459693116c41309e7eca,0.0,0.0,0.0
scidocs,ms1,rank_centrality_graph,graph,0a40663fdcf7c5fb7cfc459693116c41309e7eca,0.0,0.0,0.0
scidocs,ms1,markov_hybrid,hybrid,0a40663fdcf7c5fb7cfc459693116c41309e7eca,0.0,0.0,0.0
scidocs,ms1,bradley_terry_graph,graph,0a40663fdcf7c5fb7cfc459693116c41309e7eca,0.0,0.0,0.0
scidocs,ms1,pagerank_graph,graph,8501e330d78391f4e690886a8eb8fac867704ea6,0.5714285040141098,0.5714285040141098,0.0
scidocs,ms1,rank_centrality_graph,graph,8501e330d78391f4e690886a8eb8fac867704ea6,0.448643819352159,0.435101206640309,-0.013542612711850033
scidocs,ms1,markov_hybrid,hybrid,8501e330d78391f4e690886a8eb8fac867704ea6,0.4911492931622974,0.4911492931622974,0.0
scidocs,ms1,bradley_terry_graph,graph,8501e330d78391f4e690886a8eb8fac867704ea6,0.46845052016107697,0.44130740935663865,-0.02714311080443832
scidocs,ms1,pagerank_graph,graph,beac53e8074b4822943a3374ff5e9fed98a891b8,0.0,0.0,0.0
scidocs,ms1,rank_centrality_graph,graph,beac53e8074b4822943a3374ff5e9fed98a891b8,0.0,0.0,0.0
scidocs,ms1,markov_hybrid,hybrid,beac53e8074b4822943a3374ff5e9fed98a891b8,0.0,0.0,0.0
scidocs,ms1,bradley_terry_graph,graph,beac53e8074b4822943a3374ff5e9fed98a891b8,0.0,0.0,0.0
scidocs,ms1,pagerank_graph,graph,6ae4d0b388aa9262e80c3eedc1cb3e5f06842368,0.0,0.0,0.0
scidocs,ms1,rank_centrality_graph,graph,6ae4d0b388aa9262e80c3eedc1cb3e5f06842368,0.0,0.0,0.0
scidocs,ms1,markov_hybrid,hybrid,6ae4d0b388aa9262e80c3eedc1cb3e5f06842368,0.0,0.0,0.0
scidocs,ms1,bradley_terry_graph,graph,6ae4d0b388aa9262e80c3eedc1cb3e5f06842368,0.0,0.0,0.0
scidocs,ms1,pagerank_graph,graph,7db20fcc1d71edc32c365f145148d24b9f1427a5,0.45560514958746035,0.45560514958746035,0.0
scidocs,ms1,rank_centrality_graph,graph,7db20fcc1d71edc32c365f145148d24b9f1427a5,0.3941376571472261,0.42976388833782037,0.03562623119059427
scidocs,ms1,markov_hybrid,hybrid,7db20fcc1d71edc32c365f145148d24b9f1427a5,0.38162168437253385,0.38162168437253385,0.0
scidocs,ms1,bradley_terry_graph,graph,7db20fcc1d71edc32c365f145148d24b9f1427a5,0.33207590915692625,0.46845052016107697,0.13637461100415071
scidocs,ms1,pagerank_graph,graph,335ad0ff82c728aca99fb0059c607cb18129526f,0.0,0.0,0.0
scidocs,ms1,rank_centrality_graph,graph,335ad0ff82c728aca99fb0059c607cb18129526f,0.0,0.0,0.0
scidocs,ms1,markov_hybrid,hybrid,335ad0ff82c728aca99fb0059c607cb18129526f,0.0,0.0,0.0
scidocs,ms1,bradley_terry_graph,graph,335ad0ff82c728aca99fb0059c607cb18129526f,0.0,0.0,0.0
scidocs,ms1,pagerank_graph,graph,04e4034344bda5c97015ea634e6eb1b65ef3a898,0.6509209298071326,0.5706417189553201,-0.08027921085181244
scidocs,ms1,rank_centrality_graph,graph,04e4034344bda5c97015ea634e6eb1b65ef3a898,0.6240505200038379,0.6509209298071326,0.026870409803294693
scidocs,ms1,markov_hybrid,hybrid,04e4034344bda5c97015ea634e6eb1b65ef3a898,0.9197207891481876,0.9197207891481876,0.0
scidocs,ms1,bradley_terry_graph,graph,04e4034344bda5c97015ea634e6eb1b65ef3a898,0.5437713091520254,0.6509209298071326,0.10714962065510714
scidocs,ms1,pagerank_graph,graph,271a4077c037b86fb7daf6bff3e66682322ff7d7,0.0,0.0,0.0
scidocs,ms1,rank_centrality_graph,graph,271a4077c037b86fb7daf6bff3e66682322ff7d7,0.0,0.0,0.0
scidocs,ms1,markov_hybrid,hybrid,271a4077c037b86fb7daf6bff3e66682322ff7d7,0.0,0.0,0.0
scidocs,ms1,bradley_terry_graph,graph,271a4077c037b86fb7daf6bff3e66682322ff7d7,0.0,0.0,0.0
scidocs,ms1,pagerank_graph,graph,3d23666c6d97d6ba3c86044d83c697821084bed6,0.0,0.0,0.0
scidocs,ms1,rank_centrality_graph,graph,3d23666c6d97d6ba3c86044d83c697821084bed6,0.0,0.0,0.0
scidocs,ms1,markov_hybrid,hybrid,3d23666c6d97d6ba3c86044d83c697821084bed6,0.0,0.0,0.0
scidocs,ms1,bradley_terry_graph,graph,3d23666c6d97d6ba3c86044d83c697821084bed6,0.0,0.0,0.0
scidocs,ms1,pagerank_graph,graph,fd4537b92ab9fa7c653e9e5b9c4f815914a498c0,0.0,0.0,0.0
scidocs,ms1,rank_centrality_graph,graph,fd4537b92ab9fa7c653e9e5b9c4f815914a498c0,0.0,0.0,0.0
scidocs,ms1,markov_hybrid,hybrid,fd4537b92ab9fa7c653e9e5b9c4f815914a498c0,0.0,0.0,0.0
scidocs,ms1,bradley_terry_graph,graph,fd4537b92ab9fa7c653e9e5b9c4f815914a498c0,0.0,0.0,0.0
scidocs,ms1,pagerank_graph,graph,191ea925c2115755b44380c99d84f4a1099b4dcd,0.0,0.0,0.0
scidocs,ms1,rank_centrality_graph,graph,191ea925c2115755b44380c99d84f4a1099b4dcd,0.0,0.0,0.0
scidocs,ms1,markov_hybrid,hybrid,191ea925c2115755b44380c99d84f4a1099b4dcd,0.0,0.0,0.0
scidocs,ms1,bradley_terry_graph,graph,191ea925c2115755b44380c99d84f4a1099b4dcd,0.0,0.0,0.0
scidocs,ms1,pagerank_graph,graph,458f1428273254fc5dd399f3c104f507680ddd54,1.0,1.0,0.0
scidocs,ms1,rank_centrality_graph,graph,458f1428273254fc5dd399f3c104f507680ddd54,1.0,1.0,0.0
scidocs,ms1,markov_hybrid,hybrid,458f1428273254fc5dd399f3c104f507680ddd54,1.0,1.0,0.0
scidocs,ms1,bradley_terry_graph,graph,458f1428273254fc5dd399f3c104f507680ddd54,1.0,1.0,0.0
scidocs,ms1,pagerank_graph,graph,19115f66f6ac1c02568bbb38eceedfa3521a8cc2,0.3562071871080222,0.43067655807339306,0.07446937096537087
scidocs,ms1,rank_centrality_graph,graph,19115f66f6ac1c02568bbb38eceedfa3521a8cc2,0.43067655807339306,0.5,0.06932344192660694
scidocs,ms1,markov_hybrid,hybrid,19115f66f6ac1c02568bbb38eceedfa3521a8cc2,0.23981246656813146,0.23540891336663824,-0.0044035532014932155
scidocs,ms1,bradley_terry_graph,graph,19115f66f6ac1c02568bbb38eceedfa3521a8cc2,0.6309297535714575,0.43067655807339306,-0.20025319549806447
scidocs,ms1,pagerank_graph,graph,84424eee012089dac9414979f0cb1465c97c4408,0.23981246656813146,0.27023815442731974,0.030425687859188283
scidocs,ms1,rank_centrality_graph,graph,84424eee012089dac9414979f0cb1465c97c4408,0.23981246656813146,0.23981246656813146,0.0
scidocs,ms1,markov_hybrid,hybrid,84424eee012089dac9414979f0cb1465c97c4408,0.31546487678572877,0.31546487678572877,0.0
scidocs,ms1,bradley_terry_graph,graph,84424eee012089dac9414979f0cb1465c97c4408,0.2559580248098155,0.2559580248098155,0.0
scidocs,ms1,pagerank_graph,graph,5bb6b779de7929c573f39cd84169cafbd72e5bae,0.0,0.0,0.0
scidocs,ms1,rank_centrality_graph,graph,5bb6b779de7929c573f39cd84169cafbd72e5bae,0.0,0.0,0.0
scidocs,ms1,markov_hybrid,hybrid,5bb6b779de7929c573f39cd84169cafbd72e5bae,0.0,0.0,0.0
scidocs,ms1,bradley_terry_graph,graph,5bb6b779de7929c573f39cd84169cafbd72e5bae,0.0,0.0,0.0
scidocs,ms1,pagerank_graph,graph,7b6652910c5cc0df9ff6bc91912a02e58a742d26,0.5,0.43067655807339306,-0.06932344192660694
scidocs,ms1,rank_centrality_graph,graph,7b6652910c5cc0df9ff6bc91912a02e58a742d26,0.43067655807339306,0.5,0.06932344192660694
scidocs,ms1,markov_hybrid,hybrid,7b6652910c5cc0df9ff6bc91912a02e58a742d26,0.27894294565112987,0.27894294565112987,0.0
scidocs,ms1,bradley_terry_graph,graph,7b6652910c5cc0df9ff6bc91912a02e58a742d26,0.3333333333333333,0.5,0.16666666666666669
scidocs,ms1,pagerank_graph,graph,df0ef17f63582603dafb1ac5c489dec1416ecbf4,0.3644594876849889,0.3032935912997024,-0.06116589638528652
scidocs,ms1,rank_centrality_graph,graph,df0ef17f63582603dafb1ac5c489dec1416ecbf4,0.31104961819754595,0.2889092425324043,-0.022140375665141654
scidocs,ms1,markov_hybrid,hybrid,df0ef17f63582603dafb1ac5c489dec1416ecbf4,0.41183384043543503,0.40298313359773236,-0.008850706837702671
scidocs,ms1,bradley_terry_graph,graph,df0ef17f63582603dafb1ac5c489dec1416ecbf4,0.29762711257408586,0.29762711257408586,0.0
scidocs,ms1,pagerank_graph,graph,f2d5039b55d626ef5466a80e950bddd5cc1819d4,0.766433990956823,0.766433990956823,0.0
scidocs,ms1,rank_centrality_graph,graph,f2d5039b55d626ef5466a80e950bddd5cc1819d4,0.7601875334318685,0.7601875334318685,0.0
scidocs,ms1,markov_hybrid,hybrid,f2d5039b55d626ef5466a80e950bddd5cc1819d4,0.766433990956823,0.766433990956823,0.0
scidocs,ms1,bradley_terry_graph,graph,f2d5039b55d626ef5466a80e950bddd5cc1819d4,0.766433990956823,0.766433990956823,0.0
scidocs,ms1,pagerank_graph,graph,7492683af60d02dbd658acdc61249571f8c20fc8,0.0,0.0,0.0
scidocs,ms1,rank_centrality_graph,graph,7492683af60d02dbd658acdc61249571f8c20fc8,0.0,0.0,0.0
scidocs,ms1,markov_hybrid,hybrid,7492683af60d02dbd658acdc61249571f8c20fc8,0.0,0.0,0.0
scidocs,ms1,bradley_terry_graph,graph,7492683af60d02dbd658acdc61249571f8c20fc8,0.0,0.0,0.0
scidocs,ms1,pagerank_graph,graph,f7f32e86c23a902ac55fba8b8191026f563bec5b,0.30756466763122364,0.3264445986455623,0.018879931014338658
scidocs,ms1,rank_centrality_graph,graph,f7f32e86c23a902ac55fba8b8191026f563bec5b,0.29515570005735875,0.31290198593371227,0.017746285876353518
scidocs,ms1,markov_hybrid,hybrid,f7f32e86c23a902ac55fba8b8191026f563bec5b,0.3316160374459783,0.3316160374459783,0.0
scidocs,ms1,bradley_terry_graph,graph,f7f32e86c23a902ac55fba8b8191026f563bec5b,0.29187569497433197,0.33529530548326497,0.043419610508933004
scidocs,ms1,pagerank_graph,graph,a22e737d38a1bc671893a7ed341aba436571097a,0.0,0.0,0.0
scidocs,ms1,rank_centrality_graph,graph,a22e737d38a1bc671893a7ed341aba436571097a,0.0,0.0,0.0
scidocs,ms1,markov_hybrid,hybrid,a22e737d38a1bc671893a7ed341aba436571097a,0.0,0.0,0.0
scidocs,ms1,bradley_terry_graph,graph,a22e737d38a1bc671893a7ed341aba436571097a,0.0,0.0,0.0
scidocs,ms1,pagerank_graph,graph,4b80771429b786ea87740738378ba1eb1504a57f,0.0,0.0,0.0
scidocs,ms1,rank_centrality_graph,graph,4b80771429b786ea87740738378ba1eb1504a57f,0.0,0.0,0.0
scidocs,ms1,markov_hybrid,hybrid,4b80771429b786ea87740738378ba1eb1504a57f,0.0,0.0,0.0
scidocs,ms1,bradley_terry_graph,graph,4b80771429b786ea87740738378ba1eb1504a57f,0.0,0.0,0.0
scidocs,ms1,pagerank_graph,graph,9003fb79e7848ced3be975c3d87a9348a4b8d377,0.8315546295836225,0.8315546295836225,0.0
scidocs,ms1,rank_centrality_graph,graph,9003fb79e7848ced3be975c3d87a9348a4b8d377,0.8175295903539445,0.8065735963827293,-0.010955993971215161
scidocs,ms1,markov_hybrid,hybrid,9003fb79e7848ced3be975c3d87a9348a4b8d377,0.8772153153380493,0.8772153153380493,0.0
scidocs,ms1,bradley_terry_graph,graph,9003fb79e7848ced3be975c3d87a9348a4b8d377,0.8175295903539445,0.8065735963827293,-0.010955993971215161
scidocs,ms1,pagerank_graph,graph,ac58b487e864afafe71c6158553eed10fbc8eef5,0.8307351058665282,0.7887057540289931,-0.04202935183753509
scidocs,ms1,rank_centrality_graph,graph,ac58b487e864afafe71c6158553eed10fbc8eef5,0.7405142627563598,0.7253549936086033,-0.015159269147756449
scidocs,ms1,markov_hybrid,hybrid,ac58b487e864afafe71c6158553eed10fbc8eef5,0.7512484757149765,0.7512484757149765,0.0
scidocs,ms1,bradley_terry_graph,graph,ac58b487e864afafe71c6158553eed10fbc8eef5,0.7346393630113782,0.732128976231707,-0.002510386779671192
scidocs,ms1,pagerank_graph,graph,30c9a7660281ad8e4538ff9beb20282c74fac810,0.3333333333333333,0.2890648263178879,-0.044268507015445435
scidocs,ms1,rank_centrality_graph,graph,30c9a7660281ad8e4538ff9beb20282c74fac810,0.3562071871080222,0.31546487678572877,-0.04074231032229342
scidocs,ms1,markov_hybrid,hybrid,30c9a7660281ad8e4538ff9beb20282c74fac810,0.27023815442731974,0.27023815442731974,0.0
scidocs,ms1,bradley_terry_graph,graph,30c9a7660281ad8e4538ff9beb20282c74fac810,0.3562071871080222,0.3010299956639812,-0.055177191444040985
scidocs,ms1,pagerank_graph,graph,129397ed6557da93db5ba18cf112ee7b0a7927d8,0.39824053785850433,0.39824053785850433,0.0
scidocs,ms1,rank_centrality_graph,graph,129397ed6557da93db5ba18cf112ee7b0a7927d8,0.4028934785345258,0.42177340954886444,0.018879931014338658
scidocs,ms1,markov_hybrid,hybrid,129397ed6557da93db5ba18cf112ee7b0a7927d8,0.42976388833782037,0.42976388833782037,0.0
scidocs,ms1,bradley_terry_graph,graph,129397ed6557da93db5ba18cf112ee7b0a7927d8,0.45749452618986164,0.4028934785345258,-0.054601047655335855
scidocs,ms1,pagerank_graph,graph,1a66df57f88e689438d505474eff73e3a9180c5b,0.0,0.0,0.0
scidocs,ms1,rank_centrality_graph,graph,1a66df57f88e689438d505474eff73e3a9180c5b,0.0,0.0,0.0
scidocs,ms1,markov_hybrid,hybrid,1a66df57f88e689438d505474eff73e3a9180c5b,0.0,0.0,0.0
scidocs,ms1,bradley_terry_graph,graph,1a66df57f88e689438d505474eff73e3a9180c5b,0.0,0.0,0.0
scidocs,ms1,pagerank_graph,graph,e00ab75a8aa637d9c4c5c020e9f2c54b31528031,0.0,0.0,0.0
scidocs,ms1,rank_centrality_graph,graph,e00ab75a8aa637d9c4c5c020e9f2c54b31528031,0.0,0.0,0.0
scidocs,ms1,markov_hybrid,hybrid,e00ab75a8aa637d9c4c5c020e9f2c54b31528031,0.0,0.0,0.0
scidocs,ms1,bradley_terry_graph,graph,e00ab75a8aa637d9c4c5c020e9f2c54b31528031,0.0,0.0,0.0
scidocs,ms1,pagerank_graph,graph,7707c7aac35a4d206eb061305256452051ae4dcf,0.37679308663404665,0.40366349643734134,0.026870409803294693
scidocs,ms1,rank_centrality_graph,graph,7707c7aac35a4d206eb061305256452051ae4dcf,0.40366349643734134,0.44616897024747965,0.042505473810138306
scidocs,ms1,markov_hybrid,hybrid,7707c7aac35a4d206eb061305256452051ae4dcf,0.5525485729997712,0.5525485729997712,0.0
scidocs,ms1,bradley_terry_graph,graph,7707c7aac35a4d206eb061305256452051ae4dcf,0.40366349643734134,0.44616897024747965,0.042505473810138306
scidocs,ms1,pagerank_graph,graph,23386571ed332e4a465c0a6fa899f310caa217c8,0.23540891336663824,0.23981246656813146,0.0044035532014932155
scidocs,ms1,rank_centrality_graph,graph,23386571ed332e4a465c0a6fa899f310caa217c8,0.23540891336663824,0.23981246656813146,0.0044035532014932155
scidocs,ms1,markov_hybrid,hybrid,23386571ed332e4a465c0a6fa899f310caa217c8,0.2890648263178879,0.2890648263178879,0.0
scidocs,ms1,bradley_terry_graph,graph,23386571ed332e4a465c0a6fa899f310caa217c8,0.23981246656813146,0.23981246656813146,0.0
scidocs,ms1,pagerank_graph,graph,e7ec9e900556d9d9e47b274911ad304bcf198256,0.9220121576155524,0.9324059324284,0.010393774812847534
scidocs,ms1,rank_centrality_graph,graph,e7ec9e900556d9d9e47b274911ad304bcf198256,0.9220121576155524,0.9324059324284,0.010393774812847534
scidocs,ms1,markov_hybrid,hybrid,e7ec9e900556d9d9e47b274911ad304bcf198256,0.9207545636271999,0.9207545636271999,0.0
scidocs,ms1,bradley_terry_graph,graph,e7ec9e900556d9d9e47b274911ad304bcf198256,0.9032982500389699,0.9324059324284,0.029107682389430067
scidocs,ms1,pagerank_graph,graph,ca464085b3da330f2ea895543a78c446a3af1bb6,0.3562071871080222,0.38685280723454163,0.030645620126519446
scidocs,ms1,rank_centrality_graph,graph,ca464085b3da330f2ea895543a78c446a3af1bb6,0.3333333333333333,0.31546487678572877,-0.01786845654760455
scidocs,ms1,markov_hybrid,hybrid,ca464085b3da330f2ea895543a78c446a3af1bb6,0.5,0.5,0.0
scidocs,ms1,bradley_terry_graph,graph,ca464085b3da330f2ea895543a78c446a3af1bb6,0.3010299956639812,0.3333333333333333,0.03230333766935212
scidocs,ms1,pagerank_graph,graph,f09db8a42d713774483f023b31e0ee96361823f4,0.0,0.0,0.0
scidocs,ms1,rank_centrality_graph,graph,f09db8a42d713774483f023b31e0ee96361823f4,0.0,0.0,0.0
scidocs,ms1,markov_hybrid,hybrid,f09db8a42d713774483f023b31e0ee96361823f4,0.0,0.0,0.0
scidocs,ms1,bradley_terry_graph,graph,f09db8a42d713774483f023b31e0ee96361823f4,0.0,0.0,0.0
scidocs,ms1,pagerank_graph,graph,958ebc7e24012b419316489515f2c2f908773bd5,0.766433990956823,0.7741900178546666,0.007756026897843604
scidocs,ms1,rank_centrality_graph,graph,958ebc7e24012b419316489515f2c2f908773bd5,0.7700871371433883,0.7841802768331765,0.014093139689788203
scidocs,ms1,markov_hybrid,hybrid,958ebc7e24012b419316489515f2c2f908773bd5,0.7700871371433883,0.7700871371433883,0.0
scidocs,ms1,bradley_terry_graph,graph,958ebc7e24012b419316489515f2c2f908773bd5,0.4722693621479587,0.7841802768331765,0.31191091468521775
scidocs,ms1,pagerank_graph,graph,73d54af530d22599cc76b9785ae0a663cc694df2,0.31546487678572877,0.5,0.18453512321427123
scidocs,ms1,rank_centrality_graph,graph,73d54af530d22599cc76b9785ae0a663cc694df2,0.43067655807339306,0.6309297535714575,0.20025319549806447
scidocs,ms1,markov_hybrid,hybrid,73d54af530d22599cc76b9785ae0a663cc694df2,0.227670248696953,0.227670248696953,0.0
scidocs,ms1,bradley_terry_graph,graph,73d54af530d22599cc76b9785ae0a663cc694df2,0.6309297535714575,0.6309297535714575,0.0
scidocs,ms1,pagerank_graph,graph,de77514c78432a0b17cf30baa024434173908f89,0.778842958530688,0.778842958530688,0.0
scidocs,ms1,rank_centrality_graph,graph,de77514c78432a0b17cf30baa024434173908f89,0.778842958530688,0.778842958530688,0.0
scidocs,ms1,markov_hybrid,hybrid,de77514c78432a0b17cf30baa024434173908f89,0.7977228895450266,0.7977228895450266,0.0
scidocs,ms1,bradley_terry_graph,graph,de77514c78432a0b17cf30baa024434173908f89,0.7841802768331765,0.7841802768331765,0.0
scidocs,ms1,pagerank_graph,graph,7c88a0f765ce3c9025345cf133251cb947fe6ee5,0.448643819352159,0.42177340954886444,-0.02687040980329458
scidocs,ms1,rank_centrality_graph,graph,7c88a0f765ce3c9025345cf133251cb947fe6ee5,0.448643819352159,0.41183384043543503,-0.036809978916723995
scidocs,ms1,markov_hybrid,hybrid,7c88a0f765ce3c9025345cf133251cb947fe6ee5,0.5437713091520254,0.5437713091520254,0.0
scidocs,ms1,bradley_terry_graph,graph,7c88a0f765ce3c9025345cf133251cb947fe6ee5,0.430624116386567,0.42177340954886444,-0.00885070683770256
scidocs,ms1,pagerank_graph,graph,a9d7e7e918a68d1b95c6c6b29f7fabbbe01010f7,0.2814642757307446,0.2814642757307446,0.0
scidocs,ms1,rank_centrality_graph,graph,a9d7e7e918a68d1b95c6c6b29f7fabbbe01010f7,0.2814642757307446,0.2814642757307446,0.0
scidocs,ms1,markov_hybrid,hybrid,a9d7e7e918a68d1b95c6c6b29f7fabbbe01010f7,0.36181498356361597,0.36181498356361597,0.0
scidocs,ms1,bradley_terry_graph,graph,a9d7e7e918a68d1b95c6c6b29f7fabbbe01010f7,0.2814642757307446,0.2814642757307446,0.0
scidocs,ms1,pagerank_graph,graph,0bfa2ab02f3c9a9fe06fcebf34bd8f371e206512,0.38685280723454163,0.43067655807339306,0.04382375083885143
scidocs,ms1,rank_centrality_graph,graph,0bfa2ab02f3c9a9fe06fcebf34bd8f371e206512,0.38685280723454163,0.43067655807339306,0.04382375083885143
scidocs,ms1,markov_hybrid,hybrid,0bfa2ab02f3c9a9fe06fcebf34bd8f371e206512,0.38685280723454163,0.38685280723454163,0.0
scidocs,ms1,bradley_terry_graph,graph,0bfa2ab02f3c9a9fe06fcebf34bd8f371e206512,0.38685280723454163,0.43067655807339306,0.04382375083885143
scidocs,ms1,pagerank_graph,graph,5e1b80b4774582b948c6dcd656daaba6724ffc2d,0.31546487678572877,0.227670248696953,-0.08779462808877578
scidocs,ms1,rank_centrality_graph,graph,5e1b80b4774582b948c6dcd656daaba6724ffc2d,0.2559580248098155,0.23540891336663824,-0.020549111443177254
scidocs,ms1,markov_hybrid,hybrid,5e1b80b4774582b948c6dcd656daaba6724ffc2d,0.6309297535714575,0.6309297535714575,0.0
scidocs,ms1,bradley_terry_graph,graph,5e1b80b4774582b948c6dcd656daaba6724ffc2d,0.23540891336663824,0.227670248696953,-0.007738664669685258
scidocs,ms1,pagerank_graph,graph,382bbb79d7ffda63395db3d9b4ebce55d0b2f038,0.0,0.0,0.0
scidocs,ms1,rank_centrality_graph,graph,382bbb79d7ffda63395db3d9b4ebce55d0b2f038,0.0,0.0,0.0
scidocs,ms1,markov_hybrid,hybrid,382bbb79d7ffda63395db3d9b4ebce55d0b2f038,0.0,0.0,0.0
scidocs,ms1,bradley_terry_graph,graph,382bbb79d7ffda63395db3d9b4ebce55d0b2f038,0.0,0.0,0.0
scidocs,ms1,pagerank_graph,graph,f7bdc97a6b4c5d65c145479ae74b3a244121ae89,0.27894294565112987,0.27023815442731974,-0.008704791223810127
scidocs,ms1,rank_centrality_graph,graph,f7bdc97a6b4c5d65c145479ae74b3a244121ae89,0.27023815442731974,0.27023815442731974,0.0
scidocs,ms1,markov_hybrid,hybrid,f7bdc97a6b4c5d65c145479ae74b3a244121ae89,0.27023815442731974,0.27023815442731974,0.0
scidocs,ms1,bradley_terry_graph,graph,f7bdc97a6b4c5d65c145479ae74b3a244121ae89,0.27894294565112987,0.27023815442731974,-0.008704791223810127
scidocs,ms1,pagerank_graph,graph,e659e72b7962c9ad586a2d35a7099550102fb054,0.4706402574251857,0.4650038854969764,-0.005636371928209316
scidocs,ms1,rank_centrality_graph,graph,e659e72b7962c9ad586a2d35a7099550102fb054,0.4627217720502079,0.472273459574612,0.009551687524404051
scidocs,ms1,markov_hybrid,hybrid,e659e72b7962c9ad586a2d35a7099550102fb054,0.4735833147724162,0.4735833147724162,0.0
scidocs,ms1,bradley_terry_graph,graph,e659e72b7962c9ad586a2d35a7099550102fb054,0.4480524621655291,0.4650038854969764,0.016951423331447335
scidocs,ms1,pagerank_graph,graph,3136f52540fb7925998eff94e9c016d2e1a6fe12,0.0,0.0,0.0
scidocs,ms1,rank_centrality_graph,graph,3136f52540fb7925998eff94e9c016d2e1a6fe12,0.0,0.0,0.0
scidocs,ms1,markov_hybrid,hybrid,3136f52540fb7925998eff94e9c016d2e1a6fe12,0.0,0.0,0.0
scidocs,ms1,bradley_terry_graph,graph,3136f52540fb7925998eff94e9c016d2e1a6fe12,0.0,0.0,0.0
scidocs,ms1,pagerank_graph,graph,0bf046038a555bc848030a28530f9836e5611b96,0.5,0.5,0.0
scidocs,ms1,rank_centrality_graph,graph,0bf046038a555bc848030a28530f9836e5611b96,0.5,0.5,0.0
scidocs,ms1,markov_hybrid,hybrid,0bf046038a555bc848030a28530f9836e5611b96,0.6309297535714575,0.6309297535714575,0.0
scidocs,ms1,bradley_terry_graph,graph,0bf046038a555bc848030a28530f9836e5611b96,0.38685280723454163,0.5,0.11314719276545837
scidocs,ms1,pagerank_graph,graph,5a4b46ef8898610ab16a1ced6f4a976db0f1962c,0.25,0.24465054211822604,-0.005349457881773961
scidocs,ms1,rank_centrality_graph,graph,5a4b46ef8898610ab16a1ced6f4a976db0f1962c,0.227670248696953,0.227670248696953,0.0
scidocs,ms1,markov_hybrid,hybrid,5a4b46ef8898610ab16a1ced6f4a976db0f1962c,0.27894294565112987,0.27894294565112987,0.0
scidocs,ms1,bradley_terry_graph,graph,5a4b46ef8898610ab16a1ced6f4a976db0f1962c,0.23137821315975915,0.23981246656813146,0.00843425340837231
scidocs,ms1,pagerank_graph,graph,232427099d4a8acf1dc29efc852f09c5964e6165,0.37800210039683896,0.3242796274504579,-0.05372247294638105
scidocs,ms1,rank_centrality_graph,graph,232427099d4a8acf1dc29efc852f09c5964e6165,0.3644594876849889,0.3168346606487982,-0.0476248270361907
scidocs,ms1,markov_hybrid,hybrid,232427099d4a8acf1dc29efc852f09c5964e6165,0.36542522267769423,0.36542522267769423,0.0
scidocs,ms1,bradley_terry_graph,graph,232427099d4a8acf1dc29efc852f09c5964e6165,0.334582489887906,0.31290198593371227,-0.02168050395419374
scidocs,ms1,pagerank_graph,graph,100636ca50edf63d4336bb071f3e172cb0ebccaa,0.0,0.0,0.0
scidocs,ms1,rank_centrality_graph,graph,100636ca50edf63d4336bb071f3e172cb0ebccaa,0.0,0.0,0.0
scidocs,ms1,markov_hybrid,hybrid,100636ca50edf63d4336bb071f3e172cb0ebccaa,0.0,0.0,0.0
scidocs,ms1,bradley_terry_graph,graph,100636ca50edf63d4336bb071f3e172cb0ebccaa,0.0,0.0,0.0
scidocs,ms1,pagerank_graph,graph,7a373793804ea9813d64641919e14841f927c38f,0.6309297535714575,0.6309297535714575,0.0
scidocs,ms1,rank_centrality_graph,graph,7a373793804ea9813d64641919e14841f927c38f,0.6309297535714575,0.6309297535714575,0.0
scidocs,ms1,markov_hybrid,hybrid,7a373793804ea9813d64641919e14841f927c38f,1.0,1.0,0.0
scidocs,ms1,bradley_terry_graph,graph,7a373793804ea9813d64641919e14841f927c38f,0.6309297535714575,0.6309297535714575,0.0
scidocs,ms1,pagerank_graph,graph,e788f08148b4b06f4e537b27b51338f1c88ccea8,1.0,1.0,0.0
scidocs,ms1,rank_centrality_graph,graph,e788f08148b4b06f4e537b27b51338f1c88ccea8,1.0,1.0,0.0
scidocs,ms1,markov_hybrid,hybrid,e788f08148b4b06f4e537b27b51338f1c88ccea8,1.0,1.0,0.0
scidocs,ms1,bradley_terry_graph,graph,e788f08148b4b06f4e537b27b51338f1c88ccea8,1.0,1.0,0.0
scidocs,ms1,pagerank_graph,graph,8fad88b5678bfecab78d0d6389f649ccfb310d22,0.5525485729997712,0.3556087808472863,-0.19693979215248492
scidocs,ms1,rank_centrality_graph,graph,8fad88b5678bfecab78d0d6389f649ccfb310d22,0.3644594876849889,0.3467132018086354,-0.017746285876353518
scidocs,ms1,markov_hybrid,hybrid,8fad88b5678bfecab78d0d6389f649ccfb310d22,0.368414229926502,0.35438919069682395,-0.014025039229678071
scidocs,ms1,bradley_terry_graph,graph,8fad88b5678bfecab78d0d6389f649ccfb310d22,0.4676164214719373,0.3429350525492773,-0.12468136892266002
scidocs,ms1,pagerank_graph,graph,e48e9cf407af2694ecfefd441c2c28faffdf0835,0.7100281367210132,0.7100281367210132,0.0
scidocs,ms1,rank_centrality_graph,graph,e48e9cf407af2694ecfefd441c2c28faffdf0835,0.7100281367210132,0.6886007376100177,-0.02142739911099545
scidocs,ms1,markov_hybrid,hybrid,e48e9cf407af2694ecfefd441c2c28faffdf0835,0.7100281367210132,0.7100281367210132,0.0
scidocs,ms1,bradley_terry_graph,graph,e48e9cf407af2694ecfefd441c2c28faffdf0835,0.6232309405632057,0.715663226334951,0.09243228577174534
scidocs,ms1,pagerank_graph,graph,065985d4d0854c51f52ad7a7507b267d9b88ab1c,0.36181498356361597,0.35446922870647896,-0.00734575485713701
scidocs,ms1,rank_centrality_graph,graph,065985d4d0854c51f52ad7a7507b267d9b88ab1c,0.3841032025833937,0.36181498356361597,-0.022288219019777733
scidocs,ms1,markov_hybrid,hybrid,065985d4d0854c51f52ad7a7507b267d9b88ab1c,0.3514227382548962,0.3514227382548962,0.0
scidocs,ms1,bradley_terry_graph,graph,065985d4d0854c51f52ad7a7507b267d9b88ab1c,0.3382821118732559,0.3556087808472863,0.0173266689740304
scidocs,ms1,pagerank_graph,graph,44a56dc083e3e2b07f11aae29c1ee560f46efa4a,0.3937156537990764,0.3959091052768162,0.002193451477739805
scidocs,ms1,rank_centrality_graph,graph,44a56dc083e3e2b07f11aae29c1ee560f46efa4a,0.39148183444659745,0.3875238187521634,-0.003958015694434047
scidocs,ms1,markov_hybrid,hybrid,44a56dc083e3e2b07f11aae29c1ee560f46efa4a,0.528616834809974,0.590059382764461,0.061442547954487
scidocs,ms1,bradley_terry_graph,graph,44a56dc083e3e2b07f11aae29c1ee560f46efa4a,0.39227380201641393,0.40664331823543304,0.014369516219019107
scidocs,ms1,pagerank_graph,graph,3b198869df03d98b81c0c882753845a3bca36c63,0.5,0.6309297535714575,0.13092975357145753
scidocs,ms1,rank_centrality_graph,graph,3b198869df03d98b81c0c882753845a3bca36c63,0.6309297535714575,0.6309297535714575,0.0
scidocs,ms1,markov_hybrid,hybrid,3b198869df03d98b81c0c882753845a3bca36c63,0.6309297535714575,0.6309297535714575,0.0
scidocs,ms1,bradley_terry_graph,graph,3b198869df03d98b81c0c882753845a3bca36c63,0.6309297535714575,0.6309297535714575,0.0
scidocs,ms1,pagerank_graph,graph,9a7e12ef462e779263ee3f2dd415d2d21233f15d,0.6309297535714575,0.6309297535714575,0.0
scidocs,ms1,rank_centrality_graph,graph,9a7e12ef462e779263ee3f2dd415d2d21233f15d,0.6309297535714575,0.6309297535714575,0.0
scidocs,ms1,markov_hybrid,hybrid,9a7e12ef462e779263ee3f2dd415d2d21233f15d,0.6309297535714575,0.6309297535714575,0.0
scidocs,ms1,bradley_terry_graph,graph,9a7e12ef462e779263ee3f2dd415d2d21233f15d,0.6309297535714575,0.6309297535714575,0.0
scidocs,ms1,pagerank_graph,graph,76dac031066a95715a3b116eb2094ec9bdd15171,0.0,0.0,0.0
scidocs,ms1,rank_centrality_graph,graph,76dac031066a95715a3b116eb2094ec9bdd15171,0.0,0.0,0.0
scidocs,ms1,markov_hybrid,hybrid,76dac031066a95715a3b116eb2094ec9bdd15171,0.0,0.0,0.0
scidocs,ms1,bradley_terry_graph,graph,76dac031066a95715a3b116eb2094ec9bdd15171,0.0,0.0,0.0
scidocs,ms1,pagerank_graph,graph,26ebc1b9e21db68d5abf01acd2a0c38d260c65a1,0.31546487678572877,0.27894294565112987,-0.036521931134598895
scidocs,ms1,rank_centrality_graph,graph,26ebc1b9e21db68d5abf01acd2a0c38d260c65a1,0.3010299956639812,0.2890648263178879,-0.011965169346093318
scidocs,ms1,markov_hybrid,hybrid,26ebc1b9e21db68d5abf01acd2a0c38d260c65a1,0.25,0.24465054211822604,-0.005349457881773961
scidocs,ms1,bradley_terry_graph,graph,26ebc1b9e21db68d5abf01acd2a0c38d260c65a1,0.27894294565112987,0.3010299956639812,0.022087050012851328
scidocs,ms1,pagerank_graph,graph,a1be02429ab4ec852656f8833c3160f4592cc547,0.43067655807339306,0.43067655807339306,0.0
scidocs,ms1,rank_centrality_graph,graph,a1be02429ab4ec852656f8833c3160f4592cc547,0.43067655807339306,0.3562071871080222,-0.07446937096537087
scidocs,ms1,markov_hybrid,hybrid,a1be02429ab4ec852656f8833c3160f4592cc547,1.0,1.0,0.0
scidocs,ms1,bradley_terry_graph,graph,a1be02429ab4ec852656f8833c3160f4592cc547,0.6309297535714575,0.38685280723454163,-0.2440769463369159
scidocs,ms1,pagerank_graph,graph,a1f5c39aece58f6504e0334d96eaede32c7329cf,0.46845052016107697,0.4173549207639555,-0.051095599397121494
scidocs,ms1,rank_centrality_graph,graph,a1f5c39aece58f6504e0334d96eaede32c7329cf,0.4082307968370143,0.3904845109606608,-0.017746285876353518
scidocs,ms1,markov_hybrid,hybrid,a1f5c39aece58f6504e0334d96eaede32c7329cf,0.5802792108518124,0.5802792108518124,0.0
scidocs,ms1,bradley_terry_graph,graph,a1f5c39aece58f6504e0334d96eaede32c7329cf,0.3503663479952008,0.3904845109606608,0.04011816296546
scidocs,ms1,pagerank_graph,graph,8ff6581f94c366e34c6f2d55806f7781194c33c8,0.5,0.6309297535714575,0.13092975357145753
scidocs,ms1,rank_centrality_graph,graph,8ff6581f94c366e34c6f2d55806f7781194c33c8,0.6309297535714575,0.5,-0.13092975357145753
scidocs,ms1,markov_hybrid,hybrid,8ff6581f94c366e34c6f2d55806f7781194c33c8,0.43067655807339306,0.43067655807339306,0.0
scidocs,ms1,bradley_terry_graph,graph,8ff6581f94c366e34c6f2d55806f7781194c33c8,0.43067655807339306,0.5,0.06932344192660694
scidocs,ms1,pagerank_graph,graph,fd65ca4e3ae95302f74bf863988cdb95d6a12824,0.5,0.5,0.0
scidocs,ms1,rank_centrality_graph,graph,fd65ca4e3ae95302f74bf863988cdb95d6a12824,0.5,0.5,0.0
scidocs,ms1,markov_hybrid,hybrid,fd65ca4e3ae95302f74bf863988cdb95d6a12824,0.5,0.5,0.0
scidocs,ms1,bradley_terry_graph,graph,fd65ca4e3ae95302f74bf863988cdb95d6a12824,0.38685280723454163,0.5,0.11314719276545837
scidocs,ms1,pagerank_graph,graph,3565d884735ead613a5aa0903f06a2cc86d05b6b,1.0,1.0,0.0
scidocs,ms1,rank_centrality_graph,graph,3565d884735ead613a5aa0903f06a2cc86d05b6b,1.0,1.0,0.0
scidocs,ms1,markov_hybrid,hybrid,3565d884735ead613a5aa0903f06a2cc86d05b6b,1.0,1.0,0.0
scidocs,ms1,bradley_terry_graph,graph,3565d884735ead613a5aa0903f06a2cc86d05b6b,1.0,1.0,0.0
scidocs,ms1,pagerank_graph,graph,c2e57b2871fdfd06566820c5329815ac06f66197,0.0,0.0,0.0
scidocs,ms1,rank_centrality_graph,graph,c2e57b2871fdfd06566820c5329815ac06f66197,0.0,0.0,0.0
scidocs,ms1,markov_hybrid,hybrid,c2e57b2871fdfd06566820c5329815ac06f66197,0.0,0.0,0.0
scidocs,ms1,bradley_terry_graph,graph,c2e57b2871fdfd06566820c5329815ac06f66197,0.0,0.0,0.0
scidocs,ms1,pagerank_graph,graph,59e2037f5079794cb9128c7f0900a568ced14c2a,0.46297834649944725,0.4368184404326103,-0.026159906066836935
scidocs,ms1,rank_centrality_graph,graph,59e2037f5079794cb9128c7f0900a568ced14c2a,0.4350993811136685,0.4310498649496542,-0.004049516164014333
scidocs,ms1,markov_hybrid,hybrid,59e2037f5079794cb9128c7f0900a568ced14c2a,0.4414600035636788,0.4414600035636788,0.0
scidocs,ms1,bradley_terry_graph,graph,59e2037f5079794cb9128c7f0900a568ced14c2a,0.49683675053697945,0.4310498649496542,-0.06578688558732526
scidocs,ms1,pagerank_graph,graph,3f95e155b1c40911149fe994197a502ef44ebbbe,0.3562071871080222,0.43067655807339306,0.07446937096537087
scidocs,ms1,rank_centrality_graph,graph,3f95e155b1c40911149fe994197a502ef44ebbbe,0.3562071871080222,0.38685280723454163,0.030645620126519446
scidocs,ms1,markov_hybrid,hybrid,3f95e155b1c40911149fe994197a502ef44ebbbe,0.5,0.5,0.0
scidocs,ms1,bradley_terry_graph,graph,3f95e155b1c40911149fe994197a502ef44ebbbe,0.3333333333333333,0.43067655807339306,0.09734322474005974
scidocs,ms1,pagerank_graph,graph,0674058618d04def58c79a0b28174301ef591433,0.435101206640309,0.4028934785345258,-0.03220772810578321
scidocs,ms1,rank_centrality_graph,graph,0674058618d04def58c79a0b28174301ef591433,0.3841032025833937,0.3467132018086354,-0.03739000077475829
scidocs,ms1,markov_hybrid,hybrid,0674058618d04def58c79a0b28174301ef591433,0.48381288316677695,0.48381288316677695,0.0
scidocs,ms1,bradley_terry_graph,graph,0674058618d04def58c79a0b28174301ef591433,0.3503663479952008,0.36132234196641605,0.010955993971215272
scidocs,ms1,pagerank_graph,graph,23a7c8d9f142184d28e56b0751e172fef6539275,0.3382821118732559,0.3243198822590827,-0.013962229614173205
scidocs,ms1,rank_centrality_graph,graph,23a7c8d9f142184d28e56b0751e172fef6539275,0.3502714625447977,0.3210398771760559,-0.029231585368741764
scidocs,ms1,markov_hybrid,hybrid,23a7c8d9f142184d28e56b0751e172fef6539275,0.3267385908544377,0.3267385908544377,0.0
scidocs,ms1,bradley_terry_graph,graph,23a7c8d9f142184d28e56b0751e172fef6539275,0.3503663479952008,0.33052608497541236,-0.019840263019788418
scidocs,ms1,pagerank_graph,graph,ee6b940d3ae36f9b124586b15a49cec45f24b90a,0.5593489572352409,0.571823239033101,0.012474281797860032
scidocs,ms1,rank_centrality_graph,graph,ee6b940d3ae36f9b124586b15a49cec45f24b90a,0.5610890260744842,0.5880960984623154,0.027007072387831177
scidocs,ms1,markov_hybrid,hybrid,ee6b940d3ae36f9b124586b15a49cec45f24b90a,0.5650470417689183,0.5650470417689183,0.0
scidocs,ms1,bradley_terry_graph,graph,ee6b940d3ae36f9b124586b15a49cec45f24b90a,0.5737147608911649,0.5737147608911649,0.0
scidocs,ms1,pagerank_graph,graph,2bd338ef8751b62d23e53fbb44d67042d634da2f,0.0,0.0,0.0
scidocs,ms1,rank_centrality_graph,graph,2bd338ef8751b62d23e53fbb44d67042d634da2f,0.0,0.0,0.0
scidocs,ms1,markov_hybrid,hybrid,2bd338ef8751b62d23e53fbb44d67042d634da2f,0.0,0.0,0.0
scidocs,ms1,bradley_terry_graph,graph,2bd338ef8751b62d23e53fbb44d67042d634da2f,0.0,0.0,0.0
scidocs,ms1,pagerank_graph,graph,ddbb6e0913ac127004be73e2d4097513a8f02d37,0.0,0.0,0.0
scidocs,ms1,rank_centrality_graph,graph,ddbb6e0913ac127004be73e2d4097513a8f02d37,0.0,0.0,0.0
scidocs,ms1,markov_hybrid,hybrid,ddbb6e0913ac127004be73e2d4097513a8f02d37,0.0,0.0,0.0
scidocs,ms1,bradley_terry_graph,graph,ddbb6e0913ac127004be73e2d4097513a8f02d37,0.0,0.0,0.0
scidocs,ms1,pagerank_graph,graph,d6b56cc6e05300426b6194dd3f6a38720678827e,0.40453401912920467,0.4296495696589719,0.025115550529767217
scidocs,ms1,rank_centrality_graph,graph,d6b56cc6e05300426b6194dd3f6a38720678827e,0.40965323266044024,0.39416903643757284,-0.015484196222867397
scidocs,ms1,markov_hybrid,hybrid,d6b56cc6e05300426b6194dd3f6a38720678827e,0.46069400086606566,0.46069400086606566,0.0
scidocs,ms1,bradley_terry_graph,graph,d6b56cc6e05300426b6194dd3f6a38720678827e,0.3865228854620992,0.40965323266044024,0.02313034719834106
scidocs,ms1,pagerank_graph,graph,df39e24c3cc21dc4c79995ec2b424a37dac999c7,1.0,1.0,0.0
scidocs,ms1,rank_centrality_graph,graph,df39e24c3cc21dc4c79995ec2b424a37dac999c7,1.0,1.0,0.0
scidocs,ms1,markov_hybrid,hybrid,df39e24c3cc21dc4c79995ec2b424a37dac999c7,1.0,1.0,0.0
scidocs,ms1,bradley_terry_graph,graph,df39e24c3cc21dc4c79995ec2b424a37dac999c7,1.0,1.0,0.0
scidocs,ms1,pagerank_graph,graph,74bd4761b373447079c6e5cd31832c00fab2fa77,0.0,0.0,0.0
scidocs,ms1,rank_centrality_graph,graph,74bd4761b373447079c6e5cd31832c00fab2fa77,0.0,0.0,0.0
scidocs,ms1,markov_hybrid,hybrid,74bd4761b373447079c6e5cd31832c00fab2fa77,0.0,0.0,0.0
scidocs,ms1,bradley_terry_graph,graph,74bd4761b373447079c6e5cd31832c00fab2fa77,0.0,0.0,0.0
scidocs,ms1,pagerank_graph,graph,ddbf21ca1de9617894b15d45787a27557f02a494,0.3333333333333333,0.3010299956639812,-0.03230333766935212
scidocs,ms1,rank_centrality_graph,graph,ddbf21ca1de9617894b15d45787a27557f02a494,0.3333333333333333,0.3010299956639812,-0.03230333766935212
scidocs,ms1,markov_hybrid,hybrid,ddbf21ca1de9617894b15d45787a27557f02a494,0.31546487678572877,0.31546487678572877,0.0
scidocs,ms1,bradley_terry_graph,graph,ddbf21ca1de9617894b15d45787a27557f02a494,0.2890648263178879,0.3333333333333333,0.044268507015445435
scidocs,ms1,pagerank_graph,graph,f754cab548f2c209ea7d932084ef768b92b27614,0.5435875137737161,0.5435875137737161,0.0
scidocs,ms1,rank_centrality_graph,graph,f754cab548f2c209ea7d932084ef768b92b27614,0.5103806910786141,0.4788722095448596,-0.03150848153375446
scidocs,ms1,markov_hybrid,hybrid,f754cab548f2c209ea7d932084ef768b92b27614,0.6045093387918965,0.6045093387918965,0.0
scidocs,ms1,bradley_terry_graph,graph,f754cab548f2c209ea7d932084ef768b92b27614,0.48952112275610105,0.48952112275610105,0.0
scidocs,ms1,pagerank_graph,graph,373f76633cc1f6c7a421e31c989842021a52fca4,0.0,0.0,0.0
scidocs,ms1,rank_centrality_graph,graph,373f76633cc1f6c7a421e31c989842021a52fca4,0.0,0.0,0.0
scidocs,ms1,markov_hybrid,hybrid,373f76633cc1f6c7a421e31c989842021a52fca4,0.0,0.0,0.0
scidocs,ms1,bradley_terry_graph,graph,373f76633cc1f6c7a421e31c989842021a52fca4,0.0,0.0,0.0
scidocs,ms1,pagerank_graph,graph,01d208b33561362f7714f714d3bc4a1f7aa1637c,0.0,0.0,0.0
scidocs,ms1,rank_centrality_graph,graph,01d208b33561362f7714f714d3bc4a1f7aa1637c,0.0,0.0,0.0
scidocs,ms1,markov_hybrid,hybrid,01d208b33561362f7714f714d3bc4a1f7aa1637c,0.0,0.0,0.0
scidocs,ms1,bradley_terry_graph,graph,01d208b33561362f7714f714d3bc4a1f7aa1637c,0.0,0.0,0.0
scidocs,ms1,pagerank_graph,graph,f365ce3e68cb3795887e93baf5fed5d783b3904e,0.7741900178546666,0.7741900178546666,0.0
scidocs,ms1,rank_centrality_graph,graph,f365ce3e68cb3795887e93baf5fed5d783b3904e,0.7841802768331765,0.7841802768331765,0.0
scidocs,ms1,markov_hybrid,hybrid,f365ce3e68cb3795887e93baf5fed5d783b3904e,0.5,0.5,0.0
scidocs,ms1,bradley_terry_graph,graph,f365ce3e68cb3795887e93baf5fed5d783b3904e,0.7741900178546666,0.7741900178546666,0.0
scidocs,ms1,pagerank_graph,graph,28e0707528f78fecb26fe7f003d94f6a5de32b98,0.3010299956639812,0.2890648263178879,-0.011965169346093318
scidocs,ms1,rank_centrality_graph,graph,28e0707528f78fecb26fe7f003d94f6a5de32b98,0.3010299956639812,0.2890648263178879,-0.011965169346093318
scidocs,ms1,markov_hybrid,hybrid,28e0707528f78fecb26fe7f003d94f6a5de32b98,0.31546487678572877,0.3333333333333333,0.01786845654760455
scidocs,ms1,bradley_terry_graph,graph,28e0707528f78fecb26fe7f003d94f6a5de32b98,0.3010299956639812,0.31546487678572877,0.014434881121747567
scidocs,ms1,pagerank_graph,graph,fa8042d025895e22af2d9df3ffb9f67438610fcc,0.49618802783336785,0.474122226280609,-0.022065801552758835
scidocs,ms1,rank_centrality_graph,graph,fa8042d025895e22af2d9df3ffb9f67438610fcc,0.49618802783336785,0.4298994229653342,-0.06628860486803367
scidocs,ms1,markov_hybrid,hybrid,fa8042d025895e22af2d9df3ffb9f67438610fcc,0.6797310500037655,0.6797310500037655,0.0
scidocs,ms1,bradley_terry_graph,graph,fa8042d025895e22af2d9df3ffb9f67438610fcc,0.478080241975043,0.43583558065236855,-0.04224466132267446
scidocs,ms1,pagerank_graph,graph,ae2b67d03512dd0f13a68636d1d7f83cc889318a,0.24465054211822604,0.23981246656813146,-0.004838075550094578
scidocs,ms1,rank_centrality_graph,graph,ae2b67d03512dd0f13a68636d1d7f83cc889318a,0.24465054211822604,0.24465054211822604,0.0
scidocs,ms1,markov_hybrid,hybrid,ae2b67d03512dd0f13a68636d1d7f83cc889318a,0.2559580248098155,0.2559580248098155,0.0
scidocs,ms1,bradley_terry_graph,graph,ae2b67d03512dd0f13a68636d1d7f83cc889318a,0.24465054211822604,0.24465054211822604,0.0
scidocs,ms1,pagerank_graph,graph,b8397b4418bb1d576210d9a39d44725d6ffb2a44,0.0,0.0,0.0
scidocs,ms1,rank_centrality_graph,graph,b8397b4418bb1d576210d9a39d44725d6ffb2a44,0.0,0.0,0.0
scidocs,ms1,markov_hybrid,hybrid,b8397b4418bb1d576210d9a39d44725d6ffb2a44,0.0,0.0,0.0
scidocs,ms1,bradley_terry_graph,graph,b8397b4418bb1d576210d9a39d44725d6ffb2a44,0.0,0.0,0.0
scidocs,ms1,pagerank_graph,graph,ebf4ef0701e6f6c2050e5bed0be54fd4d8a1d991,0.0,0.0,0.0
scidocs,ms1,rank_centrality_graph,graph,ebf4ef0701e6f6c2050e5bed0be54fd4d8a1d991,0.0,0.0,0.0
scidocs,ms1,markov_hybrid,hybrid,ebf4ef0701e6f6c2050e5bed0be54fd4d8a1d991,0.0,0.0,0.0
scidocs,ms1,bradley_terry_graph,graph,ebf4ef0701e6f6c2050e5bed0be54fd4d8a1d991,0.0,0.0,0.0
scidocs,ms1,pagerank_graph,graph,af441a4f1b754ad9b3a4401e8361ad9b66786778,0.7862292820919451,0.8156176648399884,0.02938838274804334
scidocs,ms1,rank_centrality_graph,graph,af441a4f1b754ad9b3a4401e8361ad9b66786778,0.8182298969370749,0.8132917708168784,-0.0049381261201965065
scidocs,ms1,markov_hybrid,hybrid,af441a4f1b754ad9b3a4401e8361ad9b66786778,0.7714472580717429,0.7885551761150551,0.017107918043312242
scidocs,ms1,bradley_terry_graph,graph,af441a4f1b754ad9b3a4401e8361ad9b66786778,0.7941298538290301,0.8156176648399884,0.021487811010958313
scidocs,ms1,pagerank_graph,graph,8bb3a478db8951f42198a885d7245d58036ba55c,0.0,0.0,0.0
scidocs,ms1,rank_centrality_graph,graph,8bb3a478db8951f42198a885d7245d58036ba55c,0.0,0.0,0.0
scidocs,ms1,markov_hybrid,hybrid,8bb3a478db8951f42198a885d7245d58036ba55c,0.0,0.0,0.0
scidocs,ms1,bradley_terry_graph,graph,8bb3a478db8951f42198a885d7245d58036ba55c,0.0,0.0,0.0
scidocs,ms1,pagerank_graph,graph,9e76a700f03ef476b964b27e23c071163e44c232,0.6952669294248044,0.6982192482031357,0.002952318778331353
scidocs,ms1,rank_centrality_graph,graph,9e76a700f03ef476b964b27e23c071163e44c232,0.6982192482031357,0.6967564500834763,-0.0014627981196594364
scidocs,ms1,markov_hybrid,hybrid,9e76a700f03ef476b964b27e23c071163e44c232,0.8233931887422242,0.8233931887422242,0.0
scidocs,ms1,bradley_terry_graph,graph,9e76a700f03ef476b964b27e23c071163e44c232,0.6747074954090342,0.6952669294248044,0.020559434015770206
scidocs,ms1,pagerank_graph,graph,43da9037d50745002195abb864243ecc75d4b040,0.0,0.0,0.0
scidocs,ms1,rank_centrality_graph,graph,43da9037d50745002195abb864243ecc75d4b040,0.0,0.0,0.0
scidocs,ms1,markov_hybrid,hybrid,43da9037d50745002195abb864243ecc75d4b040,0.0,0.0,0.0
scidocs,ms1,bradley_terry_graph,graph,43da9037d50745002195abb864243ecc75d4b040,0.0,0.0,0.0
scidocs,ms1,pagerank_graph,graph,b21951a276dd940e052676b06e193f65fdc297f9,0.0,0.0,0.0
scidocs,ms1,rank_centrality_graph,graph,b21951a276dd940e052676b06e193f65fdc297f9,0.0,0.0,0.0
scidocs,ms1,markov_hybrid,hybrid,b21951a276dd940e052676b06e193f65fdc297f9,0.0,0.0,0.0
scidocs,ms1,bradley_terry_graph,graph,b21951a276dd940e052676b06e193f65fdc297f9,0.0,0.0,0.0
scidocs,ms1,pagerank_graph,graph,b9d502d98e3bb19f8179a4363e3f28c6b6def7a8,0.0,0.0,0.0
scidocs,ms1,rank_centrality_graph,graph,b9d502d98e3bb19f8179a4363e3f28c6b6def7a8,0.0,0.0,0.0
scidocs,ms1,markov_hybrid,hybrid,b9d502d98e3bb19f8179a4363e3f28c6b6def7a8,0.0,0.0,0.0
scidocs,ms1,bradley_terry_graph,graph,b9d502d98e3bb19f8179a4363e3f28c6b6def7a8,0.0,0.0,0.0
scidocs,ms1,pagerank_graph,graph,399acab2bee6eccbfffe4a2ce688b6b1075e9c5e,0.0,0.0,0.0
scidocs,ms1,rank_centrality_graph,graph,399acab2bee6eccbfffe4a2ce688b6b1075e9c5e,0.0,0.0,0.0
scidocs,ms1,markov_hybrid,hybrid,399acab2bee6eccbfffe4a2ce688b6b1075e9c5e,0.0,0.0,0.0
scidocs,ms1,bradley_terry_graph,graph,399acab2bee6eccbfffe4a2ce688b6b1075e9c5e,0.0,0.0,0.0
scidocs,ms1,pagerank_graph,graph,4649e3279edf653135f1f31da3e242ba451a93de,0.0,0.0,0.0
scidocs,ms1,rank_centrality_graph,graph,4649e3279edf653135f1f31da3e242ba451a93de,0.0,0.0,0.0
scidocs,ms1,markov_hybrid,hybrid,4649e3279edf653135f1f31da3e242ba451a93de,0.0,0.0,0.0
scidocs,ms1,bradley_terry_graph,graph,4649e3279edf653135f1f31da3e242ba451a93de,0.0,0.0,0.0
scidocs,ms1,pagerank_graph,graph,4ab6e67519411dbdb69c6111a3b8d5f334ebb579,0.3333333333333333,0.3333333333333333,0.0
scidocs,ms1,rank_centrality_graph,graph,4ab6e67519411dbdb69c6111a3b8d5f334ebb579,0.3010299956639812,0.3333333333333333,0.03230333766935212
scidocs,ms1,markov_hybrid,hybrid,4ab6e67519411dbdb69c6111a3b8d5f334ebb579,0.3562071871080222,0.3562071871080222,0.0
scidocs,ms1,bradley_terry_graph,graph,4ab6e67519411dbdb69c6111a3b8d5f334ebb579,0.3333333333333333,0.3333333333333333,0.0
scidocs,ms1,pagerank_graph,graph,924544f503070bb390cc51e4bac9cbb3171aa03f,0.2559580248098155,0.2559580248098155,0.0
scidocs,ms1,rank_centrality_graph,graph,924544f503070bb390cc51e4bac9cbb3171aa03f,0.25,0.26264953503719357,0.012649535037193571
scidocs,ms1,markov_hybrid,hybrid,924544f503070bb390cc51e4bac9cbb3171aa03f,0.25,0.25,0.0
scidocs,ms1,bradley_terry_graph,graph,924544f503070bb390cc51e4bac9cbb3171aa03f,0.2559580248098155,0.26264953503719357,0.0066915102273780724
scidocs,ms1,pagerank_graph,graph,d2e6250e95af09fefbe638f1580420476a2ecaee,0.0,0.0,0.0
scidocs,ms1,rank_centrality_graph,graph,d2e6250e95af09fefbe638f1580420476a2ecaee,0.0,0.0,0.0
scidocs,ms1,markov_hybrid,hybrid,d2e6250e95af09fefbe638f1580420476a2ecaee,0.0,0.0,0.0
scidocs,ms1,bradley_terry_graph,graph,d2e6250e95af09fefbe638f1580420476a2ecaee,0.0,0.0,0.0
scidocs,ms1,pagerank_graph,graph,79e13ff4a21f13d3839422568274ea84a9fe42b5,0.2890648263178879,0.2890648263178879,0.0
scidocs,ms1,rank_centrality_graph,graph,79e13ff4a21f13d3839422568274ea84a9fe42b5,0.3010299956639812,0.31546487678572877,0.014434881121747567
scidocs,ms1,markov_hybrid,hybrid,79e13ff4a21f13d3839422568274ea84a9fe42b5,0.227670248696953,0.227670248696953,0.0
scidocs,ms1,bradley_terry_graph,graph,79e13ff4a21f13d3839422568274ea84a9fe42b5,0.3562071871080222,0.31546487678572877,-0.04074231032229342
scidocs,ms1_drop_mutual,pagerank_graph,graph,78495383450e02c5fe817e408726134b3084905d,1.0,1.0,0.0
scidocs,ms1_drop_mutual,rank_centrality_graph,graph,78495383450e02c5fe817e408726134b3084905d,1.0,1.0,0.0
scidocs,ms1_drop_mutual,markov_hybrid,hybrid,78495383450e02c5fe817e408726134b3084905d,0.6309297535714575,0.6309297535714575,0.0
scidocs,ms1_drop_mutual,bradley_terry_graph,graph,78495383450e02c5fe817e408726134b3084905d,1.0,1.0,0.0
scidocs,ms1_drop_mutual,pagerank_graph,graph,7dcb308b9292a8bc87d6f7793d2ca5e0e19dfa40,0.0,0.0,0.0
scidocs,ms1_drop_mutual,rank_centrality_graph,graph,7dcb308b9292a8bc87d6f7793d2ca5e0e19dfa40,0.0,0.0,0.0
scidocs,ms1_drop_mutual,markov_hybrid,hybrid,7dcb308b9292a8bc87d6f7793d2ca5e0e19dfa40,0.0,0.0,0.0
scidocs,ms1_drop_mutual,bradley_terry_graph,graph,7dcb308b9292a8bc87d6f7793d2ca5e0e19dfa40,0.0,0.0,0.0
scidocs,ms1_drop_mutual,pagerank_graph,graph,8c872ecd87945e71fcd9fa1b6cb1133cfe805bf2,0.0,0.0,0.0
scidocs,ms1_drop_mutual,rank_centrality_graph,graph,8c872ecd87945e71fcd9fa1b6cb1133cfe805bf2,0.0,0.0,0.0
scidocs,ms1_drop_mutual,markov_hybrid,hybrid,8c872ecd87945e71fcd9fa1b6cb1133cfe805bf2,0.0,0.0,0.0
scidocs,ms1_drop_mutual,bradley_terry_graph,graph,8c872ecd87945e71fcd9fa1b6cb1133cfe805bf2,0.0,0.0,0.0
scidocs,ms1_drop_mutual,pagerank_graph,graph,3a63667284dc8b9687ed1620406030bfe39af3c9,1.0,1.0,0.0
scidocs,ms1_drop_mutual,rank_centrality_graph,graph,3a63667284dc8b9687ed1620406030bfe39af3c9,1.0,1.0,0.0
scidocs,ms1_drop_mutual,markov_hybrid,hybrid,3a63667284dc8b9687ed1620406030bfe39af3c9,1.0,1.0,0.0
scidocs,ms1_drop_mutual,bradley_terry_graph,graph,3a63667284dc8b9687ed1620406030bfe39af3c9,1.0,1.0,0.0
scidocs,ms1_drop_mutual,pagerank_graph,graph,071f47b7bc5830643e31dbed82e0375bf9b26559,0.8778995257840893,0.8778995257840893,0.0
scidocs,ms1_drop_mutual,rank_centrality_graph,graph,071f47b7bc5830643e31dbed82e0375bf9b26559,0.814390483993232,0.814390483993232,0.0
scidocs,ms1_drop_mutual,markov_hybrid,hybrid,071f47b7bc5830643e31dbed82e0375bf9b26559,0.9010126104210695,0.9010126104210695,0.0
scidocs,ms1_drop_mutual,bradley_terry_graph,graph,071f47b7bc5830643e31dbed82e0375bf9b26559,0.8778995257840893,0.8778995257840893,0.0
scidocs,ms1_drop_mutual,pagerank_graph,graph,ee9596725d1db17f2b1e2207dd3ea260343bfe4f,0.8006811922426051,0.8006811922426051,0.0
scidocs,ms1_drop_mutual,rank_centrality_graph,graph,ee9596725d1db17f2b1e2207dd3ea260343bfe4f,0.7951587782720202,0.7951587782720202,0.0
scidocs,ms1_drop_mutual,markov_hybrid,hybrid,ee9596725d1db17f2b1e2207dd3ea260343bfe4f,0.8571345604839221,0.8571345604839221,0.0
scidocs,ms1_drop_mutual,bradley_terry_graph,graph,ee9596725d1db17f2b1e2207dd3ea260343bfe4f,0.8182298969370749,0.8182298969370749,0.0
scidocs,ms1_drop_mutual,pagerank_graph,graph,a65196dfff31425281c690a7f2ca65247147da6b,0.5311931216172628,0.5311931216172628,0.0
scidocs,ms1_drop_mutual,rank_centrality_graph,graph,a65196dfff31425281c690a7f2ca65247147da6b,0.5287217091005357,0.5287217091005357,0.0
scidocs,ms1_drop_mutual,markov_hybrid,hybrid,a65196dfff31425281c690a7f2ca65247147da6b,0.31432962328057273,0.31432962328057273,0.0
scidocs,ms1_drop_mutual,bradley_terry_graph,graph,a65196dfff31425281c690a7f2ca65247147da6b,0.5311931216172628,0.5311931216172628,0.0
scidocs,ms1_drop_mutual,pagerank_graph,graph,a04b5b99f5d9d8748843e870536a4a9f65562012,0.4686613101011926,0.4686613101011926,0.0
scidocs,ms1_drop_mutual,rank_centrality_graph,graph,a04b5b99f5d9d8748843e870536a4a9f65562012,0.4480957561379977,0.4480957561379977,0.0
scidocs,ms1_drop_mutual,markov_hybrid,hybrid,a04b5b99f5d9d8748843e870536a4a9f65562012,0.4686613101011926,0.4686613101011926,0.0
scidocs,ms1_drop_mutual,bradley_terry_graph,graph,a04b5b99f5d9d8748843e870536a4a9f65562012,0.4686613101011926,0.4686613101011926,0.0
scidocs,ms1_drop_mutual,pagerank_graph,graph,de8e80d409aaaa3244da4f2cb5b5bb053d453cee,0.31898256395659413,0.31898256395659413,0.0
scidocs,ms1_drop_mutual,rank_centrality_graph,graph,de8e80d409aaaa3244da4f2cb5b5bb053d453cee,0.3341792311619776,0.3341792311619776,0.0
scidocs,ms1_drop_mutual,markov_hybrid,hybrid,de8e80d409aaaa3244da4f2cb5b5bb053d453cee,0.327973028445648,0.327973028445648,0.0
scidocs,ms1_drop_mutual,bradley_terry_graph,graph,de8e80d409aaaa3244da4f2cb5b5bb053d453cee,0.31898256395659413,0.31898256395659413,0.0
scidocs,ms1_drop_mutual,pagerank_graph,graph,ae0fb9c6ebb8ce12610c477d2388447a13dc4694,0.0,0.0,0.0
scidocs,ms1_drop_mutual,rank_centrality_graph,graph,ae0fb9c6ebb8ce12610c477d2388447a13dc4694,0.0,0.0,0.0
scidocs,ms1_drop_mutual,markov_hybrid,hybrid,ae0fb9c6ebb8ce12610c477d2388447a13dc4694,0.0,0.0,0.0
scidocs,ms1_drop_mutual,bradley_terry_graph,graph,ae0fb9c6ebb8ce12610c477d2388447a13dc4694,0.0,0.0,0.0
scidocs,ms1_drop_mutual,pagerank_graph,graph,648678f1edab0d2139958070744b826d2b24c79e,0.8385465274895063,0.8385465274895063,0.0
scidocs,ms1_drop_mutual,rank_centrality_graph,graph,648678f1edab0d2139958070744b826d2b24c79e,0.8278123145308894,0.8278123145308894,0.0
scidocs,ms1_drop_mutual,markov_hybrid,hybrid,648678f1edab0d2139958070744b826d2b24c79e,0.8278123145308894,0.8278123145308894,0.0
scidocs,ms1_drop_mutual,bradley_terry_graph,graph,648678f1edab0d2139958070744b826d2b24c79e,0.8385465274895063,0.8385465274895063,0.0
scidocs,ms1_drop_mutual,pagerank_graph,graph,8a6080396fa7195c7c627bea4b2aeeb9ca39b5f8,0.38685280723454163,0.38685280723454163,0.0
scidocs,ms1_drop_mutual,rank_centrality_graph,graph,8a6080396fa7195c7c627bea4b2aeeb9ca39b5f8,0.31546487678572877,0.31546487678572877,0.0
scidocs,ms1_drop_mutual,markov_hybrid,hybrid,8a6080396fa7195c7c627bea4b2aeeb9ca39b5f8,0.5,0.5,0.0
scidocs,ms1_drop_mutual,bradley_terry_graph,graph,8a6080396fa7195c7c627bea4b2aeeb9ca39b5f8,0.3562071871080222,0.3562071871080222,0.0
scidocs,ms1_drop_mutual,pagerank_graph,graph,4715401473dca02ebaa5bdd4d4003705ed91c380,0.6847004033855801,0.6847004033855801,0.0
scidocs,ms1_drop_mutual,rank_centrality_graph,graph,4715401473dca02ebaa5bdd4d4003705ed91c380,0.7042036765468256,0.7042036765468256,0.0
scidocs,ms1_drop_mutual,markov_hybrid,hybrid,4715401473dca02ebaa5bdd4d4003705ed91c380,0.7086346316506176,0.7086346316506176,0.0
scidocs,ms1_drop_mutual,bradley_terry_graph,graph,4715401473dca02ebaa5bdd4d4003705ed91c380,0.6847004033855801,0.6847004033855801,0.0
scidocs,ms1_drop_mutual,pagerank_graph,graph,6519bf5580fcdcc9c50fd72c6c8dc5d040d443e8,1.0,1.0,0.0
scidocs,ms1_drop_mutual,rank_centrality_graph,graph,6519bf5580fcdcc9c50fd72c6c8dc5d040d443e8,1.0,1.0,0.0
scidocs,ms1_drop_mutual,markov_hybrid,hybrid,6519bf5580fcdcc9c50fd72c6c8dc5d040d443e8,1.0,1.0,0.0
scidocs,ms1_drop_mutual,bradley_terry_graph,graph,6519bf5580fcdcc9c50fd72c6c8dc5d040d443e8,1.0,1.0,0.0
scidocs,ms1_drop_mutual,pagerank_graph,graph,3be10c45163c61dfb9f250412699b3f8cb0ada1d,0.31546487678572877,0.31546487678572877,0.0
scidocs,ms1_drop_mutual,rank_centrality_graph,graph,3be10c45163c61dfb9f250412699b3f8cb0ada1d,0.2890648263178879,0.2890648263178879,0.0
scidocs,ms1_drop_mutual,markov_hybrid,hybrid,3be10c45163c61dfb9f250412699b3f8cb0ada1d,0.38685280723454163,0.38685280723454163,0.0
scidocs,ms1_drop_mutual,bradley_terry_graph,graph,3be10c45163c61dfb9f250412699b3f8cb0ada1d,0.2890648263178879,0.2890648263178879,0.0
scidocs,ms1_drop_mutual,pagerank_graph,graph,566c89a1ace18f57ac3212e6d62634b501990b31,0.0,0.0,0.0
scidocs,ms1_drop_mutual,rank_centrality_graph,graph,566c89a1ace18f57ac3212e6d62634b501990b31,0.0,0.0,0.0
scidocs,ms1_drop_mutual,markov_hybrid,hybrid,566c89a1ace18f57ac3212e6d62634b501990b31,0.0,0.0,0.0
scidocs,ms1_drop_mutual,bradley_terry_graph,graph,566c89a1ace18f57ac3212e6d62634b501990b31,0.0,0.0,0.0
scidocs,ms1_drop_mutual,pagerank_graph,graph,370fda29c5aaff285311a87824c5f28db33da021,0.3644594876849889,0.3644594876849889,0.0
scidocs,ms1_drop_mutual,rank_centrality_graph,graph,370fda29c5aaff285311a87824c5f28db33da021,0.3502714625447977,0.3502714625447977,0.0
scidocs,ms1_drop_mutual,markov_hybrid,hybrid,370fda29c5aaff285311a87824c5f28db33da021,0.3841032025833937,0.3841032025833937,0.0
scidocs,ms1_drop_mutual,bradley_terry_graph,graph,370fda29c5aaff285311a87824c5f28db33da021,0.35446922870647896,0.35446922870647896,0.0
scidocs,ms1_drop_mutual,pagerank_graph,graph,6c89453c09abde95d998f5acd244f00519472ee0,0.43067655807339306,0.43067655807339306,0.0
scidocs,ms1_drop_mutual,rank_centrality_graph,graph,6c89453c09abde95d998f5acd244f00519472ee0,0.43067655807339306,0.43067655807339306,0.0
scidocs,ms1_drop_mutual,markov_hybrid,hybrid,6c89453c09abde95d998f5acd244f00519472ee0,0.5,0.5,0.0
scidocs,ms1_drop_mutual,bradley_terry_graph,graph,6c89453c09abde95d998f5acd244f00519472ee0,0.43067655807339306,0.43067655807339306,0.0
scidocs,ms1_drop_mutual,pagerank_graph,graph,74d4bf32242a3d22df63e0cd3c7b5a0038220cd2,0.3671675274665517,0.3671675274665517,0.0
scidocs,ms1_drop_mutual,rank_centrality_graph,graph,74d4bf32242a3d22df63e0cd3c7b5a0038220cd2,0.38549981939331035,0.38549981939331035,0.0
scidocs,ms1_drop_mutual,markov_hybrid,hybrid,74d4bf32242a3d22df63e0cd3c7b5a0038220cd2,0.3662998801016243,0.3662998801016243,0.0
scidocs,ms1_drop_mutual,bradley_terry_graph,graph,74d4bf32242a3d22df63e0cd3c7b5a0038220cd2,0.3711255431609857,0.3711255431609857,0.0
scidocs,ms1_drop_mutual,pagerank_graph,graph,714c194a2fc326151b905270558aa137f9f22730,0.2890648263178879,0.2890648263178879,0.0
scidocs,ms1_drop_mutual,rank_centrality_graph,graph,714c194a2fc326151b905270558aa137f9f22730,0.5,0.5,0.0
scidocs,ms1_drop_mutual,markov_hybrid,hybrid,714c194a2fc326151b905270558aa137f9f22730,0.3562071871080222,0.3562071871080222,0.0
scidocs,ms1_drop_mutual,bradley_terry_graph,graph,714c194a2fc326151b905270558aa137f9f22730,0.27894294565112987,0.27894294565112987,0.0
scidocs,ms1_drop_mutual,pagerank_graph,graph,c79b88a8d8ba491cead38b431703d84015153a8f,0.0,0.0,0.0
scidocs,ms1_drop_mutual,rank_centrality_graph,graph,c79b88a8d8ba491cead38b431703d84015153a8f,0.0,0.0,0.0
scidocs,ms1_drop_mutual,markov_hybrid,hybrid,c79b88a8d8ba491cead38b431703d84015153a8f,0.0,0.0,0.0
scidocs,ms1_drop_mutual,bradley_terry_graph,graph,c79b88a8d8ba491cead38b431703d84015153a8f,0.0,0.0,0.0
scidocs,ms1_drop_mutual,pagerank_graph,graph,b2a20116c0609e23d3adfeaa604500fddca66178,0.0,0.0,0.0
scidocs,ms1_drop_mutual,rank_centrality_graph,graph,b2a20116c0609e23d3adfeaa604500fddca66178,0.0,0.0,0.0
scidocs,ms1_drop_mutual,markov_hybrid,hybrid,b2a20116c0609e23d3adfeaa604500fddca66178,0.0,0.0,0.0
scidocs,ms1_drop_mutual,bradley_terry_graph,graph,b2a20116c0609e23d3adfeaa604500fddca66178,0.0,0.0,0.0
scidocs,ms1_drop_mutual,pagerank_graph,graph,8a93cd1b6fbf7c8c86637bae18d979dafeb9a7c1,0.0,0.0,0.0
scidocs,ms1_drop_mutual,rank_centrality_graph,graph,8a93cd1b6fbf7c8c86637bae18d979dafeb9a7c1,0.0,0.0,0.0
scidocs,ms1_drop_mutual,markov_hybrid,hybrid,8a93cd1b6fbf7c8c86637bae18d979dafeb9a7c1,0.0,0.0,0.0
scidocs,ms1_drop_mutual,bradley_terry_graph,graph,8a93cd1b6fbf7c8c86637bae18d979dafeb9a7c1,0.0,0.0,0.0
scidocs,ms1_drop_mutual,pagerank_graph,graph,281b6888d5df1dddb350fac4e9be5c8272519109,0.0,0.0,0.0
scidocs,ms1_drop_mutual,rank_centrality_graph,graph,281b6888d5df1dddb350fac4e9be5c8272519109,0.0,0.0,0.0
scidocs,ms1_drop_mutual,markov_hybrid,hybrid,281b6888d5df1dddb350fac4e9be5c8272519109,0.0,0.0,0.0
scidocs,ms1_drop_mutual,bradley_terry_graph,graph,281b6888d5df1dddb350fac4e9be5c8272519109,0.0,0.0,0.0
scidocs,ms1_drop_mutual,pagerank_graph,graph,0a40663fdcf7c5fb7cfc459693116c41309e7eca,0.0,0.0,0.0
scidocs,ms1_drop_mutual,rank_centrality_graph,graph,0a40663fdcf7c5fb7cfc459693116c41309e7eca,0.0,0.0,0.0
scidocs,ms1_drop_mutual,markov_hybrid,hybrid,0a40663fdcf7c5fb7cfc459693116c41309e7eca,0.0,0.0,0.0
scidocs,ms1_drop_mutual,bradley_terry_graph,graph,0a40663fdcf7c5fb7cfc459693116c41309e7eca,0.0,0.0,0.0
scidocs,ms1_drop_mutual,pagerank_graph,graph,8501e330d78391f4e690886a8eb8fac867704ea6,0.5802792108518124,0.5802792108518124,0.0
scidocs,ms1_drop_mutual,rank_centrality_graph,graph,8501e330d78391f4e690886a8eb8fac867704ea6,0.448643819352159,0.448643819352159,0.0
scidocs,ms1_drop_mutual,markov_hybrid,hybrid,8501e330d78391f4e690886a8eb8fac867704ea6,0.4911492931622974,0.4911492931622974,0.0
scidocs,ms1_drop_mutual,bradley_terry_graph,graph,8501e330d78391f4e690886a8eb8fac867704ea6,0.45749452618986164,0.45749452618986164,0.0
scidocs,ms1_drop_mutual,pagerank_graph,graph,beac53e8074b4822943a3374ff5e9fed98a891b8,0.0,0.0,0.0
scidocs,ms1_drop_mutual,rank_centrality_graph,graph,beac53e8074b4822943a3374ff5e9fed98a891b8,0.0,0.0,0.0
scidocs,ms1_drop_mutual,markov_hybrid,hybrid,beac53e8074b4822943a3374ff5e9fed98a891b8,0.0,0.0,0.0
scidocs,ms1_drop_mutual,bradley_terry_graph,graph,beac53e8074b4822943a3374ff5e9fed98a891b8,0.0,0.0,0.0
scidocs,ms1_drop_mutual,pagerank_graph,graph,6ae4d0b388aa9262e80c3eedc1cb3e5f06842368,0.0,0.0,0.0
scidocs,ms1_drop_mutual,rank_centrality_graph,graph,6ae4d0b388aa9262e80c3eedc1cb3e5f06842368,0.0,0.0,0.0
scidocs,ms1_drop_mutual,markov_hybrid,hybrid,6ae4d0b388aa9262e80c3eedc1cb3e5f06842368,0.0,0.0,0.0
scidocs,ms1_drop_mutual,bradley_terry_graph,graph,6ae4d0b388aa9262e80c3eedc1cb3e5f06842368,0.0,0.0,0.0
scidocs,ms1_drop_mutual,pagerank_graph,graph,7db20fcc1d71edc32c365f145148d24b9f1427a5,0.33672884983294765,0.33672884983294765,0.0
scidocs,ms1_drop_mutual,rank_centrality_graph,graph,7db20fcc1d71edc32c365f145148d24b9f1427a5,0.33052608497541236,0.33052608497541236,0.0
scidocs,ms1_drop_mutual,markov_hybrid,hybrid,7db20fcc1d71edc32c365f145148d24b9f1427a5,0.38162168437253385,0.38162168437253385,0.0
scidocs,ms1_drop_mutual,bradley_terry_graph,graph,7db20fcc1d71edc32c365f145148d24b9f1427a5,0.3102267425692945,0.3102267425692945,0.0
scidocs,ms1_drop_mutual,pagerank_graph,graph,335ad0ff82c728aca99fb0059c607cb18129526f,0.0,0.0,0.0
scidocs,ms1_drop_mutual,rank_centrality_graph,graph,335ad0ff82c728aca99fb0059c607cb18129526f,0.0,0.0,0.0
scidocs,ms1_drop_mutual,markov_hybrid,hybrid,335ad0ff82c728aca99fb0059c607cb18129526f,0.0,0.0,0.0
scidocs,ms1_drop_mutual,bradley_terry_graph,graph,335ad0ff82c728aca99fb0059c607cb18129526f,0.0,0.0,0.0
scidocs,ms1_drop_mutual,pagerank_graph,graph,04e4034344bda5c97015ea634e6eb1b65ef3a898,0.5437713091520254,0.5437713091520254,0.0
scidocs,ms1_drop_mutual,rank_centrality_graph,graph,04e4034344bda5c97015ea634e6eb1b65ef3a898,0.6934264036172708,0.6934264036172708,0.0
scidocs,ms1_drop_mutual,markov_hybrid,hybrid,04e4034344bda5c97015ea634e6eb1b65ef3a898,0.9197207891481876,0.9197207891481876,0.0
scidocs,ms1_drop_mutual,bradley_terry_graph,graph,04e4034344bda5c97015ea634e6eb1b65ef3a898,0.5706417189553201,0.5706417189553201,0.0
scidocs,ms1_drop_mutual,pagerank_graph,graph,271a4077c037b86fb7daf6bff3e66682322ff7d7,0.0,0.0,0.0
scidocs,ms1_drop_mutual,rank_centrality_graph,graph,271a4077c037b86fb7daf6bff3e66682322ff7d7,0.0,0.0,0.0
scidocs,ms1_drop_mutual,markov_hybrid,hybrid,271a4077c037b86fb7daf6bff3e66682322ff7d7,0.0,0.0,0.0
scidocs,ms1_drop_mutual,bradley_terry_graph,graph,271a4077c037b86fb7daf6bff3e66682322ff7d7,0.0,0.0,0.0
scidocs,ms1_drop_mutual,pagerank_graph,graph,3d23666c6d97d6ba3c86044d83c697821084bed6,0.0,0.0,0.0
scidocs,ms1_drop_mutual,rank_centrality_graph,graph,3d23666c6d97d6ba3c86044d83c697821084bed6,0.0,0.0,0.0
scidocs,ms1_drop_mutual,markov_hybrid,hybrid,3d23666c6d97d6ba3c86044d83c697821084bed6,0.0,0.0,0.0
scidocs,ms1_drop_mutual,bradley_terry_graph,graph,3d23666c6d97d6ba3c86044d83c697821084bed6,0.0,0.0,0.0
scidocs,ms1_drop_mutual,pagerank_graph,graph,fd4537b92ab9fa7c653e9e5b9c4f815914a498c0,0.0,0.0,0.0
scidocs,ms1_drop_mutual,rank_centrality_graph,graph,fd4537b92ab9fa7c653e9e5b9c4f815914a498c0,0.0,0.0,0.0
scidocs,ms1_drop_mutual,markov_hybrid,hybrid,fd4537b92ab9fa7c653e9e5b9c4f815914a498c0,0.0,0.0,0.0
scidocs,ms1_drop_mutual,bradley_terry_graph,graph,fd4537b92ab9fa7c653e9e5b9c4f815914a498c0,0.0,0.0,0.0
scidocs,ms1_drop_mutual,pagerank_graph,graph,191ea925c2115755b44380c99d84f4a1099b4dcd,0.0,0.0,0.0
scidocs,ms1_drop_mutual,rank_centrality_graph,graph,191ea925c2115755b44380c99d84f4a1099b4dcd,0.0,0.0,0.0
scidocs,ms1_drop_mutual,markov_hybrid,hybrid,191ea925c2115755b44380c99d84f4a1099b4dcd,0.0,0.0,0.0
scidocs,ms1_drop_mutual,bradley_terry_graph,graph,191ea925c2115755b44380c99d84f4a1099b4dcd,0.0,0.0,0.0
scidocs,ms1_drop_mutual,pagerank_graph,graph,458f1428273254fc5dd399f3c104f507680ddd54,1.0,1.0,0.0
scidocs,ms1_drop_mutual,rank_centrality_graph,graph,458f1428273254fc5dd399f3c104f507680ddd54,1.0,1.0,0.0
scidocs,ms1_drop_mutual,markov_hybrid,hybrid,458f1428273254fc5dd399f3c104f507680ddd54,1.0,1.0,0.0
scidocs,ms1_drop_mutual,bradley_terry_graph,graph,458f1428273254fc5dd399f3c104f507680ddd54,1.0,1.0,0.0
scidocs,ms1_drop_mutual,pagerank_graph,graph,19115f66f6ac1c02568bbb38eceedfa3521a8cc2,0.43067655807339306,0.5,0.06932344192660694
scidocs,ms1_drop_mutual,rank_centrality_graph,graph,19115f66f6ac1c02568bbb38eceedfa3521a8cc2,0.43067655807339306,0.43067655807339306,0.0
scidocs,ms1_drop_mutual,markov_hybrid,hybrid,19115f66f6ac1c02568bbb38eceedfa3521a8cc2,0.23981246656813146,0.23981246656813146,0.0
scidocs,ms1_drop_mutual,bradley_terry_graph,graph,19115f66f6ac1c02568bbb38eceedfa3521a8cc2,0.5,0.5,0.0
scidocs,ms1_drop_mutual,pagerank_graph,graph,84424eee012089dac9414979f0cb1465c97c4408,0.24465054211822604,0.24465054211822604,0.0
scidocs,ms1_drop_mutual,rank_centrality_graph,graph,84424eee012089dac9414979f0cb1465c97c4408,0.23540891336663824,0.23540891336663824,0.0
scidocs,ms1_drop_mutual,markov_hybrid,hybrid,84424eee012089dac9414979f0cb1465c97c4408,0.31546487678572877,0.31546487678572877,0.0
scidocs,ms1_drop_mutual,bradley_terry_graph,graph,84424eee012089dac9414979f0cb1465c97c4408,0.23981246656813146,0.23981246656813146,0.0
scidocs,ms1_drop_mutual,pagerank_graph,graph,5bb6b779de7929c573f39cd84169cafbd72e5bae,0.0,0.0,0.0
scidocs,ms1_drop_mutual,rank_centrality_graph,graph,5bb6b779de7929c573f39cd84169cafbd72e5bae,0.0,0.0,0.0
scidocs,ms1_drop_mutual,markov_hybrid,hybrid,5bb6b779de7929c573f39cd84169cafbd72e5bae,0.0,0.0,0.0
scidocs,ms1_drop_mutual,bradley_terry_graph,graph,5bb6b779de7929c573f39cd84169cafbd72e5bae,0.0,0.0,0.0
scidocs,ms1_drop_mutual,pagerank_graph,graph,7b6652910c5cc0df9ff6bc91912a02e58a742d26,0.3010299956639812,0.3333333333333333,0.03230333766935212
scidocs,ms1_drop_mutual,rank_centrality_graph,graph,7b6652910c5cc0df9ff6bc91912a02e58a742d26,0.3333333333333333,0.3333333333333333,0.0
scidocs,ms1_drop_mutual,markov_hybrid,hybrid,7b6652910c5cc0df9ff6bc91912a02e58a742d26,0.27894294565112987,0.27894294565112987,0.0
scidocs,ms1_drop_mutual,bradley_terry_graph,graph,7b6652910c5cc0df9ff6bc91912a02e58a742d26,0.31546487678572877,0.3333333333333333,0.01786845654760455
scidocs,ms1_drop_mutual,pagerank_graph,graph,df0ef17f63582603dafb1ac5c489dec1416ecbf4,0.2943471074910591,0.2943471074910591,0.0
scidocs,ms1_drop_mutual,rank_centrality_graph,graph,df0ef17f63582603dafb1ac5c489dec1416ecbf4,0.3012802587606511,0.3012802587606511,0.0
scidocs,ms1_drop_mutual,markov_hybrid,hybrid,df0ef17f63582603dafb1ac5c489dec1416ecbf4,0.40298313359773236,0.40298313359773236,0.0
scidocs,ms1_drop_mutual,bradley_terry_graph,graph,df0ef17f63582603dafb1ac5c489dec1416ecbf4,0.29138065504913135,0.29138065504913135,0.0
scidocs,ms1_drop_mutual,pagerank_graph,graph,f2d5039b55d626ef5466a80e950bddd5cc1819d4,0.766433990956823,0.766433990956823,0.0
scidocs,ms1_drop_mutual,rank_centrality_graph,graph,f2d5039b55d626ef5466a80e950bddd5cc1819d4,0.7601875334318685,0.7601875334318685,0.0
scidocs,ms1_drop_mutual,markov_hybrid,hybrid,f2d5039b55d626ef5466a80e950bddd5cc1819d4,0.766433990956823,0.766433990956823,0.0
scidocs,ms1_drop_mutual,bradley_terry_graph,graph,f2d5039b55d626ef5466a80e950bddd5cc1819d4,0.766433990956823,0.766433990956823,0.0
scidocs,ms1_drop_mutual,pagerank_graph,graph,7492683af60d02dbd658acdc61249571f8c20fc8,0.0,0.0,0.0
scidocs,ms1_drop_mutual,rank_centrality_graph,graph,7492683af60d02dbd658acdc61249571f8c20fc8,0.0,0.0,0.0
scidocs,ms1_drop_mutual,markov_hybrid,hybrid,7492683af60d02dbd658acdc61249571f8c20fc8,0.0,0.0,0.0
scidocs,ms1_drop_mutual,bradley_terry_graph,graph,7492683af60d02dbd658acdc61249571f8c20fc8,0.0,0.0,0.0
scidocs,ms1_drop_mutual,pagerank_graph,graph,f7f32e86c23a902ac55fba8b8191026f563bec5b,0.29187569497433197,0.29187569497433197,0.0
scidocs,ms1_drop_mutual,rank_centrality_graph,graph,f7f32e86c23a902ac55fba8b8191026f563bec5b,0.29187569497433197,0.29187569497433197,0.0
scidocs,ms1_drop_mutual,markov_hybrid,hybrid,f7f32e86c23a902ac55fba8b8191026f563bec5b,0.3242796274504579,0.3242796274504579,0.0
scidocs,ms1_drop_mutual,bradley_terry_graph,graph,f7f32e86c23a902ac55fba8b8191026f563bec5b,0.29187569497433197,0.29187569497433197,0.0
scidocs,ms1_drop_mutual,pagerank_graph,graph,a22e737d38a1bc671893a7ed341aba436571097a,0.0,0.0,0.0
scidocs,ms1_drop_mutual,rank_centrality_graph,graph,a22e737d38a1bc671893a7ed341aba436571097a,0.0,0.0,0.0
scidocs,ms1_drop_mutual,markov_hybrid,hybrid,a22e737d38a1bc671893a7ed341aba436571097a,0.0,0.0,0.0
scidocs,ms1_drop_mutual,bradley_terry_graph,graph,a22e737d38a1bc671893a7ed341aba436571097a,0.0,0.0,0.0
scidocs,ms1_drop_mutual,pagerank_graph,graph,4b80771429b786ea87740738378ba1eb1504a57f,0.0,0.0,0.0
scidocs,ms1_drop_mutual,rank_centrality_graph,graph,4b80771429b786ea87740738378ba1eb1504a57f,0.0,0.0,0.0
scidocs,ms1_drop_mutual,markov_hybrid,hybrid,4b80771429b786ea87740738378ba1eb1504a57f,0.0,0.0,0.0
scidocs,ms1_drop_mutual,bradley_terry_graph,graph,4b80771429b786ea87740738378ba1eb1504a57f,0.0,0.0,0.0
scidocs,ms1_drop_mutual,pagerank_graph,graph,9003fb79e7848ced3be975c3d87a9348a4b8d377,0.8065735963827293,0.8065735963827293,0.0
scidocs,ms1_drop_mutual,rank_centrality_graph,graph,9003fb79e7848ced3be975c3d87a9348a4b8d377,0.8175295903539445,0.8175295903539445,0.0
scidocs,ms1_drop_mutual,markov_hybrid,hybrid,9003fb79e7848ced3be975c3d87a9348a4b8d377,0.8772153153380493,0.8772153153380493,0.0
scidocs,ms1_drop_mutual,bradley_terry_graph,graph,9003fb79e7848ced3be975c3d87a9348a4b8d377,0.8315546295836225,0.8315546295836225,0.0
scidocs,ms1_drop_mutual,pagerank_graph,graph,ac58b487e864afafe71c6158553eed10fbc8eef5,0.7818584674824014,0.7818584674824014,0.0
scidocs,ms1_drop_mutual,rank_centrality_graph,graph,ac58b487e864afafe71c6158553eed10fbc8eef5,0.7633594073555766,0.7633594073555766,0.0
scidocs,ms1_drop_mutual,markov_hybrid,hybrid,ac58b487e864afafe71c6158553eed10fbc8eef5,0.7512484757149765,0.7512484757149765,0.0
scidocs,ms1_drop_mutual,bradley_terry_graph,graph,ac58b487e864afafe71c6158553eed10fbc8eef5,0.7799669456243377,0.7799669456243377,0.0
scidocs,ms1_drop_mutual,pagerank_graph,graph,30c9a7660281ad8e4538ff9beb20282c74fac810,0.31546487678572877,0.31546487678572877,0.0
scidocs,ms1_drop_mutual,rank_centrality_graph,graph,30c9a7660281ad8e4538ff9beb20282c74fac810,0.3333333333333333,0.3333333333333333,0.0
scidocs,ms1_drop_mutual,markov_hybrid,hybrid,30c9a7660281ad8e4538ff9beb20282c74fac810,0.27023815442731974,0.27023815442731974,0.0
scidocs,ms1_drop_mutual,bradley_terry_graph,graph,30c9a7660281ad8e4538ff9beb20282c74fac810,0.3562071871080222,0.38685280723454163,0.030645620126519446
scidocs,ms1_drop_mutual,pagerank_graph,graph,129397ed6557da93db5ba18cf112ee7b0a7927d8,0.42177340954886444,0.42177340954886444,0.0
scidocs,ms1_drop_mutual,rank_centrality_graph,graph,129397ed6557da93db5ba18cf112ee7b0a7927d8,0.430624116386567,0.430624116386567,0.0
scidocs,ms1_drop_mutual,markov_hybrid,hybrid,129397ed6557da93db5ba18cf112ee7b0a7927d8,0.42976388833782037,0.42976388833782037,0.0
scidocs,ms1_drop_mutual,bradley_terry_graph,graph,129397ed6557da93db5ba18cf112ee7b0a7927d8,0.4082307968370143,0.4082307968370143,0.0
scidocs,ms1_drop_mutual,pagerank_graph,graph,1a66df57f88e689438d505474eff73e3a9180c5b,0.0,0.0,0.0
scidocs,ms1_drop_mutual,rank_centrality_graph,graph,1a66df57f88e689438d505474eff73e3a9180c5b,0.0,0.0,0.0
scidocs,ms1_drop_mutual,markov_hybrid,hybrid,1a66df57f88e689438d505474eff73e3a9180c5b,0.0,0.0,0.0
scidocs,ms1_drop_mutual,bradley_terry_graph,graph,1a66df57f88e689438d505474eff73e3a9180c5b,0.0,0.0,0.0
scidocs,ms1_drop_mutual,pagerank_graph,graph,e00ab75a8aa637d9c4c5c020e9f2c54b31528031,0.0,0.0,0.0
scidocs,ms1_drop_mutual,rank_centrality_graph,graph,e00ab75a8aa637d9c4c5c020e9f2c54b31528031,0.0,0.0,0.0
scidocs,ms1_drop_mutual,markov_hybrid,hybrid,e00ab75a8aa637d9c4c5c020e9f2c54b31528031,0.0,0.0,0.0
scidocs,ms1_drop_mutual,bradley_terry_graph,graph,e00ab75a8aa637d9c4c5c020e9f2c54b31528031,0.0,0.0,0.0
scidocs,ms1_drop_mutual,pagerank_graph,graph,7707c7aac35a4d206eb061305256452051ae4dcf,0.44616897024747965,0.44616897024747965,0.0
scidocs,ms1_drop_mutual,rank_centrality_graph,graph,7707c7aac35a4d206eb061305256452051ae4dcf,0.40366349643734134,0.40366349643734134,0.0
scidocs,ms1_drop_mutual,markov_hybrid,hybrid,7707c7aac35a4d206eb061305256452051ae4dcf,0.5525485729997712,0.5525485729997712,0.0
scidocs,ms1_drop_mutual,bradley_terry_graph,graph,7707c7aac35a4d206eb061305256452051ae4dcf,0.40366349643734134,0.40366349643734134,0.0
scidocs,ms1_drop_mutual,pagerank_graph,graph,23386571ed332e4a465c0a6fa899f310caa217c8,0.23981246656813146,0.23981246656813146,0.0
scidocs,ms1_drop_mutual,rank_centrality_graph,graph,23386571ed332e4a465c0a6fa899f310caa217c8,0.23981246656813146,0.23981246656813146,0.0
scidocs,ms1_drop_mutual,markov_hybrid,hybrid,23386571ed332e4a465c0a6fa899f310caa217c8,0.2890648263178879,0.2890648263178879,0.0
scidocs,ms1_drop_mutual,bradley_terry_graph,graph,23386571ed332e4a465c0a6fa899f310caa217c8,0.23981246656813146,0.23981246656813146,0.0
scidocs,ms1_drop_mutual,pagerank_graph,graph,e7ec9e900556d9d9e47b274911ad304bcf198256,0.908193987283322,0.908193987283322,0.0
scidocs,ms1_drop_mutual,rank_centrality_graph,graph,e7ec9e900556d9d9e47b274911ad304bcf198256,0.9142542566739303,0.9142542566739303,0.0
scidocs,ms1_drop_mutual,markov_hybrid,hybrid,e7ec9e900556d9d9e47b274911ad304bcf198256,0.9207545636271999,0.9207545636271999,0.0
scidocs,ms1_drop_mutual,bradley_terry_graph,graph,e7ec9e900556d9d9e47b274911ad304bcf198256,0.9032982500389699,0.9032982500389699,0.0
scidocs,ms1_drop_mutual,pagerank_graph,graph,ca464085b3da330f2ea895543a78c446a3af1bb6,0.3562071871080222,0.3562071871080222,0.0
scidocs,ms1_drop_mutual,rank_centrality_graph,graph,ca464085b3da330f2ea895543a78c446a3af1bb6,0.5,0.5,0.0
scidocs,ms1_drop_mutual,markov_hybrid,hybrid,ca464085b3da330f2ea895543a78c446a3af1bb6,0.5,0.5,0.0
scidocs,ms1_drop_mutual,bradley_terry_graph,graph,ca464085b3da330f2ea895543a78c446a3af1bb6,0.38685280723454163,0.38685280723454163,0.0
scidocs,ms1_drop_mutual,pagerank_graph,graph,f09db8a42d713774483f023b31e0ee96361823f4,0.0,0.0,0.0
scidocs,ms1_drop_mutual,rank_centrality_graph,graph,f09db8a42d713774483f023b31e0ee96361823f4,0.0,0.0,0.0
scidocs,ms1_drop_mutual,markov_hybrid,hybrid,f09db8a42d713774483f023b31e0ee96361823f4,0.0,0.0,0.0
scidocs,ms1_drop_mutual,bradley_terry_graph,graph,f09db8a42d713774483f023b31e0ee96361823f4,0.0,0.0,0.0
scidocs,ms1_drop_mutual,pagerank_graph,graph,958ebc7e24012b419316489515f2c2f908773bd5,0.41110846323900097,0.41110846323900097,0.0
scidocs,ms1_drop_mutual,rank_centrality_graph,graph,958ebc7e24012b419316489515f2c2f908773bd5,0.5525485729997712,0.5525485729997712,0.0
scidocs,ms1_drop_mutual,markov_hybrid,hybrid,958ebc7e24012b419316489515f2c2f908773bd5,0.4635135407606591,0.4635135407606591,0.0
scidocs,ms1_drop_mutual,bradley_terry_graph,graph,958ebc7e24012b419316489515f2c2f908773bd5,0.4140749156809287,0.4140749156809287,0.0
scidocs,ms1_drop_mutual,pagerank_graph,graph,73d54af530d22599cc76b9785ae0a663cc694df2,0.38685280723454163,0.38685280723454163,0.0
scidocs,ms1_drop_mutual,rank_centrality_graph,graph,73d54af530d22599cc76b9785ae0a663cc694df2,0.3562071871080222,0.3562071871080222,0.0
scidocs,ms1_drop_mutual,markov_hybrid,hybrid,73d54af530d22599cc76b9785ae0a663cc694df2,0.227670248696953,0.227670248696953,0.0
scidocs,ms1_drop_mutual,bradley_terry_graph,graph,73d54af530d22599cc76b9785ae0a663cc694df2,0.3562071871080222,0.3562071871080222,0.0
scidocs,ms1_drop_mutual,pagerank_graph,graph,de77514c78432a0b17cf30baa024434173908f89,0.778842958530688,0.778842958530688,0.0
scidocs,ms1_drop_mutual,rank_centrality_graph,graph,de77514c78432a0b17cf30baa024434173908f89,0.7741900178546666,0.7741900178546666,0.0
scidocs,ms1_drop_mutual,markov_hybrid,hybrid,de77514c78432a0b17cf30baa024434173908f89,0.7977228895450266,0.7977228895450266,0.0
scidocs,ms1_drop_mutual,bradley_terry_graph,graph,de77514c78432a0b17cf30baa024434173908f89,0.7841802768331765,0.7841802768331765,0.0
scidocs,ms1_drop_mutual,pagerank_graph,graph,7c88a0f765ce3c9025345cf133251cb947fe6ee5,0.45749452618986164,0.45749452618986164,0.0
scidocs,ms1_drop_mutual,rank_centrality_graph,graph,7c88a0f765ce3c9025345cf133251cb947fe6ee5,0.430624116386567,0.430624116386567,0.0
scidocs,ms1_drop_mutual,markov_hybrid,hybrid,7c88a0f765ce3c9025345cf133251cb947fe6ee5,0.5437713091520254,0.5437713091520254,0.0
scidocs,ms1_drop_mutual,bradley_terry_graph,graph,7c88a0f765ce3c9025345cf133251cb947fe6ee5,0.46845052016107697,0.46845052016107697,0.0
scidocs,ms1_drop_mutual,pagerank_graph,graph,a9d7e7e918a68d1b95c6c6b29f7fabbbe01010f7,0.2862092162487154,0.2862092162487154,0.0
scidocs,ms1_drop_mutual,rank_centrality_graph,graph,a9d7e7e918a68d1b95c6c6b29f7fabbbe01010f7,0.2814642757307446,0.2814642757307446,0.0
scidocs,ms1_drop_mutual,markov_hybrid,hybrid,a9d7e7e918a68d1b95c6c6b29f7fabbbe01010f7,0.36181498356361597,0.36181498356361597,0.0
scidocs,ms1_drop_mutual,bradley_terry_graph,graph,a9d7e7e918a68d1b95c6c6b29f7fabbbe01010f7,0.2862092162487154,0.2862092162487154,0.0
scidocs,ms1_drop_mutual,pagerank_graph,graph,0bfa2ab02f3c9a9fe06fcebf34bd8f371e206512,0.38685280723454163,0.38685280723454163,0.0
scidocs,ms1_drop_mutual,rank_centrality_graph,graph,0bfa2ab02f3c9a9fe06fcebf34bd8f371e206512,0.38685280723454163,0.38685280723454163,0.0
scidocs,ms1_drop_mutual,markov_hybrid,hybrid,0bfa2ab02f3c9a9fe06fcebf34bd8f371e206512,0.38685280723454163,0.38685280723454163,0.0
scidocs,ms1_drop_mutual,bradley_terry_graph,graph,0bfa2ab02f3c9a9fe06fcebf34bd8f371e206512,0.38685280723454163,0.38685280723454163,0.0
scidocs,ms1_drop_mutual,pagerank_graph,graph,5e1b80b4774582b948c6dcd656daaba6724ffc2d,0.2559580248098155,0.2559580248098155,0.0
scidocs,ms1_drop_mutual,rank_centrality_graph,graph,5e1b80b4774582b948c6dcd656daaba6724ffc2d,0.26264953503719357,0.27894294565112987,0.0162934106139363
scidocs,ms1_drop_mutual,markov_hybrid,hybrid,5e1b80b4774582b948c6dcd656daaba6724ffc2d,0.6309297535714575,0.6309297535714575,0.0
scidocs,ms1_drop_mutual,bradley_terry_graph,graph,5e1b80b4774582b948c6dcd656daaba6724ffc2d,0.27023815442731974,0.27894294565112987,0.008704791223810127
scidocs,ms1_drop_mutual,pagerank_graph,graph,382bbb79d7ffda63395db3d9b4ebce55d0b2f038,0.0,0.0,0.0
scidocs,ms1_drop_mutual,rank_centrality_graph,graph,382bbb79d7ffda63395db3d9b4ebce55d0b2f038,0.0,0.0,0.0
scidocs,ms1_drop_mutual,markov_hybrid,hybrid,382bbb79d7ffda63395db3d9b4ebce55d0b2f038,0.0,0.0,0.0
scidocs,ms1_drop_mutual,bradley_terry_graph,graph,382bbb79d7ffda63395db3d9b4ebce55d0b2f038,0.0,0.0,0.0
scidocs,ms1_drop_mutual,pagerank_graph,graph,f7bdc97a6b4c5d65c145479ae74b3a244121ae89,0.2890648263178879,0.2890648263178879,0.0
scidocs,ms1_drop_mutual,rank_centrality_graph,graph,f7bdc97a6b4c5d65c145479ae74b3a244121ae89,0.27023815442731974,0.27023815442731974,0.0
scidocs,ms1_drop_mutual,markov_hybrid,hybrid,f7bdc97a6b4c5d65c145479ae74b3a244121ae89,0.27023815442731974,0.27023815442731974,0.0
scidocs,ms1_drop_mutual,bradley_terry_graph,graph,f7bdc97a6b4c5d65c145479ae74b3a244121ae89,0.27894294565112987,0.27894294565112987,0.0
scidocs,ms1_drop_mutual,pagerank_graph,graph,e659e72b7962c9ad586a2d35a7099550102fb054,0.42545002159796713,0.42545002159796713,0.0
scidocs,ms1_drop_mutual,rank_centrality_graph,graph,e659e72b7962c9ad586a2d35a7099550102fb054,0.47657389894234903,0.47657389894234903,0.0
scidocs,ms1_drop_mutual,markov_hybrid,hybrid,e659e72b7962c9ad586a2d35a7099550102fb054,0.4735833147724162,0.4735833147724162,0.0
scidocs,ms1_drop_mutual,bradley_terry_graph,graph,e659e72b7962c9ad586a2d35a7099550102fb054,0.41914711776442815,0.41914711776442815,0.0
scidocs,ms1_drop_mutual,pagerank_graph,graph,3136f52540fb7925998eff94e9c016d2e1a6fe12,0.0,0.0,0.0
scidocs,ms1_drop_mutual,rank_centrality_graph,graph,3136f52540fb7925998eff94e9c016d2e1a6fe12,0.0,0.0,0.0
scidocs,ms1_drop_mutual,markov_hybrid,hybrid,3136f52540fb7925998eff94e9c016d2e1a6fe12,0.0,0.0,0.0
scidocs,ms1_drop_mutual,bradley_terry_graph,graph,3136f52540fb7925998eff94e9c016d2e1a6fe12,0.0,0.0,0.0
scidocs,ms1_drop_mutual,pagerank_graph,graph,0bf046038a555bc848030a28530f9836e5611b96,0.43067655807339306,0.43067655807339306,0.0
scidocs,ms1_drop_mutual,rank_centrality_graph,graph,0bf046038a555bc848030a28530f9836e5611b96,0.3333333333333333,0.3333333333333333,0.0
scidocs,ms1_drop_mutual,markov_hybrid,hybrid,0bf046038a555bc848030a28530f9836e5611b96,0.6309297535714575,0.6309297535714575,0.0
scidocs,ms1_drop_mutual,bradley_terry_graph,graph,0bf046038a555bc848030a28530f9836e5611b96,0.38685280723454163,0.38685280723454163,0.0
scidocs,ms1_drop_mutual,pagerank_graph,graph,5a4b46ef8898610ab16a1ced6f4a976db0f1962c,0.23137821315975915,0.23137821315975915,0.0
scidocs,ms1_drop_mutual,rank_centrality_graph,graph,5a4b46ef8898610ab16a1ced6f4a976db0f1962c,0.227670248696953,0.227670248696953,0.0
scidocs,ms1_drop_mutual,markov_hybrid,hybrid,5a4b46ef8898610ab16a1ced6f4a976db0f1962c,0.27894294565112987,0.27894294565112987,0.0
scidocs,ms1_drop_mutual,bradley_terry_graph,graph,5a4b46ef8898610ab16a1ced6f4a976db0f1962c,0.23137821315975915,0.23137821315975915,0.0
scidocs,ms1_drop_mutual,pagerank_graph,graph,232427099d4a8acf1dc29efc852f09c5964e6165,0.3264445986455623,0.3264445986455623,0.0
scidocs,ms1_drop_mutual,rank_centrality_graph,graph,232427099d4a8acf1dc29efc852f09c5964e6165,0.3191081886500419,0.3191081886500419,0.0
scidocs,ms1_drop_mutual,markov_hybrid,hybrid,232427099d4a8acf1dc29efc852f09c5964e6165,0.36542522267769423,0.36542522267769423,0.0
scidocs,ms1_drop_mutual,bradley_terry_graph,graph,232427099d4a8acf1dc29efc852f09c5964e6165,0.30756466763122364,0.30756466763122364,0.0
scidocs,ms1_drop_mutual,pagerank_graph,graph,100636ca50edf63d4336bb071f3e172cb0ebccaa,0.0,0.0,0.0
scidocs,ms1_drop_mutual,rank_centrality_graph,graph,100636ca50edf63d4336bb071f3e172cb0ebccaa,0.0,0.0,0.0
scidocs,ms1_drop_mutual,markov_hybrid,hybrid,100636ca50edf63d4336bb071f3e172cb0ebccaa,0.0,0.0,0.0
scidocs,ms1_drop_mutual,bradley_terry_graph,graph,100636ca50edf63d4336bb071f3e172cb0ebccaa,0.0,0.0,0.0
scidocs,ms1_drop_mutual,pagerank_graph,graph,7a373793804ea9813d64641919e14841f927c38f,0.6309297535714575,0.6309297535714575,0.0
scidocs,ms1_drop_mutual,rank_centrality_graph,graph,7a373793804ea9813d64641919e14841f927c38f,0.6309297535714575,0.6309297535714575,0.0
scidocs,ms1_drop_mutual,markov_hybrid,hybrid,7a373793804ea9813d64641919e14841f927c38f,1.0,1.0,0.0
scidocs,ms1_drop_mutual,bradley_terry_graph,graph,7a373793804ea9813d64641919e14841f927c38f,0.6309297535714575,0.6309297535714575,0.0
scidocs,ms1_drop_mutual,pagerank_graph,graph,e788f08148b4b06f4e537b27b51338f1c88ccea8,1.0,1.0,0.0
scidocs,ms1_drop_mutual,rank_centrality_graph,graph,e788f08148b4b06f4e537b27b51338f1c88ccea8,1.0,1.0,0.0
scidocs,ms1_drop_mutual,markov_hybrid,hybrid,e788f08148b4b06f4e537b27b51338f1c88ccea8,1.0,1.0,0.0
scidocs,ms1_drop_mutual,bradley_terry_graph,graph,e788f08148b4b06f4e537b27b51338f1c88ccea8,1.0,1.0,0.0
scidocs,ms1_drop_mutual,pagerank_graph,graph,8fad88b5678bfecab78d0d6389f649ccfb310d22,0.32417107064431866,0.32417107064431866,0.0
scidocs,ms1_drop_mutual,rank_centrality_graph,graph,8fad88b5678bfecab78d0d6389f649ccfb310d22,0.3378624949709328,0.3378624949709328,0.0
scidocs,ms1_drop_mutual,markov_hybrid,hybrid,8fad88b5678bfecab78d0d6389f649ccfb310d22,0.35438919069682395,0.35438919069682395,0.0
scidocs,ms1_drop_mutual,bradley_terry_graph,graph,8fad88b5678bfecab78d0d6389f649ccfb310d22,0.3330217774820213,0.3330217774820213,0.0
scidocs,ms1_drop_mutual,pagerank_graph,graph,e48e9cf407af2694ecfefd441c2c28faffdf0835,0.6743433043078849,0.6743433043078849,0.0
scidocs,ms1_drop_mutual,rank_centrality_graph,graph,e48e9cf407af2694ecfefd441c2c28faffdf0835,0.678294684588588,0.678294684588588,0.0
scidocs,ms1_drop_mutual,markov_hybrid,hybrid,e48e9cf407af2694ecfefd441c2c28faffdf0835,0.7100281367210132,0.7100281367210132,0.0
scidocs,ms1_drop_mutual,bradley_terry_graph,graph,e48e9cf407af2694ecfefd441c2c28faffdf0835,0.6743433043078849,0.6743433043078849,0.0
scidocs,ms1_drop_mutual,pagerank_graph,graph,065985d4d0854c51f52ad7a7507b267d9b88ab1c,0.3242796274504579,0.3242796274504579,0.0
scidocs,ms1_drop_mutual,rank_centrality_graph,graph,065985d4d0854c51f52ad7a7507b267d9b88ab1c,0.3316160374459783,0.3316160374459783,0.0
scidocs,ms1_drop_mutual,markov_hybrid,hybrid,065985d4d0854c51f52ad7a7507b267d9b88ab1c,0.3514227382548962,0.3514227382548962,0.0
scidocs,ms1_drop_mutual,bradley_terry_graph,graph,065985d4d0854c51f52ad7a7507b267d9b88ab1c,0.334582489887906,0.334582489887906,0.0
scidocs,ms1_drop_mutual,pagerank_graph,graph,44a56dc083e3e2b07f11aae29c1ee560f46efa4a,0.38074983612905977,0.38074983612905977,0.0
scidocs,ms1_drop_mutual,rank_centrality_graph,graph,44a56dc083e3e2b07f11aae29c1ee560f46efa4a,0.3731036851535861,0.3731036851535861,0.0
scidocs,ms1_drop_mutual,markov_hybrid,hybrid,44a56dc083e3e2b07f11aae29c1ee560f46efa4a,0.4960848182991434,0.4960848182991434,0.0
scidocs,ms1_drop_mutual,bradley_terry_graph,graph,44a56dc083e3e2b07f11aae29c1ee560f46efa4a,0.36938020758426876,0.36938020758426876,0.0
scidocs,ms1_drop_mutual,pagerank_graph,graph,3b198869df03d98b81c0c882753845a3bca36c63,0.5,0.5,0.0
scidocs,ms1_drop_mutual,rank_centrality_graph,graph,3b198869df03d98b81c0c882753845a3bca36c63,0.5,0.5,0.0
scidocs,ms1_drop_mutual,markov_hybrid,hybrid,3b198869df03d98b81c0c882753845a3bca36c63,0.6309297535714575,0.6309297535714575,0.0
scidocs,ms1_drop_mutual,bradley_terry_graph,graph,3b198869df03d98b81c0c882753845a3bca36c63,0.5,0.5,0.0
scidocs,ms1_drop_mutual,pagerank_graph,graph,9a7e12ef462e779263ee3f2dd415d2d21233f15d,0.6309297535714575,0.6309297535714575,0.0
scidocs,ms1_drop_mutual,rank_centrality_graph,graph,9a7e12ef462e779263ee3f2dd415d2d21233f15d,0.6309297535714575,0.6309297535714575,0.0
scidocs,ms1_drop_mutual,markov_hybrid,hybrid,9a7e12ef462e779263ee3f2dd415d2d21233f15d,0.6309297535714575,0.6309297535714575,0.0
scidocs,ms1_drop_mutual,bradley_terry_graph,graph,9a7e12ef462e779263ee3f2dd415d2d21233f15d,0.6309297535714575,0.6309297535714575,0.0
scidocs,ms1_drop_mutual,pagerank_graph,graph,76dac031066a95715a3b116eb2094ec9bdd15171,0.0,0.0,0.0
scidocs,ms1_drop_mutual,rank_centrality_graph,graph,76dac031066a95715a3b116eb2094ec9bdd15171,0.0,0.0,0.0
scidocs,ms1_drop_mutual,markov_hybrid,hybrid,76dac031066a95715a3b116eb2094ec9bdd15171,0.0,0.0,0.0
scidocs,ms1_drop_mutual,bradley_terry_graph,graph,76dac031066a95715a3b116eb2094ec9bdd15171,0.0,0.0,0.0
scidocs,ms1_drop_mutual,pagerank_graph,graph,26ebc1b9e21db68d5abf01acd2a0c38d260c65a1,0.25,0.25,0.0
scidocs,ms1_drop_mutual,rank_centrality_graph,graph,26ebc1b9e21db68d5abf01acd2a0c38d260c65a1,0.26264953503719357,0.26264953503719357,0.0
scidocs,ms1_drop_mutual,markov_hybrid,hybrid,26ebc1b9e21db68d5abf01acd2a0c38d260c65a1,0.25,0.25,0.0
scidocs,ms1_drop_mutual,bradley_terry_graph,graph,26ebc1b9e21db68d5abf01acd2a0c38d260c65a1,0.23540891336663824,0.23540891336663824,0.0
scidocs,ms1_drop_mutual,pagerank_graph,graph,a1be02429ab4ec852656f8833c3160f4592cc547,0.5,0.5,0.0
scidocs,ms1_drop_mutual,rank_centrality_graph,graph,a1be02429ab4ec852656f8833c3160f4592cc547,0.3562071871080222,0.3562071871080222,0.0
scidocs,ms1_drop_mutual,markov_hybrid,hybrid,a1be02429ab4ec852656f8833c3160f4592cc547,1.0,1.0,0.0
scidocs,ms1_drop_mutual,bradley_terry_graph,graph,a1be02429ab4ec852656f8833c3160f4592cc547,0.5,0.5,0.0
scidocs,ms1_drop_mutual,pagerank_graph,graph,a1f5c39aece58f6504e0334d96eaede32c7329cf,0.37169423500952875,0.37169423500952875,0.0
scidocs,ms1_drop_mutual,rank_centrality_graph,graph,a1f5c39aece58f6504e0334d96eaede32c7329cf,0.3904845109606608,0.3904845109606608,0.0
scidocs,ms1_drop_mutual,markov_hybrid,hybrid,a1f5c39aece58f6504e0334d96eaede32c7329cf,0.5,0.5,0.0
scidocs,ms1_drop_mutual,bradley_terry_graph,graph,a1f5c39aece58f6504e0334d96eaede32c7329cf,0.3467132018086354,0.3467132018086354,0.0
scidocs,ms1_drop_mutual,pagerank_graph,graph,8ff6581f94c366e34c6f2d55806f7781194c33c8,0.38685280723454163,0.38685280723454163,0.0
scidocs,ms1_drop_mutual,rank_centrality_graph,graph,8ff6581f94c366e34c6f2d55806f7781194c33c8,0.5,0.5,0.0
scidocs,ms1_drop_mutual,markov_hybrid,hybrid,8ff6581f94c366e34c6f2d55806f7781194c33c8,0.43067655807339306,0.43067655807339306,0.0
scidocs,ms1_drop_mutual,bradley_terry_graph,graph,8ff6581f94c366e34c6f2d55806f7781194c33c8,0.38685280723454163,0.38685280723454163,0.0
scidocs,ms1_drop_mutual,pagerank_graph,graph,fd65ca4e3ae95302f74bf863988cdb95d6a12824,0.38685280723454163,0.38685280723454163,0.0
scidocs,ms1_drop_mutual,rank_centrality_graph,graph,fd65ca4e3ae95302f74bf863988cdb95d6a12824,0.5,0.5,0.0
scidocs,ms1_drop_mutual,markov_hybrid,hybrid,fd65ca4e3ae95302f74bf863988cdb95d6a12824,0.5,0.5,0.0
scidocs,ms1_drop_mutual,bradley_terry_graph,graph,fd65ca4e3ae95302f74bf863988cdb95d6a12824,0.5,0.5,0.0
scidocs,ms1_drop_mutual,pagerank_graph,graph,3565d884735ead613a5aa0903f06a2cc86d05b6b,1.0,1.0,0.0
scidocs,ms1_drop_mutual,rank_centrality_graph,graph,3565d884735ead613a5aa0903f06a2cc86d05b6b,1.0,1.0,0.0
scidocs,ms1_drop_mutual,markov_hybrid,hybrid,3565d884735ead613a5aa0903f06a2cc86d05b6b,1.0,1.0,0.0
scidocs,ms1_drop_mutual,bradley_terry_graph,graph,3565d884735ead613a5aa0903f06a2cc86d05b6b,1.0,1.0,0.0
scidocs,ms1_drop_mutual,pagerank_graph,graph,c2e57b2871fdfd06566820c5329815ac06f66197,0.0,0.0,0.0
scidocs,ms1_drop_mutual,rank_centrality_graph,graph,c2e57b2871fdfd06566820c5329815ac06f66197,0.0,0.0,0.0
scidocs,ms1_drop_mutual,markov_hybrid,hybrid,c2e57b2871fdfd06566820c5329815ac06f66197,0.0,0.0,0.0
scidocs,ms1_drop_mutual,bradley_terry_graph,graph,c2e57b2871fdfd06566820c5329815ac06f66197,0.0,0.0,0.0
scidocs,ms1_drop_mutual,pagerank_graph,graph,59e2037f5079794cb9128c7f0900a568ced14c2a,0.4423820225658842,0.4423820225658842,0.0
scidocs,ms1_drop_mutual,rank_centrality_graph,graph,59e2037f5079794cb9128c7f0900a568ced14c2a,0.4470635275017145,0.4470635275017145,0.0
scidocs,ms1_drop_mutual,markov_hybrid,hybrid,59e2037f5079794cb9128c7f0900a568ced14c2a,0.4414600035636788,0.4414600035636788,0.0
scidocs,ms1_drop_mutual,bradley_terry_graph,graph,59e2037f5079794cb9128c7f0900a568ced14c2a,0.4423820225658842,0.4423820225658842,0.0
scidocs,ms1_drop_mutual,pagerank_graph,graph,3f95e155b1c40911149fe994197a502ef44ebbbe,0.3562071871080222,0.3562071871080222,0.0
scidocs,ms1_drop_mutual,rank_centrality_graph,graph,3f95e155b1c40911149fe994197a502ef44ebbbe,0.3562071871080222,0.3562071871080222,0.0
scidocs,ms1_drop_mutual,markov_hybrid,hybrid,3f95e155b1c40911149fe994197a502ef44ebbbe,0.43067655807339306,0.43067655807339306,0.0
scidocs,ms1_drop_mutual,bradley_terry_graph,graph,3f95e155b1c40911149fe994197a502ef44ebbbe,0.3562071871080222,0.3562071871080222,0.0
scidocs,ms1_drop_mutual,pagerank_graph,graph,0674058618d04def58c79a0b28174301ef591433,0.39824053785850433,0.39824053785850433,0.0
scidocs,ms1_drop_mutual,rank_centrality_graph,graph,0674058618d04def58c79a0b28174301ef591433,0.37169423500952875,0.37169423500952875,0.0
scidocs,ms1_drop_mutual,markov_hybrid,hybrid,0674058618d04def58c79a0b28174301ef591433,0.48381288316677695,0.48381288316677695,0.0
scidocs,ms1_drop_mutual,bradley_terry_graph,graph,0674058618d04def58c79a0b28174301ef591433,0.3794502619073723,0.3794502619073723,0.0
scidocs,ms1_drop_mutual,pagerank_graph,graph,23a7c8d9f142184d28e56b0751e172fef6539275,0.34561852186877634,0.34561852186877634,0.0
scidocs,ms1_drop_mutual,rank_centrality_graph,graph,23a7c8d9f142184d28e56b0751e172fef6539275,0.33052608497541236,0.33052608497541236,0.0
scidocs,ms1_drop_mutual,markov_hybrid,hybrid,23a7c8d9f142184d28e56b0751e172fef6539275,0.3267385908544377,0.3267385908544377,0.0
scidocs,ms1_drop_mutual,bradley_terry_graph,graph,23a7c8d9f142184d28e56b0751e172fef6539275,0.3556087808472863,0.3556087808472863,0.0
scidocs,ms1_drop_mutual,pagerank_graph,graph,ee6b940d3ae36f9b124586b15a49cec45f24b90a,0.575781254727535,0.575781254727535,0.0
scidocs,ms1_drop_mutual,rank_centrality_graph,graph,ee6b940d3ae36f9b124586b15a49cec45f24b90a,0.571823239033101,0.571823239033101,0.0
scidocs,ms1_drop_mutual,markov_hybrid,hybrid,ee6b940d3ae36f9b124586b15a49cec45f24b90a,0.5650470417689183,0.5650470417689183,0.0
scidocs,ms1_drop_mutual,bradley_terry_graph,graph,ee6b940d3ae36f9b124586b15a49cec45f24b90a,0.5650470417689183,0.5650470417689183,0.0
scidocs,ms1_drop_mutual,pagerank_graph,graph,2bd338ef8751b62d23e53fbb44d67042d634da2f,0.0,0.0,0.0
scidocs,ms1_drop_mutual,rank_centrality_graph,graph,2bd338ef8751b62d23e53fbb44d67042d634da2f,0.0,0.0,0.0
scidocs,ms1_drop_mutual,markov_hybrid,hybrid,2bd338ef8751b62d23e53fbb44d67042d634da2f,0.0,0.0,0.0
scidocs,ms1_drop_mutual,bradley_terry_graph,graph,2bd338ef8751b62d23e53fbb44d67042d634da2f,0.0,0.0,0.0
scidocs,ms1_drop_mutual,pagerank_graph,graph,ddbb6e0913ac127004be73e2d4097513a8f02d37,0.0,0.0,0.0
scidocs,ms1_drop_mutual,rank_centrality_graph,graph,ddbb6e0913ac127004be73e2d4097513a8f02d37,0.0,0.0,0.0
scidocs,ms1_drop_mutual,markov_hybrid,hybrid,ddbb6e0913ac127004be73e2d4097513a8f02d37,0.0,0.0,0.0
scidocs,ms1_drop_mutual,bradley_terry_graph,graph,ddbb6e0913ac127004be73e2d4097513a8f02d37,0.0,0.0,0.0
scidocs,ms1_drop_mutual,pagerank_graph,graph,d6b56cc6e05300426b6194dd3f6a38720678827e,0.3900840631017692,0.3900840631017692,0.0
scidocs,ms1_drop_mutual,rank_centrality_graph,graph,d6b56cc6e05300426b6194dd3f6a38720678827e,0.38058672777506475,0.38058672777506475,0.0
scidocs,ms1_drop_mutual,markov_hybrid,hybrid,d6b56cc6e05300426b6194dd3f6a38720678827e,0.46069400086606566,0.46069400086606566,0.0
scidocs,ms1_drop_mutual,bradley_terry_graph,graph,d6b56cc6e05300426b6194dd3f6a38720678827e,0.400818276060386,0.400818276060386,0.0
scidocs,ms1_drop_mutual,pagerank_graph,graph,df39e24c3cc21dc4c79995ec2b424a37dac999c7,1.0,1.0,0.0
scidocs,ms1_drop_mutual,rank_centrality_graph,graph,df39e24c3cc21dc4c79995ec2b424a37dac999c7,1.0,1.0,0.0
scidocs,ms1_drop_mutual,markov_hybrid,hybrid,df39e24c3cc21dc4c79995ec2b424a37dac999c7,1.0,1.0,0.0
scidocs,ms1_drop_mutual,bradley_terry_graph,graph,df39e24c3cc21dc4c79995ec2b424a37dac999c7,1.0,1.0,0.0
scidocs,ms1_drop_mutual,pagerank_graph,graph,74bd4761b373447079c6e5cd31832c00fab2fa77,0.0,0.0,0.0
scidocs,ms1_drop_mutual,rank_centrality_graph,graph,74bd4761b373447079c6e5cd31832c00fab2fa77,0.0,0.0,0.0
scidocs,ms1_drop_mutual,markov_hybrid,hybrid,74bd4761b373447079c6e5cd31832c00fab2fa77,0.0,0.0,0.0
scidocs,ms1_drop_mutual,bradley_terry_graph,graph,74bd4761b373447079c6e5cd31832c00fab2fa77,0.0,0.0,0.0
scidocs,ms1_drop_mutual,pagerank_graph,graph,ddbf21ca1de9617894b15d45787a27557f02a494,0.27894294565112987,0.27894294565112987,0.0
scidocs,ms1_drop_mutual,rank_centrality_graph,graph,ddbf21ca1de9617894b15d45787a27557f02a494,0.31546487678572877,0.31546487678572877,0.0
scidocs,ms1_drop_mutual,markov_hybrid,hybrid,ddbf21ca1de9617894b15d45787a27557f02a494,0.31546487678572877,0.31546487678572877,0.0
scidocs,ms1_drop_mutual,bradley_terry_graph,graph,ddbf21ca1de9617894b15d45787a27557f02a494,0.2890648263178879,0.2890648263178879,0.0
scidocs,ms1_drop_mutual,pagerank_graph,graph,f754cab548f2c209ea7d932084ef768b92b27614,0.5435875137737161,0.5435875137737161,0.0
scidocs,ms1_drop_mutual,rank_centrality_graph,graph,f754cab548f2c209ea7d932084ef768b92b27614,0.5103806910786141,0.5103806910786141,0.0
scidocs,ms1_drop_mutual,markov_hybrid,hybrid,f754cab548f2c209ea7d932084ef768b92b27614,0.6045093387918965,0.6045093387918965,0.0
scidocs,ms1_drop_mutual,bradley_terry_graph,graph,f754cab548f2c209ea7d932084ef768b92b27614,0.5230219598105211,0.5230219598105211,0.0
scidocs,ms1_drop_mutual,pagerank_graph,graph,373f76633cc1f6c7a421e31c989842021a52fca4,0.0,0.0,0.0
scidocs,ms1_drop_mutual,rank_centrality_graph,graph,373f76633cc1f6c7a421e31c989842021a52fca4,0.0,0.0,0.0
scidocs,ms1_drop_mutual,markov_hybrid,hybrid,373f76633cc1f6c7a421e31c989842021a52fca4,0.0,0.0,0.0
scidocs,ms1_drop_mutual,bradley_terry_graph,graph,373f76633cc1f6c7a421e31c989842021a52fca4,0.0,0.0,0.0
scidocs,ms1_drop_mutual,pagerank_graph,graph,01d208b33561362f7714f714d3bc4a1f7aa1637c,0.0,0.0,0.0
scidocs,ms1_drop_mutual,rank_centrality_graph,graph,01d208b33561362f7714f714d3bc4a1f7aa1637c,0.0,0.0,0.0
scidocs,ms1_drop_mutual,markov_hybrid,hybrid,01d208b33561362f7714f714d3bc4a1f7aa1637c,0.0,0.0,0.0
scidocs,ms1_drop_mutual,bradley_terry_graph,graph,01d208b33561362f7714f714d3bc4a1f7aa1637c,0.0,0.0,0.0
scidocs,ms1_drop_mutual,pagerank_graph,graph,f365ce3e68cb3795887e93baf5fed5d783b3904e,0.7741900178546666,0.7741900178546666,0.0
scidocs,ms1_drop_mutual,rank_centrality_graph,graph,f365ce3e68cb3795887e93baf5fed5d783b3904e,0.7841802768331765,0.7841802768331765,0.0
scidocs,ms1_drop_mutual,markov_hybrid,hybrid,f365ce3e68cb3795887e93baf5fed5d783b3904e,0.5,0.5,0.0
scidocs,ms1_drop_mutual,bradley_terry_graph,graph,f365ce3e68cb3795887e93baf5fed5d783b3904e,0.7741900178546666,0.7741900178546666,0.0
scidocs,ms1_drop_mutual,pagerank_graph,graph,28e0707528f78fecb26fe7f003d94f6a5de32b98,0.3010299956639812,0.3010299956639812,0.0
scidocs,ms1_drop_mutual,rank_centrality_graph,graph,28e0707528f78fecb26fe7f003d94f6a5de32b98,0.27894294565112987,0.27894294565112987,0.0
scidocs,ms1_drop_mutual,markov_hybrid,hybrid,28e0707528f78fecb26fe7f003d94f6a5de32b98,0.3333333333333333,0.3333333333333333,0.0
scidocs,ms1_drop_mutual,bradley_terry_graph,graph,28e0707528f78fecb26fe7f003d94f6a5de32b98,0.3010299956639812,0.3010299956639812,0.0
scidocs,ms1_drop_mutual,pagerank_graph,graph,fa8042d025895e22af2d9df3ffb9f67438610fcc,0.44781863139476263,0.44781863139476263,0.0
scidocs,ms1_drop_mutual,rank_centrality_graph,graph,fa8042d025895e22af2d9df3ffb9f67438610fcc,0.4251186302551126,0.4251186302551126,0.0
scidocs,ms1_drop_mutual,markov_hybrid,hybrid,fa8042d025895e22af2d9df3ffb9f67438610fcc,0.6797310500037655,0.6797310500037655,0.0
scidocs,ms1_drop_mutual,bradley_terry_graph,graph,fa8042d025895e22af2d9df3ffb9f67438610fcc,0.43954268380428796,0.43954268380428796,0.0
scidocs,ms1_drop_mutual,pagerank_graph,graph,ae2b67d03512dd0f13a68636d1d7f83cc889318a,0.25,0.25,0.0
scidocs,ms1_drop_mutual,rank_centrality_graph,graph,ae2b67d03512dd0f13a68636d1d7f83cc889318a,0.23981246656813146,0.23981246656813146,0.0
scidocs,ms1_drop_mutual,markov_hybrid,hybrid,ae2b67d03512dd0f13a68636d1d7f83cc889318a,0.2559580248098155,0.2559580248098155,0.0
scidocs,ms1_drop_mutual,bradley_terry_graph,graph,ae2b67d03512dd0f13a68636d1d7f83cc889318a,0.2559580248098155,0.2559580248098155,0.0
scidocs,ms1_drop_mutual,pagerank_graph,graph,b8397b4418bb1d576210d9a39d44725d6ffb2a44,0.0,0.0,0.0
scidocs,ms1_drop_mutual,rank_centrality_graph,graph,b8397b4418bb1d576210d9a39d44725d6ffb2a44,0.0,0.0,0.0
scidocs,ms1_drop_mutual,markov_hybrid,hybrid,b8397b4418bb1d576210d9a39d44725d6ffb2a44,0.0,0.0,0.0
scidocs,ms1_drop_mutual,bradley_terry_graph,graph,b8397b4418bb1d576210d9a39d44725d6ffb2a44,0.0,0.0,0.0
scidocs,ms1_drop_mutual,pagerank_graph,graph,ebf4ef0701e6f6c2050e5bed0be54fd4d8a1d991,0.0,0.0,0.0
scidocs,ms1_drop_mutual,rank_centrality_graph,graph,ebf4ef0701e6f6c2050e5bed0be54fd4d8a1d991,0.0,0.0,0.0
scidocs,ms1_drop_mutual,markov_hybrid,hybrid,ebf4ef0701e6f6c2050e5bed0be54fd4d8a1d991,0.0,0.0,0.0
scidocs,ms1_drop_mutual,bradley_terry_graph,graph,ebf4ef0701e6f6c2050e5bed0be54fd4d8a1d991,0.0,0.0,0.0
scidocs,ms1_drop_mutual,pagerank_graph,graph,af441a4f1b754ad9b3a4401e8361ad9b66786778,0.8245905193870853,0.8245905193870853,0.0
scidocs,ms1_drop_mutual,rank_centrality_graph,graph,af441a4f1b754ad9b3a4401e8361ad9b66786778,0.8176150304267497,0.8176150304267497,0.0
scidocs,ms1_drop_mutual,markov_hybrid,hybrid,af441a4f1b754ad9b3a4401e8361ad9b66786778,0.7714472580717429,0.7714472580717429,0.0
scidocs,ms1_drop_mutual,bradley_terry_graph,graph,af441a4f1b754ad9b3a4401e8361ad9b66786778,0.7975280306621519,0.7975280306621519,0.0
scidocs,ms1_drop_mutual,pagerank_graph,graph,8bb3a478db8951f42198a885d7245d58036ba55c,0.0,0.0,0.0
scidocs,ms1_drop_mutual,rank_centrality_graph,graph,8bb3a478db8951f42198a885d7245d58036ba55c,0.0,0.0,0.0
scidocs,ms1_drop_mutual,markov_hybrid,hybrid,8bb3a478db8951f42198a885d7245d58036ba55c,0.0,0.0,0.0
scidocs,ms1_drop_mutual,bradley_terry_graph,graph,8bb3a478db8951f42198a885d7245d58036ba55c,0.0,0.0,0.0
scidocs,ms1_drop_mutual,pagerank_graph,graph,9e76a700f03ef476b964b27e23c071163e44c232,0.6747074954090342,0.6747074954090342,0.0
scidocs,ms1_drop_mutual,rank_centrality_graph,graph,9e76a700f03ef476b964b27e23c071163e44c232,0.6732446972893747,0.6732446972893747,0.0
scidocs,ms1_drop_mutual,markov_hybrid,hybrid,9e76a700f03ef476b964b27e23c071163e44c232,0.8233931887422242,0.8233931887422242,0.0
scidocs,ms1_drop_mutual,bradley_terry_graph,graph,9e76a700f03ef476b964b27e23c071163e44c232,0.6747074954090342,0.6747074954090342,0.0
scidocs,ms1_drop_mutual,pagerank_graph,graph,43da9037d50745002195abb864243ecc75d4b040,0.0,0.0,0.0
scidocs,ms1_drop_mutual,rank_centrality_graph,graph,43da9037d50745002195abb864243ecc75d4b040,0.0,0.0,0.0
scidocs,ms1_drop_mutual,markov_hybrid,hybrid,43da9037d50745002195abb864243ecc75d4b040,0.0,0.0,0.0
scidocs,ms1_drop_mutual,bradley_terry_graph,graph,43da9037d50745002195abb864243ecc75d4b040,0.0,0.0,0.0
scidocs,ms1_drop_mutual,pagerank_graph,graph,b21951a276dd940e052676b06e193f65fdc297f9,0.0,0.0,0.0
scidocs,ms1_drop_mutual,rank_centrality_graph,graph,b21951a276dd940e052676b06e193f65fdc297f9,0.0,0.0,0.0
scidocs,ms1_drop_mutual,markov_hybrid,hybrid,b21951a276dd940e052676b06e193f65fdc297f9,0.0,0.0,0.0
scidocs,ms1_drop_mutual,bradley_terry_graph,graph,b21951a276dd940e052676b06e193f65fdc297f9,0.0,0.0,0.0
scidocs,ms1_drop_mutual,pagerank_graph,graph,b9d502d98e3bb19f8179a4363e3f28c6b6def7a8,0.0,0.0,0.0
scidocs,ms1_drop_mutual,rank_centrality_graph,graph,b9d502d98e3bb19f8179a4363e3f28c6b6def7a8,0.0,0.0,0.0
scidocs,ms1_drop_mutual,markov_hybrid,hybrid,b9d502d98e3bb19f8179a4363e3f28c6b6def7a8,0.0,0.0,0.0
scidocs,ms1_drop_mutual,bradley_terry_graph,graph,b9d502d98e3bb19f8179a4363e3f28c6b6def7a8,0.0,0.0,0.0
scidocs,ms1_drop_mutual,pagerank_graph,graph,399acab2bee6eccbfffe4a2ce688b6b1075e9c5e,0.0,0.0,0.0
scidocs,ms1_drop_mutual,rank_centrality_graph,graph,399acab2bee6eccbfffe4a2ce688b6b1075e9c5e,0.0,0.0,0.0
scidocs,ms1_drop_mutual,markov_hybrid,hybrid,399acab2bee6eccbfffe4a2ce688b6b1075e9c5e,0.0,0.0,0.0
scidocs,ms1_drop_mutual,bradley_terry_graph,graph,399acab2bee6eccbfffe4a2ce688b6b1075e9c5e,0.0,0.0,0.0
scidocs,ms1_drop_mutual,pagerank_graph,graph,4649e3279edf653135f1f31da3e242ba451a93de,0.0,0.0,0.0
scidocs,ms1_drop_mutual,rank_centrality_graph,graph,4649e3279edf653135f1f31da3e242ba451a93de,0.0,0.0,0.0
scidocs,ms1_drop_mutual,markov_hybrid,hybrid,4649e3279edf653135f1f31da3e242ba451a93de,0.0,0.0,0.0
scidocs,ms1_drop_mutual,bradley_terry_graph,graph,4649e3279edf653135f1f31da3e242ba451a93de,0.0,0.0,0.0
scidocs,ms1_drop_mutual,pagerank_graph,graph,4ab6e67519411dbdb69c6111a3b8d5f334ebb579,0.3333333333333333,0.3333333333333333,0.0
scidocs,ms1_drop_mutual,rank_centrality_graph,graph,4ab6e67519411dbdb69c6111a3b8d5f334ebb579,0.3333333333333333,0.3333333333333333,0.0
scidocs,ms1_drop_mutual,markov_hybrid,hybrid,4ab6e67519411dbdb69c6111a3b8d5f334ebb579,0.3562071871080222,0.3562071871080222,0.0
scidocs,ms1_drop_mutual,bradley_terry_graph,graph,4ab6e67519411dbdb69c6111a3b8d5f334ebb579,0.3333333333333333,0.3333333333333333,0.0
scidocs,ms1_drop_mutual,pagerank_graph,graph,924544f503070bb390cc51e4bac9cbb3171aa03f,0.2559580248098155,0.2559580248098155,0.0
scidocs,ms1_drop_mutual,rank_centrality_graph,graph,924544f503070bb390cc51e4bac9cbb3171aa03f,0.26264953503719357,0.26264953503719357,0.0
scidocs,ms1_drop_mutual,markov_hybrid,hybrid,924544f503070bb390cc51e4bac9cbb3171aa03f,0.25,0.25,0.0
scidocs,ms1_drop_mutual,bradley_terry_graph,graph,924544f503070bb390cc51e4bac9cbb3171aa03f,0.26264953503719357,0.26264953503719357,0.0
scidocs,ms1_drop_mutual,pagerank_graph,graph,d2e6250e95af09fefbe638f1580420476a2ecaee,0.0,0.0,0.0
scidocs,ms1_drop_mutual,rank_centrality_graph,graph,d2e6250e95af09fefbe638f1580420476a2ecaee,0.0,0.0,0.0
scidocs,ms1_drop_mutual,markov_hybrid,hybrid,d2e6250e95af09fefbe638f1580420476a2ecaee,0.0,0.0,0.0
scidocs,ms1_drop_mutual,bradley_terry_graph,graph,d2e6250e95af09fefbe638f1580420476a2ecaee,0.0,0.0,0.0
scidocs,ms1_drop_mutual,pagerank_graph,graph,79e13ff4a21f13d3839422568274ea84a9fe42b5,0.3010299956639812,0.3010299956639812,0.0
scidocs,ms1_drop_mutual,rank_centrality_graph,graph,79e13ff4a21f13d3839422568274ea84a9fe42b5,0.3333333333333333,0.3333333333333333,0.0
scidocs,ms1_drop_mutual,markov_hybrid,hybrid,79e13ff4a21f13d3839422568274ea84a9fe42b5,0.227670248696953,0.227670248696953,0.0
scidocs,ms1_drop_mutual,bradley_terry_graph,graph,79e13ff4a21f13d3839422568274ea84a9fe42b5,0.31546487678572877,0.31546487678572877,0.0
fiqa,ms2,pagerank_graph,graph,0,0.0,0.0,0.0
fiqa,ms2,rank_centrality_graph,graph,0,0.0,0.0,0.0
fiqa,ms2,markov_hybrid,hybrid,0,0.0,0.0,0.0
fiqa,ms2,bradley_terry_graph,graph,0,0.0,0.0,0.0
fiqa,ms2,pagerank_graph,graph,4,0.25,0.25,0.0
fiqa,ms2,rank_centrality_graph,graph,4,0.227670248696953,0.227670248696953,0.0
fiqa,ms2,markov_hybrid,hybrid,4,0.27023815442731974,0.27023815442731974,0.0
fiqa,ms2,bradley_terry_graph,graph,4,0.25,0.25,0.0
fiqa,ms2,pagerank_graph,graph,5,0.0,0.0,0.0
fiqa,ms2,rank_centrality_graph,graph,5,0.0,0.0,0.0
fiqa,ms2,markov_hybrid,hybrid,5,0.0,0.0,0.0
fiqa,ms2,bradley_terry_graph,graph,5,0.0,0.0,0.0
fiqa,ms2,pagerank_graph,graph,6,0.5726073975563163,0.5726073975563163,0.0
fiqa,ms2,rank_centrality_graph,graph,6,0.567648699680123,0.567648699680123,0.0
fiqa,ms2,markov_hybrid,hybrid,6,0.5600025487046494,0.5600025487046494,0.0
fiqa,ms2,bradley_terry_graph,graph,6,0.558226059985166,0.558226059985166,0.0
fiqa,ms2,pagerank_graph,graph,7,0.0,0.0,0.0
fiqa,ms2,rank_centrality_graph,graph,7,0.0,0.0,0.0
fiqa,ms2,markov_hybrid,hybrid,7,0.0,0.0,0.0
fiqa,ms2,bradley_terry_graph,graph,7,0.0,0.0,0.0
fiqa,ms2,pagerank_graph,graph,9,0.0,0.0,0.0
fiqa,ms2,rank_centrality_graph,graph,9,0.0,0.0,0.0
fiqa,ms2,markov_hybrid,hybrid,9,0.0,0.0,0.0
fiqa,ms2,bradley_terry_graph,graph,9,0.0,0.0,0.0
fiqa,ms2,pagerank_graph,graph,11,0.0,0.0,0.0
fiqa,ms2,rank_centrality_graph,graph,11,0.0,0.0,0.0
fiqa,ms2,markov_hybrid,hybrid,11,0.0,0.0,0.0
fiqa,ms2,bradley_terry_graph,graph,11,0.0,0.0,0.0
fiqa,ms2,pagerank_graph,graph,12,0.31003608014795075,0.31003608014795075,0.0
fiqa,ms2,rank_centrality_graph,graph,12,0.45749452618986164,0.45749452618986164,0.0
fiqa,ms2,markov_hybrid,hybrid,12,0.5368596003428795,0.5368596003428795,0.0
fiqa,ms2,bradley_terry_graph,graph,12,0.3591221693825003,0.3591221693825003,0.0
fiqa,ms2,pagerank_graph,graph,13,0.3333333333333333,0.3333333333333333,0.0
fiqa,ms2,rank_centrality_graph,graph,13,0.23981246656813146,0.23981246656813146,0.0
fiqa,ms2,markov_hybrid,hybrid,13,0.3333333333333333,0.3333333333333333,0.0
fiqa,ms2,bradley_terry_graph,graph,13,0.3010299956639812,0.3010299956639812,0.0
fiqa,ms2,pagerank_graph,graph,14,1.0,1.0,0.0
fiqa,ms2,rank_centrality_graph,graph,14,1.0,1.0,0.0
fiqa,ms2,markov_hybrid,hybrid,14,1.0,1.0,0.0
fiqa,ms2,bradley_terry_graph,graph,14,1.0,1.0,0.0
fiqa,ms2,pagerank_graph,graph,16,0.0,0.0,0.0
fiqa,ms2,rank_centrality_graph,graph,16,0.0,0.0,0.0
fiqa,ms2,markov_hybrid,hybrid,16,0.0,0.0,0.0
fiqa,ms2,bradley_terry_graph,graph,16,0.0,0.0,0.0
fiqa,ms2,pagerank_graph,graph,19,0.0,0.0,0.0
fiqa,ms2,rank_centrality_graph,graph,19,0.0,0.0,0.0
fiqa,ms2,markov_hybrid,hybrid,19,0.0,0.0,0.0
fiqa,ms2,bradley_terry_graph,graph,19,0.0,0.0,0.0
fiqa,ms2,pagerank_graph,graph,20,0.31546487678572877,0.31546487678572877,0.0
fiqa,ms2,rank_centrality_graph,graph,20,0.3010299956639812,0.3010299956639812,0.0
fiqa,ms2,markov_hybrid,hybrid,20,0.3333333333333333,0.3333333333333333,0.0
fiqa,ms2,bradley_terry_graph,graph,20,0.3010299956639812,0.3010299956639812,0.0
fiqa,ms2,pagerank_graph,graph,21,0.0,0.0,0.0
fiqa,ms2,rank_centrality_graph,graph,21,0.0,0.0,0.0
fiqa,ms2,markov_hybrid,hybrid,21,0.0,0.0,0.0
fiqa,ms2,bradley_terry_graph,graph,21,0.0,0.0,0.0
fiqa,ms2,pagerank_graph,graph,23,0.0,0.0,0.0
fiqa,ms2,rank_centrality_graph,graph,23,0.0,0.0,0.0
fiqa,ms2,markov_hybrid,hybrid,23,0.0,0.0,0.0
fiqa,ms2,bradley_terry_graph,graph,23,0.0,0.0,0.0
fiqa,ms2,pagerank_graph,graph,25,0.3010299956639812,0.3010299956639812,0.0
fiqa,ms2,rank_centrality_graph,graph,25,0.26264953503719357,0.26264953503719357,0.0
fiqa,ms2,markov_hybrid,hybrid,25,0.26264953503719357,0.26264953503719357,0.0
fiqa,ms2,bradley_terry_graph,graph,25,0.2890648263178879,0.2890648263178879,0.0
fiqa,ms2,pagerank_graph,graph,27,0.0,0.0,0.0
fiqa,ms2,rank_centrality_graph,graph,27,0.0,0.0,0.0
fiqa,ms2,markov_hybrid,hybrid,27,0.0,0.0,0.0
fiqa,ms2,bradley_terry_graph,graph,27,0.0,0.0,0.0
fiqa,ms2,pagerank_graph,graph,28,0.0,0.0,0.0
fiqa,ms2,rank_centrality_graph,graph,28,0.0,0.0,0.0
fiqa,ms2,markov_hybrid,hybrid,28,0.0,0.0,0.0
fiqa,ms2,bradley_terry_graph,graph,28,0.0,0.0,0.0
fiqa,ms2,pagerank_graph,graph,30,0.40366349643734134,0.40366349643734134,0.0
fiqa,ms2,rank_centrality_graph,graph,30,0.4227898344066503,0.4227898344066503,0.0
fiqa,ms2,markov_hybrid,hybrid,30,0.7700871371433883,0.7700871371433883,0.0
fiqa,ms2,bradley_terry_graph,graph,30,0.37169423500952875,0.37169423500952875,0.0
fiqa,ms2,pagerank_graph,graph,31,0.0,0.0,0.0
fiqa,ms2,rank_centrality_graph,graph,31,0.0,0.0,0.0
fiqa,ms2,markov_hybrid,hybrid,31,0.0,0.0,0.0
fiqa,ms2,bradley_terry_graph,graph,31,0.0,0.0,0.0
fiqa,ms2,pagerank_graph,graph,32,0.41183384043543503,0.41183384043543503,0.0
fiqa,ms2,rank_centrality_graph,graph,32,0.29704713377474795,0.29704713377474795,0.0
fiqa,ms2,markov_hybrid,hybrid,32,0.39780880120575696,0.39780880120575696,0.0
fiqa,ms2,bradley_terry_graph,graph,32,0.39780880120575696,0.39780880120575696,0.0
fiqa,ms2,pagerank_graph,graph,33,0.778842958530688,0.778842958530688,0.0
fiqa,ms2,rank_centrality_graph,graph,33,0.7550160946314525,0.7550160946314525,0.0
fiqa,ms2,markov_hybrid,hybrid,33,0.8065735963827293,0.8065735963827293,0.0
fiqa,ms2,bradley_terry_graph,graph,33,0.7574875071481796,0.7574875071481796,0.0
fiqa,ms2,pagerank_graph,graph,35,0.0,0.0,0.0
fiqa,ms2,rank_centrality_graph,graph,35,0.0,0.0,0.0
fiqa,ms2,markov_hybrid,hybrid,35,0.0,0.0,0.0
fiqa,ms2,bradley_terry_graph,graph,35,0.0,0.0,0.0
fiqa,ms2,pagerank_graph,graph,36,0.0,0.0,0.0
fiqa,ms2,rank_centrality_graph,graph,36,0.0,0.0,0.0
fiqa,ms2,markov_hybrid,hybrid,36,0.0,0.0,0.0
fiqa,ms2,bradley_terry_graph,graph,36,0.0,0.0,0.0
fiqa,ms2,pagerank_graph,graph,37,0.0,0.0,0.0
fiqa,ms2,rank_centrality_graph,graph,37,0.0,0.0,0.0
fiqa,ms2,markov_hybrid,hybrid,37,0.0,0.0,0.0
fiqa,ms2,bradley_terry_graph,graph,37,0.0,0.0,0.0
fiqa,ms2,pagerank_graph,graph,41,0.5,0.5,0.0
fiqa,ms2,rank_centrality_graph,graph,41,0.5,0.5,0.0
fiqa,ms2,markov_hybrid,hybrid,41,0.3333333333333333,0.3333333333333333,0.0
fiqa,ms2,bradley_terry_graph,graph,41,0.5,0.5,0.0
fiqa,ms2,pagerank_graph,graph,43,0.0,0.0,0.0
fiqa,ms2,rank_centrality_graph,graph,43,0.0,0.0,0.0
fiqa,ms2,markov_hybrid,hybrid,43,0.0,0.0,0.0
fiqa,ms2,bradley_terry_graph,graph,43,0.0,0.0,0.0
fiqa,ms2,pagerank_graph,graph,45,0.526448181099292,0.526448181099292,0.0
fiqa,ms2,rank_centrality_graph,graph,45,0.5012658353418871,0.5012658353418871,0.0
fiqa,ms2,markov_hybrid,hybrid,45,0.4140749156809287,0.4140749156809287,0.0
fiqa,ms2,bradley_terry_graph,graph,45,0.425110947661799,0.425110947661799,0.0
fiqa,ms2,pagerank_graph,graph,46,0.0,0.0,0.0
fiqa,ms2,rank_centrality_graph,graph,46,0.0,0.0,0.0
fiqa,ms2,markov_hybrid,hybrid,46,0.0,0.0,0.0
fiqa,ms2,bradley_terry_graph,graph,46,0.0,0.0,0.0
fiqa,ms2,pagerank_graph,graph,47,0.0,0.0,0.0
fiqa,ms2,rank_centrality_graph,graph,47,0.0,0.0,0.0
fiqa,ms2,markov_hybrid,hybrid,47,0.0,0.0,0.0
fiqa,ms2,bradley_terry_graph,graph,47,0.0,0.0,0.0
fiqa,ms2,pagerank_graph,graph,48,0.38685280723454163,0.38685280723454163,0.0
fiqa,ms2,rank_centrality_graph,graph,48,0.3562071871080222,0.3562071871080222,0.0
fiqa,ms2,markov_hybrid,hybrid,48,0.5,0.5,0.0
fiqa,ms2,bradley_terry_graph,graph,48,0.38685280723454163,0.38685280723454163,0.0
fiqa,ms2,pagerank_graph,graph,49,0.0,0.0,0.0
fiqa,ms2,rank_centrality_graph,graph,49,0.0,0.0,0.0
fiqa,ms2,markov_hybrid,hybrid,49,0.0,0.0,0.0
fiqa,ms2,bradley_terry_graph,graph,49,0.0,0.0,0.0
fiqa,ms2,pagerank_graph,graph,51,0.0,0.0,0.0
fiqa,ms2,rank_centrality_graph,graph,51,0.0,0.0,0.0
fiqa,ms2,markov_hybrid,hybrid,51,0.0,0.0,0.0
fiqa,ms2,bradley_terry_graph,graph,51,0.0,0.0,0.0
fiqa,ms2,pagerank_graph,graph,52,0.44616897024747965,0.44616897024747965,0.0
fiqa,ms2,rank_centrality_graph,graph,52,0.456580389491067,0.456580389491067,0.0
fiqa,ms2,markov_hybrid,hybrid,52,0.5368596003428795,0.5368596003428795,0.0
fiqa,ms2,bradley_terry_graph,graph,52,0.44616897024747965,0.44616897024747965,0.0
fiqa,ms2,pagerank_graph,graph,53,0.0,0.0,0.0
fiqa,ms2,rank_centrality_graph,graph,53,0.0,0.0,0.0
fiqa,ms2,markov_hybrid,hybrid,53,0.0,0.0,0.0
fiqa,ms2,bradley_terry_graph,graph,53,0.0,0.0,0.0
fiqa,ms2,pagerank_graph,graph,54,0.23137821315975915,0.23137821315975915,0.0
fiqa,ms2,rank_centrality_graph,graph,54,0.3333333333333333,0.3333333333333333,0.0
fiqa,ms2,markov_hybrid,hybrid,54,0.3010299956639812,0.3010299956639812,0.0
fiqa,ms2,bradley_terry_graph,graph,54,0.23137821315975915,0.23137821315975915,0.0
fiqa,ms2,pagerank_graph,graph,57,1.0,1.0,0.0
fiqa,ms2,rank_centrality_graph,graph,57,1.0,1.0,0.0
fiqa,ms2,markov_hybrid,hybrid,57,1.0,1.0,0.0
fiqa,ms2,bradley_terry_graph,graph,57,1.0,1.0,0.0
fiqa,ms2,pagerank_graph,graph,59,0.0,0.0,0.0
fiqa,ms2,rank_centrality_graph,graph,59,0.0,0.0,0.0
fiqa,ms2,markov_hybrid,hybrid,59,0.0,0.0,0.0
fiqa,ms2,bradley_terry_graph,graph,59,0.0,0.0,0.0
fiqa,ms2,pagerank_graph,graph,61,0.0,0.0,0.0
fiqa,ms2,rank_centrality_graph,graph,61,0.0,0.0,0.0
fiqa,ms2,markov_hybrid,hybrid,61,0.0,0.0,0.0
fiqa,ms2,bradley_terry_graph,graph,61,0.0,0.0,0.0
fiqa,ms2,pagerank_graph,graph,62,0.43067655807339306,0.43067655807339306,0.0
fiqa,ms2,rank_centrality_graph,graph,62,0.5,0.5,0.0
fiqa,ms2,markov_hybrid,hybrid,62,0.26264953503719357,0.26264953503719357,0.0
fiqa,ms2,bradley_terry_graph,graph,62,0.5,0.5,0.0
fiqa,ms2,pagerank_graph,graph,63,0.0,0.0,0.0
fiqa,ms2,rank_centrality_graph,graph,63,0.0,0.0,0.0
fiqa,ms2,markov_hybrid,hybrid,63,0.0,0.0,0.0
fiqa,ms2,bradley_terry_graph,graph,63,0.0,0.0,0.0
fiqa,ms2,pagerank_graph,graph,64,0.0,0.0,0.0
fiqa,ms2,rank_centrality_graph,graph,64,0.0,0.0,0.0
fiqa,ms2,markov_hybrid,hybrid,64,0.0,0.0,0.0
fiqa,ms2,bradley_terry_graph,graph,64,0.0,0.0,0.0
fiqa,ms2,pagerank_graph,graph,65,0.7841802768331765,0.7841802768331765,0.0
fiqa,ms2,rank_centrality_graph,graph,65,0.8503449055347546,0.8503449055347546,0.0
fiqa,ms2,markov_hybrid,hybrid,65,0.7631539858737962,0.7631539858737962,0.0
fiqa,ms2,bradley_terry_graph,graph,65,0.8315546295836225,0.8315546295836225,0.0
fiqa,ms2,pagerank_graph,graph,66,1.0,1.0,0.0
fiqa,ms2,rank_centrality_graph,graph,66,0.9325210919548239,0.9325210919548239,0.0
fiqa,ms2,markov_hybrid,hybrid,66,1.0,1.0,0.0
fiqa,ms2,bradley_terry_graph,graph,66,0.9674679834891693,0.9674679834891693,0.0
fiqa,ms2,pagerank_graph,graph,67,1.0,1.0,0.0
fiqa,ms2,rank_centrality_graph,graph,67,1.0,1.0,0.0
fiqa,ms2,markov_hybrid,hybrid,67,0.8772153153380493,0.8772153153380493,0.0
fiqa,ms2,bradley_terry_graph,graph,67,1.0,1.0,0.0
fiqa,ms2,pagerank_graph,graph,69,0.0,0.0,0.0
fiqa,ms2,rank_centrality_graph,graph,69,0.0,0.0,0.0
fiqa,ms2,markov_hybrid,hybrid,69,0.0,0.0,0.0
fiqa,ms2,bradley_terry_graph,graph,69,0.0,0.0,0.0
fiqa,ms2,pagerank_graph,graph,70,0.2890648263178879,0.2890648263178879,0.0
fiqa,ms2,rank_centrality_graph,graph,70,0.23981246656813146,0.23981246656813146,0.0
fiqa,ms2,markov_hybrid,hybrid,70,0.3333333333333333,0.3333333333333333,0.0
fiqa,ms2,bradley_terry_graph,graph,70,0.2890648263178879,0.2890648263178879,0.0
fiqa,ms2,pagerank_graph,graph,71,0.5,0.5,0.0
fiqa,ms2,rank_centrality_graph,graph,71,0.5,0.5,0.0
fiqa,ms2,markov_hybrid,hybrid,71,0.3010299956639812,0.3010299956639812,0.0
fiqa,ms2,bradley_terry_graph,graph,71,1.0,1.0,0.0
fiqa,ms2,pagerank_graph,graph,72,0.0,0.0,0.0
fiqa,ms2,rank_centrality_graph,graph,72,0.0,0.0,0.0
fiqa,ms2,markov_hybrid,hybrid,72,0.0,0.0,0.0
fiqa,ms2,bradley_terry_graph,graph,72,0.0,0.0,0.0
fiqa,ms2,pagerank_graph,graph,74,0.0,0.0,0.0
fiqa,ms2,rank_centrality_graph,graph,74,0.0,0.0,0.0
fiqa,ms2,markov_hybrid,hybrid,74,0.0,0.0,0.0
fiqa,ms2,bradley_terry_graph,graph,74,0.0,0.0,0.0
fiqa,ms2,pagerank_graph,graph,75,1.0,1.0,0.0
fiqa,ms2,rank_centrality_graph,graph,75,1.0,1.0,0.0
fiqa,ms2,markov_hybrid,hybrid,75,1.0,1.0,0.0
fiqa,ms2,bradley_terry_graph,graph,75,1.0,1.0,0.0
fiqa,ms2,pagerank_graph,graph,76,0.0,0.0,0.0
fiqa,ms2,rank_centrality_graph,graph,76,0.0,0.0,0.0
fiqa,ms2,markov_hybrid,hybrid,76,0.0,0.0,0.0
fiqa,ms2,bradley_terry_graph,graph,76,0.0,0.0,0.0
fiqa,ms2,pagerank_graph,graph,78,0.0,0.0,0.0
fiqa,ms2,rank_centrality_graph,graph,78,0.0,0.0,0.0
fiqa,ms2,markov_hybrid,hybrid,78,0.0,0.0,0.0
fiqa,ms2,bradley_terry_graph,graph,78,0.0,0.0,0.0
fiqa,ms2,pagerank_graph,graph,80,0.0,0.0,0.0
fiqa,ms2,rank_centrality_graph,graph,80,0.0,0.0,0.0
fiqa,ms2,markov_hybrid,hybrid,80,0.0,0.0,0.0
fiqa,ms2,bradley_terry_graph,graph,80,0.0,0.0,0.0
fiqa,ms2,pagerank_graph,graph,81,0.0,0.0,0.0
fiqa,ms2,rank_centrality_graph,graph,81,0.0,0.0,0.0
fiqa,ms2,markov_hybrid,hybrid,81,0.0,0.0,0.0
fiqa,ms2,bradley_terry_graph,graph,81,0.0,0.0,0.0
fiqa,ms2,pagerank_graph,graph,82,0.3333333333333333,0.3333333333333333,0.0
fiqa,ms2,rank_centrality_graph,graph,82,0.23137821315975915,0.23137821315975915,0.0
fiqa,ms2,markov_hybrid,hybrid,82,0.43067655807339306,0.43067655807339306,0.0
fiqa,ms2,bradley_terry_graph,graph,82,0.3333333333333333,0.3333333333333333,0.0
fiqa,ms2,pagerank_graph,graph,83,0.0,0.0,0.0
fiqa,ms2,rank_centrality_graph,graph,83,0.0,0.0,0.0
fiqa,ms2,markov_hybrid,hybrid,83,0.0,0.0,0.0
fiqa,ms2,bradley_terry_graph,graph,83,0.0,0.0,0.0
fiqa,ms2,pagerank_graph,graph,85,0.0,0.0,0.0
fiqa,ms2,rank_centrality_graph,graph,85,0.0,0.0,0.0
fiqa,ms2,markov_hybrid,hybrid,85,0.0,0.0,0.0
fiqa,ms2,bradley_terry_graph,graph,85,0.0,0.0,0.0
fiqa,ms2,pagerank_graph,graph,86,0.0,0.0,0.0
fiqa,ms2,rank_centrality_graph,graph,86,0.0,0.0,0.0
fiqa,ms2,markov_hybrid,hybrid,86,0.0,0.0,0.0
fiqa,ms2,bradley_terry_graph,graph,86,0.0,0.0,0.0
fiqa,ms2,pagerank_graph,graph,87,0.0,0.0,0.0
fiqa,ms2,rank_centrality_graph,graph,87,0.0,0.0,0.0
fiqa,ms2,markov_hybrid,hybrid,87,0.0,0.0,0.0
fiqa,ms2,bradley_terry_graph,graph,87,0.0,0.0,0.0
fiqa,ms2,pagerank_graph,graph,88,0.5,0.5,0.0
fiqa,ms2,rank_centrality_graph,graph,88,0.3562071871080222,0.3562071871080222,0.0
fiqa,ms2,markov_hybrid,hybrid,88,0.5,0.5,0.0
fiqa,ms2,bradley_terry_graph,graph,88,0.5,0.5,0.0
fiqa,ms2,pagerank_graph,graph,91,1.0,1.0,0.0
fiqa,ms2,rank_centrality_graph,graph,91,1.0,1.0,0.0
fiqa,ms2,markov_hybrid,hybrid,91,1.0,1.0,0.0
fiqa,ms2,bradley_terry_graph,graph,91,1.0,1.0,0.0
fiqa,ms2,pagerank_graph,graph,92,0.0,0.0,0.0
fiqa,ms2,rank_centrality_graph,graph,92,0.0,0.0,0.0
fiqa,ms2,markov_hybrid,hybrid,92,0.0,0.0,0.0
fiqa,ms2,bradley_terry_graph,graph,92,0.0,0.0,0.0
fiqa,ms2,pagerank_graph,graph,93,0.2890648263178879,0.2890648263178879,0.0
fiqa,ms2,rank_centrality_graph,graph,93,0.3010299956639812,0.3010299956639812,0.0
fiqa,ms2,markov_hybrid,hybrid,93,0.2890648263178879,0.2890648263178879,0.0
fiqa,ms2,bradley_terry_graph,graph,93,0.2890648263178879,0.2890648263178879,0.0
fiqa,ms2,pagerank_graph,graph,95,0.227670248696953,0.227670248696953,0.0
fiqa,ms2,rank_centrality_graph,graph,95,0.3333333333333333,0.3333333333333333,0.0
fiqa,ms2,markov_hybrid,hybrid,95,0.2559580248098155,0.2559580248098155,0.0
fiqa,ms2,bradley_terry_graph,graph,95,0.227670248696953,0.227670248696953,0.0
fiqa,ms2,pagerank_graph,graph,96,0.5,0.5,0.0
fiqa,ms2,rank_centrality_graph,graph,96,0.5,0.5,0.0
fiqa,ms2,markov_hybrid,hybrid,96,0.3333333333333333,0.3333333333333333,0.0
fiqa,ms2,bradley_terry_graph,graph,96,0.43067655807339306,0.43067655807339306,0.0
fiqa,ms2,pagerank_graph,graph,97,0.24465054211822604,0.24465054211822604,0.0
fiqa,ms2,rank_centrality_graph,graph,97,0.23981246656813146,0.23981246656813146,0.0
fiqa,ms2,markov_hybrid,hybrid,97,0.3010299956639812,0.3010299956639812,0.0
fiqa,ms2,bradley_terry_graph,graph,97,0.227670248696953,0.227670248696953,0.0
fiqa,ms2,pagerank_graph,graph,99,0.8988898126139723,0.8988898126139723,0.0
fiqa,ms2,rank_centrality_graph,graph,99,0.854105797972385,0.854105797972385,0.0
fiqa,ms2,markov_hybrid,hybrid,99,0.9407662247971147,0.9407662247971147,0.0
fiqa,ms2,bradley_terry_graph,graph,99,0.8477774488692931,0.8477774488692931,0.0
fiqa,ms2,pagerank_graph,graph,102,1.0,1.0,0.0
fiqa,ms2,rank_centrality_graph,graph,102,1.0,1.0,0.0
fiqa,ms2,markov_hybrid,hybrid,102,1.0,1.0,0.0
fiqa,ms2,bradley_terry_graph,graph,102,1.0,1.0,0.0
fiqa,ms2,pagerank_graph,graph,105,0.6309297535714575,0.6309297535714575,0.0
fiqa,ms2,rank_centrality_graph,graph,105,0.5,0.5,0.0
fiqa,ms2,markov_hybrid,hybrid,105,1.0,1.0,0.0
fiqa,ms2,bradley_terry_graph,graph,105,0.6309297535714575,0.6309297535714575,0.0
fiqa,ms2,pagerank_graph,graph,107,0.0,0.0,0.0
fiqa,ms2,rank_centrality_graph,graph,107,0.0,0.0,0.0
fiqa,ms2,markov_hybrid,hybrid,107,0.0,0.0,0.0
fiqa,ms2,bradley_terry_graph,graph,107,0.0,0.0,0.0
fiqa,ms2,pagerank_graph,graph,108,0.0,0.0,0.0
fiqa,ms2,rank_centrality_graph,graph,108,0.0,0.0,0.0
fiqa,ms2,markov_hybrid,hybrid,108,0.0,0.0,0.0
fiqa,ms2,bradley_terry_graph,graph,108,0.0,0.0,0.0
fiqa,ms2,pagerank_graph,graph,110,0.43067655807339306,0.43067655807339306,0.0
fiqa,ms2,rank_centrality_graph,graph,110,0.43067655807339306,0.43067655807339306,0.0
fiqa,ms2,markov_hybrid,hybrid,110,0.31546487678572877,0.31546487678572877,0.0
fiqa,ms2,bradley_terry_graph,graph,110,0.6309297535714575,0.6309297535714575,0.0
fiqa,ms2,pagerank_graph,graph,111,0.0,0.0,0.0
fiqa,ms2,rank_centrality_graph,graph,111,0.0,0.0,0.0
fiqa,ms2,markov_hybrid,hybrid,111,0.0,0.0,0.0
fiqa,ms2,bradley_terry_graph,graph,111,0.0,0.0,0.0
fiqa,ms2,pagerank_graph,graph,112,1.0,1.0,0.0
fiqa,ms2,rank_centrality_graph,graph,112,1.0,1.0,0.0
fiqa,ms2,markov_hybrid,hybrid,112,1.0,1.0,0.0
fiqa,ms2,bradley_terry_graph,graph,112,1.0,1.0,0.0
fiqa,ms2,pagerank_graph,graph,439,1.0,1.0,0.0
fiqa,ms2,rank_centrality_graph,graph,439,1.0,1.0,0.0
fiqa,ms2,markov_hybrid,hybrid,439,1.0,1.0,0.0
fiqa,ms2,bradley_terry_graph,graph,439,1.0,1.0,0.0
fiqa,ms2,pagerank_graph,graph,442,0.40366349643734134,0.40366349643734134,0.0
fiqa,ms2,rank_centrality_graph,graph,442,0.4776066804504473,0.4776066804504473,0.0
fiqa,ms2,markov_hybrid,hybrid,442,0.3462512994544803,0.3462512994544803,0.0
fiqa,ms2,bradley_terry_graph,graph,442,0.3654477774845743,0.3654477774845743,0.0
fiqa,ms2,pagerank_graph,graph,443,0.5,0.5,0.0
fiqa,ms2,rank_centrality_graph,graph,443,0.31546487678572877,0.31546487678572877,0.0
fiqa,ms2,markov_hybrid,hybrid,443,0.5,0.5,0.0
fiqa,ms2,bradley_terry_graph,graph,443,0.38685280723454163,0.38685280723454163,0.0
fiqa,ms2,pagerank_graph,graph,444,0.8104089071229301,0.8104089071229301,0.0
fiqa,ms2,rank_centrality_graph,graph,444,0.7476322798135234,0.7476322798135234,0.0
fiqa,ms2,markov_hybrid,hybrid,444,0.8773497378596238,0.8773497378596238,0.0
fiqa,ms2,bradley_terry_graph,graph,444,0.8159313210935148,0.8159313210935148,0.0
fiqa,ms2,pagerank_graph,graph,445,0.0,0.0,0.0
fiqa,ms2,rank_centrality_graph,graph,445,0.0,0.0,0.0
fiqa,ms2,markov_hybrid,hybrid,445,0.0,0.0,0.0
fiqa,ms2,bradley_terry_graph,graph,445,0.0,0.0,0.0
fiqa,ms2,pagerank_graph,graph,446,0.43067655807339306,0.43067655807339306,0.0
fiqa,ms2,rank_centrality_graph,graph,446,0.31546487678572877,0.31546487678572877,0.0
fiqa,ms2,markov_hybrid,hybrid,446,0.5,0.5,0.0
fiqa,ms2,bradley_terry_graph,graph,446,0.3562071871080222,0.3562071871080222,0.0
fiqa,ms2,pagerank_graph,graph,447,0.3102267425692945,0.3102267425692945,0.0
fiqa,ms2,rank_centrality_graph,graph,447,0.2965353182426804,0.2965353182426804,0.0
fiqa,ms2,markov_hybrid,hybrid,447,0.29187569497433197,0.29187569497433197,0.0
fiqa,ms2,bradley_terry_graph,graph,447,0.3102267425692945,0.3102267425692945,0.0
fiqa,ms2,pagerank_graph,graph,448,0.0,0.0,0.0
fiqa,ms2,rank_centrality_graph,graph,448,0.0,0.0,0.0
fiqa,ms2,markov_hybrid,hybrid,448,0.0,0.0,0.0
fiqa,ms2,bradley_terry_graph,graph,448,0.0,0.0,0.0
fiqa,ms2,pagerank_graph,graph,449,0.2559580248098155,0.2559580248098155,0.0
fiqa,ms2,rank_centrality_graph,graph,449,0.26264953503719357,0.26264953503719357,0.0
fiqa,ms2,markov_hybrid,hybrid,449,0.23137821315975915,0.23137821315975915,0.0
fiqa,ms2,bradley_terry_graph,graph,449,0.2559580248098155,0.2559580248098155,0.0
fiqa,ms2,pagerank_graph,graph,450,0.3562071871080222,0.3562071871080222,0.0
fiqa,ms2,rank_centrality_graph,graph,450,0.3333333333333333,0.3333333333333333,0.0
fiqa,ms2,markov_hybrid,hybrid,450,0.5,0.5,0.0
fiqa,ms2,bradley_terry_graph,graph,450,0.38685280723454163,0.38685280723454163,0.0
fiqa,ms2,pagerank_graph,graph,452,0.0,0.0,0.0
fiqa,ms2,rank_centrality_graph,graph,452,0.0,0.0,0.0
fiqa,ms2,markov_hybrid,hybrid,452,0.0,0.0,0.0
fiqa,ms2,bradley_terry_graph,graph,452,0.0,0.0,0.0
fiqa,ms2,pagerank_graph,graph,453,0.0,0.0,0.0
fiqa,ms2,rank_centrality_graph,graph,453,0.0,0.0,0.0
fiqa,ms2,markov_hybrid,hybrid,453,0.0,0.0,0.0
fiqa,ms2,bradley_terry_graph,graph,453,0.0,0.0,0.0
fiqa,ms2,pagerank_graph,graph,454,0.9197207891481876,0.9197207891481876,0.0
fiqa,ms2,rank_centrality_graph,graph,454,0.8065735963827293,0.8065735963827293,0.0
fiqa,ms2,markov_hybrid,hybrid,454,0.9197207891481876,0.9197207891481876,0.0
fiqa,ms2,bradley_terry_graph,graph,454,0.9197207891481876,0.9197207891481876,0.0
fiqa,ms2,pagerank_graph,graph,456,0.9197207891481876,0.9197207891481876,0.0
fiqa,ms2,rank_centrality_graph,graph,456,0.7631539858737962,0.7631539858737962,0.0
fiqa,ms2,markov_hybrid,hybrid,456,0.9197207891481876,0.9197207891481876,0.0
fiqa,ms2,bradley_terry_graph,graph,456,0.9197207891481876,0.9197207891481876,0.0
fiqa,ms2,pagerank_graph,graph,457,0.0,0.0,0.0
fiqa,ms2,rank_centrality_graph,graph,457,0.0,0.0,0.0
fiqa,ms2,markov_hybrid,hybrid,457,0.0,0.0,0.0
fiqa,ms2,bradley_terry_graph,graph,457,0.0,0.0,0.0
fiqa,ms2,pagerank_graph,graph,458,0.8772153153380493,0.8772153153380493,0.0
fiqa,ms2,rank_centrality_graph,graph,458,0.8772153153380493,0.8772153153380493,0.0
fiqa,ms2,markov_hybrid,hybrid,458,0.8772153153380493,0.8772153153380493,0.0
fiqa,ms2,bradley_terry_graph,graph,458,0.8772153153380493,0.8772153153380493,0.0
fiqa,ms2,pagerank_graph,graph,460,0.0,0.0,0.0
fiqa,ms2,rank_centrality_graph,graph,460,0.0,0.0,0.0
fiqa,ms2,markov_hybrid,hybrid,460,0.0,0.0,0.0
fiqa,ms2,bradley_terry_graph,graph,460,0.0,0.0,0.0
fiqa,ms2,pagerank_graph,graph,461,0.0,0.0,0.0
fiqa,ms2,rank_centrality_graph,graph,461,0.0,0.0,0.0
fiqa,ms2,markov_hybrid,hybrid,461,0.0,0.0,0.0
fiqa,ms2,bradley_terry_graph,graph,461,0.0,0.0,0.0
fiqa,ms2,pagerank_graph,graph,462,0.0,0.0,0.0
fiqa,ms2,rank_centrality_graph,graph,462,0.0,0.0,0.0
fiqa,ms2,markov_hybrid,hybrid,462,0.0,0.0,0.0
fiqa,ms2,bradley_terry_graph,graph,462,0.0,0.0,0.0
fiqa,ms2,pagerank_graph,graph,464,0.0,0.0,0.0
fiqa,ms2,rank_centrality_graph,graph,464,0.0,0.0,0.0
fiqa,ms2,markov_hybrid,hybrid,464,0.0,0.0,0.0
fiqa,ms2,bradley_terry_graph,graph,464,0.0,0.0,0.0
fiqa,ms2,pagerank_graph,graph,465,0.0,0.0,0.0
fiqa,ms2,rank_centrality_graph,graph,465,0.0,0.0,0.0
fiqa,ms2,markov_hybrid,hybrid,465,0.0,0.0,0.0
fiqa,ms2,bradley_terry_graph,graph,465,0.0,0.0,0.0
fiqa,ms2,pagerank_graph,graph,466,0.0,0.0,0.0
fiqa,ms2,rank_centrality_graph,graph,466,0.0,0.0,0.0
fiqa,ms2,markov_hybrid,hybrid,466,0.0,0.0,0.0
fiqa,ms2,bradley_terry_graph,graph,466,0.0,0.0,0.0
fiqa,ms2,pagerank_graph,graph,467,0.0,0.0,0.0
fiqa,ms2,rank_centrality_graph,graph,467,0.0,0.0,0.0
fiqa,ms2,markov_hybrid,hybrid,467,0.0,0.0,0.0
fiqa,ms2,bradley_terry_graph,graph,467,0.0,0.0,0.0
fiqa,ms2,pagerank_graph,graph,468,1.0,1.0,0.0
fiqa,ms2,rank_centrality_graph,graph,468,1.0,1.0,0.0
fiqa,ms2,markov_hybrid,hybrid,468,1.0,1.0,0.0
fiqa,ms2,bradley_terry_graph,graph,468,1.0,1.0,0.0
fiqa,ms2,pagerank_graph,graph,470,0.0,0.0,0.0
fiqa,ms2,rank_centrality_graph,graph,470,0.0,0.0,0.0
fiqa,ms2,markov_hybrid,hybrid,470,0.0,0.0,0.0
fiqa,ms2,bradley_terry_graph,graph,470,0.0,0.0,0.0
fiqa,ms2,pagerank_graph,graph,471,0.0,0.0,0.0
fiqa,ms2,rank_centrality_graph,graph,471,0.0,0.0,0.0
fiqa,ms2,markov_hybrid,hybrid,471,0.0,0.0,0.0
fiqa,ms2,bradley_terry_graph,graph,471,0.0,0.0,0.0
fiqa,ms2,pagerank_graph,graph,472,1.0,1.0,0.0
fiqa,ms2,rank_centrality_graph,graph,472,1.0,1.0,0.0
fiqa,ms2,markov_hybrid,hybrid,472,1.0,1.0,0.0
fiqa,ms2,bradley_terry_graph,graph,472,1.0,1.0,0.0
fiqa,ms2,pagerank_graph,graph,473,0.0,0.0,0.0
fiqa,ms2,rank_centrality_graph,graph,473,0.0,0.0,0.0
fiqa,ms2,markov_hybrid,hybrid,473,0.0,0.0,0.0
fiqa,ms2,bradley_terry_graph,graph,473,0.0,0.0,0.0
fiqa,ms2,pagerank_graph,graph,474,1.0,1.0,0.0
fiqa,ms2,rank_centrality_graph,graph,474,1.0,1.0,0.0
fiqa,ms2,markov_hybrid,hybrid,474,1.0,1.0,0.0
fiqa,ms2,bradley_terry_graph,graph,474,1.0,1.0,0.0
fiqa,ms2,pagerank_graph,graph,478,0.227670248696953,0.227670248696953,0.0
fiqa,ms2,rank_centrality_graph,graph,478,0.3562071871080222,0.3562071871080222,0.0
fiqa,ms2,markov_hybrid,hybrid,478,0.3010299956639812,0.3010299956639812,0.0
fiqa,ms2,bradley_terry_graph,graph,478,0.23540891336663824,0.23540891336663824,0.0
fiqa,ms2,pagerank_graph,graph,479,0.4415801103577823,0.4415801103577823,0.0
fiqa,ms2,rank_centrality_graph,graph,479,0.4227898344066503,0.4227898344066503,0.0
fiqa,ms2,markov_hybrid,hybrid,479,0.5012658353418871,0.5012658353418871,0.0
fiqa,ms2,bradley_terry_graph,graph,479,0.4227898344066503,0.4227898344066503,0.0
fiqa,ms2,pagerank_graph,graph,480,0.0,0.0,0.0
fiqa,ms2,rank_centrality_graph,graph,480,0.0,0.0,0.0
fiqa,ms2,markov_hybrid,hybrid,480,0.0,0.0,0.0
fiqa,ms2,bradley_terry_graph,graph,480,0.0,0.0,0.0
fiqa,ms2,pagerank_graph,graph,481,0.0,0.0,0.0
fiqa,ms2,rank_centrality_graph,graph,481,0.0,0.0,0.0
fiqa,ms2,markov_hybrid,hybrid,481,0.0,0.0,0.0
fiqa,ms2,bradley_terry_graph,graph,481,0.0,0.0,0.0
fiqa,ms2,pagerank_graph,graph,482,0.6309297535714575,0.6309297535714575,0.0
fiqa,ms2,rank_centrality_graph,graph,482,0.6309297535714575,0.6309297535714575,0.0
fiqa,ms2,markov_hybrid,hybrid,482,0.3333333333333333,0.3333333333333333,0.0
fiqa,ms2,bradley_terry_graph,graph,482,1.0,1.0,0.0
fiqa,ms2,pagerank_graph,graph,485,0.0,0.0,0.0
fiqa,ms2,rank_centrality_graph,graph,485,0.0,0.0,0.0
fiqa,ms2,markov_hybrid,hybrid,485,0.0,0.0,0.0
fiqa,ms2,bradley_terry_graph,graph,485,0.0,0.0,0.0
fiqa,ms2,pagerank_graph,graph,486,1.0,1.0,0.0
fiqa,ms2,rank_centrality_graph,graph,486,1.0,1.0,0.0
fiqa,ms2,markov_hybrid,hybrid,486,1.0,1.0,0.0
fiqa,ms2,bradley_terry_graph,graph,486,1.0,1.0,0.0
fiqa,ms2,pagerank_graph,graph,487,0.6309297535714575,0.6309297535714575,0.0
fiqa,ms2,rank_centrality_graph,graph,487,0.6309297535714575,0.6309297535714575,0.0
fiqa,ms2,markov_hybrid,hybrid,487,0.38685280723454163,0.38685280723454163,0.0
fiqa,ms2,bradley_terry_graph,graph,487,1.0,1.0,0.0
fiqa,ms2,pagerank_graph,graph,488,0.0,0.0,0.0
fiqa,ms2,rank_centrality_graph,graph,488,0.0,0.0,0.0
fiqa,ms2,markov_hybrid,hybrid,488,0.0,0.0,0.0
fiqa,ms2,bradley_terry_graph,graph,488,0.0,0.0,0.0
fiqa,ms2,pagerank_graph,graph,489,0.0,0.0,0.0
fiqa,ms2,rank_centrality_graph,graph,489,0.0,0.0,0.0
fiqa,ms2,markov_hybrid,hybrid,489,0.0,0.0,0.0
fiqa,ms2,bradley_terry_graph,graph,489,0.0,0.0,0.0
fiqa,ms2,pagerank_graph,graph,490,0.0,0.0,0.0
fiqa,ms2,rank_centrality_graph,graph,490,0.0,0.0,0.0
fiqa,ms2,markov_hybrid,hybrid,490,0.0,0.0,0.0
fiqa,ms2,bradley_terry_graph,graph,490,0.0,0.0,0.0
fiqa,ms2,pagerank_graph,graph,491,1.0,1.0,0.0
fiqa,ms2,rank_centrality_graph,graph,491,1.0,1.0,0.0
fiqa,ms2,markov_hybrid,hybrid,491,1.0,1.0,0.0
fiqa,ms2,bradley_terry_graph,graph,491,1.0,1.0,0.0
fiqa,ms2,pagerank_graph,graph,493,0.23981246656813146,0.23981246656813146,0.0
fiqa,ms2,rank_centrality_graph,graph,493,0.43067655807339306,0.43067655807339306,0.0
fiqa,ms2,markov_hybrid,hybrid,493,0.2559580248098155,0.2559580248098155,0.0
fiqa,ms2,bradley_terry_graph,graph,493,0.26264953503719357,0.26264953503719357,0.0
fiqa,ms2,pagerank_graph,graph,494,0.0,0.0,0.0
fiqa,ms2,rank_centrality_graph,graph,494,0.0,0.0,0.0
fiqa,ms2,markov_hybrid,hybrid,494,0.0,0.0,0.0
fiqa,ms2,bradley_terry_graph,graph,494,0.0,0.0,0.0
fiqa,ms2,pagerank_graph,graph,497,1.0,1.0,0.0
fiqa,ms2,rank_centrality_graph,graph,497,1.0,1.0,0.0
fiqa,ms2,markov_hybrid,hybrid,497,1.0,1.0,0.0
fiqa,ms2,bradley_terry_graph,graph,497,1.0,1.0,0.0
fiqa,ms2,pagerank_graph,graph,498,0.3333333333333333,0.3333333333333333,0.0
fiqa,ms2,rank_centrality_graph,graph,498,0.3010299956639812,0.3010299956639812,0.0
fiqa,ms2,markov_hybrid,hybrid,498,1.0,1.0,0.0
fiqa,ms2,bradley_terry_graph,graph,498,0.31546487678572877,0.31546487678572877,0.0
fiqa,ms1,pagerank_graph,graph,0,0.0,0.0,0.0
fiqa,ms1,rank_centrality_graph,graph,0,0.0,0.0,0.0
fiqa,ms1,markov_hybrid,hybrid,0,0.0,0.0,0.0
fiqa,ms1,bradley_terry_graph,graph,0,0.0,0.0,0.0
fiqa,ms1,pagerank_graph,graph,4,0.227670248696953,0.227670248696953,0.0
fiqa,ms1,rank_centrality_graph,graph,4,0.227670248696953,0.227670248696953,0.0
fiqa,ms1,markov_hybrid,hybrid,4,0.27023815442731974,0.27023815442731974,0.0
fiqa,ms1,bradley_terry_graph,graph,4,0.227670248696953,0.227670248696953,0.0
fiqa,ms1,pagerank_graph,graph,5,0.0,0.0,0.0
fiqa,ms1,rank_centrality_graph,graph,5,0.0,0.0,0.0
fiqa,ms1,markov_hybrid,hybrid,5,0.0,0.0,0.0
fiqa,ms1,bradley_terry_graph,graph,5,0.0,0.0,0.0
fiqa,ms1,pagerank_graph,graph,6,0.5847876649948583,0.5723986829443736,-0.012388982050484776
fiqa,ms1,rank_centrality_graph,graph,6,0.5726073975563163,0.5178826218513572,-0.05472477570495904
fiqa,ms1,markov_hybrid,hybrid,6,0.5600025487046494,0.5600025487046494,0.0
fiqa,ms1,bradley_terry_graph,graph,6,0.528616834809974,0.5780136823717549,0.049396847561780866
fiqa,ms1,pagerank_graph,graph,7,0.0,0.0,0.0
fiqa,ms1,rank_centrality_graph,graph,7,0.0,0.0,0.0
fiqa,ms1,markov_hybrid,hybrid,7,0.0,0.0,0.0
fiqa,ms1,bradley_terry_graph,graph,7,0.0,0.0,0.0
fiqa,ms1,pagerank_graph,graph,9,0.0,0.0,0.0
fiqa,ms1,rank_centrality_graph,graph,9,0.0,0.0,0.0
fiqa,ms1,markov_hybrid,hybrid,9,0.0,0.0,0.0
fiqa,ms1,bradley_terry_graph,graph,9,0.0,0.0,0.0
fiqa,ms1,pagerank_graph,graph,11,0.0,0.0,0.0
fiqa,ms1,rank_centrality_graph,graph,11,0.0,0.0,0.0
fiqa,ms1,markov_hybrid,hybrid,11,0.0,0.0,0.0
fiqa,ms1,bradley_terry_graph,graph,11,0.0,0.0,0.0
fiqa,ms1,pagerank_graph,graph,12,0.5249810332008933,0.448643819352159,-0.07633721384873426
fiqa,ms1,rank_centrality_graph,graph,12,0.5249810332008933,0.45749452618986164,-0.06748650701103165
fiqa,ms1,markov_hybrid,hybrid,12,0.7741900178546666,0.5401396054259062,-0.23405041242876035
fiqa,ms1,bradley_terry_graph,graph,12,0.45560514958746035,0.5,0.044394850412539655
fiqa,ms1,pagerank_graph,graph,13,0.3562071871080222,0.31546487678572877,-0.04074231032229342
fiqa,ms1,rank_centrality_graph,graph,13,0.3010299956639812,0.27894294565112987,-0.022087050012851328
fiqa,ms1,markov_hybrid,hybrid,13,0.3562071871080222,0.3562071871080222,0.0
fiqa,ms1,bradley_terry_graph,graph,13,0.27023815442731974,0.31546487678572877,0.04522672235840902
fiqa,ms1,pagerank_graph,graph,14,1.0,1.0,0.0
fiqa,ms1,rank_centrality_graph,graph,14,1.0,1.0,0.0
fiqa,ms1,markov_hybrid,hybrid,14,1.0,1.0,0.0
fiqa,ms1,bradley_terry_graph,graph,14,1.0,1.0,0.0
fiqa,ms1,pagerank_graph,graph,16,0.0,0.0,0.0
fiqa,ms1,rank_centrality_graph,graph,16,0.0,0.0,0.0
fiqa,ms1,markov_hybrid,hybrid,16,0.0,0.0,0.0
fiqa,ms1,bradley_terry_graph,graph,16,0.0,0.0,0.0
fiqa,ms1,pagerank_graph,graph,19,0.0,0.0,0.0
fiqa,ms1,rank_centrality_graph,graph,19,0.0,0.0,0.0
fiqa,ms1,markov_hybrid,hybrid,19,0.0,0.0,0.0
fiqa,ms1,bradley_terry_graph,graph,19,0.0,0.0,0.0
fiqa,ms1,pagerank_graph,graph,20,0.2890648263178879,0.31546487678572877,0.026400050467840885
fiqa,ms1,rank_centrality_graph,graph,20,0.3010299956639812,0.31546487678572877,0.014434881121747567
fiqa,ms1,markov_hybrid,hybrid,20,0.31546487678572877,0.3333333333333333,0.01786845654760455
fiqa,ms1,bradley_terry_graph,graph,20,0.31546487678572877,0.3333333333333333,0.01786845654760455
fiqa,ms1,pagerank_graph,graph,21,0.0,0.0,0.0
fiqa,ms1,rank_centrality_graph,graph,21,0.0,0.0,0.0
fiqa,ms1,markov_hybrid,hybrid,21,0.0,0.0,0.0
fiqa,ms1,bradley_terry_graph,graph,21,0.0,0.0,0.0
fiqa,ms1,pagerank_graph,graph,23,0.0,0.0,0.0
fiqa,ms1,rank_centrality_graph,graph,23,0.0,0.0,0.0
fiqa,ms1,markov_hybrid,hybrid,23,0.0,0.0,0.0
fiqa,ms1,bradley_terry_graph,graph,23,0.0,0.0,0.0
fiqa,ms1,pagerank_graph,graph,25,0.2559580248098155,0.27894294565112987,0.02298492084131437
fiqa,ms1,rank_centrality_graph,graph,25,0.2559580248098155,0.27023815442731974,0.014280129617504245
fiqa,ms1,markov_hybrid,hybrid,25,0.26264953503719357,0.27023815442731974,0.007588619390126172
fiqa,ms1,bradley_terry_graph,graph,25,0.26264953503719357,0.27894294565112987,0.0162934106139363
fiqa,ms1,pagerank_graph,graph,27,0.0,0.0,0.0
fiqa,ms1,rank_centrality_graph,graph,27,0.0,0.0,0.0
fiqa,ms1,markov_hybrid,hybrid,27,0.0,0.0,0.0
fiqa,ms1,bradley_terry_graph,graph,27,0.0,0.0,0.0
fiqa,ms1,pagerank_graph,graph,28,0.0,0.0,0.0
fiqa,ms1,rank_centrality_graph,graph,28,0.0,0.0,0.0
fiqa,ms1,markov_hybrid,hybrid,28,0.0,0.0,0.0
fiqa,ms1,bradley_terry_graph,graph,28,0.0,0.0,0.0
fiqa,ms1,pagerank_graph,graph,30,0.3514227382548962,0.37169423500952875,0.020271496754632523
fiqa,ms1,rank_centrality_graph,graph,30,0.3377667179999921,0.37007816335371563,0.032311445353723545
fiqa,ms1,markov_hybrid,hybrid,30,0.7700871371433883,0.7700871371433883,0.0
fiqa,ms1,bradley_terry_graph,graph,30,0.3514227382548962,0.3514227382548962,0.0
fiqa,ms1,pagerank_graph,graph,31,0.0,0.0,0.0
fiqa,ms1,rank_centrality_graph,graph,31,0.0,0.0,0.0
fiqa,ms1,markov_hybrid,hybrid,31,0.0,0.0,0.0
fiqa,ms1,bradley_terry_graph,graph,31,0.0,0.0,0.0
fiqa,ms1,pagerank_graph,graph,32,0.5,0.44130740935663865,-0.05869259064336135
fiqa,ms1,rank_centrality_graph,graph,32,0.3889580943680543,0.36132234196641605,-0.027635752401638236
fiqa,ms1,markov_hybrid,hybrid,32,0.39780880120575696,0.39780880120575696,0.0
fiqa,ms1,bradley_terry_graph,graph,32,0.3415156411574981,0.38162168437253385,0.04010604321503575
fiqa,ms1,pagerank_graph,graph,33,0.8065735963827293,0.7977228895450266,-0.008850706837702726
fiqa,ms1,rank_centrality_graph,graph,33,0.7977228895450266,0.778842958530688,-0.018879931014338602
fiqa,ms1,markov_hybrid,hybrid,33,0.8065735963827293,0.8065735963827293,0.0
fiqa,ms1,bradley_terry_graph,graph,33,0.7601875334318685,0.7741900178546666,0.014002484422798056
fiqa,ms1,pagerank_graph,graph,35,0.0,0.0,0.0
fiqa,ms1,rank_centrality_graph,graph,35,0.0,0.0,0.0
fiqa,ms1,markov_hybrid,hybrid,35,0.0,0.0,0.0
fiqa,ms1,bradley_terry_graph,graph,35,0.0,0.0,0.0
fiqa,ms1,pagerank_graph,graph,36,0.0,0.0,0.0
fiqa,ms1,rank_centrality_graph,graph,36,0.0,0.0,0.0
fiqa,ms1,markov_hybrid,hybrid,36,0.0,0.0,0.0
fiqa,ms1,bradley_terry_graph,graph,36,0.0,0.0,0.0
fiqa,ms1,pagerank_graph,graph,37,0.0,0.0,0.0
fiqa,ms1,rank_centrality_graph,graph,37,0.0,0.0,0.0
fiqa,ms1,markov_hybrid,hybrid,37,0.0,0.0,0.0
fiqa,ms1,bradley_terry_graph,graph,37,0.0,0.0,0.0
fiqa,ms1,pagerank_graph,graph,41,0.5,0.6309297535714575,0.13092975357145753
fiqa,ms1,rank_centrality_graph,graph,41,0.5,0.6309297535714575,0.13092975357145753
fiqa,ms1,markov_hybrid,hybrid,41,0.3333333333333333,0.3562071871080222,0.022873853774688868
fiqa,ms1,bradley_terry_graph,graph,41,0.5,1.0,0.5
fiqa,ms1,pagerank_graph,graph,43,0.0,0.0,0.0
fiqa,ms1,rank_centrality_graph,graph,43,0.0,0.0,0.0
fiqa,ms1,markov_hybrid,hybrid,43,0.0,0.0,0.0
fiqa,ms1,bradley_terry_graph,graph,43,0.0,0.0,0.0
fiqa,ms1,pagerank_graph,graph,45,0.8772153153380493,0.8772153153380493,0.0
fiqa,ms1,rank_centrality_graph,graph,45,0.8503449055347546,0.8772153153380493,0.026870409803294693
fiqa,ms1,markov_hybrid,hybrid,45,0.456580389491067,0.456580389491067,0.0
fiqa,ms1,bradley_terry_graph,graph,45,0.6509209298071326,0.8772153153380493,0.22629438553091674
fiqa,ms1,pagerank_graph,graph,46,0.0,0.0,0.0
fiqa,ms1,rank_centrality_graph,graph,46,0.0,0.0,0.0
fiqa,ms1,markov_hybrid,hybrid,46,0.0,0.0,0.0
fiqa,ms1,bradley_terry_graph,graph,46,0.0,0.0,0.0
fiqa,ms1,pagerank_graph,graph,47,0.0,0.0,0.0
fiqa,ms1,rank_centrality_graph,graph,47,0.0,0.0,0.0
fiqa,ms1,markov_hybrid,hybrid,47,0.0,0.0,0.0
fiqa,ms1,bradley_terry_graph,graph,47,0.0,0.0,0.0
fiqa,ms1,pagerank_graph,graph,48,0.3562071871080222,0.31546487678572877,-0.04074231032229342
fiqa,ms1,rank_centrality_graph,graph,48,0.3562071871080222,0.3562071871080222,0.0
fiqa,ms1,markov_hybrid,hybrid,48,0.6309297535714575,0.6309297535714575,0.0
fiqa,ms1,bradley_terry_graph,graph,48,0.3562071871080222,0.3333333333333333,-0.022873853774688868
fiqa,ms1,pagerank_graph,graph,49,0.0,0.0,0.0
fiqa,ms1,rank_centrality_graph,graph,49,0.0,0.0,0.0
fiqa,ms1,markov_hybrid,hybrid,49,0.0,0.0,0.0
fiqa,ms1,bradley_terry_graph,graph,49,0.0,0.0,0.0
fiqa,ms1,pagerank_graph,graph,51,0.0,0.0,0.0
fiqa,ms1,rank_centrality_graph,graph,51,0.0,0.0,0.0
fiqa,ms1,markov_hybrid,hybrid,51,0.0,0.0,0.0
fiqa,ms1,bradley_terry_graph,graph,51,0.0,0.0,0.0
fiqa,ms1,pagerank_graph,graph,52,0.5287217091005357,0.44616897024747965,-0.08255273885305608
fiqa,ms1,rank_centrality_graph,graph,52,0.5287217091005357,0.44844249824872334,-0.08027921085181239
fiqa,ms1,markov_hybrid,hybrid,52,0.5368596003428795,0.5368596003428795,0.0
fiqa,ms1,bradley_terry_graph,graph,52,0.44844249824872334,0.44616897024747965,-0.0022735280012436965
fiqa,ms1,pagerank_graph,graph,53,0.0,0.0,0.0
fiqa,ms1,rank_centrality_graph,graph,53,0.0,0.0,0.0
fiqa,ms1,markov_hybrid,hybrid,53,0.0,0.0,0.0
fiqa,ms1,bradley_terry_graph,graph,53,0.0,0.0,0.0
fiqa,ms1,pagerank_graph,graph,54,0.25,0.23540891336663824,-0.014591086633361755
fiqa,ms1,rank_centrality_graph,graph,54,0.2559580248098155,0.2559580248098155,0.0
fiqa,ms1,markov_hybrid,hybrid,54,0.3010299956639812,0.3010299956639812,0.0
fiqa,ms1,bradley_terry_graph,graph,54,0.23137821315975915,0.23137821315975915,0.0
fiqa,ms1,pagerank_graph,graph,57,1.0,1.0,0.0
fiqa,ms1,rank_centrality_graph,graph,57,1.0,1.0,0.0
fiqa,ms1,markov_hybrid,hybrid,57,1.0,1.0,0.0
fiqa,ms1,bradley_terry_graph,graph,57,1.0,1.0,0.0
fiqa,ms1,pagerank_graph,graph,59,0.0,0.0,0.0
fiqa,ms1,rank_centrality_graph,graph,59,0.0,0.0,0.0
fiqa,ms1,markov_hybrid,hybrid,59,0.0,0.0,0.0
fiqa,ms1,bradley_terry_graph,graph,59,0.0,0.0,0.0
fiqa,ms1,pagerank_graph,graph,61,0.0,0.0,0.0
fiqa,ms1,rank_centrality_graph,graph,61,0.0,0.0,0.0
fiqa,ms1,markov_hybrid,hybrid,61,0.0,0.0,0.0
fiqa,ms1,bradley_terry_graph,graph,61,0.0,0.0,0.0
fiqa,ms1,pagerank_graph,graph,62,0.6309297535714575,0.6309297535714575,0.0
fiqa,ms1,rank_centrality_graph,graph,62,0.3333333333333333,0.3333333333333333,0.0
fiqa,ms1,markov_hybrid,hybrid,62,0.2559580248098155,0.2559580248098155,0.0
fiqa,ms1,bradley_terry_graph,graph,62,0.27023815442731974,0.3562071871080222,0.08596903268070244
fiqa,ms1,pagerank_graph,graph,63,0.0,0.0,0.0
fiqa,ms1,rank_centrality_graph,graph,63,0.0,0.0,0.0
fiqa,ms1,markov_hybrid,hybrid,63,0.0,0.0,0.0
fiqa,ms1,bradley_terry_graph,graph,63,0.0,0.0,0.0
fiqa,ms1,pagerank_graph,graph,64,0.0,0.0,0.0
fiqa,ms1,rank_centrality_graph,graph,64,0.0,0.0,0.0
fiqa,ms1,markov_hybrid,hybrid,64,0.0,0.0,0.0
fiqa,ms1,bradley_terry_graph,graph,64,0.0,0.0,0.0
fiqa,ms1,pagerank_graph,graph,65,0.5802792108518124,0.8175295903539445,0.237250379502132
fiqa,ms1,rank_centrality_graph,graph,65,0.7977228895450266,0.8175295903539445,0.019806700808917888
fiqa,ms1,markov_hybrid,hybrid,65,0.7574875071481796,0.7631539858737962,0.005666478725616653
fiqa,ms1,bradley_terry_graph,graph,65,0.7841802768331765,0.8175295903539445,0.033349313520767976
fiqa,ms1,pagerank_graph,graph,66,1.0,1.0,0.0
fiqa,ms1,rank_centrality_graph,graph,66,1.0,0.9674679834891693,-0.03253201651083071
fiqa,ms1,markov_hybrid,hybrid,66,1.0,1.0,0.0
fiqa,ms1,bradley_terry_graph,graph,66,1.0,1.0,0.0
fiqa,ms1,pagerank_graph,graph,67,1.0,1.0,0.0
fiqa,ms1,rank_centrality_graph,graph,67,1.0,1.0,0.0
fiqa,ms1,markov_hybrid,hybrid,67,0.8772153153380493,0.8772153153380493,0.0
fiqa,ms1,bradley_terry_graph,graph,67,1.0,1.0,0.0
fiqa,ms1,pagerank_graph,graph,69,0.0,0.0,0.0
fiqa,ms1,rank_centrality_graph,graph,69,0.0,0.0,0.0
fiqa,ms1,markov_hybrid,hybrid,69,0.0,0.0,0.0
fiqa,ms1,bradley_terry_graph,graph,69,0.0,0.0,0.0
fiqa,ms1,pagerank_graph,graph,70,0.2559580248098155,0.2559580248098155,0.0
fiqa,ms1,rank_centrality_graph,graph,70,0.2559580248098155,0.25,-0.005958024809815499
fiqa,ms1,markov_hybrid,hybrid,70,0.3333333333333333,0.3333333333333333,0.0
fiqa,ms1,bradley_terry_graph,graph,70,0.25,0.2559580248098155,0.005958024809815499
fiqa,ms1,pagerank_graph,graph,71,0.38685280723454163,0.43067655807339306,0.04382375083885143
fiqa,ms1,rank_centrality_graph,graph,71,0.38685280723454163,0.43067655807339306,0.04382375083885143
fiqa,ms1,markov_hybrid,hybrid,71,0.3010299956639812,0.3010299956639812,0.0
fiqa,ms1,bradley_terry_graph,graph,71,0.31546487678572877,0.43067655807339306,0.11521168128766429
fiqa,ms1,pagerank_graph,graph,72,0.0,0.0,0.0
fiqa,ms1,rank_centrality_graph,graph,72,0.0,0.0,0.0
fiqa,ms1,markov_hybrid,hybrid,72,0.0,0.0,0.0
fiqa,ms1,bradley_terry_graph,graph,72,0.0,0.0,0.0
fiqa,ms1,pagerank_graph,graph,74,0.0,0.0,0.0
fiqa,ms1,rank_centrality_graph,graph,74,0.0,0.0,0.0
fiqa,ms1,markov_hybrid,hybrid,74,0.0,0.0,0.0
fiqa,ms1,bradley_terry_graph,graph,74,0.0,0.0,0.0
fiqa,ms1,pagerank_graph,graph,75,1.0,1.0,0.0
fiqa,ms1,rank_centrality_graph,graph,75,1.0,1.0,0.0
fiqa,ms1,markov_hybrid,hybrid,75,1.0,1.0,0.0
fiqa,ms1,bradley_terry_graph,graph,75,1.0,1.0,0.0
fiqa,ms1,pagerank_graph,graph,76,0.0,0.0,0.0
fiqa,ms1,rank_centrality_graph,graph,76,0.0,0.0,0.0
fiqa,ms1,markov_hybrid,hybrid,76,0.0,0.0,0.0
fiqa,ms1,bradley_terry_graph,graph,76,0.0,0.0,0.0
fiqa,ms1,pagerank_graph,graph,78,0.0,0.0,0.0
fiqa,ms1,rank_centrality_graph,graph,78,0.0,0.0,0.0
fiqa,ms1,markov_hybrid,hybrid,78,0.0,0.0,0.0
fiqa,ms1,bradley_terry_graph,graph,78,0.0,0.0,0.0
fiqa,ms1,pagerank_graph,graph,80,0.0,0.0,0.0
fiqa,ms1,rank_centrality_graph,graph,80,0.0,0.0,0.0
fiqa,ms1,markov_hybrid,hybrid,80,0.0,0.0,0.0
fiqa,ms1,bradley_terry_graph,graph,80,0.0,0.0,0.0
fiqa,ms1,pagerank_graph,graph,81,0.0,0.0,0.0
fiqa,ms1,rank_centrality_graph,graph,81,0.0,0.0,0.0
fiqa,ms1,markov_hybrid,hybrid,81,0.0,0.0,0.0
fiqa,ms1,bradley_terry_graph,graph,81,0.0,0.0,0.0
fiqa,ms1,pagerank_graph,graph,82,0.23981246656813146,0.23137821315975915,-0.00843425340837231
fiqa,ms1,rank_centrality_graph,graph,82,0.24465054211822604,0.23137821315975915,-0.013272328958466889
fiqa,ms1,markov_hybrid,hybrid,82,0.43067655807339306,0.43067655807339306,0.0
fiqa,ms1,bradley_terry_graph,graph,82,0.23137821315975915,0.23137821315975915,0.0
fiqa,ms1,pagerank_graph,graph,83,0.0,0.0,0.0
fiqa,ms1,rank_centrality_graph,graph,83,0.0,0.0,0.0
fiqa,ms1,markov_hybrid,hybrid,83,0.0,0.0,0.0
fiqa,ms1,bradley_terry_graph,graph,83,0.0,0.0,0.0
fiqa,ms1,pagerank_graph,graph,85,0.0,0.0,0.0
fiqa,ms1,rank_centrality_graph,graph,85,0.0,0.0,0.0
fiqa,ms1,markov_hybrid,hybrid,85,0.0,0.0,0.0
fiqa,ms1,bradley_terry_graph,graph,85,0.0,0.0,0.0
fiqa,ms1,pagerank_graph,graph,86,0.0,0.0,0.0
fiqa,ms1,rank_centrality_graph,graph,86,0.0,0.0,0.0
fiqa,ms1,markov_hybrid,hybrid,86,0.0,0.0,0.0
fiqa,ms1,bradley_terry_graph,graph,86,0.0,0.0,0.0
fiqa,ms1,pagerank_graph,graph,87,0.0,0.0,0.0
fiqa,ms1,rank_centrality_graph,graph,87,0.0,0.0,0.0
fiqa,ms1,markov_hybrid,hybrid,87,0.0,0.0,0.0
fiqa,ms1,bradley_terry_graph,graph,87,0.0,0.0,0.0
fiqa,ms1,pagerank_graph,graph,88,0.5,0.5,0.0
fiqa,ms1,rank_centrality_graph,graph,88,0.5,0.43067655807339306,-0.06932344192660694
fiqa,ms1,markov_hybrid,hybrid,88,0.5,0.5,0.0
fiqa,ms1,bradley_terry_graph,graph,88,0.5,0.5,0.0
fiqa,ms1,pagerank_graph,graph,91,0.6309297535714575,1.0,0.36907024642854247
fiqa,ms1,rank_centrality_graph,graph,91,1.0,1.0,0.0
fiqa,ms1,markov_hybrid,hybrid,91,1.0,1.0,0.0
fiqa,ms1,bradley_terry_graph,graph,91,1.0,1.0,0.0
fiqa,ms1,pagerank_graph,graph,92,0.0,0.0,0.0
fiqa,ms1,rank_centrality_graph,graph,92,0.0,0.0,0.0
fiqa,ms1,markov_hybrid,hybrid,92,0.0,0.0,0.0
fiqa,ms1,bradley_terry_graph,graph,92,0.0,0.0,0.0
fiqa,ms1,pagerank_graph,graph,93,0.27894294565112987,0.2890648263178879,0.01012188066675801
fiqa,ms1,rank_centrality_graph,graph,93,0.2890648263178879,0.2890648263178879,0.0
fiqa,ms1,markov_hybrid,hybrid,93,0.2890648263178879,0.2890648263178879,0.0
fiqa,ms1,bradley_terry_graph,graph,93,0.3010299956639812,0.2890648263178879,-0.011965169346093318
fiqa,ms1,pagerank_graph,graph,95,0.23540891336663824,0.24465054211822604,0.009241628751587794
fiqa,ms1,rank_centrality_graph,graph,95,0.23540891336663824,0.23540891336663824,0.0
fiqa,ms1,markov_hybrid,hybrid,95,0.2559580248098155,0.2559580248098155,0.0
fiqa,ms1,bradley_terry_graph,graph,95,0.23137821315975915,0.23981246656813146,0.00843425340837231
fiqa,ms1,pagerank_graph,graph,96,0.6309297535714575,0.5,-0.13092975357145753
fiqa,ms1,rank_centrality_graph,graph,96,0.38685280723454163,0.5,0.11314719276545837
fiqa,ms1,markov_hybrid,hybrid,96,0.3010299956639812,0.3333333333333333,0.03230333766935212
fiqa,ms1,bradley_terry_graph,graph,96,0.43067655807339306,0.5,0.06932344192660694
fiqa,ms1,pagerank_graph,graph,97,0.23540891336663824,0.23540891336663824,0.0
fiqa,ms1,rank_centrality_graph,graph,97,0.23981246656813146,0.23981246656813146,0.0
fiqa,ms1,markov_hybrid,hybrid,97,0.3010299956639812,0.3010299956639812,0.0
fiqa,ms1,bradley_terry_graph,graph,97,0.23540891336663824,0.23540891336663824,0.0
fiqa,ms1,pagerank_graph,graph,99,0.8693422606817541,0.8723047062986427,0.0029624456168885205
fiqa,ms1,rank_centrality_graph,graph,99,0.8211923425539633,0.8932547230000344,0.07206238044607105
fiqa,ms1,markov_hybrid,hybrid,99,0.9407662247971147,0.9407662247971147,0.0
fiqa,ms1,bradley_terry_graph,graph,99,0.8332128630752801,0.8843252268199594,0.05111236374467931
fiqa,ms1,pagerank_graph,graph,102,1.0,1.0,0.0
fiqa,ms1,rank_centrality_graph,graph,102,1.0,1.0,0.0
fiqa,ms1,markov_hybrid,hybrid,102,1.0,1.0,0.0
fiqa,ms1,bradley_terry_graph,graph,102,1.0,1.0,0.0
fiqa,ms1,pagerank_graph,graph,105,0.43067655807339306,0.43067655807339306,0.0
fiqa,ms1,rank_centrality_graph,graph,105,0.43067655807339306,0.43067655807339306,0.0
fiqa,ms1,markov_hybrid,hybrid,105,1.0,1.0,0.0
fiqa,ms1,bradley_terry_graph,graph,105,0.43067655807339306,0.43067655807339306,0.0
fiqa,ms1,pagerank_graph,graph,107,0.0,0.0,0.0
fiqa,ms1,rank_centrality_graph,graph,107,0.0,0.0,0.0
fiqa,ms1,markov_hybrid,hybrid,107,0.0,0.0,0.0
fiqa,ms1,bradley_terry_graph,graph,107,0.0,0.0,0.0
fiqa,ms1,pagerank_graph,graph,108,0.0,0.0,0.0
fiqa,ms1,rank_centrality_graph,graph,108,0.0,0.0,0.0
fiqa,ms1,markov_hybrid,hybrid,108,0.0,0.0,0.0
fiqa,ms1,bradley_terry_graph,graph,108,0.0,0.0,0.0
fiqa,ms1,pagerank_graph,graph,110,0.43067655807339306,0.38685280723454163,-0.04382375083885143
fiqa,ms1,rank_centrality_graph,graph,110,0.38685280723454163,0.3333333333333333,-0.053519473901208314
fiqa,ms1,markov_hybrid,hybrid,110,0.2890648263178879,0.2890648263178879,0.0
fiqa,ms1,bradley_terry_graph,graph,110,0.27023815442731974,0.31546487678572877,0.04522672235840902
fiqa,ms1,pagerank_graph,graph,111,0.0,0.0,0.0
fiqa,ms1,rank_centrality_graph,graph,111,0.0,0.0,0.0
fiqa,ms1,markov_hybrid,hybrid,111,0.0,0.0,0.0
fiqa,ms1,bradley_terry_graph,graph,111,0.0,0.0,0.0
fiqa,ms1,pagerank_graph,graph,112,1.0,1.0,0.0
fiqa,ms1,rank_centrality_graph,graph,112,1.0,1.0,0.0
fiqa,ms1,markov_hybrid,hybrid,112,1.0,1.0,0.0
fiqa,ms1,bradley_terry_graph,graph,112,1.0,1.0,0.0
fiqa,ms1,pagerank_graph,graph,439,1.0,1.0,0.0
fiqa,ms1,rank_centrality_graph,graph,439,1.0,1.0,0.0
fiqa,ms1,markov_hybrid,hybrid,439,1.0,1.0,0.0
fiqa,ms1,bradley_terry_graph,graph,439,1.0,1.0,0.0
fiqa,ms1,pagerank_graph,graph,442,0.6509209298071326,0.6509209298071326,0.0
fiqa,ms1,rank_centrality_graph,graph,442,0.6509209298071326,0.5249810332008933,-0.12593989660623928
fiqa,ms1,markov_hybrid,hybrid,442,0.38153802715201746,0.36027633868415837,-0.021261688467859086
fiqa,ms1,bradley_terry_graph,graph,442,0.8175295903539445,0.5706417189553201,-0.24688787139862434
fiqa,ms1,pagerank_graph,graph,443,0.43067655807339306,0.43067655807339306,0.0
fiqa,ms1,rank_centrality_graph,graph,443,0.43067655807339306,0.43067655807339306,0.0
fiqa,ms1,markov_hybrid,hybrid,443,0.5,0.5,0.0
fiqa,ms1,bradley_terry_graph,graph,443,0.5,0.43067655807339306,-0.06932344192660694
fiqa,ms1,pagerank_graph,graph,444,0.8667300285846676,0.8156176648399884,-0.0511123637446792
fiqa,ms1,rank_centrality_graph,graph,444,0.6692141095655068,0.7865723500859707,0.11735824052046395
fiqa,ms1,markov_hybrid,hybrid,444,0.8773497378596238,0.8773497378596238,0.0
fiqa,ms1,bradley_terry_graph,graph,444,0.6145580761280948,0.806316281856543,0.19175820572844826
fiqa,ms1,pagerank_graph,graph,445,0.0,0.0,0.0
fiqa,ms1,rank_centrality_graph,graph,445,0.0,0.0,0.0
fiqa,ms1,markov_hybrid,hybrid,445,0.0,0.0,0.0
fiqa,ms1,bradley_terry_graph,graph,445,0.0,0.0,0.0
fiqa,ms1,pagerank_graph,graph,446,1.0,0.43067655807339306,-0.5693234419266069
fiqa,ms1,rank_centrality_graph,graph,446,0.6309297535714575,0.38685280723454163,-0.2440769463369159
fiqa,ms1,markov_hybrid,hybrid,446,0.5,0.5,0.0
fiqa,ms1,bradley_terry_graph,graph,446,0.38685280723454163,0.43067655807339306,0.04382375083885143
fiqa,ms1,pagerank_graph,graph,447,0.29187569497433197,0.3029117269552023,0.011036031980870331
fiqa,ms1,rank_centrality_graph,graph,447,0.2896021669730883,0.2965353182426804,0.006933151269592097
fiqa,ms1,markov_hybrid,hybrid,447,0.29187569497433197,0.29187569497433197,0.0
fiqa,ms1,bradley_terry_graph,graph,447,0.31290198593371227,0.3029117269552023,-0.00999025897850997
fiqa,ms1,pagerank_graph,graph,448,0.0,0.0,0.0
fiqa,ms1,rank_centrality_graph,graph,448,0.0,0.0,0.0
fiqa,ms1,markov_hybrid,hybrid,448,0.0,0.0,0.0
fiqa,ms1,bradley_terry_graph,graph,448,0.0,0.0,0.0
fiqa,ms1,pagerank_graph,graph,449,0.25,0.27023815442731974,0.020238154427319743
fiqa,ms1,rank_centrality_graph,graph,449,0.26264953503719357,0.2890648263178879,0.02641529128069431
fiqa,ms1,markov_hybrid,hybrid,449,0.23137821315975915,0.23137821315975915,0.0
fiqa,ms1,bradley_terry_graph,graph,449,0.3010299956639812,0.3010299956639812,0.0
fiqa,ms1,pagerank_graph,graph,450,0.38685280723454163,0.3562071871080222,-0.030645620126519446
fiqa,ms1,rank_centrality_graph,graph,450,0.3010299956639812,0.2890648263178879,-0.011965169346093318
fiqa,ms1,markov_hybrid,hybrid,450,0.5,0.5,0.0
fiqa,ms1,bradley_terry_graph,graph,450,0.2890648263178879,0.3010299956639812,0.011965169346093318
fiqa,ms1,pagerank_graph,graph,452,0.0,0.0,0.0
fiqa,ms1,rank_centrality_graph,graph,452,0.0,0.0,0.0
fiqa,ms1,markov_hybrid,hybrid,452,0.0,0.0,0.0
fiqa,ms1,bradley_terry_graph,graph,452,0.0,0.0,0.0
fiqa,ms1,pagerank_graph,graph,453,0.0,0.0,0.0
fiqa,ms1,rank_centrality_graph,graph,453,0.0,0.0,0.0
fiqa,ms1,markov_hybrid,hybrid,453,0.0,0.0,0.0
fiqa,ms1,bradley_terry_graph,graph,453,0.0,0.0,0.0
fiqa,ms1,pagerank_graph,graph,454,0.9197207891481876,0.8315546295836225,-0.08816615956456508
fiqa,ms1,rank_centrality_graph,graph,454,0.8315546295836225,0.7903864795495061,-0.041168150034116335
fiqa,ms1,markov_hybrid,hybrid,454,0.9197207891481876,0.9197207891481876,0.0
fiqa,ms1,bradley_terry_graph,graph,454,0.7977228895450266,0.7977228895450266,0.0
fiqa,ms1,pagerank_graph,graph,456,0.8772153153380493,0.8772153153380493,0.0
fiqa,ms1,rank_centrality_graph,graph,456,0.8315546295836225,0.8315546295836225,0.0
fiqa,ms1,markov_hybrid,hybrid,456,0.9197207891481876,0.9197207891481876,0.0
fiqa,ms1,bradley_terry_graph,graph,456,0.8503449055347546,0.8503449055347546,0.0
fiqa,ms1,pagerank_graph,graph,457,0.0,0.0,0.0
fiqa,ms1,rank_centrality_graph,graph,457,0.0,0.0,0.0
fiqa,ms1,markov_hybrid,hybrid,457,0.0,0.0,0.0
fiqa,ms1,bradley_terry_graph,graph,457,0.0,0.0,0.0
fiqa,ms1,pagerank_graph,graph,458,0.9197207891481876,0.6509209298071326,-0.268799859341055
fiqa,ms1,rank_centrality_graph,graph,458,0.6509209298071326,0.6509209298071326,0.0
fiqa,ms1,markov_hybrid,hybrid,458,0.6509209298071326,0.6509209298071326,0.0
fiqa,ms1,bradley_terry_graph,graph,458,0.5437713091520254,0.6509209298071326,0.10714962065510714
fiqa,ms1,pagerank_graph,graph,460,0.0,0.0,0.0
fiqa,ms1,rank_centrality_graph,graph,460,0.0,0.0,0.0
fiqa,ms1,markov_hybrid,hybrid,460,0.0,0.0,0.0
fiqa,ms1,bradley_terry_graph,graph,460,0.0,0.0,0.0
fiqa,ms1,pagerank_graph,graph,461,0.0,0.0,0.0
fiqa,ms1,rank_centrality_graph,graph,461,0.0,0.0,0.0
fiqa,ms1,markov_hybrid,hybrid,461,0.0,0.0,0.0
fiqa,ms1,bradley_terry_graph,graph,461,0.0,0.0,0.0
fiqa,ms1,pagerank_graph,graph,462,0.0,0.0,0.0
fiqa,ms1,rank_centrality_graph,graph,462,0.0,0.0,0.0
fiqa,ms1,markov_hybrid,hybrid,462,0.0,0.0,0.0
fiqa,ms1,bradley_terry_graph,graph,462,0.0,0.0,0.0
fiqa,ms1,pagerank_graph,graph,464,0.0,0.0,0.0
fiqa,ms1,rank_centrality_graph,graph,464,0.0,0.0,0.0
fiqa,ms1,markov_hybrid,hybrid,464,0.0,0.0,0.0
fiqa,ms1,bradley_terry_graph,graph,464,0.0,0.0,0.0
fiqa,ms1,pagerank_graph,graph,465,0.0,0.0,0.0
fiqa,ms1,rank_centrality_graph,graph,465,0.0,0.0,0.0
fiqa,ms1,markov_hybrid,hybrid,465,0.0,0.0,0.0
fiqa,ms1,bradley_terry_graph,graph,465,0.0,0.0,0.0
fiqa,ms1,pagerank_graph,graph,466,0.0,0.0,0.0
fiqa,ms1,rank_centrality_graph,graph,466,0.0,0.0,0.0
fiqa,ms1,markov_hybrid,hybrid,466,0.0,0.0,0.0
fiqa,ms1,bradley_terry_graph,graph,466,0.0,0.0,0.0
fiqa,ms1,pagerank_graph,graph,467,0.0,0.0,0.0
fiqa,ms1,rank_centrality_graph,graph,467,0.0,0.0,0.0
fiqa,ms1,markov_hybrid,hybrid,467,0.0,0.0,0.0
fiqa,ms1,bradley_terry_graph,graph,467,0.0,0.0,0.0
fiqa,ms1,pagerank_graph,graph,468,1.0,1.0,0.0
fiqa,ms1,rank_centrality_graph,graph,468,1.0,1.0,0.0
fiqa,ms1,markov_hybrid,hybrid,468,1.0,1.0,0.0
fiqa,ms1,bradley_terry_graph,graph,468,1.0,1.0,0.0
fiqa,ms1,pagerank_graph,graph,470,0.0,0.0,0.0
fiqa,ms1,rank_centrality_graph,graph,470,0.0,0.0,0.0
fiqa,ms1,markov_hybrid,hybrid,470,0.0,0.0,0.0
fiqa,ms1,bradley_terry_graph,graph,470,0.0,0.0,0.0
fiqa,ms1,pagerank_graph,graph,471,0.0,0.0,0.0
fiqa,ms1,rank_centrality_graph,graph,471,0.0,0.0,0.0
fiqa,ms1,markov_hybrid,hybrid,471,0.0,0.0,0.0
fiqa,ms1,bradley_terry_graph,graph,471,0.0,0.0,0.0
fiqa,ms1,pagerank_graph,graph,472,1.0,1.0,0.0
fiqa,ms1,rank_centrality_graph,graph,472,1.0,1.0,0.0
fiqa,ms1,markov_hybrid,hybrid,472,1.0,1.0,0.0
fiqa,ms1,bradley_terry_graph,graph,472,1.0,1.0,0.0
fiqa,ms1,pagerank_graph,graph,473,0.0,0.0,0.0
fiqa,ms1,rank_centrality_graph,graph,473,0.0,0.0,0.0
fiqa,ms1,markov_hybrid,hybrid,473,0.0,0.0,0.0
fiqa,ms1,bradley_terry_graph,graph,473,0.0,0.0,0.0
fiqa,ms1,pagerank_graph,graph,474,1.0,1.0,0.0
fiqa,ms1,rank_centrality_graph,graph,474,1.0,1.0,0.0
fiqa,ms1,markov_hybrid,hybrid,474,1.0,1.0,0.0
fiqa,ms1,bradley_terry_graph,graph,474,1.0,1.0,0.0
fiqa,ms1,pagerank_graph,graph,478,0.3562071871080222,0.3562071871080222,0.0
fiqa,ms1,rank_centrality_graph,graph,478,0.3333333333333333,0.38685280723454163,0.053519473901208314
fiqa,ms1,markov_hybrid,hybrid,478,0.27023815442731974,0.2890648263178879,0.018826671890568136
fiqa,ms1,bradley_terry_graph,graph,478,0.25,0.38685280723454163,0.13685280723454163
fiqa,ms1,pagerank_graph,graph,479,0.8315546295836225,0.46845052016107697,-0.3631041094225455
fiqa,ms1,rank_centrality_graph,graph,479,0.5109559939712153,0.4227898344066503,-0.08816615956456497
fiqa,ms1,markov_hybrid,hybrid,479,0.5437713091520254,0.5012658353418871,-0.04250547381013836
fiqa,ms1,bradley_terry_graph,graph,479,0.4415801103577823,0.4415801103577823,0.0
fiqa,ms1,pagerank_graph,graph,480,0.0,0.0,0.0
fiqa,ms1,rank_centrality_graph,graph,480,0.0,0.0,0.0
fiqa,ms1,markov_hybrid,hybrid,480,0.0,0.0,0.0
fiqa,ms1,bradley_terry_graph,graph,480,0.0,0.0,0.0
fiqa,ms1,pagerank_graph,graph,481,0.0,0.0,0.0
fiqa,ms1,rank_centrality_graph,graph,481,0.0,0.0,0.0
fiqa,ms1,markov_hybrid,hybrid,481,0.0,0.0,0.0
fiqa,ms1,bradley_terry_graph,graph,481,0.0,0.0,0.0
fiqa,ms1,pagerank_graph,graph,482,1.0,0.6309297535714575,-0.36907024642854247
fiqa,ms1,rank_centrality_graph,graph,482,0.43067655807339306,0.5,0.06932344192660694
fiqa,ms1,markov_hybrid,hybrid,482,0.3333333333333333,0.3562071871080222,0.022873853774688868
fiqa,ms1,bradley_terry_graph,graph,482,0.3333333333333333,0.5,0.16666666666666669
fiqa,ms1,pagerank_graph,graph,485,0.0,0.0,0.0
fiqa,ms1,rank_centrality_graph,graph,485,0.0,0.0,0.0
fiqa,ms1,markov_hybrid,hybrid,485,0.0,0.0,0.0
fiqa,ms1,bradley_terry_graph,graph,485,0.0,0.0,0.0
fiqa,ms1,pagerank_graph,graph,486,1.0,1.0,0.0
fiqa,ms1,rank_centrality_graph,graph,486,1.0,1.0,0.0
fiqa,ms1,markov_hybrid,hybrid,486,1.0,1.0,0.0
fiqa,ms1,bradley_terry_graph,graph,486,1.0,1.0,0.0
fiqa,ms1,pagerank_graph,graph,487,0.6309297535714575,0.6309297535714575,0.0
fiqa,ms1,rank_centrality_graph,graph,487,1.0,0.6309297535714575,-0.36907024642854247
fiqa,ms1,markov_hybrid,hybrid,487,0.43067655807339306,0.43067655807339306,0.0
fiqa,ms1,bradley_terry_graph,graph,487,1.0,0.6309297535714575,-0.36907024642854247
fiqa,ms1,pagerank_graph,graph,488,0.0,0.0,0.0
fiqa,ms1,rank_centrality_graph,graph,488,0.0,0.0,0.0
fiqa,ms1,markov_hybrid,hybrid,488,0.0,0.0,0.0
fiqa,ms1,bradley_terry_graph,graph,488,0.0,0.0,0.0
fiqa,ms1,pagerank_graph,graph,489,0.0,0.0,0.0
fiqa,ms1,rank_centrality_graph,graph,489,0.0,0.0,0.0
fiqa,ms1,markov_hybrid,hybrid,489,0.0,0.0,0.0
fiqa,ms1,bradley_terry_graph,graph,489,0.0,0.0,0.0
fiqa,ms1,pagerank_graph,graph,490,0.0,0.0,0.0
fiqa,ms1,rank_centrality_graph,graph,490,0.0,0.0,0.0
fiqa,ms1,markov_hybrid,hybrid,490,0.0,0.0,0.0
fiqa,ms1,bradley_terry_graph,graph,490,0.0,0.0,0.0
fiqa,ms1,pagerank_graph,graph,491,1.0,1.0,0.0
fiqa,ms1,rank_centrality_graph,graph,491,1.0,1.0,0.0
fiqa,ms1,markov_hybrid,hybrid,491,1.0,1.0,0.0
fiqa,ms1,bradley_terry_graph,graph,491,1.0,1.0,0.0
fiqa,ms1,pagerank_graph,graph,493,0.2890648263178879,0.2890648263178879,0.0
fiqa,ms1,rank_centrality_graph,graph,493,0.2890648263178879,0.3010299956639812,0.011965169346093318
fiqa,ms1,markov_hybrid,hybrid,493,0.2559580248098155,0.2559580248098155,0.0
fiqa,ms1,bradley_terry_graph,graph,493,0.27023815442731974,0.2890648263178879,0.018826671890568136
fiqa,ms1,pagerank_graph,graph,494,0.0,0.0,0.0
fiqa,ms1,rank_centrality_graph,graph,494,0.0,0.0,0.0
fiqa,ms1,markov_hybrid,hybrid,494,0.0,0.0,0.0
fiqa,ms1,bradley_terry_graph,graph,494,0.0,0.0,0.0
fiqa,ms1,pagerank_graph,graph,497,0.43067655807339306,0.5,0.06932344192660694
fiqa,ms1,rank_centrality_graph,graph,497,0.5,0.5,0.0
fiqa,ms1,markov_hybrid,hybrid,497,1.0,1.0,0.0
fiqa,ms1,bradley_terry_graph,graph,497,0.5,0.5,0.0
fiqa,ms1,pagerank_graph,graph,498,0.3333333333333333,0.3010299956639812,-0.03230333766935212
fiqa,ms1,rank_centrality_graph,graph,498,0.3333333333333333,0.2890648263178879,-0.044268507015445435
fiqa,ms1,markov_hybrid,hybrid,498,1.0,1.0,0.0
fiqa,ms1,bradley_terry_graph,graph,498,0.31546487678572877,0.2890648263178879,-0.026400050467840885
fiqa,ms1_drop_mutual,pagerank_graph,graph,0,0.0,0.0,0.0
fiqa,ms1_drop_mutual,rank_centrality_graph,graph,0,0.0,0.0,0.0
fiqa,ms1_drop_mutual,markov_hybrid,hybrid,0,0.0,0.0,0.0
fiqa,ms1_drop_mutual,bradley_terry_graph,graph,0,0.0,0.0,0.0
fiqa,ms1_drop_mutual,pagerank_graph,graph,4,0.227670248696953,0.227670248696953,0.0
fiqa,ms1_drop_mutual,rank_centrality_graph,graph,4,0.227670248696953,0.227670248696953,0.0
fiqa,ms1_drop_mutual,markov_hybrid,hybrid,4,0.27023815442731974,0.27023815442731974,0.0
fiqa,ms1_drop_mutual,bradley_terry_graph,graph,4,0.227670248696953,0.227670248696953,0.0
fiqa,ms1_drop_mutual,pagerank_graph,graph,5,0.0,0.0,0.0
fiqa,ms1_drop_mutual,rank_centrality_graph,graph,5,0.0,0.0,0.0
fiqa,ms1_drop_mutual,markov_hybrid,hybrid,5,0.0,0.0,0.0
fiqa,ms1_drop_mutual,bradley_terry_graph,graph,5,0.0,0.0,0.0
fiqa,ms1_drop_mutual,pagerank_graph,graph,6,0.5635637263443194,0.5635637263443194,0.0
fiqa,ms1_drop_mutual,rank_centrality_graph,graph,6,0.53350083705442,0.53350083705442,0.0
fiqa,ms1_drop_mutual,markov_hybrid,hybrid,6,0.5600025487046494,0.5600025487046494,0.0
fiqa,ms1_drop_mutual,bradley_terry_graph,graph,6,0.5540663910176149,0.5540663910176149,0.0
fiqa,ms1_drop_mutual,pagerank_graph,graph,7,0.0,0.0,0.0
fiqa,ms1_drop_mutual,rank_centrality_graph,graph,7,0.0,0.0,0.0
fiqa,ms1_drop_mutual,markov_hybrid,hybrid,7,0.0,0.0,0.0
fiqa,ms1_drop_mutual,bradley_terry_graph,graph,7,0.0,0.0,0.0
fiqa,ms1_drop_mutual,pagerank_graph,graph,9,0.0,0.0,0.0
fiqa,ms1_drop_mutual,rank_centrality_graph,graph,9,0.0,0.0,0.0
fiqa,ms1_drop_mutual,markov_hybrid,hybrid,9,0.0,0.0,0.0
fiqa,ms1_drop_mutual,bradley_terry_graph,graph,9,0.0,0.0,0.0
fiqa,ms1_drop_mutual,pagerank_graph,graph,11,0.0,0.0,0.0
fiqa,ms1_drop_mutual,rank_centrality_graph,graph,11,0.0,0.0,0.0
fiqa,ms1_drop_mutual,markov_hybrid,hybrid,11,0.0,0.0,0.0
fiqa,ms1_drop_mutual,bradley_terry_graph,graph,11,0.0,0.0,0.0
fiqa,ms1_drop_mutual,pagerank_graph,graph,12,0.8315546295836225,0.8315546295836225,0.0
fiqa,ms1_drop_mutual,rank_centrality_graph,graph,12,0.8503449055347546,0.8503449055347546,0.0
fiqa,ms1_drop_mutual,markov_hybrid,hybrid,12,0.778842958530688,0.778842958530688,0.0
fiqa,ms1_drop_mutual,bradley_terry_graph,graph,12,0.9197207891481876,0.9197207891481876,0.0
fiqa,ms1_drop_mutual,pagerank_graph,graph,13,0.3562071871080222,0.27023815442731974,-0.08596903268070244
fiqa,ms1_drop_mutual,rank_centrality_graph,graph,13,0.31546487678572877,0.23981246656813146,-0.0756524102175973
fiqa,ms1_drop_mutual,markov_hybrid,hybrid,13,0.3562071871080222,0.3333333333333333,-0.022873853774688868
fiqa,ms1_drop_mutual,bradley_terry_graph,graph,13,0.27023815442731974,0.2559580248098155,-0.014280129617504245
fiqa,ms1_drop_mutual,pagerank_graph,graph,14,1.0,1.0,0.0
fiqa,ms1_drop_mutual,rank_centrality_graph,graph,14,1.0,1.0,0.0
fiqa,ms1_drop_mutual,markov_hybrid,hybrid,14,1.0,1.0,0.0
fiqa,ms1_drop_mutual,bradley_terry_graph,graph,14,1.0,1.0,0.0
fiqa,ms1_drop_mutual,pagerank_graph,graph,16,0.0,0.0,0.0
fiqa,ms1_drop_mutual,rank_centrality_graph,graph,16,0.0,0.0,0.0
fiqa,ms1_drop_mutual,markov_hybrid,hybrid,16,0.0,0.0,0.0
fiqa,ms1_drop_mutual,bradley_terry_graph,graph,16,0.0,0.0,0.0
fiqa,ms1_drop_mutual,pagerank_graph,graph,19,0.0,0.0,0.0
fiqa,ms1_drop_mutual,rank_centrality_graph,graph,19,0.0,0.0,0.0
fiqa,ms1_drop_mutual,markov_hybrid,hybrid,19,0.0,0.0,0.0
fiqa,ms1_drop_mutual,bradley_terry_graph,graph,19,0.0,0.0,0.0
fiqa,ms1_drop_mutual,pagerank_graph,graph,20,0.31546487678572877,0.31546487678572877,0.0
fiqa,ms1_drop_mutual,rank_centrality_graph,graph,20,0.31546487678572877,0.31546487678572877,0.0
fiqa,ms1_drop_mutual,markov_hybrid,hybrid,20,0.31546487678572877,0.31546487678572877,0.0
fiqa,ms1_drop_mutual,bradley_terry_graph,graph,20,0.3010299956639812,0.3010299956639812,0.0
fiqa,ms1_drop_mutual,pagerank_graph,graph,21,0.0,0.0,0.0
fiqa,ms1_drop_mutual,rank_centrality_graph,graph,21,0.0,0.0,0.0
fiqa,ms1_drop_mutual,markov_hybrid,hybrid,21,0.0,0.0,0.0
fiqa,ms1_drop_mutual,bradley_terry_graph,graph,21,0.0,0.0,0.0
fiqa,ms1_drop_mutual,pagerank_graph,graph,23,0.0,0.0,0.0
fiqa,ms1_drop_mutual,rank_centrality_graph,graph,23,0.0,0.0,0.0
fiqa,ms1_drop_mutual,markov_hybrid,hybrid,23,0.0,0.0,0.0
fiqa,ms1_drop_mutual,bradley_terry_graph,graph,23,0.0,0.0,0.0
fiqa,ms1_drop_mutual,pagerank_graph,graph,25,0.2559580248098155,0.2559580248098155,0.0
fiqa,ms1_drop_mutual,rank_centrality_graph,graph,25,0.25,0.25,0.0
fiqa,ms1_drop_mutual,markov_hybrid,hybrid,25,0.26264953503719357,0.26264953503719357,0.0
fiqa,ms1_drop_mutual,bradley_terry_graph,graph,25,0.25,0.25,0.0
fiqa,ms1_drop_mutual,pagerank_graph,graph,27,0.0,0.0,0.0
fiqa,ms1_drop_mutual,rank_centrality_graph,graph,27,0.0,0.0,0.0
fiqa,ms1_drop_mutual,markov_hybrid,hybrid,27,0.0,0.0,0.0
fiqa,ms1_drop_mutual,bradley_terry_graph,graph,27,0.0,0.0,0.0
fiqa,ms1_drop_mutual,pagerank_graph,graph,28,0.0,0.0,0.0
fiqa,ms1_drop_mutual,rank_centrality_graph,graph,28,0.0,0.0,0.0
fiqa,ms1_drop_mutual,markov_hybrid,hybrid,28,0.0,0.0,0.0
fiqa,ms1_drop_mutual,bradley_terry_graph,graph,28,0.0,0.0,0.0
fiqa,ms1_drop_mutual,pagerank_graph,graph,30,0.3576691957798507,0.3576691957798507,0.0
fiqa,ms1_drop_mutual,rank_centrality_graph,graph,30,0.34561852186877634,0.34561852186877634,0.0
fiqa,ms1_drop_mutual,markov_hybrid,hybrid,30,0.7700871371433883,0.7700871371433883,0.0
fiqa,ms1_drop_mutual,bradley_terry_graph,graph,30,0.3316160374459783,0.3316160374459783,0.0
fiqa,ms1_drop_mutual,pagerank_graph,graph,31,0.0,0.0,0.0
fiqa,ms1_drop_mutual,rank_centrality_graph,graph,31,0.0,0.0,0.0
fiqa,ms1_drop_mutual,markov_hybrid,hybrid,31,0.0,0.0,0.0
fiqa,ms1_drop_mutual,bradley_terry_graph,graph,31,0.0,0.0,0.0
fiqa,ms1_drop_mutual,pagerank_graph,graph,32,0.3753473811960941,0.3794502619073723,0.0041028807112781784
fiqa,ms1_drop_mutual,rank_centrality_graph,graph,32,0.3242796274504579,0.3242796274504579,0.0
fiqa,ms1_drop_mutual,markov_hybrid,hybrid,32,0.39780880120575696,0.39780880120575696,0.0
fiqa,ms1_drop_mutual,bradley_terry_graph,graph,32,0.334582489887906,0.334582489887906,0.0
fiqa,ms1_drop_mutual,pagerank_graph,graph,33,0.7550160946314525,0.7550160946314525,0.0
fiqa,ms1_drop_mutual,rank_centrality_graph,graph,33,0.7601875334318685,0.7601875334318685,0.0
fiqa,ms1_drop_mutual,markov_hybrid,hybrid,33,0.8065735963827293,0.8065735963827293,0.0
fiqa,ms1_drop_mutual,bradley_terry_graph,graph,33,0.7550160946314525,0.7550160946314525,0.0
fiqa,ms1_drop_mutual,pagerank_graph,graph,35,0.0,0.0,0.0
fiqa,ms1_drop_mutual,rank_centrality_graph,graph,35,0.0,0.0,0.0
fiqa,ms1_drop_mutual,markov_hybrid,hybrid,35,0.0,0.0,0.0
fiqa,ms1_drop_mutual,bradley_terry_graph,graph,35,0.0,0.0,0.0
fiqa,ms1_drop_mutual,pagerank_graph,graph,36,0.0,0.0,0.0
fiqa,ms1_drop_mutual,rank_centrality_graph,graph,36,0.0,0.0,0.0
fiqa,ms1_drop_mutual,markov_hybrid,hybrid,36,0.0,0.0,0.0
fiqa,ms1_drop_mutual,bradley_terry_graph,graph,36,0.0,0.0,0.0
fiqa,ms1_drop_mutual,pagerank_graph,graph,37,0.0,0.0,0.0
fiqa,ms1_drop_mutual,rank_centrality_graph,graph,37,0.0,0.0,0.0
fiqa,ms1_drop_mutual,markov_hybrid,hybrid,37,0.0,0.0,0.0
fiqa,ms1_drop_mutual,bradley_terry_graph,graph,37,0.0,0.0,0.0
fiqa,ms1_drop_mutual,pagerank_graph,graph,41,0.6309297535714575,0.6309297535714575,0.0
fiqa,ms1_drop_mutual,rank_centrality_graph,graph,41,0.6309297535714575,0.6309297535714575,0.0
fiqa,ms1_drop_mutual,markov_hybrid,hybrid,41,0.3562071871080222,0.3562071871080222,0.0
fiqa,ms1_drop_mutual,bradley_terry_graph,graph,41,1.0,1.0,0.0
fiqa,ms1_drop_mutual,pagerank_graph,graph,43,0.0,0.0,0.0
fiqa,ms1_drop_mutual,rank_centrality_graph,graph,43,0.0,0.0,0.0
fiqa,ms1_drop_mutual,markov_hybrid,hybrid,43,0.0,0.0,0.0
fiqa,ms1_drop_mutual,bradley_terry_graph,graph,43,0.0,0.0,0.0
fiqa,ms1_drop_mutual,pagerank_graph,graph,45,0.8772153153380493,0.8772153153380493,0.0
fiqa,ms1_drop_mutual,rank_centrality_graph,graph,45,0.8772153153380493,0.8772153153380493,0.0
fiqa,ms1_drop_mutual,markov_hybrid,hybrid,45,0.456580389491067,0.456580389491067,0.0
fiqa,ms1_drop_mutual,bradley_terry_graph,graph,45,0.8772153153380493,0.8772153153380493,0.0
fiqa,ms1_drop_mutual,pagerank_graph,graph,46,0.0,0.0,0.0
fiqa,ms1_drop_mutual,rank_centrality_graph,graph,46,0.0,0.0,0.0
fiqa,ms1_drop_mutual,markov_hybrid,hybrid,46,0.0,0.0,0.0
fiqa,ms1_drop_mutual,bradley_terry_graph,graph,46,0.0,0.0,0.0
fiqa,ms1_drop_mutual,pagerank_graph,graph,47,0.0,0.0,0.0
fiqa,ms1_drop_mutual,rank_centrality_graph,graph,47,0.0,0.0,0.0
fiqa,ms1_drop_mutual,markov_hybrid,hybrid,47,0.0,0.0,0.0
fiqa,ms1_drop_mutual,bradley_terry_graph,graph,47,0.0,0.0,0.0
fiqa,ms1_drop_mutual,pagerank_graph,graph,48,0.3562071871080222,0.3562071871080222,0.0
fiqa,ms1_drop_mutual,rank_centrality_graph,graph,48,0.38685280723454163,0.38685280723454163,0.0
fiqa,ms1_drop_mutual,markov_hybrid,hybrid,48,0.6309297535714575,0.6309297535714575,0.0
fiqa,ms1_drop_mutual,bradley_terry_graph,graph,48,0.3562071871080222,0.3562071871080222,0.0
fiqa,ms1_drop_mutual,pagerank_graph,graph,49,0.0,0.0,0.0
fiqa,ms1_drop_mutual,rank_centrality_graph,graph,49,0.0,0.0,0.0
fiqa,ms1_drop_mutual,markov_hybrid,hybrid,49,0.0,0.0,0.0
fiqa,ms1_drop_mutual,bradley_terry_graph,graph,49,0.0,0.0,0.0
fiqa,ms1_drop_mutual,pagerank_graph,graph,51,0.0,0.0,0.0
fiqa,ms1_drop_mutual,rank_centrality_graph,graph,51,0.0,0.0,0.0
fiqa,ms1_drop_mutual,markov_hybrid,hybrid,51,0.0,0.0,0.0
fiqa,ms1_drop_mutual,bradley_terry_graph,graph,51,0.0,0.0,0.0
fiqa,ms1_drop_mutual,pagerank_graph,graph,52,0.45091391076545045,0.45091391076545045,0.0
fiqa,ms1_drop_mutual,rank_centrality_graph,graph,52,0.5287217091005357,0.5287217091005357,0.0
fiqa,ms1_drop_mutual,markov_hybrid,hybrid,52,0.5368596003428795,0.5368596003428795,0.0
fiqa,ms1_drop_mutual,bradley_terry_graph,graph,52,0.45091391076545045,0.45091391076545045,0.0
fiqa,ms1_drop_mutual,pagerank_graph,graph,53,0.0,0.0,0.0
fiqa,ms1_drop_mutual,rank_centrality_graph,graph,53,0.0,0.0,0.0
fiqa,ms1_drop_mutual,markov_hybrid,hybrid,53,0.0,0.0,0.0
fiqa,ms1_drop_mutual,bradley_terry_graph,graph,53,0.0,0.0,0.0
fiqa,ms1_drop_mutual,pagerank_graph,graph,54,0.27894294565112987,0.27894294565112987,0.0
fiqa,ms1_drop_mutual,rank_centrality_graph,graph,54,0.31546487678572877,0.31546487678572877,0.0
fiqa,ms1_drop_mutual,markov_hybrid,hybrid,54,0.31546487678572877,0.31546487678572877,0.0
fiqa,ms1_drop_mutual,bradley_terry_graph,graph,54,0.2890648263178879,0.2890648263178879,0.0
fiqa,ms1_drop_mutual,pagerank_graph,graph,57,1.0,1.0,0.0
fiqa,ms1_drop_mutual,rank_centrality_graph,graph,57,1.0,1.0,0.0
fiqa,ms1_drop_mutual,markov_hybrid,hybrid,57,1.0,1.0,0.0
fiqa,ms1_drop_mutual,bradley_terry_graph,graph,57,1.0,1.0,0.0
fiqa,ms1_drop_mutual,pagerank_graph,graph,59,0.0,0.0,0.0
fiqa,ms1_drop_mutual,rank_centrality_graph,graph,59,0.0,0.0,0.0
fiqa,ms1_drop_mutual,markov_hybrid,hybrid,59,0.0,0.0,0.0
fiqa,ms1_drop_mutual,bradley_terry_graph,graph,59,0.0,0.0,0.0
fiqa,ms1_drop_mutual,pagerank_graph,graph,61,0.0,0.0,0.0
fiqa,ms1_drop_mutual,rank_centrality_graph,graph,61,0.0,0.0,0.0
fiqa,ms1_drop_mutual,markov_hybrid,hybrid,61,0.0,0.0,0.0
fiqa,ms1_drop_mutual,bradley_terry_graph,graph,61,0.0,0.0,0.0
fiqa,ms1_drop_mutual,pagerank_graph,graph,62,0.25,0.25,0.0
fiqa,ms1_drop_mutual,rank_centrality_graph,graph,62,0.26264953503719357,0.26264953503719357,0.0
fiqa,ms1_drop_mutual,markov_hybrid,hybrid,62,0.2559580248098155,0.2559580248098155,0.0
fiqa,ms1_drop_mutual,bradley_terry_graph,graph,62,0.23137821315975915,0.23137821315975915,0.0
fiqa,ms1_drop_mutual,pagerank_graph,graph,63,0.0,0.0,0.0
fiqa,ms1_drop_mutual,rank_centrality_graph,graph,63,0.0,0.0,0.0
fiqa,ms1_drop_mutual,markov_hybrid,hybrid,63,0.0,0.0,0.0
fiqa,ms1_drop_mutual,bradley_terry_graph,graph,63,0.0,0.0,0.0
fiqa,ms1_drop_mutual,pagerank_graph,graph,64,0.0,0.0,0.0
fiqa,ms1_drop_mutual,rank_centrality_graph,graph,64,0.0,0.0,0.0
fiqa,ms1_drop_mutual,markov_hybrid,hybrid,64,0.0,0.0,0.0
fiqa,ms1_drop_mutual,bradley_terry_graph,graph,64,0.0,0.0,0.0
fiqa,ms1_drop_mutual,pagerank_graph,graph,65,0.778842958530688,0.778842958530688,0.0
fiqa,ms1_drop_mutual,rank_centrality_graph,graph,65,0.7841802768331765,0.7841802768331765,0.0
fiqa,ms1_drop_mutual,markov_hybrid,hybrid,65,0.7574875071481796,0.7574875071481796,0.0
fiqa,ms1_drop_mutual,bradley_terry_graph,graph,65,0.5401396054259062,0.5401396054259062,0.0
fiqa,ms1_drop_mutual,pagerank_graph,graph,66,1.0,1.0,0.0
fiqa,ms1_drop_mutual,rank_centrality_graph,graph,66,1.0,1.0,0.0
fiqa,ms1_drop_mutual,markov_hybrid,hybrid,66,1.0,1.0,0.0
fiqa,ms1_drop_mutual,bradley_terry_graph,graph,66,1.0,1.0,0.0
fiqa,ms1_drop_mutual,pagerank_graph,graph,67,1.0,1.0,0.0
fiqa,ms1_drop_mutual,rank_centrality_graph,graph,67,1.0,1.0,0.0
fiqa,ms1_drop_mutual,markov_hybrid,hybrid,67,0.8772153153380493,0.8772153153380493,0.0
fiqa,ms1_drop_mutual,bradley_terry_graph,graph,67,1.0,1.0,0.0
fiqa,ms1_drop_mutual,pagerank_graph,graph,69,0.0,0.0,0.0
fiqa,ms1_drop_mutual,rank_centrality_graph,graph,69,0.0,0.0,0.0
fiqa,ms1_drop_mutual,markov_hybrid,hybrid,69,0.0,0.0,0.0
fiqa,ms1_drop_mutual,bradley_terry_graph,graph,69,0.0,0.0,0.0
fiqa,ms1_drop_mutual,pagerank_graph,graph,70,0.25,0.25,0.0
fiqa,ms1_drop_mutual,rank_centrality_graph,graph,70,0.23981246656813146,0.2559580248098155,0.016145558241684038
fiqa,ms1_drop_mutual,markov_hybrid,hybrid,70,0.3333333333333333,0.3333333333333333,0.0
fiqa,ms1_drop_mutual,bradley_terry_graph,graph,70,0.26264953503719357,0.26264953503719357,0.0
fiqa,ms1_drop_mutual,pagerank_graph,graph,71,0.38685280723454163,0.38685280723454163,0.0
fiqa,ms1_drop_mutual,rank_centrality_graph,graph,71,0.3562071871080222,0.3562071871080222,0.0
fiqa,ms1_drop_mutual,markov_hybrid,hybrid,71,0.3010299956639812,0.3010299956639812,0.0
fiqa,ms1_drop_mutual,bradley_terry_graph,graph,71,0.2890648263178879,0.2890648263178879,0.0
fiqa,ms1_drop_mutual,pagerank_graph,graph,72,0.0,0.0,0.0
fiqa,ms1_drop_mutual,rank_centrality_graph,graph,72,0.0,0.0,0.0
fiqa,ms1_drop_mutual,markov_hybrid,hybrid,72,0.0,0.0,0.0
fiqa,ms1_drop_mutual,bradley_terry_graph,graph,72,0.0,0.0,0.0
fiqa,ms1_drop_mutual,pagerank_graph,graph,74,0.0,0.0,0.0
fiqa,ms1_drop_mutual,rank_centrality_graph,graph,74,0.0,0.0,0.0
fiqa,ms1_drop_mutual,markov_hybrid,hybrid,74,0.0,0.0,0.0
fiqa,ms1_drop_mutual,bradley_terry_graph,graph,74,0.0,0.0,0.0
fiqa,ms1_drop_mutual,pagerank_graph,graph,75,1.0,1.0,0.0
fiqa,ms1_drop_mutual,rank_centrality_graph,graph,75,1.0,1.0,0.0
fiqa,ms1_drop_mutual,markov_hybrid,hybrid,75,1.0,1.0,0.0
fiqa,ms1_drop_mutual,bradley_terry_graph,graph,75,1.0,1.0,0.0
fiqa,ms1_drop_mutual,pagerank_graph,graph,76,0.0,0.0,0.0
fiqa,ms1_drop_mutual,rank_centrality_graph,graph,76,0.0,0.0,0.0
fiqa,ms1_drop_mutual,markov_hybrid,hybrid,76,0.0,0.0,0.0
fiqa,ms1_drop_mutual,bradley_terry_graph,graph,76,0.0,0.0,0.0
fiqa,ms1_drop_mutual,pagerank_graph,graph,78,0.0,0.0,0.0
fiqa,ms1_drop_mutual,rank_centrality_graph,graph,78,0.0,0.0,0.0
fiqa,ms1_drop_mutual,markov_hybrid,hybrid,78,0.0,0.0,0.0
fiqa,ms1_drop_mutual,bradley_terry_graph,graph,78,0.0,0.0,0.0
fiqa,ms1_drop_mutual,pagerank_graph,graph,80,0.0,0.0,0.0
fiqa,ms1_drop_mutual,rank_centrality_graph,graph,80,0.0,0.0,0.0
fiqa,ms1_drop_mutual,markov_hybrid,hybrid,80,0.0,0.0,0.0
fiqa,ms1_drop_mutual,bradley_terry_graph,graph,80,0.0,0.0,0.0
fiqa,ms1_drop_mutual,pagerank_graph,graph,81,0.0,0.0,0.0
fiqa,ms1_drop_mutual,rank_centrality_graph,graph,81,0.0,0.0,0.0
fiqa,ms1_drop_mutual,markov_hybrid,hybrid,81,0.0,0.0,0.0
fiqa,ms1_drop_mutual,bradley_terry_graph,graph,81,0.0,0.0,0.0
fiqa,ms1_drop_mutual,pagerank_graph,graph,82,0.23981246656813146,0.23981246656813146,0.0
fiqa,ms1_drop_mutual,rank_centrality_graph,graph,82,0.23137821315975915,0.23137821315975915,0.0
fiqa,ms1_drop_mutual,markov_hybrid,hybrid,82,0.43067655807339306,0.43067655807339306,0.0
fiqa,ms1_drop_mutual,bradley_terry_graph,graph,82,0.23981246656813146,0.23981246656813146,0.0
fiqa,ms1_drop_mutual,pagerank_graph,graph,83,0.0,0.0,0.0
fiqa,ms1_drop_mutual,rank_centrality_graph,graph,83,0.0,0.0,0.0
fiqa,ms1_drop_mutual,markov_hybrid,hybrid,83,0.0,0.0,0.0
fiqa,ms1_drop_mutual,bradley_terry_graph,graph,83,0.0,0.0,0.0
fiqa,ms1_drop_mutual,pagerank_graph,graph,85,0.0,0.0,0.0
fiqa,ms1_drop_mutual,rank_centrality_graph,graph,85,0.0,0.0,0.0
fiqa,ms1_drop_mutual,markov_hybrid,hybrid,85,0.0,0.0,0.0
fiqa,ms1_drop_mutual,bradley_terry_graph,graph,85,0.0,0.0,0.0
fiqa,ms1_drop_mutual,pagerank_graph,graph,86,0.0,0.0,0.0
fiqa,ms1_drop_mutual,rank_centrality_graph,graph,86,0.0,0.0,0.0
fiqa,ms1_drop_mutual,markov_hybrid,hybrid,86,0.0,0.0,0.0
fiqa,ms1_drop_mutual,bradley_terry_graph,graph,86,0.0,0.0,0.0
fiqa,ms1_drop_mutual,pagerank_graph,graph,87,0.0,0.0,0.0
fiqa,ms1_drop_mutual,rank_centrality_graph,graph,87,0.0,0.0,0.0
fiqa,ms1_drop_mutual,markov_hybrid,hybrid,87,0.0,0.0,0.0
fiqa,ms1_drop_mutual,bradley_terry_graph,graph,87,0.0,0.0,0.0
fiqa,ms1_drop_mutual,pagerank_graph,graph,88,0.5,0.5,0.0
fiqa,ms1_drop_mutual,rank_centrality_graph,graph,88,0.43067655807339306,0.43067655807339306,0.0
fiqa,ms1_drop_mutual,markov_hybrid,hybrid,88,0.5,0.5,0.0
fiqa,ms1_drop_mutual,bradley_terry_graph,graph,88,0.5,0.5,0.0
fiqa,ms1_drop_mutual,pagerank_graph,graph,91,1.0,1.0,0.0
fiqa,ms1_drop_mutual,rank_centrality_graph,graph,91,1.0,1.0,0.0
fiqa,ms1_drop_mutual,markov_hybrid,hybrid,91,1.0,1.0,0.0
fiqa,ms1_drop_mutual,bradley_terry_graph,graph,91,1.0,1.0,0.0
fiqa,ms1_drop_mutual,pagerank_graph,graph,92,0.0,0.0,0.0
fiqa,ms1_drop_mutual,rank_centrality_graph,graph,92,0.0,0.0,0.0
fiqa,ms1_drop_mutual,markov_hybrid,hybrid,92,0.0,0.0,0.0
fiqa,ms1_drop_mutual,bradley_terry_graph,graph,92,0.0,0.0,0.0
fiqa,ms1_drop_mutual,pagerank_graph,graph,93,0.3010299956639812,0.3010299956639812,0.0
fiqa,ms1_drop_mutual,rank_centrality_graph,graph,93,0.31546487678572877,0.31546487678572877,0.0
fiqa,ms1_drop_mutual,markov_hybrid,hybrid,93,0.2890648263178879,0.2890648263178879,0.0
fiqa,ms1_drop_mutual,bradley_terry_graph,graph,93,0.3010299956639812,0.3010299956639812,0.0
fiqa,ms1_drop_mutual,pagerank_graph,graph,95,0.227670248696953,0.227670248696953,0.0
fiqa,ms1_drop_mutual,rank_centrality_graph,graph,95,0.23137821315975915,0.23137821315975915,0.0
fiqa,ms1_drop_mutual,markov_hybrid,hybrid,95,0.2559580248098155,0.2559580248098155,0.0
fiqa,ms1_drop_mutual,bradley_terry_graph,graph,95,0.227670248696953,0.227670248696953,0.0
fiqa,ms1_drop_mutual,pagerank_graph,graph,96,0.2559580248098155,0.27023815442731974,0.014280129617504245
fiqa,ms1_drop_mutual,rank_centrality_graph,graph,96,0.24465054211822604,0.24465054211822604,0.0
fiqa,ms1_drop_mutual,markov_hybrid,hybrid,96,0.2890648263178879,0.2890648263178879,0.0
fiqa,ms1_drop_mutual,bradley_terry_graph,graph,96,0.25,0.2559580248098155,0.005958024809815499
fiqa,ms1_drop_mutual,pagerank_graph,graph,97,0.23540891336663824,0.23540891336663824,0.0
fiqa,ms1_drop_mutual,rank_centrality_graph,graph,97,0.23981246656813146,0.23981246656813146,0.0
fiqa,ms1_drop_mutual,markov_hybrid,hybrid,97,0.3010299956639812,0.3010299956639812,0.0
fiqa,ms1_drop_mutual,bradley_terry_graph,graph,97,0.23981246656813146,0.23981246656813146,0.0
fiqa,ms1_drop_mutual,pagerank_graph,graph,99,0.8846323793118394,0.8846323793118394,0.0
fiqa,ms1_drop_mutual,rank_centrality_graph,graph,99,0.8932547230000344,0.8932547230000344,0.0
fiqa,ms1_drop_mutual,markov_hybrid,hybrid,99,0.9407662247971147,0.9407662247971147,0.0
fiqa,ms1_drop_mutual,bradley_terry_graph,graph,99,0.8846323793118394,0.8846323793118394,0.0
fiqa,ms1_drop_mutual,pagerank_graph,graph,102,1.0,1.0,0.0
fiqa,ms1_drop_mutual,rank_centrality_graph,graph,102,1.0,1.0,0.0
fiqa,ms1_drop_mutual,markov_hybrid,hybrid,102,1.0,1.0,0.0
fiqa,ms1_drop_mutual,bradley_terry_graph,graph,102,1.0,1.0,0.0
fiqa,ms1_drop_mutual,pagerank_graph,graph,105,0.43067655807339306,0.43067655807339306,0.0
fiqa,ms1_drop_mutual,rank_centrality_graph,graph,105,0.43067655807339306,0.43067655807339306,0.0
fiqa,ms1_drop_mutual,markov_hybrid,hybrid,105,1.0,1.0,0.0
fiqa,ms1_drop_mutual,bradley_terry_graph,graph,105,0.43067655807339306,0.43067655807339306,0.0
fiqa,ms1_drop_mutual,pagerank_graph,graph,107,0.0,0.0,0.0
fiqa,ms1_drop_mutual,rank_centrality_graph,graph,107,0.0,0.0,0.0
fiqa,ms1_drop_mutual,markov_hybrid,hybrid,107,0.0,0.0,0.0
fiqa,ms1_drop_mutual,bradley_terry_graph,graph,107,0.0,0.0,0.0
fiqa,ms1_drop_mutual,pagerank_graph,graph,108,0.0,0.0,0.0
fiqa,ms1_drop_mutual,rank_centrality_graph,graph,108,0.0,0.0,0.0
fiqa,ms1_drop_mutual,markov_hybrid,hybrid,108,0.0,0.0,0.0
fiqa,ms1_drop_mutual,bradley_terry_graph,graph,108,0.0,0.0,0.0
fiqa,ms1_drop_mutual,pagerank_graph,graph,110,0.2890648263178879,0.2890648263178879,0.0
fiqa,ms1_drop_mutual,rank_centrality_graph,graph,110,0.2890648263178879,0.2890648263178879,0.0
fiqa,ms1_drop_mutual,markov_hybrid,hybrid,110,0.2890648263178879,0.2890648263178879,0.0
fiqa,ms1_drop_mutual,bradley_terry_graph,graph,110,0.26264953503719357,0.26264953503719357,0.0
fiqa,ms1_drop_mutual,pagerank_graph,graph,111,0.0,0.0,0.0
fiqa,ms1_drop_mutual,rank_centrality_graph,graph,111,0.0,0.0,0.0
fiqa,ms1_drop_mutual,markov_hybrid,hybrid,111,0.0,0.0,0.0
fiqa,ms1_drop_mutual,bradley_terry_graph,graph,111,0.0,0.0,0.0
fiqa,ms1_drop_mutual,pagerank_graph,graph,112,1.0,1.0,0.0
fiqa,ms1_drop_mutual,rank_centrality_graph,graph,112,1.0,1.0,0.0
fiqa,ms1_drop_mutual,markov_hybrid,hybrid,112,1.0,1.0,0.0
fiqa,ms1_drop_mutual,bradley_terry_graph,graph,112,1.0,1.0,0.0
fiqa,ms1_drop_mutual,pagerank_graph,graph,439,1.0,1.0,0.0
fiqa,ms1_drop_mutual,rank_centrality_graph,graph,439,1.0,1.0,0.0
fiqa,ms1_drop_mutual,markov_hybrid,hybrid,439,1.0,1.0,0.0
fiqa,ms1_drop_mutual,bradley_terry_graph,graph,439,1.0,1.0,0.0
fiqa,ms1_drop_mutual,pagerank_graph,graph,442,0.5912352048230277,0.5912352048230277,0.0
fiqa,ms1_drop_mutual,rank_centrality_graph,graph,442,0.5109559939712153,0.5109559939712153,0.0
fiqa,ms1_drop_mutual,markov_hybrid,hybrid,442,0.36274775120088537,0.36274775120088537,0.0
fiqa,ms1_drop_mutual,bradley_terry_graph,graph,442,0.5714285040141098,0.5714285040141098,0.0
fiqa,ms1_drop_mutual,pagerank_graph,graph,443,0.5,0.5,0.0
fiqa,ms1_drop_mutual,rank_centrality_graph,graph,443,0.38685280723454163,0.38685280723454163,0.0
fiqa,ms1_drop_mutual,markov_hybrid,hybrid,443,0.5,0.5,0.0
fiqa,ms1_drop_mutual,bradley_terry_graph,graph,443,0.5,0.5,0.0
fiqa,ms1_drop_mutual,pagerank_graph,graph,444,0.7609616314025764,0.7609616314025764,0.0
fiqa,ms1_drop_mutual,rank_centrality_graph,graph,444,0.7786717783488858,0.7786717783488858,0.0
fiqa,ms1_drop_mutual,markov_hybrid,hybrid,444,0.8773497378596238,0.8773497378596238,0.0
fiqa,ms1_drop_mutual,bradley_terry_graph,graph,444,0.7546587275690374,0.7546587275690374,0.0
fiqa,ms1_drop_mutual,pagerank_graph,graph,445,0.0,0.0,0.0
fiqa,ms1_drop_mutual,rank_centrality_graph,graph,445,0.0,0.0,0.0
fiqa,ms1_drop_mutual,markov_hybrid,hybrid,445,0.0,0.0,0.0
fiqa,ms1_drop_mutual,bradley_terry_graph,graph,445,0.0,0.0,0.0
fiqa,ms1_drop_mutual,pagerank_graph,graph,446,0.38685280723454163,0.38685280723454163,0.0
fiqa,ms1_drop_mutual,rank_centrality_graph,graph,446,0.6309297535714575,0.6309297535714575,0.0
fiqa,ms1_drop_mutual,markov_hybrid,hybrid,446,0.5,0.5,0.0
fiqa,ms1_drop_mutual,bradley_terry_graph,graph,446,0.5,0.5,0.0
fiqa,ms1_drop_mutual,pagerank_graph,graph,447,0.3153733984504394,0.3153733984504394,0.0
fiqa,ms1_drop_mutual,rank_centrality_graph,graph,447,0.31062845793246857,0.31062845793246857,0.0
fiqa,ms1_drop_mutual,markov_hybrid,hybrid,447,0.29187569497433197,0.29187569497433197,0.0
fiqa,ms1_drop_mutual,bradley_terry_graph,graph,447,0.3053831394719294,0.3053831394719294,0.0
fiqa,ms1_drop_mutual,pagerank_graph,graph,448,0.0,0.0,0.0
fiqa,ms1_drop_mutual,rank_centrality_graph,graph,448,0.0,0.0,0.0
fiqa,ms1_drop_mutual,markov_hybrid,hybrid,448,0.0,0.0,0.0
fiqa,ms1_drop_mutual,bradley_terry_graph,graph,448,0.0,0.0,0.0
fiqa,ms1_drop_mutual,pagerank_graph,graph,449,0.27894294565112987,0.27894294565112987,0.0
fiqa,ms1_drop_mutual,rank_centrality_graph,graph,449,0.27894294565112987,0.27894294565112987,0.0
fiqa,ms1_drop_mutual,markov_hybrid,hybrid,449,0.23137821315975915,0.23137821315975915,0.0
fiqa,ms1_drop_mutual,bradley_terry_graph,graph,449,0.27894294565112987,0.27894294565112987,0.0
fiqa,ms1_drop_mutual,pagerank_graph,graph,450,0.2890648263178879,0.2890648263178879,0.0
fiqa,ms1_drop_mutual,rank_centrality_graph,graph,450,0.2890648263178879,0.3010299956639812,0.011965169346093318
fiqa,ms1_drop_mutual,markov_hybrid,hybrid,450,0.5,0.5,0.0
fiqa,ms1_drop_mutual,bradley_terry_graph,graph,450,0.2890648263178879,0.2890648263178879,0.0
fiqa,ms1_drop_mutual,pagerank_graph,graph,452,0.0,0.0,0.0
fiqa,ms1_drop_mutual,rank_centrality_graph,graph,452,0.0,0.0,0.0
fiqa,ms1_drop_mutual,markov_hybrid,hybrid,452,0.0,0.0,0.0
fiqa,ms1_drop_mutual,bradley_terry_graph,graph,452,0.0,0.0,0.0
fiqa,ms1_drop_mutual,pagerank_graph,graph,453,0.0,0.0,0.0
fiqa,ms1_drop_mutual,rank_centrality_graph,graph,453,0.0,0.0,0.0
fiqa,ms1_drop_mutual,markov_hybrid,hybrid,453,0.0,0.0,0.0
fiqa,ms1_drop_mutual,bradley_terry_graph,graph,453,0.0,0.0,0.0
fiqa,ms1_drop_mutual,pagerank_graph,graph,454,0.8503449055347546,0.8772153153380493,0.026870409803294693
fiqa,ms1_drop_mutual,rank_centrality_graph,graph,454,0.8315546295836225,0.8503449055347546,0.01879027595113214
fiqa,ms1_drop_mutual,markov_hybrid,hybrid,454,0.9197207891481876,0.9197207891481876,0.0
fiqa,ms1_drop_mutual,bradley_terry_graph,graph,454,0.7977228895450266,0.8065735963827293,0.008850706837702726
fiqa,ms1_drop_mutual,pagerank_graph,graph,456,0.8772153153380493,0.8772153153380493,0.0
fiqa,ms1_drop_mutual,rank_centrality_graph,graph,456,0.8315546295836225,0.8315546295836225,0.0
fiqa,ms1_drop_mutual,markov_hybrid,hybrid,456,0.9197207891481876,0.9197207891481876,0.0
fiqa,ms1_drop_mutual,bradley_terry_graph,graph,456,0.8503449055347546,0.8503449055347546,0.0
fiqa,ms1_drop_mutual,pagerank_graph,graph,457,0.0,0.0,0.0
fiqa,ms1_drop_mutual,rank_centrality_graph,graph,457,0.0,0.0,0.0
fiqa,ms1_drop_mutual,markov_hybrid,hybrid,457,0.0,0.0,0.0
fiqa,ms1_drop_mutual,bradley_terry_graph,graph,457,0.0,0.0,0.0
fiqa,ms1_drop_mutual,pagerank_graph,graph,458,0.5437713091520254,0.5437713091520254,0.0
fiqa,ms1_drop_mutual,rank_centrality_graph,graph,458,0.6509209298071326,0.6509209298071326,0.0
fiqa,ms1_drop_mutual,markov_hybrid,hybrid,458,0.6509209298071326,0.6509209298071326,0.0
fiqa,ms1_drop_mutual,bradley_terry_graph,graph,458,0.6509209298071326,0.6509209298071326,0.0
fiqa,ms1_drop_mutual,pagerank_graph,graph,460,0.0,0.0,0.0
fiqa,ms1_drop_mutual,rank_centrality_graph,graph,460,0.0,0.0,0.0
fiqa,ms1_drop_mutual,markov_hybrid,hybrid,460,0.0,0.0,0.0
fiqa,ms1_drop_mutual,bradley_terry_graph,graph,460,0.0,0.0,0.0
fiqa,ms1_drop_mutual,pagerank_graph,graph,461,0.0,0.0,0.0
fiqa,ms1_drop_mutual,rank_centrality_graph,graph,461,0.0,0.0,0.0
fiqa,ms1_drop_mutual,markov_hybrid,hybrid,461,0.0,0.0,0.0
fiqa,ms1_drop_mutual,bradley_terry_graph,graph,461,0.0,0.0,0.0
fiqa,ms1_drop_mutual,pagerank_graph,graph,462,0.0,0.0,0.0
fiqa,ms1_drop_mutual,rank_centrality_graph,graph,462,0.0,0.0,0.0
fiqa,ms1_drop_mutual,markov_hybrid,hybrid,462,0.0,0.0,0.0
fiqa,ms1_drop_mutual,bradley_terry_graph,graph,462,0.0,0.0,0.0
fiqa,ms1_drop_mutual,pagerank_graph,graph,464,0.0,0.0,0.0
fiqa,ms1_drop_mutual,rank_centrality_graph,graph,464,0.0,0.0,0.0
fiqa,ms1_drop_mutual,markov_hybrid,hybrid,464,0.0,0.0,0.0
fiqa,ms1_drop_mutual,bradley_terry_graph,graph,464,0.0,0.0,0.0
fiqa,ms1_drop_mutual,pagerank_graph,graph,465,0.0,0.0,0.0
fiqa,ms1_drop_mutual,rank_centrality_graph,graph,465,0.0,0.0,0.0
fiqa,ms1_drop_mutual,markov_hybrid,hybrid,465,0.0,0.0,0.0
fiqa,ms1_drop_mutual,bradley_terry_graph,graph,465,0.0,0.0,0.0
fiqa,ms1_drop_mutual,pagerank_graph,graph,466,0.0,0.0,0.0
fiqa,ms1_drop_mutual,rank_centrality_graph,graph,466,0.0,0.0,0.0
fiqa,ms1_drop_mutual,markov_hybrid,hybrid,466,0.0,0.0,0.0
fiqa,ms1_drop_mutual,bradley_terry_graph,graph,466,0.0,0.0,0.0
fiqa,ms1_drop_mutual,pagerank_graph,graph,467,0.0,0.0,0.0
fiqa,ms1_drop_mutual,rank_centrality_graph,graph,467,0.0,0.0,0.0
fiqa,ms1_drop_mutual,markov_hybrid,hybrid,467,0.0,0.0,0.0
fiqa,ms1_drop_mutual,bradley_terry_graph,graph,467,0.0,0.0,0.0
fiqa,ms1_drop_mutual,pagerank_graph,graph,468,1.0,1.0,0.0
fiqa,ms1_drop_mutual,rank_centrality_graph,graph,468,1.0,1.0,0.0
fiqa,ms1_drop_mutual,markov_hybrid,hybrid,468,1.0,1.0,0.0
fiqa,ms1_drop_mutual,bradley_terry_graph,graph,468,1.0,1.0,0.0
fiqa,ms1_drop_mutual,pagerank_graph,graph,470,0.0,0.0,0.0
fiqa,ms1_drop_mutual,rank_centrality_graph,graph,470,0.0,0.0,0.0
fiqa,ms1_drop_mutual,markov_hybrid,hybrid,470,0.0,0.0,0.0
fiqa,ms1_drop_mutual,bradley_terry_graph,graph,470,0.0,0.0,0.0
fiqa,ms1_drop_mutual,pagerank_graph,graph,471,0.0,0.0,0.0
fiqa,ms1_drop_mutual,rank_centrality_graph,graph,471,0.0,0.0,0.0
fiqa,ms1_drop_mutual,markov_hybrid,hybrid,471,0.0,0.0,0.0
fiqa,ms1_drop_mutual,bradley_terry_graph,graph,471,0.0,0.0,0.0
fiqa,ms1_drop_mutual,pagerank_graph,graph,472,1.0,1.0,0.0
fiqa,ms1_drop_mutual,rank_centrality_graph,graph,472,1.0,1.0,0.0
fiqa,ms1_drop_mutual,markov_hybrid,hybrid,472,1.0,1.0,0.0
fiqa,ms1_drop_mutual,bradley_terry_graph,graph,472,1.0,1.0,0.0
fiqa,ms1_drop_mutual,pagerank_graph,graph,473,0.0,0.0,0.0
fiqa,ms1_drop_mutual,rank_centrality_graph,graph,473,0.0,0.0,0.0
fiqa,ms1_drop_mutual,markov_hybrid,hybrid,473,0.0,0.0,0.0
fiqa,ms1_drop_mutual,bradley_terry_graph,graph,473,0.0,0.0,0.0
fiqa,ms1_drop_mutual,pagerank_graph,graph,474,1.0,1.0,0.0
fiqa,ms1_drop_mutual,rank_centrality_graph,graph,474,1.0,1.0,0.0
fiqa,ms1_drop_mutual,markov_hybrid,hybrid,474,1.0,1.0,0.0
fiqa,ms1_drop_mutual,bradley_terry_graph,graph,474,1.0,1.0,0.0
fiqa,ms1_drop_mutual,pagerank_graph,graph,478,0.23137821315975915,0.23137821315975915,0.0
fiqa,ms1_drop_mutual,rank_centrality_graph,graph,478,0.24465054211822604,0.24465054211822604,0.0
fiqa,ms1_drop_mutual,markov_hybrid,hybrid,478,0.27023815442731974,0.27023815442731974,0.0
fiqa,ms1_drop_mutual,bradley_terry_graph,graph,478,0.23137821315975915,0.23137821315975915,0.0
fiqa,ms1_drop_mutual,pagerank_graph,graph,479,0.4227898344066503,0.4227898344066503,0.0
fiqa,ms1_drop_mutual,rank_centrality_graph,graph,479,0.4227898344066503,0.4227898344066503,0.0
fiqa,ms1_drop_mutual,markov_hybrid,hybrid,479,0.5012658353418871,0.5012658353418871,0.0
fiqa,ms1_drop_mutual,bradley_terry_graph,graph,479,0.4227898344066503,0.4227898344066503,0.0
fiqa,ms1_drop_mutual,pagerank_graph,graph,480,0.0,0.0,0.0
fiqa,ms1_drop_mutual,rank_centrality_graph,graph,480,0.0,0.0,0.0
fiqa,ms1_drop_mutual,markov_hybrid,hybrid,480,0.0,0.0,0.0
fiqa,ms1_drop_mutual,bradley_terry_graph,graph,480,0.0,0.0,0.0
fiqa,ms1_drop_mutual,pagerank_graph,graph,481,0.0,0.0,0.0
fiqa,ms1_drop_mutual,rank_centrality_graph,graph,481,0.0,0.0,0.0
fiqa,ms1_drop_mutual,markov_hybrid,hybrid,481,0.0,0.0,0.0
fiqa,ms1_drop_mutual,bradley_terry_graph,graph,481,0.0,0.0,0.0
fiqa,ms1_drop_mutual,pagerank_graph,graph,482,0.3562071871080222,0.3562071871080222,0.0
fiqa,ms1_drop_mutual,rank_centrality_graph,graph,482,0.38685280723454163,0.38685280723454163,0.0
fiqa,ms1_drop_mutual,markov_hybrid,hybrid,482,0.3333333333333333,0.3333333333333333,0.0
fiqa,ms1_drop_mutual,bradley_terry_graph,graph,482,0.3562071871080222,0.3562071871080222,0.0
fiqa,ms1_drop_mutual,pagerank_graph,graph,485,0.0,0.0,0.0
fiqa,ms1_drop_mutual,rank_centrality_graph,graph,485,0.0,0.0,0.0
fiqa,ms1_drop_mutual,markov_hybrid,hybrid,485,0.0,0.0,0.0
fiqa,ms1_drop_mutual,bradley_terry_graph,graph,485,0.0,0.0,0.0
fiqa,ms1_drop_mutual,pagerank_graph,graph,486,1.0,1.0,0.0
fiqa,ms1_drop_mutual,rank_centrality_graph,graph,486,1.0,1.0,0.0
fiqa,ms1_drop_mutual,markov_hybrid,hybrid,486,1.0,1.0,0.0
fiqa,ms1_drop_mutual,bradley_terry_graph,graph,486,1.0,1.0,0.0
fiqa,ms1_drop_mutual,pagerank_graph,graph,487,1.0,1.0,0.0
fiqa,ms1_drop_mutual,rank_centrality_graph,graph,487,1.0,1.0,0.0
fiqa,ms1_drop_mutual,markov_hybrid,hybrid,487,0.43067655807339306,0.43067655807339306,0.0
fiqa,ms1_drop_mutual,bradley_terry_graph,graph,487,1.0,1.0,0.0
fiqa,ms1_drop_mutual,pagerank_graph,graph,488,0.0,0.0,0.0
fiqa,ms1_drop_mutual,rank_centrality_graph,graph,488,0.0,0.0,0.0
fiqa,ms1_drop_mutual,markov_hybrid,hybrid,488,0.0,0.0,0.0
fiqa,ms1_drop_mutual,bradley_terry_graph,graph,488,0.0,0.0,0.0
fiqa,ms1_drop_mutual,pagerank_graph,graph,489,0.0,0.0,0.0
fiqa,ms1_drop_mutual,rank_centrality_graph,graph,489,0.0,0.0,0.0
fiqa,ms1_drop_mutual,markov_hybrid,hybrid,489,0.0,0.0,0.0
fiqa,ms1_drop_mutual,bradley_terry_graph,graph,489,0.0,0.0,0.0
fiqa,ms1_drop_mutual,pagerank_graph,graph,490,0.0,0.0,0.0
fiqa,ms1_drop_mutual,rank_centrality_graph,graph,490,0.0,0.0,0.0
fiqa,ms1_drop_mutual,markov_hybrid,hybrid,490,0.0,0.0,0.0
fiqa,ms1_drop_mutual,bradley_terry_graph,graph,490,0.0,0.0,0.0
fiqa,ms1_drop_mutual,pagerank_graph,graph,491,1.0,1.0,0.0
fiqa,ms1_drop_mutual,rank_centrality_graph,graph,491,1.0,1.0,0.0
fiqa,ms1_drop_mutual,markov_hybrid,hybrid,491,1.0,1.0,0.0
fiqa,ms1_drop_mutual,bradley_terry_graph,graph,491,1.0,1.0,0.0
fiqa,ms1_drop_mutual,pagerank_graph,graph,493,0.23981246656813146,0.23981246656813146,0.0
fiqa,ms1_drop_mutual,rank_centrality_graph,graph,493,0.27023815442731974,0.27023815442731974,0.0
fiqa,ms1_drop_mutual,markov_hybrid,hybrid,493,0.25,0.25,0.0
fiqa,ms1_drop_mutual,bradley_terry_graph,graph,493,0.23981246656813146,0.23981246656813146,0.0
fiqa,ms1_drop_mutual,pagerank_graph,graph,494,0.0,0.0,0.0
fiqa,ms1_drop_mutual,rank_centrality_graph,graph,494,0.0,0.0,0.0
fiqa,ms1_drop_mutual,markov_hybrid,hybrid,494,0.0,0.0,0.0
fiqa,ms1_drop_mutual,bradley_terry_graph,graph,494,0.0,0.0,0.0
fiqa,ms1_drop_mutual,pagerank_graph,graph,497,0.5,0.5,0.0
fiqa,ms1_drop_mutual,rank_centrality_graph,graph,497,0.43067655807339306,0.43067655807339306,0.0
fiqa,ms1_drop_mutual,markov_hybrid,hybrid,497,1.0,1.0,0.0
fiqa,ms1_drop_mutual,bradley_terry_graph,graph,497,0.5,0.5,0.0
fiqa,ms1_drop_mutual,pagerank_graph,graph,498,0.3562071871080222,0.3562071871080222,0.0
fiqa,ms1_drop_mutual,rank_centrality_graph,graph,498,0.3562071871080222,0.3562071871080222,0.0
fiqa,ms1_drop_mutual,markov_hybrid,hybrid,498,1.0,1.0,0.0
fiqa,ms1_drop_mutual,bradley_terry_graph,graph,498,0.3562071871080222,0.3562071871080222,0.0
hotpotqa,ms2,pagerank_graph,graph,5a8c7595554299585d9e36b6,1.0,1.0,0.0
hotpotqa,ms2,rank_centrality_graph,graph,5a8c7595554299585d9e36b6,1.0,1.0,0.0
hotpotqa,ms2,markov_hybrid,hybrid,5a8c7595554299585d9e36b6,1.0,1.0,0.0
hotpotqa,ms2,bradley_terry_graph,graph,5a8c7595554299585d9e36b6,1.0,1.0,0.0
hotpotqa,ms2,pagerank_graph,graph,5a85ea095542994775f606a8,1.0,1.0,0.0
hotpotqa,ms2,rank_centrality_graph,graph,5a85ea095542994775f606a8,1.0,1.0,0.0
hotpotqa,ms2,markov_hybrid,hybrid,5a85ea095542994775f606a8,1.0,1.0,0.0
hotpotqa,ms2,bradley_terry_graph,graph,5a85ea095542994775f606a8,1.0,1.0,0.0
hotpotqa,ms2,pagerank_graph,graph,5adbf0a255429947ff17385a,1.0,1.0,0.0
hotpotqa,ms2,rank_centrality_graph,graph,5adbf0a255429947ff17385a,1.0,1.0,0.0
hotpotqa,ms2,markov_hybrid,hybrid,5adbf0a255429947ff17385a,1.0,1.0,0.0
hotpotqa,ms2,bradley_terry_graph,graph,5adbf0a255429947ff17385a,1.0,1.0,0.0
hotpotqa,ms2,pagerank_graph,graph,5a8e3ea95542995a26add48d,1.0,1.0,0.0
hotpotqa,ms2,rank_centrality_graph,graph,5a8e3ea95542995a26add48d,1.0,1.0,0.0
hotpotqa,ms2,markov_hybrid,hybrid,5a8e3ea95542995a26add48d,1.0,1.0,0.0
hotpotqa,ms2,bradley_terry_graph,graph,5a8e3ea95542995a26add48d,1.0,1.0,0.0
hotpotqa,ms2,pagerank_graph,graph,5a85b2d95542997b5ce40028,1.0,1.0,0.0
hotpotqa,ms2,rank_centrality_graph,graph,5a85b2d95542997b5ce40028,1.0,1.0,0.0
hotpotqa,ms2,markov_hybrid,hybrid,5a85b2d95542997b5ce40028,1.0,1.0,0.0
hotpotqa,ms2,bradley_terry_graph,graph,5a85b2d95542997b5ce40028,1.0,1.0,0.0
hotpotqa,ms2,pagerank_graph,graph,5a87ab905542996e4f3088c1,1.0,1.0,0.0
hotpotqa,ms2,rank_centrality_graph,graph,5a87ab905542996e4f3088c1,1.0,1.0,0.0
hotpotqa,ms2,markov_hybrid,hybrid,5a87ab905542996e4f3088c1,1.0,1.0,0.0
hotpotqa,ms2,bradley_terry_graph,graph,5a87ab905542996e4f3088c1,1.0,1.0,0.0
hotpotqa,ms2,pagerank_graph,graph,5a7bbb64554299042af8f7cc,0.6309297535714575,0.6309297535714575,0.0
hotpotqa,ms2,rank_centrality_graph,graph,5a7bbb64554299042af8f7cc,0.43067655807339306,0.43067655807339306,0.0
hotpotqa,ms2,markov_hybrid,hybrid,5a7bbb64554299042af8f7cc,0.6309297535714575,0.6309297535714575,0.0
hotpotqa,ms2,bradley_terry_graph,graph,5a7bbb64554299042af8f7cc,0.6309297535714575,0.6309297535714575,0.0
hotpotqa,ms2,pagerank_graph,graph,5a7166395542994082a3e814,1.0,1.0,0.0
hotpotqa,ms2,rank_centrality_graph,graph,5a7166395542994082a3e814,1.0,1.0,0.0
hotpotqa,ms2,markov_hybrid,hybrid,5a7166395542994082a3e814,1.0,1.0,0.0
hotpotqa,ms2,bradley_terry_graph,graph,5a7166395542994082a3e814,1.0,1.0,0.0
hotpotqa,ms2,pagerank_graph,graph,5a877e5d5542993e715abf7d,1.0,1.0,0.0
hotpotqa,ms2,rank_centrality_graph,graph,5a877e5d5542993e715abf7d,1.0,1.0,0.0
hotpotqa,ms2,markov_hybrid,hybrid,5a877e5d5542993e715abf7d,1.0,1.0,0.0
hotpotqa,ms2,bradley_terry_graph,graph,5a877e5d5542993e715abf7d,1.0,1.0,0.0
hotpotqa,ms2,pagerank_graph,graph,5ab3b0bf5542992ade7c6e39,0.3562071871080222,0.3562071871080222,0.0
hotpotqa,ms2,rank_centrality_graph,graph,5ab3b0bf5542992ade7c6e39,0.6309297535714575,0.6309297535714575,0.0
hotpotqa,ms2,markov_hybrid,hybrid,5ab3b0bf5542992ade7c6e39,0.2890648263178879,0.2890648263178879,0.0
hotpotqa,ms2,bradley_terry_graph,graph,5ab3b0bf5542992ade7c6e39,0.6309297535714575,0.6309297535714575,0.0
hotpotqa,ms2,pagerank_graph,graph,5ab56e32554299637185c594,0.9197207891481876,0.9197207891481876,0.0
hotpotqa,ms2,rank_centrality_graph,graph,5ab56e32554299637185c594,0.9197207891481876,0.9197207891481876,0.0
hotpotqa,ms2,markov_hybrid,hybrid,5ab56e32554299637185c594,0.9197207891481876,0.9197207891481876,0.0
hotpotqa,ms2,bradley_terry_graph,graph,5ab56e32554299637185c594,0.9197207891481876,0.9197207891481876,0.0
hotpotqa,ms2,pagerank_graph,graph,5ab6d09255429954757d337d,0.38685280723454163,0.38685280723454163,0.0
hotpotqa,ms2,rank_centrality_graph,graph,5ab6d09255429954757d337d,0.43067655807339306,0.43067655807339306,0.0
hotpotqa,ms2,markov_hybrid,hybrid,5ab6d09255429954757d337d,0.38685280723454163,0.38685280723454163,0.0
hotpotqa,ms2,bradley_terry_graph,graph,5ab6d09255429954757d337d,0.43067655807339306,0.43067655807339306,0.0
hotpotqa,ms2,pagerank_graph,graph,5a75e05c55429976ec32bc5f,1.0,1.0,0.0
hotpotqa,ms2,rank_centrality_graph,graph,5a75e05c55429976ec32bc5f,1.0,1.0,0.0
hotpotqa,ms2,markov_hybrid,hybrid,5a75e05c55429976ec32bc5f,1.0,1.0,0.0
hotpotqa,ms2,bradley_terry_graph,graph,5a75e05c55429976ec32bc5f,1.0,1.0,0.0
hotpotqa,ms2,pagerank_graph,graph,5ab3e45655429976abd1bcd4,1.0,1.0,0.0
hotpotqa,ms2,rank_centrality_graph,graph,5ab3e45655429976abd1bcd4,1.0,1.0,0.0
hotpotqa,ms2,markov_hybrid,hybrid,5ab3e45655429976abd1bcd4,1.0,1.0,0.0
hotpotqa,ms2,bradley_terry_graph,graph,5ab3e45655429976abd1bcd4,1.0,1.0,0.0
hotpotqa,ms2,pagerank_graph,graph,5ae0d4c9554299603e418468,1.0,1.0,0.0
hotpotqa,ms2,rank_centrality_graph,graph,5ae0d4c9554299603e418468,1.0,1.0,0.0
hotpotqa,ms2,markov_hybrid,hybrid,5ae0d4c9554299603e418468,1.0,1.0,0.0
hotpotqa,ms2,bradley_terry_graph,graph,5ae0d4c9554299603e418468,1.0,1.0,0.0
hotpotqa,ms2,pagerank_graph,graph,5a8133725542995ce29dcbdb,1.0,1.0,0.0
hotpotqa,ms2,rank_centrality_graph,graph,5a8133725542995ce29dcbdb,1.0,1.0,0.0
hotpotqa,ms2,markov_hybrid,hybrid,5a8133725542995ce29dcbdb,1.0,1.0,0.0
hotpotqa,ms2,bradley_terry_graph,graph,5a8133725542995ce29dcbdb,1.0,1.0,0.0
hotpotqa,ms2,pagerank_graph,graph,5ae6050f55429929b0807a5e,1.0,1.0,0.0
hotpotqa,ms2,rank_centrality_graph,graph,5ae6050f55429929b0807a5e,1.0,1.0,0.0
hotpotqa,ms2,markov_hybrid,hybrid,5ae6050f55429929b0807a5e,1.0,1.0,0.0
hotpotqa,ms2,bradley_terry_graph,graph,5ae6050f55429929b0807a5e,1.0,1.0,0.0
hotpotqa,ms2,pagerank_graph,graph,5adddccd5542997dc7907069,1.0,1.0,0.0
hotpotqa,ms2,rank_centrality_graph,graph,5adddccd5542997dc7907069,1.0,1.0,0.0
hotpotqa,ms2,markov_hybrid,hybrid,5adddccd5542997dc7907069,1.0,1.0,0.0
hotpotqa,ms2,bradley_terry_graph,graph,5adddccd5542997dc7907069,1.0,1.0,0.0
hotpotqa,ms2,pagerank_graph,graph,5ae22b8d554299234fd0440f,0.5437713091520254,0.5437713091520254,0.0
hotpotqa,ms2,rank_centrality_graph,graph,5ae22b8d554299234fd0440f,0.5437713091520254,0.5437713091520254,0.0
hotpotqa,ms2,markov_hybrid,hybrid,5ae22b8d554299234fd0440f,0.5437713091520254,0.5437713091520254,0.0
hotpotqa,ms2,bradley_terry_graph,graph,5ae22b8d554299234fd0440f,0.6240505200038379,0.6240505200038379,0.0
hotpotqa,ms2,pagerank_graph,graph,5a722b8655429971e9dc9329,1.0,1.0,0.0
hotpotqa,ms2,rank_centrality_graph,graph,5a722b8655429971e9dc9329,1.0,1.0,0.0
hotpotqa,ms2,markov_hybrid,hybrid,5a722b8655429971e9dc9329,1.0,1.0,0.0
hotpotqa,ms2,bradley_terry_graph,graph,5a722b8655429971e9dc9329,1.0,1.0,0.0
hotpotqa,ms2,pagerank_graph,graph,5adf37a95542995ec70e8f97,1.0,1.0,0.0
hotpotqa,ms2,rank_centrality_graph,graph,5adf37a95542995ec70e8f97,1.0,1.0,0.0
hotpotqa,ms2,markov_hybrid,hybrid,5adf37a95542995ec70e8f97,1.0,1.0,0.0
hotpotqa,ms2,bradley_terry_graph,graph,5adf37a95542995ec70e8f97,1.0,1.0,0.0
hotpotqa,ms2,pagerank_graph,graph,5abd259d55429924427fcf1a,1.0,1.0,0.0
hotpotqa,ms2,rank_centrality_graph,graph,5abd259d55429924427fcf1a,1.0,1.0,0.0
hotpotqa,ms2,markov_hybrid,hybrid,5abd259d55429924427fcf1a,1.0,1.0,0.0
hotpotqa,ms2,bradley_terry_graph,graph,5abd259d55429924427fcf1a,1.0,1.0,0.0
hotpotqa,ms2,pagerank_graph,graph,5a828c8355429966c78a6a50,0.8772153153380493,0.8772153153380493,0.0
hotpotqa,ms2,rank_centrality_graph,graph,5a828c8355429966c78a6a50,0.8772153153380493,0.8772153153380493,0.0
hotpotqa,ms2,markov_hybrid,hybrid,5a828c8355429966c78a6a50,0.8772153153380493,0.8772153153380493,0.0
hotpotqa,ms2,bradley_terry_graph,graph,5a828c8355429966c78a6a50,0.8772153153380493,0.8772153153380493,0.0
hotpotqa,ms2,pagerank_graph,graph,5a8a3e745542996c9b8d5e70,1.0,1.0,0.0
hotpotqa,ms2,rank_centrality_graph,graph,5a8a3e745542996c9b8d5e70,1.0,1.0,0.0
hotpotqa,ms2,markov_hybrid,hybrid,5a8a3e745542996c9b8d5e70,1.0,1.0,0.0
hotpotqa,ms2,bradley_terry_graph,graph,5a8a3e745542996c9b8d5e70,1.0,1.0,0.0
hotpotqa,ms2,pagerank_graph,graph,5ac23ff0554299636651994d,1.0,1.0,0.0
hotpotqa,ms2,rank_centrality_graph,graph,5ac23ff0554299636651994d,1.0,1.0,0.0
hotpotqa,ms2,markov_hybrid,hybrid,5ac23ff0554299636651994d,1.0,1.0,0.0
hotpotqa,ms2,bradley_terry_graph,graph,5ac23ff0554299636651994d,1.0,1.0,0.0
hotpotqa,ms2,pagerank_graph,graph,5ae0361155429925eb1afc2c,0.6934264036172708,0.6934264036172708,0.0
hotpotqa,ms2,rank_centrality_graph,graph,5ae0361155429925eb1afc2c,0.6934264036172708,0.6934264036172708,0.0
hotpotqa,ms2,markov_hybrid,hybrid,5ae0361155429925eb1afc2c,0.8772153153380493,0.8772153153380493,0.0
hotpotqa,ms2,bradley_terry_graph,graph,5ae0361155429925eb1afc2c,0.6934264036172708,0.6934264036172708,0.0
hotpotqa,ms2,pagerank_graph,graph,5abc0a5d5542993f40c73c64,0.6934264036172708,0.6934264036172708,0.0
hotpotqa,ms2,rank_centrality_graph,graph,5abc0a5d5542993f40c73c64,0.6934264036172708,0.6934264036172708,0.0
hotpotqa,ms2,markov_hybrid,hybrid,5abc0a5d5542993f40c73c64,0.6934264036172708,0.6934264036172708,0.0
hotpotqa,ms2,bradley_terry_graph,graph,5abc0a5d5542993f40c73c64,0.6934264036172708,0.6934264036172708,0.0
hotpotqa,ms2,pagerank_graph,graph,5a7cc50e554299452d57ba3e,0.5,0.5,0.0
hotpotqa,ms2,rank_centrality_graph,graph,5a7cc50e554299452d57ba3e,0.43067655807339306,0.43067655807339306,0.0
hotpotqa,ms2,markov_hybrid,hybrid,5a7cc50e554299452d57ba3e,0.5,0.5,0.0
hotpotqa,ms2,bradley_terry_graph,graph,5a7cc50e554299452d57ba3e,0.43067655807339306,0.43067655807339306,0.0
hotpotqa,ms2,pagerank_graph,graph,5abf63f15542997ec76fd3ea,0.5714285040141098,0.5714285040141098,0.0
hotpotqa,ms2,rank_centrality_graph,graph,5abf63f15542997ec76fd3ea,0.5714285040141098,0.5714285040141098,0.0
hotpotqa,ms2,markov_hybrid,hybrid,5abf63f15542997ec76fd3ea,0.5,0.5,0.0
hotpotqa,ms2,bradley_terry_graph,graph,5abf63f15542997ec76fd3ea,0.5714285040141098,0.5714285040141098,0.0
hotpotqa,ms2,pagerank_graph,graph,5a8ef2a75542995a26add583,1.0,1.0,0.0
hotpotqa,ms2,rank_centrality_graph,graph,5a8ef2a75542995a26add583,1.0,1.0,0.0
hotpotqa,ms2,markov_hybrid,hybrid,5a8ef2a75542995a26add583,1.0,1.0,0.0
hotpotqa,ms2,bradley_terry_graph,graph,5a8ef2a75542995a26add583,1.0,1.0,0.0
hotpotqa,ms2,pagerank_graph,graph,5a80721b554299485f5985ef,1.0,1.0,0.0
hotpotqa,ms2,rank_centrality_graph,graph,5a80721b554299485f5985ef,1.0,1.0,0.0
hotpotqa,ms2,markov_hybrid,hybrid,5a80721b554299485f5985ef,1.0,1.0,0.0
hotpotqa,ms2,bradley_terry_graph,graph,5a80721b554299485f5985ef,1.0,1.0,0.0
hotpotqa,ms2,pagerank_graph,graph,5ab51dae5542991779162d82,0.9197207891481876,0.9197207891481876,0.0
hotpotqa,ms2,rank_centrality_graph,graph,5ab51dae5542991779162d82,0.6934264036172708,0.6934264036172708,0.0
hotpotqa,ms2,markov_hybrid,hybrid,5ab51dae5542991779162d82,0.6934264036172708,0.6934264036172708,0.0
hotpotqa,ms2,bradley_terry_graph,graph,5ab51dae5542991779162d82,0.6934264036172708,0.6934264036172708,0.0
hotpotqa,ms2,pagerank_graph,graph,5a7571135542992d0ec05f98,1.0,1.0,0.0
hotpotqa,ms2,rank_centrality_graph,graph,5a7571135542992d0ec05f98,1.0,1.0,0.0
hotpotqa,ms2,markov_hybrid,hybrid,5a7571135542992d0ec05f98,1.0,1.0,0.0
hotpotqa,ms2,bradley_terry_graph,graph,5a7571135542992d0ec05f98,1.0,1.0,0.0
hotpotqa,ms2,pagerank_graph,graph,5a7a0e1e5542990783324e1a,1.0,1.0,0.0
hotpotqa,ms2,rank_centrality_graph,graph,5a7a0e1e5542990783324e1a,1.0,1.0,0.0
hotpotqa,ms2,markov_hybrid,hybrid,5a7a0e1e5542990783324e1a,1.0,1.0,0.0
hotpotqa,ms2,bradley_terry_graph,graph,5a7a0e1e5542990783324e1a,1.0,1.0,0.0
hotpotqa,ms2,pagerank_graph,graph,5a74106b55429979e288289e,1.0,1.0,0.0
hotpotqa,ms2,rank_centrality_graph,graph,5a74106b55429979e288289e,1.0,1.0,0.0
hotpotqa,ms2,markov_hybrid,hybrid,5a74106b55429979e288289e,1.0,1.0,0.0
hotpotqa,ms2,bradley_terry_graph,graph,5a74106b55429979e288289e,1.0,1.0,0.0
hotpotqa,ms2,pagerank_graph,graph,5a79311755429970f5fffe67,1.0,1.0,0.0
hotpotqa,ms2,rank_centrality_graph,graph,5a79311755429970f5fffe67,1.0,1.0,0.0
hotpotqa,ms2,markov_hybrid,hybrid,5a79311755429970f5fffe67,1.0,1.0,0.0
hotpotqa,ms2,bradley_terry_graph,graph,5a79311755429970f5fffe67,1.0,1.0,0.0
hotpotqa,ms2,pagerank_graph,graph,5ab2d3df554299194fa9352c,1.0,1.0,0.0
hotpotqa,ms2,rank_centrality_graph,graph,5ab2d3df554299194fa9352c,1.0,1.0,0.0
hotpotqa,ms2,markov_hybrid,hybrid,5ab2d3df554299194fa9352c,1.0,1.0,0.0
hotpotqa,ms2,bradley_terry_graph,graph,5ab2d3df554299194fa9352c,1.0,1.0,0.0
hotpotqa,ms2,pagerank_graph,graph,5a760ab65542994ccc918697,1.0,1.0,0.0
hotpotqa,ms2,rank_centrality_graph,graph,5a760ab65542994ccc918697,1.0,1.0,0.0
hotpotqa,ms2,markov_hybrid,hybrid,5a760ab65542994ccc918697,1.0,1.0,0.0
hotpotqa,ms2,bradley_terry_graph,graph,5a760ab65542994ccc918697,1.0,1.0,0.0
hotpotqa,ms2,pagerank_graph,graph,5a7d54165542995f4f402256,0.8315546295836225,0.8315546295836225,0.0
hotpotqa,ms2,rank_centrality_graph,graph,5a7d54165542995f4f402256,0.8175295903539445,0.8175295903539445,0.0
hotpotqa,ms2,markov_hybrid,hybrid,5a7d54165542995f4f402256,0.8315546295836225,0.8315546295836225,0.0
hotpotqa,ms2,bradley_terry_graph,graph,5a7d54165542995f4f402256,0.8315546295836225,0.8315546295836225,0.0
hotpotqa,ms2,pagerank_graph,graph,5ab859a955429934fafe6d7b,1.0,1.0,0.0
hotpotqa,ms2,rank_centrality_graph,graph,5ab859a955429934fafe6d7b,1.0,1.0,0.0
hotpotqa,ms2,markov_hybrid,hybrid,5ab859a955429934fafe6d7b,1.0,1.0,0.0
hotpotqa,ms2,bradley_terry_graph,graph,5ab859a955429934fafe6d7b,0.6309297535714575,0.6309297535714575,0.0
hotpotqa,ms2,pagerank_graph,graph,5add61d65542995b365fab21,1.0,1.0,0.0
hotpotqa,ms2,rank_centrality_graph,graph,5add61d65542995b365fab21,1.0,1.0,0.0
hotpotqa,ms2,markov_hybrid,hybrid,5add61d65542995b365fab21,1.0,1.0,0.0
hotpotqa,ms2,bradley_terry_graph,graph,5add61d65542995b365fab21,1.0,1.0,0.0
hotpotqa,ms2,pagerank_graph,graph,5abbf698554299114383a0b5,1.0,1.0,0.0
hotpotqa,ms2,rank_centrality_graph,graph,5abbf698554299114383a0b5,1.0,1.0,0.0
hotpotqa,ms2,markov_hybrid,hybrid,5abbf698554299114383a0b5,1.0,1.0,0.0
hotpotqa,ms2,bradley_terry_graph,graph,5abbf698554299114383a0b5,1.0,1.0,0.0
hotpotqa,ms2,pagerank_graph,graph,5ab84bf555429916710eb01f,0.8315546295836225,0.8315546295836225,0.0
hotpotqa,ms2,rank_centrality_graph,graph,5ab84bf555429916710eb01f,0.8065735963827293,0.8065735963827293,0.0
hotpotqa,ms2,markov_hybrid,hybrid,5ab84bf555429916710eb01f,0.8503449055347546,0.8503449055347546,0.0
hotpotqa,ms2,bradley_terry_graph,graph,5ab84bf555429916710eb01f,0.8315546295836225,0.8315546295836225,0.0
hotpotqa,ms2,pagerank_graph,graph,5ab96ab755429970cfb8eacd,0.5640920940185894,0.5640920940185894,0.0
hotpotqa,ms2,rank_centrality_graph,graph,5ab96ab755429970cfb8eacd,0.6509209298071326,0.6509209298071326,0.0
hotpotqa,ms2,markov_hybrid,hybrid,5ab96ab755429970cfb8eacd,0.8315546295836225,0.8315546295836225,0.0
hotpotqa,ms2,bradley_terry_graph,graph,5ab96ab755429970cfb8eacd,0.5640920940185894,0.5640920940185894,0.0
hotpotqa,ms2,pagerank_graph,graph,5a8a43eb5542996c9b8d5e82,1.0,1.0,0.0
hotpotqa,ms2,rank_centrality_graph,graph,5a8a43eb5542996c9b8d5e82,1.0,1.0,0.0
hotpotqa,ms2,markov_hybrid,hybrid,5a8a43eb5542996c9b8d5e82,1.0,1.0,0.0
hotpotqa,ms2,bradley_terry_graph,graph,5a8a43eb5542996c9b8d5e82,1.0,1.0,0.0
hotpotqa,ms2,pagerank_graph,graph,5a7320565542991f9a20c61d,1.0,1.0,0.0
hotpotqa,ms2,rank_centrality_graph,graph,5a7320565542991f9a20c61d,1.0,1.0,0.0
hotpotqa,ms2,markov_hybrid,hybrid,5a7320565542991f9a20c61d,1.0,1.0,0.0
hotpotqa,ms2,bradley_terry_graph,graph,5a7320565542991f9a20c61d,1.0,1.0,0.0
hotpotqa,ms2,pagerank_graph,graph,5a8b20335542996c9b8d5fb3,0.5,0.5,0.0
hotpotqa,ms2,rank_centrality_graph,graph,5a8b20335542996c9b8d5fb3,0.5,0.5,0.0
hotpotqa,ms2,markov_hybrid,hybrid,5a8b20335542996c9b8d5fb3,0.5,0.5,0.0
hotpotqa,ms2,bradley_terry_graph,graph,5a8b20335542996c9b8d5fb3,0.5,0.5,0.0
hotpotqa,ms2,pagerank_graph,graph,5a85fb085542994775f606de,0.6309297535714575,0.6309297535714575,0.0
hotpotqa,ms2,rank_centrality_graph,graph,5a85fb085542994775f606de,0.6309297535714575,0.6309297535714575,0.0
hotpotqa,ms2,markov_hybrid,hybrid,5a85fb085542994775f606de,0.6309297535714575,0.6309297535714575,0.0
hotpotqa,ms2,bradley_terry_graph,graph,5a85fb085542994775f606de,0.6309297535714575,0.6309297535714575,0.0
hotpotqa,ms2,pagerank_graph,graph,5a8f4c8d554299458435d5a3,1.0,1.0,0.0
hotpotqa,ms2,rank_centrality_graph,graph,5a8f4c8d554299458435d5a3,1.0,1.0,0.0
hotpotqa,ms2,markov_hybrid,hybrid,5a8f4c8d554299458435d5a3,1.0,1.0,0.0
hotpotqa,ms2,bradley_terry_graph,graph,5a8f4c8d554299458435d5a3,1.0,1.0,0.0
hotpotqa,ms2,pagerank_graph,graph,5a80840f554299485f59863b,1.0,1.0,0.0
hotpotqa,ms2,rank_centrality_graph,graph,5a80840f554299485f59863b,1.0,1.0,0.0
hotpotqa,ms2,markov_hybrid,hybrid,5a80840f554299485f59863b,1.0,1.0,0.0
hotpotqa,ms2,bradley_terry_graph,graph,5a80840f554299485f59863b,1.0,1.0,0.0
hotpotqa,ms2,pagerank_graph,graph,5ae7ba7a5542993210983f12,0.3562071871080222,0.3562071871080222,0.0
hotpotqa,ms2,rank_centrality_graph,graph,5ae7ba7a5542993210983f12,0.3562071871080222,0.3562071871080222,0.0
hotpotqa,ms2,markov_hybrid,hybrid,5ae7ba7a5542993210983f12,0.3562071871080222,0.3562071871080222,0.0
hotpotqa,ms2,bradley_terry_graph,graph,5ae7ba7a5542993210983f12,0.3562071871080222,0.3562071871080222,0.0
hotpotqa,ms2,pagerank_graph,graph,5ac2acff55429921a00ab02b,1.0,1.0,0.0
hotpotqa,ms2,rank_centrality_graph,graph,5ac2acff55429921a00ab02b,1.0,1.0,0.0
hotpotqa,ms2,markov_hybrid,hybrid,5ac2acff55429921a00ab02b,1.0,1.0,0.0
hotpotqa,ms2,bradley_terry_graph,graph,5ac2acff55429921a00ab02b,1.0,1.0,0.0
hotpotqa,ms1,pagerank_graph,graph,5a8c7595554299585d9e36b6,1.0,1.0,0.0
hotpotqa,ms1,rank_centrality_graph,graph,5a8c7595554299585d9e36b6,1.0,1.0,0.0
hotpotqa,ms1,markov_hybrid,hybrid,5a8c7595554299585d9e36b6,1.0,1.0,0.0
hotpotqa,ms1,bradley_terry_graph,graph,5a8c7595554299585d9e36b6,1.0,1.0,0.0
hotpotqa,ms1,pagerank_graph,graph,5a85ea095542994775f606a8,1.0,1.0,0.0
hotpotqa,ms1,rank_centrality_graph,graph,5a85ea095542994775f606a8,1.0,1.0,0.0
hotpotqa,ms1,markov_hybrid,hybrid,5a85ea095542994775f606a8,1.0,1.0,0.0
hotpotqa,ms1,bradley_terry_graph,graph,5a85ea095542994775f606a8,0.43067655807339306,1.0,0.5693234419266069
hotpotqa,ms1,pagerank_graph,graph,5adbf0a255429947ff17385a,1.0,1.0,0.0
hotpotqa,ms1,rank_centrality_graph,graph,5adbf0a255429947ff17385a,1.0,1.0,0.0
hotpotqa,ms1,markov_hybrid,hybrid,5adbf0a255429947ff17385a,1.0,1.0,0.0
hotpotqa,ms1,bradley_terry_graph,graph,5adbf0a255429947ff17385a,1.0,1.0,0.0
hotpotqa,ms1,pagerank_graph,graph,5a8e3ea95542995a26add48d,1.0,1.0,0.0
hotpotqa,ms1,rank_centrality_graph,graph,5a8e3ea95542995a26add48d,1.0,1.0,0.0
hotpotqa,ms1,markov_hybrid,hybrid,5a8e3ea95542995a26add48d,1.0,1.0,0.0
hotpotqa,ms1,bradley_terry_graph,graph,5a8e3ea95542995a26add48d,1.0,1.0,0.0
hotpotqa,ms1,pagerank_graph,graph,5a85b2d95542997b5ce40028,1.0,1.0,0.0
hotpotqa,ms1,rank_centrality_graph,graph,5a85b2d95542997b5ce40028,1.0,1.0,0.0
hotpotqa,ms1,markov_hybrid,hybrid,5a85b2d95542997b5ce40028,1.0,1.0,0.0
hotpotqa,ms1,bradley_terry_graph,graph,5a85b2d95542997b5ce40028,1.0,1.0,0.0
hotpotqa,ms1,pagerank_graph,graph,5a87ab905542996e4f3088c1,1.0,1.0,0.0
hotpotqa,ms1,rank_centrality_graph,graph,5a87ab905542996e4f3088c1,1.0,1.0,0.0
hotpotqa,ms1,markov_hybrid,hybrid,5a87ab905542996e4f3088c1,1.0,1.0,0.0
hotpotqa,ms1,bradley_terry_graph,graph,5a87ab905542996e4f3088c1,1.0,1.0,0.0
hotpotqa,ms1,pagerank_graph,graph,5a7bbb64554299042af8f7cc,0.6309297535714575,0.6309297535714575,0.0
hotpotqa,ms1,rank_centrality_graph,graph,5a7bbb64554299042af8f7cc,0.6309297535714575,0.6309297535714575,0.0
hotpotqa,ms1,markov_hybrid,hybrid,5a7bbb64554299042af8f7cc,0.6309297535714575,0.6309297535714575,0.0
hotpotqa,ms1,bradley_terry_graph,graph,5a7bbb64554299042af8f7cc,0.6309297535714575,0.6309297535714575,0.0
hotpotqa,ms1,pagerank_graph,graph,5a7166395542994082a3e814,1.0,1.0,0.0
hotpotqa,ms1,rank_centrality_graph,graph,5a7166395542994082a3e814,1.0,1.0,0.0
hotpotqa,ms1,markov_hybrid,hybrid,5a7166395542994082a3e814,1.0,1.0,0.0
hotpotqa,ms1,bradley_terry_graph,graph,5a7166395542994082a3e814,1.0,1.0,0.0
hotpotqa,ms1,pagerank_graph,graph,5a877e5d5542993e715abf7d,1.0,1.0,0.0
hotpotqa,ms1,rank_centrality_graph,graph,5a877e5d5542993e715abf7d,1.0,1.0,0.0
hotpotqa,ms1,markov_hybrid,hybrid,5a877e5d5542993e715abf7d,1.0,1.0,0.0
hotpotqa,ms1,bradley_terry_graph,graph,5a877e5d5542993e715abf7d,1.0,1.0,0.0
hotpotqa,ms1,pagerank_graph,graph,5ab3b0bf5542992ade7c6e39,0.6309297535714575,0.6309297535714575,0.0
hotpotqa,ms1,rank_centrality_graph,graph,5ab3b0bf5542992ade7c6e39,0.6309297535714575,0.6309297535714575,0.0
hotpotqa,ms1,markov_hybrid,hybrid,5ab3b0bf5542992ade7c6e39,0.2890648263178879,0.2890648263178879,0.0
hotpotqa,ms1,bradley_terry_graph,graph,5ab3b0bf5542992ade7c6e39,0.6309297535714575,0.6309297535714575,0.0
hotpotqa,ms1,pagerank_graph,graph,5ab56e32554299637185c594,0.9197207891481876,0.9197207891481876,0.0
hotpotqa,ms1,rank_centrality_graph,graph,5ab56e32554299637185c594,0.9197207891481876,0.9197207891481876,0.0
hotpotqa,ms1,markov_hybrid,hybrid,5ab56e32554299637185c594,0.9197207891481876,0.9197207891481876,0.0
hotpotqa,ms1,bradley_terry_graph,graph,5ab56e32554299637185c594,0.9197207891481876,0.9197207891481876,0.0
hotpotqa,ms1,pagerank_graph,graph,5ab6d09255429954757d337d,0.3562071871080222,0.38685280723454163,0.030645620126519446
hotpotqa,ms1,rank_centrality_graph,graph,5ab6d09255429954757d337d,0.3562071871080222,0.38685280723454163,0.030645620126519446
hotpotqa,ms1,markov_hybrid,hybrid,5ab6d09255429954757d337d,0.38685280723454163,0.38685280723454163,0.0
hotpotqa,ms1,bradley_terry_graph,graph,5ab6d09255429954757d337d,0.38685280723454163,0.38685280723454163,0.0
hotpotqa,ms1,pagerank_graph,graph,5a75e05c55429976ec32bc5f,1.0,1.0,0.0
hotpotqa,ms1,rank_centrality_graph,graph,5a75e05c55429976ec32bc5f,1.0,1.0,0.0
hotpotqa,ms1,markov_hybrid,hybrid,5a75e05c55429976ec32bc5f,1.0,1.0,0.0
hotpotqa,ms1,bradley_terry_graph,graph,5a75e05c55429976ec32bc5f,1.0,1.0,0.0
hotpotqa,ms1,pagerank_graph,graph,5ab3e45655429976abd1bcd4,1.0,1.0,0.0
hotpotqa,ms1,rank_centrality_graph,graph,5ab3e45655429976abd1bcd4,1.0,1.0,0.0
hotpotqa,ms1,markov_hybrid,hybrid,5ab3e45655429976abd1bcd4,1.0,1.0,0.0
hotpotqa,ms1,bradley_terry_graph,graph,5ab3e45655429976abd1bcd4,1.0,1.0,0.0
hotpotqa,ms1,pagerank_graph,graph,5ae0d4c9554299603e418468,1.0,1.0,0.0
hotpotqa,ms1,rank_centrality_graph,graph,5ae0d4c9554299603e418468,1.0,1.0,0.0
hotpotqa,ms1,markov_hybrid,hybrid,5ae0d4c9554299603e418468,1.0,1.0,0.0
hotpotqa,ms1,bradley_terry_graph,graph,5ae0d4c9554299603e418468,1.0,1.0,0.0
hotpotqa,ms1,pagerank_graph,graph,5a8133725542995ce29dcbdb,0.6309297535714575,0.6309297535714575,0.0
hotpotqa,ms1,rank_centrality_graph,graph,5a8133725542995ce29dcbdb,0.6309297535714575,0.6309297535714575,0.0
hotpotqa,ms1,markov_hybrid,hybrid,5a8133725542995ce29dcbdb,1.0,1.0,0.0
hotpotqa,ms1,bradley_terry_graph,graph,5a8133725542995ce29dcbdb,0.6309297535714575,0.6309297535714575,0.0
hotpotqa,ms1,pagerank_graph,graph,5ae6050f55429929b0807a5e,1.0,1.0,0.0
hotpotqa,ms1,rank_centrality_graph,graph,5ae6050f55429929b0807a5e,1.0,1.0,0.0
hotpotqa,ms1,markov_hybrid,hybrid,5ae6050f55429929b0807a5e,1.0,1.0,0.0
hotpotqa,ms1,bradley_terry_graph,graph,5ae6050f55429929b0807a5e,1.0,1.0,0.0
hotpotqa,ms1,pagerank_graph,graph,5adddccd5542997dc7907069,1.0,1.0,0.0
hotpotqa,ms1,rank_centrality_graph,graph,5adddccd5542997dc7907069,1.0,1.0,0.0
hotpotqa,ms1,markov_hybrid,hybrid,5adddccd5542997dc7907069,1.0,1.0,0.0
hotpotqa,ms1,bradley_terry_graph,graph,5adddccd5542997dc7907069,1.0,1.0,0.0
hotpotqa,ms1,pagerank_graph,graph,5ae22b8d554299234fd0440f,0.6240505200038379,0.5437713091520254,-0.08027921085181244
hotpotqa,ms1,rank_centrality_graph,graph,5ae22b8d554299234fd0440f,0.5437713091520254,0.5437713091520254,0.0
hotpotqa,ms1,markov_hybrid,hybrid,5ae22b8d554299234fd0440f,0.5437713091520254,0.5437713091520254,0.0
hotpotqa,ms1,bradley_terry_graph,graph,5ae22b8d554299234fd0440f,0.5437713091520254,0.5437713091520254,0.0
hotpotqa,ms1,pagerank_graph,graph,5a722b8655429971e9dc9329,1.0,1.0,0.0
hotpotqa,ms1,rank_centrality_graph,graph,5a722b8655429971e9dc9329,1.0,1.0,0.0
hotpotqa,ms1,markov_hybrid,hybrid,5a722b8655429971e9dc9329,1.0,1.0,0.0
hotpotqa,ms1,bradley_terry_graph,graph,5a722b8655429971e9dc9329,1.0,1.0,0.0
hotpotqa,ms1,pagerank_graph,graph,5adf37a95542995ec70e8f97,1.0,1.0,0.0
hotpotqa,ms1,rank_centrality_graph,graph,5adf37a95542995ec70e8f97,1.0,1.0,0.0
hotpotqa,ms1,markov_hybrid,hybrid,5adf37a95542995ec70e8f97,1.0,1.0,0.0
hotpotqa,ms1,bradley_terry_graph,graph,5adf37a95542995ec70e8f97,1.0,1.0,0.0
hotpotqa,ms1,pagerank_graph,graph,5abd259d55429924427fcf1a,1.0,1.0,0.0
hotpotqa,ms1,rank_centrality_graph,graph,5abd259d55429924427fcf1a,1.0,1.0,0.0
hotpotqa,ms1,markov_hybrid,hybrid,5abd259d55429924427fcf1a,1.0,1.0,0.0
hotpotqa,ms1,bradley_terry_graph,graph,5abd259d55429924427fcf1a,1.0,1.0,0.0
hotpotqa,ms1,pagerank_graph,graph,5a828c8355429966c78a6a50,0.8772153153380493,0.8772153153380493,0.0
hotpotqa,ms1,rank_centrality_graph,graph,5a828c8355429966c78a6a50,0.8772153153380493,0.8772153153380493,0.0
hotpotqa,ms1,markov_hybrid,hybrid,5a828c8355429966c78a6a50,0.8772153153380493,0.8772153153380493,0.0
hotpotqa,ms1,bradley_terry_graph,graph,5a828c8355429966c78a6a50,0.8772153153380493,0.8772153153380493,0.0
hotpotqa,ms1,pagerank_graph,graph,5a8a3e745542996c9b8d5e70,1.0,1.0,0.0
hotpotqa,ms1,rank_centrality_graph,graph,5a8a3e745542996c9b8d5e70,1.0,1.0,0.0
hotpotqa,ms1,markov_hybrid,hybrid,5a8a3e745542996c9b8d5e70,1.0,1.0,0.0
hotpotqa,ms1,bradley_terry_graph,graph,5a8a3e745542996c9b8d5e70,1.0,1.0,0.0
hotpotqa,ms1,pagerank_graph,graph,5ac23ff0554299636651994d,1.0,1.0,0.0
hotpotqa,ms1,rank_centrality_graph,graph,5ac23ff0554299636651994d,1.0,1.0,0.0
hotpotqa,ms1,markov_hybrid,hybrid,5ac23ff0554299636651994d,1.0,1.0,0.0
hotpotqa,ms1,bradley_terry_graph,graph,5ac23ff0554299636651994d,1.0,1.0,0.0
hotpotqa,ms1,pagerank_graph,graph,5ae0361155429925eb1afc2c,0.6934264036172708,0.6934264036172708,0.0
hotpotqa,ms1,rank_centrality_graph,graph,5ae0361155429925eb1afc2c,0.6934264036172708,0.6934264036172708,0.0
hotpotqa,ms1,markov_hybrid,hybrid,5ae0361155429925eb1afc2c,0.6509209298071326,0.6509209298071326,0.0
hotpotqa,ms1,bradley_terry_graph,graph,5ae0361155429925eb1afc2c,0.6934264036172708,0.6934264036172708,0.0
hotpotqa,ms1,pagerank_graph,graph,5abc0a5d5542993f40c73c64,0.9197207891481876,0.6934264036172708,-0.22629438553091674
hotpotqa,ms1,rank_centrality_graph,graph,5abc0a5d5542993f40c73c64,0.6934264036172708,0.6934264036172708,0.0
hotpotqa,ms1,markov_hybrid,hybrid,5abc0a5d5542993f40c73c64,0.6934264036172708,0.6934264036172708,0.0
hotpotqa,ms1,bradley_terry_graph,graph,5abc0a5d5542993f40c73c64,0.6934264036172708,0.9197207891481876,0.22629438553091674
hotpotqa,ms1,pagerank_graph,graph,5a7cc50e554299452d57ba3e,0.43067655807339306,0.5,0.06932344192660694
hotpotqa,ms1,rank_centrality_graph,graph,5a7cc50e554299452d57ba3e,0.5,0.5,0.0
hotpotqa,ms1,markov_hybrid,hybrid,5a7cc50e554299452d57ba3e,0.5,0.5,0.0
hotpotqa,ms1,bradley_terry_graph,graph,5a7cc50e554299452d57ba3e,0.43067655807339306,0.43067655807339306,0.0
hotpotqa,ms1,pagerank_graph,graph,5abf63f15542997ec76fd3ea,0.5802792108518124,0.5802792108518124,0.0
hotpotqa,ms1,rank_centrality_graph,graph,5abf63f15542997ec76fd3ea,0.5802792108518124,0.5802792108518124,0.0
hotpotqa,ms1,markov_hybrid,hybrid,5abf63f15542997ec76fd3ea,0.5,0.5,0.0
hotpotqa,ms1,bradley_terry_graph,graph,5abf63f15542997ec76fd3ea,0.5802792108518124,0.5802792108518124,0.0
hotpotqa,ms1,pagerank_graph,graph,5a8ef2a75542995a26add583,1.0,1.0,0.0
hotpotqa,ms1,rank_centrality_graph,graph,5a8ef2a75542995a26add583,1.0,1.0,0.0
hotpotqa,ms1,markov_hybrid,hybrid,5a8ef2a75542995a26add583,1.0,1.0,0.0
hotpotqa,ms1,bradley_terry_graph,graph,5a8ef2a75542995a26add583,1.0,1.0,0.0
hotpotqa,ms1,pagerank_graph,graph,5a80721b554299485f5985ef,1.0,1.0,0.0
hotpotqa,ms1,rank_centrality_graph,graph,5a80721b554299485f5985ef,1.0,1.0,0.0
hotpotqa,ms1,markov_hybrid,hybrid,5a80721b554299485f5985ef,1.0,1.0,0.0
hotpotqa,ms1,bradley_terry_graph,graph,5a80721b554299485f5985ef,1.0,1.0,0.0
hotpotqa,ms1,pagerank_graph,graph,5ab51dae5542991779162d82,0.9197207891481876,0.9197207891481876,0.0
hotpotqa,ms1,rank_centrality_graph,graph,5ab51dae5542991779162d82,0.9197207891481876,0.9197207891481876,0.0
hotpotqa,ms1,markov_hybrid,hybrid,5ab51dae5542991779162d82,0.9197207891481876,0.9197207891481876,0.0
hotpotqa,ms1,bradley_terry_graph,graph,5ab51dae5542991779162d82,0.6934264036172708,0.9197207891481876,0.22629438553091674
hotpotqa,ms1,pagerank_graph,graph,5a7571135542992d0ec05f98,1.0,1.0,0.0
hotpotqa,ms1,rank_centrality_graph,graph,5a7571135542992d0ec05f98,1.0,1.0,0.0
hotpotqa,ms1,markov_hybrid,hybrid,5a7571135542992d0ec05f98,1.0,1.0,0.0
hotpotqa,ms1,bradley_terry_graph,graph,5a7571135542992d0ec05f98,1.0,1.0,0.0
hotpotqa,ms1,pagerank_graph,graph,5a7a0e1e5542990783324e1a,1.0,1.0,0.0
hotpotqa,ms1,rank_centrality_graph,graph,5a7a0e1e5542990783324e1a,1.0,1.0,0.0
hotpotqa,ms1,markov_hybrid,hybrid,5a7a0e1e5542990783324e1a,1.0,1.0,0.0
hotpotqa,ms1,bradley_terry_graph,graph,5a7a0e1e5542990783324e1a,1.0,1.0,0.0
hotpotqa,ms1,pagerank_graph,graph,5a74106b55429979e288289e,1.0,1.0,0.0
hotpotqa,ms1,rank_centrality_graph,graph,5a74106b55429979e288289e,1.0,1.0,0.0
hotpotqa,ms1,markov_hybrid,hybrid,5a74106b55429979e288289e,1.0,1.0,0.0
hotpotqa,ms1,bradley_terry_graph,graph,5a74106b55429979e288289e,1.0,1.0,0.0
hotpotqa,ms1,pagerank_graph,graph,5a79311755429970f5fffe67,1.0,1.0,0.0
hotpotqa,ms1,rank_centrality_graph,graph,5a79311755429970f5fffe67,1.0,1.0,0.0
hotpotqa,ms1,markov_hybrid,hybrid,5a79311755429970f5fffe67,1.0,1.0,0.0
hotpotqa,ms1,bradley_terry_graph,graph,5a79311755429970f5fffe67,1.0,1.0,0.0
hotpotqa,ms1,pagerank_graph,graph,5ab2d3df554299194fa9352c,1.0,1.0,0.0
hotpotqa,ms1,rank_centrality_graph,graph,5ab2d3df554299194fa9352c,1.0,1.0,0.0
hotpotqa,ms1,markov_hybrid,hybrid,5ab2d3df554299194fa9352c,1.0,1.0,0.0
hotpotqa,ms1,bradley_terry_graph,graph,5ab2d3df554299194fa9352c,1.0,1.0,0.0
hotpotqa,ms1,pagerank_graph,graph,5a760ab65542994ccc918697,1.0,1.0,0.0
hotpotqa,ms1,rank_centrality_graph,graph,5a760ab65542994ccc918697,1.0,1.0,0.0
hotpotqa,ms1,markov_hybrid,hybrid,5a760ab65542994ccc918697,1.0,1.0,0.0
hotpotqa,ms1,bradley_terry_graph,graph,5a760ab65542994ccc918697,1.0,1.0,0.0
hotpotqa,ms1,pagerank_graph,graph,5a7d54165542995f4f402256,0.8315546295836225,0.8315546295836225,0.0
hotpotqa,ms1,rank_centrality_graph,graph,5a7d54165542995f4f402256,0.8315546295836225,0.8175295903539445,-0.014025039229678016
hotpotqa,ms1,markov_hybrid,hybrid,5a7d54165542995f4f402256,0.8315546295836225,0.8315546295836225,0.0
hotpotqa,ms1,bradley_terry_graph,graph,5a7d54165542995f4f402256,0.8065735963827293,0.8175295903539445,0.010955993971215161
hotpotqa,ms1,pagerank_graph,graph,5ab859a955429934fafe6d7b,1.0,1.0,0.0
hotpotqa,ms1,rank_centrality_graph,graph,5ab859a955429934fafe6d7b,1.0,1.0,0.0
hotpotqa,ms1,markov_hybrid,hybrid,5ab859a955429934fafe6d7b,1.0,1.0,0.0
hotpotqa,ms1,bradley_terry_graph,graph,5ab859a955429934fafe6d7b,1.0,1.0,0.0
hotpotqa,ms1,pagerank_graph,graph,5add61d65542995b365fab21,0.6309297535714575,1.0,0.36907024642854247
hotpotqa,ms1,rank_centrality_graph,graph,5add61d65542995b365fab21,1.0,1.0,0.0
hotpotqa,ms1,markov_hybrid,hybrid,5add61d65542995b365fab21,1.0,1.0,0.0
hotpotqa,ms1,bradley_terry_graph,graph,5add61d65542995b365fab21,1.0,1.0,0.0
hotpotqa,ms1,pagerank_graph,graph,5abbf698554299114383a0b5,1.0,1.0,0.0
hotpotqa,ms1,rank_centrality_graph,graph,5abbf698554299114383a0b5,1.0,1.0,0.0
hotpotqa,ms1,markov_hybrid,hybrid,5abbf698554299114383a0b5,1.0,1.0,0.0
hotpotqa,ms1,bradley_terry_graph,graph,5abbf698554299114383a0b5,1.0,1.0,0.0
hotpotqa,ms1,pagerank_graph,graph,5ab84bf555429916710eb01f,0.8315546295836225,0.8065735963827293,-0.024981033200893177
hotpotqa,ms1,rank_centrality_graph,graph,5ab84bf555429916710eb01f,0.8175295903539445,0.8065735963827293,-0.010955993971215161
hotpotqa,ms1,markov_hybrid,hybrid,5ab84bf555429916710eb01f,0.8503449055347546,0.8503449055347546,0.0
hotpotqa,ms1,bradley_terry_graph,graph,5ab84bf555429916710eb01f,0.8065735963827293,0.8065735963827293,0.0
hotpotqa,ms1,pagerank_graph,graph,5ab96ab755429970cfb8eacd,0.6052602440527057,0.8503449055347546,0.24508466148204888
hotpotqa,ms1,rank_centrality_graph,graph,5ab96ab755429970cfb8eacd,0.8315546295836225,0.8503449055347546,0.01879027595113214
hotpotqa,ms1,markov_hybrid,hybrid,5ab96ab755429970cfb8eacd,0.8315546295836225,0.8315546295836225,0.0
hotpotqa,ms1,bradley_terry_graph,graph,5ab96ab755429970cfb8eacd,0.8503449055347546,0.8315546295836225,-0.01879027595113214
hotpotqa,ms1,pagerank_graph,graph,5a8a43eb5542996c9b8d5e82,1.0,1.0,0.0
hotpotqa,ms1,rank_centrality_graph,graph,5a8a43eb5542996c9b8d5e82,1.0,1.0,0.0
hotpotqa,ms1,markov_hybrid,hybrid,5a8a43eb5542996c9b8d5e82,1.0,1.0,0.0
hotpotqa,ms1,bradley_terry_graph,graph,5a8a43eb5542996c9b8d5e82,1.0,1.0,0.0
hotpotqa,ms1,pagerank_graph,graph,5a7320565542991f9a20c61d,1.0,1.0,0.0
hotpotqa,ms1,rank_centrality_graph,graph,5a7320565542991f9a20c61d,1.0,1.0,0.0
hotpotqa,ms1,markov_hybrid,hybrid,5a7320565542991f9a20c61d,1.0,1.0,0.0
hotpotqa,ms1,bradley_terry_graph,graph,5a7320565542991f9a20c61d,1.0,1.0,0.0
hotpotqa,ms1,pagerank_graph,graph,5a8b20335542996c9b8d5fb3,1.0,0.5,-0.5
hotpotqa,ms1,rank_centrality_graph,graph,5a8b20335542996c9b8d5fb3,0.5,0.5,0.0
hotpotqa,ms1,markov_hybrid,hybrid,5a8b20335542996c9b8d5fb3,0.5,0.5,0.0
hotpotqa,ms1,bradley_terry_graph,graph,5a8b20335542996c9b8d5fb3,0.5,0.5,0.0
hotpotqa,ms1,pagerank_graph,graph,5a85fb085542994775f606de,0.6309297535714575,0.6309297535714575,0.0
hotpotqa,ms1,rank_centrality_graph,graph,5a85fb085542994775f606de,0.6309297535714575,0.6309297535714575,0.0
hotpotqa,ms1,markov_hybrid,hybrid,5a85fb085542994775f606de,0.6309297535714575,0.6309297535714575,0.0
hotpotqa,ms1,bradley_terry_graph,graph,5a85fb085542994775f606de,0.6309297535714575,0.6309297535714575,0.0
hotpotqa,ms1,pagerank_graph,graph,5a8f4c8d554299458435d5a3,1.0,1.0,0.0
hotpotqa,ms1,rank_centrality_graph,graph,5a8f4c8d554299458435d5a3,1.0,1.0,0.0
hotpotqa,ms1,markov_hybrid,hybrid,5a8f4c8d554299458435d5a3,1.0,1.0,0.0
hotpotqa,ms1,bradley_terry_graph,graph,5a8f4c8d554299458435d5a3,1.0,1.0,0.0
hotpotqa,ms1,pagerank_graph,graph,5a80840f554299485f59863b,1.0,1.0,0.0
hotpotqa,ms1,rank_centrality_graph,graph,5a80840f554299485f59863b,1.0,1.0,0.0
hotpotqa,ms1,markov_hybrid,hybrid,5a80840f554299485f59863b,1.0,1.0,0.0
hotpotqa,ms1,bradley_terry_graph,graph,5a80840f554299485f59863b,1.0,1.0,0.0
hotpotqa,ms1,pagerank_graph,graph,5ae7ba7a5542993210983f12,0.38685280723454163,0.38685280723454163,0.0
hotpotqa,ms1,rank_centrality_graph,graph,5ae7ba7a5542993210983f12,0.38685280723454163,0.38685280723454163,0.0
hotpotqa,ms1,markov_hybrid,hybrid,5ae7ba7a5542993210983f12,0.3562071871080222,0.3562071871080222,0.0
hotpotqa,ms1,bradley_terry_graph,graph,5ae7ba7a5542993210983f12,0.38685280723454163,0.38685280723454163,0.0
hotpotqa,ms1,pagerank_graph,graph,5ac2acff55429921a00ab02b,1.0,1.0,0.0
hotpotqa,ms1,rank_centrality_graph,graph,5ac2acff55429921a00ab02b,1.0,1.0,0.0
hotpotqa,ms1,markov_hybrid,hybrid,5ac2acff55429921a00ab02b,1.0,1.0,0.0
hotpotqa,ms1,bradley_terry_graph,graph,5ac2acff55429921a00ab02b,1.0,1.0,0.0
hotpotqa,ms1_drop_mutual,pagerank_graph,graph,5a8c7595554299585d9e36b6,1.0,1.0,0.0
hotpotqa,ms1_drop_mutual,rank_centrality_graph,graph,5a8c7595554299585d9e36b6,1.0,1.0,0.0
hotpotqa,ms1_drop_mutual,markov_hybrid,hybrid,5a8c7595554299585d9e36b6,1.0,1.0,0.0
hotpotqa,ms1_drop_mutual,bradley_terry_graph,graph,5a8c7595554299585d9e36b6,1.0,1.0,0.0
hotpotqa,ms1_drop_mutual,pagerank_graph,graph,5a85ea095542994775f606a8,1.0,1.0,0.0
hotpotqa,ms1_drop_mutual,rank_centrality_graph,graph,5a85ea095542994775f606a8,1.0,1.0,0.0
hotpotqa,ms1_drop_mutual,markov_hybrid,hybrid,5a85ea095542994775f606a8,1.0,1.0,0.0
hotpotqa,ms1_drop_mutual,bradley_terry_graph,graph,5a85ea095542994775f606a8,1.0,1.0,0.0
hotpotqa,ms1_drop_mutual,pagerank_graph,graph,5adbf0a255429947ff17385a,1.0,1.0,0.0
hotpotqa,ms1_drop_mutual,rank_centrality_graph,graph,5adbf0a255429947ff17385a,1.0,1.0,0.0
hotpotqa,ms1_drop_mutual,markov_hybrid,hybrid,5adbf0a255429947ff17385a,1.0,1.0,0.0
hotpotqa,ms1_drop_mutual,bradley_terry_graph,graph,5adbf0a255429947ff17385a,1.0,1.0,0.0
hotpotqa,ms1_drop_mutual,pagerank_graph,graph,5a8e3ea95542995a26add48d,1.0,1.0,0.0
hotpotqa,ms1_drop_mutual,rank_centrality_graph,graph,5a8e3ea95542995a26add48d,1.0,1.0,0.0
hotpotqa,ms1_drop_mutual,markov_hybrid,hybrid,5a8e3ea95542995a26add48d,1.0,1.0,0.0
hotpotqa,ms1_drop_mutual,bradley_terry_graph,graph,5a8e3ea95542995a26add48d,1.0,1.0,0.0
hotpotqa,ms1_drop_mutual,pagerank_graph,graph,5a85b2d95542997b5ce40028,1.0,1.0,0.0
hotpotqa,ms1_drop_mutual,rank_centrality_graph,graph,5a85b2d95542997b5ce40028,1.0,1.0,0.0
hotpotqa,ms1_drop_mutual,markov_hybrid,hybrid,5a85b2d95542997b5ce40028,1.0,1.0,0.0
hotpotqa,ms1_drop_mutual,bradley_terry_graph,graph,5a85b2d95542997b5ce40028,1.0,1.0,0.0
hotpotqa,ms1_drop_mutual,pagerank_graph,graph,5a87ab905542996e4f3088c1,1.0,1.0,0.0
hotpotqa,ms1_drop_mutual,rank_centrality_graph,graph,5a87ab905542996e4f3088c1,1.0,1.0,0.0
hotpotqa,ms1_drop_mutual,markov_hybrid,hybrid,5a87ab905542996e4f3088c1,1.0,1.0,0.0
hotpotqa,ms1_drop_mutual,bradley_terry_graph,graph,5a87ab905542996e4f3088c1,1.0,1.0,0.0
hotpotqa,ms1_drop_mutual,pagerank_graph,graph,5a7bbb64554299042af8f7cc,0.6309297535714575,0.6309297535714575,0.0
hotpotqa,ms1_drop_mutual,rank_centrality_graph,graph,5a7bbb64554299042af8f7cc,0.6309297535714575,0.6309297535714575,0.0
hotpotqa,ms1_drop_mutual,markov_hybrid,hybrid,5a7bbb64554299042af8f7cc,0.6309297535714575,0.6309297535714575,0.0
hotpotqa,ms1_drop_mutual,bradley_terry_graph,graph,5a7bbb64554299042af8f7cc,0.6309297535714575,0.6309297535714575,0.0
hotpotqa,ms1_drop_mutual,pagerank_graph,graph,5a7166395542994082a3e814,1.0,1.0,0.0
hotpotqa,ms1_drop_mutual,rank_centrality_graph,graph,5a7166395542994082a3e814,1.0,1.0,0.0
hotpotqa,ms1_drop_mutual,markov_hybrid,hybrid,5a7166395542994082a3e814,1.0,1.0,0.0
hotpotqa,ms1_drop_mutual,bradley_terry_graph,graph,5a7166395542994082a3e814,1.0,1.0,0.0
hotpotqa,ms1_drop_mutual,pagerank_graph,graph,5a877e5d5542993e715abf7d,1.0,1.0,0.0
hotpotqa,ms1_drop_mutual,rank_centrality_graph,graph,5a877e5d5542993e715abf7d,1.0,1.0,0.0
hotpotqa,ms1_drop_mutual,markov_hybrid,hybrid,5a877e5d5542993e715abf7d,1.0,1.0,0.0
hotpotqa,ms1_drop_mutual,bradley_terry_graph,graph,5a877e5d5542993e715abf7d,1.0,1.0,0.0
hotpotqa,ms1_drop_mutual,pagerank_graph,graph,5ab3b0bf5542992ade7c6e39,0.6309297535714575,0.6309297535714575,0.0
hotpotqa,ms1_drop_mutual,rank_centrality_graph,graph,5ab3b0bf5542992ade7c6e39,0.6309297535714575,0.6309297535714575,0.0
hotpotqa,ms1_drop_mutual,markov_hybrid,hybrid,5ab3b0bf5542992ade7c6e39,0.2890648263178879,0.2890648263178879,0.0
hotpotqa,ms1_drop_mutual,bradley_terry_graph,graph,5ab3b0bf5542992ade7c6e39,1.0,1.0,0.0
hotpotqa,ms1_drop_mutual,pagerank_graph,graph,5ab56e32554299637185c594,0.9197207891481876,0.9197207891481876,0.0
hotpotqa,ms1_drop_mutual,rank_centrality_graph,graph,5ab56e32554299637185c594,0.9197207891481876,0.9197207891481876,0.0
hotpotqa,ms1_drop_mutual,markov_hybrid,hybrid,5ab56e32554299637185c594,0.9197207891481876,0.9197207891481876,0.0
hotpotqa,ms1_drop_mutual,bradley_terry_graph,graph,5ab56e32554299637185c594,0.9197207891481876,0.9197207891481876,0.0
hotpotqa,ms1_drop_mutual,pagerank_graph,graph,5ab6d09255429954757d337d,0.38685280723454163,0.38685280723454163,0.0
hotpotqa,ms1_drop_mutual,rank_centrality_graph,graph,5ab6d09255429954757d337d,0.43067655807339306,0.43067655807339306,0.0
hotpotqa,ms1_drop_mutual,markov_hybrid,hybrid,5ab6d09255429954757d337d,0.38685280723454163,0.38685280723454163,0.0
hotpotqa,ms1_drop_mutual,bradley_terry_graph,graph,5ab6d09255429954757d337d,0.43067655807339306,0.43067655807339306,0.0
hotpotqa,ms1_drop_mutual,pagerank_graph,graph,5a75e05c55429976ec32bc5f,1.0,1.0,0.0
hotpotqa,ms1_drop_mutual,rank_centrality_graph,graph,5a75e05c55429976ec32bc5f,1.0,1.0,0.0
hotpotqa,ms1_drop_mutual,markov_hybrid,hybrid,5a75e05c55429976ec32bc5f,1.0,1.0,0.0
hotpotqa,ms1_drop_mutual,bradley_terry_graph,graph,5a75e05c55429976ec32bc5f,1.0,1.0,0.0
hotpotqa,ms1_drop_mutual,pagerank_graph,graph,5ab3e45655429976abd1bcd4,1.0,1.0,0.0
hotpotqa,ms1_drop_mutual,rank_centrality_graph,graph,5ab3e45655429976abd1bcd4,1.0,1.0,0.0
hotpotqa,ms1_drop_mutual,markov_hybrid,hybrid,5ab3e45655429976abd1bcd4,1.0,1.0,0.0
hotpotqa,ms1_drop_mutual,bradley_terry_graph,graph,5ab3e45655429976abd1bcd4,1.0,1.0,0.0
hotpotqa,ms1_drop_mutual,pagerank_graph,graph,5ae0d4c9554299603e418468,1.0,1.0,0.0
hotpotqa,ms1_drop_mutual,rank_centrality_graph,graph,5ae0d4c9554299603e418468,1.0,1.0,0.0
hotpotqa,ms1_drop_mutual,markov_hybrid,hybrid,5ae0d4c9554299603e418468,1.0,1.0,0.0
hotpotqa,ms1_drop_mutual,bradley_terry_graph,graph,5ae0d4c9554299603e418468,1.0,1.0,0.0
hotpotqa,ms1_drop_mutual,pagerank_graph,graph,5a8133725542995ce29dcbdb,0.6309297535714575,0.6309297535714575,0.0
hotpotqa,ms1_drop_mutual,rank_centrality_graph,graph,5a8133725542995ce29dcbdb,0.6309297535714575,0.6309297535714575,0.0
hotpotqa,ms1_drop_mutual,markov_hybrid,hybrid,5a8133725542995ce29dcbdb,1.0,1.0,0.0
hotpotqa,ms1_drop_mutual,bradley_terry_graph,graph,5a8133725542995ce29dcbdb,0.6309297535714575,0.6309297535714575,0.0
hotpotqa,ms1_drop_mutual,pagerank_graph,graph,5ae6050f55429929b0807a5e,1.0,1.0,0.0
hotpotqa,ms1_drop_mutual,rank_centrality_graph,graph,5ae6050f55429929b0807a5e,1.0,1.0,0.0
hotpotqa,ms1_drop_mutual,markov_hybrid,hybrid,5ae6050f55429929b0807a5e,1.0,1.0,0.0
hotpotqa,ms1_drop_mutual,bradley_terry_graph,graph,5ae6050f55429929b0807a5e,1.0,1.0,0.0
hotpotqa,ms1_drop_mutual,pagerank_graph,graph,5adddccd5542997dc7907069,1.0,1.0,0.0
hotpotqa,ms1_drop_mutual,rank_centrality_graph,graph,5adddccd5542997dc7907069,1.0,1.0,0.0
hotpotqa,ms1_drop_mutual,markov_hybrid,hybrid,5adddccd5542997dc7907069,1.0,1.0,0.0
hotpotqa,ms1_drop_mutual,bradley_terry_graph,graph,5adddccd5542997dc7907069,1.0,1.0,0.0
hotpotqa,ms1_drop_mutual,pagerank_graph,graph,5ae22b8d554299234fd0440f,0.5437713091520254,0.5437713091520254,0.0
hotpotqa,ms1_drop_mutual,rank_centrality_graph,graph,5ae22b8d554299234fd0440f,0.5437713091520254,0.5437713091520254,0.0
hotpotqa,ms1_drop_mutual,markov_hybrid,hybrid,5ae22b8d554299234fd0440f,0.5437713091520254,0.5437713091520254,0.0
hotpotqa,ms1_drop_mutual,bradley_terry_graph,graph,5ae22b8d554299234fd0440f,0.6240505200038379,0.6240505200038379,0.0
hotpotqa,ms1_drop_mutual,pagerank_graph,graph,5a722b8655429971e9dc9329,1.0,1.0,0.0
hotpotqa,ms1_drop_mutual,rank_centrality_graph,graph,5a722b8655429971e9dc9329,1.0,1.0,0.0
hotpotqa,ms1_drop_mutual,markov_hybrid,hybrid,5a722b8655429971e9dc9329,1.0,1.0,0.0
hotpotqa,ms1_drop_mutual,bradley_terry_graph,graph,5a722b8655429971e9dc9329,1.0,1.0,0.0
hotpotqa,ms1_drop_mutual,pagerank_graph,graph,5adf37a95542995ec70e8f97,1.0,1.0,0.0
hotpotqa,ms1_drop_mutual,rank_centrality_graph,graph,5adf37a95542995ec70e8f97,1.0,1.0,0.0
hotpotqa,ms1_drop_mutual,markov_hybrid,hybrid,5adf37a95542995ec70e8f97,1.0,1.0,0.0
hotpotqa,ms1_drop_mutual,bradley_terry_graph,graph,5adf37a95542995ec70e8f97,1.0,1.0,0.0
hotpotqa,ms1_drop_mutual,pagerank_graph,graph,5abd259d55429924427fcf1a,1.0,1.0,0.0
hotpotqa,ms1_drop_mutual,rank_centrality_graph,graph,5abd259d55429924427fcf1a,1.0,1.0,0.0
hotpotqa,ms1_drop_mutual,markov_hybrid,hybrid,5abd259d55429924427fcf1a,1.0,1.0,0.0
hotpotqa,ms1_drop_mutual,bradley_terry_graph,graph,5abd259d55429924427fcf1a,1.0,1.0,0.0
hotpotqa,ms1_drop_mutual,pagerank_graph,graph,5a828c8355429966c78a6a50,0.8772153153380493,0.8772153153380493,0.0
hotpotqa,ms1_drop_mutual,rank_centrality_graph,graph,5a828c8355429966c78a6a50,0.8772153153380493,0.8772153153380493,0.0
hotpotqa,ms1_drop_mutual,markov_hybrid,hybrid,5a828c8355429966c78a6a50,0.8772153153380493,0.8772153153380493,0.0
hotpotqa,ms1_drop_mutual,bradley_terry_graph,graph,5a828c8355429966c78a6a50,0.8772153153380493,0.8772153153380493,0.0
hotpotqa,ms1_drop_mutual,pagerank_graph,graph,5a8a3e745542996c9b8d5e70,1.0,1.0,0.0
hotpotqa,ms1_drop_mutual,rank_centrality_graph,graph,5a8a3e745542996c9b8d5e70,1.0,1.0,0.0
hotpotqa,ms1_drop_mutual,markov_hybrid,hybrid,5a8a3e745542996c9b8d5e70,1.0,1.0,0.0
hotpotqa,ms1_drop_mutual,bradley_terry_graph,graph,5a8a3e745542996c9b8d5e70,1.0,1.0,0.0
hotpotqa,ms1_drop_mutual,pagerank_graph,graph,5ac23ff0554299636651994d,1.0,1.0,0.0
hotpotqa,ms1_drop_mutual,rank_centrality_graph,graph,5ac23ff0554299636651994d,1.0,1.0,0.0
hotpotqa,ms1_drop_mutual,markov_hybrid,hybrid,5ac23ff0554299636651994d,1.0,1.0,0.0
hotpotqa,ms1_drop_mutual,bradley_terry_graph,graph,5ac23ff0554299636651994d,1.0,1.0,0.0
hotpotqa,ms1_drop_mutual,pagerank_graph,graph,5ae0361155429925eb1afc2c,0.6934264036172708,0.6934264036172708,0.0
hotpotqa,ms1_drop_mutual,rank_centrality_graph,graph,5ae0361155429925eb1afc2c,0.6934264036172708,0.6934264036172708,0.0
hotpotqa,ms1_drop_mutual,markov_hybrid,hybrid,5ae0361155429925eb1afc2c,0.6509209298071326,0.6509209298071326,0.0
hotpotqa,ms1_drop_mutual,bradley_terry_graph,graph,5ae0361155429925eb1afc2c,0.6934264036172708,0.6934264036172708,0.0
hotpotqa,ms1_drop_mutual,pagerank_graph,graph,5abc0a5d5542993f40c73c64,0.6934264036172708,0.6934264036172708,0.0
hotpotqa,ms1_drop_mutual,rank_centrality_graph,graph,5abc0a5d5542993f40c73c64,0.6934264036172708,0.6934264036172708,0.0
hotpotqa,ms1_drop_mutual,markov_hybrid,hybrid,5abc0a5d5542993f40c73c64,0.6934264036172708,0.6934264036172708,0.0
hotpotqa,ms1_drop_mutual,bradley_terry_graph,graph,5abc0a5d5542993f40c73c64,0.6934264036172708,0.6934264036172708,0.0
hotpotqa,ms1_drop_mutual,pagerank_graph,graph,5a7cc50e554299452d57ba3e,0.5,0.5,0.0
hotpotqa,ms1_drop_mutual,rank_centrality_graph,graph,5a7cc50e554299452d57ba3e,0.5,0.5,0.0
hotpotqa,ms1_drop_mutual,markov_hybrid,hybrid,5a7cc50e554299452d57ba3e,0.5,0.5,0.0
hotpotqa,ms1_drop_mutual,bradley_terry_graph,graph,5a7cc50e554299452d57ba3e,0.5,0.5,0.0
hotpotqa,ms1_drop_mutual,pagerank_graph,graph,5abf63f15542997ec76fd3ea,0.5802792108518124,0.5802792108518124,0.0
hotpotqa,ms1_drop_mutual,rank_centrality_graph,graph,5abf63f15542997ec76fd3ea,0.5714285040141098,0.5714285040141098,0.0
hotpotqa,ms1_drop_mutual,markov_hybrid,hybrid,5abf63f15542997ec76fd3ea,0.5,0.5,0.0
hotpotqa,ms1_drop_mutual,bradley_terry_graph,graph,5abf63f15542997ec76fd3ea,0.5802792108518124,0.5802792108518124,0.0
hotpotqa,ms1_drop_mutual,pagerank_graph,graph,5a8ef2a75542995a26add583,1.0,1.0,0.0
hotpotqa,ms1_drop_mutual,rank_centrality_graph,graph,5a8ef2a75542995a26add583,1.0,1.0,0.0
hotpotqa,ms1_drop_mutual,markov_hybrid,hybrid,5a8ef2a75542995a26add583,1.0,1.0,0.0
hotpotqa,ms1_drop_mutual,bradley_terry_graph,graph,5a8ef2a75542995a26add583,1.0,1.0,0.0
hotpotqa,ms1_drop_mutual,pagerank_graph,graph,5a80721b554299485f5985ef,1.0,1.0,0.0
hotpotqa,ms1_drop_mutual,rank_centrality_graph,graph,5a80721b554299485f5985ef,1.0,1.0,0.0
hotpotqa,ms1_drop_mutual,markov_hybrid,hybrid,5a80721b554299485f5985ef,1.0,1.0,0.0
hotpotqa,ms1_drop_mutual,bradley_terry_graph,graph,5a80721b554299485f5985ef,1.0,1.0,0.0
hotpotqa,ms1_drop_mutual,pagerank_graph,graph,5ab51dae5542991779162d82,0.9197207891481876,0.9197207891481876,0.0
hotpotqa,ms1_drop_mutual,rank_centrality_graph,graph,5ab51dae5542991779162d82,0.9197207891481876,0.9197207891481876,0.0
hotpotqa,ms1_drop_mutual,markov_hybrid,hybrid,5ab51dae5542991779162d82,0.9197207891481876,0.9197207891481876,0.0
hotpotqa,ms1_drop_mutual,bradley_terry_graph,graph,5ab51dae5542991779162d82,0.9197207891481876,0.9197207891481876,0.0
hotpotqa,ms1_drop_mutual,pagerank_graph,graph,5a7571135542992d0ec05f98,1.0,1.0,0.0
hotpotqa,ms1_drop_mutual,rank_centrality_graph,graph,5a7571135542992d0ec05f98,1.0,1.0,0.0
hotpotqa,ms1_drop_mutual,markov_hybrid,hybrid,5a7571135542992d0ec05f98,1.0,1.0,0.0
hotpotqa,ms1_drop_mutual,bradley_terry_graph,graph,5a7571135542992d0ec05f98,1.0,1.0,0.0
hotpotqa,ms1_drop_mutual,pagerank_graph,graph,5a7a0e1e5542990783324e1a,1.0,1.0,0.0
hotpotqa,ms1_drop_mutual,rank_centrality_graph,graph,5a7a0e1e5542990783324e1a,1.0,1.0,0.0
hotpotqa,ms1_drop_mutual,markov_hybrid,hybrid,5a7a0e1e5542990783324e1a,1.0,1.0,0.0
hotpotqa,ms1_drop_mutual,bradley_terry_graph,graph,5a7a0e1e5542990783324e1a,1.0,1.0,0.0
hotpotqa,ms1_drop_mutual,pagerank_graph,graph,5a74106b55429979e288289e,1.0,1.0,0.0
hotpotqa,ms1_drop_mutual,rank_centrality_graph,graph,5a74106b55429979e288289e,1.0,1.0,0.0
hotpotqa,ms1_drop_mutual,markov_hybrid,hybrid,5a74106b55429979e288289e,1.0,1.0,0.0
hotpotqa,ms1_drop_mutual,bradley_terry_graph,graph,5a74106b55429979e288289e,1.0,1.0,0.0
hotpotqa,ms1_drop_mutual,pagerank_graph,graph,5a79311755429970f5fffe67,1.0,1.0,0.0
hotpotqa,ms1_drop_mutual,rank_centrality_graph,graph,5a79311755429970f5fffe67,1.0,1.0,0.0
hotpotqa,ms1_drop_mutual,markov_hybrid,hybrid,5a79311755429970f5fffe67,1.0,1.0,0.0
hotpotqa,ms1_drop_mutual,bradley_terry_graph,graph,5a79311755429970f5fffe67,1.0,1.0,0.0
hotpotqa,ms1_drop_mutual,pagerank_graph,graph,5ab2d3df554299194fa9352c,1.0,1.0,0.0
hotpotqa,ms1_drop_mutual,rank_centrality_graph,graph,5ab2d3df554299194fa9352c,1.0,1.0,0.0
hotpotqa,ms1_drop_mutual,markov_hybrid,hybrid,5ab2d3df554299194fa9352c,1.0,1.0,0.0
hotpotqa,ms1_drop_mutual,bradley_terry_graph,graph,5ab2d3df554299194fa9352c,1.0,1.0,0.0
hotpotqa,ms1_drop_mutual,pagerank_graph,graph,5a760ab65542994ccc918697,1.0,1.0,0.0
hotpotqa,ms1_drop_mutual,rank_centrality_graph,graph,5a760ab65542994ccc918697,1.0,1.0,0.0
hotpotqa,ms1_drop_mutual,markov_hybrid,hybrid,5a760ab65542994ccc918697,1.0,1.0,0.0
hotpotqa,ms1_drop_mutual,bradley_terry_graph,graph,5a760ab65542994ccc918697,1.0,1.0,0.0
hotpotqa,ms1_drop_mutual,pagerank_graph,graph,5a7d54165542995f4f402256,0.8315546295836225,0.8315546295836225,0.0
hotpotqa,ms1_drop_mutual,rank_centrality_graph,graph,5a7d54165542995f4f402256,0.8315546295836225,0.8315546295836225,0.0
hotpotqa,ms1_drop_mutual,markov_hybrid,hybrid,5a7d54165542995f4f402256,0.8315546295836225,0.8315546295836225,0.0
hotpotqa,ms1_drop_mutual,bradley_terry_graph,graph,5a7d54165542995f4f402256,0.8315546295836225,0.8315546295836225,0.0
hotpotqa,ms1_drop_mutual,pagerank_graph,graph,5ab859a955429934fafe6d7b,1.0,1.0,0.0
hotpotqa,ms1_drop_mutual,rank_centrality_graph,graph,5ab859a955429934fafe6d7b,1.0,1.0,0.0
hotpotqa,ms1_drop_mutual,markov_hybrid,hybrid,5ab859a955429934fafe6d7b,1.0,1.0,0.0
hotpotqa,ms1_drop_mutual,bradley_terry_graph,graph,5ab859a955429934fafe6d7b,1.0,1.0,0.0
hotpotqa,ms1_drop_mutual,pagerank_graph,graph,5add61d65542995b365fab21,1.0,1.0,0.0
hotpotqa,ms1_drop_mutual,rank_centrality_graph,graph,5add61d65542995b365fab21,1.0,1.0,0.0
hotpotqa,ms1_drop_mutual,markov_hybrid,hybrid,5add61d65542995b365fab21,1.0,1.0,0.0
hotpotqa,ms1_drop_mutual,bradley_terry_graph,graph,5add61d65542995b365fab21,1.0,1.0,0.0
hotpotqa,ms1_drop_mutual,pagerank_graph,graph,5abbf698554299114383a0b5,1.0,1.0,0.0
hotpotqa,ms1_drop_mutual,rank_centrality_graph,graph,5abbf698554299114383a0b5,1.0,1.0,0.0
hotpotqa,ms1_drop_mutual,markov_hybrid,hybrid,5abbf698554299114383a0b5,1.0,1.0,0.0
hotpotqa,ms1_drop_mutual,bradley_terry_graph,graph,5abbf698554299114383a0b5,1.0,1.0,0.0
hotpotqa,ms1_drop_mutual,pagerank_graph,graph,5ab84bf555429916710eb01f,0.8065735963827293,0.8065735963827293,0.0
hotpotqa,ms1_drop_mutual,rank_centrality_graph,graph,5ab84bf555429916710eb01f,0.8065735963827293,0.8065735963827293,0.0
hotpotqa,ms1_drop_mutual,markov_hybrid,hybrid,5ab84bf555429916710eb01f,0.8503449055347546,0.8503449055347546,0.0
hotpotqa,ms1_drop_mutual,bradley_terry_graph,graph,5ab84bf555429916710eb01f,0.8065735963827293,0.8065735963827293,0.0
hotpotqa,ms1_drop_mutual,pagerank_graph,graph,5ab96ab755429970cfb8eacd,0.8772153153380493,0.8772153153380493,0.0
hotpotqa,ms1_drop_mutual,rank_centrality_graph,graph,5ab96ab755429970cfb8eacd,0.8503449055347546,0.8503449055347546,0.0
hotpotqa,ms1_drop_mutual,markov_hybrid,hybrid,5ab96ab755429970cfb8eacd,0.8315546295836225,0.8315546295836225,0.0
hotpotqa,ms1_drop_mutual,bradley_terry_graph,graph,5ab96ab755429970cfb8eacd,0.8772153153380493,0.8772153153380493,0.0
hotpotqa,ms1_drop_mutual,pagerank_graph,graph,5a8a43eb5542996c9b8d5e82,1.0,1.0,0.0
hotpotqa,ms1_drop_mutual,rank_centrality_graph,graph,5a8a43eb5542996c9b8d5e82,1.0,1.0,0.0
hotpotqa,ms1_drop_mutual,markov_hybrid,hybrid,5a8a43eb5542996c9b8d5e82,1.0,1.0,0.0
hotpotqa,ms1_drop_mutual,bradley_terry_graph,graph,5a8a43eb5542996c9b8d5e82,1.0,1.0,0.0
hotpotqa,ms1_drop_mutual,pagerank_graph,graph,5a7320565542991f9a20c61d,1.0,1.0,0.0
hotpotqa,ms1_drop_mutual,rank_centrality_graph,graph,5a7320565542991f9a20c61d,1.0,1.0,0.0
hotpotqa,ms1_drop_mutual,markov_hybrid,hybrid,5a7320565542991f9a20c61d,1.0,1.0,0.0
hotpotqa,ms1_drop_mutual,bradley_terry_graph,graph,5a7320565542991f9a20c61d,1.0,1.0,0.0
hotpotqa,ms1_drop_mutual,pagerank_graph,graph,5a8b20335542996c9b8d5fb3,0.5,0.5,0.0
hotpotqa,ms1_drop_mutual,rank_centrality_graph,graph,5a8b20335542996c9b8d5fb3,0.5,0.5,0.0
hotpotqa,ms1_drop_mutual,markov_hybrid,hybrid,5a8b20335542996c9b8d5fb3,0.5,0.5,0.0
hotpotqa,ms1_drop_mutual,bradley_terry_graph,graph,5a8b20335542996c9b8d5fb3,0.5,0.5,0.0
hotpotqa,ms1_drop_mutual,pagerank_graph,graph,5a85fb085542994775f606de,0.6309297535714575,0.6309297535714575,0.0
hotpotqa,ms1_drop_mutual,rank_centrality_graph,graph,5a85fb085542994775f606de,0.6309297535714575,0.6309297535714575,0.0
hotpotqa,ms1_drop_mutual,markov_hybrid,hybrid,5a85fb085542994775f606de,0.6309297535714575,0.6309297535714575,0.0
hotpotqa,ms1_drop_mutual,bradley_terry_graph,graph,5a85fb085542994775f606de,0.6309297535714575,0.6309297535714575,0.0
hotpotqa,ms1_drop_mutual,pagerank_graph,graph,5a8f4c8d554299458435d5a3,1.0,1.0,0.0
hotpotqa,ms1_drop_mutual,rank_centrality_graph,graph,5a8f4c8d554299458435d5a3,1.0,1.0,0.0
hotpotqa,ms1_drop_mutual,markov_hybrid,hybrid,5a8f4c8d554299458435d5a3,1.0,1.0,0.0
hotpotqa,ms1_drop_mutual,bradley_terry_graph,graph,5a8f4c8d554299458435d5a3,1.0,1.0,0.0
hotpotqa,ms1_drop_mutual,pagerank_graph,graph,5a80840f554299485f59863b,1.0,1.0,0.0
hotpotqa,ms1_drop_mutual,rank_centrality_graph,graph,5a80840f554299485f59863b,1.0,1.0,0.0
hotpotqa,ms1_drop_mutual,markov_hybrid,hybrid,5a80840f554299485f59863b,1.0,1.0,0.0
hotpotqa,ms1_drop_mutual,bradley_terry_graph,graph,5a80840f554299485f59863b,1.0,1.0,0.0
hotpotqa,ms1_drop_mutual,pagerank_graph,graph,5ae7ba7a5542993210983f12,0.38685280723454163,0.38685280723454163,0.0
hotpotqa,ms1_drop_mutual,rank_centrality_graph,graph,5ae7ba7a5542993210983f12,0.38685280723454163,0.38685280723454163,0.0
hotpotqa,ms1_drop_mutual,markov_hybrid,hybrid,5ae7ba7a5542993210983f12,0.3562071871080222,0.3562071871080222,0.0
hotpotqa,ms1_drop_mutual,bradley_terry_graph,graph,5ae7ba7a5542993210983f12,0.38685280723454163,0.38685280723454163,0.0
hotpotqa,ms1_drop_mutual,pagerank_graph,graph,5ac2acff55429921a00ab02b,1.0,1.0,0.0
hotpotqa,ms1_drop_mutual,rank_centrality_graph,graph,5ac2acff55429921a00ab02b,1.0,1.0,0.0
hotpotqa,ms1_drop_mutual,markov_hybrid,hybrid,5ac2acff55429921a00ab02b,1.0,1.0,0.0
hotpotqa,ms1_drop_mutual,bradley_terry_graph,graph,5ac2acff55429921a00ab02b,1.0,0.6309297535714575,-0.36907024642854247
bright,ms2,pagerank_graph,graph,biology:0,0.572623808771502,0.572623808771502,0.0
bright,ms2,rank_centrality_graph,graph,biology:0,0.37018851182316836,0.37018851182316836,0.0
bright,ms2,markov_hybrid,hybrid,biology:0,0.42854308362408255,0.42854308362408255,0.0
bright,ms2,bradley_terry_graph,graph,biology:0,0.37018851182316836,0.37018851182316836,0.0
bright,ms2,pagerank_graph,graph,biology:1,0.8296505600037601,0.8296505600037601,0.0
bright,ms2,rank_centrality_graph,graph,biology:1,0.9512312000626861,0.9512312000626861,0.0
bright,ms2,markov_hybrid,hybrid,biology:1,0.9068368987862708,0.9068368987862708,0.0
bright,ms2,bradley_terry_graph,graph,biology:1,0.9182162519778518,0.9182162519778518,0.0
bright,ms2,pagerank_graph,graph,biology:2,0.0,0.0,0.0
bright,ms2,rank_centrality_graph,graph,biology:2,0.0,0.0,0.0
bright,ms2,markov_hybrid,hybrid,biology:2,0.0,0.0,0.0
bright,ms2,bradley_terry_graph,graph,biology:2,0.0,0.0,0.0
bright,ms2,pagerank_graph,graph,biology:3,1.0,1.0,0.0
bright,ms2,rank_centrality_graph,graph,biology:3,0.937368047963993,0.937368047963993,0.0
bright,ms2,markov_hybrid,hybrid,biology:3,1.0,1.0,0.0
bright,ms2,bradley_terry_graph,graph,biology:3,1.0,1.0,0.0
bright,ms2,pagerank_graph,graph,biology:4,0.7224650913568336,0.7224650913568336,0.0
bright,ms2,rank_centrality_graph,graph,biology:4,0.7032379526954946,0.7032379526954946,0.0
bright,ms2,markov_hybrid,hybrid,biology:4,1.0,1.0,0.0
bright,ms2,bradley_terry_graph,graph,biology:4,0.9294674762269081,0.9294674762269081,0.0
bright,ms2,pagerank_graph,graph,biology:5,1.0,1.0,0.0
bright,ms2,rank_centrality_graph,graph,biology:5,0.8302213479415633,0.8302213479415633,0.0
bright,ms2,markov_hybrid,hybrid,biology:5,0.9828920819566879,0.9828920819566879,0.0
bright,ms2,bradley_terry_graph,graph,biology:5,0.8036070421010475,0.8036070421010475,0.0
bright,ms2,pagerank_graph,graph,biology:6,0.7293274431023015,0.7293274431023015,0.0
bright,ms2,rank_centrality_graph,graph,biology:6,0.7198480709819014,0.7198480709819014,0.0
bright,ms2,markov_hybrid,hybrid,biology:6,0.7977017918798575,0.7977017918798575,0.0
bright,ms2,bradley_terry_graph,graph,biology:6,0.7431268404145527,0.7431268404145527,0.0
bright,ms2,pagerank_graph,graph,biology:7,0.9634012691943225,0.9634012691943225,0.0
bright,ms2,rank_centrality_graph,graph,biology:7,0.9124198864046418,0.9124198864046418,0.0
bright,ms2,markov_hybrid,hybrid,biology:7,0.9578751927058927,0.9578751927058927,0.0
bright,ms2,bradley_terry_graph,graph,biology:7,0.9634012691943225,0.9634012691943225,0.0
bright,ms2,pagerank_graph,graph,biology:8,0.23540891336663824,0.23540891336663824,0.0
bright,ms2,rank_centrality_graph,graph,biology:8,0.43067655807339306,0.43067655807339306,0.0
bright,ms2,markov_hybrid,hybrid,biology:8,0.26264953503719357,0.26264953503719357,0.0
bright,ms2,bradley_terry_graph,graph,biology:8,0.23540891336663824,0.23540891336663824,0.0
bright,ms2,pagerank_graph,graph,biology:9,0.39979773699836024,0.39979773699836024,0.0
bright,ms2,rank_centrality_graph,graph,biology:9,0.3522446320297582,0.3522446320297582,0.0
bright,ms2,markov_hybrid,hybrid,biology:9,0.42962944523104357,0.42962944523104357,0.0
bright,ms2,bradley_terry_graph,graph,biology:9,0.3787023101635694,0.3787023101635694,0.0
bright,ms2,pagerank_graph,graph,biology:10,0.9669850519151657,0.9669850519151657,0.0
bright,ms2,rank_centrality_graph,graph,biology:10,0.842903081191659,0.842903081191659,0.0
bright,ms2,markov_hybrid,hybrid,biology:10,0.9517706505727772,0.9517706505727772,0.0
bright,ms2,bradley_terry_graph,graph,biology:10,0.9747429528567879,0.9747429528567879,0.0
bright,ms2,pagerank_graph,graph,biology:11,0.7328286204777911,0.7328286204777911,0.0
bright,ms2,rank_centrality_graph,graph,biology:11,1.0,1.0,0.0
bright,ms2,markov_hybrid,hybrid,biology:11,0.9469024295259745,0.9469024295259745,0.0
bright,ms2,bradley_terry_graph,graph,biology:11,1.0,1.0,0.0
bright,ms2,pagerank_graph,graph,biology:12,0.8625430802523223,0.8625430802523223,0.0
bright,ms2,rank_centrality_graph,graph,biology:12,0.7907047611886231,0.7907047611886231,0.0
bright,ms2,markov_hybrid,hybrid,biology:12,0.8641193171932507,0.8641193171932507,0.0
bright,ms2,bradley_terry_graph,graph,biology:12,0.8002021550114675,0.8002021550114675,0.0
bright,ms2,pagerank_graph,graph,biology:13,0.9320188671915735,0.9320188671915735,0.0
bright,ms2,rank_centrality_graph,graph,biology:13,0.9262079988584205,0.9262079988584205,0.0
bright,ms2,markov_hybrid,hybrid,biology:13,0.9562705974753527,0.9562705974753527,0.0
bright,ms2,bradley_terry_graph,graph,biology:13,0.9053355435405019,0.9053355435405019,0.0
bright,ms2,pagerank_graph,graph,biology:14,0.9485379968639579,0.9485379968639579,0.0
bright,ms2,rank_centrality_graph,graph,biology:14,0.8991706518916888,0.8991706518916888,0.0
bright,ms2,markov_hybrid,hybrid,biology:14,0.9669850519151657,0.9669850519151657,0.0
bright,ms2,bradley_terry_graph,graph,biology:14,0.9337729855379616,0.9337729855379616,0.0
bright,ms2,pagerank_graph,graph,biology:15,0.6934264036172708,0.6934264036172708,0.0
bright,ms2,rank_centrality_graph,graph,biology:15,0.526448181099292,0.526448181099292,0.0
bright,ms2,markov_hybrid,hybrid,biology:15,0.5802792108518124,0.5802792108518124,0.0
bright,ms2,bradley_terry_graph,graph,biology:15,0.8315546295836225,0.8315546295836225,0.0
bright,ms2,pagerank_graph,graph,biology:16,0.227670248696953,0.227670248696953,0.0
bright,ms2,rank_centrality_graph,graph,biology:16,0.31546487678572877,0.31546487678572877,0.0
bright,ms2,markov_hybrid,hybrid,biology:16,0.227670248696953,0.227670248696953,0.0
bright,ms2,bradley_terry_graph,graph,biology:16,0.31546487678572877,0.31546487678572877,0.0
bright,ms2,pagerank_graph,graph,biology:17,0.9797504282401066,0.9797504282401066,0.0
bright,ms2,rank_centrality_graph,graph,biology:17,0.8174335865334442,0.8174335865334442,0.0
bright,ms2,markov_hybrid,hybrid,biology:17,0.9963488021549354,0.9963488021549354,0.0
bright,ms2,bradley_terry_graph,graph,biology:17,0.9797504282401066,0.9797504282401066,0.0
bright,ms2,pagerank_graph,graph,biology:18,0.0,0.0,0.0
bright,ms2,rank_centrality_graph,graph,biology:18,0.0,0.0,0.0
bright,ms2,markov_hybrid,hybrid,biology:18,0.0,0.0,0.0
bright,ms2,bradley_terry_graph,graph,biology:18,0.0,0.0,0.0
bright,ms2,pagerank_graph,graph,biology:19,1.0,1.0,0.0
bright,ms2,rank_centrality_graph,graph,biology:19,1.0,1.0,0.0
bright,ms2,markov_hybrid,hybrid,biology:19,1.0,1.0,0.0
bright,ms2,bradley_terry_graph,graph,biology:19,1.0,1.0,0.0
bright,ms2,pagerank_graph,graph,biology:20,0.9543850882011126,0.9543850882011126,0.0
bright,ms2,rank_centrality_graph,graph,biology:20,0.710653855535456,0.710653855535456,0.0
bright,ms2,markov_hybrid,hybrid,biology:20,0.9609119628327214,0.9609119628327214,0.0
bright,ms2,bradley_terry_graph,graph,biology:20,0.9366431881703873,0.9366431881703873,0.0
bright,ms2,pagerank_graph,graph,biology:21,0.912108024543766,0.912108024543766,0.0
bright,ms2,rank_centrality_graph,graph,biology:21,0.888636319592309,0.888636319592309,0.0
bright,ms2,markov_hybrid,hybrid,biology:21,0.9311100128816153,0.9311100128816153,0.0
bright,ms2,bradley_terry_graph,graph,biology:21,0.9140000522954231,0.9140000522954231,0.0
bright,ms2,pagerank_graph,graph,biology:22,0.37679308663404665,0.37679308663404665,0.0
bright,ms2,rank_centrality_graph,graph,biology:22,0.48247555939075504,0.48247555939075504,0.0
bright,ms2,markov_hybrid,hybrid,biology:22,0.37679308663404665,0.37679308663404665,0.0
bright,ms2,bradley_terry_graph,graph,biology:22,0.4598603945740938,0.4598603945740938,0.0
bright,ms2,pagerank_graph,graph,biology:23,0.0,0.0,0.0
bright,ms2,rank_centrality_graph,graph,biology:23,0.0,0.0,0.0
bright,ms2,markov_hybrid,hybrid,biology:23,0.0,0.0,0.0
bright,ms2,bradley_terry_graph,graph,biology:23,0.0,0.0,0.0
bright,ms2,pagerank_graph,graph,biology:24,0.9674679834891693,0.9674679834891693,0.0
bright,ms2,rank_centrality_graph,graph,biology:24,0.9674679834891693,0.9674679834891693,0.0
bright,ms2,markov_hybrid,hybrid,biology:24,0.9217868789962071,0.9217868789962071,0.0
bright,ms2,bradley_terry_graph,graph,biology:24,0.7328286204777911,0.7328286204777911,0.0
bright,ms2,pagerank_graph,graph,biology:25,0.7784286520267644,0.7784286520267644,0.0
bright,ms2,rank_centrality_graph,graph,biology:25,0.7663491294400363,0.7663491294400363,0.0
bright,ms2,markov_hybrid,hybrid,biology:25,0.8156176648399884,0.8156176648399884,0.0
bright,ms2,bradley_terry_graph,graph,biology:25,0.7609616314025764,0.7609616314025764,0.0
bright,ms2,pagerank_graph,graph,biology:26,0.23137821315975915,0.23137821315975915,0.0
bright,ms2,rank_centrality_graph,graph,biology:26,0.25,0.25,0.0
bright,ms2,markov_hybrid,hybrid,biology:26,0.23137821315975915,0.23137821315975915,0.0
bright,ms2,bradley_terry_graph,graph,biology:26,0.227670248696953,0.227670248696953,0.0
bright,ms2,pagerank_graph,graph,biology:27,0.6934264036172708,0.6934264036172708,0.0
bright,ms2,rank_centrality_graph,graph,biology:27,0.6934264036172708,0.6934264036172708,0.0
bright,ms2,markov_hybrid,hybrid,biology:27,1.0,1.0,0.0
bright,ms2,bradley_terry_graph,graph,biology:27,0.9197207891481876,0.9197207891481876,0.0
bright,ms2,pagerank_graph,graph,biology:28,1.0,1.0,0.0
bright,ms2,rank_centrality_graph,graph,biology:28,0.7903864795495061,0.7903864795495061,0.0
bright,ms2,markov_hybrid,hybrid,biology:28,1.0,1.0,0.0
bright,ms2,bradley_terry_graph,graph,biology:28,0.9197207891481876,0.9197207891481876,0.0
bright,ms2,pagerank_graph,graph,biology:29,0.2862092162487154,0.2862092162487154,0.0
bright,ms2,rank_centrality_graph,graph,biology:29,0.36132234196641605,0.36132234196641605,0.0
bright,ms2,markov_hybrid,hybrid,biology:29,0.3434331967256086,0.3434331967256086,0.0
bright,ms2,bradley_terry_graph,graph,biology:29,0.29138065504913135,0.29138065504913135,0.0
bright,ms2,pagerank_graph,graph,biology:30,0.9930783166417602,0.9930783166417602,0.0
bright,ms2,rank_centrality_graph,graph,biology:30,0.8916233272765561,0.8916233272765561,0.0
bright,ms2,markov_hybrid,hybrid,biology:30,0.9740298100854945,0.9740298100854945,0.0
bright,ms2,bradley_terry_graph,graph,biology:30,0.9930783166417602,0.9930783166417602,0.0
bright,ms2,pagerank_graph,graph,biology:31,1.0,1.0,0.0
bright,ms2,rank_centrality_graph,graph,biology:31,0.9709286432396583,0.9709286432396583,0.0
bright,ms2,markov_hybrid,hybrid,biology:31,1.0,1.0,0.0
bright,ms2,bradley_terry_graph,graph,biology:31,0.9828920819566879,0.9828920819566879,0.0
bright,ms2,pagerank_graph,graph,biology:32,0.7700871371433883,0.7700871371433883,0.0
bright,ms2,rank_centrality_graph,graph,biology:32,0.8772153153380493,0.8772153153380493,0.0
bright,ms2,markov_hybrid,hybrid,biology:32,0.7700871371433883,0.7700871371433883,0.0
bright,ms2,bradley_terry_graph,graph,biology:32,0.8772153153380493,0.8772153153380493,0.0
bright,ms2,pagerank_graph,graph,biology:33,0.9674679834891693,0.9674679834891693,0.0
bright,ms2,rank_centrality_graph,graph,biology:33,1.0,1.0,0.0
bright,ms2,markov_hybrid,hybrid,biology:33,1.0,1.0,0.0
bright,ms2,bradley_terry_graph,graph,biology:33,1.0,1.0,0.0
bright,ms2,pagerank_graph,graph,biology:34,0.0,0.0,0.0
bright,ms2,rank_centrality_graph,graph,biology:34,0.0,0.0,0.0
bright,ms2,markov_hybrid,hybrid,biology:34,0.0,0.0,0.0
bright,ms2,bradley_terry_graph,graph,biology:34,0.0,0.0,0.0
bright,ms2,pagerank_graph,graph,biology:35,0.7809660132327751,0.7809660132327751,0.0
bright,ms2,rank_centrality_graph,graph,biology:35,0.7600981910843545,0.7600981910843545,0.0
bright,ms2,markov_hybrid,hybrid,biology:35,0.5997240887685191,0.5997240887685191,0.0
bright,ms2,bradley_terry_graph,graph,biology:35,0.7840809527636559,0.7840809527636559,0.0
bright,ms2,pagerank_graph,graph,biology:36,0.5706417189553201,0.5706417189553201,0.0
bright,ms2,rank_centrality_graph,graph,biology:36,0.327973028445648,0.327973028445648,0.0
bright,ms2,markov_hybrid,hybrid,biology:36,0.5012658353418871,0.5012658353418871,0.0
bright,ms2,bradley_terry_graph,graph,biology:36,0.5012658353418871,0.5012658353418871,0.0
bright,ms2,pagerank_graph,graph,biology:37,0.0,0.0,0.0
bright,ms2,rank_centrality_graph,graph,biology:37,0.0,0.0,0.0
bright,ms2,markov_hybrid,hybrid,biology:37,0.0,0.0,0.0
bright,ms2,bradley_terry_graph,graph,biology:37,0.0,0.0,0.0
bright,ms2,pagerank_graph,graph,biology:38,0.9254904664164789,0.9254904664164789,0.0
bright,ms2,rank_centrality_graph,graph,biology:38,0.871245309106315,0.871245309106315,0.0
bright,ms2,markov_hybrid,hybrid,biology:38,1.0,1.0,0.0
bright,ms2,bradley_terry_graph,graph,biology:38,0.9207503867969133,0.9207503867969133,0.0
bright,ms2,pagerank_graph,graph,biology:39,0.9674679834891693,0.9674679834891693,0.0
bright,ms2,rank_centrality_graph,graph,biology:39,0.8826803184943108,0.8826803184943108,0.0
bright,ms2,markov_hybrid,hybrid,biology:39,0.9217868789962071,0.9217868789962071,0.0
bright,ms2,bradley_terry_graph,graph,biology:39,0.9469024295259745,0.9469024295259745,0.0
bright,ms2,pagerank_graph,graph,biology:40,0.3010299956639812,0.3010299956639812,0.0
bright,ms2,rank_centrality_graph,graph,biology:40,0.38685280723454163,0.38685280723454163,0.0
bright,ms2,markov_hybrid,hybrid,biology:40,1.0,1.0,0.0
bright,ms2,bradley_terry_graph,graph,biology:40,0.3562071871080222,0.3562071871080222,0.0
bright,ms2,pagerank_graph,graph,biology:41,0.8340769663365966,0.8340769663365966,0.0
bright,ms2,rank_centrality_graph,graph,biology:41,1.0,1.0,0.0
bright,ms2,markov_hybrid,hybrid,biology:41,0.9237714070975372,0.9237714070975372,0.0
bright,ms2,bradley_terry_graph,graph,biology:41,0.9267582364714126,0.9267582364714126,0.0
bright,ms2,pagerank_graph,graph,biology:42,0.8187273837601525,0.8187273837601525,0.0
bright,ms2,rank_centrality_graph,graph,biology:42,0.86034433104172,0.86034433104172,0.0
bright,ms2,markov_hybrid,hybrid,biology:42,0.765629813286127,0.765629813286127,0.0
bright,ms2,bradley_terry_graph,graph,biology:42,0.8519590445170673,0.8519590445170673,0.0
bright,ms2,pagerank_graph,graph,biology:43,0.31546487678572877,0.31546487678572877,0.0
bright,ms2,rank_centrality_graph,graph,biology:43,0.2559580248098155,0.2559580248098155,0.0
bright,ms2,markov_hybrid,hybrid,biology:43,0.23137821315975915,0.23137821315975915,0.0
bright,ms2,bradley_terry_graph,graph,biology:43,0.27894294565112987,0.27894294565112987,0.0
bright,ms2,pagerank_graph,graph,biology:44,0.227670248696953,0.227670248696953,0.0
bright,ms2,rank_centrality_graph,graph,biology:44,0.3562071871080222,0.3562071871080222,0.0
bright,ms2,markov_hybrid,hybrid,biology:44,0.227670248696953,0.227670248696953,0.0
bright,ms2,bradley_terry_graph,graph,biology:44,0.2559580248098155,0.2559580248098155,0.0
bright,ms2,pagerank_graph,graph,biology:45,0.3010299956639812,0.3010299956639812,0.0
bright,ms2,rank_centrality_graph,graph,biology:45,0.27894294565112987,0.27894294565112987,0.0
bright,ms2,markov_hybrid,hybrid,biology:45,0.3010299956639812,0.3010299956639812,0.0
bright,ms2,bradley_terry_graph,graph,biology:45,0.26264953503719357,0.26264953503719357,0.0
bright,ms2,pagerank_graph,graph,biology:46,0.0,0.0,0.0
bright,ms2,rank_centrality_graph,graph,biology:46,0.0,0.0,0.0
bright,ms2,markov_hybrid,hybrid,biology:46,0.0,0.0,0.0
bright,ms2,bradley_terry_graph,graph,biology:46,0.0,0.0,0.0
bright,ms2,pagerank_graph,graph,biology:47,0.9197207891481876,0.9197207891481876,0.0
bright,ms2,rank_centrality_graph,graph,biology:47,0.7700871371433883,0.7700871371433883,0.0
bright,ms2,markov_hybrid,hybrid,biology:47,0.42976388833782037,0.42976388833782037,0.0
bright,ms2,bradley_terry_graph,graph,biology:47,0.8772153153380493,0.8772153153380493,0.0
bright,ms2,pagerank_graph,graph,biology:48,0.4776066804504473,0.4776066804504473,0.0
bright,ms2,rank_centrality_graph,graph,biology:48,0.4536139370491393,0.4536139370491393,0.0
bright,ms2,markov_hybrid,hybrid,biology:48,0.4227898344066503,0.4227898344066503,0.0
bright,ms2,bradley_terry_graph,graph,biology:48,0.44616897024747965,0.44616897024747965,0.0
bright,ms2,pagerank_graph,graph,biology:49,0.3576691957798507,0.3576691957798507,0.0
bright,ms2,rank_centrality_graph,graph,biology:49,0.5012658353418871,0.5012658353418871,0.0
bright,ms2,markov_hybrid,hybrid,biology:49,0.425110947661799,0.425110947661799,0.0
bright,ms2,bradley_terry_graph,graph,biology:49,0.5012658353418871,0.5012658353418871,0.0
bright,ms1,pagerank_graph,graph,biology:0,0.5797748398812457,0.5797748398812457,0.0
bright,ms1,rank_centrality_graph,graph,biology:0,0.53945340595664,0.53945340595664,0.0
bright,ms1,markov_hybrid,hybrid,biology:0,0.4257471093317204,0.4257471093317204,0.0
bright,ms1,bradley_terry_graph,graph,biology:0,0.5626358745665102,0.5626358745665102,0.0
bright,ms1,pagerank_graph,graph,biology:1,0.9194303144745277,0.933819260234181,0.014388945759653327
bright,ms1,rank_centrality_graph,graph,biology:1,0.933819260234181,0.9415771611758031,0.007757900941622098
bright,ms1,markov_hybrid,hybrid,biology:1,0.9048161738687485,0.9030018506354633,-0.00181432323328512
bright,ms1,bradley_terry_graph,graph,biology:1,0.9378773695257355,0.9182162519778518,-0.01966111754788369
bright,ms1,pagerank_graph,graph,biology:2,0.0,0.0,0.0
bright,ms1,rank_centrality_graph,graph,biology:2,0.0,0.0,0.0
bright,ms1,markov_hybrid,hybrid,biology:2,0.0,0.0,0.0
bright,ms1,bradley_terry_graph,graph,biology:2,0.0,0.0,0.0
bright,ms1,pagerank_graph,graph,biology:3,1.0,1.0,0.0
bright,ms1,rank_centrality_graph,graph,biology:3,1.0,0.8899603164338973,-0.11003968356610272
bright,ms1,markov_hybrid,hybrid,biology:3,1.0,1.0,0.0
bright,ms1,bradley_terry_graph,graph,biology:3,1.0,1.0,0.0
bright,ms1,pagerank_graph,graph,biology:4,0.9558295932317544,0.9558295932317544,0.0
bright,ms1,rank_centrality_graph,graph,biology:4,0.9828920819566879,0.9558295932317544,-0.027062488724933442
bright,ms1,markov_hybrid,hybrid,biology:4,1.0,1.0,0.0
bright,ms1,bradley_terry_graph,graph,biology:4,0.9709286432396583,0.9558295932317544,-0.015099050007903903
bright,ms1,pagerank_graph,graph,biology:5,0.9493885684853097,0.9550236580992476,0.0056350896139378825
bright,ms1,rank_centrality_graph,graph,biology:5,0.9223260797603763,0.8723047062986427,-0.05002137346173363
bright,ms1,markov_hybrid,hybrid,biology:5,0.9828920819566879,0.9828920819566879,0.0
bright,ms1,bradley_terry_graph,graph,biology:5,0.8623667717214184,0.8988898126139723,0.03652304089255387
bright,ms1,pagerank_graph,graph,biology:6,0.6820392912089757,0.7850123767431401,0.1029730855341644
bright,ms1,rank_centrality_graph,graph,biology:6,0.8333404979583824,0.7542188256369803,-0.0791216723214021
bright,ms1,markov_hybrid,hybrid,biology:6,0.8104411489072146,0.8104411489072146,0.0
bright,ms1,bradley_terry_graph,graph,biology:6,0.8264966407862585,0.7579108215296352,-0.06858581925662333
bright,ms1,pagerank_graph,graph,biology:7,0.9578751927058927,0.9578751927058927,0.0
bright,ms1,rank_centrality_graph,graph,biology:7,0.9634012691943225,0.9634012691943225,0.0
bright,ms1,markov_hybrid,hybrid,biology:7,0.9634012691943225,0.9634012691943225,0.0
bright,ms1,bradley_terry_graph,graph,biology:7,0.975788054854922,0.975788054854922,0.0
bright,ms1,pagerank_graph,graph,biology:8,0.5,0.6309297535714575,0.13092975357145753
bright,ms1,rank_centrality_graph,graph,biology:8,0.6309297535714575,0.6309297535714575,0.0
bright,ms1,markov_hybrid,hybrid,biology:8,0.26264953503719357,0.26264953503719357,0.0
bright,ms1,bradley_terry_graph,graph,biology:8,1.0,0.6309297535714575,-0.36907024642854247
bright,ms1,pagerank_graph,graph,biology:9,0.41723331099131933,0.41538212664008856,-0.0018511843512307724
bright,ms1,rank_centrality_graph,graph,biology:9,0.40380858471343173,0.37538913900441806,-0.02841944570901367
bright,ms1,markov_hybrid,hybrid,biology:9,0.42962944523104357,0.42962944523104357,0.0
bright,ms1,bradley_terry_graph,graph,biology:9,0.3970017627059981,0.4005629403456681,0.00356117763967001
bright,ms1,pagerank_graph,graph,biology:10,0.8825357003044778,0.8825357003044778,0.0
bright,ms1,rank_centrality_graph,graph,biology:10,0.8915972888560386,0.8915972888560386,0.0
bright,ms1,markov_hybrid,hybrid,biology:10,0.9535849738060622,0.9535849738060622,0.0
bright,ms1,bradley_terry_graph,graph,biology:10,0.8839027534140395,0.8839027534140395,0.0
bright,ms1,pagerank_graph,graph,biology:11,0.7328286204777911,0.9674679834891693,0.23463936301137822
bright,ms1,rank_centrality_graph,graph,biology:11,0.9674679834891693,1.0,0.03253201651083071
bright,ms1,markov_hybrid,hybrid,biology:11,0.9469024295259745,0.9469024295259745,0.0
bright,ms1,bradley_terry_graph,graph,biology:11,0.9469024295259745,1.0,0.053097570474025524
bright,ms1,pagerank_graph,graph,biology:12,0.9514509518388015,0.7791723042503585,-0.1722786475884429
bright,ms1,rank_centrality_graph,graph,biology:12,0.7818063950836869,0.7420126368868792,-0.03979375819680764
bright,ms1,markov_hybrid,hybrid,biology:12,0.7617112084868246,0.752437769873372,-0.009273438613452645
bright,ms1,bradley_terry_graph,graph,biology:12,0.84305420682043,0.7791723042503585,-0.06388190257007142
bright,ms1,pagerank_graph,graph,biology:13,0.8459827847790626,0.8805203027427951,0.0345375179637325
bright,ms1,rank_centrality_graph,graph,biology:13,0.8239097502919966,0.8406891656259009,0.016779415333904257
bright,ms1,markov_hybrid,hybrid,biology:13,0.9562705974753527,0.9562705974753527,0.0
bright,ms1,bradley_terry_graph,graph,biology:13,0.7175529155340266,0.8334516803849462,0.11589876485091966
bright,ms1,pagerank_graph,graph,biology:14,0.9578751927058927,0.9430119203755281,-0.014863272330364663
bright,ms1,rank_centrality_graph,graph,biology:14,0.7232640329848895,0.7232640329848895,0.0
bright,ms1,markov_hybrid,hybrid,biology:14,0.9669850519151657,0.9669850519151657,0.0
bright,ms1,bradley_terry_graph,graph,biology:14,0.824196895961545,0.8377216771671908,0.01352478120564582
bright,ms1,pagerank_graph,graph,biology:15,0.3153733984504394,0.2943471074910591,-0.0210262909593803
bright,ms1,rank_centrality_graph,graph,biology:15,0.2866357145311606,0.2866357145311606,0.0
bright,ms1,markov_hybrid,hybrid,biology:15,0.430624116386567,0.430624116386567,0.0
bright,ms1,bradley_terry_graph,graph,biology:15,0.3053831394719294,0.29762711257408586,-0.007756026897843549
bright,ms1,pagerank_graph,graph,biology:16,0.38685280723454163,0.38685280723454163,0.0
bright,ms1,rank_centrality_graph,graph,biology:16,0.3333333333333333,0.3333333333333333,0.0
bright,ms1,markov_hybrid,hybrid,biology:16,0.23137821315975915,0.23137821315975915,0.0
bright,ms1,bradley_terry_graph,graph,biology:16,0.3333333333333333,0.3333333333333333,0.0
bright,ms1,pagerank_graph,graph,biology:17,0.9907620440285202,0.9804565739386009,-0.010305470089919333
bright,ms1,rank_centrality_graph,graph,biology:17,0.972704987955808,0.909885409170322,-0.06281957878548594
bright,ms1,markov_hybrid,hybrid,biology:17,0.9963488021549354,0.9963488021549354,0.0
bright,ms1,bradley_terry_graph,graph,biology:17,0.9220328850725263,0.9527405764354956,0.030707691362969247
bright,ms1,pagerank_graph,graph,biology:18,0.0,0.0,0.0
bright,ms1,rank_centrality_graph,graph,biology:18,0.0,0.0,0.0
bright,ms1,markov_hybrid,hybrid,biology:18,0.0,0.0,0.0
bright,ms1,bradley_terry_graph,graph,biology:18,0.0,0.0,0.0
bright,ms1,pagerank_graph,graph,biology:19,1.0,1.0,0.0
bright,ms1,rank_centrality_graph,graph,biology:19,1.0,1.0,0.0
bright,ms1,markov_hybrid,hybrid,biology:19,1.0,1.0,0.0
bright,ms1,bradley_terry_graph,graph,biology:19,1.0,1.0,0.0
bright,ms1,pagerank_graph,graph,biology:20,0.9888009031441519,0.9888009031441519,0.0
bright,ms1,rank_centrality_graph,graph,biology:20,0.8077096425388183,0.806625325825109,-0.0010843167137092324
bright,ms1,markov_hybrid,hybrid,biology:20,0.9623824021983428,0.9623824021983428,0.0
bright,ms1,bradley_terry_graph,graph,biology:20,0.9950883841893561,0.9950883841893561,0.0
bright,ms1,pagerank_graph,graph,biology:21,0.9418363088418381,0.9418363088418381,0.0
bright,ms1,rank_centrality_graph,graph,biology:21,0.8861480303419346,0.8814978095110494,-0.004650220830885177
bright,ms1,markov_hybrid,hybrid,biology:21,0.9331560353173542,0.9331560353173542,0.0
bright,ms1,bradley_terry_graph,graph,biology:21,0.9269210250690492,0.9211183156641122,-0.00580270940493699
bright,ms1,pagerank_graph,graph,biology:22,0.4776066804504473,0.7977228895450266,0.3201162090945793
bright,ms1,rank_centrality_graph,graph,biology:22,0.778842958530688,0.778842958530688,0.0
bright,ms1,markov_hybrid,hybrid,biology:22,0.3580028106829147,0.3580028106829147,0.0
bright,ms1,bradley_terry_graph,graph,biology:22,0.7903864795495061,0.778842958530688,-0.01154352101881817
bright,ms1,pagerank_graph,graph,biology:23,0.0,0.0,0.0
bright,ms1,rank_centrality_graph,graph,biology:23,0.0,0.0,0.0
bright,ms1,markov_hybrid,hybrid,biology:23,0.0,0.0,0.0
bright,ms1,bradley_terry_graph,graph,biology:23,0.0,0.0,0.0
bright,ms1,pagerank_graph,graph,biology:24,0.9674679834891693,0.9674679834891693,0.0
bright,ms1,rank_centrality_graph,graph,biology:24,1.0,1.0,0.0
bright,ms1,markov_hybrid,hybrid,biology:24,0.9217868789962071,0.9217868789962071,0.0
bright,ms1,bradley_terry_graph,graph,biology:24,1.0,1.0,0.0
bright,ms1,pagerank_graph,graph,biology:25,0.5710484753586336,0.6344791683864965,0.06343069302786297
bright,ms1,rank_centrality_graph,graph,biology:25,0.6049068793961658,0.6715400035886168,0.06663312419245093
bright,ms1,markov_hybrid,hybrid,biology:25,0.6771146813025918,0.8667300285846676,0.18961534728207585
bright,ms1,bradley_terry_graph,graph,biology:25,0.6760552841102643,0.6566035309912334,-0.019451753119030912
bright,ms1,pagerank_graph,graph,biology:26,0.38685280723454163,0.43067655807339306,0.04382375083885143
bright,ms1,rank_centrality_graph,graph,biology:26,0.5,0.5,0.0
bright,ms1,markov_hybrid,hybrid,biology:26,0.23540891336663824,0.23540891336663824,0.0
bright,ms1,bradley_terry_graph,graph,biology:26,0.5,0.5,0.0
bright,ms1,pagerank_graph,graph,biology:27,0.6934264036172708,0.6934264036172708,0.0
bright,ms1,rank_centrality_graph,graph,biology:27,0.9197207891481876,0.6934264036172708,-0.22629438553091674
bright,ms1,markov_hybrid,hybrid,biology:27,1.0,1.0,0.0
bright,ms1,bradley_terry_graph,graph,biology:27,0.9197207891481876,0.6934264036172708,-0.22629438553091674
bright,ms1,pagerank_graph,graph,biology:28,1.0,1.0,0.0
bright,ms1,rank_centrality_graph,graph,biology:28,1.0,0.8772153153380493,-0.1227846846619507
bright,ms1,markov_hybrid,hybrid,biology:28,1.0,1.0,0.0
bright,ms1,bradley_terry_graph,graph,biology:28,0.6509209298071326,0.9197207891481876,0.268799859341055
bright,ms1,pagerank_graph,graph,biology:29,0.3841032025833937,0.3482723708517659,-0.03583083173162782
bright,ms1,rank_centrality_graph,graph,biology:29,0.36181498356361597,0.36542522267769423,0.003610239114078262
bright,ms1,markov_hybrid,hybrid,biology:29,0.3434331967256086,0.3434331967256086,0.0
bright,ms1,bradley_terry_graph,graph,biology:29,0.3794502619073723,0.3591221693825003,-0.020328092524872
bright,ms1,pagerank_graph,graph,biology:30,0.9673462154445368,0.973985563224661,0.006639347780124205
bright,ms1,rank_centrality_graph,graph,biology:30,0.9585880102367398,0.9485835546744167,-0.0100044555623231
bright,ms1,markov_hybrid,hybrid,biology:30,0.983303248698947,0.983303248698947,0.0
bright,ms1,bradley_terry_graph,graph,biology:30,0.9480153733101556,0.9716892286820851,0.023673855371929453
bright,ms1,pagerank_graph,graph,biology:31,0.9619991470595832,0.9438661545147249,-0.01813299254485834
bright,ms1,rank_centrality_graph,graph,biology:31,0.7397466333385988,0.8838242945899706,0.14407766125137178
bright,ms1,markov_hybrid,hybrid,biology:31,1.0,1.0,0.0
bright,ms1,bradley_terry_graph,graph,biology:31,0.7606395682357036,0.7486761295186739,-0.01196343871702965
bright,ms1,pagerank_graph,graph,biology:32,0.5109559939712153,0.5109559939712153,0.0
bright,ms1,rank_centrality_graph,graph,biology:32,0.6509209298071326,0.6509209298071326,0.0
bright,ms1,markov_hybrid,hybrid,biology:32,0.766433990956823,0.766433990956823,0.0
bright,ms1,bradley_terry_graph,graph,biology:32,0.5706417189553201,0.5706417189553201,0.0
bright,ms1,pagerank_graph,graph,biology:33,0.9674679834891693,0.6447841584694202,-0.3226838250197491
bright,ms1,rank_centrality_graph,graph,biology:33,0.5508095940041026,0.5508095940041026,0.0
bright,ms1,markov_hybrid,hybrid,biology:33,1.0,1.0,0.0
bright,ms1,bradley_terry_graph,graph,biology:33,0.5256940434743352,0.5508095940041026,0.025115550529767328
bright,ms1,pagerank_graph,graph,biology:34,0.0,0.0,0.0
bright,ms1,rank_centrality_graph,graph,biology:34,0.0,0.0,0.0
bright,ms1,markov_hybrid,hybrid,biology:34,0.0,0.0,0.0
bright,ms1,bradley_terry_graph,graph,biology:34,0.0,0.0,0.0
bright,ms1,pagerank_graph,graph,biology:35,0.521429514218648,0.5648382371163301,0.04340872289768205
bright,ms1,rank_centrality_graph,graph,biology:35,0.7357203075012154,0.6021681602426622,-0.13355214725855324
bright,ms1,markov_hybrid,hybrid,biology:35,0.5848608164381545,0.5848608164381545,0.0
bright,ms1,bradley_terry_graph,graph,biology:35,0.7963051176717061,0.6279874392079872,-0.16831767846371892
bright,ms1,pagerank_graph,graph,biology:36,0.5706417189553201,0.45560514958746035,-0.11503656936785978
bright,ms1,rank_centrality_graph,graph,biology:36,0.5437713091520254,0.36181498356361597,-0.18195632558840946
bright,ms1,markov_hybrid,hybrid,biology:36,0.5437713091520254,0.5012658353418871,-0.04250547381013836
bright,ms1,bradley_terry_graph,graph,biology:36,0.5012658353418871,0.45560514958746035,-0.04566068575442672
bright,ms1,pagerank_graph,graph,biology:37,0.0,0.0,0.0
bright,ms1,rank_centrality_graph,graph,biology:37,0.0,0.0,0.0
bright,ms1,markov_hybrid,hybrid,biology:37,0.0,0.0,0.0
bright,ms1,bradley_terry_graph,graph,biology:37,0.0,0.0,0.0
bright,ms1,pagerank_graph,graph,biology:38,0.9438661545147249,0.9279611693743142,-0.01590498514041072
bright,ms1,rank_centrality_graph,graph,biology:38,0.8036070421010475,0.7933009890796178,-0.010306053021429729
bright,ms1,markov_hybrid,hybrid,biology:38,1.0,1.0,0.0
bright,ms1,bradley_terry_graph,graph,biology:38,0.6595293808496758,0.653894291235738,-0.0056350896139378825
bright,ms1,pagerank_graph,graph,biology:39,0.9325210919548239,0.9325210919548239,0.0
bright,ms1,rank_centrality_graph,graph,biology:39,0.9217868789962071,0.9010126104210695,-0.020774268575137644
bright,ms1,markov_hybrid,hybrid,biology:39,0.9217868789962071,0.9217868789962071,0.0
bright,ms1,bradley_terry_graph,graph,biology:39,0.8271739282268582,0.8886164761813452,0.061442547954487
bright,ms1,pagerank_graph,graph,biology:40,0.3562071871080222,0.3562071871080222,0.0
bright,ms1,rank_centrality_graph,graph,biology:40,0.38685280723454163,0.3333333333333333,-0.053519473901208314
bright,ms1,markov_hybrid,hybrid,biology:40,1.0,1.0,0.0
bright,ms1,bradley_terry_graph,graph,biology:40,0.3010299956639812,0.3333333333333333,0.03230333766935212
bright,ms1,pagerank_graph,graph,biology:41,0.8885837595925424,0.8712137160156971,-0.01737004357684535
bright,ms1,rank_centrality_graph,graph,biology:41,0.6844642384164166,0.801479410942855,0.11701517252643845
bright,ms1,markov_hybrid,hybrid,biology:41,0.9237714070975372,0.9237714070975372,0.0
bright,ms1,bradley_terry_graph,graph,biology:41,0.6318669362894099,0.6408397908365068,0.008972854547096842
bright,ms1,pagerank_graph,graph,biology:42,0.558226059985166,0.5470831457169281,-0.01114291426823788
bright,ms1,rank_centrality_graph,graph,biology:42,0.553800917966456,0.553800917966456,0.0
bright,ms1,markov_hybrid,hybrid,biology:42,0.732128976231707,0.7298585703011566,-0.00227040593055039
bright,ms1,bradley_terry_graph,graph,biology:42,0.4356996218982734,0.4352444446584248,-0.00045517723984855873
bright,ms1,pagerank_graph,graph,biology:43,0.27023815442731974,0.26264953503719357,-0.007588619390126172
bright,ms1,rank_centrality_graph,graph,biology:43,0.2890648263178879,0.26264953503719357,-0.02641529128069431
bright,ms1,markov_hybrid,hybrid,biology:43,0.23540891336663824,0.23137821315975915,-0.004030700206879095
bright,ms1,bradley_terry_graph,graph,biology:43,0.3010299956639812,0.26264953503719357,-0.03838046062678763
bright,ms1,pagerank_graph,graph,biology:44,1.0,1.0,0.0
bright,ms1,rank_centrality_graph,graph,biology:44,1.0,1.0,0.0
bright,ms1,markov_hybrid,hybrid,biology:44,0.227670248696953,0.227670248696953,0.0
bright,ms1,bradley_terry_graph,graph,biology:44,1.0,1.0,0.0
bright,ms1,pagerank_graph,graph,biology:45,0.38685280723454163,0.5,0.11314719276545837
bright,ms1,rank_centrality_graph,graph,biology:45,0.6309297535714575,0.6309297535714575,0.0
bright,ms1,markov_hybrid,hybrid,biology:45,0.2890648263178879,0.2890648263178879,0.0
bright,ms1,bradley_terry_graph,graph,biology:45,1.0,1.0,0.0
bright,ms1,pagerank_graph,graph,biology:46,0.0,0.0,0.0
bright,ms1,rank_centrality_graph,graph,biology:46,0.0,0.0,0.0
bright,ms1,markov_hybrid,hybrid,biology:46,0.0,0.0,0.0
bright,ms1,bradley_terry_graph,graph,biology:46,0.0,0.0,0.0
bright,ms1,pagerank_graph,graph,biology:47,0.44130740935663865,0.5,0.05869259064336135
bright,ms1,rank_centrality_graph,graph,biology:47,0.5578858913022597,0.5578858913022597,0.0
bright,ms1,markov_hybrid,hybrid,biology:47,0.44130740935663865,0.44130740935663865,0.0
bright,ms1,bradley_terry_graph,graph,biology:47,0.8065735963827293,0.5640920940185894,-0.2424815023641399
bright,ms1,pagerank_graph,graph,biology:48,0.3706656904013186,0.3754154816562042,0.004749791254885616
bright,ms1,rank_centrality_graph,graph,biology:48,0.38944052088588227,0.3841032025833937,-0.0053373183024885695
bright,ms1,markov_hybrid,hybrid,biology:48,0.4082307968370143,0.4082307968370143,0.0
bright,ms1,bradley_terry_graph,graph,biology:48,0.3794502619073723,0.4028934785345258,0.023443216627153485
bright,ms1,pagerank_graph,graph,biology:49,0.36027633868415837,0.36027633868415837,0.0
bright,ms1,rank_centrality_graph,graph,biology:49,0.34872271197120736,0.3576691957798507,0.008946483808643324
bright,ms1,markov_hybrid,hybrid,biology:49,0.7700871371433883,0.7700871371433883,0.0
bright,ms1,bradley_terry_graph,graph,biology:49,0.34872271197120736,0.3377667179999921,-0.010955993971215272
bright,ms1_drop_mutual,pagerank_graph,graph,biology:0,0.5797748398812457,0.5797748398812457,0.0
bright,ms1_drop_mutual,rank_centrality_graph,graph,biology:0,0.53945340595664,0.53945340595664,0.0
bright,ms1_drop_mutual,markov_hybrid,hybrid,biology:0,0.4257471093317204,0.4257471093317204,0.0
bright,ms1_drop_mutual,bradley_terry_graph,graph,biology:0,0.5626358745665102,0.5626358745665102,0.0
bright,ms1_drop_mutual,pagerank_graph,graph,biology:1,0.9277589908435726,0.9277589908435726,0.0
bright,ms1_drop_mutual,rank_centrality_graph,graph,biology:1,0.8978619801464469,0.8978619801464469,0.0
bright,ms1_drop_mutual,markov_hybrid,hybrid,biology:1,0.9048161738687485,0.9048161738687485,0.0
bright,ms1_drop_mutual,bradley_terry_graph,graph,biology:1,0.9083053473410256,0.9083053473410256,0.0
bright,ms1_drop_mutual,pagerank_graph,graph,biology:2,0.0,0.0,0.0
bright,ms1_drop_mutual,rank_centrality_graph,graph,biology:2,0.0,0.0,0.0
bright,ms1_drop_mutual,markov_hybrid,hybrid,biology:2,0.0,0.0,0.0
bright,ms1_drop_mutual,bradley_terry_graph,graph,biology:2,0.0,0.0,0.0
bright,ms1_drop_mutual,pagerank_graph,graph,biology:3,1.0,1.0,0.0
bright,ms1_drop_mutual,rank_centrality_graph,graph,biology:3,0.9267582364714126,0.9267582364714126,0.0
bright,ms1_drop_mutual,markov_hybrid,hybrid,biology:3,1.0,1.0,0.0
bright,ms1_drop_mutual,bradley_terry_graph,graph,biology:3,1.0,1.0,0.0
bright,ms1_drop_mutual,pagerank_graph,graph,biology:4,1.0,1.0,0.0
bright,ms1_drop_mutual,rank_centrality_graph,graph,biology:4,1.0,1.0,0.0
bright,ms1_drop_mutual,markov_hybrid,hybrid,biology:4,1.0,1.0,0.0
bright,ms1_drop_mutual,bradley_terry_graph,graph,biology:4,1.0,1.0,0.0
bright,ms1_drop_mutual,pagerank_graph,graph,biology:5,0.9619991470595832,0.9619991470595832,0.0
bright,ms1_drop_mutual,rank_centrality_graph,graph,biology:5,0.8876229634817724,0.8876229634817724,0.0
bright,ms1_drop_mutual,markov_hybrid,hybrid,biology:5,0.9828920819566879,0.9828920819566879,0.0
bright,ms1_drop_mutual,bradley_terry_graph,graph,biology:5,0.9407662247971147,0.9407662247971147,0.0
bright,ms1_drop_mutual,pagerank_graph,graph,biology:6,0.8264498126075818,0.8339497216469539,0.0074999090393721435
bright,ms1_drop_mutual,rank_centrality_graph,graph,biology:6,0.8248310537416468,0.8344186649104656,0.009587611168818788
bright,ms1_drop_mutual,markov_hybrid,hybrid,biology:6,0.8130062660860877,0.8148091787732238,0.0018029126871360601
bright,ms1_drop_mutual,bradley_terry_graph,graph,biology:6,0.8382161385327305,0.8455425660246808,0.007326427491950338
bright,ms1_drop_mutual,pagerank_graph,graph,biology:7,0.9578751927058927,0.9578751927058927,0.0
bright,ms1_drop_mutual,rank_centrality_graph,graph,biology:7,0.9634012691943225,0.9634012691943225,0.0
bright,ms1_drop_mutual,markov_hybrid,hybrid,biology:7,0.9634012691943225,0.9634012691943225,0.0
bright,ms1_drop_mutual,bradley_terry_graph,graph,biology:7,0.975788054854922,0.975788054854922,0.0
bright,ms1_drop_mutual,pagerank_graph,graph,biology:8,0.6309297535714575,0.6309297535714575,0.0
bright,ms1_drop_mutual,rank_centrality_graph,graph,biology:8,0.6309297535714575,0.6309297535714575,0.0
bright,ms1_drop_mutual,markov_hybrid,hybrid,biology:8,0.26264953503719357,0.26264953503719357,0.0
bright,ms1_drop_mutual,bradley_terry_graph,graph,biology:8,0.6309297535714575,0.6309297535714575,0.0
bright,ms1_drop_mutual,pagerank_graph,graph,biology:9,0.4008886891180232,0.4008886891180232,0.0
bright,ms1_drop_mutual,rank_centrality_graph,graph,biology:9,0.39623181771084803,0.39623181771084803,0.0
bright,ms1_drop_mutual,markov_hybrid,hybrid,biology:9,0.42962944523104357,0.42962944523104357,0.0
bright,ms1_drop_mutual,bradley_terry_graph,graph,biology:9,0.3937156537990764,0.3937156537990764,0.0
bright,ms1_drop_mutual,pagerank_graph,graph,biology:10,0.8825357003044778,0.8825357003044778,0.0
bright,ms1_drop_mutual,rank_centrality_graph,graph,biology:10,0.8915972888560386,0.8915972888560386,0.0
bright,ms1_drop_mutual,markov_hybrid,hybrid,biology:10,0.9535849738060622,0.9535849738060622,0.0
bright,ms1_drop_mutual,bradley_terry_graph,graph,biology:10,0.8839027534140395,0.8839027534140395,0.0
bright,ms1_drop_mutual,pagerank_graph,graph,biology:11,0.9325210919548239,0.9325210919548239,0.0
bright,ms1_drop_mutual,rank_centrality_graph,graph,biology:11,0.9325210919548239,0.9325210919548239,0.0
bright,ms1_drop_mutual,markov_hybrid,hybrid,biology:11,0.8854598815714874,0.8854598815714874,0.0
bright,ms1_drop_mutual,bradley_terry_graph,graph,biology:11,0.9325210919548239,0.9325210919548239,0.0
bright,ms1_drop_mutual,pagerank_graph,graph,biology:12,0.835013077910298,0.835013077910298,0.0
bright,ms1_drop_mutual,rank_centrality_graph,graph,biology:12,0.8723623950559689,0.8723623950559689,0.0
bright,ms1_drop_mutual,markov_hybrid,hybrid,biology:12,0.8733927558067034,0.8733927558067034,0.0
bright,ms1_drop_mutual,bradley_terry_graph,graph,biology:12,0.8648836616557318,0.8648836616557318,0.0
bright,ms1_drop_mutual,pagerank_graph,graph,biology:13,0.8668722729278269,0.8668722729278269,0.0
bright,ms1_drop_mutual,rank_centrality_graph,graph,biology:13,0.8657869098446297,0.8657869098446297,0.0
bright,ms1_drop_mutual,markov_hybrid,hybrid,biology:13,0.9562705974753527,0.9562705974753527,0.0
bright,ms1_drop_mutual,bradley_terry_graph,graph,biology:13,0.8605001680340045,0.8605001680340045,0.0
bright,ms1_drop_mutual,pagerank_graph,graph,biology:14,0.9326181455626804,0.9326181455626804,0.0
bright,ms1_drop_mutual,rank_centrality_graph,graph,biology:14,0.7206902752747908,0.7206902752747908,0.0
bright,ms1_drop_mutual,markov_hybrid,hybrid,biology:14,0.9669850519151657,0.9669850519151657,0.0
bright,ms1_drop_mutual,bradley_terry_graph,graph,biology:14,0.8316879443777923,0.8316879443777923,0.0
bright,ms1_drop_mutual,pagerank_graph,graph,biology:15,0.3242796274504579,0.30032713885777473,-0.023952488592683174
bright,ms1_drop_mutual,rank_centrality_graph,graph,biology:15,0.2866357145311606,0.2889092425324043,0.0022735280012436965
bright,ms1_drop_mutual,markov_hybrid,hybrid,biology:15,0.430624116386567,0.430624116386567,0.0
bright,ms1_drop_mutual,bradley_terry_graph,graph,biology:15,0.30032713885777473,0.30032713885777473,0.0
bright,ms1_drop_mutual,pagerank_graph,graph,biology:16,0.38685280723454163,0.38685280723454163,0.0
bright,ms1_drop_mutual,rank_centrality_graph,graph,biology:16,0.3333333333333333,0.3333333333333333,0.0
bright,ms1_drop_mutual,markov_hybrid,hybrid,biology:16,0.23137821315975915,0.23137821315975915,0.0
bright,ms1_drop_mutual,bradley_terry_graph,graph,biology:16,0.3333333333333333,0.3333333333333333,0.0
bright,ms1_drop_mutual,pagerank_graph,graph,biology:17,0.972704987955808,0.972704987955808,0.0
bright,ms1_drop_mutual,rank_centrality_graph,graph,biology:17,0.9387839085005115,0.9387839085005115,0.0
bright,ms1_drop_mutual,markov_hybrid,hybrid,biology:17,0.9963488021549354,0.9963488021549354,0.0
bright,ms1_drop_mutual,bradley_terry_graph,graph,biology:17,0.9504226941612368,0.9504226941612368,0.0
bright,ms1_drop_mutual,pagerank_graph,graph,biology:18,0.0,0.0,0.0
bright,ms1_drop_mutual,rank_centrality_graph,graph,biology:18,0.0,0.0,0.0
bright,ms1_drop_mutual,markov_hybrid,hybrid,biology:18,0.0,0.0,0.0
bright,ms1_drop_mutual,bradley_terry_graph,graph,biology:18,0.0,0.0,0.0
bright,ms1_drop_mutual,pagerank_graph,graph,biology:19,1.0,1.0,0.0
bright,ms1_drop_mutual,rank_centrality_graph,graph,biology:19,1.0,1.0,0.0
bright,ms1_drop_mutual,markov_hybrid,hybrid,biology:19,1.0,1.0,0.0
bright,ms1_drop_mutual,bradley_terry_graph,graph,biology:19,1.0,1.0,0.0
bright,ms1_drop_mutual,pagerank_graph,graph,biology:20,0.9888009031441519,0.9888009031441519,0.0
bright,ms1_drop_mutual,rank_centrality_graph,graph,biology:20,0.806625325825109,0.806625325825109,0.0
bright,ms1_drop_mutual,markov_hybrid,hybrid,biology:20,0.9623824021983428,0.9623824021983428,0.0
bright,ms1_drop_mutual,bradley_terry_graph,graph,biology:20,1.0,1.0,0.0
bright,ms1_drop_mutual,pagerank_graph,graph,biology:21,0.9646013592805136,0.9646013592805136,0.0
bright,ms1_drop_mutual,rank_centrality_graph,graph,biology:21,0.8803606413852686,0.8803606413852686,0.0
bright,ms1_drop_mutual,markov_hybrid,hybrid,biology:21,0.9331560353173542,0.9331560353173542,0.0
bright,ms1_drop_mutual,bradley_terry_graph,graph,biology:21,0.9184605421823727,0.9184605421823727,0.0
bright,ms1_drop_mutual,pagerank_graph,graph,biology:22,0.8175295903539445,0.8175295903539445,0.0
bright,ms1_drop_mutual,rank_centrality_graph,graph,biology:22,0.7841802768331765,0.7841802768331765,0.0
bright,ms1_drop_mutual,markov_hybrid,hybrid,biology:22,0.3580028106829147,0.3580028106829147,0.0
bright,ms1_drop_mutual,bradley_terry_graph,graph,biology:22,0.7841802768331765,0.7841802768331765,0.0
bright,ms1_drop_mutual,pagerank_graph,graph,biology:23,0.0,0.0,0.0
bright,ms1_drop_mutual,rank_centrality_graph,graph,biology:23,0.0,0.0,0.0
bright,ms1_drop_mutual,markov_hybrid,hybrid,biology:23,0.0,0.0,0.0
bright,ms1_drop_mutual,bradley_terry_graph,graph,biology:23,0.0,0.0,0.0
bright,ms1_drop_mutual,pagerank_graph,graph,biology:24,0.9674679834891693,0.9674679834891693,0.0
bright,ms1_drop_mutual,rank_centrality_graph,graph,biology:24,1.0,1.0,0.0
bright,ms1_drop_mutual,markov_hybrid,hybrid,biology:24,0.9217868789962071,0.9217868789962071,0.0
bright,ms1_drop_mutual,bradley_terry_graph,graph,biology:24,1.0,1.0,0.0
bright,ms1_drop_mutual,pagerank_graph,graph,biology:25,0.5470122523768971,0.5496244844739836,0.0026122320970864976
bright,ms1_drop_mutual,rank_centrality_graph,graph,biology:25,0.5222338535209127,0.5246207270594556,0.002386873538542944
bright,ms1_drop_mutual,markov_hybrid,hybrid,biology:25,0.6715400035886168,0.6715400035886168,0.0
bright,ms1_drop_mutual,bradley_terry_graph,graph,biology:25,0.5064029152705153,0.5064029152705153,0.0
bright,ms1_drop_mutual,pagerank_graph,graph,biology:26,0.43067655807339306,0.43067655807339306,0.0
bright,ms1_drop_mutual,rank_centrality_graph,graph,biology:26,0.5,0.5,0.0
bright,ms1_drop_mutual,markov_hybrid,hybrid,biology:26,0.23540891336663824,0.23540891336663824,0.0
bright,ms1_drop_mutual,bradley_terry_graph,graph,biology:26,0.5,0.5,0.0
bright,ms1_drop_mutual,pagerank_graph,graph,biology:27,0.9197207891481876,0.9197207891481876,0.0
bright,ms1_drop_mutual,rank_centrality_graph,graph,biology:27,0.9197207891481876,0.9197207891481876,0.0
bright,ms1_drop_mutual,markov_hybrid,hybrid,biology:27,1.0,1.0,0.0
bright,ms1_drop_mutual,bradley_terry_graph,graph,biology:27,1.0,1.0,0.0
bright,ms1_drop_mutual,pagerank_graph,graph,biology:28,1.0,1.0,0.0
bright,ms1_drop_mutual,rank_centrality_graph,graph,biology:28,1.0,1.0,0.0
bright,ms1_drop_mutual,markov_hybrid,hybrid,biology:28,1.0,1.0,0.0
bright,ms1_drop_mutual,bradley_terry_graph,graph,biology:28,1.0,1.0,0.0
bright,ms1_drop_mutual,pagerank_graph,graph,biology:29,0.33529530548326497,0.33529530548326497,0.0
bright,ms1_drop_mutual,rank_centrality_graph,graph,biology:29,0.3502714625447977,0.3502714625447977,0.0
bright,ms1_drop_mutual,markov_hybrid,hybrid,biology:29,0.3434331967256086,0.3434331967256086,0.0
bright,ms1_drop_mutual,bradley_terry_graph,graph,biology:29,0.3191081886500419,0.3191081886500419,0.0
bright,ms1_drop_mutual,pagerank_graph,graph,biology:30,0.958080399528401,0.958080399528401,0.0
bright,ms1_drop_mutual,rank_centrality_graph,graph,biology:30,0.9500870686335888,0.9480622014888322,-0.0020248671447565814
bright,ms1_drop_mutual,markov_hybrid,hybrid,biology:30,0.9740298100854945,0.9740298100854945,0.0
bright,ms1_drop_mutual,bradley_terry_graph,graph,biology:30,0.9634874376052049,0.9796825595768971,0.01619512197169215
bright,ms1_drop_mutual,pagerank_graph,graph,biology:31,0.8927537907700456,0.8927537907700456,0.0
bright,ms1_drop_mutual,rank_centrality_graph,graph,biology:31,0.8838242945899706,0.8838242945899706,0.0
bright,ms1_drop_mutual,markov_hybrid,hybrid,biology:31,1.0,1.0,0.0
bright,ms1_drop_mutual,bradley_terry_graph,graph,biology:31,0.7486761295186739,0.7486761295186739,0.0
bright,ms1_drop_mutual,pagerank_graph,graph,biology:32,0.5109559939712153,0.5109559939712153,0.0
bright,ms1_drop_mutual,rank_centrality_graph,graph,biology:32,0.6509209298071326,0.6509209298071326,0.0
bright,ms1_drop_mutual,markov_hybrid,hybrid,biology:32,0.766433990956823,0.766433990956823,0.0
bright,ms1_drop_mutual,bradley_terry_graph,graph,biology:32,0.5706417189553201,0.5706417189553201,0.0
bright,ms1_drop_mutual,pagerank_graph,graph,biology:33,0.558226059985166,0.558226059985166,0.0
bright,ms1_drop_mutual,rank_centrality_graph,graph,biology:33,0.5508095940041026,0.5508095940041026,0.0
bright,ms1_drop_mutual,markov_hybrid,hybrid,biology:33,1.0,1.0,0.0
bright,ms1_drop_mutual,bradley_terry_graph,graph,biology:33,0.5400753810454857,0.5400753810454857,0.0
bright,ms1_drop_mutual,pagerank_graph,graph,biology:34,0.0,0.0,0.0
bright,ms1_drop_mutual,rank_centrality_graph,graph,biology:34,0.0,0.0,0.0
bright,ms1_drop_mutual,markov_hybrid,hybrid,biology:34,0.0,0.0,0.0
bright,ms1_drop_mutual,bradley_terry_graph,graph,biology:34,0.0,0.0,0.0
bright,ms1_drop_mutual,pagerank_graph,graph,biology:35,0.5648382371163301,0.5648382371163301,0.0
bright,ms1_drop_mutual,rank_centrality_graph,graph,biology:35,0.6606878099380387,0.6606878099380387,0.0
bright,ms1_drop_mutual,markov_hybrid,hybrid,biology:35,0.5667091406836846,0.5667091406836846,0.0
bright,ms1_drop_mutual,bradley_terry_graph,graph,biology:35,0.5668403972153838,0.5668403972153838,0.0
bright,ms1_drop_mutual,pagerank_graph,graph,biology:36,0.8772153153380493,0.8772153153380493,0.0
bright,ms1_drop_mutual,rank_centrality_graph,graph,biology:36,0.6934264036172708,0.6934264036172708,0.0
bright,ms1_drop_mutual,markov_hybrid,hybrid,biology:36,0.6509209298071326,0.6509209298071326,0.0
bright,ms1_drop_mutual,bradley_terry_graph,graph,biology:36,0.9197207891481876,0.9197207891481876,0.0
bright,ms1_drop_mutual,pagerank_graph,graph,biology:37,0.0,0.0,0.0
bright,ms1_drop_mutual,rank_centrality_graph,graph,biology:37,0.0,0.0,0.0
bright,ms1_drop_mutual,markov_hybrid,hybrid,biology:37,0.0,0.0,0.0
bright,ms1_drop_mutual,bradley_terry_graph,graph,biology:37,0.0,0.0,0.0
bright,ms1_drop_mutual,pagerank_graph,graph,biology:38,0.9349366583346498,0.9349366583346498,0.0
bright,ms1_drop_mutual,rank_centrality_graph,graph,biology:38,0.8036070421010475,0.8036070421010475,0.0
bright,ms1_drop_mutual,markov_hybrid,hybrid,biology:38,1.0,1.0,0.0
bright,ms1_drop_mutual,bradley_terry_graph,graph,biology:38,0.6665048698100113,0.6665048698100113,0.0
bright,ms1_drop_mutual,pagerank_graph,graph,biology:39,0.9134015924715543,0.9134015924715543,0.0
bright,ms1_drop_mutual,rank_centrality_graph,graph,biology:39,0.9010126104210695,0.9010126104210695,0.0
bright,ms1_drop_mutual,markov_hybrid,hybrid,biology:39,0.9217868789962071,0.9217868789962071,0.0
bright,ms1_drop_mutual,bradley_terry_graph,graph,biology:39,0.8212377705398237,0.8212377705398237,0.0
bright,ms1_drop_mutual,pagerank_graph,graph,biology:40,0.3333333333333333,0.3333333333333333,0.0
bright,ms1_drop_mutual,rank_centrality_graph,graph,biology:40,0.3333333333333333,0.3333333333333333,0.0
bright,ms1_drop_mutual,markov_hybrid,hybrid,biology:40,1.0,1.0,0.0
bright,ms1_drop_mutual,bradley_terry_graph,graph,biology:40,0.27023815442731974,0.27023815442731974,0.0
bright,ms1_drop_mutual,pagerank_graph,graph,biology:41,0.815079870530422,0.815079870530422,0.0
bright,ms1_drop_mutual,rank_centrality_graph,graph,biology:41,0.8285418996677884,0.8285418996677884,0.0
bright,ms1_drop_mutual,markov_hybrid,hybrid,biology:41,0.9237714070975372,0.9237714070975372,0.0
bright,ms1_drop_mutual,bradley_terry_graph,graph,biology:41,0.6504262607311477,0.6408397908365068,-0.009586469894640959
bright,ms1_drop_mutual,pagerank_graph,graph,biology:42,0.550239740326786,0.54301458359631,-0.007225156730475968
bright,ms1_drop_mutual,rank_centrality_graph,graph,biology:42,0.5730008572581421,0.5461547669909823,-0.026846090267159783
bright,ms1_drop_mutual,markov_hybrid,hybrid,biology:42,0.7253549936086033,0.7253549936086033,0.0
bright,ms1_drop_mutual,bradley_terry_graph,graph,biology:42,0.4562651758614683,0.4490400191309924,-0.007225156730475912
bright,ms1_drop_mutual,pagerank_graph,graph,biology:43,0.27023815442731974,0.31546487678572877,0.04522672235840902
bright,ms1_drop_mutual,rank_centrality_graph,graph,biology:43,0.27023815442731974,0.27894294565112987,0.008704791223810127
bright,ms1_drop_mutual,markov_hybrid,hybrid,biology:43,0.23137821315975915,0.23137821315975915,0.0
bright,ms1_drop_mutual,bradley_terry_graph,graph,biology:43,0.3010299956639812,0.3010299956639812,0.0
bright,ms1_drop_mutual,pagerank_graph,graph,biology:44,1.0,1.0,0.0
bright,ms1_drop_mutual,rank_centrality_graph,graph,biology:44,1.0,1.0,0.0
bright,ms1_drop_mutual,markov_hybrid,hybrid,biology:44,0.227670248696953,0.227670248696953,0.0
bright,ms1_drop_mutual,bradley_terry_graph,graph,biology:44,1.0,1.0,0.0
bright,ms1_drop_mutual,pagerank_graph,graph,biology:45,0.43067655807339306,0.43067655807339306,0.0
bright,ms1_drop_mutual,rank_centrality_graph,graph,biology:45,0.6309297535714575,0.6309297535714575,0.0
bright,ms1_drop_mutual,markov_hybrid,hybrid,biology:45,0.2890648263178879,0.2890648263178879,0.0
bright,ms1_drop_mutual,bradley_terry_graph,graph,biology:45,0.5,0.5,0.0
bright,ms1_drop_mutual,pagerank_graph,graph,biology:46,0.0,0.0,0.0
bright,ms1_drop_mutual,rank_centrality_graph,graph,biology:46,0.0,0.0,0.0
bright,ms1_drop_mutual,markov_hybrid,hybrid,biology:46,0.0,0.0,0.0
bright,ms1_drop_mutual,bradley_terry_graph,graph,biology:46,0.0,0.0,0.0
bright,ms1_drop_mutual,pagerank_graph,graph,biology:47,0.6052602440527057,0.6052602440527057,0.0
bright,ms1_drop_mutual,rank_centrality_graph,graph,biology:47,0.44130740935663865,0.44130740935663865,0.0
bright,ms1_drop_mutual,markov_hybrid,hybrid,biology:47,0.44130740935663865,0.44130740935663865,0.0
bright,ms1_drop_mutual,bradley_terry_graph,graph,biology:47,0.48381288316677695,0.48381288316677695,0.0
bright,ms1_drop_mutual,pagerank_graph,graph,biology:48,0.37007816335371563,0.37007816335371563,0.0
bright,ms1_drop_mutual,rank_centrality_graph,graph,biology:48,0.3841032025833937,0.3841032025833937,0.0
bright,ms1_drop_mutual,markov_hybrid,hybrid,biology:48,0.4082307968370143,0.4082307968370143,0.0
bright,ms1_drop_mutual,bradley_terry_graph,graph,biology:48,0.425110947661799,0.425110947661799,0.0
bright,ms1_drop_mutual,pagerank_graph,graph,biology:49,0.36027633868415837,0.36027633868415837,0.0
bright,ms1_drop_mutual,rank_centrality_graph,graph,biology:49,0.3377667179999921,0.35438919069682395,0.01662247269683187
bright,ms1_drop_mutual,markov_hybrid,hybrid,biology:49,0.7700871371433883,0.7700871371433883,0.0
bright,ms1_drop_mutual,bradley_terry_graph,graph,biology:49,0.38153802715201746,0.36274775120088537,-0.018790275951132085
