dataset,pool_label,pool_size,query_id,n_candidates,n_pairs,pairs_with_any_retained_vote,ms2__support_qualified_pair_direction_events,ms2__threshold_qualified_pairs,ms2__final_edge_pairs,ms2__final_directed_edges,ms2__mutual_pairs,ms2__final_retained_edge_fraction_of_pairs,ms1__support_qualified_pair_direction_events,ms1__threshold_qualified_pairs,ms1__final_edge_pairs,ms1__final_directed_edges,ms1__mutual_pairs,ms1__final_retained_edge_fraction_of_pairs,ms1_drop_mutual__support_qualified_pair_direction_events,ms1_drop_mutual__threshold_qualified_pairs,ms1_drop_mutual__final_edge_pairs,ms1_drop_mutual__final_directed_edges,ms1_drop_mutual__mutual_pairs,ms1_drop_mutual__final_retained_edge_fraction_of_pairs
scidocs,canonical,20,78495383450e02c5fe817e408726134b3084905d,20,190,190,73,73,73,73,0,0.38421052631578945,199,188,188,197,9,0.9894736842105263,199,190,181,181,0,0.9526315789473684
scidocs,canonical,20,7dcb308b9292a8bc87d6f7793d2ca5e0e19dfa40,20,190,166,68,68,68,68,0,0.35789473684210527,176,159,159,169,10,0.8368421052631579,176,166,156,156,0,0.8210526315789474
scidocs,canonical,20,8c872ecd87945e71fcd9fa1b6cb1133cfe805bf2,20,190,187,70,70,70,70,0,0.3684210526315789,233,186,186,231,45,0.9789473684210527,233,187,141,141,0,0.7421052631578947
scidocs,canonical,20,3a63667284dc8b9687ed1620406030bfe39af3c9,20,190,188,110,110,110,110,0,0.5789473684210527,226,186,186,224,38,0.9789473684210527,226,188,150,150,0,0.7894736842105263
scidocs,canonical,20,071f47b7bc5830643e31dbed82e0375bf9b26559,20,190,177,35,35,35,35,0,0.18421052631578946,189,173,173,184,11,0.9105263157894737,189,177,165,165,0,0.868421052631579
scidocs,canonical,20,ee9596725d1db17f2b1e2207dd3ea260343bfe4f,20,190,188,99,99,99,99,0,0.5210526315789473,219,187,187,217,30,0.9842105263157894,219,188,157,157,0,0.8263157894736842
scidocs,canonical,20,a65196dfff31425281c690a7f2ca65247147da6b,20,190,184,65,65,65,65,0,0.34210526315789475,196,182,182,193,11,0.9578947368421052,196,184,172,172,0,0.9052631578947369
scidocs,canonical,20,a04b5b99f5d9d8748843e870536a4a9f65562012,20,190,189,108,108,108,108,0,0.5684210526315789,216,187,187,211,24,0.9842105263157894,216,189,162,162,0,0.8526315789473684
scidocs,canonical,20,de8e80d409aaaa3244da4f2cb5b5bb053d453cee,20,190,190,78,78,78,78,0,0.4105263157894737,217,188,188,215,27,0.9894736842105263,217,190,163,163,0,0.8578947368421053
scidocs,canonical,20,ae0fb9c6ebb8ce12610c477d2388447a13dc4694,20,190,181,29,29,29,29,0,0.15263157894736842,206,179,179,204,25,0.9421052631578948,206,181,156,156,0,0.8210526315789474
scidocs,canonical,20,648678f1edab0d2139958070744b826d2b24c79e,20,190,189,65,65,65,65,0,0.34210526315789475,201,185,185,197,12,0.9736842105263158,201,189,177,177,0,0.9315789473684211
scidocs,canonical,20,8a6080396fa7195c7c627bea4b2aeeb9ca39b5f8,20,190,171,40,40,40,40,0,0.21052631578947367,173,167,167,169,2,0.8789473684210526,173,171,169,169,0,0.8894736842105263
scidocs,canonical,20,4715401473dca02ebaa5bdd4d4003705ed91c380,20,190,189,121,121,121,121,0,0.6368421052631579,214,187,187,212,25,0.9842105263157894,214,189,164,164,0,0.8631578947368421
scidocs,canonical,20,6519bf5580fcdcc9c50fd72c6c8dc5d040d443e8,20,190,190,108,108,108,108,0,0.5684210526315789,216,187,187,213,26,0.9842105263157894,216,190,164,164,0,0.8631578947368421
scidocs,canonical,20,3be10c45163c61dfb9f250412699b3f8cb0ada1d,20,190,189,88,88,88,88,0,0.4631578947368421,246,189,189,246,57,0.9947368421052631,246,189,132,132,0,0.6947368421052632
scidocs,canonical,20,566c89a1ace18f57ac3212e6d62634b501990b31,20,190,171,26,26,26,26,0,0.1368421052631579,172,167,167,168,1,0.8789473684210526,172,171,170,170,0,0.8947368421052632
scidocs,canonical,20,370fda29c5aaff285311a87824c5f28db33da021,20,190,189,80,80,80,80,0,0.42105263157894735,233,189,189,232,43,0.9947368421052631,233,189,145,145,0,0.7631578947368421
scidocs,canonical,20,6c89453c09abde95d998f5acd244f00519472ee0,20,190,189,93,93,93,93,0,0.48947368421052634,207,189,189,206,17,0.9947368421052631,207,189,171,171,0,0.9
scidocs,canonical,20,74d4bf32242a3d22df63e0cd3c7b5a0038220cd2,20,190,189,107,107,107,107,0,0.5631578947368421,252,189,189,252,63,0.9947368421052631,252,189,126,126,0,0.6631578947368421
scidocs,canonical,20,714c194a2fc326151b905270558aa137f9f22730,20,190,190,99,99,99,99,0,0.5210526315789473,231,189,189,230,41,0.9947368421052631,231,190,149,149,0,0.7842105263157895
scidocs,canonical,20,c79b88a8d8ba491cead38b431703d84015153a8f,20,190,188,106,106,106,106,0,0.5578947368421052,236,186,186,229,43,0.9789473684210527,236,188,140,140,0,0.7368421052631579
scidocs,canonical,20,b2a20116c0609e23d3adfeaa604500fddca66178,20,190,189,37,37,37,37,0,0.19473684210526315,217,188,188,216,28,0.9894736842105263,217,189,161,161,0,0.8473684210526315
scidocs,canonical,20,8a93cd1b6fbf7c8c86637bae18d979dafeb9a7c1,20,190,189,42,42,42,42,0,0.22105263157894736,201,185,185,196,11,0.9736842105263158,201,189,177,177,0,0.9315789473684211
scidocs,canonical,20,281b6888d5df1dddb350fac4e9be5c8272519109,20,190,184,35,35,35,35,0,0.18421052631578946,185,178,178,179,1,0.9368421052631579,185,184,183,183,0,0.9631578947368421
scidocs,canonical,20,0a40663fdcf7c5fb7cfc459693116c41309e7eca,20,190,188,46,46,46,46,0,0.24210526315789474,205,187,187,203,16,0.9842105263157894,205,188,171,171,0,0.9
scidocs,canonical,20,8501e330d78391f4e690886a8eb8fac867704ea6,20,190,190,51,51,51,51,0,0.26842105263157895,213,188,188,209,21,0.9894736842105263,213,190,167,167,0,0.8789473684210526
scidocs,canonical,20,beac53e8074b4822943a3374ff5e9fed98a891b8,20,190,190,102,102,102,102,0,0.5368421052631579,241,190,190,239,49,1.0,241,190,139,139,0,0.7315789473684211
scidocs,canonical,20,6ae4d0b388aa9262e80c3eedc1cb3e5f06842368,20,190,189,60,60,60,60,0,0.3157894736842105,198,185,185,194,9,0.9736842105263158,198,189,180,180,0,0.9473684210526315
scidocs,canonical,20,7db20fcc1d71edc32c365f145148d24b9f1427a5,20,190,185,55,55,55,55,0,0.2894736842105263,200,177,177,190,13,0.9315789473684211,200,185,170,170,0,0.8947368421052632
scidocs,canonical,20,335ad0ff82c728aca99fb0059c607cb18129526f,20,190,161,29,29,29,29,0,0.15263157894736842,179,158,158,176,18,0.8315789473684211,179,161,143,143,0,0.7526315789473684
scidocs,canonical,20,04e4034344bda5c97015ea634e6eb1b65ef3a898,20,190,189,101,101,101,101,0,0.531578947368421,236,189,189,235,46,0.9947368421052631,236,189,142,142,0,0.7473684210526316
scidocs,canonical,20,271a4077c037b86fb7daf6bff3e66682322ff7d7,20,190,162,23,23,23,23,0,0.12105263157894737,182,162,162,182,20,0.8526315789473684,182,162,142,142,0,0.7473684210526316
scidocs,canonical,20,3d23666c6d97d6ba3c86044d83c697821084bed6,20,190,190,90,90,90,90,0,0.47368421052631576,234,189,189,232,43,0.9947368421052631,234,190,146,146,0,0.7684210526315789
scidocs,canonical,20,fd4537b92ab9fa7c653e9e5b9c4f815914a498c0,20,190,189,86,86,86,86,0,0.45263157894736844,197,186,186,194,8,0.9789473684210527,197,189,181,181,0,0.9526315789473684
scidocs,canonical,20,191ea925c2115755b44380c99d84f4a1099b4dcd,20,190,185,76,76,76,76,0,0.4,214,183,183,210,27,0.9631578947368421,214,185,156,156,0,0.8210526315789474
scidocs,canonical,20,458f1428273254fc5dd399f3c104f507680ddd54,20,190,166,51,51,51,51,0,0.26842105263157895,172,165,165,171,6,0.868421052631579,172,166,160,160,0,0.8421052631578947
scidocs,canonical,20,19115f66f6ac1c02568bbb38eceedfa3521a8cc2,20,190,186,66,66,66,66,0,0.3473684210526316,213,184,184,210,26,0.968421052631579,213,186,159,159,0,0.8368421052631579
scidocs,canonical,20,84424eee012089dac9414979f0cb1465c97c4408,20,190,190,65,65,65,65,0,0.34210526315789475,211,189,189,209,20,0.9947368421052631,211,190,169,169,0,0.8894736842105263
scidocs,canonical,20,5bb6b779de7929c573f39cd84169cafbd72e5bae,20,190,190,95,95,95,95,0,0.5,221,189,189,220,31,0.9947368421052631,221,190,159,159,0,0.8368421052631579
scidocs,canonical,20,7b6652910c5cc0df9ff6bc91912a02e58a742d26,20,190,160,32,32,32,32,0,0.16842105263157894,166,160,160,166,6,0.8421052631578947,166,160,154,154,0,0.8105263157894737
scidocs,canonical,20,df0ef17f63582603dafb1ac5c489dec1416ecbf4,20,190,184,58,58,58,58,0,0.30526315789473685,238,183,183,237,54,0.9631578947368421,238,184,130,130,0,0.6842105263157895
scidocs,canonical,20,f2d5039b55d626ef5466a80e950bddd5cc1819d4,20,190,172,58,58,58,58,0,0.30526315789473685,179,172,172,178,6,0.9052631578947369,179,172,165,165,0,0.868421052631579
scidocs,canonical,20,7492683af60d02dbd658acdc61249571f8c20fc8,20,190,174,53,53,53,53,0,0.2789473684210526,191,171,171,188,17,0.9,191,174,157,157,0,0.8263157894736842
scidocs,canonical,20,f7f32e86c23a902ac55fba8b8191026f563bec5b,20,190,182,86,86,86,86,0,0.45263157894736844,214,180,180,211,31,0.9473684210526315,214,182,150,150,0,0.7894736842105263
scidocs,canonical,20,a22e737d38a1bc671893a7ed341aba436571097a,20,190,168,41,41,41,41,0,0.21578947368421053,201,166,166,199,33,0.8736842105263158,201,168,135,135,0,0.7105263157894737
scidocs,canonical,20,4b80771429b786ea87740738378ba1eb1504a57f,20,190,176,33,33,33,33,0,0.1736842105263158,188,175,175,185,10,0.9210526315789473,188,176,164,164,0,0.8631578947368421
scidocs,canonical,20,9003fb79e7848ced3be975c3d87a9348a4b8d377,20,190,188,43,43,43,43,0,0.22631578947368422,202,185,185,199,14,0.9736842105263158,202,188,174,174,0,0.9157894736842105
scidocs,canonical,20,ac58b487e864afafe71c6158553eed10fbc8eef5,20,190,189,45,45,45,45,0,0.23684210526315788,211,187,187,209,22,0.9842105263157894,211,189,167,167,0,0.8789473684210526
scidocs,canonical,20,30c9a7660281ad8e4538ff9beb20282c74fac810,20,190,155,35,35,35,35,0,0.18421052631578946,176,155,155,176,21,0.8157894736842105,176,155,134,134,0,0.7052631578947368
scidocs,canonical,20,129397ed6557da93db5ba18cf112ee7b0a7927d8,20,190,189,118,118,118,118,0,0.6210526315789474,233,188,188,231,43,0.9894736842105263,233,189,145,145,0,0.7631578947368421
scidocs,canonical,20,1a66df57f88e689438d505474eff73e3a9180c5b,20,190,186,68,68,68,68,0,0.35789473684210527,210,185,185,208,23,0.9736842105263158,210,186,162,162,0,0.8526315789473684
scidocs,canonical,20,e00ab75a8aa637d9c4c5c020e9f2c54b31528031,20,190,189,50,50,50,50,0,0.2631578947368421,210,189,189,210,21,0.9947368421052631,210,189,168,168,0,0.8842105263157894
scidocs,canonical,20,7707c7aac35a4d206eb061305256452051ae4dcf,20,190,188,69,69,69,69,0,0.3631578947368421,238,185,185,235,50,0.9736842105263158,238,188,138,138,0,0.7263157894736842
scidocs,canonical,20,23386571ed332e4a465c0a6fa899f310caa217c8,20,190,190,62,62,62,62,0,0.3263157894736842,217,189,189,216,27,0.9947368421052631,217,190,163,163,0,0.8578947368421053
scidocs,canonical,20,e7ec9e900556d9d9e47b274911ad304bcf198256,20,190,188,77,77,77,77,0,0.4052631578947368,196,186,186,193,7,0.9789473684210527,196,188,180,180,0,0.9473684210526315
scidocs,canonical,20,ca464085b3da330f2ea895543a78c446a3af1bb6,20,190,189,63,63,63,63,0,0.33157894736842103,219,187,187,217,30,0.9842105263157894,219,189,159,159,0,0.8368421052631579
scidocs,canonical,20,f09db8a42d713774483f023b31e0ee96361823f4,20,190,178,44,44,44,44,0,0.23157894736842105,204,178,178,204,26,0.9368421052631579,204,178,152,152,0,0.8
scidocs,canonical,20,958ebc7e24012b419316489515f2c2f908773bd5,20,190,189,54,54,54,54,0,0.28421052631578947,222,189,189,222,33,0.9947368421052631,222,189,156,156,0,0.8210526315789474
scidocs,canonical,20,73d54af530d22599cc76b9785ae0a663cc694df2,20,190,189,111,111,111,111,0,0.5842105263157895,245,189,189,244,55,0.9947368421052631,245,189,133,133,0,0.7
scidocs,canonical,20,de77514c78432a0b17cf30baa024434173908f89,20,190,189,59,59,59,59,0,0.3105263157894737,192,184,184,186,2,0.968421052631579,192,189,186,186,0,0.9789473684210527
scidocs,canonical,20,7c88a0f765ce3c9025345cf133251cb947fe6ee5,20,190,189,78,78,78,78,0,0.4105263157894737,211,189,189,211,22,0.9947368421052631,211,189,167,167,0,0.8789473684210526
scidocs,canonical,20,a9d7e7e918a68d1b95c6c6b29f7fabbbe01010f7,20,190,187,34,34,34,34,0,0.17894736842105263,225,184,184,221,37,0.968421052631579,225,187,149,149,0,0.7842105263157895
scidocs,canonical,20,0bfa2ab02f3c9a9fe06fcebf34bd8f371e206512,20,190,185,79,79,79,79,0,0.41578947368421054,201,185,185,200,15,0.9736842105263158,201,185,169,169,0,0.8894736842105263
scidocs,canonical,20,5e1b80b4774582b948c6dcd656daaba6724ffc2d,20,190,175,32,32,32,32,0,0.16842105263157894,197,174,174,196,22,0.9157894736842105,197,175,153,153,0,0.8052631578947368
scidocs,canonical,20,382bbb79d7ffda63395db3d9b4ebce55d0b2f038,20,190,187,60,60,60,60,0,0.3157894736842105,191,184,184,188,4,0.968421052631579,191,187,183,183,0,0.9631578947368421
scidocs,canonical,20,f7bdc97a6b4c5d65c145479ae74b3a244121ae89,20,190,190,110,110,110,110,0,0.5789473684210527,207,188,188,205,17,0.9894736842105263,207,190,173,173,0,0.9105263157894737
scidocs,canonical,20,e659e72b7962c9ad586a2d35a7099550102fb054,20,190,190,87,87,87,87,0,0.45789473684210524,231,189,189,229,40,0.9947368421052631,231,190,149,149,0,0.7842105263157895
scidocs,canonical,20,3136f52540fb7925998eff94e9c016d2e1a6fe12,20,190,188,52,52,52,52,0,0.2736842105263158,199,184,184,195,11,0.968421052631579,199,188,177,177,0,0.9315789473684211
scidocs,canonical,20,0bf046038a555bc848030a28530f9836e5611b96,20,190,189,101,101,101,101,0,0.531578947368421,221,186,186,218,32,0.9789473684210527,221,189,157,157,0,0.8263157894736842
scidocs,canonical,20,5a4b46ef8898610ab16a1ced6f4a976db0f1962c,20,190,190,55,55,55,55,0,0.2894736842105263,217,189,189,216,27,0.9947368421052631,217,190,163,163,0,0.8578947368421053
scidocs,canonical,20,232427099d4a8acf1dc29efc852f09c5964e6165,20,190,176,76,76,76,76,0,0.4,190,175,175,189,14,0.9210526315789473,190,176,162,162,0,0.8526315789473684
scidocs,canonical,20,100636ca50edf63d4336bb071f3e172cb0ebccaa,20,190,187,52,52,52,52,0,0.2736842105263158,226,185,185,224,39,0.9736842105263158,226,187,148,148,0,0.7789473684210526
scidocs,canonical,20,7a373793804ea9813d64641919e14841f927c38f,20,190,189,93,93,93,93,0,0.48947368421052634,221,188,188,220,32,0.9894736842105263,221,189,157,157,0,0.8263157894736842
scidocs,canonical,20,e788f08148b4b06f4e537b27b51338f1c88ccea8,20,190,183,57,57,57,57,0,0.3,191,179,179,187,8,0.9421052631578948,191,183,175,175,0,0.9210526315789473
scidocs,canonical,20,8fad88b5678bfecab78d0d6389f649ccfb310d22,20,190,189,31,31,31,31,0,0.1631578947368421,226,187,187,224,37,0.9842105263157894,226,189,152,152,0,0.8
scidocs,canonical,20,e48e9cf407af2694ecfefd441c2c28faffdf0835,20,190,190,122,122,122,122,0,0.6421052631578947,207,190,190,207,17,1.0,207,190,173,173,0,0.9105263157894737
scidocs,canonical,20,065985d4d0854c51f52ad7a7507b267d9b88ab1c,20,190,181,51,51,51,51,0,0.26842105263157895,218,177,177,213,36,0.9315789473684211,218,181,144,144,0,0.7578947368421053
scidocs,canonical,20,44a56dc083e3e2b07f11aae29c1ee560f46efa4a,20,190,190,93,93,93,93,0,0.48947368421052634,220,188,188,218,30,0.9894736842105263,220,190,160,160,0,0.8421052631578947
scidocs,canonical,20,3b198869df03d98b81c0c882753845a3bca36c63,20,190,189,80,80,80,80,0,0.42105263157894735,211,182,182,204,22,0.9578947368421052,211,189,167,167,0,0.8789473684210526
scidocs,canonical,20,9a7e12ef462e779263ee3f2dd415d2d21233f15d,20,190,188,32,32,32,32,0,0.16842105263157894,192,186,186,190,4,0.9789473684210527,192,188,184,184,0,0.968421052631579
scidocs,canonical,20,76dac031066a95715a3b116eb2094ec9bdd15171,20,190,175,73,73,73,73,0,0.38421052631578945,181,169,169,175,6,0.8894736842105263,181,175,169,169,0,0.8894736842105263
scidocs,canonical,20,26ebc1b9e21db68d5abf01acd2a0c38d260c65a1,20,190,188,79,79,79,79,0,0.41578947368421054,245,188,188,244,56,0.9894736842105263,245,188,131,131,0,0.6894736842105263
scidocs,canonical,20,a1be02429ab4ec852656f8833c3160f4592cc547,20,190,189,25,25,25,25,0,0.13157894736842105,210,187,187,208,21,0.9842105263157894,210,189,168,168,0,0.8842105263157894
scidocs,canonical,20,a1f5c39aece58f6504e0334d96eaede32c7329cf,20,190,182,67,67,67,67,0,0.3526315789473684,216,182,182,216,34,0.9578947368421052,216,182,148,148,0,0.7789473684210526
scidocs,canonical,20,8ff6581f94c366e34c6f2d55806f7781194c33c8,20,190,189,109,109,109,109,0,0.5736842105263158,250,189,189,249,60,0.9947368421052631,250,189,128,128,0,0.6736842105263158
scidocs,canonical,20,fd65ca4e3ae95302f74bf863988cdb95d6a12824,20,190,190,103,103,103,103,0,0.5421052631578948,231,188,188,229,41,0.9894736842105263,231,190,149,149,0,0.7842105263157895
scidocs,canonical,20,3565d884735ead613a5aa0903f06a2cc86d05b6b,20,190,188,67,67,67,67,0,0.3526315789473684,196,186,186,194,8,0.9789473684210527,196,188,180,180,0,0.9473684210526315
scidocs,canonical,20,c2e57b2871fdfd06566820c5329815ac06f66197,20,190,164,43,43,43,43,0,0.22631578947368422,174,160,160,170,10,0.8421052631578947,174,164,154,154,0,0.8105263157894737
scidocs,canonical,20,59e2037f5079794cb9128c7f0900a568ced14c2a,20,190,189,95,95,95,95,0,0.5,220,187,187,217,30,0.9842105263157894,220,189,158,158,0,0.8315789473684211
scidocs,canonical,20,3f95e155b1c40911149fe994197a502ef44ebbbe,20,190,190,115,115,115,115,0,0.6052631578947368,202,187,187,199,12,0.9842105263157894,202,190,178,178,0,0.9368421052631579
scidocs,canonical,20,0674058618d04def58c79a0b28174301ef591433,20,190,190,78,78,78,78,0,0.4105263157894737,213,187,187,210,23,0.9842105263157894,213,190,167,167,0,0.8789473684210526
scidocs,canonical,20,23a7c8d9f142184d28e56b0751e172fef6539275,20,190,188,77,77,77,77,0,0.4052631578947368,223,188,188,221,33,0.9894736842105263,223,188,153,153,0,0.8052631578947368
scidocs,canonical,20,ee6b940d3ae36f9b124586b15a49cec45f24b90a,20,190,189,96,96,96,96,0,0.5052631578947369,220,187,187,218,31,0.9842105263157894,220,189,158,158,0,0.8315789473684211
scidocs,canonical,20,2bd338ef8751b62d23e53fbb44d67042d634da2f,20,190,188,43,43,43,43,0,0.22631578947368422,245,188,188,244,56,0.9894736842105263,245,188,131,131,0,0.6894736842105263
scidocs,canonical,20,ddbb6e0913ac127004be73e2d4097513a8f02d37,20,190,183,92,92,92,92,0,0.4842105263157895,194,183,183,194,11,0.9631578947368421,194,183,172,172,0,0.9052631578947369
scidocs,canonical,20,d6b56cc6e05300426b6194dd3f6a38720678827e,20,190,190,104,104,104,104,0,0.5473684210526316,204,187,187,201,14,0.9842105263157894,204,190,176,176,0,0.9263157894736842
scidocs,canonical,20,df39e24c3cc21dc4c79995ec2b424a37dac999c7,20,190,190,40,40,40,40,0,0.21052631578947367,229,185,185,222,37,0.9736842105263158,229,190,151,151,0,0.7947368421052632
scidocs,canonical,20,74bd4761b373447079c6e5cd31832c00fab2fa77,20,190,176,57,57,57,57,0,0.3,182,173,173,179,6,0.9105263157894737,182,176,170,170,0,0.8947368421052632
scidocs,canonical,20,ddbf21ca1de9617894b15d45787a27557f02a494,20,190,179,63,63,63,63,0,0.33157894736842103,196,178,178,195,17,0.9368421052631579,196,179,162,162,0,0.8526315789473684
scidocs,canonical,20,f754cab548f2c209ea7d932084ef768b92b27614,20,190,173,59,59,59,59,0,0.3105263157894737,183,169,169,178,9,0.8894736842105263,183,173,163,163,0,0.8578947368421053
scidocs,canonical,20,373f76633cc1f6c7a421e31c989842021a52fca4,20,190,190,78,78,78,78,0,0.4105263157894737,230,189,189,229,40,0.9947368421052631,230,190,150,150,0,0.7894736842105263
scidocs,canonical,20,01d208b33561362f7714f714d3bc4a1f7aa1637c,20,190,186,55,55,55,55,0,0.2894736842105263,203,186,186,203,17,0.9789473684210527,203,186,169,169,0,0.8894736842105263
scidocs,canonical,20,f365ce3e68cb3795887e93baf5fed5d783b3904e,20,190,109,17,17,17,17,0,0.08947368421052632,109,109,109,109,0,0.5736842105263158,109,109,109,109,0,0.5736842105263158
scidocs,canonical,20,28e0707528f78fecb26fe7f003d94f6a5de32b98,20,190,189,79,79,79,79,0,0.41578947368421054,211,187,187,209,22,0.9842105263157894,211,189,167,167,0,0.8789473684210526
scidocs,canonical,20,fa8042d025895e22af2d9df3ffb9f67438610fcc,20,190,190,60,60,60,60,0,0.3157894736842105,210,189,189,209,20,0.9947368421052631,210,190,170,170,0,0.8947368421052632
scidocs,canonical,20,ae2b67d03512dd0f13a68636d1d7f83cc889318a,20,190,189,89,89,89,89,0,0.46842105263157896,213,188,188,212,24,0.9894736842105263,213,189,165,165,0,0.868421052631579
scidocs,canonical,20,b8397b4418bb1d576210d9a39d44725d6ffb2a44,20,190,190,113,113,113,113,0,0.5947368421052631,229,188,188,227,39,0.9894736842105263,229,190,151,151,0,0.7947368421052632
scidocs,canonical,20,ebf4ef0701e6f6c2050e5bed0be54fd4d8a1d991,20,190,164,41,41,41,41,0,0.21578947368421053,172,160,160,168,8,0.8421052631578947,172,164,156,156,0,0.8210526315789474
scidocs,canonical,20,af441a4f1b754ad9b3a4401e8361ad9b66786778,20,190,187,73,73,73,73,0,0.38421052631578945,218,186,186,217,31,0.9789473684210527,218,187,156,156,0,0.8210526315789474
scidocs,canonical,20,8bb3a478db8951f42198a885d7245d58036ba55c,20,190,188,100,100,100,100,0,0.5263157894736842,211,188,188,210,22,0.9894736842105263,211,188,165,165,0,0.868421052631579
scidocs,canonical,20,9e76a700f03ef476b964b27e23c071163e44c232,20,190,189,112,112,112,112,0,0.5894736842105263,204,187,187,202,15,0.9842105263157894,204,189,174,174,0,0.9157894736842105
scidocs,canonical,20,43da9037d50745002195abb864243ecc75d4b040,20,190,182,50,50,50,50,0,0.2631578947368421,202,182,182,202,20,0.9578947368421052,202,182,162,162,0,0.8526315789473684
scidocs,canonical,20,b21951a276dd940e052676b06e193f65fdc297f9,20,190,180,35,35,35,35,0,0.18421052631578946,204,177,177,201,24,0.9315789473684211,204,180,156,156,0,0.8210526315789474
scidocs,canonical,20,b9d502d98e3bb19f8179a4363e3f28c6b6def7a8,20,190,190,48,48,48,48,0,0.25263157894736843,204,189,189,203,14,0.9947368421052631,204,190,176,176,0,0.9263157894736842
scidocs,canonical,20,399acab2bee6eccbfffe4a2ce688b6b1075e9c5e,20,190,187,41,41,41,41,0,0.21578947368421053,190,183,183,186,3,0.9631578947368421,190,187,184,184,0,0.968421052631579
scidocs,canonical,20,4649e3279edf653135f1f31da3e242ba451a93de,20,190,179,73,73,73,73,0,0.38421052631578945,195,177,177,193,16,0.9315789473684211,195,179,163,163,0,0.8578947368421053
scidocs,canonical,20,4ab6e67519411dbdb69c6111a3b8d5f334ebb579,20,190,188,100,100,100,100,0,0.5263157894736842,236,186,186,234,48,0.9789473684210527,236,188,140,140,0,0.7368421052631579
scidocs,canonical,20,924544f503070bb390cc51e4bac9cbb3171aa03f,20,190,189,65,65,65,65,0,0.34210526315789475,207,188,188,206,18,0.9894736842105263,207,189,171,171,0,0.9
scidocs,canonical,20,d2e6250e95af09fefbe638f1580420476a2ecaee,20,190,161,15,15,15,15,0,0.07894736842105263,198,160,160,197,37,0.8421052631578947,198,161,124,124,0,0.6526315789473685
scidocs,canonical,20,79e13ff4a21f13d3839422568274ea84a9fe42b5,20,190,189,86,86,86,86,0,0.45263157894736844,199,188,188,198,10,0.9894736842105263,199,189,179,179,0,0.9421052631578948
scidocs,task1_larger,50,78495383450e02c5fe817e408726134b3084905d,50,1225,639,188,188,188,188,0,0.15346938775510205,655,630,630,646,16,0.5142857142857142,655,635,619,619,0,0.5053061224489795
scidocs,task1_larger,50,7dcb308b9292a8bc87d6f7793d2ca5e0e19dfa40,50,1225,843,155,155,155,155,0,0.12653061224489795,854,776,776,787,11,0.6334693877551021,854,794,783,783,0,0.6391836734693878
scidocs,task1_larger,50,8c872ecd87945e71fcd9fa1b6cb1133cfe805bf2,50,1225,799,240,240,240,240,0,0.19591836734693877,872,794,794,866,72,0.6481632653061224,872,795,722,722,0,0.5893877551020408
scidocs,task1_larger,50,3a63667284dc8b9687ed1620406030bfe39af3c9,50,1225,977,335,335,335,335,0,0.27346938775510204,1038,960,960,1020,60,0.7836734693877551,1038,964,904,904,0,0.7379591836734694
scidocs,task1_larger,50,071f47b7bc5830643e31dbed82e0375bf9b26559,50,1225,942,141,141,141,141,0,0.11510204081632654,965,921,921,942,21,0.7518367346938776,965,929,908,908,0,0.7412244897959184
scidocs,task1_larger,50,ee9596725d1db17f2b1e2207dd3ea260343bfe4f,50,1225,850,216,216,216,216,0,0.1763265306122449,924,848,848,920,72,0.6922448979591836,924,849,775,775,0,0.6326530612244898
scidocs,task1_larger,50,a65196dfff31425281c690a7f2ca65247147da6b,50,1225,1031,249,249,249,249,0,0.20326530612244897,1079,1024,1024,1070,46,0.8359183673469388,1079,1027,981,981,0,0.8008163265306123
scidocs,task1_larger,50,a04b5b99f5d9d8748843e870536a4a9f65562012,50,1225,979,453,453,453,453,0,0.36979591836734693,1044,978,978,1041,63,0.7983673469387755,1044,978,915,915,0,0.746938775510204
scidocs,task1_larger,50,de8e80d409aaaa3244da4f2cb5b5bb053d453cee,50,1225,937,181,181,181,181,0,0.14775510204081632,970,927,927,960,33,0.756734693877551,970,933,900,900,0,0.7346938775510204
scidocs,task1_larger,50,ae0fb9c6ebb8ce12610c477d2388447a13dc4694,50,1225,836,219,219,219,219,0,0.17877551020408164,878,831,831,873,42,0.6783673469387755,878,834,792,792,0,0.6465306122448979
scidocs,task1_larger,50,648678f1edab0d2139958070744b826d2b24c79e,50,1225,587,104,104,104,104,0,0.08489795918367347,599,575,575,587,12,0.46938775510204084,599,578,566,566,0,0.4620408163265306
scidocs,task1_larger,50,8a6080396fa7195c7c627bea4b2aeeb9ca39b5f8,50,1225,679,73,73,73,73,0,0.05959183673469388,681,668,668,670,2,0.5453061224489796,681,674,672,672,0,0.5485714285714286
scidocs,task1_larger,50,4715401473dca02ebaa5bdd4d4003705ed91c380,50,1225,1076,352,352,352,352,0,0.2873469387755102,1158,1070,1070,1152,82,0.8734693877551021,1158,1073,991,991,0,0.8089795918367347
scidocs,task1_larger,50,6519bf5580fcdcc9c50fd72c6c8dc5d040d443e8,50,1225,895,337,337,337,337,0,0.27510204081632655,927,888,888,920,32,0.7248979591836735,927,890,858,858,0,0.7004081632653061
scidocs,task1_larger,50,3be10c45163c61dfb9f250412699b3f8cb0ada1d,50,1225,968,280,280,280,280,0,0.22857142857142856,1032,956,956,1020,64,0.7804081632653062,1032,957,893,893,0,0.7289795918367347
scidocs,task1_larger,50,566c89a1ace18f57ac3212e6d62634b501990b31,50,1225,725,95,95,95,95,0,0.07755102040816327,726,707,707,708,1,0.5771428571428572,726,716,715,715,0,0.5836734693877551
scidocs,task1_larger,50,370fda29c5aaff285311a87824c5f28db33da021,50,1225,936,238,238,238,238,0,0.19428571428571428,997,927,927,988,61,0.756734693877551,997,929,868,868,0,0.7085714285714285
scidocs,task1_larger,50,6c89453c09abde95d998f5acd244f00519472ee0,50,1225,845,221,221,221,221,0,0.18040816326530612,864,841,841,859,18,0.686530612244898,864,843,824,824,0,0.6726530612244898
scidocs,task1_larger,50,74d4bf32242a3d22df63e0cd3c7b5a0038220cd2,50,1225,1012,355,355,355,355,0,0.2897959183673469,1140,1007,1007,1134,127,0.8220408163265306,1140,1009,882,882,0,0.72
scidocs,task1_larger,50,714c194a2fc326151b905270558aa137f9f22730,50,1225,873,296,296,296,296,0,0.2416326530612245,918,868,868,913,45,0.7085714285714285,918,870,825,825,0,0.673469387755102
scidocs,task1_larger,50,c79b88a8d8ba491cead38b431703d84015153a8f,50,1225,716,227,227,227,227,0,0.1853061224489796,766,711,711,755,44,0.5804081632653061,766,712,667,667,0,0.5444897959183673
scidocs,task1_larger,50,b2a20116c0609e23d3adfeaa604500fddca66178,50,1225,704,116,116,116,116,0,0.0946938775510204,744,699,699,738,39,0.5706122448979591,744,702,663,663,0,0.5412244897959184
scidocs,task1_larger,50,8a93cd1b6fbf7c8c86637bae18d979dafeb9a7c1,50,1225,772,106,106,106,106,0,0.08653061224489796,791,757,757,776,19,0.6179591836734694,791,759,740,740,0,0.6040816326530613
scidocs,task1_larger,50,281b6888d5df1dddb350fac4e9be5c8272519109,50,1225,754,87,87,87,87,0,0.07102040816326531,760,738,738,744,6,0.6024489795918367,760,740,734,734,0,0.5991836734693877
scidocs,task1_larger,50,0a40663fdcf7c5fb7cfc459693116c41309e7eca,50,1225,649,116,116,116,116,0,0.0946938775510204,669,641,641,659,18,0.5232653061224489,669,642,623,623,0,0.5085714285714286
scidocs,task1_larger,50,8501e330d78391f4e690886a8eb8fac867704ea6,50,1225,795,128,128,128,128,0,0.10448979591836735,821,791,791,815,24,0.6457142857142857,821,793,769,769,0,0.6277551020408163
scidocs,task1_larger,50,beac53e8074b4822943a3374ff5e9fed98a891b8,50,1225,1087,308,308,308,308,0,0.25142857142857145,1193,1080,1080,1186,106,0.8816326530612245,1193,1081,975,975,0,0.7959183673469388
scidocs,task1_larger,50,6ae4d0b388aa9262e80c3eedc1cb3e5f06842368,50,1225,534,93,93,93,93,0,0.07591836734693877,545,526,526,537,11,0.4293877551020408,545,529,518,518,0,0.4228571428571429
scidocs,task1_larger,50,7db20fcc1d71edc32c365f145148d24b9f1427a5,50,1225,801,136,136,136,136,0,0.1110204081632653,826,782,782,803,21,0.6383673469387755,826,788,764,764,0,0.6236734693877551
scidocs,task1_larger,50,335ad0ff82c728aca99fb0059c607cb18129526f,50,1225,488,32,32,32,32,0,0.026122448979591838,511,484,484,506,22,0.39510204081632655,511,486,463,463,0,0.37795918367346937
scidocs,task1_larger,50,04e4034344bda5c97015ea634e6eb1b65ef3a898,50,1225,951,278,278,278,278,0,0.22693877551020408,1045,943,943,1034,91,0.769795918367347,1045,946,854,854,0,0.6971428571428572
scidocs,task1_larger,50,271a4077c037b86fb7daf6bff3e66682322ff7d7,50,1225,570,44,44,44,44,0,0.035918367346938776,605,569,569,604,35,0.46448979591836737,605,570,535,535,0,0.43673469387755104
scidocs,task1_larger,50,3d23666c6d97d6ba3c86044d83c697821084bed6,50,1225,1082,288,288,288,288,0,0.23510204081632652,1168,1071,1071,1157,86,0.8742857142857143,1168,1075,989,989,0,0.8073469387755102
scidocs,task1_larger,50,fd4537b92ab9fa7c653e9e5b9c4f815914a498c0,50,1225,715,196,196,196,196,0,0.16,732,702,702,719,17,0.5730612244897959,732,707,690,690,0,0.563265306122449
scidocs,task1_larger,50,191ea925c2115755b44380c99d84f4a1099b4dcd,50,1225,859,198,198,198,198,0,0.16163265306122448,921,855,855,914,59,0.6979591836734694,921,856,795,795,0,0.6489795918367347
scidocs,task1_larger,50,458f1428273254fc5dd399f3c104f507680ddd54,50,1225,680,158,158,158,158,0,0.12897959183673469,686,677,677,683,6,0.5526530612244898,686,678,672,672,0,0.5485714285714286
scidocs,task1_larger,50,19115f66f6ac1c02568bbb38eceedfa3521a8cc2,50,1225,834,137,137,137,137,0,0.11183673469387755,873,829,829,867,38,0.676734693877551,873,829,791,791,0,0.6457142857142857
scidocs,task1_larger,50,84424eee012089dac9414979f0cb1465c97c4408,50,1225,700,140,140,140,140,0,0.11428571428571428,722,694,694,715,21,0.566530612244898,722,695,674,674,0,0.5502040816326531
scidocs,task1_larger,50,5bb6b779de7929c573f39cd84169cafbd72e5bae,50,1225,1111,189,189,189,189,0,0.15428571428571428,1155,1103,1103,1147,44,0.9004081632653061,1155,1105,1061,1061,0,0.8661224489795918
scidocs,task1_larger,50,7b6652910c5cc0df9ff6bc91912a02e58a742d26,50,1225,640,52,52,52,52,0,0.04244897959183674,647,636,636,643,7,0.5191836734693878,647,637,630,630,0,0.5142857142857142
scidocs,task1_larger,50,df0ef17f63582603dafb1ac5c489dec1416ecbf4,50,1225,771,141,141,141,141,0,0.11510204081632654,878,769,769,875,106,0.6277551020408163,878,769,663,663,0,0.5412244897959184
scidocs,task1_larger,50,f2d5039b55d626ef5466a80e950bddd5cc1819d4,50,1225,953,119,119,119,119,0,0.09714285714285714,960,936,936,943,7,0.7640816326530612,960,937,930,930,0,0.7591836734693878
scidocs,task1_larger,50,7492683af60d02dbd658acdc61249571f8c20fc8,50,1225,868,176,176,176,176,0,0.1436734693877551,938,862,862,932,70,0.7036734693877551,938,863,793,793,0,0.6473469387755102
scidocs,task1_larger,50,f7f32e86c23a902ac55fba8b8191026f563bec5b,50,1225,836,210,210,210,210,0,0.17142857142857143,888,828,828,879,51,0.6759183673469388,888,830,779,779,0,0.6359183673469387
scidocs,task1_larger,50,a22e737d38a1bc671893a7ed341aba436571097a,50,1225,674,119,119,119,119,0,0.09714285714285714,713,668,668,706,38,0.5453061224489796,713,669,631,631,0,0.5151020408163265
scidocs,task1_larger,50,4b80771429b786ea87740738378ba1eb1504a57f,50,1225,699,116,116,116,116,0,0.0946938775510204,711,695,695,705,10,0.5673469387755102,711,697,686,686,0,0.56
scidocs,task1_larger,50,9003fb79e7848ced3be975c3d87a9348a4b8d377,50,1225,691,127,127,127,127,0,0.1036734693877551,709,684,684,702,18,0.5583673469387755,709,687,669,669,0,0.5461224489795918
scidocs,task1_larger,50,ac58b487e864afafe71c6158553eed10fbc8eef5,50,1225,959,191,191,191,191,0,0.15591836734693879,993,951,951,985,34,0.7763265306122449,993,955,921,921,0,0.7518367346938776
scidocs,task1_larger,50,30c9a7660281ad8e4538ff9beb20282c74fac810,50,1225,681,91,91,91,91,0,0.07428571428571429,717,678,678,714,36,0.553469387755102,717,678,642,642,0,0.5240816326530612
scidocs,task1_larger,50,129397ed6557da93db5ba18cf112ee7b0a7927d8,50,1225,778,293,293,293,293,0,0.23918367346938776,830,771,771,822,51,0.6293877551020408,830,772,720,720,0,0.5877551020408164
scidocs,task1_larger,50,1a66df57f88e689438d505474eff73e3a9180c5b,50,1225,755,143,143,143,143,0,0.11673469387755102,801,740,740,784,44,0.6040816326530613,801,741,697,697,0,0.5689795918367347
scidocs,task1_larger,50,e00ab75a8aa637d9c4c5c020e9f2c54b31528031,50,1225,780,131,131,131,131,0,0.10693877551020409,840,772,772,832,60,0.6302040816326531,840,776,716,716,0,0.5844897959183674
scidocs,task1_larger,50,7707c7aac35a4d206eb061305256452051ae4dcf,50,1225,894,270,270,270,270,0,0.22040816326530613,953,885,885,944,59,0.7224489795918367,953,890,831,831,0,0.6783673469387755
scidocs,task1_larger,50,23386571ed332e4a465c0a6fa899f310caa217c8,50,1225,746,137,137,137,137,0,0.11183673469387755,786,742,742,782,40,0.6057142857142858,786,743,703,703,0,0.5738775510204082
scidocs,task1_larger,50,e7ec9e900556d9d9e47b274911ad304bcf198256,50,1225,841,244,244,244,244,0,0.19918367346938776,847,824,824,829,5,0.6726530612244898,847,827,822,822,0,0.6710204081632654
scidocs,task1_larger,50,ca464085b3da330f2ea895543a78c446a3af1bb6,50,1225,943,222,222,222,222,0,0.18122448979591838,988,927,927,972,45,0.756734693877551,988,931,886,886,0,0.723265306122449
scidocs,task1_larger,50,f09db8a42d713774483f023b31e0ee96361823f4,50,1225,746,63,63,63,63,0,0.05142857142857143,772,744,744,770,26,0.6073469387755102,772,745,719,719,0,0.5869387755102041
scidocs,task1_larger,50,958ebc7e24012b419316489515f2c2f908773bd5,50,1225,748,178,178,178,178,0,0.14530612244897959,781,746,746,779,33,0.6089795918367347,781,746,713,713,0,0.5820408163265306
scidocs,task1_larger,50,73d54af530d22599cc76b9785ae0a663cc694df2,50,1225,1065,387,387,387,387,0,0.3159183673469388,1157,1058,1058,1147,89,0.8636734693877551,1157,1061,972,972,0,0.793469387755102
scidocs,task1_larger,50,de77514c78432a0b17cf30baa024434173908f89,50,1225,668,141,141,141,141,0,0.11510204081632654,670,658,658,660,2,0.5371428571428571,670,662,660,660,0,0.5387755102040817
scidocs,task1_larger,50,7c88a0f765ce3c9025345cf133251cb947fe6ee5,50,1225,870,187,187,187,187,0,0.1526530612244898,899,863,863,892,29,0.7044897959183674,899,866,837,837,0,0.683265306122449
scidocs,task1_larger,50,a9d7e7e918a68d1b95c6c6b29f7fabbbe01010f7,50,1225,815,88,88,88,88,0,0.07183673469387755,865,808,808,857,49,0.6595918367346939,865,811,762,762,0,0.6220408163265306
scidocs,task1_larger,50,0bfa2ab02f3c9a9fe06fcebf34bd8f371e206512,50,1225,632,180,180,180,180,0,0.1469387755102041,663,626,626,656,30,0.5110204081632653,663,627,597,597,0,0.4873469387755102
scidocs,task1_larger,50,5e1b80b4774582b948c6dcd656daaba6724ffc2d,50,1225,802,109,109,109,109,0,0.08897959183673469,836,797,797,830,33,0.6506122448979592,836,799,766,766,0,0.6253061224489795
scidocs,task1_larger,50,382bbb79d7ffda63395db3d9b4ebce55d0b2f038,50,1225,848,220,220,220,220,0,0.17959183673469387,852,835,835,839,4,0.6816326530612244,852,840,836,836,0,0.6824489795918367
scidocs,task1_larger,50,f7bdc97a6b4c5d65c145479ae74b3a244121ae89,50,1225,815,292,292,292,292,0,0.2383673469387755,840,809,809,834,25,0.6604081632653062,840,809,784,784,0,0.64
scidocs,task1_larger,50,e659e72b7962c9ad586a2d35a7099550102fb054,50,1225,1032,295,295,295,295,0,0.24081632653061225,1107,1027,1027,1100,73,0.8383673469387755,1107,1029,955,955,0,0.7795918367346939
scidocs,task1_larger,50,3136f52540fb7925998eff94e9c016d2e1a6fe12,50,1225,883,160,160,160,160,0,0.1306122448979592,901,871,871,889,18,0.7110204081632653,901,872,854,854,0,0.6971428571428572
scidocs,task1_larger,50,0bf046038a555bc848030a28530f9836e5611b96,50,1225,990,251,251,251,251,0,0.20489795918367346,1042,980,980,1032,52,0.8,1042,981,929,929,0,0.7583673469387755
scidocs,task1_larger,50,5a4b46ef8898610ab16a1ced6f4a976db0f1962c,50,1225,878,133,133,133,133,0,0.10857142857142857,905,867,867,894,27,0.7077551020408164,905,870,843,843,0,0.6881632653061225
scidocs,task1_larger,50,232427099d4a8acf1dc29efc852f09c5964e6165,50,1225,674,199,199,199,199,0,0.16244897959183674,696,667,667,688,21,0.5444897959183673,696,669,647,647,0,0.5281632653061225
scidocs,task1_larger,50,100636ca50edf63d4336bb071f3e172cb0ebccaa,50,1225,816,190,190,190,190,0,0.15510204081632653,867,804,804,855,51,0.6563265306122449,867,807,756,756,0,0.6171428571428571
scidocs,task1_larger,50,7a373793804ea9813d64641919e14841f927c38f,50,1225,825,257,257,257,257,0,0.20979591836734693,866,820,820,861,41,0.6693877551020408,866,820,779,779,0,0.6359183673469387
scidocs,task1_larger,50,e788f08148b4b06f4e537b27b51338f1c88ccea8,50,1225,679,135,135,135,135,0,0.11020408163265306,692,671,671,683,12,0.5477551020408163,692,676,663,663,0,0.5412244897959184
scidocs,task1_larger,50,8fad88b5678bfecab78d0d6389f649ccfb310d22,50,1225,736,103,103,103,103,0,0.08408163265306122,778,729,729,771,42,0.5951020408163266,778,730,688,688,0,0.5616326530612245
scidocs,task1_larger,50,e48e9cf407af2694ecfefd441c2c28faffdf0835,50,1225,919,377,377,377,377,0,0.30775510204081635,938,910,910,929,19,0.7428571428571429,938,913,894,894,0,0.7297959183673469
scidocs,task1_larger,50,065985d4d0854c51f52ad7a7507b267d9b88ab1c,50,1225,740,154,154,154,154,0,0.12571428571428572,796,733,733,788,55,0.5983673469387755,796,734,678,678,0,0.553469387755102
scidocs,task1_larger,50,44a56dc083e3e2b07f11aae29c1ee560f46efa4a,50,1225,865,287,287,287,287,0,0.2342857142857143,904,861,861,900,39,0.7028571428571428,904,862,823,823,0,0.6718367346938775
scidocs,task1_larger,50,3b198869df03d98b81c0c882753845a3bca36c63,50,1225,908,179,179,179,179,0,0.14612244897959184,947,884,884,922,38,0.7216326530612245,947,896,858,858,0,0.7004081632653061
scidocs,task1_larger,50,9a7e12ef462e779263ee3f2dd415d2d21233f15d,50,1225,813,72,72,72,72,0,0.05877551020408163,817,797,797,801,4,0.6506122448979592,817,800,796,796,0,0.649795918367347
scidocs,task1_larger,50,76dac031066a95715a3b116eb2094ec9bdd15171,50,1225,788,170,170,170,170,0,0.13877551020408163,793,773,773,778,5,0.6310204081632653,793,777,772,772,0,0.6302040816326531
scidocs,task1_larger,50,26ebc1b9e21db68d5abf01acd2a0c38d260c65a1,50,1225,851,211,211,211,211,0,0.17224489795918368,929,844,844,920,76,0.6889795918367347,929,847,771,771,0,0.6293877551020408
scidocs,task1_larger,50,a1be02429ab4ec852656f8833c3160f4592cc547,50,1225,592,41,41,41,41,0,0.03346938775510204,618,583,583,609,26,0.47591836734693876,618,587,561,561,0,0.4579591836734694
scidocs,task1_larger,50,a1f5c39aece58f6504e0334d96eaede32c7329cf,50,1225,911,212,212,212,212,0,0.1730612244897959,977,907,907,972,65,0.7404081632653061,977,907,842,842,0,0.6873469387755102
scidocs,task1_larger,50,8ff6581f94c366e34c6f2d55806f7781194c33c8,50,1225,869,266,266,266,266,0,0.21714285714285714,993,865,865,988,123,0.7061224489795919,993,867,744,744,0,0.6073469387755102
scidocs,task1_larger,50,fd65ca4e3ae95302f74bf863988cdb95d6a12824,50,1225,1211,426,426,426,426,0,0.34775510204081633,1289,1200,1200,1278,78,0.9795918367346939,1289,1206,1128,1128,0,0.9208163265306123
scidocs,task1_larger,50,3565d884735ead613a5aa0903f06a2cc86d05b6b,50,1225,855,213,213,213,213,0,0.17387755102040817,864,847,847,856,9,0.6914285714285714,864,848,839,839,0,0.6848979591836735
scidocs,task1_larger,50,c2e57b2871fdfd06566820c5329815ac06f66197,50,1225,538,52,52,52,52,0,0.04244897959183674,549,534,534,545,11,0.4359183673469388,549,535,524,524,0,0.42775510204081635
scidocs,task1_larger,50,59e2037f5079794cb9128c7f0900a568ced14c2a,50,1225,795,213,213,213,213,0,0.17387755102040817,854,788,788,847,59,0.643265306122449,854,790,731,731,0,0.5967346938775511
scidocs,task1_larger,50,3f95e155b1c40911149fe994197a502ef44ebbbe,50,1225,1014,332,332,332,332,0,0.2710204081632653,1052,1005,1005,1041,36,0.8204081632653061,1052,1011,975,975,0,0.7959183673469388
scidocs,task1_larger,50,0674058618d04def58c79a0b28174301ef591433,50,1225,882,208,208,208,208,0,0.16979591836734695,934,875,875,925,50,0.7142857142857143,934,878,827,827,0,0.6751020408163265
scidocs,task1_larger,50,23a7c8d9f142184d28e56b0751e172fef6539275,50,1225,1034,222,222,222,222,0,0.18122448979591838,1081,1014,1014,1056,42,0.8277551020408164,1081,1019,976,976,0,0.796734693877551
scidocs,task1_larger,50,ee6b940d3ae36f9b124586b15a49cec45f24b90a,50,1225,940,276,276,276,276,0,0.2253061224489796,1004,927,927,990,63,0.756734693877551,1004,929,866,866,0,0.7069387755102041
scidocs,task1_larger,50,2bd338ef8751b62d23e53fbb44d67042d634da2f,50,1225,724,92,92,92,92,0,0.07510204081632653,803,720,720,799,79,0.5877551020408164,803,721,642,642,0,0.5240816326530612
scidocs,task1_larger,50,ddbb6e0913ac127004be73e2d4097513a8f02d37,50,1225,894,313,313,313,313,0,0.25551020408163266,907,878,878,890,12,0.7167346938775511,907,883,871,871,0,0.7110204081632653
scidocs,task1_larger,50,d6b56cc6e05300426b6194dd3f6a38720678827e,50,1225,905,275,275,275,275,0,0.22448979591836735,923,886,886,903,17,0.723265306122449,923,890,873,873,0,0.7126530612244898
scidocs,task1_larger,50,df39e24c3cc21dc4c79995ec2b424a37dac999c7,50,1225,977,127,127,127,127,0,0.1036734693877551,1015,956,956,991,35,0.7804081632653062,1015,959,924,924,0,0.7542857142857143
scidocs,task1_larger,50,74bd4761b373447079c6e5cd31832c00fab2fa77,50,1225,667,120,120,120,120,0,0.09795918367346938,673,660,660,666,6,0.5387755102040817,673,661,655,655,0,0.5346938775510204
scidocs,task1_larger,50,ddbf21ca1de9617894b15d45787a27557f02a494,50,1225,751,178,178,178,178,0,0.14530612244897959,774,740,740,763,23,0.6040816326530613,774,743,720,720,0,0.5877551020408164
scidocs,task1_larger,50,f754cab548f2c209ea7d932084ef768b92b27614,50,1225,650,122,122,122,122,0,0.09959183673469388,669,639,639,656,17,0.5216326530612245,669,641,623,623,0,0.5085714285714286
scidocs,task1_larger,50,373f76633cc1f6c7a421e31c989842021a52fca4,50,1225,804,77,77,77,77,0,0.06285714285714286,849,800,800,845,45,0.6530612244897959,849,801,756,756,0,0.6171428571428571
scidocs,task1_larger,50,01d208b33561362f7714f714d3bc4a1f7aa1637c,50,1225,748,160,160,160,160,0,0.1306122448979592,774,738,738,764,26,0.6024489795918367,774,738,712,712,0,0.5812244897959183
scidocs,task1_larger,50,f365ce3e68cb3795887e93baf5fed5d783b3904e,50,1225,442,23,23,23,23,0,0.018775510204081632,442,437,437,437,0,0.356734693877551,442,437,437,437,0,0.356734693877551
scidocs,task1_larger,50,28e0707528f78fecb26fe7f003d94f6a5de32b98,50,1225,708,188,188,188,188,0,0.15346938775510205,734,705,705,731,26,0.5755102040816327,734,706,680,680,0,0.5551020408163265
scidocs,task1_larger,50,fa8042d025895e22af2d9df3ffb9f67438610fcc,50,1225,851,195,195,195,195,0,0.15918367346938775,911,847,847,906,59,0.6914285714285714,911,847,788,788,0,0.643265306122449
scidocs,task1_larger,50,ae2b67d03512dd0f13a68636d1d7f83cc889318a,50,1225,853,247,247,247,247,0,0.2016326530612245,884,838,838,869,31,0.6840816326530612,884,848,817,817,0,0.6669387755102041
scidocs,task1_larger,50,b8397b4418bb1d576210d9a39d44725d6ffb2a44,50,1225,854,124,124,124,124,0,0.10122448979591837,905,844,844,894,50,0.6889795918367347,905,847,797,797,0,0.6506122448979592
scidocs,task1_larger,50,ebf4ef0701e6f6c2050e5bed0be54fd4d8a1d991,50,1225,455,61,61,61,61,0,0.04979591836734694,464,449,449,457,8,0.36653061224489797,464,453,445,445,0,0.363265306122449
scidocs,task1_larger,50,af441a4f1b754ad9b3a4401e8361ad9b66786778,50,1225,1034,334,334,334,334,0,0.2726530612244898,1071,1018,1018,1053,35,0.8310204081632653,1071,1022,985,985,0,0.8040816326530612
scidocs,task1_larger,50,8bb3a478db8951f42198a885d7245d58036ba55c,50,1225,899,238,238,238,238,0,0.19428571428571428,962,896,896,958,62,0.7314285714285714,962,897,835,835,0,0.6816326530612244
scidocs,task1_larger,50,9e76a700f03ef476b964b27e23c071163e44c232,50,1225,1002,439,439,439,439,0,0.35836734693877553,1040,998,998,1036,38,0.8146938775510204,1040,1000,962,962,0,0.7853061224489796
scidocs,task1_larger,50,43da9037d50745002195abb864243ecc75d4b040,50,1225,999,236,236,236,236,0,0.1926530612244898,1065,992,992,1057,65,0.809795918367347,1065,996,931,931,0,0.76
scidocs,task1_larger,50,b21951a276dd940e052676b06e193f65fdc297f9,50,1225,821,129,129,129,129,0,0.10530612244897959,872,812,812,858,46,0.6628571428571428,872,815,766,766,0,0.6253061224489795
scidocs,task1_larger,50,b9d502d98e3bb19f8179a4363e3f28c6b6def7a8,50,1225,1072,134,134,134,134,0,0.10938775510204081,1093,1063,1063,1083,20,0.8677551020408163,1093,1065,1045,1045,0,0.8530612244897959
scidocs,task1_larger,50,399acab2bee6eccbfffe4a2ce688b6b1075e9c5e,50,1225,581,82,82,82,82,0,0.06693877551020408,584,571,571,574,3,0.4661224489795918,584,573,570,570,0,0.46530612244897956
scidocs,task1_larger,50,4649e3279edf653135f1f31da3e242ba451a93de,50,1225,894,175,175,175,175,0,0.14285714285714285,942,890,890,937,47,0.726530612244898,942,890,843,843,0,0.6881632653061225
scidocs,task1_larger,50,4ab6e67519411dbdb69c6111a3b8d5f334ebb579,50,1225,1034,362,362,362,362,0,0.29551020408163264,1125,1027,1027,1117,90,0.8383673469387755,1125,1030,939,939,0,0.7665306122448979
scidocs,task1_larger,50,924544f503070bb390cc51e4bac9cbb3171aa03f,50,1225,831,277,277,277,277,0,0.22612244897959183,861,828,828,858,30,0.6759183673469388,861,828,798,798,0,0.6514285714285715
scidocs,task1_larger,50,d2e6250e95af09fefbe638f1580420476a2ecaee,50,1225,569,7,7,7,7,0,0.005714285714285714,585,566,566,582,16,0.4620408163265306,585,567,551,551,0,0.44979591836734695
scidocs,task1_larger,50,79e13ff4a21f13d3839422568274ea84a9fe42b5,50,1225,847,228,228,228,228,0,0.18612244897959185,866,837,837,856,19,0.683265306122449,866,838,819,819,0,0.6685714285714286
fiqa,canonical,20,0,20,190,166,27,27,27,27,0,0.14210526315789473,181,166,166,181,15,0.8736842105263158,181,166,151,151,0,0.7947368421052632
fiqa,canonical,20,4,20,190,188,59,59,59,59,0,0.3105263157894737,218,186,186,216,30,0.9789473684210527,218,188,158,158,0,0.8315789473684211
fiqa,canonical,20,5,20,190,179,46,46,46,46,0,0.24210526315789474,209,179,179,209,30,0.9421052631578948,209,179,149,149,0,0.7842105263157895
fiqa,canonical,20,6,20,190,189,45,45,45,45,0,0.23684210526315788,202,189,189,202,13,0.9947368421052631,202,189,176,176,0,0.9263157894736842
fiqa,canonical,20,7,20,190,168,25,25,25,25,0,0.13157894736842105,180,167,167,177,10,0.8789473684210526,180,168,156,156,0,0.8210526315789474
fiqa,canonical,20,9,20,190,189,81,81,81,81,0,0.4263157894736842,214,188,188,213,25,0.9894736842105263,214,189,164,164,0,0.8631578947368421
fiqa,canonical,20,11,20,190,187,85,85,85,85,0,0.4473684210526316,192,184,184,189,5,0.968421052631579,192,187,182,182,0,0.9578947368421052
fiqa,canonical,20,12,20,190,160,16,16,16,16,0,0.08421052631578947,191,160,160,191,31,0.8421052631578947,191,160,129,129,0,0.6789473684210526
fiqa,canonical,20,13,20,190,179,48,48,48,48,0,0.25263157894736843,207,176,176,204,28,0.9263157894736842,207,179,151,151,0,0.7947368421052632
fiqa,canonical,20,14,20,190,189,50,50,50,50,0,0.2631578947368421,203,182,182,195,13,0.9578947368421052,203,189,175,175,0,0.9210526315789473
fiqa,canonical,20,16,20,190,154,33,33,33,33,0,0.1736842105263158,172,154,154,170,16,0.8105263157894737,172,154,136,136,0,0.7157894736842105
fiqa,canonical,20,19,20,190,164,26,26,26,26,0,0.1368421052631579,166,161,161,163,2,0.8473684210526315,166,164,162,162,0,0.8526315789473684
fiqa,canonical,20,20,20,190,179,58,58,58,58,0,0.30526315789473685,228,179,179,228,49,0.9421052631578948,228,179,130,130,0,0.6842105263157895
fiqa,canonical,20,21,20,190,168,20,20,20,20,0,0.10526315789473684,201,166,166,198,32,0.8736842105263158,201,168,135,135,0,0.7105263157894737
fiqa,canonical,20,23,20,190,177,54,54,54,54,0,0.28421052631578947,189,176,176,188,12,0.9263157894736842,189,177,165,165,0,0.868421052631579
fiqa,canonical,20,25,20,190,188,85,85,85,85,0,0.4473684210526316,223,186,186,220,34,0.9789473684210527,223,188,153,153,0,0.8052631578947368
fiqa,canonical,20,27,20,190,159,24,24,24,24,0,0.12631578947368421,166,158,158,165,7,0.8315789473684211,166,159,152,152,0,0.8
fiqa,canonical,20,28,20,190,188,15,15,15,15,0,0.07894736842105263,217,184,184,213,29,0.968421052631579,217,188,159,159,0,0.8368421052631579
fiqa,canonical,20,30,20,190,189,53,53,53,53,0,0.2789473684210526,208,189,189,208,19,0.9947368421052631,208,189,170,170,0,0.8947368421052632
fiqa,canonical,20,31,20,190,185,46,46,46,46,0,0.24210526315789474,187,184,184,186,2,0.968421052631579,187,185,183,183,0,0.9631578947368421
fiqa,canonical,20,32,20,190,164,62,62,62,62,0,0.3263157894736842,174,163,163,173,10,0.8578947368421053,174,164,154,154,0,0.8105263157894737
fiqa,canonical,20,33,20,190,166,54,54,54,54,0,0.28421052631578947,181,163,163,178,15,0.8578947368421053,181,166,151,151,0,0.7947368421052632
fiqa,canonical,20,35,20,190,187,25,25,25,25,0,0.13157894736842105,214,183,183,209,26,0.9631578947368421,214,187,160,160,0,0.8421052631578947
fiqa,canonical,20,36,20,190,173,10,10,10,10,0,0.05263157894736842,207,172,172,206,34,0.9052631578947369,207,173,139,139,0,0.7315789473684211
fiqa,canonical,20,37,20,190,174,45,45,45,45,0,0.23684210526315788,177,174,174,177,3,0.9157894736842105,177,174,171,171,0,0.9
fiqa,canonical,20,41,20,190,174,30,30,30,30,0,0.15789473684210525,197,174,174,196,22,0.9157894736842105,197,174,151,151,0,0.7947368421052632
fiqa,canonical,20,43,20,190,149,10,10,10,10,0,0.05263157894736842,168,148,148,167,19,0.7789473684210526,168,149,130,130,0,0.6842105263157895
fiqa,canonical,20,45,20,190,185,84,84,84,84,0,0.4421052631578947,195,181,181,191,10,0.9526315789473684,195,185,175,175,0,0.9210526315789473
fiqa,canonical,20,46,20,190,185,32,32,32,32,0,0.16842105263157894,188,184,184,187,3,0.968421052631579,188,185,182,182,0,0.9578947368421052
fiqa,canonical,20,47,20,190,177,42,42,42,42,0,0.22105263157894736,203,177,177,203,26,0.9315789473684211,203,177,151,151,0,0.7947368421052632
fiqa,canonical,20,48,20,190,181,63,63,63,63,0,0.33157894736842103,192,176,176,187,11,0.9263157894736842,192,181,170,170,0,0.8947368421052632
fiqa,canonical,20,49,20,190,187,65,65,65,65,0,0.34210526315789475,223,185,185,219,34,0.9736842105263158,223,187,151,151,0,0.7947368421052632
fiqa,canonical,20,51,20,190,173,20,20,20,20,0,0.10526315789473684,185,171,171,183,12,0.9,185,173,161,161,0,0.8473684210526315
fiqa,canonical,20,52,20,190,188,31,31,31,31,0,0.1631578947368421,191,184,184,187,3,0.968421052631579,191,188,185,185,0,0.9736842105263158
fiqa,canonical,20,53,20,190,158,29,29,29,29,0,0.15263157894736842,176,156,156,174,18,0.8210526315789474,176,158,140,140,0,0.7368421052631579
fiqa,canonical,20,54,20,190,188,22,22,22,22,0,0.11578947368421053,213,188,188,213,25,0.9894736842105263,213,188,163,163,0,0.8578947368421053
fiqa,canonical,20,57,20,190,185,29,29,29,29,0,0.15263157894736842,185,177,177,177,0,0.9315789473684211,185,185,185,185,0,0.9736842105263158
fiqa,canonical,20,59,20,190,190,47,47,47,47,0,0.24736842105263157,193,189,189,192,3,0.9947368421052631,193,190,187,187,0,0.9842105263157894
fiqa,canonical,20,61,20,190,174,68,68,68,68,0,0.35789473684210527,186,173,173,185,12,0.9105263157894737,186,174,162,162,0,0.8526315789473684
fiqa,canonical,20,62,20,190,187,30,30,30,30,0,0.15789473684210525,211,185,185,209,24,0.9736842105263158,211,187,163,163,0,0.8578947368421053
fiqa,canonical,20,63,20,190,185,67,67,67,67,0,0.3526315789473684,233,185,185,231,46,0.9736842105263158,233,185,137,137,0,0.7210526315789474
fiqa,canonical,20,64,20,190,185,32,32,32,32,0,0.16842105263157894,213,182,182,209,27,0.9578947368421052,213,185,157,157,0,0.8263157894736842
fiqa,canonical,20,65,20,190,189,50,50,50,50,0,0.2631578947368421,233,189,189,233,44,0.9947368421052631,233,189,145,145,0,0.7631578947368421
fiqa,canonical,20,66,20,190,186,60,60,60,60,0,0.3157894736842105,197,185,185,195,10,0.9736842105263158,197,186,175,175,0,0.9210526315789473
fiqa,canonical,20,67,20,190,185,42,42,42,42,0,0.22105263157894736,195,182,182,192,10,0.9578947368421052,195,185,175,175,0,0.9210526315789473
fiqa,canonical,20,69,20,190,172,42,42,42,42,0,0.22105263157894736,197,171,171,196,25,0.9,197,172,147,147,0,0.7736842105263158
fiqa,canonical,20,70,20,190,172,33,33,33,33,0,0.1736842105263158,198,169,169,192,23,0.8894736842105263,198,172,146,146,0,0.7684210526315789
fiqa,canonical,20,71,20,190,172,34,34,34,34,0,0.17894736842105263,185,170,170,183,13,0.8947368421052632,185,172,159,159,0,0.8368421052631579
fiqa,canonical,20,72,20,190,183,28,28,28,28,0,0.14736842105263157,197,181,181,195,14,0.9526315789473684,197,183,169,169,0,0.8894736842105263
fiqa,canonical,20,74,20,190,168,67,67,67,67,0,0.3526315789473684,211,168,168,208,40,0.8842105263157894,211,168,125,125,0,0.6578947368421053
fiqa,canonical,20,75,20,190,189,69,69,69,69,0,0.3631578947368421,211,189,189,211,22,0.9947368421052631,211,189,167,167,0,0.8789473684210526
fiqa,canonical,20,76,20,190,184,37,37,37,37,0,0.19473684210526315,208,182,182,206,24,0.9578947368421052,208,184,160,160,0,0.8421052631578947
fiqa,canonical,20,78,20,190,170,38,38,38,38,0,0.2,189,168,168,187,19,0.8842105263157894,189,170,151,151,0,0.7947368421052632
fiqa,canonical,20,80,20,190,163,25,25,25,25,0,0.13157894736842105,188,163,163,188,25,0.8578947368421053,188,163,138,138,0,0.7263157894736842
fiqa,canonical,20,81,20,190,178,38,38,38,38,0,0.2,195,176,176,193,17,0.9263157894736842,195,178,161,161,0,0.8473684210526315
fiqa,canonical,20,82,20,190,185,27,27,27,27,0,0.14210526315789473,198,184,184,197,13,0.968421052631579,198,185,172,172,0,0.9052631578947369
fiqa,canonical,20,83,20,190,183,60,60,60,60,0,0.3157894736842105,210,180,180,205,25,0.9473684210526315,210,183,156,156,0,0.8210526315789474
fiqa,canonical,20,85,20,190,189,55,55,55,55,0,0.2894736842105263,216,186,186,213,27,0.9789473684210527,216,189,162,162,0,0.8526315789473684
fiqa,canonical,20,86,20,190,189,64,64,64,64,0,0.3368421052631579,211,185,185,207,22,0.9736842105263158,211,189,167,167,0,0.8789473684210526
fiqa,canonical,20,87,20,190,175,37,37,37,37,0,0.19473684210526315,222,175,175,221,46,0.9210526315789473,222,175,128,128,0,0.6736842105263158
fiqa,canonical,20,88,20,190,177,41,41,41,41,0,0.21578947368421053,188,177,177,188,11,0.9315789473684211,188,177,166,166,0,0.8736842105263158
fiqa,canonical,20,91,20,190,184,59,59,59,59,0,0.3105263157894737,215,182,182,212,30,0.9578947368421052,215,184,153,153,0,0.8052631578947368
fiqa,canonical,20,92,20,190,165,24,24,24,24,0,0.12631578947368421,189,162,162,186,24,0.8526315789473684,189,165,141,141,0,0.7421052631578947
fiqa,canonical,20,93,20,190,180,74,74,74,74,0,0.3894736842105263,197,178,178,195,17,0.9368421052631579,197,180,163,163,0,0.8578947368421053
fiqa,canonical,20,95,20,190,189,54,54,54,54,0,0.28421052631578947,194,189,189,194,5,0.9947368421052631,194,189,184,184,0,0.968421052631579
fiqa,canonical,20,96,20,190,178,27,27,27,27,0,0.14210526315789473,220,176,176,218,42,0.9263157894736842,220,178,136,136,0,0.7157894736842105
fiqa,canonical,20,97,20,190,189,53,53,53,53,0,0.2789473684210526,211,187,187,209,22,0.9842105263157894,211,189,167,167,0,0.8789473684210526
fiqa,canonical,20,99,20,190,190,65,65,65,65,0,0.34210526315789475,208,186,186,203,17,0.9789473684210527,208,190,172,172,0,0.9052631578947369
fiqa,canonical,20,102,20,190,178,36,36,36,36,0,0.18947368421052632,180,169,169,171,2,0.8894736842105263,180,178,176,176,0,0.9263157894736842
fiqa,canonical,20,105,20,190,186,39,39,39,39,0,0.20526315789473684,190,184,184,188,4,0.968421052631579,190,186,182,182,0,0.9578947368421052
fiqa,canonical,20,107,20,190,174,46,46,46,46,0,0.24210526315789474,210,174,174,210,36,0.9157894736842105,210,174,138,138,0,0.7263157894736842
fiqa,canonical,20,108,20,190,179,44,44,44,44,0,0.23157894736842105,204,178,178,203,25,0.9368421052631579,204,179,154,154,0,0.8105263157894737
fiqa,canonical,20,110,20,190,176,43,43,43,43,0,0.22631578947368422,184,175,175,182,7,0.9210526315789473,184,176,168,168,0,0.8842105263157894
fiqa,canonical,20,111,20,190,181,31,31,31,31,0,0.1631578947368421,194,179,179,192,13,0.9421052631578948,194,181,168,168,0,0.8842105263157894
fiqa,canonical,20,112,20,190,169,29,29,29,29,0,0.15263157894736842,177,165,165,173,8,0.868421052631579,177,169,161,161,0,0.8473684210526315
fiqa,canonical,20,439,20,190,155,24,24,24,24,0,0.12631578947368421,162,152,152,159,7,0.8,162,155,148,148,0,0.7789473684210526
fiqa,canonical,20,442,20,190,188,70,70,70,70,0,0.3684210526315789,204,187,187,203,16,0.9842105263157894,204,188,172,172,0,0.9052631578947369
fiqa,canonical,20,443,20,190,177,69,69,69,69,0,0.3631578947368421,193,176,176,191,15,0.9263157894736842,193,177,161,161,0,0.8473684210526315
fiqa,canonical,20,444,20,190,182,62,62,62,62,0,0.3263157894736842,193,180,180,190,10,0.9473684210526315,193,182,171,171,0,0.9
fiqa,canonical,20,445,20,190,186,91,91,91,91,0,0.4789473684210526,196,183,183,192,9,0.9631578947368421,196,186,176,176,0,0.9263157894736842
fiqa,canonical,20,446,20,190,176,43,43,43,43,0,0.22631578947368422,196,175,175,195,20,0.9210526315789473,196,176,156,156,0,0.8210526315789474
fiqa,canonical,20,447,20,190,187,116,116,116,116,0,0.6105263157894737,220,185,185,216,31,0.9736842105263158,220,187,154,154,0,0.8105263157894737
fiqa,canonical,20,448,20,190,168,37,37,37,37,0,0.19473684210526315,196,165,165,193,28,0.868421052631579,196,168,140,140,0,0.7368421052631579
fiqa,canonical,20,449,20,190,187,39,39,39,39,0,0.20526315789473684,215,187,187,215,28,0.9842105263157894,215,187,159,159,0,0.8368421052631579
fiqa,canonical,20,450,20,190,168,56,56,56,56,0,0.29473684210526313,194,167,167,191,24,0.8789473684210526,194,168,142,142,0,0.7473684210526316
fiqa,canonical,20,452,20,190,163,52,52,52,52,0,0.2736842105263158,179,163,163,179,16,0.8578947368421053,179,163,147,147,0,0.7736842105263158
fiqa,canonical,20,453,20,190,174,33,33,33,33,0,0.1736842105263158,181,173,173,180,7,0.9105263157894737,181,174,167,167,0,0.8789473684210526
fiqa,canonical,20,454,20,190,126,32,32,32,32,0,0.16842105263157894,134,124,124,132,8,0.6526315789473685,134,126,118,118,0,0.6210526315789474
fiqa,canonical,20,456,20,190,173,35,35,35,35,0,0.18421052631578946,174,165,165,166,1,0.868421052631579,174,173,172,172,0,0.9052631578947369
fiqa,canonical,20,457,20,190,179,70,70,70,70,0,0.3684210526315789,195,176,176,192,16,0.9263157894736842,195,179,163,163,0,0.8578947368421053
fiqa,canonical,20,458,20,190,174,75,75,75,75,0,0.39473684210526316,200,173,173,197,24,0.9105263157894737,200,174,148,148,0,0.7789473684210526
fiqa,canonical,20,460,20,190,189,75,75,75,75,0,0.39473684210526316,209,188,188,208,20,0.9894736842105263,209,189,169,169,0,0.8894736842105263
fiqa,canonical,20,461,20,190,175,29,29,29,29,0,0.15263157894736842,206,170,170,201,31,0.8947368421052632,206,175,144,144,0,0.7578947368421053
fiqa,canonical,20,462,20,190,164,23,23,23,23,0,0.12105263157894737,183,161,161,180,19,0.8473684210526315,183,164,145,145,0,0.7631578947368421
fiqa,canonical,20,464,20,190,166,45,45,45,45,0,0.23684210526315788,174,161,161,169,8,0.8473684210526315,174,166,158,158,0,0.8315789473684211
fiqa,canonical,20,465,20,190,186,37,37,37,37,0,0.19473684210526315,201,181,181,195,14,0.9526315789473684,201,186,171,171,0,0.9
fiqa,canonical,20,466,20,190,190,46,46,46,46,0,0.24210526315789474,229,190,190,229,39,1.0,229,190,151,151,0,0.7947368421052632
fiqa,canonical,20,467,20,190,158,42,42,42,42,0,0.22105263157894736,174,156,156,172,16,0.8210526315789474,174,158,142,142,0,0.7473684210526316
fiqa,canonical,20,468,20,190,176,36,36,36,36,0,0.18947368421052632,187,175,175,185,10,0.9210526315789473,187,176,165,165,0,0.868421052631579
fiqa,canonical,20,470,20,190,188,47,47,47,47,0,0.24736842105263157,203,187,187,202,15,0.9842105263157894,203,188,173,173,0,0.9105263157894737
fiqa,canonical,20,471,20,190,187,23,23,23,23,0,0.12105263157894737,210,184,184,207,23,0.968421052631579,210,187,164,164,0,0.8631578947368421
fiqa,canonical,20,472,20,190,177,61,61,61,61,0,0.32105263157894737,190,172,172,185,13,0.9052631578947369,190,177,164,164,0,0.8631578947368421
fiqa,canonical,20,473,20,190,170,41,41,41,41,0,0.21578947368421053,172,165,165,167,2,0.868421052631579,172,170,168,168,0,0.8842105263157894
fiqa,canonical,20,474,20,190,188,35,35,35,35,0,0.18421052631578946,202,187,187,200,13,0.9842105263157894,202,188,174,174,0,0.9157894736842105
fiqa,canonical,20,478,20,190,190,46,46,46,46,0,0.24210526315789474,203,189,189,202,13,0.9947368421052631,203,190,177,177,0,0.9315789473684211
fiqa,canonical,20,479,20,190,187,96,96,96,96,0,0.5052631578947369,212,185,185,210,25,0.9736842105263158,212,187,162,162,0,0.8526315789473684
fiqa,canonical,20,480,20,190,172,17,17,17,17,0,0.08947368421052632,176,169,169,173,4,0.8894736842105263,176,172,168,168,0,0.8842105263157894
fiqa,canonical,20,481,20,190,187,51,51,51,51,0,0.26842105263157895,188,182,182,183,1,0.9578947368421052,188,187,186,186,0,0.9789473684210527
fiqa,canonical,20,482,20,190,188,21,21,21,21,0,0.11052631578947368,206,188,188,206,18,0.9894736842105263,206,188,170,170,0,0.8947368421052632
fiqa,canonical,20,485,20,190,189,31,31,31,31,0,0.1631578947368421,237,189,189,237,48,0.9947368421052631,237,189,141,141,0,0.7421052631578947
fiqa,canonical,20,486,20,190,176,46,46,46,46,0,0.24210526315789474,197,171,171,192,21,0.9,197,176,155,155,0,0.8157894736842105
fiqa,canonical,20,487,20,190,134,19,19,19,19,0,0.1,141,134,134,141,7,0.7052631578947368,141,134,127,127,0,0.6684210526315789
fiqa,canonical,20,488,20,190,188,40,40,40,40,0,0.21052631578947367,207,186,186,204,18,0.9789473684210527,207,188,169,169,0,0.8894736842105263
fiqa,canonical,20,489,20,190,175,25,25,25,25,0,0.13157894736842105,198,175,175,198,23,0.9210526315789473,198,175,152,152,0,0.8
fiqa,canonical,20,490,20,190,154,24,24,24,24,0,0.12631578947368421,188,154,154,188,34,0.8105263157894737,188,154,120,120,0,0.631578947368421
fiqa,canonical,20,491,20,190,143,19,19,19,19,0,0.1,143,142,142,142,0,0.7473684210526316,143,143,143,143,0,0.7526315789473684
fiqa,canonical,20,493,20,190,188,48,48,48,48,0,0.25263157894736843,207,186,186,204,18,0.9789473684210527,207,188,169,169,0,0.8894736842105263
fiqa,canonical,20,494,20,190,186,62,62,62,62,0,0.3263157894736842,211,184,184,206,22,0.968421052631579,211,186,161,161,0,0.8473684210526315
fiqa,canonical,20,497,20,190,185,43,43,43,43,0,0.22631578947368422,208,185,185,208,23,0.9736842105263158,208,185,162,162,0,0.8526315789473684
fiqa,canonical,20,498,20,190,187,62,62,62,62,0,0.3263157894736842,214,186,186,213,27,0.9789473684210527,214,187,160,160,0,0.8421052631578947
fiqa,task1_larger,50,0,50,1225,624,69,69,69,69,0,0.0563265306122449,647,620,620,643,23,0.5061224489795918,647,620,597,597,0,0.4873469387755102
fiqa,task1_larger,50,4,50,1225,795,176,176,176,176,0,0.1436734693877551,852,782,782,839,57,0.6383673469387755,852,782,725,725,0,0.5918367346938775
fiqa,task1_larger,50,5,50,1225,501,78,78,78,78,0,0.0636734693877551,538,497,497,534,37,0.4057142857142857,538,497,460,460,0,0.37551020408163266
fiqa,task1_larger,50,6,50,1225,631,96,96,96,96,0,0.0783673469387755,670,628,628,665,37,0.5126530612244898,670,628,591,591,0,0.48244897959183675
fiqa,task1_larger,50,7,50,1225,725,58,58,58,58,0,0.0473469387755102,737,717,717,727,10,0.5853061224489796,737,717,707,707,0,0.5771428571428572
fiqa,task1_larger,50,9,50,1225,972,253,253,253,253,0,0.20653061224489797,1004,965,965,996,31,0.7877551020408163,1004,965,934,934,0,0.7624489795918368
fiqa,task1_larger,50,11,50,1225,652,165,165,165,165,0,0.1346938775510204,657,642,642,647,5,0.5240816326530612,657,642,637,637,0,0.52
fiqa,task1_larger,50,12,50,1225,585,35,35,35,35,0,0.02857142857142857,628,582,582,625,43,0.4751020408163265,628,582,539,539,0,0.44
fiqa,task1_larger,50,13,50,1225,738,108,108,108,108,0,0.08816326530612245,780,730,730,772,42,0.5959183673469388,780,730,688,688,0,0.5616326530612245
fiqa,task1_larger,50,14,50,1225,786,195,195,195,195,0,0.15918367346938775,803,776,776,792,16,0.6334693877551021,803,776,760,760,0,0.6204081632653061
fiqa,task1_larger,50,16,50,1225,609,68,68,68,68,0,0.05551020408163265,638,600,600,626,26,0.4897959183673469,638,600,574,574,0,0.4685714285714286
fiqa,task1_larger,50,19,50,1225,526,63,63,63,63,0,0.05142857142857143,530,518,518,522,4,0.4228571428571429,530,518,514,514,0,0.41959183673469386
fiqa,task1_larger,50,20,50,1225,718,129,129,129,129,0,0.10530612244897959,786,718,718,786,68,0.5861224489795919,786,718,650,650,0,0.5306122448979592
fiqa,task1_larger,50,21,50,1225,682,57,57,57,57,0,0.04653061224489796,742,675,675,731,56,0.5510204081632653,742,675,619,619,0,0.5053061224489795
fiqa,task1_larger,50,23,50,1225,593,87,87,87,87,0,0.07102040816326531,610,588,588,605,17,0.48,610,587,570,570,0,0.46530612244897956
fiqa,task1_larger,50,25,50,1225,710,205,205,205,205,0,0.1673469387755102,787,706,706,782,76,0.5763265306122449,787,706,630,630,0,0.5142857142857142
fiqa,task1_larger,50,27,50,1225,522,39,39,39,39,0,0.03183673469387755,533,519,519,529,10,0.4236734693877551,533,519,509,509,0,0.41551020408163264
fiqa,task1_larger,50,28,50,1225,588,83,83,83,83,0,0.06775510204081632,622,579,579,613,34,0.4726530612244898,622,579,545,545,0,0.4448979591836735
fiqa,task1_larger,50,30,50,1225,615,93,93,93,93,0,0.07591836734693877,641,610,610,636,26,0.49795918367346936,641,610,584,584,0,0.476734693877551
fiqa,task1_larger,50,31,50,1225,657,136,136,136,136,0,0.1110204081632653,676,646,646,663,17,0.5273469387755102,676,646,629,629,0,0.5134693877551021
fiqa,task1_larger,50,32,50,1225,682,153,153,153,153,0,0.12489795918367347,712,665,665,695,30,0.5428571428571428,712,664,634,634,0,0.5175510204081633
fiqa,task1_larger,50,33,50,1225,649,166,166,166,166,0,0.13551020408163264,679,638,638,667,29,0.5208163265306123,679,637,608,608,0,0.4963265306122449
fiqa,task1_larger,50,35,50,1225,708,90,90,90,90,0,0.07346938775510205,772,697,697,760,63,0.5689795918367347,772,697,634,634,0,0.5175510204081633
fiqa,task1_larger,50,36,50,1225,478,31,31,31,31,0,0.025306122448979593,527,478,478,526,48,0.3902040816326531,527,478,430,430,0,0.3510204081632653
fiqa,task1_larger,50,37,50,1225,618,127,127,127,127,0,0.1036734693877551,622,614,614,618,4,0.5012244897959184,622,614,610,610,0,0.49795918367346936
fiqa,task1_larger,50,41,50,1225,539,59,59,59,59,0,0.04816326530612245,567,536,536,563,27,0.43755102040816324,567,536,509,509,0,0.41551020408163264
fiqa,task1_larger,50,43,50,1225,570,42,42,42,42,0,0.03428571428571429,602,567,567,598,31,0.46285714285714286,602,567,536,536,0,0.43755102040816324
fiqa,task1_larger,50,45,50,1225,664,145,145,145,145,0,0.11836734693877551,684,641,641,660,19,0.5232653061224489,684,641,622,622,0,0.5077551020408163
fiqa,task1_larger,50,46,50,1225,516,69,69,69,69,0,0.0563265306122449,518,510,510,512,2,0.4163265306122449,518,508,506,506,0,0.41306122448979593
fiqa,task1_larger,50,47,50,1225,709,106,106,106,106,0,0.08653061224489796,756,704,704,750,46,0.5746938775510204,756,704,658,658,0,0.5371428571428571
fiqa,task1_larger,50,48,50,1225,604,110,110,110,110,0,0.08979591836734693,620,595,595,611,16,0.4857142857142857,620,595,579,579,0,0.4726530612244898
fiqa,task1_larger,50,49,50,1225,522,44,44,44,44,0,0.035918367346938776,554,521,521,552,31,0.4253061224489796,554,519,488,488,0,0.3983673469387755
fiqa,task1_larger,50,51,50,1225,668,58,58,58,58,0,0.0473469387755102,685,661,661,677,16,0.5395918367346939,685,661,645,645,0,0.5265306122448979
fiqa,task1_larger,50,52,50,1225,442,41,41,41,41,0,0.03346938775510204,443,437,437,438,1,0.356734693877551,443,437,436,436,0,0.35591836734693877
fiqa,task1_larger,50,53,50,1225,653,49,49,49,49,0,0.04,672,646,646,665,19,0.5273469387755102,672,645,626,626,0,0.5110204081632653
fiqa,task1_larger,50,54,50,1225,511,38,38,38,38,0,0.031020408163265307,544,503,503,536,33,0.41061224489795917,544,503,470,470,0,0.3836734693877551
fiqa,task1_larger,50,57,50,1225,451,71,71,71,71,0,0.05795918367346939,451,435,435,435,0,0.3551020408163265,451,435,435,435,0,0.3551020408163265
fiqa,task1_larger,50,59,50,1225,808,125,125,125,125,0,0.10204081632653061,815,801,801,808,7,0.6538775510204081,815,801,794,794,0,0.6481632653061224
fiqa,task1_larger,50,61,50,1225,663,151,151,151,151,0,0.12326530612244897,678,652,652,667,15,0.5322448979591837,678,651,636,636,0,0.5191836734693878
fiqa,task1_larger,50,62,50,1225,597,91,91,91,91,0,0.07428571428571429,621,590,590,614,24,0.4816326530612245,621,590,566,566,0,0.4620408163265306
fiqa,task1_larger,50,63,50,1225,725,152,152,152,152,0,0.12408163265306123,784,721,721,778,57,0.5885714285714285,784,721,664,664,0,0.5420408163265306
fiqa,task1_larger,50,64,50,1225,903,89,89,89,89,0,0.07265306122448979,947,891,891,933,42,0.7273469387755102,947,891,849,849,0,0.6930612244897959
fiqa,task1_larger,50,65,50,1225,737,171,171,171,171,0,0.13959183673469389,794,734,734,791,57,0.5991836734693877,794,733,676,676,0,0.5518367346938775
fiqa,task1_larger,50,66,50,1225,755,178,178,178,178,0,0.14530612244897959,778,740,740,762,22,0.6040816326530613,778,739,717,717,0,0.5853061224489796
fiqa,task1_larger,50,67,50,1225,581,110,110,110,110,0,0.08979591836734693,595,564,564,578,14,0.46040816326530615,595,564,550,550,0,0.4489795918367347
fiqa,task1_larger,50,69,50,1225,561,69,69,69,69,0,0.0563265306122449,596,555,555,590,35,0.4530612244897959,596,555,520,520,0,0.42448979591836733
fiqa,task1_larger,50,70,50,1225,587,105,105,105,105,0,0.08571428571428572,616,575,575,601,26,0.46938775510204084,616,575,549,549,0,0.44816326530612244
fiqa,task1_larger,50,71,50,1225,548,65,65,65,65,0,0.053061224489795916,568,541,541,561,20,0.4416326530612245,568,541,521,521,0,0.4253061224489796
fiqa,task1_larger,50,72,50,1225,674,62,62,62,62,0,0.05061224489795919,706,666,666,698,32,0.5436734693877551,706,666,634,634,0,0.5175510204081633
fiqa,task1_larger,50,74,50,1225,823,151,151,151,151,0,0.12326530612244897,947,809,809,929,120,0.6604081632653062,947,809,689,689,0,0.5624489795918367
fiqa,task1_larger,50,75,50,1225,736,126,126,126,126,0,0.10285714285714286,791,730,730,783,53,0.5959183673469388,791,729,676,676,0,0.5518367346938775
fiqa,task1_larger,50,76,50,1225,510,72,72,72,72,0,0.05877551020408163,552,505,505,547,42,0.4122448979591837,552,505,463,463,0,0.37795918367346937
fiqa,task1_larger,50,78,50,1225,559,100,100,100,100,0,0.08163265306122448,589,546,546,574,28,0.44571428571428573,589,546,518,518,0,0.4228571428571429
fiqa,task1_larger,50,80,50,1225,576,73,73,73,73,0,0.05959183673469388,613,569,569,605,36,0.46448979591836737,613,569,533,533,0,0.43510204081632653
fiqa,task1_larger,50,81,50,1225,670,185,185,185,185,0,0.1510204081632653,717,666,666,712,46,0.5436734693877551,717,666,620,620,0,0.5061224489795918
fiqa,task1_larger,50,82,50,1225,687,104,104,104,104,0,0.08489795918367347,713,679,679,704,25,0.5542857142857143,713,679,654,654,0,0.5338775510204081
fiqa,task1_larger,50,83,50,1225,745,137,137,137,137,0,0.11183673469387755,786,742,742,780,38,0.6057142857142858,786,742,704,704,0,0.5746938775510204
fiqa,task1_larger,50,85,50,1225,562,88,88,88,88,0,0.07183673469387755,594,553,553,585,32,0.4514285714285714,594,553,521,521,0,0.4253061224489796
fiqa,task1_larger,50,86,50,1225,829,188,188,188,188,0,0.15346938775510205,896,823,823,890,67,0.6718367346938775,896,823,756,756,0,0.6171428571428571
fiqa,task1_larger,50,87,50,1225,560,42,42,42,42,0,0.03428571428571429,593,556,556,589,33,0.45387755102040817,593,556,523,523,0,0.4269387755102041
fiqa,task1_larger,50,88,50,1225,538,102,102,102,102,0,0.08326530612244898,551,534,534,547,13,0.4359183673469388,551,534,521,521,0,0.4253061224489796
fiqa,task1_larger,50,91,50,1225,875,151,151,151,151,0,0.12326530612244897,980,871,871,975,104,0.7110204081632653,980,871,767,767,0,0.6261224489795918
fiqa,task1_larger,50,92,50,1225,547,57,57,57,57,0,0.04653061224489796,587,544,544,583,39,0.4440816326530612,587,544,505,505,0,0.4122448979591837
fiqa,task1_larger,50,93,50,1225,667,168,168,168,168,0,0.13714285714285715,687,658,658,678,20,0.5371428571428571,687,658,638,638,0,0.5208163265306123
fiqa,task1_larger,50,95,50,1225,548,122,122,122,122,0,0.09959183673469388,553,546,546,551,5,0.44571428571428573,553,546,541,541,0,0.4416326530612245
fiqa,task1_larger,50,96,50,1225,589,63,63,63,63,0,0.05142857142857143,667,583,583,661,78,0.47591836734693876,667,582,504,504,0,0.4114285714285714
fiqa,task1_larger,50,97,50,1225,987,230,230,230,230,0,0.18775510204081633,1022,975,975,1010,35,0.7959183673469388,1022,975,940,940,0,0.7673469387755102
fiqa,task1_larger,50,99,50,1225,684,159,159,159,159,0,0.12979591836734694,717,665,665,698,33,0.5428571428571428,717,663,630,630,0,0.5142857142857142
fiqa,task1_larger,50,102,50,1225,506,63,63,63,63,0,0.05142857142857143,516,479,479,488,9,0.39102040816326533,516,479,470,470,0,0.3836734693877551
fiqa,task1_larger,50,105,50,1225,419,55,55,55,55,0,0.044897959183673466,424,417,417,421,4,0.3404081632653061,424,416,412,412,0,0.3363265306122449
fiqa,task1_larger,50,107,50,1225,760,111,111,111,111,0,0.09061224489795919,822,756,756,818,62,0.6171428571428571,822,756,694,694,0,0.566530612244898
fiqa,task1_larger,50,108,50,1225,655,111,111,111,111,0,0.09061224489795919,703,650,650,697,47,0.5306122448979592,703,650,603,603,0,0.4922448979591837
fiqa,task1_larger,50,110,50,1225,590,86,86,86,86,0,0.07020408163265306,600,587,587,596,9,0.4791836734693877,600,587,578,578,0,0.47183673469387755
fiqa,task1_larger,50,111,50,1225,785,132,132,132,132,0,0.10775510204081633,832,776,776,823,47,0.6334693877551021,832,776,729,729,0,0.5951020408163266
fiqa,task1_larger,50,112,50,1225,500,59,59,59,59,0,0.04816326530612245,520,490,490,510,20,0.4,520,488,468,468,0,0.3820408163265306
fiqa,task1_larger,50,439,50,1225,540,59,59,59,59,0,0.04816326530612245,552,532,532,544,12,0.4342857142857143,552,532,520,520,0,0.42448979591836733
fiqa,task1_larger,50,442,50,1225,881,176,176,176,176,0,0.1436734693877551,909,875,875,902,27,0.7142857142857143,909,875,848,848,0,0.6922448979591836
fiqa,task1_larger,50,443,50,1225,835,211,211,211,211,0,0.17224489795918368,860,826,826,850,24,0.6742857142857143,860,826,802,802,0,0.6546938775510204
fiqa,task1_larger,50,444,50,1225,563,137,137,137,137,0,0.11183673469387755,574,558,558,568,10,0.4555102040816327,574,558,548,548,0,0.4473469387755102
fiqa,task1_larger,50,445,50,1225,855,182,182,182,182,0,0.14857142857142858,874,845,845,862,17,0.689795918367347,874,845,828,828,0,0.6759183673469388
fiqa,task1_larger,50,446,50,1225,684,138,138,138,138,0,0.1126530612244898,705,681,681,702,21,0.5559183673469388,705,681,660,660,0,0.5387755102040817
fiqa,task1_larger,50,447,50,1225,1159,438,438,438,438,0,0.3575510204081633,1210,1148,1148,1196,48,0.9371428571428572,1210,1147,1099,1099,0,0.8971428571428571
fiqa,task1_larger,50,448,50,1225,602,131,131,131,131,0,0.10693877551020409,636,595,595,628,33,0.4857142857142857,636,595,562,562,0,0.45877551020408164
fiqa,task1_larger,50,449,50,1225,874,60,60,60,60,0,0.04897959183673469,908,869,869,903,34,0.7093877551020408,908,869,835,835,0,0.6816326530612244
fiqa,task1_larger,50,450,50,1225,831,117,117,117,117,0,0.09551020408163265,878,824,824,867,43,0.6726530612244898,878,824,781,781,0,0.6375510204081632
fiqa,task1_larger,50,452,50,1225,609,190,190,190,190,0,0.15510204081632653,644,605,605,639,34,0.49387755102040815,644,604,570,570,0,0.46530612244897956
fiqa,task1_larger,50,453,50,1225,512,70,70,70,70,0,0.05714285714285714,518,508,508,514,6,0.4146938775510204,518,507,501,501,0,0.4089795918367347
fiqa,task1_larger,50,454,50,1225,527,65,65,65,65,0,0.053061224489795916,538,517,517,528,11,0.4220408163265306,538,516,505,505,0,0.4122448979591837
fiqa,task1_larger,50,456,50,1225,715,72,72,72,72,0,0.05877551020408163,738,679,679,702,23,0.5542857142857143,738,677,654,654,0,0.5338775510204081
fiqa,task1_larger,50,457,50,1225,819,146,146,146,146,0,0.11918367346938775,849,804,804,834,30,0.6563265306122449,849,804,774,774,0,0.6318367346938776
fiqa,task1_larger,50,458,50,1225,653,158,158,158,158,0,0.12897959183673469,692,644,644,681,37,0.5257142857142857,692,644,607,607,0,0.49551020408163265
fiqa,task1_larger,50,460,50,1225,728,244,244,244,244,0,0.19918367346938776,749,725,725,746,21,0.5918367346938775,749,724,703,703,0,0.5738775510204082
fiqa,task1_larger,50,461,50,1225,550,33,33,33,33,0,0.026938775510204082,582,541,541,572,31,0.4416326530612245,582,541,510,510,0,0.4163265306122449
fiqa,task1_larger,50,462,50,1225,464,52,52,52,52,0,0.04244897959183674,486,460,460,482,22,0.37551020408163266,486,460,438,438,0,0.3575510204081633
fiqa,task1_larger,50,464,50,1225,684,94,94,94,94,0,0.07673469387755102,690,668,668,673,5,0.5453061224489796,690,668,663,663,0,0.5412244897959184
fiqa,task1_larger,50,465,50,1225,512,53,53,53,53,0,0.04326530612244898,532,503,503,521,18,0.41061224489795917,532,503,485,485,0,0.39591836734693875
fiqa,task1_larger,50,466,50,1225,455,0,0,0,0,0,0.0,455,454,454,454,0,0.3706122448979592,455,454,454,454,0,0.3706122448979592
fiqa,task1_larger,50,467,50,1225,418,70,70,70,70,0,0.05714285714285714,436,415,415,433,18,0.33877551020408164,436,415,397,397,0,0.3240816326530612
fiqa,task1_larger,50,468,50,1225,546,55,55,55,55,0,0.044897959183673466,558,541,541,552,11,0.4416326530612245,558,540,529,529,0,0.43183673469387757
fiqa,task1_larger,50,470,50,1225,494,51,51,51,51,0,0.04163265306122449,506,490,490,502,12,0.4,506,490,478,478,0,0.3902040816326531
fiqa,task1_larger,50,471,50,1225,648,90,90,90,90,0,0.07346938775510205,687,642,642,681,39,0.5240816326530612,687,642,603,603,0,0.4922448979591837
fiqa,task1_larger,50,472,50,1225,481,110,110,110,110,0,0.08979591836734693,499,473,473,491,18,0.38612244897959186,499,472,454,454,0,0.3706122448979592
fiqa,task1_larger,50,473,50,1225,521,57,57,57,57,0,0.04653061224489796,521,507,507,507,0,0.4138775510204082,521,507,507,507,0,0.4138775510204082
fiqa,task1_larger,50,474,50,1225,680,97,97,97,97,0,0.07918367346938776,712,672,672,703,31,0.5485714285714286,712,672,641,641,0,0.5232653061224489
fiqa,task1_larger,50,478,50,1225,547,86,86,86,86,0,0.07020408163265306,560,541,541,554,13,0.4416326530612245,560,541,528,528,0,0.4310204081632653
fiqa,task1_larger,50,479,50,1225,820,229,229,229,229,0,0.18693877551020407,844,807,807,831,24,0.6587755102040816,844,805,781,781,0,0.6375510204081632
fiqa,task1_larger,50,480,50,1225,493,37,37,37,37,0,0.030204081632653063,498,491,491,496,5,0.4008163265306122,498,491,486,486,0,0.396734693877551
fiqa,task1_larger,50,481,50,1225,1051,243,243,243,243,0,0.1983673469387755,1052,1041,1041,1042,1,0.8497959183673469,1052,1039,1038,1038,0,0.8473469387755102
fiqa,task1_larger,50,482,50,1225,613,68,68,68,68,0,0.05551020408163265,635,604,604,626,22,0.4930612244897959,635,604,582,582,0,0.4751020408163265
fiqa,task1_larger,50,485,50,1225,622,109,109,109,109,0,0.08897959183673469,696,622,622,696,74,0.5077551020408163,696,622,548,548,0,0.4473469387755102
fiqa,task1_larger,50,486,50,1225,528,86,86,86,86,0,0.07020408163265306,566,510,510,548,38,0.4163265306122449,566,510,472,472,0,0.3853061224489796
fiqa,task1_larger,50,487,50,1225,545,43,43,43,43,0,0.03510204081632653,555,543,543,553,10,0.44326530612244897,555,543,533,533,0,0.43510204081632653
fiqa,task1_larger,50,488,50,1225,993,361,361,361,361,0,0.2946938775510204,1035,987,987,1025,38,0.8057142857142857,1035,987,949,949,0,0.7746938775510204
fiqa,task1_larger,50,489,50,1225,482,22,22,22,22,0,0.017959183673469388,503,480,480,501,21,0.39183673469387753,503,480,459,459,0,0.3746938775510204
fiqa,task1_larger,50,490,50,1225,753,71,71,71,71,0,0.05795918367346939,804,750,750,800,50,0.6122448979591837,804,750,700,700,0,0.5714285714285714
fiqa,task1_larger,50,491,50,1225,414,30,30,30,30,0,0.024489795918367346,414,411,411,411,0,0.3355102040816327,414,411,411,411,0,0.3355102040816327
fiqa,task1_larger,50,493,50,1225,586,117,117,117,117,0,0.09551020408163265,611,577,577,599,22,0.4710204081632653,611,577,555,555,0,0.4530612244897959
fiqa,task1_larger,50,494,50,1225,676,143,143,143,143,0,0.11673469387755102,704,670,670,694,24,0.5469387755102041,704,670,646,646,0,0.5273469387755102
fiqa,task1_larger,50,497,50,1225,842,134,134,134,134,0,0.10938775510204081,899,832,832,888,56,0.6791836734693878,899,831,775,775,0,0.6326530612244898
fiqa,task1_larger,50,498,50,1225,458,54,54,54,54,0,0.044081632653061226,468,455,455,465,10,0.37142857142857144,468,455,445,445,0,0.363265306122449
hotpotqa,canonical,10,5a8c7595554299585d9e36b6,10,45,41,35,35,35,35,0,0.7777777777777778,41,41,41,41,0,0.9111111111111111,41,41,41,41,0,0.9111111111111111
hotpotqa,canonical,10,5a85ea095542994775f606a8,10,45,45,29,29,29,29,0,0.6444444444444445,54,45,45,54,9,1.0,54,45,36,36,0,0.8
hotpotqa,canonical,10,5adbf0a255429947ff17385a,10,45,44,33,31,31,31,0,0.6888888888888889,45,44,44,45,1,0.9777777777777777,45,44,43,43,0,0.9555555555555556
hotpotqa,canonical,10,5a8e3ea95542995a26add48d,10,45,45,16,16,16,16,0,0.35555555555555557,45,45,45,45,0,1.0,45,45,45,45,0,1.0
hotpotqa,canonical,10,5a85b2d95542997b5ce40028,10,45,43,15,15,15,15,0,0.3333333333333333,44,43,43,44,1,0.9555555555555556,44,43,42,42,0,0.9333333333333333
hotpotqa,canonical,10,5a87ab905542996e4f3088c1,10,45,44,24,24,24,24,0,0.5333333333333333,45,44,44,45,1,0.9777777777777777,45,44,43,43,0,0.9555555555555556
hotpotqa,canonical,10,5a7bbb64554299042af8f7cc,10,45,45,24,24,24,24,0,0.5333333333333333,46,45,45,46,1,1.0,46,45,44,44,0,0.9777777777777777
hotpotqa,canonical,10,5a7166395542994082a3e814,10,45,45,19,19,19,19,0,0.4222222222222222,46,45,45,46,1,1.0,46,45,44,44,0,0.9777777777777777
hotpotqa,canonical,10,5a877e5d5542993e715abf7d,10,45,44,21,21,21,21,0,0.4666666666666667,44,44,44,44,0,0.9777777777777777,44,44,44,44,0,0.9777777777777777
hotpotqa,canonical,10,5ab3b0bf5542992ade7c6e39,10,45,45,25,25,25,25,0,0.5555555555555556,56,45,45,56,11,1.0,56,45,34,34,0,0.7555555555555555
hotpotqa,canonical,10,5ab56e32554299637185c594,10,45,40,25,25,25,25,0,0.5555555555555556,40,40,40,40,0,0.8888888888888888,40,40,40,40,0,0.8888888888888888
hotpotqa,canonical,10,5ab6d09255429954757d337d,10,45,43,25,25,25,25,0,0.5555555555555556,58,43,43,58,15,0.9555555555555556,58,43,30,30,0,0.6666666666666666
hotpotqa,canonical,10,5a75e05c55429976ec32bc5f,10,45,45,16,16,16,16,0,0.35555555555555557,50,45,45,50,5,1.0,50,45,40,40,0,0.8888888888888888
hotpotqa,canonical,10,5ab3e45655429976abd1bcd4,10,45,45,24,24,24,24,0,0.5333333333333333,45,45,45,45,0,1.0,45,45,45,45,0,1.0
hotpotqa,canonical,10,5ae0d4c9554299603e418468,10,45,45,18,18,18,18,0,0.4,47,45,45,47,2,1.0,47,45,43,43,0,0.9555555555555556
hotpotqa,canonical,10,5a8133725542995ce29dcbdb,10,45,45,35,35,35,35,0,0.7777777777777778,58,45,45,58,13,1.0,58,45,32,32,0,0.7111111111111111
hotpotqa,canonical,10,5ae6050f55429929b0807a5e,10,45,42,10,10,10,10,0,0.2222222222222222,46,42,42,46,4,0.9333333333333333,46,42,38,38,0,0.8444444444444444
hotpotqa,canonical,10,5adddccd5542997dc7907069,10,45,44,31,31,31,31,0,0.6888888888888889,44,44,44,44,0,0.9777777777777777,44,44,44,44,0,0.9777777777777777
hotpotqa,canonical,10,5ae22b8d554299234fd0440f,10,45,40,27,27,27,27,0,0.6,47,40,40,47,7,0.8888888888888888,47,40,33,33,0,0.7333333333333333
hotpotqa,canonical,10,5a722b8655429971e9dc9329,10,45,44,36,36,36,36,0,0.8,48,44,44,48,4,0.9777777777777777,48,44,40,40,0,0.8888888888888888
hotpotqa,canonical,10,5adf37a95542995ec70e8f97,10,45,44,36,36,36,36,0,0.8,44,44,44,44,0,0.9777777777777777,44,44,44,44,0,0.9777777777777777
hotpotqa,canonical,10,5abd259d55429924427fcf1a,10,45,39,26,26,26,26,0,0.5777777777777777,39,39,39,39,0,0.8666666666666667,39,39,39,39,0,0.8666666666666667
hotpotqa,canonical,10,5a828c8355429966c78a6a50,10,45,45,35,34,34,34,0,0.7555555555555555,46,45,45,46,1,1.0,46,45,44,44,0,0.9777777777777777
hotpotqa,canonical,10,5a8a3e745542996c9b8d5e70,10,45,43,29,29,29,29,0,0.6444444444444445,43,43,43,43,0,0.9555555555555556,43,43,43,43,0,0.9555555555555556
hotpotqa,canonical,10,5ac23ff0554299636651994d,10,45,32,21,21,21,21,0,0.4666666666666667,32,32,32,32,0,0.7111111111111111,32,32,32,32,0,0.7111111111111111
hotpotqa,canonical,10,5ae0361155429925eb1afc2c,10,45,43,28,28,28,28,0,0.6222222222222222,55,43,43,55,12,0.9555555555555556,55,43,31,31,0,0.6888888888888889
hotpotqa,canonical,10,5abc0a5d5542993f40c73c64,10,45,44,25,24,24,24,0,0.5333333333333333,48,44,44,48,4,0.9777777777777777,48,44,40,40,0,0.8888888888888888
hotpotqa,canonical,10,5a7cc50e554299452d57ba3e,10,45,43,30,30,30,30,0,0.6666666666666666,49,43,43,49,6,0.9555555555555556,49,43,37,37,0,0.8222222222222222
hotpotqa,canonical,10,5abf63f15542997ec76fd3ea,10,45,44,29,29,29,29,0,0.6444444444444445,48,44,44,48,4,0.9777777777777777,48,44,40,40,0,0.8888888888888888
hotpotqa,canonical,10,5a8ef2a75542995a26add583,10,45,42,15,15,15,15,0,0.3333333333333333,42,42,42,42,0,0.9333333333333333,42,42,42,42,0,0.9333333333333333
hotpotqa,canonical,10,5a80721b554299485f5985ef,10,45,45,35,35,35,35,0,0.7777777777777778,51,45,45,51,6,1.0,51,45,39,39,0,0.8666666666666667
hotpotqa,canonical,10,5ab51dae5542991779162d82,10,45,38,29,29,29,29,0,0.6444444444444445,40,38,38,40,2,0.8444444444444444,40,38,36,36,0,0.8
hotpotqa,canonical,10,5a7571135542992d0ec05f98,10,45,44,9,9,9,9,0,0.2,44,44,44,44,0,0.9777777777777777,44,44,44,44,0,0.9777777777777777
hotpotqa,canonical,10,5a7a0e1e5542990783324e1a,10,45,41,31,31,31,31,0,0.6888888888888889,41,41,41,41,0,0.9111111111111111,41,41,41,41,0,0.9111111111111111
hotpotqa,canonical,10,5a74106b55429979e288289e,10,45,45,22,22,22,22,0,0.4888888888888889,47,45,45,47,2,1.0,47,45,43,43,0,0.9555555555555556
hotpotqa,canonical,10,5a79311755429970f5fffe67,10,45,44,15,15,15,15,0,0.3333333333333333,55,44,44,55,11,0.9777777777777777,55,44,33,33,0,0.7333333333333333
hotpotqa,canonical,10,5ab2d3df554299194fa9352c,10,45,44,25,25,25,25,0,0.5555555555555556,54,44,44,54,10,0.9777777777777777,54,44,34,34,0,0.7555555555555555
hotpotqa,canonical,10,5a760ab65542994ccc918697,10,45,39,14,14,14,14,0,0.3111111111111111,39,39,39,39,0,0.8666666666666667,39,39,39,39,0,0.8666666666666667
hotpotqa,canonical,10,5a7d54165542995f4f402256,10,45,44,36,36,36,36,0,0.8,48,44,44,48,4,0.9777777777777777,48,44,40,40,0,0.8888888888888888
hotpotqa,canonical,10,5ab859a955429934fafe6d7b,10,45,44,26,26,26,26,0,0.5777777777777777,47,44,44,47,3,0.9777777777777777,47,44,41,41,0,0.9111111111111111
hotpotqa,canonical,10,5add61d65542995b365fab21,10,45,44,20,20,20,20,0,0.4444444444444444,58,44,44,58,14,0.9777777777777777,58,44,30,30,0,0.6666666666666666
hotpotqa,canonical,10,5abbf698554299114383a0b5,10,45,45,25,25,25,25,0,0.5555555555555556,59,45,45,59,14,1.0,59,45,31,31,0,0.6888888888888889
hotpotqa,canonical,10,5ab84bf555429916710eb01f,10,45,42,26,26,26,26,0,0.5777777777777777,45,42,42,45,3,0.9333333333333333,45,42,39,39,0,0.8666666666666667
hotpotqa,canonical,10,5ab96ab755429970cfb8eacd,10,45,44,28,28,28,28,0,0.6222222222222222,56,44,44,56,12,0.9777777777777777,56,44,32,32,0,0.7111111111111111
hotpotqa,canonical,10,5a8a43eb5542996c9b8d5e82,10,45,43,13,13,13,13,0,0.28888888888888886,43,43,43,43,0,0.9555555555555556,43,43,43,43,0,0.9555555555555556
hotpotqa,canonical,10,5a7320565542991f9a20c61d,10,45,39,23,23,23,23,0,0.5111111111111111,39,39,39,39,0,0.8666666666666667,39,39,39,39,0,0.8666666666666667
hotpotqa,canonical,10,5a8b20335542996c9b8d5fb3,10,45,43,36,36,36,36,0,0.8,48,43,43,48,5,0.9555555555555556,48,43,38,38,0,0.8444444444444444
hotpotqa,canonical,10,5a85fb085542994775f606de,10,45,40,16,16,16,16,0,0.35555555555555557,40,40,40,40,0,0.8888888888888888,40,40,40,40,0,0.8888888888888888
hotpotqa,canonical,10,5a8f4c8d554299458435d5a3,10,45,43,24,24,24,24,0,0.5333333333333333,43,43,43,43,0,0.9555555555555556,43,43,43,43,0,0.9555555555555556
hotpotqa,canonical,10,5a80840f554299485f59863b,10,45,43,9,9,9,9,0,0.2,43,43,43,43,0,0.9555555555555556,43,43,43,43,0,0.9555555555555556
hotpotqa,canonical,10,5ae7ba7a5542993210983f12,10,45,44,26,25,25,25,0,0.5555555555555556,46,44,44,46,2,0.9777777777777777,46,44,42,42,0,0.9333333333333333
hotpotqa,canonical,10,5ac2acff55429921a00ab02b,10,45,35,11,11,11,11,0,0.24444444444444444,39,35,35,39,4,0.7777777777777778,39,35,31,31,0,0.6888888888888889
hotpotqa,task1_larger,35,5a8c7595554299585d9e36b6,35,595,287,97,97,97,97,0,0.16302521008403362,287,286,286,286,0,0.48067226890756304,287,287,287,287,0,0.4823529411764706
hotpotqa,task1_larger,35,5a85ea095542994775f606a8,35,595,379,114,114,114,114,0,0.1915966386554622,389,375,375,385,10,0.6302521008403361,389,379,369,369,0,0.6201680672268908
hotpotqa,task1_larger,35,5adbf0a255429947ff17385a,35,595,451,159,159,159,159,0,0.2672268907563025,454,441,441,444,3,0.7411764705882353,454,451,448,448,0,0.7529411764705882
hotpotqa,task1_larger,35,5a8e3ea95542995a26add48d,35,595,231,54,54,54,54,0,0.0907563025210084,240,230,230,238,8,0.3865546218487395,240,231,222,222,0,0.373109243697479
hotpotqa,task1_larger,35,5a85b2d95542997b5ce40028,35,595,234,38,38,38,38,0,0.06386554621848739,235,232,232,233,1,0.3899159663865546,235,234,233,233,0,0.3915966386554622
hotpotqa,task1_larger,35,5a87ab905542996e4f3088c1,35,595,380,87,87,87,87,0,0.146218487394958,381,373,373,374,1,0.626890756302521,381,380,379,379,0,0.6369747899159663
hotpotqa,task1_larger,35,5a7bbb64554299042af8f7cc,35,595,284,98,98,98,98,0,0.16470588235294117,286,281,281,283,2,0.4722689075630252,286,284,282,282,0,0.47394957983193275
hotpotqa,task1_larger,35,5a7166395542994082a3e814,35,595,315,104,104,104,104,0,0.17478991596638654,316,313,313,314,1,0.5260504201680672,316,315,314,314,0,0.5277310924369748
hotpotqa,task1_larger,35,5a877e5d5542993e715abf7d,35,595,327,101,101,101,101,0,0.16974789915966387,327,324,324,324,0,0.5445378151260504,327,327,327,327,0,0.5495798319327732
hotpotqa,task1_larger,35,5ab3b0bf5542992ade7c6e39,35,595,439,164,164,164,164,0,0.27563025210084036,478,437,437,476,39,0.7344537815126051,478,439,400,400,0,0.6722689075630253
hotpotqa,task1_larger,35,5ab56e32554299637185c594,35,595,369,170,170,170,170,0,0.2857142857142857,375,369,369,375,6,0.6201680672268908,375,369,363,363,0,0.6100840336134454
hotpotqa,task1_larger,35,5ab6d09255429954757d337d,35,595,484,151,151,151,151,0,0.253781512605042,590,484,484,588,104,0.8134453781512605,590,484,378,378,0,0.6352941176470588
hotpotqa,task1_larger,35,5a75e05c55429976ec32bc5f,35,595,371,119,119,119,119,0,0.2,387,370,370,385,15,0.6218487394957983,387,371,355,355,0,0.5966386554621849
hotpotqa,task1_larger,35,5ab3e45655429976abd1bcd4,35,595,441,186,186,186,186,0,0.3126050420168067,441,440,440,440,0,0.7394957983193278,441,441,441,441,0,0.7411764705882353
hotpotqa,task1_larger,35,5ae0d4c9554299603e418468,35,595,384,90,90,90,90,0,0.15126050420168066,394,377,377,387,10,0.6336134453781512,394,384,374,374,0,0.6285714285714286
hotpotqa,task1_larger,35,5a8133725542995ce29dcbdb,35,595,395,196,196,196,196,0,0.32941176470588235,421,393,393,419,26,0.6605042016806723,421,395,369,369,0,0.6201680672268908
hotpotqa,task1_larger,35,5ae6050f55429929b0807a5e,35,595,394,89,89,89,89,0,0.1495798319327731,403,388,388,396,8,0.6521008403361345,403,394,385,385,0,0.6470588235294118
hotpotqa,task1_larger,35,5adddccd5542997dc7907069,35,595,445,171,171,171,171,0,0.28739495798319326,453,440,440,447,7,0.7394957983193278,453,445,437,437,0,0.7344537815126051
hotpotqa,task1_larger,35,5ae22b8d554299234fd0440f,35,595,385,201,201,201,201,0,0.3378151260504202,403,383,383,401,18,0.6436974789915967,403,385,367,367,0,0.6168067226890757
hotpotqa,task1_larger,35,5a722b8655429971e9dc9329,35,595,340,151,151,151,151,0,0.253781512605042,353,340,340,353,13,0.5714285714285714,353,340,327,327,0,0.5495798319327732
hotpotqa,task1_larger,35,5adf37a95542995ec70e8f97,35,595,473,262,262,262,262,0,0.4403361344537815,483,470,470,479,9,0.7899159663865546,483,473,463,463,0,0.7781512605042017
hotpotqa,task1_larger,35,5abd259d55429924427fcf1a,35,595,335,67,67,67,67,0,0.11260504201680673,362,335,335,362,27,0.5630252100840336,362,335,308,308,0,0.5176470588235295
hotpotqa,task1_larger,35,5a828c8355429966c78a6a50,35,595,316,131,131,131,131,0,0.22016806722689075,318,315,315,316,1,0.5294117647058824,318,316,314,314,0,0.5277310924369748
hotpotqa,task1_larger,35,5a8a3e745542996c9b8d5e70,35,595,360,148,148,148,148,0,0.24873949579831933,362,358,358,360,2,0.6016806722689075,362,360,358,358,0,0.6016806722689075
hotpotqa,task1_larger,35,5ac23ff0554299636651994d,35,595,314,67,67,67,67,0,0.11260504201680673,314,309,309,309,0,0.519327731092437,314,314,314,314,0,0.5277310924369748
hotpotqa,task1_larger,35,5ae0361155429925eb1afc2c,35,595,405,164,164,164,164,0,0.27563025210084036,432,402,402,427,25,0.6756302521008404,432,405,378,378,0,0.6352941176470588
hotpotqa,task1_larger,35,5abc0a5d5542993f40c73c64,35,595,493,190,190,190,190,0,0.31932773109243695,502,490,490,499,9,0.8235294117647058,502,493,484,484,0,0.8134453781512605
hotpotqa,task1_larger,35,5a7cc50e554299452d57ba3e,35,595,432,209,209,209,209,0,0.35126050420168065,460,429,429,456,27,0.7210084033613445,460,432,404,404,0,0.6789915966386555
hotpotqa,task1_larger,35,5abf63f15542997ec76fd3ea,35,595,339,133,133,133,133,0,0.2235294117647059,344,339,339,344,5,0.5697478991596638,344,339,334,334,0,0.561344537815126
hotpotqa,task1_larger,35,5a8ef2a75542995a26add583,35,595,380,68,68,68,68,0,0.11428571428571428,380,379,379,379,0,0.6369747899159663,380,380,380,380,0,0.6386554621848739
hotpotqa,task1_larger,35,5a80721b554299485f5985ef,35,595,409,168,168,168,168,0,0.2823529411764706,415,404,404,409,5,0.6789915966386555,415,409,403,403,0,0.6773109243697479
hotpotqa,task1_larger,35,5ab51dae5542991779162d82,35,595,336,123,123,123,123,0,0.20672268907563024,338,336,336,338,2,0.5647058823529412,338,336,334,334,0,0.561344537815126
hotpotqa,task1_larger,35,5a7571135542992d0ec05f98,35,595,352,26,26,26,26,0,0.043697478991596636,352,342,342,342,0,0.5747899159663865,352,352,352,352,0,0.5915966386554622
hotpotqa,task1_larger,35,5a7a0e1e5542990783324e1a,35,595,400,148,148,148,148,0,0.24873949579831933,418,398,398,416,18,0.66890756302521,418,400,382,382,0,0.6420168067226891
hotpotqa,task1_larger,35,5a74106b55429979e288289e,35,595,314,92,92,92,92,0,0.1546218487394958,323,313,313,322,9,0.5260504201680672,323,314,305,305,0,0.5126050420168067
hotpotqa,task1_larger,35,5a79311755429970f5fffe67,35,595,372,53,53,53,53,0,0.08907563025210084,394,368,368,390,22,0.6184873949579832,394,372,350,350,0,0.5882352941176471
hotpotqa,task1_larger,35,5ab2d3df554299194fa9352c,35,595,425,128,128,128,128,0,0.21512605042016808,454,425,425,454,29,0.7142857142857143,454,425,396,396,0,0.6655462184873949
hotpotqa,task1_larger,35,5a760ab65542994ccc918697,35,595,268,82,82,82,82,0,0.13781512605042018,273,266,266,271,5,0.4470588235294118,273,268,263,263,0,0.44201680672268906
hotpotqa,task1_larger,35,5a7d54165542995f4f402256,35,595,438,201,201,201,201,0,0.3378151260504202,444,436,436,442,6,0.7327731092436974,444,438,432,432,0,0.7260504201680672
hotpotqa,task1_larger,35,5ab859a955429934fafe6d7b,35,595,285,66,66,66,66,0,0.11092436974789915,303,285,285,303,18,0.4789915966386555,303,285,267,267,0,0.44873949579831934
hotpotqa,task1_larger,35,5add61d65542995b365fab21,35,595,359,98,98,98,98,0,0.16470588235294117,394,355,355,390,35,0.5966386554621849,394,359,324,324,0,0.5445378151260504
hotpotqa,task1_larger,35,5abbf698554299114383a0b5,35,595,476,173,173,173,173,0,0.2907563025210084,520,473,473,517,44,0.7949579831932773,520,476,432,432,0,0.7260504201680672
hotpotqa,task1_larger,35,5ab84bf555429916710eb01f,35,595,399,122,122,122,122,0,0.20504201680672268,412,395,395,408,13,0.6638655462184874,412,399,386,386,0,0.6487394957983194
hotpotqa,task1_larger,35,5ab96ab755429970cfb8eacd,35,595,378,180,180,180,180,0,0.3025210084033613,390,376,376,388,12,0.6319327731092437,390,378,366,366,0,0.6151260504201681
hotpotqa,task1_larger,35,5a8a43eb5542996c9b8d5e82,35,595,288,69,69,69,69,0,0.11596638655462185,295,283,283,288,5,0.4756302521008403,295,288,281,281,0,0.4722689075630252
hotpotqa,task1_larger,35,5a7320565542991f9a20c61d,35,595,331,77,77,77,77,0,0.12941176470588237,331,321,321,321,0,0.5394957983193277,331,331,331,331,0,0.5563025210084034
hotpotqa,task1_larger,35,5a8b20335542996c9b8d5fb3,35,595,531,307,307,307,307,0,0.5159663865546219,541,526,526,536,10,0.8840336134453781,541,531,521,521,0,0.8756302521008403
hotpotqa,task1_larger,35,5a85fb085542994775f606de,35,595,390,174,174,174,174,0,0.292436974789916,395,388,388,393,5,0.6521008403361345,395,390,385,385,0,0.6470588235294118
hotpotqa,task1_larger,35,5a8f4c8d554299458435d5a3,35,595,211,58,58,58,58,0,0.09747899159663866,211,210,210,210,0,0.35294117647058826,211,211,211,211,0,0.3546218487394958
hotpotqa,task1_larger,35,5a80840f554299485f59863b,35,595,335,63,63,63,63,0,0.10588235294117647,347,331,331,343,12,0.5563025210084034,347,335,323,323,0,0.5428571428571428
hotpotqa,task1_larger,35,5ae7ba7a5542993210983f12,35,595,311,111,111,111,111,0,0.1865546218487395,341,309,309,339,30,0.519327731092437,341,311,281,281,0,0.4722689075630252
hotpotqa,task1_larger,35,5ac2acff55429921a00ab02b,35,595,297,85,85,85,85,0,0.14285714285714285,309,296,296,308,12,0.49747899159663866,309,297,285,285,0,0.4789915966386555
bright,canonical,20,biology:0,20,190,100,0,0,0,0,0,0.0,100,97,97,97,0,0.5105263157894737,100,97,97,97,0,0.5105263157894737
bright,canonical,20,biology:1,20,190,94,8,8,8,8,0,0.042105263157894736,99,92,92,97,5,0.4842105263157895,99,92,87,87,0,0.45789473684210524
bright,canonical,20,biology:2,20,190,159,17,17,17,17,0,0.08947368421052632,166,155,155,162,7,0.8157894736842105,166,155,148,148,0,0.7789473684210526
bright,canonical,20,biology:3,20,190,98,26,26,26,26,0,0.1368421052631579,102,98,98,102,4,0.5157894736842106,102,98,94,94,0,0.49473684210526314
bright,canonical,20,biology:4,20,190,189,16,16,16,16,0,0.08421052631578947,203,181,181,195,14,0.9526315789473684,203,180,166,166,0,0.8736842105263158
bright,canonical,20,biology:5,20,190,190,32,32,32,32,0,0.16842105263157894,196,181,181,187,6,0.9526315789473684,196,180,174,174,0,0.9157894736842105
bright,canonical,20,biology:6,20,190,166,33,33,33,33,0,0.1736842105263158,182,165,165,181,16,0.868421052631579,182,165,149,149,0,0.7842105263157895
bright,canonical,20,biology:7,20,190,162,30,30,30,30,0,0.15789473684210525,162,144,144,144,0,0.7578947368421053,162,144,144,144,0,0.7578947368421053
bright,canonical,20,biology:8,20,190,140,31,31,31,31,0,0.1631578947368421,151,139,139,150,11,0.7315789473684211,151,139,128,128,0,0.6736842105263158
bright,canonical,20,biology:9,20,190,153,59,59,59,59,0,0.3105263157894737,169,151,151,167,16,0.7947368421052632,169,151,135,135,0,0.7105263157894737
bright,canonical,20,biology:10,20,190,148,22,22,22,22,0,0.11578947368421053,150,146,146,148,2,0.7684210526315789,150,146,144,144,0,0.7578947368421053
bright,canonical,20,biology:11,20,190,190,7,7,7,7,0,0.03684210526315789,207,187,187,204,17,0.9842105263157894,207,187,170,170,0,0.8947368421052632
bright,canonical,20,biology:12,20,190,174,32,32,32,32,0,0.16842105263157894,195,173,173,192,19,0.9105263157894737,195,173,154,154,0,0.8105263157894737
bright,canonical,20,biology:13,20,190,175,53,53,53,53,0,0.2789473684210526,217,174,174,216,42,0.9157894736842105,217,174,132,132,0,0.6947368421052632
bright,canonical,20,biology:14,20,190,99,15,15,15,15,0,0.07894736842105263,101,97,97,99,2,0.5105263157894737,101,97,95,95,0,0.5
bright,canonical,20,biology:15,20,190,65,2,2,2,2,0,0.010526315789473684,67,65,65,67,2,0.34210526315789475,67,65,63,63,0,0.33157894736842103
bright,canonical,20,biology:16,20,190,131,3,3,3,3,0,0.015789473684210527,134,128,128,131,3,0.6736842105263158,134,128,125,125,0,0.6578947368421053
bright,canonical,20,biology:17,20,190,160,50,50,50,50,0,0.2631578947368421,168,155,155,163,8,0.8157894736842105,168,155,147,147,0,0.7736842105263158
bright,canonical,20,biology:18,20,190,73,3,3,3,3,0,0.015789473684210527,78,73,73,78,5,0.38421052631578945,78,73,68,68,0,0.35789473684210527
bright,canonical,20,biology:19,20,190,76,13,13,13,13,0,0.06842105263157895,77,75,75,76,1,0.39473684210526316,77,75,74,74,0,0.3894736842105263
bright,canonical,20,biology:20,20,190,77,23,23,23,23,0,0.12105263157894737,80,77,77,80,3,0.4052631578947368,80,77,74,74,0,0.3894736842105263
bright,canonical,20,biology:21,20,190,130,36,36,36,36,0,0.18947368421052632,136,129,129,135,6,0.6789473684210526,136,128,122,122,0,0.6421052631578947
bright,canonical,20,biology:22,20,190,129,20,20,20,20,0,0.10526315789473684,141,128,128,140,12,0.6736842105263158,141,128,116,116,0,0.6105263157894737
bright,canonical,20,biology:23,20,190,64,1,1,1,1,0,0.005263157894736842,66,64,64,66,2,0.3368421052631579,66,64,62,62,0,0.3263157894736842
bright,canonical,20,biology:24,20,190,170,42,42,42,42,0,0.22105263157894736,171,166,166,167,1,0.8736842105263158,171,166,165,165,0,0.868421052631579
bright,canonical,20,biology:25,20,190,163,24,24,24,24,0,0.12631578947368421,186,161,161,184,23,0.8473684210526315,186,160,137,137,0,0.7210526315789474
bright,canonical,20,biology:26,20,190,119,5,5,5,5,0,0.02631578947368421,124,118,118,123,5,0.6210526315789474,124,118,113,113,0,0.5947368421052631
bright,canonical,20,biology:27,20,190,189,33,33,33,33,0,0.1736842105263158,199,183,183,192,9,0.9631578947368421,199,182,173,173,0,0.9105263157894737
bright,canonical,20,biology:28,20,190,118,25,25,25,25,0,0.13157894736842105,128,118,118,128,10,0.6210526315789474,128,118,108,108,0,0.5684210526315789
bright,canonical,20,biology:29,20,190,189,45,45,45,45,0,0.23684210526315788,238,187,187,235,48,0.9842105263157894,238,187,139,139,0,0.7315789473684211
bright,canonical,20,biology:30,20,190,178,41,41,41,41,0,0.21578947368421053,190,170,170,182,12,0.8947368421052632,190,169,157,157,0,0.8263157894736842
bright,canonical,20,biology:31,20,190,167,54,54,54,54,0,0.28421052631578947,186,162,162,181,19,0.8526315789473684,186,161,142,142,0,0.7473684210526316
bright,canonical,20,biology:32,20,190,75,3,3,3,3,0,0.015789473684210527,75,73,73,73,0,0.38421052631578945,75,73,73,73,0,0.38421052631578945
bright,canonical,20,biology:33,20,190,153,32,32,32,32,0,0.16842105263157894,162,152,152,161,9,0.8,162,152,143,143,0,0.7526315789473684
bright,canonical,20,biology:34,20,190,166,18,18,18,18,0,0.09473684210526316,195,166,166,195,29,0.8736842105263158,195,166,137,137,0,0.7210526315789474
bright,canonical,20,biology:35,20,190,138,15,15,15,15,0,0.07894736842105263,149,135,135,146,11,0.7105263157894737,149,135,124,124,0,0.6526315789473685
bright,canonical,20,biology:36,20,190,103,29,29,29,29,0,0.15263157894736842,114,103,103,114,11,0.5421052631578948,114,103,92,92,0,0.4842105263157895
bright,canonical,20,biology:37,20,190,98,3,3,3,3,0,0.015789473684210527,98,98,98,98,0,0.5157894736842106,98,98,98,98,0,0.5157894736842106
bright,canonical,20,biology:38,20,190,126,31,31,31,31,0,0.1631578947368421,127,125,125,126,1,0.6578947368421053,127,125,124,124,0,0.6526315789473685
bright,canonical,20,biology:39,20,190,161,34,34,34,34,0,0.17894736842105263,172,158,158,169,11,0.8315789473684211,172,158,147,147,0,0.7736842105263158
bright,canonical,20,biology:40,20,190,108,8,8,8,8,0,0.042105263157894736,111,106,106,109,3,0.5578947368421052,111,106,103,103,0,0.5421052631578948
bright,canonical,20,biology:41,20,190,123,18,18,18,18,0,0.09473684210526316,128,122,122,127,5,0.6421052631578947,128,122,117,117,0,0.6157894736842106
bright,canonical,20,biology:42,20,190,138,8,8,8,8,0,0.042105263157894736,156,138,138,155,17,0.7263157894736842,156,138,121,121,0,0.6368421052631579
bright,canonical,20,biology:43,20,190,165,13,13,13,13,0,0.06842105263157895,203,164,164,201,37,0.8631578947368421,203,164,127,127,0,0.6684210526315789
bright,canonical,20,biology:44,20,190,167,22,22,22,22,0,0.11578947368421053,178,165,165,176,11,0.868421052631579,178,165,154,154,0,0.8105263157894737
bright,canonical,20,biology:45,20,190,77,2,2,2,2,0,0.010526315789473684,89,76,76,88,12,0.4,89,76,64,64,0,0.3368421052631579
bright,canonical,20,biology:46,20,190,95,2,2,2,2,0,0.010526315789473684,97,95,95,97,2,0.5,97,95,93,93,0,0.48947368421052634
bright,canonical,20,biology:47,20,190,106,9,9,9,9,0,0.04736842105263158,115,106,106,115,9,0.5578947368421052,115,105,96,96,0,0.5052631578947369
bright,canonical,20,biology:48,20,190,129,7,7,7,7,0,0.03684210526315789,138,125,125,133,8,0.6578947368421053,138,125,117,117,0,0.6157894736842106
bright,canonical,20,biology:49,20,190,140,4,4,4,4,0,0.021052631578947368,153,139,139,152,13,0.7315789473684211,153,139,126,126,0,0.6631578947368421
bright,task1_larger,50,biology:0,50,1225,298,0,0,0,0,0,0.0,298,296,296,296,0,0.2416326530612245,298,293,293,293,0,0.23918367346938776
bright,task1_larger,50,biology:1,50,1225,361,8,8,8,8,0,0.006530612244897959,366,357,357,362,5,0.2914285714285714,366,357,352,352,0,0.2873469387755102
bright,task1_larger,50,biology:2,50,1225,662,28,28,28,28,0,0.022857142857142857,673,652,652,663,11,0.5322448979591837,673,651,640,640,0,0.5224489795918368
bright,task1_larger,50,biology:3,50,1225,333,26,26,26,26,0,0.02122448979591837,337,323,323,327,4,0.2636734693877551,337,323,319,319,0,0.26040816326530614
bright,task1_larger,50,biology:4,50,1225,729,49,49,49,49,0,0.04,746,714,714,731,17,0.5828571428571429,746,711,694,694,0,0.566530612244898
bright,task1_larger,50,biology:5,50,1225,667,82,82,82,82,0,0.06693877551020408,673,650,650,656,6,0.5306122448979592,673,647,641,641,0,0.5232653061224489
bright,task1_larger,50,biology:6,50,1225,476,34,34,34,34,0,0.027755102040816326,493,473,473,490,17,0.38612244897959186,493,472,455,455,0,0.37142857142857144
bright,task1_larger,50,biology:7,50,1225,647,65,65,65,65,0,0.053061224489795916,647,603,603,603,0,0.4922448979591837,647,594,594,594,0,0.48489795918367345
bright,task1_larger,50,biology:8,50,1225,643,59,59,59,59,0,0.04816326530612245,658,637,637,652,15,0.52,658,635,620,620,0,0.5061224489795918
bright,task1_larger,50,biology:9,50,1225,720,138,138,138,138,0,0.1126530612244898,743,707,707,730,23,0.5771428571428572,743,707,684,684,0,0.5583673469387755
bright,task1_larger,50,biology:10,50,1225,440,29,29,29,29,0,0.0236734693877551,443,434,434,437,3,0.35428571428571426,443,434,431,431,0,0.35183673469387755
bright,task1_larger,50,biology:11,50,1225,577,13,13,13,13,0,0.010612244897959184,600,568,568,591,23,0.4636734693877551,600,565,542,542,0,0.4424489795918367
bright,task1_larger,50,biology:12,50,1225,448,40,40,40,40,0,0.0326530612244898,469,443,443,463,20,0.3616326530612245,469,443,424,424,0,0.3461224489795918
bright,task1_larger,50,biology:13,50,1225,554,81,81,81,81,0,0.06612244897959184,614,553,553,612,59,0.4514285714285714,614,553,494,494,0,0.403265306122449
bright,task1_larger,50,biology:14,50,1225,384,14,14,14,14,0,0.011428571428571429,386,376,376,378,2,0.3069387755102041,386,372,370,370,0,0.3020408163265306
bright,task1_larger,50,biology:15,50,1225,289,2,2,2,2,0,0.0016326530612244899,292,289,289,292,3,0.23591836734693877,292,288,285,285,0,0.23265306122448978
bright,task1_larger,50,biology:16,50,1225,443,3,3,3,3,0,0.0024489795918367346,447,441,441,445,4,0.36,447,441,437,437,0,0.356734693877551
bright,task1_larger,50,biology:17,50,1225,588,76,76,76,76,0,0.062040816326530614,597,576,576,585,9,0.47020408163265304,597,575,566,566,0,0.4620408163265306
bright,task1_larger,50,biology:18,50,1225,299,3,3,3,3,0,0.0024489795918367346,304,293,293,298,5,0.23918367346938776,304,293,288,288,0,0.23510204081632652
bright,task1_larger,50,biology:19,50,1225,270,13,13,13,13,0,0.010612244897959184,271,264,264,265,1,0.21551020408163266,271,263,262,262,0,0.21387755102040817
bright,task1_larger,50,biology:20,50,1225,298,24,24,24,24,0,0.019591836734693877,302,294,294,298,4,0.24,302,293,289,289,0,0.23591836734693877
bright,task1_larger,50,biology:21,50,1225,439,37,37,37,37,0,0.030204081632653063,445,434,434,440,6,0.35428571428571426,445,432,426,426,0,0.34775510204081633
bright,task1_larger,50,biology:22,50,1225,445,20,20,20,20,0,0.0163265306122449,457,444,444,456,12,0.36244897959183675,457,443,431,431,0,0.35183673469387755
bright,task1_larger,50,biology:23,50,1225,269,1,1,1,1,0,0.0008163265306122449,271,267,267,269,2,0.2179591836734694,271,267,265,265,0,0.2163265306122449
bright,task1_larger,50,biology:24,50,1225,466,59,59,59,59,0,0.04816326530612245,468,462,462,464,2,0.37714285714285717,468,461,459,459,0,0.3746938775510204
bright,task1_larger,50,biology:25,50,1225,484,29,29,29,29,0,0.0236734693877551,508,479,479,503,24,0.39102040816326533,508,477,453,453,0,0.36979591836734693
bright,task1_larger,50,biology:26,50,1225,363,5,5,5,5,0,0.004081632653061225,368,361,361,366,5,0.2946938775510204,368,361,356,356,0,0.29061224489795917
bright,task1_larger,50,biology:27,50,1225,486,55,55,55,55,0,0.044897959183673466,497,481,481,492,11,0.3926530612244898,497,480,470,470,0,0.3836734693877551
bright,task1_larger,50,biology:28,50,1225,374,25,25,25,25,0,0.02040816326530612,384,371,371,381,10,0.3028571428571429,384,371,361,361,0,0.2946938775510204
bright,task1_larger,50,biology:29,50,1225,541,59,59,59,59,0,0.04816326530612245,593,537,537,588,51,0.4383673469387755,593,537,486,486,0,0.396734693877551
bright,task1_larger,50,biology:30,50,1225,859,82,82,82,82,0,0.06693877551020408,876,821,821,838,17,0.6702040816326531,876,805,788,788,0,0.643265306122449
bright,task1_larger,50,biology:31,50,1225,598,92,92,92,92,0,0.07510204081632653,617,593,593,612,19,0.4840816326530612,617,592,573,573,0,0.46775510204081633
bright,task1_larger,50,biology:32,50,1225,333,3,3,3,3,0,0.0024489795918367346,333,330,330,330,0,0.2693877551020408,333,328,328,328,0,0.2677551020408163
bright,task1_larger,50,biology:33,50,1225,432,32,32,32,32,0,0.026122448979591838,441,432,432,441,9,0.3526530612244898,441,431,422,422,0,0.34448979591836737
bright,task1_larger,50,biology:34,50,1225,463,13,13,13,13,0,0.010612244897959184,484,461,461,482,21,0.3763265306122449,484,461,440,440,0,0.35918367346938773
bright,task1_larger,50,biology:35,50,1225,369,15,15,15,15,0,0.012244897959183673,380,365,365,376,11,0.2979591836734694,380,365,354,354,0,0.2889795918367347
bright,task1_larger,50,biology:36,50,1225,368,30,30,30,30,0,0.024489795918367346,379,363,363,374,11,0.2963265306122449,379,363,352,352,0,0.2873469387755102
bright,task1_larger,50,biology:37,50,1225,407,3,3,3,3,0,0.0024489795918367346,407,403,403,403,0,0.3289795918367347,407,402,402,402,0,0.32816326530612244
bright,task1_larger,50,biology:38,50,1225,360,31,31,31,31,0,0.025306122448979593,361,351,351,352,1,0.28653061224489795,361,351,350,350,0,0.2857142857142857
bright,task1_larger,50,biology:39,50,1225,484,52,52,52,52,0,0.04244897959183674,496,476,476,488,12,0.38857142857142857,496,472,460,460,0,0.37551020408163266
bright,task1_larger,50,biology:40,50,1225,318,8,8,8,8,0,0.006530612244897959,321,315,315,318,3,0.2571428571428571,321,314,311,311,0,0.25387755102040815
bright,task1_larger,50,biology:41,50,1225,407,18,18,18,18,0,0.014693877551020407,412,399,399,404,5,0.32571428571428573,412,398,393,393,0,0.32081632653061226
bright,task1_larger,50,biology:42,50,1225,441,8,8,8,8,0,0.006530612244897959,460,438,438,457,19,0.3575510204081633,460,437,418,418,0,0.34122448979591835
bright,task1_larger,50,biology:43,50,1225,644,35,35,35,35,0,0.02857142857142857,688,642,642,684,42,0.5240816326530612,688,641,599,599,0,0.4889795918367347
bright,task1_larger,50,biology:44,50,1225,440,22,22,22,22,0,0.017959183673469388,453,437,437,450,13,0.356734693877551,453,435,422,422,0,0.34448979591836737
bright,task1_larger,50,biology:45,50,1225,317,2,2,2,2,0,0.0016326530612244899,329,314,314,326,12,0.2563265306122449,329,314,302,302,0,0.24653061224489795
bright,task1_larger,50,biology:46,50,1225,348,2,2,2,2,0,0.0016326530612244899,350,345,345,347,2,0.2816326530612245,350,345,343,343,0,0.28
bright,task1_larger,50,biology:47,50,1225,437,8,8,8,8,0,0.006530612244897959,446,434,434,443,9,0.35428571428571426,446,432,423,423,0,0.34530612244897957
bright,task1_larger,50,biology:48,50,1225,361,7,7,7,7,0,0.005714285714285714,371,352,352,361,9,0.2873469387755102,371,351,342,342,0,0.27918367346938777
bright,task1_larger,50,biology:49,50,1225,453,4,4,4,4,0,0.0032653061224489797,466,449,449,462,13,0.36653061224489797,466,449,436,436,0,0.35591836734693877
