dataset,query_id,method,preference_source,preference_source_note,n_nodes,n_edges,graph_density,n_sccs,largest_scc,is_cyclic,n_non_trivial_sccs,scc_cycle_burden,fas_weight_removed,fas_n_edges_removed,graph_ref_bew_pre,graph_ref_bew_post,graph_ref_pic_pre,graph_ref_pic_post,n_eval_candidates,primary_metric,backward_edge_weight,pairwise_inconsistency,kendall_tau,kendall_tau_legacy,ndcg_at_k,map_at_k,precision_at_k,recall_at_k,pairwise_accuracy,runtime_pref_gen_s,runtime_graph_build_s,runtime_cycle_detect_s,runtime_fas_solver_s,runtime_ranking_s,runtime_evaluation_s,runtime_total_s
scidocs,q_sci_000164,score_sum,qrels_flip,synthetic corruption: qrels-derived edges with flip_prob=0.15,20,51,0.134211,8,13,True,1,13,10.0,10,13.0,10.0,13,10,20,ndcg_at_k,13.0,13,0.378947,0.466667,1.0,1.0,0.15,1.0,1.0,0.000177,0.000398,2.2e-05,0.002219,3.2e-05,0.001464,0.206777
scidocs,q_sci_000164,borda,qrels_flip,synthetic corruption: qrels-derived edges with flip_prob=0.15,20,51,0.134211,8,13,True,1,13,10.0,10,13.0,10.0,13,10,20,ndcg_at_k,13.0,13,0.378947,0.466667,1.0,1.0,0.15,1.0,1.0,0.000177,0.000398,2.2e-05,0.002219,2.4e-05,0.001464,0.206777
scidocs,q_sci_000164,pagerank,qrels_flip,synthetic corruption: qrels-derived edges with flip_prob=0.15,20,51,0.134211,8,13,True,1,13,10.0,10,13.0,10.0,13,10,20,ndcg_at_k,13.0,13,0.126316,0.777778,1.0,1.0,0.15,1.0,1.0,0.000177,0.000398,2.2e-05,0.002219,0.201959,0.001464,0.206777
scidocs,q_sci_000164,greedy_fas_topological,qrels_flip,synthetic corruption: qrels-derived edges with flip_prob=0.15,20,51,0.134211,8,13,True,1,13,10.0,10,13.0,10.0,13,10,20,ndcg_at_k,8.0,8,-0.010526,0.022222,0.470191,0.240741,0.15,1.0,0.627451,0.000177,0.000398,2.2e-05,0.002219,8.8e-05,0.001464,0.206777
scidocs,q_sci_000164,greedy_fas_weighted_balance,qrels_flip,synthetic corruption: qrels-derived edges with flip_prob=0.15,20,51,0.134211,8,13,True,1,13,10.0,10,13.0,10.0,13,10,20,ndcg_at_k,13.0,13,0.284211,0.555556,1.0,1.0,0.15,1.0,1.0,0.000177,0.000398,2.2e-05,0.002219,4.3e-05,0.001464,0.206777
scidocs,q_sci_000164,greedy_fas_copeland,qrels_flip,synthetic corruption: qrels-derived edges with flip_prob=0.15,20,51,0.134211,8,13,True,1,13,10.0,10,13.0,10.0,13,10,20,ndcg_at_k,13.0,13,0.284211,0.555556,1.0,1.0,0.15,1.0,1.0,0.000177,0.000398,2.2e-05,0.002219,3.6e-05,0.001464,0.206777
scidocs,q_sci_000164,greedy_fas_score_augmented_topological,qrels_flip,synthetic corruption: qrels-derived edges with flip_prob=0.15,20,51,0.134211,8,13,True,1,13,10.0,10,13.0,10.0,13,10,20,ndcg_at_k,8.0,8,-0.315789,0.2,0.48105,0.257576,0.15,1.0,0.666667,0.000177,0.000398,2.2e-05,0.002219,5.8e-05,0.001464,0.206777
scidocs,q_sci_000164,fas_balance_score_prior_alpha_beta,qrels_flip,synthetic corruption: qrels-derived edges with flip_prob=0.15,20,51,0.134211,8,13,True,1,13,10.0,10,13.0,10.0,13,10,20,ndcg_at_k,13.0,13,0.263158,0.555556,1.0,1.0,0.15,1.0,1.0,0.000177,0.000398,2.2e-05,0.002219,5.6e-05,0.001464,0.206777
scidocs,q_sci_000164,hybrid_rrf_fas_regularized,qrels_flip,synthetic corruption: qrels-derived edges with flip_prob=0.15,20,51,0.134211,8,13,True,1,13,10.0,10,13.0,10.0,13,10,20,ndcg_at_k,13.0,13,0.284211,0.555556,1.0,1.0,0.15,1.0,1.0,0.000177,0.000398,2.2e-05,0.002219,5.1e-05,0.001464,0.206777
scidocs,q_sci_000164,hybrid_rrf_balance_a05,qrels_flip,synthetic corruption: qrels-derived edges with flip_prob=0.15,20,51,0.134211,8,13,True,1,13,10.0,10,13.0,10.0,13,10,20,ndcg_at_k,13.0,13,0.284211,0.555556,1.0,1.0,0.15,1.0,1.0,0.000177,0.000398,2.2e-05,0.002219,3.8e-05,0.001464,0.206777
scidocs,q_sci_000164,hybrid_rrf_copeland_a03,qrels_flip,synthetic corruption: qrels-derived edges with flip_prob=0.15,20,51,0.134211,8,13,True,1,13,10.0,10,13.0,10.0,13,10,20,ndcg_at_k,13.0,13,0.284211,0.555556,1.0,1.0,0.15,1.0,1.0,0.000177,0.000398,2.2e-05,0.002219,3.7e-05,0.001464,0.206777
scidocs,q_sci_000164,hybrid_rrf_priority_topo_a03,qrels_flip,synthetic corruption: qrels-derived edges with flip_prob=0.15,20,51,0.134211,8,13,True,1,13,10.0,10,13.0,10.0,13,10,20,ndcg_at_k,8.0,8,-0.178947,0.155556,0.48105,0.257576,0.15,1.0,0.666667,0.000177,0.000398,2.2e-05,0.002219,7.5e-05,0.001464,0.206777
scidocs,q_sci_000383,score_sum,qrels_flip,synthetic corruption: qrels-derived edges with flip_prob=0.15,20,51,0.134211,11,10,True,1,10,7.0,7,8.0,4.0,8,4,20,ndcg_at_k,8.0,8,0.410526,0.777778,1.0,1.0,0.15,1.0,1.0,0.000152,0.000106,1.9e-05,0.001689,2.9e-05,0.00136,0.007267
scidocs,q_sci_000383,borda,qrels_flip,synthetic corruption: qrels-derived edges with flip_prob=0.15,20,51,0.134211,11,10,True,1,10,7.0,7,8.0,4.0,8,4,20,ndcg_at_k,8.0,8,0.410526,0.777778,1.0,1.0,0.15,1.0,1.0,0.000152,0.000106,1.9e-05,0.001689,2.1e-05,0.00136,0.007267
scidocs,q_sci_000383,pagerank,qrels_flip,synthetic corruption: qrels-derived edges with flip_prob=0.15,20,51,0.134211,11,10,True,1,10,7.0,7,8.0,4.0,8,4,20,ndcg_at_k,8.0,8,0.094737,0.6,1.0,1.0,0.15,1.0,1.0,0.000152,0.000106,1.9e-05,0.001689,0.003468,0.00136,0.007267
scidocs,q_sci_000383,greedy_fas_topological,qrels_flip,synthetic corruption: qrels-derived edges with flip_prob=0.15,20,51,0.134211,11,10,True,1,10,7.0,7,8.0,4.0,8,4,20,ndcg_at_k,6.0,6,-0.031579,0.422222,0.812653,0.611111,0.15,1.0,0.843137,0.000152,0.000106,1.9e-05,0.001689,7.9e-05,0.00136,0.007267
scidocs,q_sci_000383,greedy_fas_weighted_balance,qrels_flip,synthetic corruption: qrels-derived edges with flip_prob=0.15,20,51,0.134211,11,10,True,1,10,7.0,7,8.0,4.0,8,4,20,ndcg_at_k,8.0,8,0.336842,0.777778,1.0,1.0,0.15,1.0,1.0,0.000152,0.000106,1.9e-05,0.001689,3e-05,0.00136,0.007267
scidocs,q_sci_000383,greedy_fas_copeland,qrels_flip,synthetic corruption: qrels-derived edges with flip_prob=0.15,20,51,0.134211,11,10,True,1,10,7.0,7,8.0,4.0,8,4,20,ndcg_at_k,8.0,8,0.336842,0.777778,1.0,1.0,0.15,1.0,1.0,0.000152,0.000106,1.9e-05,0.001689,2.9e-05,0.00136,0.007267
scidocs,q_sci_000383,greedy_fas_score_augmented_topological,qrels_flip,synthetic corruption: qrels-derived edges with flip_prob=0.15,20,51,0.134211,11,10,True,1,10,7.0,7,8.0,4.0,8,4,20,ndcg_at_k,6.0,6,-0.484211,0.244444,0.851959,0.680556,0.15,1.0,0.882353,0.000152,0.000106,1.9e-05,0.001689,5e-05,0.00136,0.007267
scidocs,q_sci_000383,fas_balance_score_prior_alpha_beta,qrels_flip,synthetic corruption: qrels-derived edges with flip_prob=0.15,20,51,0.134211,11,10,True,1,10,7.0,7,8.0,4.0,8,4,20,ndcg_at_k,8.0,8,0.336842,0.777778,1.0,1.0,0.15,1.0,1.0,0.000152,0.000106,1.9e-05,0.001689,4.9e-05,0.00136,0.007267
scidocs,q_sci_000383,hybrid_rrf_fas_regularized,qrels_flip,synthetic corruption: qrels-derived edges with flip_prob=0.15,20,51,0.134211,11,10,True,1,10,7.0,7,8.0,4.0,8,4,20,ndcg_at_k,8.0,8,0.336842,0.777778,1.0,1.0,0.15,1.0,1.0,0.000152,0.000106,1.9e-05,0.001689,4e-05,0.00136,0.007267
scidocs,q_sci_000383,hybrid_rrf_balance_a05,qrels_flip,synthetic corruption: qrels-derived edges with flip_prob=0.15,20,51,0.134211,11,10,True,1,10,7.0,7,8.0,4.0,8,4,20,ndcg_at_k,8.0,8,0.336842,0.777778,1.0,1.0,0.15,1.0,1.0,0.000152,0.000106,1.9e-05,0.001689,3.5e-05,0.00136,0.007267
scidocs,q_sci_000383,hybrid_rrf_copeland_a03,qrels_flip,synthetic corruption: qrels-derived edges with flip_prob=0.15,20,51,0.134211,11,10,True,1,10,7.0,7,8.0,4.0,8,4,20,ndcg_at_k,8.0,8,0.336842,0.777778,1.0,1.0,0.15,1.0,1.0,0.000152,0.000106,1.9e-05,0.001689,3.5e-05,0.00136,0.007267
scidocs,q_sci_000383,hybrid_rrf_priority_topo_a03,qrels_flip,synthetic corruption: qrels-derived edges with flip_prob=0.15,20,51,0.134211,11,10,True,1,10,7.0,7,8.0,4.0,8,4,20,ndcg_at_k,6.0,6,-0.284211,0.422222,0.851959,0.680556,0.15,1.0,0.882353,0.000152,0.000106,1.9e-05,0.001689,7.6e-05,0.00136,0.007267
scidocs,q_sci_000045,score_sum,qrels_flip,synthetic corruption: qrels-derived edges with flip_prob=0.15,20,51,0.134211,12,9,True,1,9,5.0,5,9.0,8.0,9,8,20,ndcg_at_k,9.0,9,0.631579,0.6,1.0,1.0,0.15,1.0,1.0,0.000142,0.000115,2.2e-05,0.000841,2.8e-05,0.001345,0.00539
scidocs,q_sci_000045,borda,qrels_flip,synthetic corruption: qrels-derived edges with flip_prob=0.15,20,51,0.134211,12,9,True,1,9,5.0,5,9.0,8.0,9,8,20,ndcg_at_k,9.0,9,0.631579,0.6,1.0,1.0,0.15,1.0,1.0,0.000142,0.000115,2.2e-05,0.000841,1.9e-05,0.001345,0.00539
scidocs,q_sci_000045,pagerank,qrels_flip,synthetic corruption: qrels-derived edges with flip_prob=0.15,20,51,0.134211,12,9,True,1,9,5.0,5,9.0,8.0,9,8,20,ndcg_at_k,9.0,9,0.357895,0.555556,1.0,1.0,0.15,1.0,1.0,0.000142,0.000115,2.2e-05,0.000841,0.002488,0.001345,0.00539
scidocs,q_sci_000045,greedy_fas_topological,qrels_flip,synthetic corruption: qrels-derived edges with flip_prob=0.15,20,51,0.134211,12,9,True,1,9,5.0,5,9.0,8.0,9,8,20,ndcg_at_k,5.0,5,0.157895,0.377778,0.761357,0.528571,0.15,1.0,0.764706,0.000142,0.000115,2.2e-05,0.000841,6.2e-05,0.001345,0.00539
scidocs,q_sci_000045,greedy_fas_weighted_balance,qrels_flip,synthetic corruption: qrels-derived edges with flip_prob=0.15,20,51,0.134211,12,9,True,1,9,5.0,5,9.0,8.0,9,8,20,ndcg_at_k,9.0,9,0.526316,0.644444,1.0,1.0,0.15,1.0,1.0,0.000142,0.000115,2.2e-05,0.000841,3e-05,0.001345,0.00539
scidocs,q_sci_000045,greedy_fas_copeland,qrels_flip,synthetic corruption: qrels-derived edges with flip_prob=0.15,20,51,0.134211,12,9,True,1,9,5.0,5,9.0,8.0,9,8,20,ndcg_at_k,9.0,9,0.526316,0.644444,1.0,1.0,0.15,1.0,1.0,0.000142,0.000115,2.2e-05,0.000841,2.8e-05,0.001345,0.00539
scidocs,q_sci_000045,greedy_fas_score_augmented_topological,qrels_flip,synthetic corruption: qrels-derived edges with flip_prob=0.15,20,51,0.134211,12,9,True,1,9,5.0,5,9.0,8.0,9,8,20,ndcg_at_k,5.0,5,-0.168421,0.511111,0.761357,0.528571,0.15,1.0,0.764706,0.000142,0.000115,2.2e-05,0.000841,4.5e-05,0.001345,0.00539
scidocs,q_sci_000045,fas_balance_score_prior_alpha_beta,qrels_flip,synthetic corruption: qrels-derived edges with flip_prob=0.15,20,51,0.134211,12,9,True,1,9,5.0,5,9.0,8.0,9,8,20,ndcg_at_k,9.0,9,0.526316,0.644444,1.0,1.0,0.15,1.0,1.0,0.000142,0.000115,2.2e-05,0.000841,5.2e-05,0.001345,0.00539
scidocs,q_sci_000045,hybrid_rrf_fas_regularized,qrels_flip,synthetic corruption: qrels-derived edges with flip_prob=0.15,20,51,0.134211,12,9,True,1,9,5.0,5,9.0,8.0,9,8,20,ndcg_at_k,9.0,9,0.526316,0.644444,1.0,1.0,0.15,1.0,1.0,0.000142,0.000115,2.2e-05,0.000841,3.9e-05,0.001345,0.00539
scidocs,q_sci_000045,hybrid_rrf_balance_a05,qrels_flip,synthetic corruption: qrels-derived edges with flip_prob=0.15,20,51,0.134211,12,9,True,1,9,5.0,5,9.0,8.0,9,8,20,ndcg_at_k,9.0,9,0.526316,0.644444,1.0,1.0,0.15,1.0,1.0,0.000142,0.000115,2.2e-05,0.000841,3.3e-05,0.001345,0.00539
scidocs,q_sci_000045,hybrid_rrf_copeland_a03,qrels_flip,synthetic corruption: qrels-derived edges with flip_prob=0.15,20,51,0.134211,12,9,True,1,9,5.0,5,9.0,8.0,9,8,20,ndcg_at_k,9.0,9,0.526316,0.644444,1.0,1.0,0.15,1.0,1.0,0.000142,0.000115,2.2e-05,0.000841,3.1e-05,0.001345,0.00539
scidocs,q_sci_000045,hybrid_rrf_priority_topo_a03,qrels_flip,synthetic corruption: qrels-derived edges with flip_prob=0.15,20,51,0.134211,12,9,True,1,9,5.0,5,9.0,8.0,9,8,20,ndcg_at_k,5.0,5,-0.063158,0.511111,0.761357,0.528571,0.15,1.0,0.764706,0.000142,0.000115,2.2e-05,0.000841,7e-05,0.001345,0.00539
scidocs,q_sci_000156,score_sum,qrels_flip,synthetic corruption: qrels-derived edges with flip_prob=0.15,20,51,0.134211,9,12,True,1,12,10.0,10,10.0,7.0,10,7,20,ndcg_at_k,10.0,10,0.578947,0.466667,1.0,1.0,0.15,1.0,1.0,0.00014,9.7e-05,1.7e-05,0.001685,2.7e-05,0.001377,0.00697
scidocs,q_sci_000156,borda,qrels_flip,synthetic corruption: qrels-derived edges with flip_prob=0.15,20,51,0.134211,9,12,True,1,12,10.0,10,10.0,7.0,10,7,20,ndcg_at_k,10.0,10,0.578947,0.466667,1.0,1.0,0.15,1.0,1.0,0.00014,9.7e-05,1.7e-05,0.001685,1.9e-05,0.001377,0.00697
scidocs,q_sci_000156,pagerank,qrels_flip,synthetic corruption: qrels-derived edges with flip_prob=0.15,20,51,0.134211,9,12,True,1,12,10.0,10,10.0,7.0,10,7,20,ndcg_at_k,10.0,10,0.294737,0.6,1.0,1.0,0.15,1.0,1.0,0.00014,9.7e-05,1.7e-05,0.001685,0.003218,0.001377,0.00697
scidocs,q_sci_000156,greedy_fas_topological,qrels_flip,synthetic corruption: qrels-derived edges with flip_prob=0.15,20,51,0.134211,9,12,True,1,12,10.0,10,10.0,7.0,10,7,20,ndcg_at_k,9.0,9,0.115789,0.377778,0.528617,0.305556,0.15,1.0,0.705882,0.00014,9.7e-05,1.7e-05,0.001685,6.1e-05,0.001377,0.00697
scidocs,q_sci_000156,greedy_fas_weighted_balance,qrels_flip,synthetic corruption: qrels-derived edges with flip_prob=0.15,20,51,0.134211,9,12,True,1,12,10.0,10,10.0,7.0,10,7,20,ndcg_at_k,10.0,10,0.536842,0.511111,1.0,1.0,0.15,1.0,1.0,0.00014,9.7e-05,1.7e-05,0.001685,2.8e-05,0.001377,0.00697
scidocs,q_sci_000156,greedy_fas_copeland,qrels_flip,synthetic corruption: qrels-derived edges with flip_prob=0.15,20,51,0.134211,9,12,True,1,12,10.0,10,10.0,7.0,10,7,20,ndcg_at_k,10.0,10,0.536842,0.511111,1.0,1.0,0.15,1.0,1.0,0.00014,9.7e-05,1.7e-05,0.001685,2.6e-05,0.001377,0.00697
scidocs,q_sci_000156,greedy_fas_score_augmented_topological,qrels_flip,synthetic corruption: qrels-derived edges with flip_prob=0.15,20,51,0.134211,9,12,True,1,12,10.0,10,10.0,7.0,10,7,20,ndcg_at_k,9.0,9,-0.084211,0.511111,0.528617,0.305556,0.15,1.0,0.705882,0.00014,9.7e-05,1.7e-05,0.001685,5.8e-05,0.001377,0.00697
scidocs,q_sci_000156,fas_balance_score_prior_alpha_beta,qrels_flip,synthetic corruption: qrels-derived edges with flip_prob=0.15,20,51,0.134211,9,12,True,1,12,10.0,10,10.0,7.0,10,7,20,ndcg_at_k,10.0,10,0.536842,0.511111,1.0,1.0,0.15,1.0,1.0,0.00014,9.7e-05,1.7e-05,0.001685,4.5e-05,0.001377,0.00697
scidocs,q_sci_000156,hybrid_rrf_fas_regularized,qrels_flip,synthetic corruption: qrels-derived edges with flip_prob=0.15,20,51,0.134211,9,12,True,1,12,10.0,10,10.0,7.0,10,7,20,ndcg_at_k,10.0,10,0.536842,0.511111,1.0,1.0,0.15,1.0,1.0,0.00014,9.7e-05,1.7e-05,0.001685,3.9e-05,0.001377,0.00697
scidocs,q_sci_000156,hybrid_rrf_balance_a05,qrels_flip,synthetic corruption: qrels-derived edges with flip_prob=0.15,20,51,0.134211,9,12,True,1,12,10.0,10,10.0,7.0,10,7,20,ndcg_at_k,10.0,10,0.536842,0.511111,1.0,1.0,0.15,1.0,1.0,0.00014,9.7e-05,1.7e-05,0.001685,3.4e-05,0.001377,0.00697
scidocs,q_sci_000156,hybrid_rrf_copeland_a03,qrels_flip,synthetic corruption: qrels-derived edges with flip_prob=0.15,20,51,0.134211,9,12,True,1,12,10.0,10,10.0,7.0,10,7,20,ndcg_at_k,10.0,10,0.536842,0.511111,1.0,1.0,0.15,1.0,1.0,0.00014,9.7e-05,1.7e-05,0.001685,3.2e-05,0.001377,0.00697
scidocs,q_sci_000156,hybrid_rrf_priority_topo_a03,qrels_flip,synthetic corruption: qrels-derived edges with flip_prob=0.15,20,51,0.134211,9,12,True,1,12,10.0,10,10.0,7.0,10,7,20,ndcg_at_k,10.0,10,-0.073684,0.6,0.542998,0.327778,0.15,1.0,0.72549,0.00014,9.7e-05,1.7e-05,0.001685,6.7e-05,0.001377,0.00697
scidocs,q_sci_000053,score_sum,qrels_flip,synthetic corruption: qrels-derived edges with flip_prob=0.15,20,51,0.134211,15,6,True,1,6,2.0,2,4.0,4.0,4,4,20,ndcg_at_k,4.0,4,0.694737,0.422222,1.0,1.0,0.15,1.0,1.0,0.000153,9.5e-05,2.1e-05,0.000756,2.7e-05,0.001437,0.005532
scidocs,q_sci_000053,borda,qrels_flip,synthetic corruption: qrels-derived edges with flip_prob=0.15,20,51,0.134211,15,6,True,1,6,2.0,2,4.0,4.0,4,4,20,ndcg_at_k,4.0,4,0.694737,0.422222,1.0,1.0,0.15,1.0,1.0,0.000153,9.5e-05,2.1e-05,0.000756,2e-05,0.001437,0.005532
scidocs,q_sci_000053,pagerank,qrels_flip,synthetic corruption: qrels-derived edges with flip_prob=0.15,20,51,0.134211,15,6,True,1,6,2.0,2,4.0,4.0,4,4,20,ndcg_at_k,4.0,4,0.294737,0.511111,1.0,1.0,0.15,1.0,1.0,0.000153,9.5e-05,2.1e-05,0.000756,0.002568,0.001437,0.005532
scidocs,q_sci_000053,greedy_fas_topological,qrels_flip,synthetic corruption: qrels-derived edges with flip_prob=0.15,20,51,0.134211,15,6,True,1,6,2.0,2,4.0,4.0,4,4,20,ndcg_at_k,2.0,2,0.221053,0.333333,0.827812,0.642857,0.15,1.0,0.882353,0.000153,9.5e-05,2.1e-05,0.000756,6.2e-05,0.001437,0.005532
scidocs,q_sci_000053,greedy_fas_weighted_balance,qrels_flip,synthetic corruption: qrels-derived edges with flip_prob=0.15,20,51,0.134211,15,6,True,1,6,2.0,2,4.0,4.0,4,4,20,ndcg_at_k,4.0,4,0.652632,0.466667,1.0,1.0,0.15,1.0,1.0,0.000153,9.5e-05,2.1e-05,0.000756,3e-05,0.001437,0.005532
scidocs,q_sci_000053,greedy_fas_copeland,qrels_flip,synthetic corruption: qrels-derived edges with flip_prob=0.15,20,51,0.134211,15,6,True,1,6,2.0,2,4.0,4.0,4,4,20,ndcg_at_k,4.0,4,0.652632,0.466667,1.0,1.0,0.15,1.0,1.0,0.000153,9.5e-05,2.1e-05,0.000756,2.7e-05,0.001437,0.005532
scidocs,q_sci_000053,greedy_fas_score_augmented_topological,qrels_flip,synthetic corruption: qrels-derived edges with flip_prob=0.15,20,51,0.134211,15,6,True,1,6,2.0,2,4.0,4.0,4,4,20,ndcg_at_k,2.0,2,-0.252632,0.511111,0.827812,0.642857,0.15,1.0,0.882353,0.000153,9.5e-05,2.1e-05,0.000756,5.1e-05,0.001437,0.005532
scidocs,q_sci_000053,fas_balance_score_prior_alpha_beta,qrels_flip,synthetic corruption: qrels-derived edges with flip_prob=0.15,20,51,0.134211,15,6,True,1,6,2.0,2,4.0,4.0,4,4,20,ndcg_at_k,4.0,4,0.652632,0.466667,1.0,1.0,0.15,1.0,1.0,0.000153,9.5e-05,2.1e-05,0.000756,6.9e-05,0.001437,0.005532
scidocs,q_sci_000053,hybrid_rrf_fas_regularized,qrels_flip,synthetic corruption: qrels-derived edges with flip_prob=0.15,20,51,0.134211,15,6,True,1,6,2.0,2,4.0,4.0,4,4,20,ndcg_at_k,4.0,4,0.652632,0.466667,1.0,1.0,0.15,1.0,1.0,0.000153,9.5e-05,2.1e-05,0.000756,4.2e-05,0.001437,0.005532
scidocs,q_sci_000053,hybrid_rrf_balance_a05,qrels_flip,synthetic corruption: qrels-derived edges with flip_prob=0.15,20,51,0.134211,15,6,True,1,6,2.0,2,4.0,4.0,4,4,20,ndcg_at_k,4.0,4,0.652632,0.466667,1.0,1.0,0.15,1.0,1.0,0.000153,9.5e-05,2.1e-05,0.000756,3.9e-05,0.001437,0.005532
scidocs,q_sci_000053,hybrid_rrf_copeland_a03,qrels_flip,synthetic corruption: qrels-derived edges with flip_prob=0.15,20,51,0.134211,15,6,True,1,6,2.0,2,4.0,4.0,4,4,20,ndcg_at_k,4.0,4,0.652632,0.466667,1.0,1.0,0.15,1.0,1.0,0.000153,9.5e-05,2.1e-05,0.000756,3.3e-05,0.001437,0.005532
scidocs,q_sci_000053,hybrid_rrf_priority_topo_a03,qrels_flip,synthetic corruption: qrels-derived edges with flip_prob=0.15,20,51,0.134211,15,6,True,1,6,2.0,2,4.0,4.0,4,4,20,ndcg_at_k,2.0,2,-0.252632,0.511111,0.827812,0.642857,0.15,1.0,0.882353,0.000153,9.5e-05,2.1e-05,0.000756,0.000102,0.001437,0.005532
scidocs,q_sci_000072,score_sum,qrels_flip,synthetic corruption: qrels-derived edges with flip_prob=0.15,20,75,0.197368,3,18,True,1,18,16.0,16,18.0,8.0,18,8,20,ndcg_at_k,18.0,18,0.652632,0.644444,1.0,1.0,0.25,1.0,1.0,0.000225,0.000111,1.6e-05,0.002028,3.3e-05,0.00149,0.007565
scidocs,q_sci_000072,borda,qrels_flip,synthetic corruption: qrels-derived edges with flip_prob=0.15,20,75,0.197368,3,18,True,1,18,16.0,16,18.0,8.0,18,8,20,ndcg_at_k,18.0,18,0.652632,0.644444,1.0,1.0,0.25,1.0,1.0,0.000225,0.000111,1.6e-05,0.002028,1.8e-05,0.00149,0.007565
scidocs,q_sci_000072,pagerank,qrels_flip,synthetic corruption: qrels-derived edges with flip_prob=0.15,20,75,0.197368,3,18,True,1,18,16.0,16,18.0,8.0,18,8,20,ndcg_at_k,18.0,18,0.494737,0.511111,1.0,1.0,0.25,1.0,1.0,0.000225,0.000111,1.6e-05,0.002028,0.003238,0.00149,0.007565
scidocs,q_sci_000072,greedy_fas_topological,qrels_flip,synthetic corruption: qrels-derived edges with flip_prob=0.15,20,75,0.197368,3,18,True,1,18,16.0,16,18.0,8.0,18,8,20,ndcg_at_k,14.0,14,0.305263,0.333333,0.880381,0.696786,0.25,1.0,0.786667,0.000225,0.000111,1.6e-05,0.002028,6.3e-05,0.00149,0.007565
scidocs,q_sci_000072,greedy_fas_weighted_balance,qrels_flip,synthetic corruption: qrels-derived edges with flip_prob=0.15,20,75,0.197368,3,18,True,1,18,16.0,16,18.0,8.0,18,8,20,ndcg_at_k,17.0,17,0.568421,0.688889,0.989606,0.966667,0.25,1.0,0.986667,0.000225,0.000111,1.6e-05,0.002028,3.5e-05,0.00149,0.007565
scidocs,q_sci_000072,greedy_fas_copeland,qrels_flip,synthetic corruption: qrels-derived edges with flip_prob=0.15,20,75,0.197368,3,18,True,1,18,16.0,16,18.0,8.0,18,8,20,ndcg_at_k,17.0,17,0.568421,0.688889,0.989606,0.966667,0.25,1.0,0.986667,0.000225,0.000111,1.6e-05,0.002028,2.6e-05,0.00149,0.007565
scidocs,q_sci_000072,greedy_fas_score_augmented_topological,qrels_flip,synthetic corruption: qrels-derived edges with flip_prob=0.15,20,75,0.197368,3,18,True,1,18,16.0,16,18.0,8.0,18,8,20,ndcg_at_k,11.0,11,-0.031579,0.2,0.886485,0.711209,0.25,1.0,0.826667,0.000225,0.000111,1.6e-05,0.002028,4.6e-05,0.00149,0.007565
scidocs,q_sci_000072,fas_balance_score_prior_alpha_beta,qrels_flip,synthetic corruption: qrels-derived edges with flip_prob=0.15,20,75,0.197368,3,18,True,1,18,16.0,16,18.0,8.0,18,8,20,ndcg_at_k,18.0,18,0.547368,0.688889,1.0,1.0,0.25,1.0,1.0,0.000225,0.000111,1.6e-05,0.002028,5.1e-05,0.00149,0.007565
scidocs,q_sci_000072,hybrid_rrf_fas_regularized,qrels_flip,synthetic corruption: qrels-derived edges with flip_prob=0.15,20,75,0.197368,3,18,True,1,18,16.0,16,18.0,8.0,18,8,20,ndcg_at_k,17.0,17,0.568421,0.688889,0.989606,0.966667,0.25,1.0,0.986667,0.000225,0.000111,1.6e-05,0.002028,4.3e-05,0.00149,0.007565
scidocs,q_sci_000072,hybrid_rrf_balance_a05,qrels_flip,synthetic corruption: qrels-derived edges with flip_prob=0.15,20,75,0.197368,3,18,True,1,18,16.0,16,18.0,8.0,18,8,20,ndcg_at_k,17.0,17,0.568421,0.688889,0.989606,0.966667,0.25,1.0,0.986667,0.000225,0.000111,1.6e-05,0.002028,3.8e-05,0.00149,0.007565
scidocs,q_sci_000072,hybrid_rrf_copeland_a03,qrels_flip,synthetic corruption: qrels-derived edges with flip_prob=0.15,20,75,0.197368,3,18,True,1,18,16.0,16,18.0,8.0,18,8,20,ndcg_at_k,17.0,17,0.568421,0.688889,0.989606,0.966667,0.25,1.0,0.986667,0.000225,0.000111,1.6e-05,0.002028,3.1e-05,0.00149,0.007565
scidocs,q_sci_000072,hybrid_rrf_priority_topo_a03,qrels_flip,synthetic corruption: qrels-derived edges with flip_prob=0.15,20,75,0.197368,3,18,True,1,18,16.0,16,18.0,8.0,18,8,20,ndcg_at_k,13.0,13,0.221053,0.333333,0.899079,0.735714,0.25,1.0,0.826667,0.000225,0.000111,1.6e-05,0.002028,7.3e-05,0.00149,0.007565
scidocs,q_sci_000315,score_sum,qrels_flip,synthetic corruption: qrels-derived edges with flip_prob=0.15,20,64,0.168421,11,10,True,1,10,4.0,4,7.0,5.0,7,5,20,ndcg_at_k,7.0,7,0.6,0.866667,1.0,1.0,0.2,1.0,1.0,0.00015,0.000984,1.7e-05,0.000938,2.8e-05,0.00135,0.00714
scidocs,q_sci_000315,borda,qrels_flip,synthetic corruption: qrels-derived edges with flip_prob=0.15,20,64,0.168421,11,10,True,1,10,4.0,4,7.0,5.0,7,5,20,ndcg_at_k,7.0,7,0.6,0.866667,1.0,1.0,0.2,1.0,1.0,0.00015,0.000984,1.7e-05,0.000938,1.9e-05,0.00135,0.00714
scidocs,q_sci_000315,pagerank,qrels_flip,synthetic corruption: qrels-derived edges with flip_prob=0.15,20,64,0.168421,11,10,True,1,10,4.0,4,7.0,5.0,7,5,20,ndcg_at_k,9.0,9,0.326316,0.777778,0.95583,0.8875,0.2,1.0,0.96875,0.00015,0.000984,1.7e-05,0.000938,0.003211,0.00135,0.00714
scidocs,q_sci_000315,greedy_fas_topological,qrels_flip,synthetic corruption: qrels-derived edges with flip_prob=0.15,20,64,0.168421,11,10,True,1,10,4.0,4,7.0,5.0,7,5,20,ndcg_at_k,4.0,4,0.263158,0.6,0.859741,0.691667,0.2,1.0,0.890625,0.00015,0.000984,1.7e-05,0.000938,9.7e-05,0.00135,0.00714
scidocs,q_sci_000315,greedy_fas_weighted_balance,qrels_flip,synthetic corruption: qrels-derived edges with flip_prob=0.15,20,64,0.168421,11,10,True,1,10,4.0,4,7.0,5.0,7,5,20,ndcg_at_k,7.0,7,0.536842,0.866667,1.0,1.0,0.2,1.0,1.0,0.00015,0.000984,1.7e-05,0.000938,3.4e-05,0.00135,0.00714
scidocs,q_sci_000315,greedy_fas_copeland,qrels_flip,synthetic corruption: qrels-derived edges with flip_prob=0.15,20,64,0.168421,11,10,True,1,10,4.0,4,7.0,5.0,7,5,20,ndcg_at_k,7.0,7,0.536842,0.866667,1.0,1.0,0.2,1.0,1.0,0.00015,0.000984,1.7e-05,0.000938,2.7e-05,0.00135,0.00714
scidocs,q_sci_000315,greedy_fas_score_augmented_topological,qrels_flip,synthetic corruption: qrels-derived edges with flip_prob=0.15,20,64,0.168421,11,10,True,1,10,4.0,4,7.0,5.0,7,5,20,ndcg_at_k,4.0,4,-0.147368,0.466667,0.859741,0.691667,0.2,1.0,0.890625,0.00015,0.000984,1.7e-05,0.000938,4.8e-05,0.00135,0.00714
scidocs,q_sci_000315,fas_balance_score_prior_alpha_beta,qrels_flip,synthetic corruption: qrels-derived edges with flip_prob=0.15,20,64,0.168421,11,10,True,1,10,4.0,4,7.0,5.0,7,5,20,ndcg_at_k,7.0,7,0.536842,0.866667,1.0,1.0,0.2,1.0,1.0,0.00015,0.000984,1.7e-05,0.000938,4.9e-05,0.00135,0.00714
scidocs,q_sci_000315,hybrid_rrf_fas_regularized,qrels_flip,synthetic corruption: qrels-derived edges with flip_prob=0.15,20,64,0.168421,11,10,True,1,10,4.0,4,7.0,5.0,7,5,20,ndcg_at_k,7.0,7,0.536842,0.866667,1.0,1.0,0.2,1.0,1.0,0.00015,0.000984,1.7e-05,0.000938,4.1e-05,0.00135,0.00714
scidocs,q_sci_000315,hybrid_rrf_balance_a05,qrels_flip,synthetic corruption: qrels-derived edges with flip_prob=0.15,20,64,0.168421,11,10,True,1,10,4.0,4,7.0,5.0,7,5,20,ndcg_at_k,7.0,7,0.536842,0.866667,1.0,1.0,0.2,1.0,1.0,0.00015,0.000984,1.7e-05,0.000938,3.6e-05,0.00135,0.00714
scidocs,q_sci_000315,hybrid_rrf_copeland_a03,qrels_flip,synthetic corruption: qrels-derived edges with flip_prob=0.15,20,64,0.168421,11,10,True,1,10,4.0,4,7.0,5.0,7,5,20,ndcg_at_k,7.0,7,0.536842,0.866667,1.0,1.0,0.2,1.0,1.0,0.00015,0.000984,1.7e-05,0.000938,3.7e-05,0.00135,0.00714
scidocs,q_sci_000315,hybrid_rrf_priority_topo_a03,qrels_flip,synthetic corruption: qrels-derived edges with flip_prob=0.15,20,64,0.168421,11,10,True,1,10,4.0,4,7.0,5.0,7,5,20,ndcg_at_k,4.0,4,-0.031579,0.466667,0.859741,0.691667,0.2,1.0,0.890625,0.00015,0.000984,1.7e-05,0.000938,7.4e-05,0.00135,0.00714
scidocs,q_sci_000209,score_sum,qrels_flip,synthetic corruption: qrels-derived edges with flip_prob=0.15,20,51,0.134211,9,12,True,1,12,10.0,10,10.0,5.0,10,5,20,ndcg_at_k,10.0,10,0.6,0.666667,1.0,1.0,0.15,1.0,1.0,0.000135,8.4e-05,1.6e-05,0.001797,2.7e-05,0.001357,0.007075
scidocs,q_sci_000209,borda,qrels_flip,synthetic corruption: qrels-derived edges with flip_prob=0.15,20,51,0.134211,9,12,True,1,12,10.0,10,10.0,5.0,10,5,20,ndcg_at_k,10.0,10,0.6,0.666667,1.0,1.0,0.15,1.0,1.0,0.000135,8.4e-05,1.6e-05,0.001797,1.9e-05,0.001357,0.007075
scidocs,q_sci_000209,pagerank,qrels_flip,synthetic corruption: qrels-derived edges with flip_prob=0.15,20,51,0.134211,9,12,True,1,12,10.0,10,10.0,5.0,10,5,20,ndcg_at_k,12.0,12,0.315789,0.777778,0.906025,0.805556,0.15,1.0,0.960784,0.000135,8.4e-05,1.6e-05,0.001797,0.003237,0.001357,0.007075
scidocs,q_sci_000209,greedy_fas_topological,qrels_flip,synthetic corruption: qrels-derived edges with flip_prob=0.15,20,51,0.134211,9,12,True,1,12,10.0,10,10.0,5.0,10,5,20,ndcg_at_k,10.0,10,0.094737,0.611111,0.830735,0.638889,0.15,1.0,0.803922,0.000135,8.4e-05,1.6e-05,0.001797,6e-05,0.001357,0.007075
scidocs,q_sci_000209,greedy_fas_weighted_balance,qrels_flip,synthetic corruption: qrels-derived edges with flip_prob=0.15,20,51,0.134211,9,12,True,1,12,10.0,10,10.0,5.0,10,5,20,ndcg_at_k,10.0,10,0.526316,0.611111,1.0,1.0,0.15,1.0,1.0,0.000135,8.4e-05,1.6e-05,0.001797,2.9e-05,0.001357,0.007075
scidocs,q_sci_000209,greedy_fas_copeland,qrels_flip,synthetic corruption: qrels-derived edges with flip_prob=0.15,20,51,0.134211,9,12,True,1,12,10.0,10,10.0,5.0,10,5,20,ndcg_at_k,10.0,10,0.526316,0.611111,1.0,1.0,0.15,1.0,1.0,0.000135,8.4e-05,1.6e-05,0.001797,2.5e-05,0.001357,0.007075
scidocs,q_sci_000209,greedy_fas_score_augmented_topological,qrels_flip,synthetic corruption: qrels-derived edges with flip_prob=0.15,20,51,0.134211,9,12,True,1,12,10.0,10,10.0,5.0,10,5,20,ndcg_at_k,10.0,10,-0.168421,0.5,0.830735,0.638889,0.15,1.0,0.803922,0.000135,8.4e-05,1.6e-05,0.001797,4.5e-05,0.001357,0.007075
scidocs,q_sci_000209,fas_balance_score_prior_alpha_beta,qrels_flip,synthetic corruption: qrels-derived edges with flip_prob=0.15,20,51,0.134211,9,12,True,1,12,10.0,10,10.0,5.0,10,5,20,ndcg_at_k,10.0,10,0.526316,0.611111,1.0,1.0,0.15,1.0,1.0,0.000135,8.4e-05,1.6e-05,0.001797,4.7e-05,0.001357,0.007075
scidocs,q_sci_000209,hybrid_rrf_fas_regularized,qrels_flip,synthetic corruption: qrels-derived edges with flip_prob=0.15,20,51,0.134211,9,12,True,1,12,10.0,10,10.0,5.0,10,5,20,ndcg_at_k,10.0,10,0.526316,0.611111,1.0,1.0,0.15,1.0,1.0,0.000135,8.4e-05,1.6e-05,0.001797,5.8e-05,0.001357,0.007075
scidocs,q_sci_000209,hybrid_rrf_balance_a05,qrels_flip,synthetic corruption: qrels-derived edges with flip_prob=0.15,20,51,0.134211,9,12,True,1,12,10.0,10,10.0,5.0,10,5,20,ndcg_at_k,10.0,10,0.526316,0.611111,1.0,1.0,0.15,1.0,1.0,0.000135,8.4e-05,1.6e-05,0.001797,3.5e-05,0.001357,0.007075
scidocs,q_sci_000209,hybrid_rrf_copeland_a03,qrels_flip,synthetic corruption: qrels-derived edges with flip_prob=0.15,20,51,0.134211,9,12,True,1,12,10.0,10,10.0,5.0,10,5,20,ndcg_at_k,10.0,10,0.526316,0.611111,1.0,1.0,0.15,1.0,1.0,0.000135,8.4e-05,1.6e-05,0.001797,3.4e-05,0.001357,0.007075
scidocs,q_sci_000209,hybrid_rrf_priority_topo_a03,qrels_flip,synthetic corruption: qrels-derived edges with flip_prob=0.15,20,51,0.134211,9,12,True,1,12,10.0,10,10.0,5.0,10,5,20,ndcg_at_k,10.0,10,-0.094737,0.5,0.830735,0.638889,0.15,1.0,0.803922,0.000135,8.4e-05,1.6e-05,0.001797,7e-05,0.001357,0.007075
scidocs,q_sci_000074,score_sum,qrels_flip,synthetic corruption: qrels-derived edges with flip_prob=0.15,20,51,0.134211,11,10,True,1,10,5.0,5,8.0,5.0,8,5,20,ndcg_at_k,8.0,8,0.715789,0.722222,1.0,1.0,0.15,1.0,1.0,0.000143,8.7e-05,1.6e-05,0.001034,2.7e-05,0.001411,0.006361
scidocs,q_sci_000074,borda,qrels_flip,synthetic corruption: qrels-derived edges with flip_prob=0.15,20,51,0.134211,11,10,True,1,10,5.0,5,8.0,5.0,8,5,20,ndcg_at_k,8.0,8,0.715789,0.722222,1.0,1.0,0.15,1.0,1.0,0.000143,8.7e-05,1.6e-05,0.001034,1.8e-05,0.001411,0.006361
scidocs,q_sci_000074,pagerank,qrels_flip,synthetic corruption: qrels-derived edges with flip_prob=0.15,20,51,0.134211,11,10,True,1,10,5.0,5,8.0,5.0,8,5,20,ndcg_at_k,8.0,8,0.294737,0.722222,1.0,1.0,0.15,1.0,1.0,0.000143,8.7e-05,1.6e-05,0.001034,0.003205,0.001411,0.006361
scidocs,q_sci_000074,greedy_fas_topological,qrels_flip,synthetic corruption: qrels-derived edges with flip_prob=0.15,20,51,0.134211,11,10,True,1,10,5.0,5,8.0,5.0,8,5,20,ndcg_at_k,5.0,5,0.157895,0.388889,0.807247,0.609524,0.15,1.0,0.862745,0.000143,8.7e-05,1.6e-05,0.001034,6.3e-05,0.001411,0.006361
scidocs,q_sci_000074,greedy_fas_weighted_balance,qrels_flip,synthetic corruption: qrels-derived edges with flip_prob=0.15,20,51,0.134211,11,10,True,1,10,5.0,5,8.0,5.0,8,5,20,ndcg_at_k,8.0,8,0.663158,0.722222,1.0,1.0,0.15,1.0,1.0,0.000143,8.7e-05,1.6e-05,0.001034,2.9e-05,0.001411,0.006361
scidocs,q_sci_000074,greedy_fas_copeland,qrels_flip,synthetic corruption: qrels-derived edges with flip_prob=0.15,20,51,0.134211,11,10,True,1,10,5.0,5,8.0,5.0,8,5,20,ndcg_at_k,8.0,8,0.663158,0.722222,1.0,1.0,0.15,1.0,1.0,0.000143,8.7e-05,1.6e-05,0.001034,2.5e-05,0.001411,0.006361
scidocs,q_sci_000074,greedy_fas_score_augmented_topological,qrels_flip,synthetic corruption: qrels-derived edges with flip_prob=0.15,20,51,0.134211,11,10,True,1,10,5.0,5,8.0,5.0,8,5,20,ndcg_at_k,5.0,5,-0.147368,0.388889,0.807247,0.609524,0.15,1.0,0.862745,0.000143,8.7e-05,1.6e-05,0.001034,4.9e-05,0.001411,0.006361
scidocs,q_sci_000074,fas_balance_score_prior_alpha_beta,qrels_flip,synthetic corruption: qrels-derived edges with flip_prob=0.15,20,51,0.134211,11,10,True,1,10,5.0,5,8.0,5.0,8,5,20,ndcg_at_k,8.0,8,0.663158,0.722222,1.0,1.0,0.15,1.0,1.0,0.000143,8.7e-05,1.6e-05,0.001034,4.7e-05,0.001411,0.006361
scidocs,q_sci_000074,hybrid_rrf_fas_regularized,qrels_flip,synthetic corruption: qrels-derived edges with flip_prob=0.15,20,51,0.134211,11,10,True,1,10,5.0,5,8.0,5.0,8,5,20,ndcg_at_k,8.0,8,0.663158,0.722222,1.0,1.0,0.15,1.0,1.0,0.000143,8.7e-05,1.6e-05,0.001034,4e-05,0.001411,0.006361
scidocs,q_sci_000074,hybrid_rrf_balance_a05,qrels_flip,synthetic corruption: qrels-derived edges with flip_prob=0.15,20,51,0.134211,11,10,True,1,10,5.0,5,8.0,5.0,8,5,20,ndcg_at_k,8.0,8,0.663158,0.722222,1.0,1.0,0.15,1.0,1.0,0.000143,8.7e-05,1.6e-05,0.001034,3.7e-05,0.001411,0.006361
scidocs,q_sci_000074,hybrid_rrf_copeland_a03,qrels_flip,synthetic corruption: qrels-derived edges with flip_prob=0.15,20,51,0.134211,11,10,True,1,10,5.0,5,8.0,5.0,8,5,20,ndcg_at_k,8.0,8,0.663158,0.722222,1.0,1.0,0.15,1.0,1.0,0.000143,8.7e-05,1.6e-05,0.001034,5.5e-05,0.001411,0.006361
scidocs,q_sci_000074,hybrid_rrf_priority_topo_a03,qrels_flip,synthetic corruption: qrels-derived edges with flip_prob=0.15,20,51,0.134211,11,10,True,1,10,5.0,5,8.0,5.0,8,5,20,ndcg_at_k,5.0,5,0.063158,0.444444,0.807247,0.609524,0.15,1.0,0.862745,0.000143,8.7e-05,1.6e-05,0.001034,7.5e-05,0.001411,0.006361
scidocs,q_sci_000333,score_sum,qrels_flip,synthetic corruption: qrels-derived edges with flip_prob=0.15,20,51,0.134211,17,4,True,1,4,1.0,1,7.0,6.0,7,6,20,ndcg_at_k,7.0,7,0.768421,0.166667,1.0,1.0,0.15,1.0,1.0,0.000145,8.4e-05,1.7e-05,0.000757,2.6e-05,0.001318,0.006011
scidocs,q_sci_000333,borda,qrels_flip,synthetic corruption: qrels-derived edges with flip_prob=0.15,20,51,0.134211,17,4,True,1,4,1.0,1,7.0,6.0,7,6,20,ndcg_at_k,7.0,7,0.768421,0.166667,1.0,1.0,0.15,1.0,1.0,0.000145,8.4e-05,1.7e-05,0.000757,1.8e-05,0.001318,0.006011
scidocs,q_sci_000333,pagerank,qrels_flip,synthetic corruption: qrels-derived edges with flip_prob=0.15,20,51,0.134211,17,4,True,1,4,1.0,1,7.0,6.0,7,6,20,ndcg_at_k,5.0,5,0.368421,0.222222,0.946902,0.866667,0.15,1.0,0.960784,0.000145,8.4e-05,1.7e-05,0.000757,0.003245,0.001318,0.006011
scidocs,q_sci_000333,greedy_fas_topological,qrels_flip,synthetic corruption: qrels-derived edges with flip_prob=0.15,20,51,0.134211,17,4,True,1,4,1.0,1,7.0,6.0,7,6,20,ndcg_at_k,1.0,1,0.336842,0.111111,0.851959,0.680556,0.15,1.0,0.882353,0.000145,8.4e-05,1.7e-05,0.000757,7.1e-05,0.001318,0.006011
scidocs,q_sci_000333,greedy_fas_weighted_balance,qrels_flip,synthetic corruption: qrels-derived edges with flip_prob=0.15,20,51,0.134211,17,4,True,1,4,1.0,1,7.0,6.0,7,6,20,ndcg_at_k,7.0,7,0.768421,0.166667,1.0,1.0,0.15,1.0,1.0,0.000145,8.4e-05,1.7e-05,0.000757,3.1e-05,0.001318,0.006011
scidocs,q_sci_000333,greedy_fas_copeland,qrels_flip,synthetic corruption: qrels-derived edges with flip_prob=0.15,20,51,0.134211,17,4,True,1,4,1.0,1,7.0,6.0,7,6,20,ndcg_at_k,7.0,7,0.768421,0.166667,1.0,1.0,0.15,1.0,1.0,0.000145,8.4e-05,1.7e-05,0.000757,2.7e-05,0.001318,0.006011
scidocs,q_sci_000333,greedy_fas_score_augmented_topological,qrels_flip,synthetic corruption: qrels-derived edges with flip_prob=0.15,20,51,0.134211,17,4,True,1,4,1.0,1,7.0,6.0,7,6,20,ndcg_at_k,1.0,1,-0.042105,0.055556,0.851959,0.680556,0.15,1.0,0.882353,0.000145,8.4e-05,1.7e-05,0.000757,4.7e-05,0.001318,0.006011
scidocs,q_sci_000333,fas_balance_score_prior_alpha_beta,qrels_flip,synthetic corruption: qrels-derived edges with flip_prob=0.15,20,51,0.134211,17,4,True,1,4,1.0,1,7.0,6.0,7,6,20,ndcg_at_k,7.0,7,0.768421,0.166667,1.0,1.0,0.15,1.0,1.0,0.000145,8.4e-05,1.7e-05,0.000757,4.6e-05,0.001318,0.006011
scidocs,q_sci_000333,hybrid_rrf_fas_regularized,qrels_flip,synthetic corruption: qrels-derived edges with flip_prob=0.15,20,51,0.134211,17,4,True,1,4,1.0,1,7.0,6.0,7,6,20,ndcg_at_k,7.0,7,0.768421,0.166667,1.0,1.0,0.15,1.0,1.0,0.000145,8.4e-05,1.7e-05,0.000757,3.8e-05,0.001318,0.006011
scidocs,q_sci_000333,hybrid_rrf_balance_a05,qrels_flip,synthetic corruption: qrels-derived edges with flip_prob=0.15,20,51,0.134211,17,4,True,1,4,1.0,1,7.0,6.0,7,6,20,ndcg_at_k,7.0,7,0.768421,0.166667,1.0,1.0,0.15,1.0,1.0,0.000145,8.4e-05,1.7e-05,0.000757,3.4e-05,0.001318,0.006011
scidocs,q_sci_000333,hybrid_rrf_copeland_a03,qrels_flip,synthetic corruption: qrels-derived edges with flip_prob=0.15,20,51,0.134211,17,4,True,1,4,1.0,1,7.0,6.0,7,6,20,ndcg_at_k,7.0,7,0.768421,0.166667,1.0,1.0,0.15,1.0,1.0,0.000145,8.4e-05,1.7e-05,0.000757,3.6e-05,0.001318,0.006011
scidocs,q_sci_000333,hybrid_rrf_priority_topo_a03,qrels_flip,synthetic corruption: qrels-derived edges with flip_prob=0.15,20,51,0.134211,17,4,True,1,4,1.0,1,7.0,6.0,7,6,20,ndcg_at_k,1.0,1,-0.021053,0.055556,0.851959,0.680556,0.15,1.0,0.882353,0.000145,8.4e-05,1.7e-05,0.000757,7.1e-05,0.001318,0.006011
scidocs,q_sci_000403,score_sum,qrels_flip,synthetic corruption: qrels-derived edges with flip_prob=0.15,20,75,0.197368,8,13,True,1,13,12.0,12,14.0,8.0,14,8,20,ndcg_at_k,14.0,14,0.421053,0.733333,1.0,1.0,0.25,1.0,1.0,0.000178,0.000166,1.7e-05,0.001995,3.3e-05,0.001496,0.007585
scidocs,q_sci_000403,borda,qrels_flip,synthetic corruption: qrels-derived edges with flip_prob=0.15,20,75,0.197368,8,13,True,1,13,12.0,12,14.0,8.0,14,8,20,ndcg_at_k,14.0,14,0.421053,0.733333,1.0,1.0,0.25,1.0,1.0,0.000178,0.000166,1.7e-05,0.001995,1.9e-05,0.001496,0.007585
scidocs,q_sci_000403,pagerank,qrels_flip,synthetic corruption: qrels-derived edges with flip_prob=0.15,20,75,0.197368,8,13,True,1,13,12.0,12,14.0,8.0,14,8,20,ndcg_at_k,12.0,12,0.210526,0.866667,0.773893,0.68619,0.25,1.0,0.92,0.000178,0.000166,1.7e-05,0.001995,0.003236,0.001496,0.007585
scidocs,q_sci_000403,greedy_fas_topological,qrels_flip,synthetic corruption: qrels-derived edges with flip_prob=0.15,20,75,0.197368,8,13,True,1,13,12.0,12,14.0,8.0,14,8,20,ndcg_at_k,11.0,11,0.242105,0.422222,0.807639,0.590909,0.25,1.0,0.8,0.000178,0.000166,1.7e-05,0.001995,6.8e-05,0.001496,0.007585
scidocs,q_sci_000403,greedy_fas_weighted_balance,qrels_flip,synthetic corruption: qrels-derived edges with flip_prob=0.15,20,75,0.197368,8,13,True,1,13,12.0,12,14.0,8.0,14,8,20,ndcg_at_k,14.0,14,0.452632,0.6,1.0,1.0,0.25,1.0,1.0,0.000178,0.000166,1.7e-05,0.001995,3.6e-05,0.001496,0.007585
scidocs,q_sci_000403,greedy_fas_copeland,qrels_flip,synthetic corruption: qrels-derived edges with flip_prob=0.15,20,75,0.197368,8,13,True,1,13,12.0,12,14.0,8.0,14,8,20,ndcg_at_k,14.0,14,0.452632,0.6,1.0,1.0,0.25,1.0,1.0,0.000178,0.000166,1.7e-05,0.001995,2.6e-05,0.001496,0.007585
scidocs,q_sci_000403,greedy_fas_score_augmented_topological,qrels_flip,synthetic corruption: qrels-derived edges with flip_prob=0.15,20,75,0.197368,8,13,True,1,13,12.0,12,14.0,8.0,14,8,20,ndcg_at_k,11.0,11,0.031579,0.466667,0.807639,0.590909,0.25,1.0,0.8,0.000178,0.000166,1.7e-05,0.001995,4.4e-05,0.001496,0.007585
scidocs,q_sci_000403,fas_balance_score_prior_alpha_beta,qrels_flip,synthetic corruption: qrels-derived edges with flip_prob=0.15,20,75,0.197368,8,13,True,1,13,12.0,12,14.0,8.0,14,8,20,ndcg_at_k,14.0,14,0.431579,0.644444,1.0,1.0,0.25,1.0,1.0,0.000178,0.000166,1.7e-05,0.001995,5.2e-05,0.001496,0.007585
scidocs,q_sci_000403,hybrid_rrf_fas_regularized,qrels_flip,synthetic corruption: qrels-derived edges with flip_prob=0.15,20,75,0.197368,8,13,True,1,13,12.0,12,14.0,8.0,14,8,20,ndcg_at_k,14.0,14,0.452632,0.6,1.0,1.0,0.25,1.0,1.0,0.000178,0.000166,1.7e-05,0.001995,4.4e-05,0.001496,0.007585
scidocs,q_sci_000403,hybrid_rrf_balance_a05,qrels_flip,synthetic corruption: qrels-derived edges with flip_prob=0.15,20,75,0.197368,8,13,True,1,13,12.0,12,14.0,8.0,14,8,20,ndcg_at_k,14.0,14,0.452632,0.6,1.0,1.0,0.25,1.0,1.0,0.000178,0.000166,1.7e-05,0.001995,4.6e-05,0.001496,0.007585
scidocs,q_sci_000403,hybrid_rrf_copeland_a03,qrels_flip,synthetic corruption: qrels-derived edges with flip_prob=0.15,20,75,0.197368,8,13,True,1,13,12.0,12,14.0,8.0,14,8,20,ndcg_at_k,14.0,14,0.452632,0.6,1.0,1.0,0.25,1.0,1.0,0.000178,0.000166,1.7e-05,0.001995,3.3e-05,0.001496,0.007585
scidocs,q_sci_000403,hybrid_rrf_priority_topo_a03,qrels_flip,synthetic corruption: qrels-derived edges with flip_prob=0.15,20,75,0.197368,8,13,True,1,13,12.0,12,14.0,8.0,14,8,20,ndcg_at_k,12.0,12,0.094737,0.466667,0.811072,0.6,0.25,1.0,0.813333,0.000178,0.000166,1.7e-05,0.001995,9.6e-05,0.001496,0.007585
scidocs,q_sci_000415,score_sum,qrels_flip,synthetic corruption: qrels-derived edges with flip_prob=0.15,20,64,0.168421,10,11,True,1,11,7.0,7,9.0,7.0,9,7,20,ndcg_at_k,9.0,9,0.8,0.709091,1.0,1.0,0.2,1.0,1.0,0.000165,0.000111,2.1e-05,0.001317,3e-05,0.001493,0.006157
scidocs,q_sci_000415,borda,qrels_flip,synthetic corruption: qrels-derived edges with flip_prob=0.15,20,64,0.168421,10,11,True,1,11,7.0,7,9.0,7.0,9,7,20,ndcg_at_k,9.0,9,0.8,0.709091,1.0,1.0,0.2,1.0,1.0,0.000165,0.000111,2.1e-05,0.001317,1.9e-05,0.001493,0.006157
scidocs,q_sci_000415,pagerank,qrels_flip,synthetic corruption: qrels-derived edges with flip_prob=0.15,20,64,0.168421,10,11,True,1,11,7.0,7,9.0,7.0,9,7,20,ndcg_at_k,9.0,9,0.589474,0.745455,1.0,1.0,0.2,1.0,1.0,0.000165,0.000111,2.1e-05,0.001317,0.002584,0.001493,0.006157
scidocs,q_sci_000415,greedy_fas_topological,qrels_flip,synthetic corruption: qrels-derived edges with flip_prob=0.15,20,64,0.168421,10,11,True,1,11,7.0,7,9.0,7.0,9,7,20,ndcg_at_k,7.0,7,0.410526,0.345455,0.801479,0.582143,0.2,1.0,0.8125,0.000165,0.000111,2.1e-05,0.001317,7.1e-05,0.001493,0.006157
scidocs,q_sci_000415,greedy_fas_weighted_balance,qrels_flip,synthetic corruption: qrels-derived edges with flip_prob=0.15,20,64,0.168421,10,11,True,1,11,7.0,7,9.0,7.0,9,7,20,ndcg_at_k,9.0,9,0.726316,0.563636,1.0,1.0,0.2,1.0,1.0,0.000165,0.000111,2.1e-05,0.001317,3.5e-05,0.001493,0.006157
scidocs,q_sci_000415,greedy_fas_copeland,qrels_flip,synthetic corruption: qrels-derived edges with flip_prob=0.15,20,64,0.168421,10,11,True,1,11,7.0,7,9.0,7.0,9,7,20,ndcg_at_k,9.0,9,0.726316,0.563636,1.0,1.0,0.2,1.0,1.0,0.000165,0.000111,2.1e-05,0.001317,2.8e-05,0.001493,0.006157
scidocs,q_sci_000415,greedy_fas_score_augmented_topological,qrels_flip,synthetic corruption: qrels-derived edges with flip_prob=0.15,20,64,0.168421,10,11,True,1,11,7.0,7,9.0,7.0,9,7,20,ndcg_at_k,7.0,7,0.2,0.345455,0.801479,0.582143,0.2,1.0,0.8125,0.000165,0.000111,2.1e-05,0.001317,4.6e-05,0.001493,0.006157
scidocs,q_sci_000415,fas_balance_score_prior_alpha_beta,qrels_flip,synthetic corruption: qrels-derived edges with flip_prob=0.15,20,64,0.168421,10,11,True,1,11,7.0,7,9.0,7.0,9,7,20,ndcg_at_k,9.0,9,0.726316,0.563636,1.0,1.0,0.2,1.0,1.0,0.000165,0.000111,2.1e-05,0.001317,5.1e-05,0.001493,0.006157
scidocs,q_sci_000415,hybrid_rrf_fas_regularized,qrels_flip,synthetic corruption: qrels-derived edges with flip_prob=0.15,20,64,0.168421,10,11,True,1,11,7.0,7,9.0,7.0,9,7,20,ndcg_at_k,9.0,9,0.726316,0.563636,1.0,1.0,0.2,1.0,1.0,0.000165,0.000111,2.1e-05,0.001317,4.2e-05,0.001493,0.006157
scidocs,q_sci_000415,hybrid_rrf_balance_a05,qrels_flip,synthetic corruption: qrels-derived edges with flip_prob=0.15,20,64,0.168421,10,11,True,1,11,7.0,7,9.0,7.0,9,7,20,ndcg_at_k,9.0,9,0.726316,0.563636,1.0,1.0,0.2,1.0,1.0,0.000165,0.000111,2.1e-05,0.001317,3.7e-05,0.001493,0.006157
scidocs,q_sci_000415,hybrid_rrf_copeland_a03,qrels_flip,synthetic corruption: qrels-derived edges with flip_prob=0.15,20,64,0.168421,10,11,True,1,11,7.0,7,9.0,7.0,9,7,20,ndcg_at_k,9.0,9,0.726316,0.563636,1.0,1.0,0.2,1.0,1.0,0.000165,0.000111,2.1e-05,0.001317,3.4e-05,0.001493,0.006157
scidocs,q_sci_000415,hybrid_rrf_priority_topo_a03,qrels_flip,synthetic corruption: qrels-derived edges with flip_prob=0.15,20,64,0.168421,10,11,True,1,11,7.0,7,9.0,7.0,9,7,20,ndcg_at_k,7.0,7,0.273684,0.309091,0.801479,0.582143,0.2,1.0,0.8125,0.000165,0.000111,2.1e-05,0.001317,7.3e-05,0.001493,0.006157
scidocs,q_sci_000092,score_sum,qrels_flip,synthetic corruption: qrels-derived edges with flip_prob=0.15,20,75,0.197368,8,13,True,1,13,12.0,12,11.0,4.0,11,4,20,ndcg_at_k,11.0,11,0.705263,0.611111,1.0,1.0,0.25,1.0,1.0,0.000166,0.000133,1.7e-05,0.002155,3.3e-05,0.001513,0.007683
scidocs,q_sci_000092,borda,qrels_flip,synthetic corruption: qrels-derived edges with flip_prob=0.15,20,75,0.197368,8,13,True,1,13,12.0,12,11.0,4.0,11,4,20,ndcg_at_k,11.0,11,0.705263,0.611111,1.0,1.0,0.25,1.0,1.0,0.000166,0.000133,1.7e-05,0.002155,2e-05,0.001513,0.007683
scidocs,q_sci_000092,pagerank,qrels_flip,synthetic corruption: qrels-derived edges with flip_prob=0.15,20,75,0.197368,8,13,True,1,13,12.0,12,11.0,4.0,11,4,20,ndcg_at_k,12.0,12,0.347368,0.777778,0.844238,0.678333,0.25,1.0,0.88,0.000166,0.000133,1.7e-05,0.002155,0.003201,0.001513,0.007683
scidocs,q_sci_000092,greedy_fas_topological,qrels_flip,synthetic corruption: qrels-derived edges with flip_prob=0.15,20,75,0.197368,8,13,True,1,13,12.0,12,11.0,4.0,11,4,20,ndcg_at_k,11.0,11,0.431579,0.388889,0.906875,0.755195,0.25,1.0,0.866667,0.000166,0.000133,1.7e-05,0.002155,6.5e-05,0.001513,0.007683
scidocs,q_sci_000092,greedy_fas_weighted_balance,qrels_flip,synthetic corruption: qrels-derived edges with flip_prob=0.15,20,75,0.197368,8,13,True,1,13,12.0,12,11.0,4.0,11,4,20,ndcg_at_k,11.0,11,0.694737,0.5,1.0,1.0,0.25,1.0,1.0,0.000166,0.000133,1.7e-05,0.002155,3.5e-05,0.001513,0.007683
scidocs,q_sci_000092,greedy_fas_copeland,qrels_flip,synthetic corruption: qrels-derived edges with flip_prob=0.15,20,75,0.197368,8,13,True,1,13,12.0,12,11.0,4.0,11,4,20,ndcg_at_k,11.0,11,0.694737,0.5,1.0,1.0,0.25,1.0,1.0,0.000166,0.000133,1.7e-05,0.002155,2.8e-05,0.001513,0.007683
scidocs,q_sci_000092,greedy_fas_score_augmented_topological,qrels_flip,synthetic corruption: qrels-derived edges with flip_prob=0.15,20,75,0.197368,8,13,True,1,13,12.0,12,11.0,4.0,11,4,20,ndcg_at_k,11.0,11,0.178947,0.333333,0.918065,0.783333,0.25,1.0,0.893333,0.000166,0.000133,1.7e-05,0.002155,6.5e-05,0.001513,0.007683
scidocs,q_sci_000092,fas_balance_score_prior_alpha_beta,qrels_flip,synthetic corruption: qrels-derived edges with flip_prob=0.15,20,75,0.197368,8,13,True,1,13,12.0,12,11.0,4.0,11,4,20,ndcg_at_k,11.0,11,0.684211,0.611111,1.0,1.0,0.25,1.0,1.0,0.000166,0.000133,1.7e-05,0.002155,5.2e-05,0.001513,0.007683
scidocs,q_sci_000092,hybrid_rrf_fas_regularized,qrels_flip,synthetic corruption: qrels-derived edges with flip_prob=0.15,20,75,0.197368,8,13,True,1,13,12.0,12,11.0,4.0,11,4,20,ndcg_at_k,11.0,11,0.694737,0.5,1.0,1.0,0.25,1.0,1.0,0.000166,0.000133,1.7e-05,0.002155,4.5e-05,0.001513,0.007683
scidocs,q_sci_000092,hybrid_rrf_balance_a05,qrels_flip,synthetic corruption: qrels-derived edges with flip_prob=0.15,20,75,0.197368,8,13,True,1,13,12.0,12,11.0,4.0,11,4,20,ndcg_at_k,11.0,11,0.694737,0.5,1.0,1.0,0.25,1.0,1.0,0.000166,0.000133,1.7e-05,0.002155,3.8e-05,0.001513,0.007683
scidocs,q_sci_000092,hybrid_rrf_copeland_a03,qrels_flip,synthetic corruption: qrels-derived edges with flip_prob=0.15,20,75,0.197368,8,13,True,1,13,12.0,12,11.0,4.0,11,4,20,ndcg_at_k,11.0,11,0.694737,0.5,1.0,1.0,0.25,1.0,1.0,0.000166,0.000133,1.7e-05,0.002155,3.4e-05,0.001513,0.007683
scidocs,q_sci_000092,hybrid_rrf_priority_topo_a03,qrels_flip,synthetic corruption: qrels-derived edges with flip_prob=0.15,20,75,0.197368,8,13,True,1,13,12.0,12,11.0,4.0,11,4,20,ndcg_at_k,10.0,10,0.347368,0.333333,0.922124,0.794444,0.25,1.0,0.906667,0.000166,0.000133,1.7e-05,0.002155,8.3e-05,0.001513,0.007683
scidocs,q_sci_000215,score_sum,qrels_flip,synthetic corruption: qrels-derived edges with flip_prob=0.15,20,64,0.168421,9,12,True,1,12,14.0,14,10.0,3.0,10,3,20,ndcg_at_k,10.0,10,0.610526,0.333333,1.0,1.0,0.2,1.0,1.0,0.000149,0.000109,1.7e-05,0.002329,3e-05,0.001481,0.007798
scidocs,q_sci_000215,borda,qrels_flip,synthetic corruption: qrels-derived edges with flip_prob=0.15,20,64,0.168421,9,12,True,1,12,14.0,14,10.0,3.0,10,3,20,ndcg_at_k,10.0,10,0.610526,0.333333,1.0,1.0,0.2,1.0,1.0,0.000149,0.000109,1.7e-05,0.002329,1.9e-05,0.001481,0.007798
scidocs,q_sci_000215,pagerank,qrels_flip,synthetic corruption: qrels-derived edges with flip_prob=0.15,20,64,0.168421,9,12,True,1,12,14.0,14,10.0,3.0,10,3,20,ndcg_at_k,10.0,10,0.463158,0.333333,1.0,1.0,0.2,1.0,1.0,0.000149,0.000109,1.7e-05,0.002329,0.003261,0.001481,0.007798
scidocs,q_sci_000215,greedy_fas_topological,qrels_flip,synthetic corruption: qrels-derived edges with flip_prob=0.15,20,64,0.168421,9,12,True,1,12,14.0,14,10.0,3.0,10,3,20,ndcg_at_k,11.0,11,0.263158,0.155556,0.881234,0.708333,0.2,1.0,0.828125,0.000149,0.000109,1.7e-05,0.002329,6.2e-05,0.001481,0.007798
scidocs,q_sci_000215,greedy_fas_weighted_balance,qrels_flip,synthetic corruption: qrels-derived edges with flip_prob=0.15,20,64,0.168421,9,12,True,1,12,14.0,14,10.0,3.0,10,3,20,ndcg_at_k,10.0,10,0.6,0.288889,1.0,1.0,0.2,1.0,1.0,0.000149,0.000109,1.7e-05,0.002329,3.2e-05,0.001481,0.007798
scidocs,q_sci_000215,greedy_fas_copeland,qrels_flip,synthetic corruption: qrels-derived edges with flip_prob=0.15,20,64,0.168421,9,12,True,1,12,14.0,14,10.0,3.0,10,3,20,ndcg_at_k,10.0,10,0.6,0.288889,1.0,1.0,0.2,1.0,1.0,0.000149,0.000109,1.7e-05,0.002329,2.6e-05,0.001481,0.007798
scidocs,q_sci_000215,greedy_fas_score_augmented_topological,qrels_flip,synthetic corruption: qrels-derived edges with flip_prob=0.15,20,64,0.168421,9,12,True,1,12,14.0,14,10.0,3.0,10,3,20,ndcg_at_k,10.0,10,-0.063158,0.466667,0.806458,0.590909,0.2,1.0,0.8125,0.000149,0.000109,1.7e-05,0.002329,4.6e-05,0.001481,0.007798
scidocs,q_sci_000215,fas_balance_score_prior_alpha_beta,qrels_flip,synthetic corruption: qrels-derived edges with flip_prob=0.15,20,64,0.168421,9,12,True,1,12,14.0,14,10.0,3.0,10,3,20,ndcg_at_k,10.0,10,0.568421,0.288889,1.0,1.0,0.2,1.0,1.0,0.000149,0.000109,1.7e-05,0.002329,4.8e-05,0.001481,0.007798
scidocs,q_sci_000215,hybrid_rrf_fas_regularized,qrels_flip,synthetic corruption: qrels-derived edges with flip_prob=0.15,20,64,0.168421,9,12,True,1,12,14.0,14,10.0,3.0,10,3,20,ndcg_at_k,10.0,10,0.6,0.288889,1.0,1.0,0.2,1.0,1.0,0.000149,0.000109,1.7e-05,0.002329,4.6e-05,0.001481,0.007798
scidocs,q_sci_000215,hybrid_rrf_balance_a05,qrels_flip,synthetic corruption: qrels-derived edges with flip_prob=0.15,20,64,0.168421,9,12,True,1,12,14.0,14,10.0,3.0,10,3,20,ndcg_at_k,10.0,10,0.6,0.288889,1.0,1.0,0.2,1.0,1.0,0.000149,0.000109,1.7e-05,0.002329,3.6e-05,0.001481,0.007798
scidocs,q_sci_000215,hybrid_rrf_copeland_a03,qrels_flip,synthetic corruption: qrels-derived edges with flip_prob=0.15,20,64,0.168421,9,12,True,1,12,14.0,14,10.0,3.0,10,3,20,ndcg_at_k,10.0,10,0.6,0.288889,1.0,1.0,0.2,1.0,1.0,0.000149,0.000109,1.7e-05,0.002329,3.3e-05,0.001481,0.007798
scidocs,q_sci_000215,hybrid_rrf_priority_topo_a03,qrels_flip,synthetic corruption: qrels-derived edges with flip_prob=0.15,20,64,0.168421,9,12,True,1,12,14.0,14,10.0,3.0,10,3,20,ndcg_at_k,9.0,9,0.084211,0.377778,0.888584,0.725,0.2,1.0,0.859375,0.000149,0.000109,1.7e-05,0.002329,7.4e-05,0.001481,0.007798
scidocs,q_sci_000479,score_sum,qrels_flip,synthetic corruption: qrels-derived edges with flip_prob=0.15,20,64,0.168421,10,11,True,1,11,9.0,9,10.0,4.0,10,4,20,ndcg_at_k,10.0,10,0.673684,0.466667,1.0,1.0,0.2,1.0,1.0,0.000149,0.000148,1.8e-05,0.001682,3e-05,0.001451,0.007164
scidocs,q_sci_000479,borda,qrels_flip,synthetic corruption: qrels-derived edges with flip_prob=0.15,20,64,0.168421,10,11,True,1,11,9.0,9,10.0,4.0,10,4,20,ndcg_at_k,10.0,10,0.673684,0.466667,1.0,1.0,0.2,1.0,1.0,0.000149,0.000148,1.8e-05,0.001682,1.8e-05,0.001451,0.007164
scidocs,q_sci_000479,pagerank,qrels_flip,synthetic corruption: qrels-derived edges with flip_prob=0.15,20,64,0.168421,10,11,True,1,11,9.0,9,10.0,4.0,10,4,20,ndcg_at_k,7.0,7,0.294737,0.244444,0.883824,0.747024,0.2,1.0,0.921875,0.000149,0.000148,1.8e-05,0.001682,0.003259,0.001451,0.007164
scidocs,q_sci_000479,greedy_fas_topological,qrels_flip,synthetic corruption: qrels-derived edges with flip_prob=0.15,20,64,0.168421,10,11,True,1,11,9.0,9,10.0,4.0,10,4,20,ndcg_at_k,8.0,8,0.221053,0.244444,0.893255,0.736111,0.2,1.0,0.875,0.000149,0.000148,1.8e-05,0.001682,6.1e-05,0.001451,0.007164
scidocs,q_sci_000479,greedy_fas_weighted_balance,qrels_flip,synthetic corruption: qrels-derived edges with flip_prob=0.15,20,64,0.168421,10,11,True,1,11,9.0,9,10.0,4.0,10,4,20,ndcg_at_k,10.0,10,0.621053,0.333333,1.0,1.0,0.2,1.0,1.0,0.000149,0.000148,1.8e-05,0.001682,3.8e-05,0.001451,0.007164
scidocs,q_sci_000479,greedy_fas_copeland,qrels_flip,synthetic corruption: qrels-derived edges with flip_prob=0.15,20,64,0.168421,10,11,True,1,11,9.0,9,10.0,4.0,10,4,20,ndcg_at_k,10.0,10,0.621053,0.333333,1.0,1.0,0.2,1.0,1.0,0.000149,0.000148,1.8e-05,0.001682,2.7e-05,0.001451,0.007164
scidocs,q_sci_000479,greedy_fas_score_augmented_topological,qrels_flip,synthetic corruption: qrels-derived edges with flip_prob=0.15,20,64,0.168421,10,11,True,1,11,9.0,9,10.0,4.0,10,4,20,ndcg_at_k,7.0,7,-0.105263,0.2,0.89889,0.75,0.2,1.0,0.890625,0.000149,0.000148,1.8e-05,0.001682,5e-05,0.001451,0.007164
scidocs,q_sci_000479,fas_balance_score_prior_alpha_beta,qrels_flip,synthetic corruption: qrels-derived edges with flip_prob=0.15,20,64,0.168421,10,11,True,1,11,9.0,9,10.0,4.0,10,4,20,ndcg_at_k,10.0,10,0.621053,0.377778,1.0,1.0,0.2,1.0,1.0,0.000149,0.000148,1.8e-05,0.001682,4.9e-05,0.001451,0.007164
scidocs,q_sci_000479,hybrid_rrf_fas_regularized,qrels_flip,synthetic corruption: qrels-derived edges with flip_prob=0.15,20,64,0.168421,10,11,True,1,11,9.0,9,10.0,4.0,10,4,20,ndcg_at_k,10.0,10,0.621053,0.333333,1.0,1.0,0.2,1.0,1.0,0.000149,0.000148,1.8e-05,0.001682,4.1e-05,0.001451,0.007164
scidocs,q_sci_000479,hybrid_rrf_balance_a05,qrels_flip,synthetic corruption: qrels-derived edges with flip_prob=0.15,20,64,0.168421,10,11,True,1,11,9.0,9,10.0,4.0,10,4,20,ndcg_at_k,10.0,10,0.621053,0.333333,1.0,1.0,0.2,1.0,1.0,0.000149,0.000148,1.8e-05,0.001682,3.6e-05,0.001451,0.007164
scidocs,q_sci_000479,hybrid_rrf_copeland_a03,qrels_flip,synthetic corruption: qrels-derived edges with flip_prob=0.15,20,64,0.168421,10,11,True,1,11,9.0,9,10.0,4.0,10,4,20,ndcg_at_k,10.0,10,0.621053,0.333333,1.0,1.0,0.2,1.0,1.0,0.000149,0.000148,1.8e-05,0.001682,3.2e-05,0.001451,0.007164
scidocs,q_sci_000479,hybrid_rrf_priority_topo_a03,qrels_flip,synthetic corruption: qrels-derived edges with flip_prob=0.15,20,64,0.168421,10,11,True,1,11,9.0,9,10.0,4.0,10,4,20,ndcg_at_k,7.0,7,0.115789,0.244444,0.89889,0.75,0.2,1.0,0.890625,0.000149,0.000148,1.8e-05,0.001682,7.5e-05,0.001451,0.007164
scidocs,q_sci_000059,score_sum,qrels_flip,synthetic corruption: qrels-derived edges with flip_prob=0.15,20,51,0.134211,11,10,True,1,10,9.0,9,9.0,4.0,9,4,20,ndcg_at_k,9.0,9,0.642105,0.666667,1.0,1.0,0.15,1.0,1.0,0.000132,9.2e-05,1.6e-05,0.001875,2.7e-05,0.001337,0.007089
scidocs,q_sci_000059,borda,qrels_flip,synthetic corruption: qrels-derived edges with flip_prob=0.15,20,51,0.134211,11,10,True,1,10,9.0,9,9.0,4.0,9,4,20,ndcg_at_k,9.0,9,0.642105,0.666667,1.0,1.0,0.15,1.0,1.0,0.000132,9.2e-05,1.6e-05,0.001875,1.8e-05,0.001337,0.007089
scidocs,q_sci_000059,pagerank,qrels_flip,synthetic corruption: qrels-derived edges with flip_prob=0.15,20,51,0.134211,11,10,True,1,10,9.0,9,9.0,4.0,9,4,20,ndcg_at_k,9.0,9,0.410526,0.444444,1.0,1.0,0.15,1.0,1.0,0.000132,9.2e-05,1.6e-05,0.001875,0.003199,0.001337,0.007089
scidocs,q_sci_000059,greedy_fas_topological,qrels_flip,synthetic corruption: qrels-derived edges with flip_prob=0.15,20,51,0.134211,11,10,True,1,10,9.0,9,9.0,4.0,9,4,20,ndcg_at_k,8.0,8,0.305263,0.444444,0.807038,0.6,0.15,1.0,0.823529,0.000132,9.2e-05,1.6e-05,0.001875,6e-05,0.001337,0.007089
scidocs,q_sci_000059,greedy_fas_weighted_balance,qrels_flip,synthetic corruption: qrels-derived edges with flip_prob=0.15,20,51,0.134211,11,10,True,1,10,9.0,9,9.0,4.0,9,4,20,ndcg_at_k,9.0,9,0.621053,0.611111,1.0,1.0,0.15,1.0,1.0,0.000132,9.2e-05,1.6e-05,0.001875,2.9e-05,0.001337,0.007089
scidocs,q_sci_000059,greedy_fas_copeland,qrels_flip,synthetic corruption: qrels-derived edges with flip_prob=0.15,20,51,0.134211,11,10,True,1,10,9.0,9,9.0,4.0,9,4,20,ndcg_at_k,9.0,9,0.621053,0.611111,1.0,1.0,0.15,1.0,1.0,0.000132,9.2e-05,1.6e-05,0.001875,2.7e-05,0.001337,0.007089
scidocs,q_sci_000059,greedy_fas_score_augmented_topological,qrels_flip,synthetic corruption: qrels-derived edges with flip_prob=0.15,20,51,0.134211,11,10,True,1,10,9.0,9,9.0,4.0,9,4,20,ndcg_at_k,6.0,6,-0.357895,0.388889,0.860344,0.698413,0.15,1.0,0.901961,0.000132,9.2e-05,1.6e-05,0.001875,5.2e-05,0.001337,0.007089
scidocs,q_sci_000059,fas_balance_score_prior_alpha_beta,qrels_flip,synthetic corruption: qrels-derived edges with flip_prob=0.15,20,51,0.134211,11,10,True,1,10,9.0,9,9.0,4.0,9,4,20,ndcg_at_k,9.0,9,0.621053,0.611111,1.0,1.0,0.15,1.0,1.0,0.000132,9.2e-05,1.6e-05,0.001875,4.5e-05,0.001337,0.007089
scidocs,q_sci_000059,hybrid_rrf_fas_regularized,qrels_flip,synthetic corruption: qrels-derived edges with flip_prob=0.15,20,51,0.134211,11,10,True,1,10,9.0,9,9.0,4.0,9,4,20,ndcg_at_k,9.0,9,0.621053,0.611111,1.0,1.0,0.15,1.0,1.0,0.000132,9.2e-05,1.6e-05,0.001875,3.8e-05,0.001337,0.007089
scidocs,q_sci_000059,hybrid_rrf_balance_a05,qrels_flip,synthetic corruption: qrels-derived edges with flip_prob=0.15,20,51,0.134211,11,10,True,1,10,9.0,9,9.0,4.0,9,4,20,ndcg_at_k,9.0,9,0.621053,0.611111,1.0,1.0,0.15,1.0,1.0,0.000132,9.2e-05,1.6e-05,0.001875,3.4e-05,0.001337,0.007089
scidocs,q_sci_000059,hybrid_rrf_copeland_a03,qrels_flip,synthetic corruption: qrels-derived edges with flip_prob=0.15,20,51,0.134211,11,10,True,1,10,9.0,9,9.0,4.0,9,4,20,ndcg_at_k,9.0,9,0.621053,0.611111,1.0,1.0,0.15,1.0,1.0,0.000132,9.2e-05,1.6e-05,0.001875,3.3e-05,0.001337,0.007089
scidocs,q_sci_000059,hybrid_rrf_priority_topo_a03,qrels_flip,synthetic corruption: qrels-derived edges with flip_prob=0.15,20,51,0.134211,11,10,True,1,10,9.0,9,9.0,4.0,9,4,20,ndcg_at_k,5.0,5,-0.010526,0.388889,0.871079,0.722222,0.15,1.0,0.921569,0.000132,9.2e-05,1.6e-05,0.001875,7.5e-05,0.001337,0.007089
scidocs,q_sci_000368,score_sum,qrels_flip,synthetic corruption: qrels-derived edges with flip_prob=0.15,20,51,0.134211,10,11,True,1,11,7.0,7,11.0,9.0,11,9,20,ndcg_at_k,11.0,11,0.747368,0.555556,1.0,1.0,0.15,1.0,1.0,0.00013,8.7e-05,1.8e-05,0.000999,2.6e-05,0.001354,0.004493
scidocs,q_sci_000368,borda,qrels_flip,synthetic corruption: qrels-derived edges with flip_prob=0.15,20,51,0.134211,10,11,True,1,11,7.0,7,11.0,9.0,11,9,20,ndcg_at_k,11.0,11,0.747368,0.555556,1.0,1.0,0.15,1.0,1.0,0.00013,8.7e-05,1.8e-05,0.000999,1.8e-05,0.001354,0.004493
scidocs,q_sci_000368,pagerank,qrels_flip,synthetic corruption: qrels-derived edges with flip_prob=0.15,20,51,0.134211,10,11,True,1,11,7.0,7,11.0,9.0,11,9,20,ndcg_at_k,10.0,10,0.452632,0.5,0.967468,0.916667,0.15,1.0,0.980392,0.00013,8.7e-05,1.8e-05,0.000999,0.001482,0.001354,0.004493
scidocs,q_sci_000368,greedy_fas_topological,qrels_flip,synthetic corruption: qrels-derived edges with flip_prob=0.15,20,51,0.134211,10,11,True,1,11,7.0,7,11.0,9.0,11,9,20,ndcg_at_k,6.0,6,0.368421,0.222222,0.579325,0.345238,0.15,1.0,0.705882,0.00013,8.7e-05,1.8e-05,0.000999,5.9e-05,0.001354,0.004493
scidocs,q_sci_000368,greedy_fas_weighted_balance,qrels_flip,synthetic corruption: qrels-derived edges with flip_prob=0.15,20,51,0.134211,10,11,True,1,11,7.0,7,11.0,9.0,11,9,20,ndcg_at_k,11.0,11,0.694737,0.555556,1.0,1.0,0.15,1.0,1.0,0.00013,8.7e-05,1.8e-05,0.000999,2.9e-05,0.001354,0.004493
scidocs,q_sci_000368,greedy_fas_copeland,qrels_flip,synthetic corruption: qrels-derived edges with flip_prob=0.15,20,51,0.134211,10,11,True,1,11,7.0,7,11.0,9.0,11,9,20,ndcg_at_k,11.0,11,0.694737,0.555556,1.0,1.0,0.15,1.0,1.0,0.00013,8.7e-05,1.8e-05,0.000999,2.6e-05,0.001354,0.004493
scidocs,q_sci_000368,greedy_fas_score_augmented_topological,qrels_flip,synthetic corruption: qrels-derived edges with flip_prob=0.15,20,51,0.134211,10,11,True,1,11,7.0,7,11.0,9.0,11,9,20,ndcg_at_k,5.0,5,0.063158,0.166667,0.58341,0.352814,0.15,1.0,0.72549,0.00013,8.7e-05,1.8e-05,0.000999,4.4e-05,0.001354,0.004493
scidocs,q_sci_000368,fas_balance_score_prior_alpha_beta,qrels_flip,synthetic corruption: qrels-derived edges with flip_prob=0.15,20,51,0.134211,10,11,True,1,11,7.0,7,11.0,9.0,11,9,20,ndcg_at_k,11.0,11,0.694737,0.555556,1.0,1.0,0.15,1.0,1.0,0.00013,8.7e-05,1.8e-05,0.000999,4.9e-05,0.001354,0.004493
scidocs,q_sci_000368,hybrid_rrf_fas_regularized,qrels_flip,synthetic corruption: qrels-derived edges with flip_prob=0.15,20,51,0.134211,10,11,True,1,11,7.0,7,11.0,9.0,11,9,20,ndcg_at_k,11.0,11,0.694737,0.555556,1.0,1.0,0.15,1.0,1.0,0.00013,8.7e-05,1.8e-05,0.000999,4e-05,0.001354,0.004493
scidocs,q_sci_000368,hybrid_rrf_balance_a05,qrels_flip,synthetic corruption: qrels-derived edges with flip_prob=0.15,20,51,0.134211,10,11,True,1,11,7.0,7,11.0,9.0,11,9,20,ndcg_at_k,11.0,11,0.694737,0.555556,1.0,1.0,0.15,1.0,1.0,0.00013,8.7e-05,1.8e-05,0.000999,3.2e-05,0.001354,0.004493
scidocs,q_sci_000368,hybrid_rrf_copeland_a03,qrels_flip,synthetic corruption: qrels-derived edges with flip_prob=0.15,20,51,0.134211,10,11,True,1,11,7.0,7,11.0,9.0,11,9,20,ndcg_at_k,11.0,11,0.694737,0.555556,1.0,1.0,0.15,1.0,1.0,0.00013,8.7e-05,1.8e-05,0.000999,3.2e-05,0.001354,0.004493
scidocs,q_sci_000368,hybrid_rrf_priority_topo_a03,qrels_flip,synthetic corruption: qrels-derived edges with flip_prob=0.15,20,51,0.134211,10,11,True,1,11,7.0,7,11.0,9.0,11,9,20,ndcg_at_k,6.0,6,0.168421,0.166667,0.58816,0.361905,0.15,1.0,0.745098,0.00013,8.7e-05,1.8e-05,0.000999,6.8e-05,0.001354,0.004493
scidocs,q_sci_000163,score_sum,qrels_flip,synthetic corruption: qrels-derived edges with flip_prob=0.15,20,64,0.168421,12,9,True,1,9,7.0,7,6.0,3.0,6,3,20,ndcg_at_k,6.0,6,0.547368,0.833333,1.0,1.0,0.2,1.0,1.0,0.000141,0.000165,2e-05,0.001554,2.9e-05,0.001392,0.006264
scidocs,q_sci_000163,borda,qrels_flip,synthetic corruption: qrels-derived edges with flip_prob=0.15,20,64,0.168421,12,9,True,1,9,7.0,7,6.0,3.0,6,3,20,ndcg_at_k,6.0,6,0.547368,0.833333,1.0,1.0,0.2,1.0,1.0,0.000141,0.000165,2e-05,0.001554,1.8e-05,0.001392,0.006264
scidocs,q_sci_000163,pagerank,qrels_flip,synthetic corruption: qrels-derived edges with flip_prob=0.15,20,64,0.168421,12,9,True,1,9,7.0,7,6.0,3.0,6,3,20,ndcg_at_k,7.0,7,0.252632,0.777778,0.982892,0.95,0.2,1.0,0.984375,0.000141,0.000165,2e-05,0.001554,0.002549,0.001392,0.006264
scidocs,q_sci_000163,greedy_fas_topological,qrels_flip,synthetic corruption: qrels-derived edges with flip_prob=0.15,20,64,0.168421,12,9,True,1,9,7.0,7,6.0,3.0,6,3,20,ndcg_at_k,7.0,7,0.221053,0.611111,0.917655,0.7875,0.2,1.0,0.890625,0.000141,0.000165,2e-05,0.001554,5.9e-05,0.001392,0.006264
scidocs,q_sci_000163,greedy_fas_weighted_balance,qrels_flip,synthetic corruption: qrels-derived edges with flip_prob=0.15,20,64,0.168421,12,9,True,1,9,7.0,7,6.0,3.0,6,3,20,ndcg_at_k,6.0,6,0.515789,0.777778,1.0,1.0,0.2,1.0,1.0,0.000141,0.000165,2e-05,0.001554,3.3e-05,0.001392,0.006264
scidocs,q_sci_000163,greedy_fas_copeland,qrels_flip,synthetic corruption: qrels-derived edges with flip_prob=0.15,20,64,0.168421,12,9,True,1,9,7.0,7,6.0,3.0,6,3,20,ndcg_at_k,6.0,6,0.515789,0.777778,1.0,1.0,0.2,1.0,1.0,0.000141,0.000165,2e-05,0.001554,2.7e-05,0.001392,0.006264
scidocs,q_sci_000163,greedy_fas_score_augmented_topological,qrels_flip,synthetic corruption: qrels-derived edges with flip_prob=0.15,20,64,0.168421,12,9,True,1,9,7.0,7,6.0,3.0,6,3,20,ndcg_at_k,6.0,6,-0.178947,0.333333,0.922326,0.798611,0.2,1.0,0.90625,0.000141,0.000165,2e-05,0.001554,4.8e-05,0.001392,0.006264
scidocs,q_sci_000163,fas_balance_score_prior_alpha_beta,qrels_flip,synthetic corruption: qrels-derived edges with flip_prob=0.15,20,64,0.168421,12,9,True,1,9,7.0,7,6.0,3.0,6,3,20,ndcg_at_k,6.0,6,0.515789,0.777778,1.0,1.0,0.2,1.0,1.0,0.000141,0.000165,2e-05,0.001554,4.8e-05,0.001392,0.006264
scidocs,q_sci_000163,hybrid_rrf_fas_regularized,qrels_flip,synthetic corruption: qrels-derived edges with flip_prob=0.15,20,64,0.168421,12,9,True,1,9,7.0,7,6.0,3.0,6,3,20,ndcg_at_k,6.0,6,0.515789,0.777778,1.0,1.0,0.2,1.0,1.0,0.000141,0.000165,2e-05,0.001554,4.1e-05,0.001392,0.006264
scidocs,q_sci_000163,hybrid_rrf_balance_a05,qrels_flip,synthetic corruption: qrels-derived edges with flip_prob=0.15,20,64,0.168421,12,9,True,1,9,7.0,7,6.0,3.0,6,3,20,ndcg_at_k,6.0,6,0.515789,0.777778,1.0,1.0,0.2,1.0,1.0,0.000141,0.000165,2e-05,0.001554,3.6e-05,0.001392,0.006264
scidocs,q_sci_000163,hybrid_rrf_copeland_a03,qrels_flip,synthetic corruption: qrels-derived edges with flip_prob=0.15,20,64,0.168421,12,9,True,1,9,7.0,7,6.0,3.0,6,3,20,ndcg_at_k,6.0,6,0.515789,0.777778,1.0,1.0,0.2,1.0,1.0,0.000141,0.000165,2e-05,0.001554,3.2e-05,0.001392,0.006264
scidocs,q_sci_000163,hybrid_rrf_priority_topo_a03,qrels_flip,synthetic corruption: qrels-derived edges with flip_prob=0.15,20,64,0.168421,12,9,True,1,9,7.0,7,6.0,3.0,6,3,20,ndcg_at_k,6.0,6,-0.115789,0.333333,0.922326,0.798611,0.2,1.0,0.90625,0.000141,0.000165,2e-05,0.001554,7.2e-05,0.001392,0.006264
scidocs,q_sci_000210,score_sum,qrels_flip,synthetic corruption: qrels-derived edges with flip_prob=0.15,20,75,0.197368,9,12,True,1,12,5.0,5,10.0,8.0,10,8,20,ndcg_at_k,10.0,10,0.442105,0.644444,1.0,1.0,0.25,1.0,1.0,0.000161,0.000117,1.6e-05,0.001156,3.2e-05,0.001518,0.00671
scidocs,q_sci_000210,borda,qrels_flip,synthetic corruption: qrels-derived edges with flip_prob=0.15,20,75,0.197368,9,12,True,1,12,5.0,5,10.0,8.0,10,8,20,ndcg_at_k,10.0,10,0.442105,0.644444,1.0,1.0,0.25,1.0,1.0,0.000161,0.000117,1.6e-05,0.001156,1.9e-05,0.001518,0.00671
scidocs,q_sci_000210,pagerank,qrels_flip,synthetic corruption: qrels-derived edges with flip_prob=0.15,20,75,0.197368,9,12,True,1,12,5.0,5,10.0,8.0,10,8,20,ndcg_at_k,12.0,12,0.126316,0.288889,0.748636,0.629524,0.25,1.0,0.893333,0.000161,0.000117,1.6e-05,0.001156,0.00327,0.001518,0.00671
scidocs,q_sci_000210,greedy_fas_topological,qrels_flip,synthetic corruption: qrels-derived edges with flip_prob=0.15,20,75,0.197368,9,12,True,1,12,5.0,5,10.0,8.0,10,8,20,ndcg_at_k,5.0,5,0.168421,0.377778,0.851038,0.667619,0.25,1.0,0.853333,0.000161,0.000117,1.6e-05,0.001156,6.7e-05,0.001518,0.00671
scidocs,q_sci_000210,greedy_fas_weighted_balance,qrels_flip,synthetic corruption: qrels-derived edges with flip_prob=0.15,20,75,0.197368,9,12,True,1,12,5.0,5,10.0,8.0,10,8,20,ndcg_at_k,10.0,10,0.410526,0.688889,1.0,1.0,0.25,1.0,1.0,0.000161,0.000117,1.6e-05,0.001156,3.7e-05,0.001518,0.00671
scidocs,q_sci_000210,greedy_fas_copeland,qrels_flip,synthetic corruption: qrels-derived edges with flip_prob=0.15,20,75,0.197368,9,12,True,1,12,5.0,5,10.0,8.0,10,8,20,ndcg_at_k,10.0,10,0.410526,0.688889,1.0,1.0,0.25,1.0,1.0,0.000161,0.000117,1.6e-05,0.001156,2.8e-05,0.001518,0.00671
scidocs,q_sci_000210,greedy_fas_score_augmented_topological,qrels_flip,synthetic corruption: qrels-derived edges with flip_prob=0.15,20,75,0.197368,9,12,True,1,12,5.0,5,10.0,8.0,10,8,20,ndcg_at_k,5.0,5,-0.073684,0.466667,0.851038,0.667619,0.25,1.0,0.853333,0.000161,0.000117,1.6e-05,0.001156,4.6e-05,0.001518,0.00671
scidocs,q_sci_000210,fas_balance_score_prior_alpha_beta,qrels_flip,synthetic corruption: qrels-derived edges with flip_prob=0.15,20,75,0.197368,9,12,True,1,12,5.0,5,10.0,8.0,10,8,20,ndcg_at_k,10.0,10,0.410526,0.688889,1.0,1.0,0.25,1.0,1.0,0.000161,0.000117,1.6e-05,0.001156,5.2e-05,0.001518,0.00671
scidocs,q_sci_000210,hybrid_rrf_fas_regularized,qrels_flip,synthetic corruption: qrels-derived edges with flip_prob=0.15,20,75,0.197368,9,12,True,1,12,5.0,5,10.0,8.0,10,8,20,ndcg_at_k,10.0,10,0.410526,0.688889,1.0,1.0,0.25,1.0,1.0,0.000161,0.000117,1.6e-05,0.001156,4.4e-05,0.001518,0.00671
scidocs,q_sci_000210,hybrid_rrf_balance_a05,qrels_flip,synthetic corruption: qrels-derived edges with flip_prob=0.15,20,75,0.197368,9,12,True,1,12,5.0,5,10.0,8.0,10,8,20,ndcg_at_k,10.0,10,0.410526,0.688889,1.0,1.0,0.25,1.0,1.0,0.000161,0.000117,1.6e-05,0.001156,3.9e-05,0.001518,0.00671
scidocs,q_sci_000210,hybrid_rrf_copeland_a03,qrels_flip,synthetic corruption: qrels-derived edges with flip_prob=0.15,20,75,0.197368,9,12,True,1,12,5.0,5,10.0,8.0,10,8,20,ndcg_at_k,10.0,10,0.410526,0.688889,1.0,1.0,0.25,1.0,1.0,0.000161,0.000117,1.6e-05,0.001156,3.3e-05,0.001518,0.00671
scidocs,q_sci_000210,hybrid_rrf_priority_topo_a03,qrels_flip,synthetic corruption: qrels-derived edges with flip_prob=0.15,20,75,0.197368,9,12,True,1,12,5.0,5,10.0,8.0,10,8,20,ndcg_at_k,5.0,5,-0.031579,0.466667,0.851038,0.667619,0.25,1.0,0.853333,0.000161,0.000117,1.6e-05,0.001156,7.5e-05,0.001518,0.00671
scidocs,q_sci_000251,score_sum,qrels_flip,synthetic corruption: qrels-derived edges with flip_prob=0.15,20,75,0.197368,6,15,True,1,15,16.0,16,14.0,4.0,14,4,20,ndcg_at_k,14.0,14,0.673684,0.6,1.0,1.0,0.25,1.0,1.0,0.000159,0.000122,1.7e-05,0.002729,4.3e-05,0.001558,0.008388
scidocs,q_sci_000251,borda,qrels_flip,synthetic corruption: qrels-derived edges with flip_prob=0.15,20,75,0.197368,6,15,True,1,15,16.0,16,14.0,4.0,14,4,20,ndcg_at_k,14.0,14,0.673684,0.6,1.0,1.0,0.25,1.0,1.0,0.000159,0.000122,1.7e-05,0.002729,1.9e-05,0.001558,0.008388
scidocs,q_sci_000251,pagerank,qrels_flip,synthetic corruption: qrels-derived edges with flip_prob=0.15,20,75,0.197368,6,15,True,1,15,16.0,16,14.0,4.0,14,4,20,ndcg_at_k,17.0,17,0.442105,0.555556,0.951231,0.876667,0.25,1.0,0.96,0.000159,0.000122,1.7e-05,0.002729,0.003324,0.001558,0.008388
scidocs,q_sci_000251,greedy_fas_topological,qrels_flip,synthetic corruption: qrels-derived edges with flip_prob=0.15,20,75,0.197368,6,15,True,1,15,16.0,16,14.0,4.0,14,4,20,ndcg_at_k,14.0,14,0.336842,0.333333,0.922591,0.785714,0.25,1.0,0.84,0.000159,0.000122,1.7e-05,0.002729,6.3e-05,0.001558,0.008388
scidocs,q_sci_000251,greedy_fas_weighted_balance,qrels_flip,synthetic corruption: qrels-derived edges with flip_prob=0.15,20,75,0.197368,6,15,True,1,15,16.0,16,14.0,4.0,14,4,20,ndcg_at_k,14.0,14,0.684211,0.555556,1.0,1.0,0.25,1.0,1.0,0.000159,0.000122,1.7e-05,0.002729,3.5e-05,0.001558,0.008388
scidocs,q_sci_000251,greedy_fas_copeland,qrels_flip,synthetic corruption: qrels-derived edges with flip_prob=0.15,20,75,0.197368,6,15,True,1,15,16.0,16,14.0,4.0,14,4,20,ndcg_at_k,14.0,14,0.684211,0.555556,1.0,1.0,0.25,1.0,1.0,0.000159,0.000122,1.7e-05,0.002729,2.7e-05,0.001558,0.008388
scidocs,q_sci_000251,greedy_fas_score_augmented_topological,qrels_flip,synthetic corruption: qrels-derived edges with flip_prob=0.15,20,75,0.197368,6,15,True,1,15,16.0,16,14.0,4.0,14,4,20,ndcg_at_k,12.0,12,0.052632,0.244444,0.927434,0.797619,0.25,1.0,0.866667,0.000159,0.000122,1.7e-05,0.002729,4.7e-05,0.001558,0.008388
scidocs,q_sci_000251,fas_balance_score_prior_alpha_beta,qrels_flip,synthetic corruption: qrels-derived edges with flip_prob=0.15,20,75,0.197368,6,15,True,1,15,16.0,16,14.0,4.0,14,4,20,ndcg_at_k,14.0,14,0.652632,0.555556,1.0,1.0,0.25,1.0,1.0,0.000159,0.000122,1.7e-05,0.002729,5.2e-05,0.001558,0.008388
scidocs,q_sci_000251,hybrid_rrf_fas_regularized,qrels_flip,synthetic corruption: qrels-derived edges with flip_prob=0.15,20,75,0.197368,6,15,True,1,15,16.0,16,14.0,4.0,14,4,20,ndcg_at_k,14.0,14,0.684211,0.555556,1.0,1.0,0.25,1.0,1.0,0.000159,0.000122,1.7e-05,0.002729,4.3e-05,0.001558,0.008388
scidocs,q_sci_000251,hybrid_rrf_balance_a05,qrels_flip,synthetic corruption: qrels-derived edges with flip_prob=0.15,20,75,0.197368,6,15,True,1,15,16.0,16,14.0,4.0,14,4,20,ndcg_at_k,14.0,14,0.684211,0.555556,1.0,1.0,0.25,1.0,1.0,0.000159,0.000122,1.7e-05,0.002729,3.8e-05,0.001558,0.008388
scidocs,q_sci_000251,hybrid_rrf_copeland_a03,qrels_flip,synthetic corruption: qrels-derived edges with flip_prob=0.15,20,75,0.197368,6,15,True,1,15,16.0,16,14.0,4.0,14,4,20,ndcg_at_k,14.0,14,0.684211,0.555556,1.0,1.0,0.25,1.0,1.0,0.000159,0.000122,1.7e-05,0.002729,3.4e-05,0.001558,0.008388
scidocs,q_sci_000251,hybrid_rrf_priority_topo_a03,qrels_flip,synthetic corruption: qrels-derived edges with flip_prob=0.15,20,75,0.197368,6,15,True,1,15,16.0,16,14.0,4.0,14,4,20,ndcg_at_k,13.0,13,0.357895,0.333333,0.948538,0.850909,0.25,1.0,0.906667,0.000159,0.000122,1.7e-05,0.002729,7.8e-05,0.001558,0.008388
scidocs,q_sci_000443,score_sum,qrels_flip,synthetic corruption: qrels-derived edges with flip_prob=0.15,20,75,0.197368,8,13,True,1,13,12.0,12,13.0,1.0,13,1,20,ndcg_at_k,13.0,13,0.6,0.418182,1.0,1.0,0.25,1.0,1.0,0.000184,0.000118,1.6e-05,0.001696,3.2e-05,0.001534,0.007232
scidocs,q_sci_000443,borda,qrels_flip,synthetic corruption: qrels-derived edges with flip_prob=0.15,20,75,0.197368,8,13,True,1,13,12.0,12,13.0,1.0,13,1,20,ndcg_at_k,13.0,13,0.6,0.418182,1.0,1.0,0.25,1.0,1.0,0.000184,0.000118,1.6e-05,0.001696,1.8e-05,0.001534,0.007232
scidocs,q_sci_000443,pagerank,qrels_flip,synthetic corruption: qrels-derived edges with flip_prob=0.15,20,75,0.197368,8,13,True,1,13,12.0,12,13.0,1.0,13,1,20,ndcg_at_k,16.0,16,0.368421,0.381818,0.767833,0.668333,0.25,1.0,0.906667,0.000184,0.000118,1.6e-05,0.001696,0.003228,0.001534,0.007232
scidocs,q_sci_000443,greedy_fas_topological,qrels_flip,synthetic corruption: qrels-derived edges with flip_prob=0.15,20,75,0.197368,8,13,True,1,13,12.0,12,13.0,1.0,13,1,20,ndcg_at_k,9.0,9,0.273684,0.345455,0.970892,0.911111,0.25,1.0,0.946667,0.000184,0.000118,1.6e-05,0.001696,5.8e-05,0.001534,0.007232
scidocs,q_sci_000443,greedy_fas_weighted_balance,qrels_flip,synthetic corruption: qrels-derived edges with flip_prob=0.15,20,75,0.197368,8,13,True,1,13,12.0,12,13.0,1.0,13,1,20,ndcg_at_k,13.0,13,0.610526,0.418182,1.0,1.0,0.25,1.0,1.0,0.000184,0.000118,1.6e-05,0.001696,3.4e-05,0.001534,0.007232
scidocs,q_sci_000443,greedy_fas_copeland,qrels_flip,synthetic corruption: qrels-derived edges with flip_prob=0.15,20,75,0.197368,8,13,True,1,13,12.0,12,13.0,1.0,13,1,20,ndcg_at_k,13.0,13,0.610526,0.418182,1.0,1.0,0.25,1.0,1.0,0.000184,0.000118,1.6e-05,0.001696,2.6e-05,0.001534,0.007232
scidocs,q_sci_000443,greedy_fas_score_augmented_topological,qrels_flip,synthetic corruption: qrels-derived edges with flip_prob=0.15,20,75,0.197368,8,13,True,1,13,12.0,12,13.0,1.0,13,1,20,ndcg_at_k,9.0,9,-0.084211,0.272727,0.960925,0.885,0.25,1.0,0.946667,0.000184,0.000118,1.6e-05,0.001696,5e-05,0.001534,0.007232
scidocs,q_sci_000443,fas_balance_score_prior_alpha_beta,qrels_flip,synthetic corruption: qrels-derived edges with flip_prob=0.15,20,75,0.197368,8,13,True,1,13,12.0,12,13.0,1.0,13,1,20,ndcg_at_k,13.0,13,0.578947,0.418182,1.0,1.0,0.25,1.0,1.0,0.000184,0.000118,1.6e-05,0.001696,4.9e-05,0.001534,0.007232
scidocs,q_sci_000443,hybrid_rrf_fas_regularized,qrels_flip,synthetic corruption: qrels-derived edges with flip_prob=0.15,20,75,0.197368,8,13,True,1,13,12.0,12,13.0,1.0,13,1,20,ndcg_at_k,13.0,13,0.610526,0.418182,1.0,1.0,0.25,1.0,1.0,0.000184,0.000118,1.6e-05,0.001696,4.2e-05,0.001534,0.007232
scidocs,q_sci_000443,hybrid_rrf_balance_a05,qrels_flip,synthetic corruption: qrels-derived edges with flip_prob=0.15,20,75,0.197368,8,13,True,1,13,12.0,12,13.0,1.0,13,1,20,ndcg_at_k,13.0,13,0.610526,0.418182,1.0,1.0,0.25,1.0,1.0,0.000184,0.000118,1.6e-05,0.001696,3.6e-05,0.001534,0.007232
scidocs,q_sci_000443,hybrid_rrf_copeland_a03,qrels_flip,synthetic corruption: qrels-derived edges with flip_prob=0.15,20,75,0.197368,8,13,True,1,13,12.0,12,13.0,1.0,13,1,20,ndcg_at_k,13.0,13,0.610526,0.418182,1.0,1.0,0.25,1.0,1.0,0.000184,0.000118,1.6e-05,0.001696,3.5e-05,0.001534,0.007232
scidocs,q_sci_000443,hybrid_rrf_priority_topo_a03,qrels_flip,synthetic corruption: qrels-derived edges with flip_prob=0.15,20,75,0.197368,8,13,True,1,13,12.0,12,13.0,1.0,13,1,20,ndcg_at_k,10.0,10,0.189474,0.272727,0.975788,0.925,0.25,1.0,0.96,0.000184,0.000118,1.6e-05,0.001696,7.6e-05,0.001534,0.007232
scidocs,q_sci_000320,score_sum,qrels_flip,synthetic corruption: qrels-derived edges with flip_prob=0.15,20,51,0.134211,20,1,False,0,0,0,0,5.0,5.0,5,5,20,ndcg_at_k,5.0,5,0.557895,0.222222,1.0,1.0,0.15,1.0,1.0,0.000129,0.000155,3e-05,0.000391,2.5e-05,0.001349,0.004831
scidocs,q_sci_000320,borda,qrels_flip,synthetic corruption: qrels-derived edges with flip_prob=0.15,20,51,0.134211,20,1,False,0,0,0,0,5.0,5.0,5,5,20,ndcg_at_k,5.0,5,0.557895,0.222222,1.0,1.0,0.15,1.0,1.0,0.000129,0.000155,3e-05,0.000391,1.8e-05,0.001349,0.004831
scidocs,q_sci_000320,pagerank,qrels_flip,synthetic corruption: qrels-derived edges with flip_prob=0.15,20,51,0.134211,20,1,False,0,0,0,0,5.0,5.0,5,5,20,ndcg_at_k,3.0,3,0.168421,0.222222,0.906025,0.805556,0.15,1.0,0.960784,0.000129,0.000155,3e-05,0.000391,0.002337,0.001349,0.004831
scidocs,q_sci_000320,greedy_fas_topological,qrels_flip,synthetic corruption: qrels-derived edges with flip_prob=0.15,20,51,0.134211,20,1,False,0,0,0,0,5.0,5.0,5,5,20,ndcg_at_k,0.0,0,0.136842,0.166667,0.860344,0.698413,0.15,1.0,0.901961,0.000129,0.000155,3e-05,0.000391,5.9e-05,0.001349,0.004831
scidocs,q_sci_000320,greedy_fas_weighted_balance,qrels_flip,synthetic corruption: qrels-derived edges with flip_prob=0.15,20,51,0.134211,20,1,False,0,0,0,0,5.0,5.0,5,5,20,ndcg_at_k,5.0,5,0.557895,0.222222,1.0,1.0,0.15,1.0,1.0,0.000129,0.000155,3e-05,0.000391,3.3e-05,0.001349,0.004831
scidocs,q_sci_000320,greedy_fas_copeland,qrels_flip,synthetic corruption: qrels-derived edges with flip_prob=0.15,20,51,0.134211,20,1,False,0,0,0,0,5.0,5.0,5,5,20,ndcg_at_k,5.0,5,0.557895,0.222222,1.0,1.0,0.15,1.0,1.0,0.000129,0.000155,3e-05,0.000391,2.6e-05,0.001349,0.004831
scidocs,q_sci_000320,greedy_fas_score_augmented_topological,qrels_flip,synthetic corruption: qrels-derived edges with flip_prob=0.15,20,51,0.134211,20,1,False,0,0,0,0,5.0,5.0,5,5,20,ndcg_at_k,0.0,0,-0.347368,0.388889,0.860344,0.698413,0.15,1.0,0.901961,0.000129,0.000155,3e-05,0.000391,5e-05,0.001349,0.004831
scidocs,q_sci_000320,fas_balance_score_prior_alpha_beta,qrels_flip,synthetic corruption: qrels-derived edges with flip_prob=0.15,20,51,0.134211,20,1,False,0,0,0,0,5.0,5.0,5,5,20,ndcg_at_k,5.0,5,0.557895,0.222222,1.0,1.0,0.15,1.0,1.0,0.000129,0.000155,3e-05,0.000391,4.8e-05,0.001349,0.004831
scidocs,q_sci_000320,hybrid_rrf_fas_regularized,qrels_flip,synthetic corruption: qrels-derived edges with flip_prob=0.15,20,51,0.134211,20,1,False,0,0,0,0,5.0,5.0,5,5,20,ndcg_at_k,5.0,5,0.557895,0.222222,1.0,1.0,0.15,1.0,1.0,0.000129,0.000155,3e-05,0.000391,3.9e-05,0.001349,0.004831
scidocs,q_sci_000320,hybrid_rrf_balance_a05,qrels_flip,synthetic corruption: qrels-derived edges with flip_prob=0.15,20,51,0.134211,20,1,False,0,0,0,0,5.0,5.0,5,5,20,ndcg_at_k,5.0,5,0.557895,0.222222,1.0,1.0,0.15,1.0,1.0,0.000129,0.000155,3e-05,0.000391,3.5e-05,0.001349,0.004831
scidocs,q_sci_000320,hybrid_rrf_copeland_a03,qrels_flip,synthetic corruption: qrels-derived edges with flip_prob=0.15,20,51,0.134211,20,1,False,0,0,0,0,5.0,5.0,5,5,20,ndcg_at_k,5.0,5,0.557895,0.222222,1.0,1.0,0.15,1.0,1.0,0.000129,0.000155,3e-05,0.000391,3.2e-05,0.001349,0.004831
scidocs,q_sci_000320,hybrid_rrf_priority_topo_a03,qrels_flip,synthetic corruption: qrels-derived edges with flip_prob=0.15,20,51,0.134211,20,1,False,0,0,0,0,5.0,5.0,5,5,20,ndcg_at_k,0.0,0,-0.347368,0.388889,0.860344,0.698413,0.15,1.0,0.901961,0.000129,0.000155,3e-05,0.000391,7.5e-05,0.001349,0.004831
scidocs,q_sci_000289,score_sum,qrels_flip,synthetic corruption: qrels-derived edges with flip_prob=0.15,20,75,0.197368,6,15,True,1,15,18.0,18,16.0,5.0,16,5,20,ndcg_at_k,16.0,16,0.410526,0.611111,1.0,1.0,0.25,1.0,1.0,0.000179,0.000123,1.7e-05,0.00306,3.4e-05,0.001517,0.008658
scidocs,q_sci_000289,borda,qrels_flip,synthetic corruption: qrels-derived edges with flip_prob=0.15,20,75,0.197368,6,15,True,1,15,18.0,18,16.0,5.0,16,5,20,ndcg_at_k,16.0,16,0.410526,0.611111,1.0,1.0,0.25,1.0,1.0,0.000179,0.000123,1.7e-05,0.00306,2e-05,0.001517,0.008658
scidocs,q_sci_000289,pagerank,qrels_flip,synthetic corruption: qrels-derived edges with flip_prob=0.15,20,75,0.197368,6,15,True,1,15,18.0,18,16.0,5.0,16,5,20,ndcg_at_k,14.0,14,0.178947,0.611111,0.974743,0.926667,0.25,1.0,0.973333,0.000179,0.000123,1.7e-05,0.00306,0.003299,0.001517,0.008658
scidocs,q_sci_000289,greedy_fas_topological,qrels_flip,synthetic corruption: qrels-derived edges with flip_prob=0.15,20,75,0.197368,6,15,True,1,15,18.0,18,16.0,5.0,16,5,20,ndcg_at_k,15.0,15,0.084211,0.333333,0.92057,0.780952,0.25,1.0,0.826667,0.000179,0.000123,1.7e-05,0.00306,6.1e-05,0.001517,0.008658
scidocs,q_sci_000289,greedy_fas_weighted_balance,qrels_flip,synthetic corruption: qrels-derived edges with flip_prob=0.15,20,75,0.197368,6,15,True,1,15,18.0,18,16.0,5.0,16,5,20,ndcg_at_k,16.0,16,0.389474,0.666667,1.0,1.0,0.25,1.0,1.0,0.000179,0.000123,1.7e-05,0.00306,3.5e-05,0.001517,0.008658
scidocs,q_sci_000289,greedy_fas_copeland,qrels_flip,synthetic corruption: qrels-derived edges with flip_prob=0.15,20,75,0.197368,6,15,True,1,15,18.0,18,16.0,5.0,16,5,20,ndcg_at_k,16.0,16,0.389474,0.666667,1.0,1.0,0.25,1.0,1.0,0.000179,0.000123,1.7e-05,0.00306,2.7e-05,0.001517,0.008658
scidocs,q_sci_000289,greedy_fas_score_augmented_topological,qrels_flip,synthetic corruption: qrels-derived edges with flip_prob=0.15,20,75,0.197368,6,15,True,1,15,18.0,18,16.0,5.0,16,5,20,ndcg_at_k,15.0,15,0.042105,0.333333,0.92057,0.780952,0.25,1.0,0.826667,0.000179,0.000123,1.7e-05,0.00306,4.5e-05,0.001517,0.008658
scidocs,q_sci_000289,fas_balance_score_prior_alpha_beta,qrels_flip,synthetic corruption: qrels-derived edges with flip_prob=0.15,20,75,0.197368,6,15,True,1,15,18.0,18,16.0,5.0,16,5,20,ndcg_at_k,16.0,16,0.368421,0.666667,1.0,1.0,0.25,1.0,1.0,0.000179,0.000123,1.7e-05,0.00306,5.4e-05,0.001517,0.008658
scidocs,q_sci_000289,hybrid_rrf_fas_regularized,qrels_flip,synthetic corruption: qrels-derived edges with flip_prob=0.15,20,75,0.197368,6,15,True,1,15,18.0,18,16.0,5.0,16,5,20,ndcg_at_k,16.0,16,0.389474,0.666667,1.0,1.0,0.25,1.0,1.0,0.000179,0.000123,1.7e-05,0.00306,4.2e-05,0.001517,0.008658
scidocs,q_sci_000289,hybrid_rrf_balance_a05,qrels_flip,synthetic corruption: qrels-derived edges with flip_prob=0.15,20,75,0.197368,6,15,True,1,15,18.0,18,16.0,5.0,16,5,20,ndcg_at_k,16.0,16,0.389474,0.666667,1.0,1.0,0.25,1.0,1.0,0.000179,0.000123,1.7e-05,0.00306,3.8e-05,0.001517,0.008658
scidocs,q_sci_000289,hybrid_rrf_copeland_a03,qrels_flip,synthetic corruption: qrels-derived edges with flip_prob=0.15,20,75,0.197368,6,15,True,1,15,18.0,18,16.0,5.0,16,5,20,ndcg_at_k,16.0,16,0.389474,0.666667,1.0,1.0,0.25,1.0,1.0,0.000179,0.000123,1.7e-05,0.00306,3.3e-05,0.001517,0.008658
scidocs,q_sci_000289,hybrid_rrf_priority_topo_a03,qrels_flip,synthetic corruption: qrels-derived edges with flip_prob=0.15,20,75,0.197368,6,15,True,1,15,18.0,18,16.0,5.0,16,5,20,ndcg_at_k,17.0,17,0.021053,0.333333,0.938722,0.826667,0.25,1.0,0.853333,0.000179,0.000123,1.7e-05,0.00306,7.4e-05,0.001517,0.008658
scidocs,q_sci_000389,score_sum,qrels_flip,synthetic corruption: qrels-derived edges with flip_prob=0.15,20,64,0.168421,8,13,True,1,13,12.0,12,10.0,3.0,10,3,20,ndcg_at_k,10.0,10,0.547368,0.244444,1.0,1.0,0.2,1.0,1.0,0.000148,0.000107,1.8e-05,0.002238,3.1e-05,0.001448,0.036555
scidocs,q_sci_000389,borda,qrels_flip,synthetic corruption: qrels-derived edges with flip_prob=0.15,20,64,0.168421,8,13,True,1,13,12.0,12,10.0,3.0,10,3,20,ndcg_at_k,10.0,10,0.547368,0.244444,1.0,1.0,0.2,1.0,1.0,0.000148,0.000107,1.8e-05,0.002238,1.9e-05,0.001448,0.036555
scidocs,q_sci_000389,pagerank,qrels_flip,synthetic corruption: qrels-derived edges with flip_prob=0.15,20,64,0.168421,8,13,True,1,13,12.0,12,10.0,3.0,10,3,20,ndcg_at_k,10.0,10,0.305263,0.466667,1.0,1.0,0.2,1.0,1.0,0.000148,0.000107,1.8e-05,0.002238,0.032079,0.001448,0.036555
scidocs,q_sci_000389,greedy_fas_topological,qrels_flip,synthetic corruption: qrels-derived edges with flip_prob=0.15,20,64,0.168421,8,13,True,1,13,12.0,12,10.0,3.0,10,3,20,ndcg_at_k,11.0,11,0.315789,0.2,0.896596,0.740909,0.2,1.0,0.859375,0.000148,0.000107,1.8e-05,0.002238,7.7e-05,0.001448,0.036555
scidocs,q_sci_000389,greedy_fas_weighted_balance,qrels_flip,synthetic corruption: qrels-derived edges with flip_prob=0.15,20,64,0.168421,8,13,True,1,13,12.0,12,10.0,3.0,10,3,20,ndcg_at_k,10.0,10,0.526316,0.288889,1.0,1.0,0.2,1.0,1.0,0.000148,0.000107,1.8e-05,0.002238,4.8e-05,0.001448,0.036555
scidocs,q_sci_000389,greedy_fas_copeland,qrels_flip,synthetic corruption: qrels-derived edges with flip_prob=0.15,20,64,0.168421,8,13,True,1,13,12.0,12,10.0,3.0,10,3,20,ndcg_at_k,10.0,10,0.526316,0.288889,1.0,1.0,0.2,1.0,1.0,0.000148,0.000107,1.8e-05,0.002238,3.2e-05,0.001448,0.036555
scidocs,q_sci_000389,greedy_fas_score_augmented_topological,qrels_flip,synthetic corruption: qrels-derived edges with flip_prob=0.15,20,64,0.168421,8,13,True,1,13,12.0,12,10.0,3.0,10,3,20,ndcg_at_k,9.0,9,-0.084211,0.288889,0.905218,0.761111,0.2,1.0,0.890625,0.000148,0.000107,1.8e-05,0.002238,5.1e-05,0.001448,0.036555
scidocs,q_sci_000389,fas_balance_score_prior_alpha_beta,qrels_flip,synthetic corruption: qrels-derived edges with flip_prob=0.15,20,64,0.168421,8,13,True,1,13,12.0,12,10.0,3.0,10,3,20,ndcg_at_k,10.0,10,0.515789,0.288889,1.0,1.0,0.2,1.0,1.0,0.000148,0.000107,1.8e-05,0.002238,5.4e-05,0.001448,0.036555
scidocs,q_sci_000389,hybrid_rrf_fas_regularized,qrels_flip,synthetic corruption: qrels-derived edges with flip_prob=0.15,20,64,0.168421,8,13,True,1,13,12.0,12,10.0,3.0,10,3,20,ndcg_at_k,10.0,10,0.526316,0.288889,1.0,1.0,0.2,1.0,1.0,0.000148,0.000107,1.8e-05,0.002238,4.2e-05,0.001448,0.036555
scidocs,q_sci_000389,hybrid_rrf_balance_a05,qrels_flip,synthetic corruption: qrels-derived edges with flip_prob=0.15,20,64,0.168421,8,13,True,1,13,12.0,12,10.0,3.0,10,3,20,ndcg_at_k,10.0,10,0.526316,0.288889,1.0,1.0,0.2,1.0,1.0,0.000148,0.000107,1.8e-05,0.002238,3.6e-05,0.001448,0.036555
scidocs,q_sci_000389,hybrid_rrf_copeland_a03,qrels_flip,synthetic corruption: qrels-derived edges with flip_prob=0.15,20,64,0.168421,8,13,True,1,13,12.0,12,10.0,3.0,10,3,20,ndcg_at_k,10.0,10,0.526316,0.288889,1.0,1.0,0.2,1.0,1.0,0.000148,0.000107,1.8e-05,0.002238,3.4e-05,0.001448,0.036555
scidocs,q_sci_000389,hybrid_rrf_priority_topo_a03,qrels_flip,synthetic corruption: qrels-derived edges with flip_prob=0.15,20,64,0.168421,8,13,True,1,13,12.0,12,10.0,3.0,10,3,20,ndcg_at_k,10.0,10,0.136842,0.244444,0.922326,0.798611,0.2,1.0,0.90625,0.000148,0.000107,1.8e-05,0.002238,9.3e-05,0.001448,0.036555
scidocs,q_sci_000007,score_sum,qrels_flip,synthetic corruption: qrels-derived edges with flip_prob=0.15,20,51,0.134211,8,13,True,1,13,9.0,9,11.0,8.0,11,8,20,ndcg_at_k,11.0,11,0.389474,0.155556,1.0,1.0,0.15,1.0,1.0,0.000174,9.5e-05,1.7e-05,0.001596,2.8e-05,0.001396,0.006988
scidocs,q_sci_000007,borda,qrels_flip,synthetic corruption: qrels-derived edges with flip_prob=0.15,20,51,0.134211,8,13,True,1,13,9.0,9,11.0,8.0,11,8,20,ndcg_at_k,11.0,11,0.389474,0.155556,1.0,1.0,0.15,1.0,1.0,0.000174,9.5e-05,1.7e-05,0.001596,1.9e-05,0.001396,0.006988
scidocs,q_sci_000007,pagerank,qrels_flip,synthetic corruption: qrels-derived edges with flip_prob=0.15,20,51,0.134211,8,13,True,1,13,9.0,9,11.0,8.0,11,8,20,ndcg_at_k,11.0,11,0.094737,0.377778,1.0,1.0,0.15,1.0,1.0,0.000174,9.5e-05,1.7e-05,0.001596,0.00324,0.001396,0.006988
scidocs,q_sci_000007,greedy_fas_topological,qrels_flip,synthetic corruption: qrels-derived edges with flip_prob=0.15,20,51,0.134211,8,13,True,1,13,9.0,9,11.0,8.0,11,8,20,ndcg_at_k,9.0,9,-0.094737,0.155556,0.752522,0.511905,0.15,1.0,0.72549,0.000174,9.5e-05,1.7e-05,0.001596,6e-05,0.001396,0.006988
scidocs,q_sci_000007,greedy_fas_weighted_balance,qrels_flip,synthetic corruption: qrels-derived edges with flip_prob=0.15,20,51,0.134211,8,13,True,1,13,9.0,9,11.0,8.0,11,8,20,ndcg_at_k,11.0,11,0.242105,0.422222,1.0,1.0,0.15,1.0,1.0,0.000174,9.5e-05,1.7e-05,0.001596,3e-05,0.001396,0.006988
scidocs,q_sci_000007,greedy_fas_copeland,qrels_flip,synthetic corruption: qrels-derived edges with flip_prob=0.15,20,51,0.134211,8,13,True,1,13,9.0,9,11.0,8.0,11,8,20,ndcg_at_k,11.0,11,0.242105,0.422222,1.0,1.0,0.15,1.0,1.0,0.000174,9.5e-05,1.7e-05,0.001596,2.8e-05,0.001396,0.006988
scidocs,q_sci_000007,greedy_fas_score_augmented_topological,qrels_flip,synthetic corruption: qrels-derived edges with flip_prob=0.15,20,51,0.134211,8,13,True,1,13,9.0,9,11.0,8.0,11,8,20,ndcg_at_k,9.0,9,-0.315789,0.111111,0.752522,0.511905,0.15,1.0,0.72549,0.000174,9.5e-05,1.7e-05,0.001596,4.4e-05,0.001396,0.006988
scidocs,q_sci_000007,fas_balance_score_prior_alpha_beta,qrels_flip,synthetic corruption: qrels-derived edges with flip_prob=0.15,20,51,0.134211,8,13,True,1,13,9.0,9,11.0,8.0,11,8,20,ndcg_at_k,11.0,11,0.231579,0.377778,1.0,1.0,0.15,1.0,1.0,0.000174,9.5e-05,1.7e-05,0.001596,4.7e-05,0.001396,0.006988
scidocs,q_sci_000007,hybrid_rrf_fas_regularized,qrels_flip,synthetic corruption: qrels-derived edges with flip_prob=0.15,20,51,0.134211,8,13,True,1,13,9.0,9,11.0,8.0,11,8,20,ndcg_at_k,11.0,11,0.242105,0.422222,1.0,1.0,0.15,1.0,1.0,0.000174,9.5e-05,1.7e-05,0.001596,3.9e-05,0.001396,0.006988
scidocs,q_sci_000007,hybrid_rrf_balance_a05,qrels_flip,synthetic corruption: qrels-derived edges with flip_prob=0.15,20,51,0.134211,8,13,True,1,13,9.0,9,11.0,8.0,11,8,20,ndcg_at_k,11.0,11,0.242105,0.422222,1.0,1.0,0.15,1.0,1.0,0.000174,9.5e-05,1.7e-05,0.001596,3.5e-05,0.001396,0.006988
scidocs,q_sci_000007,hybrid_rrf_copeland_a03,qrels_flip,synthetic corruption: qrels-derived edges with flip_prob=0.15,20,51,0.134211,8,13,True,1,13,9.0,9,11.0,8.0,11,8,20,ndcg_at_k,11.0,11,0.242105,0.422222,1.0,1.0,0.15,1.0,1.0,0.000174,9.5e-05,1.7e-05,0.001596,3.3e-05,0.001396,0.006988
scidocs,q_sci_000007,hybrid_rrf_priority_topo_a03,qrels_flip,synthetic corruption: qrels-derived edges with flip_prob=0.15,20,51,0.134211,8,13,True,1,13,9.0,9,11.0,8.0,11,8,20,ndcg_at_k,9.0,9,-0.252632,0.111111,0.752522,0.511905,0.15,1.0,0.72549,0.000174,9.5e-05,1.7e-05,0.001596,0.000107,0.001396,0.006988
scidocs,q_sci_000462,score_sum,qrels_flip,synthetic corruption: qrels-derived edges with flip_prob=0.15,20,75,0.197368,12,9,True,1,9,7.0,7,5.0,2.0,5,2,20,ndcg_at_k,5.0,5,0.884211,0.236364,1.0,1.0,0.25,1.0,1.0,0.00016,0.000115,3.6e-05,0.001617,3.2e-05,0.001511,0.006502
scidocs,q_sci_000462,borda,qrels_flip,synthetic corruption: qrels-derived edges with flip_prob=0.15,20,75,0.197368,12,9,True,1,9,7.0,7,5.0,2.0,5,2,20,ndcg_at_k,5.0,5,0.884211,0.236364,1.0,1.0,0.25,1.0,1.0,0.00016,0.000115,3.6e-05,0.001617,1.9e-05,0.001511,0.006502
scidocs,q_sci_000462,pagerank,qrels_flip,synthetic corruption: qrels-derived edges with flip_prob=0.15,20,75,0.197368,12,9,True,1,9,7.0,7,5.0,2.0,5,2,20,ndcg_at_k,8.0,8,0.578947,0.236364,0.975788,0.925,0.25,1.0,0.96,0.00016,0.000115,3.6e-05,0.001617,0.002579,0.001511,0.006502
scidocs,q_sci_000462,greedy_fas_topological,qrels_flip,synthetic corruption: qrels-derived edges with flip_prob=0.15,20,75,0.197368,12,9,True,1,9,7.0,7,5.0,2.0,5,2,20,ndcg_at_k,6.0,6,0.473684,0.090909,0.941577,0.833333,0.25,1.0,0.906667,0.00016,0.000115,3.6e-05,0.001617,6.2e-05,0.001511,0.006502
scidocs,q_sci_000462,greedy_fas_weighted_balance,qrels_flip,synthetic corruption: qrels-derived edges with flip_prob=0.15,20,75,0.197368,12,9,True,1,9,7.0,7,5.0,2.0,5,2,20,ndcg_at_k,5.0,5,0.810526,0.272727,1.0,1.0,0.25,1.0,1.0,0.00016,0.000115,3.6e-05,0.001617,3.7e-05,0.001511,0.006502
scidocs,q_sci_000462,greedy_fas_copeland,qrels_flip,synthetic corruption: qrels-derived edges with flip_prob=0.15,20,75,0.197368,12,9,True,1,9,7.0,7,5.0,2.0,5,2,20,ndcg_at_k,5.0,5,0.810526,0.272727,1.0,1.0,0.25,1.0,1.0,0.00016,0.000115,3.6e-05,0.001617,2.7e-05,0.001511,0.006502
scidocs,q_sci_000462,greedy_fas_score_augmented_topological,qrels_flip,synthetic corruption: qrels-derived edges with flip_prob=0.15,20,75,0.197368,12,9,True,1,9,7.0,7,5.0,2.0,5,2,20,ndcg_at_k,4.0,4,-0.094737,0.563636,0.966985,0.902857,0.25,1.0,0.96,0.00016,0.000115,3.6e-05,0.001617,5.3e-05,0.001511,0.006502
scidocs,q_sci_000462,fas_balance_score_prior_alpha_beta,qrels_flip,synthetic corruption: qrels-derived edges with flip_prob=0.15,20,75,0.197368,12,9,True,1,9,7.0,7,5.0,2.0,5,2,20,ndcg_at_k,5.0,5,0.810526,0.272727,1.0,1.0,0.25,1.0,1.0,0.00016,0.000115,3.6e-05,0.001617,5.3e-05,0.001511,0.006502
scidocs,q_sci_000462,hybrid_rrf_fas_regularized,qrels_flip,synthetic corruption: qrels-derived edges with flip_prob=0.15,20,75,0.197368,12,9,True,1,9,7.0,7,5.0,2.0,5,2,20,ndcg_at_k,5.0,5,0.810526,0.272727,1.0,1.0,0.25,1.0,1.0,0.00016,0.000115,3.6e-05,0.001617,4.6e-05,0.001511,0.006502
scidocs,q_sci_000462,hybrid_rrf_balance_a05,qrels_flip,synthetic corruption: qrels-derived edges with flip_prob=0.15,20,75,0.197368,12,9,True,1,9,7.0,7,5.0,2.0,5,2,20,ndcg_at_k,5.0,5,0.810526,0.272727,1.0,1.0,0.25,1.0,1.0,0.00016,0.000115,3.6e-05,0.001617,3.9e-05,0.001511,0.006502
scidocs,q_sci_000462,hybrid_rrf_copeland_a03,qrels_flip,synthetic corruption: qrels-derived edges with flip_prob=0.15,20,75,0.197368,12,9,True,1,9,7.0,7,5.0,2.0,5,2,20,ndcg_at_k,5.0,5,0.810526,0.272727,1.0,1.0,0.25,1.0,1.0,0.00016,0.000115,3.6e-05,0.001617,3.4e-05,0.001511,0.006502
scidocs,q_sci_000462,hybrid_rrf_priority_topo_a03,qrels_flip,synthetic corruption: qrels-derived edges with flip_prob=0.15,20,75,0.197368,12,9,True,1,9,7.0,7,5.0,2.0,5,2,20,ndcg_at_k,4.0,4,0.231579,0.309091,0.966985,0.902857,0.25,1.0,0.96,0.00016,0.000115,3.6e-05,0.001617,8.2e-05,0.001511,0.006502
scidocs,q_sci_000249,score_sum,qrels_flip,synthetic corruption: qrels-derived edges with flip_prob=0.15,20,51,0.134211,13,8,True,1,8,3.0,3,8.0,8.0,8,8,20,ndcg_at_k,8.0,8,0.642105,0.6,1.0,1.0,0.15,1.0,1.0,0.000129,0.000133,1.7e-05,0.000808,3.1e-05,0.001347,0.006009
scidocs,q_sci_000249,borda,qrels_flip,synthetic corruption: qrels-derived edges with flip_prob=0.15,20,51,0.134211,13,8,True,1,8,3.0,3,8.0,8.0,8,8,20,ndcg_at_k,8.0,8,0.642105,0.6,1.0,1.0,0.15,1.0,1.0,0.000129,0.000133,1.7e-05,0.000808,1.9e-05,0.001347,0.006009
scidocs,q_sci_000249,pagerank,qrels_flip,synthetic corruption: qrels-derived edges with flip_prob=0.15,20,51,0.134211,13,8,True,1,8,3.0,3,8.0,8.0,8,8,20,ndcg_at_k,6.0,6,0.178947,0.466667,0.921787,0.809524,0.15,1.0,0.921569,0.000129,0.000133,1.7e-05,0.000808,0.003133,0.001347,0.006009
scidocs,q_sci_000249,greedy_fas_topological,qrels_flip,synthetic corruption: qrels-derived edges with flip_prob=0.15,20,51,0.134211,13,8,True,1,8,3.0,3,8.0,8.0,8,8,20,ndcg_at_k,3.0,3,0.105263,0.377778,0.549841,0.347222,0.15,1.0,0.784314,0.000129,0.000133,1.7e-05,0.000808,6e-05,0.001347,0.006009
scidocs,q_sci_000249,greedy_fas_weighted_balance,qrels_flip,synthetic corruption: qrels-derived edges with flip_prob=0.15,20,51,0.134211,13,8,True,1,8,3.0,3,8.0,8.0,8,8,20,ndcg_at_k,8.0,8,0.621053,0.6,1.0,1.0,0.15,1.0,1.0,0.000129,0.000133,1.7e-05,0.000808,3e-05,0.001347,0.006009
scidocs,q_sci_000249,greedy_fas_copeland,qrels_flip,synthetic corruption: qrels-derived edges with flip_prob=0.15,20,51,0.134211,13,8,True,1,8,3.0,3,8.0,8.0,8,8,20,ndcg_at_k,8.0,8,0.621053,0.6,1.0,1.0,0.15,1.0,1.0,0.000129,0.000133,1.7e-05,0.000808,2.7e-05,0.001347,0.006009
scidocs,q_sci_000249,greedy_fas_score_augmented_topological,qrels_flip,synthetic corruption: qrels-derived edges with flip_prob=0.15,20,51,0.134211,13,8,True,1,8,3.0,3,8.0,8.0,8,8,20,ndcg_at_k,3.0,3,-0.2,0.466667,0.549841,0.347222,0.15,1.0,0.784314,0.000129,0.000133,1.7e-05,0.000808,4.8e-05,0.001347,0.006009
scidocs,q_sci_000249,fas_balance_score_prior_alpha_beta,qrels_flip,synthetic corruption: qrels-derived edges with flip_prob=0.15,20,51,0.134211,13,8,True,1,8,3.0,3,8.0,8.0,8,8,20,ndcg_at_k,8.0,8,0.621053,0.6,1.0,1.0,0.15,1.0,1.0,0.000129,0.000133,1.7e-05,0.000808,4.7e-05,0.001347,0.006009
scidocs,q_sci_000249,hybrid_rrf_fas_regularized,qrels_flip,synthetic corruption: qrels-derived edges with flip_prob=0.15,20,51,0.134211,13,8,True,1,8,3.0,3,8.0,8.0,8,8,20,ndcg_at_k,8.0,8,0.621053,0.6,1.0,1.0,0.15,1.0,1.0,0.000129,0.000133,1.7e-05,0.000808,3.9e-05,0.001347,0.006009
scidocs,q_sci_000249,hybrid_rrf_balance_a05,qrels_flip,synthetic corruption: qrels-derived edges with flip_prob=0.15,20,51,0.134211,13,8,True,1,8,3.0,3,8.0,8.0,8,8,20,ndcg_at_k,8.0,8,0.621053,0.6,1.0,1.0,0.15,1.0,1.0,0.000129,0.000133,1.7e-05,0.000808,3.5e-05,0.001347,0.006009
scidocs,q_sci_000249,hybrid_rrf_copeland_a03,qrels_flip,synthetic corruption: qrels-derived edges with flip_prob=0.15,20,51,0.134211,13,8,True,1,8,3.0,3,8.0,8.0,8,8,20,ndcg_at_k,8.0,8,0.621053,0.6,1.0,1.0,0.15,1.0,1.0,0.000129,0.000133,1.7e-05,0.000808,3.3e-05,0.001347,0.006009
scidocs,q_sci_000249,hybrid_rrf_priority_topo_a03,qrels_flip,synthetic corruption: qrels-derived edges with flip_prob=0.15,20,51,0.134211,13,8,True,1,8,3.0,3,8.0,8.0,8,8,20,ndcg_at_k,3.0,3,-0.189474,0.466667,0.549841,0.347222,0.15,1.0,0.784314,0.000129,0.000133,1.7e-05,0.000808,7.3e-05,0.001347,0.006009
scidocs,q_sci_000228,score_sum,qrels_flip,synthetic corruption: qrels-derived edges with flip_prob=0.15,20,51,0.134211,11,10,True,1,10,6.0,6,9.0,5.0,9,5,20,ndcg_at_k,9.0,9,0.589474,0.444444,1.0,1.0,0.15,1.0,1.0,0.000125,8.6e-05,1.5e-05,0.001384,2.7e-05,0.001381,0.00664
scidocs,q_sci_000228,borda,qrels_flip,synthetic corruption: qrels-derived edges with flip_prob=0.15,20,51,0.134211,11,10,True,1,10,6.0,6,9.0,5.0,9,5,20,ndcg_at_k,9.0,9,0.589474,0.444444,1.0,1.0,0.15,1.0,1.0,0.000125,8.6e-05,1.5e-05,0.001384,1.9e-05,0.001381,0.00664
scidocs,q_sci_000228,pagerank,qrels_flip,synthetic corruption: qrels-derived edges with flip_prob=0.15,20,51,0.134211,11,10,True,1,10,6.0,6,9.0,5.0,9,5,20,ndcg_at_k,7.0,7,0.305263,0.444444,0.946902,0.866667,0.15,1.0,0.960784,0.000125,8.6e-05,1.5e-05,0.001384,0.003196,0.001381,0.00664
scidocs,q_sci_000228,greedy_fas_topological,qrels_flip,synthetic corruption: qrels-derived edges with flip_prob=0.15,20,51,0.134211,11,10,True,1,10,6.0,6,9.0,5.0,9,5,20,ndcg_at_k,4.0,4,0.231579,0.333333,0.807038,0.6,0.15,1.0,0.823529,0.000125,8.6e-05,1.5e-05,0.001384,5.9e-05,0.001381,0.00664
scidocs,q_sci_000228,greedy_fas_weighted_balance,qrels_flip,synthetic corruption: qrels-derived edges with flip_prob=0.15,20,51,0.134211,11,10,True,1,10,6.0,6,9.0,5.0,9,5,20,ndcg_at_k,9.0,9,0.557895,0.444444,1.0,1.0,0.15,1.0,1.0,0.000125,8.6e-05,1.5e-05,0.001384,3.5e-05,0.001381,0.00664
scidocs,q_sci_000228,greedy_fas_copeland,qrels_flip,synthetic corruption: qrels-derived edges with flip_prob=0.15,20,51,0.134211,11,10,True,1,10,6.0,6,9.0,5.0,9,5,20,ndcg_at_k,9.0,9,0.557895,0.444444,1.0,1.0,0.15,1.0,1.0,0.000125,8.6e-05,1.5e-05,0.001384,2.8e-05,0.001381,0.00664
scidocs,q_sci_000228,greedy_fas_score_augmented_topological,qrels_flip,synthetic corruption: qrels-derived edges with flip_prob=0.15,20,51,0.134211,11,10,True,1,10,6.0,6,9.0,5.0,9,5,20,ndcg_at_k,5.0,5,-0.326316,0.611111,0.851959,0.680556,0.15,1.0,0.882353,0.000125,8.6e-05,1.5e-05,0.001384,5.7e-05,0.001381,0.00664
scidocs,q_sci_000228,fas_balance_score_prior_alpha_beta,qrels_flip,synthetic corruption: qrels-derived edges with flip_prob=0.15,20,51,0.134211,11,10,True,1,10,6.0,6,9.0,5.0,9,5,20,ndcg_at_k,9.0,9,0.547368,0.444444,1.0,1.0,0.15,1.0,1.0,0.000125,8.6e-05,1.5e-05,0.001384,4.7e-05,0.001381,0.00664
scidocs,q_sci_000228,hybrid_rrf_fas_regularized,qrels_flip,synthetic corruption: qrels-derived edges with flip_prob=0.15,20,51,0.134211,11,10,True,1,10,6.0,6,9.0,5.0,9,5,20,ndcg_at_k,9.0,9,0.557895,0.444444,1.0,1.0,0.15,1.0,1.0,0.000125,8.6e-05,1.5e-05,0.001384,3.9e-05,0.001381,0.00664
scidocs,q_sci_000228,hybrid_rrf_balance_a05,qrels_flip,synthetic corruption: qrels-derived edges with flip_prob=0.15,20,51,0.134211,11,10,True,1,10,6.0,6,9.0,5.0,9,5,20,ndcg_at_k,9.0,9,0.557895,0.444444,1.0,1.0,0.15,1.0,1.0,0.000125,8.6e-05,1.5e-05,0.001384,3.4e-05,0.001381,0.00664
scidocs,q_sci_000228,hybrid_rrf_copeland_a03,qrels_flip,synthetic corruption: qrels-derived edges with flip_prob=0.15,20,51,0.134211,11,10,True,1,10,6.0,6,9.0,5.0,9,5,20,ndcg_at_k,9.0,9,0.557895,0.444444,1.0,1.0,0.15,1.0,1.0,0.000125,8.6e-05,1.5e-05,0.001384,3.3e-05,0.001381,0.00664
scidocs,q_sci_000228,hybrid_rrf_priority_topo_a03,qrels_flip,synthetic corruption: qrels-derived edges with flip_prob=0.15,20,51,0.134211,11,10,True,1,10,6.0,6,9.0,5.0,9,5,20,ndcg_at_k,5.0,5,-0.094737,0.444444,0.851959,0.680556,0.15,1.0,0.882353,0.000125,8.6e-05,1.5e-05,0.001384,7.5e-05,0.001381,0.00664
scidocs,q_sci_000245,score_sum,qrels_flip,synthetic corruption: qrels-derived edges with flip_prob=0.15,20,64,0.168421,6,15,True,1,15,14.0,14,13.0,11.0,13,11,20,ndcg_at_k,13.0,13,0.568421,0.555556,1.0,1.0,0.2,1.0,1.0,0.000148,0.000103,1.7e-05,0.00195,3e-05,0.001389,0.007562
scidocs,q_sci_000245,borda,qrels_flip,synthetic corruption: qrels-derived edges with flip_prob=0.15,20,64,0.168421,6,15,True,1,15,14.0,14,13.0,11.0,13,11,20,ndcg_at_k,13.0,13,0.568421,0.555556,1.0,1.0,0.2,1.0,1.0,0.000148,0.000103,1.7e-05,0.00195,1.8e-05,0.001389,0.007562
scidocs,q_sci_000245,pagerank,qrels_flip,synthetic corruption: qrels-derived edges with flip_prob=0.15,20,64,0.168421,6,15,True,1,15,14.0,14,13.0,11.0,13,11,20,ndcg_at_k,13.0,13,0.494737,0.733333,1.0,1.0,0.2,1.0,1.0,0.000148,0.000103,1.7e-05,0.00195,0.003467,0.001389,0.007562
scidocs,q_sci_000245,greedy_fas_topological,qrels_flip,synthetic corruption: qrels-derived edges with flip_prob=0.15,20,64,0.168421,6,15,True,1,15,14.0,14,13.0,11.0,13,11,20,ndcg_at_k,14.0,14,0.115789,0.466667,0.730947,0.463095,0.2,1.0,0.640625,0.000148,0.000103,1.7e-05,0.00195,8.8e-05,0.001389,0.007562
scidocs,q_sci_000245,greedy_fas_weighted_balance,qrels_flip,synthetic corruption: qrels-derived edges with flip_prob=0.15,20,64,0.168421,6,15,True,1,15,14.0,14,13.0,11.0,13,11,20,ndcg_at_k,13.0,13,0.4,0.644444,1.0,1.0,0.2,1.0,1.0,0.000148,0.000103,1.7e-05,0.00195,3.8e-05,0.001389,0.007562
scidocs,q_sci_000245,greedy_fas_copeland,qrels_flip,synthetic corruption: qrels-derived edges with flip_prob=0.15,20,64,0.168421,6,15,True,1,15,14.0,14,13.0,11.0,13,11,20,ndcg_at_k,13.0,13,0.4,0.644444,1.0,1.0,0.2,1.0,1.0,0.000148,0.000103,1.7e-05,0.00195,2.7e-05,0.001389,0.007562
scidocs,q_sci_000245,greedy_fas_score_augmented_topological,qrels_flip,synthetic corruption: qrels-derived edges with flip_prob=0.15,20,64,0.168421,6,15,True,1,15,14.0,14,13.0,11.0,13,11,20,ndcg_at_k,13.0,13,-0.115789,0.466667,0.733273,0.467857,0.2,1.0,0.65625,0.000148,0.000103,1.7e-05,0.00195,4.3e-05,0.001389,0.007562
scidocs,q_sci_000245,fas_balance_score_prior_alpha_beta,qrels_flip,synthetic corruption: qrels-derived edges with flip_prob=0.15,20,64,0.168421,6,15,True,1,15,14.0,14,13.0,11.0,13,11,20,ndcg_at_k,13.0,13,0.4,0.644444,1.0,1.0,0.2,1.0,1.0,0.000148,0.000103,1.7e-05,0.00195,4.8e-05,0.001389,0.007562
scidocs,q_sci_000245,hybrid_rrf_fas_regularized,qrels_flip,synthetic corruption: qrels-derived edges with flip_prob=0.15,20,64,0.168421,6,15,True,1,15,14.0,14,13.0,11.0,13,11,20,ndcg_at_k,13.0,13,0.4,0.644444,1.0,1.0,0.2,1.0,1.0,0.000148,0.000103,1.7e-05,0.00195,4.1e-05,0.001389,0.007562
scidocs,q_sci_000245,hybrid_rrf_balance_a05,qrels_flip,synthetic corruption: qrels-derived edges with flip_prob=0.15,20,64,0.168421,6,15,True,1,15,14.0,14,13.0,11.0,13,11,20,ndcg_at_k,13.0,13,0.4,0.644444,1.0,1.0,0.2,1.0,1.0,0.000148,0.000103,1.7e-05,0.00195,3.5e-05,0.001389,0.007562
scidocs,q_sci_000245,hybrid_rrf_copeland_a03,qrels_flip,synthetic corruption: qrels-derived edges with flip_prob=0.15,20,64,0.168421,6,15,True,1,15,14.0,14,13.0,11.0,13,11,20,ndcg_at_k,13.0,13,0.4,0.644444,1.0,1.0,0.2,1.0,1.0,0.000148,0.000103,1.7e-05,0.00195,4.9e-05,0.001389,0.007562
scidocs,q_sci_000245,hybrid_rrf_priority_topo_a03,qrels_flip,synthetic corruption: qrels-derived edges with flip_prob=0.15,20,64,0.168421,6,15,True,1,15,14.0,14,13.0,11.0,13,11,20,ndcg_at_k,13.0,13,-0.052632,0.466667,0.733273,0.467857,0.2,1.0,0.65625,0.000148,0.000103,1.7e-05,0.00195,7.1e-05,0.001389,0.007562
scidocs,q_sci_000211,score_sum,qrels_flip,synthetic corruption: qrels-derived edges with flip_prob=0.15,20,51,0.134211,10,11,True,1,11,8.0,8,8.0,5.0,8,5,20,ndcg_at_k,8.0,8,0.526316,0.288889,1.0,1.0,0.15,1.0,1.0,0.000124,0.000104,1.6e-05,0.001549,2.8e-05,0.001453,0.006884
scidocs,q_sci_000211,borda,qrels_flip,synthetic corruption: qrels-derived edges with flip_prob=0.15,20,51,0.134211,10,11,True,1,11,8.0,8,8.0,5.0,8,5,20,ndcg_at_k,8.0,8,0.526316,0.288889,1.0,1.0,0.15,1.0,1.0,0.000124,0.000104,1.6e-05,0.001549,1.9e-05,0.001453,0.006884
scidocs,q_sci_000211,pagerank,qrels_flip,synthetic corruption: qrels-derived edges with flip_prob=0.15,20,51,0.134211,10,11,True,1,11,8.0,8,8.0,5.0,8,5,20,ndcg_at_k,8.0,8,0.2,0.288889,1.0,1.0,0.15,1.0,1.0,0.000124,0.000104,1.6e-05,0.001549,0.003198,0.001453,0.006884
scidocs,q_sci_000211,greedy_fas_topological,qrels_flip,synthetic corruption: qrels-derived edges with flip_prob=0.15,20,51,0.134211,10,11,True,1,11,8.0,8,8.0,5.0,8,5,20,ndcg_at_k,7.0,7,0.052632,0.155556,0.781723,0.557576,0.15,1.0,0.784314,0.000124,0.000104,1.6e-05,0.001549,6.6e-05,0.001453,0.006884
scidocs,q_sci_000211,greedy_fas_weighted_balance,qrels_flip,synthetic corruption: qrels-derived edges with flip_prob=0.15,20,51,0.134211,10,11,True,1,11,8.0,8,8.0,5.0,8,5,20,ndcg_at_k,8.0,8,0.421053,0.377778,1.0,1.0,0.15,1.0,1.0,0.000124,0.000104,1.6e-05,0.001549,3e-05,0.001453,0.006884
scidocs,q_sci_000211,greedy_fas_copeland,qrels_flip,synthetic corruption: qrels-derived edges with flip_prob=0.15,20,51,0.134211,10,11,True,1,11,8.0,8,8.0,5.0,8,5,20,ndcg_at_k,8.0,8,0.421053,0.377778,1.0,1.0,0.15,1.0,1.0,0.000124,0.000104,1.6e-05,0.001549,2.7e-05,0.001453,0.006884
scidocs,q_sci_000211,greedy_fas_score_augmented_topological,qrels_flip,synthetic corruption: qrels-derived edges with flip_prob=0.15,20,51,0.134211,10,11,True,1,11,8.0,8,8.0,5.0,8,5,20,ndcg_at_k,7.0,7,-0.231579,0.066667,0.781723,0.557576,0.15,1.0,0.784314,0.000124,0.000104,1.6e-05,0.001549,4.5e-05,0.001453,0.006884
scidocs,q_sci_000211,fas_balance_score_prior_alpha_beta,qrels_flip,synthetic corruption: qrels-derived edges with flip_prob=0.15,20,51,0.134211,10,11,True,1,11,8.0,8,8.0,5.0,8,5,20,ndcg_at_k,8.0,8,0.421053,0.377778,1.0,1.0,0.15,1.0,1.0,0.000124,0.000104,1.6e-05,0.001549,5.2e-05,0.001453,0.006884
scidocs,q_sci_000211,hybrid_rrf_fas_regularized,qrels_flip,synthetic corruption: qrels-derived edges with flip_prob=0.15,20,51,0.134211,10,11,True,1,11,8.0,8,8.0,5.0,8,5,20,ndcg_at_k,8.0,8,0.421053,0.377778,1.0,1.0,0.15,1.0,1.0,0.000124,0.000104,1.6e-05,0.001549,3.9e-05,0.001453,0.006884
scidocs,q_sci_000211,hybrid_rrf_balance_a05,qrels_flip,synthetic corruption: qrels-derived edges with flip_prob=0.15,20,51,0.134211,10,11,True,1,11,8.0,8,8.0,5.0,8,5,20,ndcg_at_k,8.0,8,0.421053,0.377778,1.0,1.0,0.15,1.0,1.0,0.000124,0.000104,1.6e-05,0.001549,3.4e-05,0.001453,0.006884
scidocs,q_sci_000211,hybrid_rrf_copeland_a03,qrels_flip,synthetic corruption: qrels-derived edges with flip_prob=0.15,20,51,0.134211,10,11,True,1,11,8.0,8,8.0,5.0,8,5,20,ndcg_at_k,8.0,8,0.421053,0.377778,1.0,1.0,0.15,1.0,1.0,0.000124,0.000104,1.6e-05,0.001549,3.2e-05,0.001453,0.006884
scidocs,q_sci_000211,hybrid_rrf_priority_topo_a03,qrels_flip,synthetic corruption: qrels-derived edges with flip_prob=0.15,20,51,0.134211,10,11,True,1,11,8.0,8,8.0,5.0,8,5,20,ndcg_at_k,8.0,8,-0.231579,0.066667,0.802288,0.590909,0.15,1.0,0.803922,0.000124,0.000104,1.6e-05,0.001549,6.8e-05,0.001453,0.006884
scidocs,q_sci_000129,score_sum,qrels_flip,synthetic corruption: qrels-derived edges with flip_prob=0.15,20,75,0.197368,8,13,True,1,13,10.0,10,11.0,1.0,11,1,20,ndcg_at_k,11.0,11,0.694737,0.563636,1.0,1.0,0.25,1.0,1.0,0.000161,0.000159,2e-05,0.001345,3.2e-05,0.001473,0.006124
scidocs,q_sci_000129,borda,qrels_flip,synthetic corruption: qrels-derived edges with flip_prob=0.15,20,75,0.197368,8,13,True,1,13,10.0,10,11.0,1.0,11,1,20,ndcg_at_k,11.0,11,0.694737,0.563636,1.0,1.0,0.25,1.0,1.0,0.000161,0.000159,2e-05,0.001345,1.8e-05,0.001473,0.006124
scidocs,q_sci_000129,pagerank,qrels_flip,synthetic corruption: qrels-derived edges with flip_prob=0.15,20,75,0.197368,8,13,True,1,13,10.0,10,11.0,1.0,11,1,20,ndcg_at_k,11.0,11,0.410526,0.345455,0.906825,0.81,0.25,1.0,0.946667,0.000161,0.000159,2e-05,0.001345,0.002476,0.001473,0.006124
scidocs,q_sci_000129,greedy_fas_topological,qrels_flip,synthetic corruption: qrels-derived edges with flip_prob=0.15,20,75,0.197368,8,13,True,1,13,10.0,10,11.0,1.0,11,1,20,ndcg_at_k,7.0,7,0.368421,0.454545,0.970892,0.911111,0.25,1.0,0.946667,0.000161,0.000159,2e-05,0.001345,7.4e-05,0.001473,0.006124
scidocs,q_sci_000129,greedy_fas_weighted_balance,qrels_flip,synthetic corruption: qrels-derived edges with flip_prob=0.15,20,75,0.197368,8,13,True,1,13,10.0,10,11.0,1.0,11,1,20,ndcg_at_k,11.0,11,0.663158,0.6,1.0,1.0,0.25,1.0,1.0,0.000161,0.000159,2e-05,0.001345,3.6e-05,0.001473,0.006124
scidocs,q_sci_000129,greedy_fas_copeland,qrels_flip,synthetic corruption: qrels-derived edges with flip_prob=0.15,20,75,0.197368,8,13,True,1,13,10.0,10,11.0,1.0,11,1,20,ndcg_at_k,11.0,11,0.663158,0.6,1.0,1.0,0.25,1.0,1.0,0.000161,0.000159,2e-05,0.001345,2.7e-05,0.001473,0.006124
scidocs,q_sci_000129,greedy_fas_score_augmented_topological,qrels_flip,synthetic corruption: qrels-derived edges with flip_prob=0.15,20,75,0.197368,8,13,True,1,13,10.0,10,11.0,1.0,11,1,20,ndcg_at_k,9.0,9,-0.105263,0.6,0.981848,0.942857,0.25,1.0,0.973333,0.000161,0.000159,2e-05,0.001345,5.3e-05,0.001473,0.006124
scidocs,q_sci_000129,fas_balance_score_prior_alpha_beta,qrels_flip,synthetic corruption: qrels-derived edges with flip_prob=0.15,20,75,0.197368,8,13,True,1,13,10.0,10,11.0,1.0,11,1,20,ndcg_at_k,11.0,11,0.642105,0.6,1.0,1.0,0.25,1.0,1.0,0.000161,0.000159,2e-05,0.001345,5.2e-05,0.001473,0.006124
scidocs,q_sci_000129,hybrid_rrf_fas_regularized,qrels_flip,synthetic corruption: qrels-derived edges with flip_prob=0.15,20,75,0.197368,8,13,True,1,13,10.0,10,11.0,1.0,11,1,20,ndcg_at_k,11.0,11,0.663158,0.6,1.0,1.0,0.25,1.0,1.0,0.000161,0.000159,2e-05,0.001345,4.3e-05,0.001473,0.006124
scidocs,q_sci_000129,hybrid_rrf_balance_a05,qrels_flip,synthetic corruption: qrels-derived edges with flip_prob=0.15,20,75,0.197368,8,13,True,1,13,10.0,10,11.0,1.0,11,1,20,ndcg_at_k,11.0,11,0.663158,0.6,1.0,1.0,0.25,1.0,1.0,0.000161,0.000159,2e-05,0.001345,3.9e-05,0.001473,0.006124
scidocs,q_sci_000129,hybrid_rrf_copeland_a03,qrels_flip,synthetic corruption: qrels-derived edges with flip_prob=0.15,20,75,0.197368,8,13,True,1,13,10.0,10,11.0,1.0,11,1,20,ndcg_at_k,11.0,11,0.663158,0.6,1.0,1.0,0.25,1.0,1.0,0.000161,0.000159,2e-05,0.001345,3.4e-05,0.001473,0.006124
scidocs,q_sci_000129,hybrid_rrf_priority_topo_a03,qrels_flip,synthetic corruption: qrels-derived edges with flip_prob=0.15,20,75,0.197368,8,13,True,1,13,10.0,10,11.0,1.0,11,1,20,ndcg_at_k,10.0,10,0.326316,0.6,0.989606,0.966667,0.25,1.0,0.986667,0.000161,0.000159,2e-05,0.001345,8.2e-05,0.001473,0.006124
scidocs,q_sci_000162,score_sum,qrels_flip,synthetic corruption: qrels-derived edges with flip_prob=0.15,20,64,0.168421,16,5,True,1,5,1.0,1,5.0,4.0,5,4,20,ndcg_at_k,5.0,5,0.536842,0.688889,1.0,1.0,0.2,1.0,1.0,0.00014,0.00011,2.2e-05,0.000665,2.8e-05,0.001382,0.004858
scidocs,q_sci_000162,borda,qrels_flip,synthetic corruption: qrels-derived edges with flip_prob=0.15,20,64,0.168421,16,5,True,1,5,1.0,1,5.0,4.0,5,4,20,ndcg_at_k,5.0,5,0.536842,0.688889,1.0,1.0,0.2,1.0,1.0,0.00014,0.00011,2.2e-05,0.000665,1.9e-05,0.001382,0.004858
scidocs,q_sci_000162,pagerank,qrels_flip,synthetic corruption: qrels-derived edges with flip_prob=0.15,20,64,0.168421,16,5,True,1,5,1.0,1,5.0,4.0,5,4,20,ndcg_at_k,5.0,5,0.231579,0.644444,1.0,1.0,0.2,1.0,1.0,0.00014,0.00011,2.2e-05,0.000665,0.002065,0.001382,0.004858
scidocs,q_sci_000162,greedy_fas_topological,qrels_flip,synthetic corruption: qrels-derived edges with flip_prob=0.15,20,64,0.168421,16,5,True,1,5,1.0,1,5.0,4.0,5,4,20,ndcg_at_k,1.0,1,0.157895,0.555556,0.934937,0.830357,0.2,1.0,0.9375,0.00014,0.00011,2.2e-05,0.000665,5.9e-05,0.001382,0.004858
scidocs,q_sci_000162,greedy_fas_weighted_balance,qrels_flip,synthetic corruption: qrels-derived edges with flip_prob=0.15,20,64,0.168421,16,5,True,1,5,1.0,1,5.0,4.0,5,4,20,ndcg_at_k,5.0,5,0.515789,0.688889,1.0,1.0,0.2,1.0,1.0,0.00014,0.00011,2.2e-05,0.000665,3.5e-05,0.001382,0.004858
scidocs,q_sci_000162,greedy_fas_copeland,qrels_flip,synthetic corruption: qrels-derived edges with flip_prob=0.15,20,64,0.168421,16,5,True,1,5,1.0,1,5.0,4.0,5,4,20,ndcg_at_k,5.0,5,0.515789,0.688889,1.0,1.0,0.2,1.0,1.0,0.00014,0.00011,2.2e-05,0.000665,2.6e-05,0.001382,0.004858
scidocs,q_sci_000162,greedy_fas_score_augmented_topological,qrels_flip,synthetic corruption: qrels-derived edges with flip_prob=0.15,20,64,0.168421,16,5,True,1,5,1.0,1,5.0,4.0,5,4,20,ndcg_at_k,1.0,1,-0.336842,0.422222,0.934937,0.830357,0.2,1.0,0.9375,0.00014,0.00011,2.2e-05,0.000665,4.9e-05,0.001382,0.004858
scidocs,q_sci_000162,fas_balance_score_prior_alpha_beta,qrels_flip,synthetic corruption: qrels-derived edges with flip_prob=0.15,20,64,0.168421,16,5,True,1,5,1.0,1,5.0,4.0,5,4,20,ndcg_at_k,5.0,5,0.515789,0.688889,1.0,1.0,0.2,1.0,1.0,0.00014,0.00011,2.2e-05,0.000665,5e-05,0.001382,0.004858
scidocs,q_sci_000162,hybrid_rrf_fas_regularized,qrels_flip,synthetic corruption: qrels-derived edges with flip_prob=0.15,20,64,0.168421,16,5,True,1,5,1.0,1,5.0,4.0,5,4,20,ndcg_at_k,5.0,5,0.515789,0.688889,1.0,1.0,0.2,1.0,1.0,0.00014,0.00011,2.2e-05,0.000665,4.2e-05,0.001382,0.004858
scidocs,q_sci_000162,hybrid_rrf_balance_a05,qrels_flip,synthetic corruption: qrels-derived edges with flip_prob=0.15,20,64,0.168421,16,5,True,1,5,1.0,1,5.0,4.0,5,4,20,ndcg_at_k,5.0,5,0.515789,0.688889,1.0,1.0,0.2,1.0,1.0,0.00014,0.00011,2.2e-05,0.000665,3.8e-05,0.001382,0.004858
scidocs,q_sci_000162,hybrid_rrf_copeland_a03,qrels_flip,synthetic corruption: qrels-derived edges with flip_prob=0.15,20,64,0.168421,16,5,True,1,5,1.0,1,5.0,4.0,5,4,20,ndcg_at_k,5.0,5,0.515789,0.688889,1.0,1.0,0.2,1.0,1.0,0.00014,0.00011,2.2e-05,0.000665,3.4e-05,0.001382,0.004858
scidocs,q_sci_000162,hybrid_rrf_priority_topo_a03,qrels_flip,synthetic corruption: qrels-derived edges with flip_prob=0.15,20,64,0.168421,16,5,True,1,5,1.0,1,5.0,4.0,5,4,20,ndcg_at_k,1.0,1,-0.242105,0.422222,0.934937,0.830357,0.2,1.0,0.9375,0.00014,0.00011,2.2e-05,0.000665,9.4e-05,0.001382,0.004858
scidocs,q_sci_000223,score_sum,qrels_flip,synthetic corruption: qrels-derived edges with flip_prob=0.15,20,51,0.134211,14,7,True,1,7,3.0,3,7.0,7.0,7,7,20,ndcg_at_k,7.0,7,0.6,0.377778,1.0,1.0,0.15,1.0,1.0,0.000136,9.9e-05,2.2e-05,0.000898,2.7e-05,0.001388,0.005299
scidocs,q_sci_000223,borda,qrels_flip,synthetic corruption: qrels-derived edges with flip_prob=0.15,20,51,0.134211,14,7,True,1,7,3.0,3,7.0,7.0,7,7,20,ndcg_at_k,7.0,7,0.6,0.377778,1.0,1.0,0.15,1.0,1.0,0.000136,9.9e-05,2.2e-05,0.000898,1.8e-05,0.001388,0.005299
scidocs,q_sci_000223,pagerank,qrels_flip,synthetic corruption: qrels-derived edges with flip_prob=0.15,20,51,0.134211,14,7,True,1,7,3.0,3,7.0,7.0,7,7,20,ndcg_at_k,7.0,7,0.210526,0.466667,1.0,1.0,0.15,1.0,1.0,0.000136,9.9e-05,2.2e-05,0.000898,0.002323,0.001388,0.005299
scidocs,q_sci_000223,greedy_fas_topological,qrels_flip,synthetic corruption: qrels-derived edges with flip_prob=0.15,20,51,0.134211,14,7,True,1,7,3.0,3,7.0,7.0,7,7,20,ndcg_at_k,3.0,3,0.136842,0.288889,0.777706,0.555556,0.15,1.0,0.803922,0.000136,9.9e-05,2.2e-05,0.000898,5.8e-05,0.001388,0.005299
scidocs,q_sci_000223,greedy_fas_weighted_balance,qrels_flip,synthetic corruption: qrels-derived edges with flip_prob=0.15,20,51,0.134211,14,7,True,1,7,3.0,3,7.0,7.0,7,7,20,ndcg_at_k,7.0,7,0.589474,0.466667,1.0,1.0,0.15,1.0,1.0,0.000136,9.9e-05,2.2e-05,0.000898,3e-05,0.001388,0.005299
scidocs,q_sci_000223,greedy_fas_copeland,qrels_flip,synthetic corruption: qrels-derived edges with flip_prob=0.15,20,51,0.134211,14,7,True,1,7,3.0,3,7.0,7.0,7,7,20,ndcg_at_k,7.0,7,0.589474,0.466667,1.0,1.0,0.15,1.0,1.0,0.000136,9.9e-05,2.2e-05,0.000898,2.7e-05,0.001388,0.005299
scidocs,q_sci_000223,greedy_fas_score_augmented_topological,qrels_flip,synthetic corruption: qrels-derived edges with flip_prob=0.15,20,51,0.134211,14,7,True,1,7,3.0,3,7.0,7.0,7,7,20,ndcg_at_k,3.0,3,-0.157895,0.2,0.777706,0.555556,0.15,1.0,0.803922,0.000136,9.9e-05,2.2e-05,0.000898,4.7e-05,0.001388,0.005299
scidocs,q_sci_000223,fas_balance_score_prior_alpha_beta,qrels_flip,synthetic corruption: qrels-derived edges with flip_prob=0.15,20,51,0.134211,14,7,True,1,7,3.0,3,7.0,7.0,7,7,20,ndcg_at_k,7.0,7,0.589474,0.466667,1.0,1.0,0.15,1.0,1.0,0.000136,9.9e-05,2.2e-05,0.000898,4.8e-05,0.001388,0.005299
scidocs,q_sci_000223,hybrid_rrf_fas_regularized,qrels_flip,synthetic corruption: qrels-derived edges with flip_prob=0.15,20,51,0.134211,14,7,True,1,7,3.0,3,7.0,7.0,7,7,20,ndcg_at_k,7.0,7,0.589474,0.466667,1.0,1.0,0.15,1.0,1.0,0.000136,9.9e-05,2.2e-05,0.000898,4e-05,0.001388,0.005299
scidocs,q_sci_000223,hybrid_rrf_balance_a05,qrels_flip,synthetic corruption: qrels-derived edges with flip_prob=0.15,20,51,0.134211,14,7,True,1,7,3.0,3,7.0,7.0,7,7,20,ndcg_at_k,7.0,7,0.589474,0.466667,1.0,1.0,0.15,1.0,1.0,0.000136,9.9e-05,2.2e-05,0.000898,3.5e-05,0.001388,0.005299
scidocs,q_sci_000223,hybrid_rrf_copeland_a03,qrels_flip,synthetic corruption: qrels-derived edges with flip_prob=0.15,20,51,0.134211,14,7,True,1,7,3.0,3,7.0,7.0,7,7,20,ndcg_at_k,7.0,7,0.589474,0.466667,1.0,1.0,0.15,1.0,1.0,0.000136,9.9e-05,2.2e-05,0.000898,3.3e-05,0.001388,0.005299
scidocs,q_sci_000223,hybrid_rrf_priority_topo_a03,qrels_flip,synthetic corruption: qrels-derived edges with flip_prob=0.15,20,51,0.134211,14,7,True,1,7,3.0,3,7.0,7.0,7,7,20,ndcg_at_k,3.0,3,-0.136842,0.2,0.777706,0.555556,0.15,1.0,0.803922,0.000136,9.9e-05,2.2e-05,0.000898,7e-05,0.001388,0.005299
scidocs,q_sci_000041,score_sum,qrels_flip,synthetic corruption: qrels-derived edges with flip_prob=0.15,20,75,0.197368,8,13,True,1,13,9.0,9,11.0,6.0,11,6,20,ndcg_at_k,11.0,11,0.621053,0.636364,1.0,1.0,0.25,1.0,1.0,0.00016,0.000187,1.6e-05,0.002002,3.2e-05,0.001474,0.007575
scidocs,q_sci_000041,borda,qrels_flip,synthetic corruption: qrels-derived edges with flip_prob=0.15,20,75,0.197368,8,13,True,1,13,9.0,9,11.0,6.0,11,6,20,ndcg_at_k,11.0,11,0.621053,0.636364,1.0,1.0,0.25,1.0,1.0,0.00016,0.000187,1.6e-05,0.002002,1.9e-05,0.001474,0.007575
scidocs,q_sci_000041,pagerank,qrels_flip,synthetic corruption: qrels-derived edges with flip_prob=0.15,20,75,0.197368,8,13,True,1,13,9.0,9,11.0,6.0,11,6,20,ndcg_at_k,16.0,16,0.4,0.6,0.894004,0.739286,0.25,1.0,0.88,0.00016,0.000187,1.6e-05,0.002002,0.00324,0.001474,0.007575
scidocs,q_sci_000041,greedy_fas_topological,qrels_flip,synthetic corruption: qrels-derived edges with flip_prob=0.15,20,75,0.197368,8,13,True,1,13,9.0,9,11.0,6.0,11,6,20,ndcg_at_k,7.0,7,0.347368,0.490909,0.9188,0.776923,0.25,1.0,0.84,0.00016,0.000187,1.6e-05,0.002002,6e-05,0.001474,0.007575
scidocs,q_sci_000041,greedy_fas_weighted_balance,qrels_flip,synthetic corruption: qrels-derived edges with flip_prob=0.15,20,75,0.197368,8,13,True,1,13,9.0,9,11.0,6.0,11,6,20,ndcg_at_k,11.0,11,0.589474,0.672727,1.0,1.0,0.25,1.0,1.0,0.00016,0.000187,1.6e-05,0.002002,4.2e-05,0.001474,0.007575
scidocs,q_sci_000041,greedy_fas_copeland,qrels_flip,synthetic corruption: qrels-derived edges with flip_prob=0.15,20,75,0.197368,8,13,True,1,13,9.0,9,11.0,6.0,11,6,20,ndcg_at_k,11.0,11,0.589474,0.672727,1.0,1.0,0.25,1.0,1.0,0.00016,0.000187,1.6e-05,0.002002,2.7e-05,0.001474,0.007575
scidocs,q_sci_000041,greedy_fas_score_augmented_topological,qrels_flip,synthetic corruption: qrels-derived edges with flip_prob=0.15,20,75,0.197368,8,13,True,1,13,9.0,9,11.0,6.0,11,6,20,ndcg_at_k,9.0,9,0.063158,0.6,0.932618,0.810256,0.25,1.0,0.866667,0.00016,0.000187,1.6e-05,0.002002,4.7e-05,0.001474,0.007575
scidocs,q_sci_000041,fas_balance_score_prior_alpha_beta,qrels_flip,synthetic corruption: qrels-derived edges with flip_prob=0.15,20,75,0.197368,8,13,True,1,13,9.0,9,11.0,6.0,11,6,20,ndcg_at_k,11.0,11,0.589474,0.672727,1.0,1.0,0.25,1.0,1.0,0.00016,0.000187,1.6e-05,0.002002,5.4e-05,0.001474,0.007575
scidocs,q_sci_000041,hybrid_rrf_fas_regularized,qrels_flip,synthetic corruption: qrels-derived edges with flip_prob=0.15,20,75,0.197368,8,13,True,1,13,9.0,9,11.0,6.0,11,6,20,ndcg_at_k,11.0,11,0.589474,0.672727,1.0,1.0,0.25,1.0,1.0,0.00016,0.000187,1.6e-05,0.002002,4.5e-05,0.001474,0.007575
scidocs,q_sci_000041,hybrid_rrf_balance_a05,qrels_flip,synthetic corruption: qrels-derived edges with flip_prob=0.15,20,75,0.197368,8,13,True,1,13,9.0,9,11.0,6.0,11,6,20,ndcg_at_k,11.0,11,0.589474,0.672727,1.0,1.0,0.25,1.0,1.0,0.00016,0.000187,1.6e-05,0.002002,3.9e-05,0.001474,0.007575
scidocs,q_sci_000041,hybrid_rrf_copeland_a03,qrels_flip,synthetic corruption: qrels-derived edges with flip_prob=0.15,20,75,0.197368,8,13,True,1,13,9.0,9,11.0,6.0,11,6,20,ndcg_at_k,11.0,11,0.589474,0.672727,1.0,1.0,0.25,1.0,1.0,0.00016,0.000187,1.6e-05,0.002002,5e-05,0.001474,0.007575
scidocs,q_sci_000041,hybrid_rrf_priority_topo_a03,qrels_flip,synthetic corruption: qrels-derived edges with flip_prob=0.15,20,75,0.197368,8,13,True,1,13,9.0,9,11.0,6.0,11,6,20,ndcg_at_k,6.0,6,0.147368,0.672727,0.941577,0.833333,0.25,1.0,0.906667,0.00016,0.000187,1.6e-05,0.002002,8.1e-05,0.001474,0.007575
scidocs,q_sci_000278,score_sum,qrels_flip,synthetic corruption: qrels-derived edges with flip_prob=0.15,20,51,0.134211,9,12,True,1,12,9.0,9,10.0,8.0,10,8,20,ndcg_at_k,10.0,10,0.705263,0.5,1.0,1.0,0.15,1.0,1.0,0.000163,8.9e-05,1.6e-05,0.001339,2.7e-05,0.001346,0.006549
scidocs,q_sci_000278,borda,qrels_flip,synthetic corruption: qrels-derived edges with flip_prob=0.15,20,51,0.134211,9,12,True,1,12,9.0,9,10.0,8.0,10,8,20,ndcg_at_k,10.0,10,0.705263,0.5,1.0,1.0,0.15,1.0,1.0,0.000163,8.9e-05,1.6e-05,0.001339,1.9e-05,0.001346,0.006549
scidocs,q_sci_000278,pagerank,qrels_flip,synthetic corruption: qrels-derived edges with flip_prob=0.15,20,51,0.134211,9,12,True,1,12,9.0,9,10.0,8.0,10,8,20,ndcg_at_k,10.0,10,0.473684,0.444444,1.0,1.0,0.15,1.0,1.0,0.000163,8.9e-05,1.6e-05,0.001339,0.003176,0.001346,0.006549
scidocs,q_sci_000278,greedy_fas_topological,qrels_flip,synthetic corruption: qrels-derived edges with flip_prob=0.15,20,51,0.134211,9,12,True,1,12,9.0,9,10.0,8.0,10,8,20,ndcg_at_k,7.0,7,0.294737,0.055556,0.509497,0.277778,0.15,1.0,0.666667,0.000163,8.9e-05,1.6e-05,0.001339,5.8e-05,0.001346,0.006549
scidocs,q_sci_000278,greedy_fas_weighted_balance,qrels_flip,synthetic corruption: qrels-derived edges with flip_prob=0.15,20,51,0.134211,9,12,True,1,12,9.0,9,10.0,8.0,10,8,20,ndcg_at_k,10.0,10,0.673684,0.444444,1.0,1.0,0.15,1.0,1.0,0.000163,8.9e-05,1.6e-05,0.001339,2.9e-05,0.001346,0.006549
scidocs,q_sci_000278,greedy_fas_copeland,qrels_flip,synthetic corruption: qrels-derived edges with flip_prob=0.15,20,51,0.134211,9,12,True,1,12,9.0,9,10.0,8.0,10,8,20,ndcg_at_k,10.0,10,0.673684,0.444444,1.0,1.0,0.15,1.0,1.0,0.000163,8.9e-05,1.6e-05,0.001339,2.6e-05,0.001346,0.006549
scidocs,q_sci_000278,greedy_fas_score_augmented_topological,qrels_flip,synthetic corruption: qrels-derived edges with flip_prob=0.15,20,51,0.134211,9,12,True,1,12,9.0,9,10.0,8.0,10,8,20,ndcg_at_k,8.0,8,0.073684,-0.055556,0.517883,0.289683,0.15,1.0,0.686275,0.000163,8.9e-05,1.6e-05,0.001339,4.3e-05,0.001346,0.006549
scidocs,q_sci_000278,fas_balance_score_prior_alpha_beta,qrels_flip,synthetic corruption: qrels-derived edges with flip_prob=0.15,20,51,0.134211,9,12,True,1,12,9.0,9,10.0,8.0,10,8,20,ndcg_at_k,10.0,10,0.673684,0.444444,1.0,1.0,0.15,1.0,1.0,0.000163,8.9e-05,1.6e-05,0.001339,4.5e-05,0.001346,0.006549
scidocs,q_sci_000278,hybrid_rrf_fas_regularized,qrels_flip,synthetic corruption: qrels-derived edges with flip_prob=0.15,20,51,0.134211,9,12,True,1,12,9.0,9,10.0,8.0,10,8,20,ndcg_at_k,10.0,10,0.673684,0.444444,1.0,1.0,0.15,1.0,1.0,0.000163,8.9e-05,1.6e-05,0.001339,3.8e-05,0.001346,0.006549
scidocs,q_sci_000278,hybrid_rrf_balance_a05,qrels_flip,synthetic corruption: qrels-derived edges with flip_prob=0.15,20,51,0.134211,9,12,True,1,12,9.0,9,10.0,8.0,10,8,20,ndcg_at_k,10.0,10,0.673684,0.444444,1.0,1.0,0.15,1.0,1.0,0.000163,8.9e-05,1.6e-05,0.001339,3.4e-05,0.001346,0.006549
scidocs,q_sci_000278,hybrid_rrf_copeland_a03,qrels_flip,synthetic corruption: qrels-derived edges with flip_prob=0.15,20,51,0.134211,9,12,True,1,12,9.0,9,10.0,8.0,10,8,20,ndcg_at_k,10.0,10,0.673684,0.444444,1.0,1.0,0.15,1.0,1.0,0.000163,8.9e-05,1.6e-05,0.001339,3.3e-05,0.001346,0.006549
scidocs,q_sci_000278,hybrid_rrf_priority_topo_a03,qrels_flip,synthetic corruption: qrels-derived edges with flip_prob=0.15,20,51,0.134211,9,12,True,1,12,9.0,9,10.0,8.0,10,8,20,ndcg_at_k,9.0,9,0.105263,-0.055556,0.528617,0.305556,0.15,1.0,0.705882,0.000163,8.9e-05,1.6e-05,0.001339,6.8e-05,0.001346,0.006549
scidocs,q_sci_000021,score_sum,qrels_flip,synthetic corruption: qrels-derived edges with flip_prob=0.15,20,64,0.168421,7,14,True,1,14,14.0,14,13.0,5.0,13,5,20,ndcg_at_k,13.0,13,0.463158,0.466667,1.0,1.0,0.2,1.0,1.0,0.000145,0.000105,1.5e-05,0.002578,3e-05,0.001397,0.0079
scidocs,q_sci_000021,borda,qrels_flip,synthetic corruption: qrels-derived edges with flip_prob=0.15,20,64,0.168421,7,14,True,1,14,14.0,14,13.0,5.0,13,5,20,ndcg_at_k,13.0,13,0.463158,0.466667,1.0,1.0,0.2,1.0,1.0,0.000145,0.000105,1.5e-05,0.002578,1.8e-05,0.001397,0.0079
scidocs,q_sci_000021,pagerank,qrels_flip,synthetic corruption: qrels-derived edges with flip_prob=0.15,20,64,0.168421,7,14,True,1,14,14.0,14,13.0,5.0,13,5,20,ndcg_at_k,13.0,13,0.178947,0.333333,1.0,1.0,0.2,1.0,1.0,0.000145,0.000105,1.5e-05,0.002578,0.003221,0.001397,0.0079
scidocs,q_sci_000021,greedy_fas_topological,qrels_flip,synthetic corruption: qrels-derived edges with flip_prob=0.15,20,64,0.168421,7,14,True,1,14,14.0,14,13.0,5.0,13,5,20,ndcg_at_k,13.0,13,0.284211,0.244444,0.878272,0.701923,0.2,1.0,0.8125,0.000145,0.000105,1.5e-05,0.002578,6.2e-05,0.001397,0.0079
scidocs,q_sci_000021,greedy_fas_weighted_balance,qrels_flip,synthetic corruption: qrels-derived edges with flip_prob=0.15,20,64,0.168421,7,14,True,1,14,14.0,14,13.0,5.0,13,5,20,ndcg_at_k,13.0,13,0.526316,0.377778,1.0,1.0,0.2,1.0,1.0,0.000145,0.000105,1.5e-05,0.002578,3.1e-05,0.001397,0.0079
scidocs,q_sci_000021,greedy_fas_copeland,qrels_flip,synthetic corruption: qrels-derived edges with flip_prob=0.15,20,64,0.168421,7,14,True,1,14,14.0,14,13.0,5.0,13,5,20,ndcg_at_k,13.0,13,0.526316,0.377778,1.0,1.0,0.2,1.0,1.0,0.000145,0.000105,1.5e-05,0.002578,2.6e-05,0.001397,0.0079
scidocs,q_sci_000021,greedy_fas_score_augmented_topological,qrels_flip,synthetic corruption: qrels-derived edges with flip_prob=0.15,20,64,0.168421,7,14,True,1,14,14.0,14,13.0,5.0,13,5,20,ndcg_at_k,11.0,11,0.0,0.2,0.830122,0.625,0.2,1.0,0.8125,0.000145,0.000105,1.5e-05,0.002578,4.5e-05,0.001397,0.0079
scidocs,q_sci_000021,fas_balance_score_prior_alpha_beta,qrels_flip,synthetic corruption: qrels-derived edges with flip_prob=0.15,20,64,0.168421,7,14,True,1,14,14.0,14,13.0,5.0,13,5,20,ndcg_at_k,13.0,13,0.452632,0.422222,1.0,1.0,0.2,1.0,1.0,0.000145,0.000105,1.5e-05,0.002578,4.7e-05,0.001397,0.0079
scidocs,q_sci_000021,hybrid_rrf_fas_regularized,qrels_flip,synthetic corruption: qrels-derived edges with flip_prob=0.15,20,64,0.168421,7,14,True,1,14,14.0,14,13.0,5.0,13,5,20,ndcg_at_k,13.0,13,0.526316,0.377778,1.0,1.0,0.2,1.0,1.0,0.000145,0.000105,1.5e-05,0.002578,4e-05,0.001397,0.0079
scidocs,q_sci_000021,hybrid_rrf_balance_a05,qrels_flip,synthetic corruption: qrels-derived edges with flip_prob=0.15,20,64,0.168421,7,14,True,1,14,14.0,14,13.0,5.0,13,5,20,ndcg_at_k,13.0,13,0.526316,0.377778,1.0,1.0,0.2,1.0,1.0,0.000145,0.000105,1.5e-05,0.002578,3.7e-05,0.001397,0.0079
scidocs,q_sci_000021,hybrid_rrf_copeland_a03,qrels_flip,synthetic corruption: qrels-derived edges with flip_prob=0.15,20,64,0.168421,7,14,True,1,14,14.0,14,13.0,5.0,13,5,20,ndcg_at_k,13.0,13,0.526316,0.377778,1.0,1.0,0.2,1.0,1.0,0.000145,0.000105,1.5e-05,0.002578,3.2e-05,0.001397,0.0079
scidocs,q_sci_000021,hybrid_rrf_priority_topo_a03,qrels_flip,synthetic corruption: qrels-derived edges with flip_prob=0.15,20,64,0.168421,7,14,True,1,14,14.0,14,13.0,5.0,13,5,20,ndcg_at_k,11.0,11,0.136842,0.244444,0.884632,0.715909,0.2,1.0,0.84375,0.000145,0.000105,1.5e-05,0.002578,7.1e-05,0.001397,0.0079
scidocs,q_sci_000434,score_sum,qrels_flip,synthetic corruption: qrels-derived edges with flip_prob=0.15,20,51,0.134211,9,12,True,1,12,8.0,8,9.0,5.0,9,5,20,ndcg_at_k,9.0,9,0.431579,0.511111,1.0,1.0,0.15,1.0,1.0,0.000131,8.6e-05,1.6e-05,0.001656,2.7e-05,0.001288,0.006724
scidocs,q_sci_000434,borda,qrels_flip,synthetic corruption: qrels-derived edges with flip_prob=0.15,20,51,0.134211,9,12,True,1,12,8.0,8,9.0,5.0,9,5,20,ndcg_at_k,9.0,9,0.431579,0.511111,1.0,1.0,0.15,1.0,1.0,0.000131,8.6e-05,1.6e-05,0.001656,1.8e-05,0.001288,0.006724
scidocs,q_sci_000434,pagerank,qrels_flip,synthetic corruption: qrels-derived edges with flip_prob=0.15,20,51,0.134211,9,12,True,1,12,8.0,8,9.0,5.0,9,5,20,ndcg_at_k,9.0,9,0.105263,0.6,1.0,1.0,0.15,1.0,1.0,0.000131,8.6e-05,1.6e-05,0.001656,0.003118,0.001288,0.006724
scidocs,q_sci_000434,greedy_fas_topological,qrels_flip,synthetic corruption: qrels-derived edges with flip_prob=0.15,20,51,0.134211,9,12,True,1,12,8.0,8,9.0,5.0,9,5,20,ndcg_at_k,8.0,8,0.031579,0.422222,0.83482,0.646465,0.15,1.0,0.823529,0.000131,8.6e-05,1.6e-05,0.001656,7.2e-05,0.001288,0.006724
scidocs,q_sci_000434,greedy_fas_weighted_balance,qrels_flip,synthetic corruption: qrels-derived edges with flip_prob=0.15,20,51,0.134211,9,12,True,1,12,8.0,8,9.0,5.0,9,5,20,ndcg_at_k,9.0,9,0.357895,0.688889,1.0,1.0,0.15,1.0,1.0,0.000131,8.6e-05,1.6e-05,0.001656,2.8e-05,0.001288,0.006724
scidocs,q_sci_000434,greedy_fas_copeland,qrels_flip,synthetic corruption: qrels-derived edges with flip_prob=0.15,20,51,0.134211,9,12,True,1,12,8.0,8,9.0,5.0,9,5,20,ndcg_at_k,9.0,9,0.357895,0.688889,1.0,1.0,0.15,1.0,1.0,0.000131,8.6e-05,1.6e-05,0.001656,2.6e-05,0.001288,0.006724
scidocs,q_sci_000434,greedy_fas_score_augmented_topological,qrels_flip,synthetic corruption: qrels-derived edges with flip_prob=0.15,20,51,0.134211,9,12,True,1,12,8.0,8,9.0,5.0,9,5,20,ndcg_at_k,8.0,8,-0.252632,0.244444,0.83482,0.646465,0.15,1.0,0.823529,0.000131,8.6e-05,1.6e-05,0.001656,4.5e-05,0.001288,0.006724
scidocs,q_sci_000434,fas_balance_score_prior_alpha_beta,qrels_flip,synthetic corruption: qrels-derived edges with flip_prob=0.15,20,51,0.134211,9,12,True,1,12,8.0,8,9.0,5.0,9,5,20,ndcg_at_k,9.0,9,0.347368,0.644444,1.0,1.0,0.15,1.0,1.0,0.000131,8.6e-05,1.6e-05,0.001656,4.4e-05,0.001288,0.006724
scidocs,q_sci_000434,hybrid_rrf_fas_regularized,qrels_flip,synthetic corruption: qrels-derived edges with flip_prob=0.15,20,51,0.134211,9,12,True,1,12,8.0,8,9.0,5.0,9,5,20,ndcg_at_k,9.0,9,0.357895,0.688889,1.0,1.0,0.15,1.0,1.0,0.000131,8.6e-05,1.6e-05,0.001656,3.7e-05,0.001288,0.006724
scidocs,q_sci_000434,hybrid_rrf_balance_a05,qrels_flip,synthetic corruption: qrels-derived edges with flip_prob=0.15,20,51,0.134211,9,12,True,1,12,8.0,8,9.0,5.0,9,5,20,ndcg_at_k,9.0,9,0.357895,0.688889,1.0,1.0,0.15,1.0,1.0,0.000131,8.6e-05,1.6e-05,0.001656,3.3e-05,0.001288,0.006724
scidocs,q_sci_000434,hybrid_rrf_copeland_a03,qrels_flip,synthetic corruption: qrels-derived edges with flip_prob=0.15,20,51,0.134211,9,12,True,1,12,8.0,8,9.0,5.0,9,5,20,ndcg_at_k,9.0,9,0.357895,0.688889,1.0,1.0,0.15,1.0,1.0,0.000131,8.6e-05,1.6e-05,0.001656,3.2e-05,0.001288,0.006724
scidocs,q_sci_000434,hybrid_rrf_priority_topo_a03,qrels_flip,synthetic corruption: qrels-derived edges with flip_prob=0.15,20,51,0.134211,9,12,True,1,12,8.0,8,9.0,5.0,9,5,20,ndcg_at_k,8.0,8,-0.252632,0.244444,0.83482,0.646465,0.15,1.0,0.823529,0.000131,8.6e-05,1.6e-05,0.001656,6.7e-05,0.001288,0.006724
scidocs,q_sci_000068,score_sum,qrels_flip,synthetic corruption: qrels-derived edges with flip_prob=0.15,20,51,0.134211,16,5,True,1,5,1.0,1,3.0,3.0,3,3,20,ndcg_at_k,3.0,3,0.694737,0.444444,1.0,1.0,0.15,1.0,1.0,0.000127,8.5e-05,1.9e-05,0.000625,2.5e-05,0.001343,0.005121
scidocs,q_sci_000068,borda,qrels_flip,synthetic corruption: qrels-derived edges with flip_prob=0.15,20,51,0.134211,16,5,True,1,5,1.0,1,3.0,3.0,3,3,20,ndcg_at_k,3.0,3,0.694737,0.444444,1.0,1.0,0.15,1.0,1.0,0.000127,8.5e-05,1.9e-05,0.000625,1.8e-05,0.001343,0.005121
scidocs,q_sci_000068,pagerank,qrels_flip,synthetic corruption: qrels-derived edges with flip_prob=0.15,20,51,0.134211,16,5,True,1,5,1.0,1,3.0,3.0,3,3,20,ndcg_at_k,3.0,3,0.252632,0.555556,1.0,1.0,0.15,1.0,1.0,0.000127,8.5e-05,1.9e-05,0.000625,0.002463,0.001343,0.005121
scidocs,q_sci_000068,greedy_fas_topological,qrels_flip,synthetic corruption: qrels-derived edges with flip_prob=0.15,20,51,0.134211,16,5,True,1,5,1.0,1,3.0,3.0,3,3,20,ndcg_at_k,1.0,1,0.210526,0.555556,0.871079,0.722222,0.15,1.0,0.921569,0.000127,8.5e-05,1.9e-05,0.000625,6e-05,0.001343,0.005121
scidocs,q_sci_000068,greedy_fas_weighted_balance,qrels_flip,synthetic corruption: qrels-derived edges with flip_prob=0.15,20,51,0.134211,16,5,True,1,5,1.0,1,3.0,3.0,3,3,20,ndcg_at_k,3.0,3,0.673684,0.444444,1.0,1.0,0.15,1.0,1.0,0.000127,8.5e-05,1.9e-05,0.000625,3e-05,0.001343,0.005121
scidocs,q_sci_000068,greedy_fas_copeland,qrels_flip,synthetic corruption: qrels-derived edges with flip_prob=0.15,20,51,0.134211,16,5,True,1,5,1.0,1,3.0,3.0,3,3,20,ndcg_at_k,3.0,3,0.673684,0.444444,1.0,1.0,0.15,1.0,1.0,0.000127,8.5e-05,1.9e-05,0.000625,2.7e-05,0.001343,0.005121
scidocs,q_sci_000068,greedy_fas_score_augmented_topological,qrels_flip,synthetic corruption: qrels-derived edges with flip_prob=0.15,20,51,0.134211,16,5,True,1,5,1.0,1,3.0,3.0,3,3,20,ndcg_at_k,1.0,1,-0.336842,0.722222,0.871079,0.722222,0.15,1.0,0.921569,0.000127,8.5e-05,1.9e-05,0.000625,5.1e-05,0.001343,0.005121
scidocs,q_sci_000068,fas_balance_score_prior_alpha_beta,qrels_flip,synthetic corruption: qrels-derived edges with flip_prob=0.15,20,51,0.134211,16,5,True,1,5,1.0,1,3.0,3.0,3,3,20,ndcg_at_k,3.0,3,0.673684,0.444444,1.0,1.0,0.15,1.0,1.0,0.000127,8.5e-05,1.9e-05,0.000625,4.6e-05,0.001343,0.005121
scidocs,q_sci_000068,hybrid_rrf_fas_regularized,qrels_flip,synthetic corruption: qrels-derived edges with flip_prob=0.15,20,51,0.134211,16,5,True,1,5,1.0,1,3.0,3.0,3,3,20,ndcg_at_k,3.0,3,0.673684,0.444444,1.0,1.0,0.15,1.0,1.0,0.000127,8.5e-05,1.9e-05,0.000625,4e-05,0.001343,0.005121
scidocs,q_sci_000068,hybrid_rrf_balance_a05,qrels_flip,synthetic corruption: qrels-derived edges with flip_prob=0.15,20,51,0.134211,16,5,True,1,5,1.0,1,3.0,3.0,3,3,20,ndcg_at_k,3.0,3,0.673684,0.444444,1.0,1.0,0.15,1.0,1.0,0.000127,8.5e-05,1.9e-05,0.000625,3.4e-05,0.001343,0.005121
scidocs,q_sci_000068,hybrid_rrf_copeland_a03,qrels_flip,synthetic corruption: qrels-derived edges with flip_prob=0.15,20,51,0.134211,16,5,True,1,5,1.0,1,3.0,3.0,3,3,20,ndcg_at_k,3.0,3,0.673684,0.444444,1.0,1.0,0.15,1.0,1.0,0.000127,8.5e-05,1.9e-05,0.000625,5e-05,0.001343,0.005121
scidocs,q_sci_000068,hybrid_rrf_priority_topo_a03,qrels_flip,synthetic corruption: qrels-derived edges with flip_prob=0.15,20,51,0.134211,16,5,True,1,5,1.0,1,3.0,3.0,3,3,20,ndcg_at_k,1.0,1,-0.336842,0.722222,0.871079,0.722222,0.15,1.0,0.921569,0.000127,8.5e-05,1.9e-05,0.000625,7.8e-05,0.001343,0.005121
scidocs,q_sci_000227,score_sum,qrels_flip,synthetic corruption: qrels-derived edges with flip_prob=0.15,20,75,0.197368,7,14,True,1,14,13.0,13,13.0,5.0,13,5,20,ndcg_at_k,13.0,13,0.747368,0.454545,1.0,1.0,0.25,1.0,1.0,0.000159,0.000129,1.6e-05,0.002145,3.2e-05,0.001536,0.00771
scidocs,q_sci_000227,borda,qrels_flip,synthetic corruption: qrels-derived edges with flip_prob=0.15,20,75,0.197368,7,14,True,1,14,13.0,13,13.0,5.0,13,5,20,ndcg_at_k,13.0,13,0.747368,0.454545,1.0,1.0,0.25,1.0,1.0,0.000159,0.000129,1.6e-05,0.002145,1.8e-05,0.001536,0.00771
scidocs,q_sci_000227,pagerank,qrels_flip,synthetic corruption: qrels-derived edges with flip_prob=0.15,20,75,0.197368,7,14,True,1,14,13.0,13,13.0,5.0,13,5,20,ndcg_at_k,14.0,14,0.536842,0.490909,0.989606,0.966667,0.25,1.0,0.986667,0.000159,0.000129,1.6e-05,0.002145,0.003248,0.001536,0.00771
scidocs,q_sci_000227,greedy_fas_topological,qrels_flip,synthetic corruption: qrels-derived edges with flip_prob=0.15,20,75,0.197368,7,14,True,1,14,13.0,13,13.0,5.0,13,5,20,ndcg_at_k,12.0,12,0.410526,0.309091,0.930349,0.804762,0.25,1.0,0.853333,0.000159,0.000129,1.6e-05,0.002145,6.1e-05,0.001536,0.00771
scidocs,q_sci_000227,greedy_fas_weighted_balance,qrels_flip,synthetic corruption: qrels-derived edges with flip_prob=0.15,20,75,0.197368,7,14,True,1,14,13.0,13,13.0,5.0,13,5,20,ndcg_at_k,13.0,13,0.715789,0.454545,1.0,1.0,0.25,1.0,1.0,0.000159,0.000129,1.6e-05,0.002145,3.5e-05,0.001536,0.00771
scidocs,q_sci_000227,greedy_fas_copeland,qrels_flip,synthetic corruption: qrels-derived edges with flip_prob=0.15,20,75,0.197368,7,14,True,1,14,13.0,13,13.0,5.0,13,5,20,ndcg_at_k,13.0,13,0.715789,0.454545,1.0,1.0,0.25,1.0,1.0,0.000159,0.000129,1.6e-05,0.002145,2.6e-05,0.001536,0.00771
scidocs,q_sci_000227,greedy_fas_score_augmented_topological,qrels_flip,synthetic corruption: qrels-derived edges with flip_prob=0.15,20,75,0.197368,7,14,True,1,14,13.0,13,13.0,5.0,13,5,20,ndcg_at_k,10.0,10,0.168421,0.345455,0.909106,0.760256,0.25,1.0,0.853333,0.000159,0.000129,1.6e-05,0.002145,4.6e-05,0.001536,0.00771
scidocs,q_sci_000227,fas_balance_score_prior_alpha_beta,qrels_flip,synthetic corruption: qrels-derived edges with flip_prob=0.15,20,75,0.197368,7,14,True,1,14,13.0,13,13.0,5.0,13,5,20,ndcg_at_k,13.0,13,0.715789,0.454545,1.0,1.0,0.25,1.0,1.0,0.000159,0.000129,1.6e-05,0.002145,6.6e-05,0.001536,0.00771
scidocs,q_sci_000227,hybrid_rrf_fas_regularized,qrels_flip,synthetic corruption: qrels-derived edges with flip_prob=0.15,20,75,0.197368,7,14,True,1,14,13.0,13,13.0,5.0,13,5,20,ndcg_at_k,13.0,13,0.715789,0.454545,1.0,1.0,0.25,1.0,1.0,0.000159,0.000129,1.6e-05,0.002145,4.3e-05,0.001536,0.00771
scidocs,q_sci_000227,hybrid_rrf_balance_a05,qrels_flip,synthetic corruption: qrels-derived edges with flip_prob=0.15,20,75,0.197368,7,14,True,1,14,13.0,13,13.0,5.0,13,5,20,ndcg_at_k,13.0,13,0.715789,0.454545,1.0,1.0,0.25,1.0,1.0,0.000159,0.000129,1.6e-05,0.002145,3.7e-05,0.001536,0.00771
scidocs,q_sci_000227,hybrid_rrf_copeland_a03,qrels_flip,synthetic corruption: qrels-derived edges with flip_prob=0.15,20,75,0.197368,7,14,True,1,14,13.0,13,13.0,5.0,13,5,20,ndcg_at_k,13.0,13,0.715789,0.454545,1.0,1.0,0.25,1.0,1.0,0.000159,0.000129,1.6e-05,0.002145,3.3e-05,0.001536,0.00771
scidocs,q_sci_000227,hybrid_rrf_priority_topo_a03,qrels_flip,synthetic corruption: qrels-derived edges with flip_prob=0.15,20,75,0.197368,7,14,True,1,14,13.0,13,13.0,5.0,13,5,20,ndcg_at_k,10.0,10,0.326316,0.381818,0.948538,0.850909,0.25,1.0,0.906667,0.000159,0.000129,1.6e-05,0.002145,8e-05,0.001536,0.00771
scidocs,q_sci_000151,score_sum,qrels_flip,synthetic corruption: qrels-derived edges with flip_prob=0.15,20,64,0.168421,9,12,True,1,12,12.0,12,12.0,4.0,12,4,20,ndcg_at_k,12.0,12,0.536842,0.454545,1.0,1.0,0.2,1.0,1.0,0.000144,0.000103,1.5e-05,0.002235,3e-05,0.001495,0.007616
scidocs,q_sci_000151,borda,qrels_flip,synthetic corruption: qrels-derived edges with flip_prob=0.15,20,64,0.168421,9,12,True,1,12,12.0,12,12.0,4.0,12,4,20,ndcg_at_k,12.0,12,0.536842,0.454545,1.0,1.0,0.2,1.0,1.0,0.000144,0.000103,1.5e-05,0.002235,3e-05,0.001495,0.007616
scidocs,q_sci_000151,pagerank,qrels_flip,synthetic corruption: qrels-derived edges with flip_prob=0.15,20,64,0.168421,9,12,True,1,12,12.0,12,12.0,4.0,12,4,20,ndcg_at_k,10.0,10,0.263158,0.527273,0.970929,0.916667,0.2,1.0,0.96875,0.000144,0.000103,1.5e-05,0.002235,0.00316,0.001495,0.007616
scidocs,q_sci_000151,greedy_fas_topological,qrels_flip,synthetic corruption: qrels-derived edges with flip_prob=0.15,20,64,0.168421,9,12,True,1,12,12.0,12,12.0,4.0,12,4,20,ndcg_at_k,11.0,11,0.168421,0.418182,0.871214,0.715278,0.2,1.0,0.890625,0.000144,0.000103,1.5e-05,0.002235,5.9e-05,0.001495,0.007616
scidocs,q_sci_000151,greedy_fas_weighted_balance,qrels_flip,synthetic corruption: qrels-derived edges with flip_prob=0.15,20,64,0.168421,9,12,True,1,12,12.0,12,12.0,4.0,12,4,20,ndcg_at_k,12.0,12,0.452632,0.527273,1.0,1.0,0.2,1.0,1.0,0.000144,0.000103,1.5e-05,0.002235,3.2e-05,0.001495,0.007616
scidocs,q_sci_000151,greedy_fas_copeland,qrels_flip,synthetic corruption: qrels-derived edges with flip_prob=0.15,20,64,0.168421,9,12,True,1,12,12.0,12,12.0,4.0,12,4,20,ndcg_at_k,12.0,12,0.452632,0.527273,1.0,1.0,0.2,1.0,1.0,0.000144,0.000103,1.5e-05,0.002235,3.2e-05,0.001495,0.007616
scidocs,q_sci_000151,greedy_fas_score_augmented_topological,qrels_flip,synthetic corruption: qrels-derived edges with flip_prob=0.15,20,64,0.168421,9,12,True,1,12,12.0,12,12.0,4.0,12,4,20,ndcg_at_k,10.0,10,-0.136842,0.345455,0.854106,0.677778,0.2,1.0,0.875,0.000144,0.000103,1.5e-05,0.002235,4.6e-05,0.001495,0.007616
scidocs,q_sci_000151,fas_balance_score_prior_alpha_beta,qrels_flip,synthetic corruption: qrels-derived edges with flip_prob=0.15,20,64,0.168421,9,12,True,1,12,12.0,12,12.0,4.0,12,4,20,ndcg_at_k,12.0,12,0.463158,0.490909,1.0,1.0,0.2,1.0,1.0,0.000144,0.000103,1.5e-05,0.002235,5.2e-05,0.001495,0.007616
scidocs,q_sci_000151,hybrid_rrf_fas_regularized,qrels_flip,synthetic corruption: qrels-derived edges with flip_prob=0.15,20,64,0.168421,9,12,True,1,12,12.0,12,12.0,4.0,12,4,20,ndcg_at_k,12.0,12,0.452632,0.527273,1.0,1.0,0.2,1.0,1.0,0.000144,0.000103,1.5e-05,0.002235,4.3e-05,0.001495,0.007616
scidocs,q_sci_000151,hybrid_rrf_balance_a05,qrels_flip,synthetic corruption: qrels-derived edges with flip_prob=0.15,20,64,0.168421,9,12,True,1,12,12.0,12,12.0,4.0,12,4,20,ndcg_at_k,12.0,12,0.452632,0.527273,1.0,1.0,0.2,1.0,1.0,0.000144,0.000103,1.5e-05,0.002235,3.5e-05,0.001495,0.007616
scidocs,q_sci_000151,hybrid_rrf_copeland_a03,qrels_flip,synthetic corruption: qrels-derived edges with flip_prob=0.15,20,64,0.168421,9,12,True,1,12,12.0,12,12.0,4.0,12,4,20,ndcg_at_k,12.0,12,0.452632,0.527273,1.0,1.0,0.2,1.0,1.0,0.000144,0.000103,1.5e-05,0.002235,3.2e-05,0.001495,0.007616
scidocs,q_sci_000151,hybrid_rrf_priority_topo_a03,qrels_flip,synthetic corruption: qrels-derived edges with flip_prob=0.15,20,64,0.168421,9,12,True,1,12,12.0,12,12.0,4.0,12,4,20,ndcg_at_k,10.0,10,0.063158,0.381818,0.876849,0.729167,0.2,1.0,0.90625,0.000144,0.000103,1.5e-05,0.002235,7.3e-05,0.001495,0.007616
scidocs,q_sci_000369,score_sum,qrels_flip,synthetic corruption: qrels-derived edges with flip_prob=0.15,20,75,0.197368,6,15,True,1,15,12.0,12,17.0,9.0,17,9,20,ndcg_at_k,17.0,17,0.621053,0.345455,1.0,1.0,0.25,1.0,1.0,0.000191,0.000522,1.6e-05,0.002407,3.9e-05,0.001471,0.008282
scidocs,q_sci_000369,borda,qrels_flip,synthetic corruption: qrels-derived edges with flip_prob=0.15,20,75,0.197368,6,15,True,1,15,12.0,12,17.0,9.0,17,9,20,ndcg_at_k,17.0,17,0.621053,0.345455,1.0,1.0,0.25,1.0,1.0,0.000191,0.000522,1.6e-05,0.002407,1.9e-05,0.001471,0.008282
scidocs,q_sci_000369,pagerank,qrels_flip,synthetic corruption: qrels-derived edges with flip_prob=0.15,20,75,0.197368,6,15,True,1,15,12.0,12,17.0,9.0,17,9,20,ndcg_at_k,16.0,16,0.473684,0.636364,0.989606,0.966667,0.25,1.0,0.986667,0.000191,0.000522,1.6e-05,0.002407,0.003217,0.001471,0.008282
scidocs,q_sci_000369,greedy_fas_topological,qrels_flip,synthetic corruption: qrels-derived edges with flip_prob=0.15,20,75,0.197368,6,15,True,1,15,12.0,12,17.0,9.0,17,9,20,ndcg_at_k,11.0,11,0.336842,0.090909,0.878103,0.692222,0.25,1.0,0.813333,0.000191,0.000522,1.6e-05,0.002407,6.3e-05,0.001471,0.008282
scidocs,q_sci_000369,greedy_fas_weighted_balance,qrels_flip,synthetic corruption: qrels-derived edges with flip_prob=0.15,20,75,0.197368,6,15,True,1,15,12.0,12,17.0,9.0,17,9,20,ndcg_at_k,17.0,17,0.568421,0.345455,1.0,1.0,0.25,1.0,1.0,0.000191,0.000522,1.6e-05,0.002407,3.5e-05,0.001471,0.008282
scidocs,q_sci_000369,greedy_fas_copeland,qrels_flip,synthetic corruption: qrels-derived edges with flip_prob=0.15,20,75,0.197368,6,15,True,1,15,12.0,12,17.0,9.0,17,9,20,ndcg_at_k,17.0,17,0.568421,0.345455,1.0,1.0,0.25,1.0,1.0,0.000191,0.000522,1.6e-05,0.002407,2.6e-05,0.001471,0.008282
scidocs,q_sci_000369,greedy_fas_score_augmented_topological,qrels_flip,synthetic corruption: qrels-derived edges with flip_prob=0.15,20,75,0.197368,6,15,True,1,15,12.0,12,17.0,9.0,17,9,20,ndcg_at_k,11.0,11,0.094737,0.163636,0.878103,0.692222,0.25,1.0,0.813333,0.000191,0.000522,1.6e-05,0.002407,4.2e-05,0.001471,0.008282
scidocs,q_sci_000369,fas_balance_score_prior_alpha_beta,qrels_flip,synthetic corruption: qrels-derived edges with flip_prob=0.15,20,75,0.197368,6,15,True,1,15,12.0,12,17.0,9.0,17,9,20,ndcg_at_k,17.0,17,0.547368,0.345455,1.0,1.0,0.25,1.0,1.0,0.000191,0.000522,1.6e-05,0.002407,4.9e-05,0.001471,0.008282
scidocs,q_sci_000369,hybrid_rrf_fas_regularized,qrels_flip,synthetic corruption: qrels-derived edges with flip_prob=0.15,20,75,0.197368,6,15,True,1,15,12.0,12,17.0,9.0,17,9,20,ndcg_at_k,17.0,17,0.568421,0.345455,1.0,1.0,0.25,1.0,1.0,0.000191,0.000522,1.6e-05,0.002407,4.3e-05,0.001471,0.008282
scidocs,q_sci_000369,hybrid_rrf_balance_a05,qrels_flip,synthetic corruption: qrels-derived edges with flip_prob=0.15,20,75,0.197368,6,15,True,1,15,12.0,12,17.0,9.0,17,9,20,ndcg_at_k,17.0,17,0.568421,0.345455,1.0,1.0,0.25,1.0,1.0,0.000191,0.000522,1.6e-05,0.002407,3.7e-05,0.001471,0.008282
scidocs,q_sci_000369,hybrid_rrf_copeland_a03,qrels_flip,synthetic corruption: qrels-derived edges with flip_prob=0.15,20,75,0.197368,6,15,True,1,15,12.0,12,17.0,9.0,17,9,20,ndcg_at_k,17.0,17,0.568421,0.345455,1.0,1.0,0.25,1.0,1.0,0.000191,0.000522,1.6e-05,0.002407,3.3e-05,0.001471,0.008282
scidocs,q_sci_000369,hybrid_rrf_priority_topo_a03,qrels_flip,synthetic corruption: qrels-derived edges with flip_prob=0.15,20,75,0.197368,6,15,True,1,15,12.0,12,17.0,9.0,17,9,20,ndcg_at_k,11.0,11,0.221053,0.090909,0.878103,0.692222,0.25,1.0,0.813333,0.000191,0.000522,1.6e-05,0.002407,7.2e-05,0.001471,0.008282
scidocs,q_sci_000217,score_sum,qrels_flip,synthetic corruption: qrels-derived edges with flip_prob=0.15,20,64,0.168421,11,10,True,1,10,6.0,6,7.0,1.0,7,1,20,ndcg_at_k,7.0,7,0.673684,0.466667,1.0,1.0,0.2,1.0,1.0,0.000151,0.000114,2e-05,0.001173,3e-05,0.001475,0.006165
scidocs,q_sci_000217,borda,qrels_flip,synthetic corruption: qrels-derived edges with flip_prob=0.15,20,64,0.168421,11,10,True,1,10,6.0,6,7.0,1.0,7,1,20,ndcg_at_k,7.0,7,0.673684,0.466667,1.0,1.0,0.2,1.0,1.0,0.000151,0.000114,2e-05,0.001173,1.9e-05,0.001475,0.006165
scidocs,q_sci_000217,pagerank,qrels_flip,synthetic corruption: qrels-derived edges with flip_prob=0.15,20,64,0.168421,11,10,True,1,10,6.0,6,7.0,1.0,7,1,20,ndcg_at_k,8.0,8,0.410526,0.422222,0.982892,0.95,0.2,1.0,0.984375,0.000151,0.000114,2e-05,0.001173,0.002757,0.001475,0.006165
scidocs,q_sci_000217,greedy_fas_topological,qrels_flip,synthetic corruption: qrels-derived edges with flip_prob=0.15,20,64,0.168421,11,10,True,1,10,6.0,6,7.0,1.0,7,1,20,ndcg_at_k,3.0,3,0.378947,0.244444,0.955024,0.875,0.2,1.0,0.9375,0.000151,0.000114,2e-05,0.001173,6.2e-05,0.001475,0.006165
scidocs,q_sci_000217,greedy_fas_weighted_balance,qrels_flip,synthetic corruption: qrels-derived edges with flip_prob=0.15,20,64,0.168421,11,10,True,1,10,6.0,6,7.0,1.0,7,1,20,ndcg_at_k,7.0,7,0.621053,0.466667,1.0,1.0,0.2,1.0,1.0,0.000151,0.000114,2e-05,0.001173,3.5e-05,0.001475,0.006165
scidocs,q_sci_000217,greedy_fas_copeland,qrels_flip,synthetic corruption: qrels-derived edges with flip_prob=0.15,20,64,0.168421,11,10,True,1,10,6.0,6,7.0,1.0,7,1,20,ndcg_at_k,7.0,7,0.621053,0.466667,1.0,1.0,0.2,1.0,1.0,0.000151,0.000114,2e-05,0.001173,2.7e-05,0.001475,0.006165
scidocs,q_sci_000217,greedy_fas_score_augmented_topological,qrels_flip,synthetic corruption: qrels-derived edges with flip_prob=0.15,20,64,0.168421,11,10,True,1,10,6.0,6,7.0,1.0,7,1,20,ndcg_at_k,4.0,4,-0.168421,0.422222,0.961999,0.892857,0.2,1.0,0.953125,0.000151,0.000114,2e-05,0.001173,5.3e-05,0.001475,0.006165
scidocs,q_sci_000217,fas_balance_score_prior_alpha_beta,qrels_flip,synthetic corruption: qrels-derived edges with flip_prob=0.15,20,64,0.168421,11,10,True,1,10,6.0,6,7.0,1.0,7,1,20,ndcg_at_k,7.0,7,0.621053,0.466667,1.0,1.0,0.2,1.0,1.0,0.000151,0.000114,2e-05,0.001173,5.1e-05,0.001475,0.006165
scidocs,q_sci_000217,hybrid_rrf_fas_regularized,qrels_flip,synthetic corruption: qrels-derived edges with flip_prob=0.15,20,64,0.168421,11,10,True,1,10,6.0,6,7.0,1.0,7,1,20,ndcg_at_k,7.0,7,0.621053,0.466667,1.0,1.0,0.2,1.0,1.0,0.000151,0.000114,2e-05,0.001173,4.4e-05,0.001475,0.006165
scidocs,q_sci_000217,hybrid_rrf_balance_a05,qrels_flip,synthetic corruption: qrels-derived edges with flip_prob=0.15,20,64,0.168421,11,10,True,1,10,6.0,6,7.0,1.0,7,1,20,ndcg_at_k,7.0,7,0.621053,0.466667,1.0,1.0,0.2,1.0,1.0,0.000151,0.000114,2e-05,0.001173,3.8e-05,0.001475,0.006165
scidocs,q_sci_000217,hybrid_rrf_copeland_a03,qrels_flip,synthetic corruption: qrels-derived edges with flip_prob=0.15,20,64,0.168421,11,10,True,1,10,6.0,6,7.0,1.0,7,1,20,ndcg_at_k,7.0,7,0.621053,0.466667,1.0,1.0,0.2,1.0,1.0,0.000151,0.000114,2e-05,0.001173,3.3e-05,0.001475,0.006165
scidocs,q_sci_000217,hybrid_rrf_priority_topo_a03,qrels_flip,synthetic corruption: qrels-derived edges with flip_prob=0.15,20,64,0.168421,11,10,True,1,10,6.0,6,7.0,1.0,7,1,20,ndcg_at_k,6.0,6,0.073684,0.422222,0.982892,0.95,0.2,1.0,0.984375,0.000151,0.000114,2e-05,0.001173,8.3e-05,0.001475,0.006165
scidocs,q_sci_000154,score_sum,qrels_flip,synthetic corruption: qrels-derived edges with flip_prob=0.15,20,51,0.134211,12,9,True,1,9,8.0,8,7.0,3.0,7,3,20,ndcg_at_k,7.0,7,0.6,0.6,1.0,1.0,0.15,1.0,1.0,0.000125,8.4e-05,1.6e-05,0.001533,2.8e-05,0.001362,0.00679
scidocs,q_sci_000154,borda,qrels_flip,synthetic corruption: qrels-derived edges with flip_prob=0.15,20,51,0.134211,12,9,True,1,9,8.0,8,7.0,3.0,7,3,20,ndcg_at_k,7.0,7,0.6,0.6,1.0,1.0,0.15,1.0,1.0,0.000125,8.4e-05,1.6e-05,0.001533,1.9e-05,0.001362,0.00679
scidocs,q_sci_000154,pagerank,qrels_flip,synthetic corruption: qrels-derived edges with flip_prob=0.15,20,51,0.134211,12,9,True,1,9,8.0,8,7.0,3.0,7,3,20,ndcg_at_k,5.0,5,0.294737,0.377778,0.906025,0.805556,0.15,1.0,0.960784,0.000125,8.4e-05,1.6e-05,0.001533,0.003227,0.001362,0.00679
scidocs,q_sci_000154,greedy_fas_topological,qrels_flip,synthetic corruption: qrels-derived edges with flip_prob=0.15,20,51,0.134211,12,9,True,1,9,8.0,8,7.0,3.0,7,3,20,ndcg_at_k,5.0,5,0.284211,0.066667,0.817981,0.633333,0.15,1.0,0.882353,0.000125,8.4e-05,1.6e-05,0.001533,5.8e-05,0.001362,0.00679
scidocs,q_sci_000154,greedy_fas_weighted_balance,qrels_flip,synthetic corruption: qrels-derived edges with flip_prob=0.15,20,51,0.134211,12,9,True,1,9,8.0,8,7.0,3.0,7,3,20,ndcg_at_k,7.0,7,0.547368,0.466667,1.0,1.0,0.15,1.0,1.0,0.000125,8.4e-05,1.6e-05,0.001533,3e-05,0.001362,0.00679
scidocs,q_sci_000154,greedy_fas_copeland,qrels_flip,synthetic corruption: qrels-derived edges with flip_prob=0.15,20,51,0.134211,12,9,True,1,9,8.0,8,7.0,3.0,7,3,20,ndcg_at_k,7.0,7,0.547368,0.466667,1.0,1.0,0.15,1.0,1.0,0.000125,8.4e-05,1.6e-05,0.001533,2.9e-05,0.001362,0.00679
scidocs,q_sci_000154,greedy_fas_score_augmented_topological,qrels_flip,synthetic corruption: qrels-derived edges with flip_prob=0.15,20,51,0.134211,12,9,True,1,9,8.0,8,7.0,3.0,7,3,20,ndcg_at_k,8.0,8,-0.221053,-0.066667,0.819427,0.625,0.15,1.0,0.862745,0.000125,8.4e-05,1.6e-05,0.001533,4.9e-05,0.001362,0.00679
scidocs,q_sci_000154,fas_balance_score_prior_alpha_beta,qrels_flip,synthetic corruption: qrels-derived edges with flip_prob=0.15,20,51,0.134211,12,9,True,1,9,8.0,8,7.0,3.0,7,3,20,ndcg_at_k,7.0,7,0.547368,0.466667,1.0,1.0,0.15,1.0,1.0,0.000125,8.4e-05,1.6e-05,0.001533,4.9e-05,0.001362,0.00679
scidocs,q_sci_000154,hybrid_rrf_fas_regularized,qrels_flip,synthetic corruption: qrels-derived edges with flip_prob=0.15,20,51,0.134211,12,9,True,1,9,8.0,8,7.0,3.0,7,3,20,ndcg_at_k,7.0,7,0.547368,0.466667,1.0,1.0,0.15,1.0,1.0,0.000125,8.4e-05,1.6e-05,0.001533,3.9e-05,0.001362,0.00679
scidocs,q_sci_000154,hybrid_rrf_balance_a05,qrels_flip,synthetic corruption: qrels-derived edges with flip_prob=0.15,20,51,0.134211,12,9,True,1,9,8.0,8,7.0,3.0,7,3,20,ndcg_at_k,7.0,7,0.547368,0.466667,1.0,1.0,0.15,1.0,1.0,0.000125,8.4e-05,1.6e-05,0.001533,3.4e-05,0.001362,0.00679
scidocs,q_sci_000154,hybrid_rrf_copeland_a03,qrels_flip,synthetic corruption: qrels-derived edges with flip_prob=0.15,20,51,0.134211,12,9,True,1,9,8.0,8,7.0,3.0,7,3,20,ndcg_at_k,7.0,7,0.547368,0.466667,1.0,1.0,0.15,1.0,1.0,0.000125,8.4e-05,1.6e-05,0.001533,3.3e-05,0.001362,0.00679
scidocs,q_sci_000154,hybrid_rrf_priority_topo_a03,qrels_flip,synthetic corruption: qrels-derived edges with flip_prob=0.15,20,51,0.134211,12,9,True,1,9,8.0,8,7.0,3.0,7,3,20,ndcg_at_k,6.0,6,-0.136842,0.022222,0.838547,0.666667,0.15,1.0,0.901961,0.000125,8.4e-05,1.6e-05,0.001533,7.5e-05,0.001362,0.00679
scidocs,q_sci_000177,score_sum,qrels_flip,synthetic corruption: qrels-derived edges with flip_prob=0.15,20,64,0.168421,12,9,True,1,9,8.0,8,7.0,2.0,7,2,20,ndcg_at_k,7.0,7,0.663158,0.490909,1.0,1.0,0.2,1.0,1.0,0.000206,9.8e-05,1.6e-05,0.001875,2.9e-05,0.001424,0.007258
scidocs,q_sci_000177,borda,qrels_flip,synthetic corruption: qrels-derived edges with flip_prob=0.15,20,64,0.168421,12,9,True,1,9,8.0,8,7.0,2.0,7,2,20,ndcg_at_k,7.0,7,0.663158,0.490909,1.0,1.0,0.2,1.0,1.0,0.000206,9.8e-05,1.6e-05,0.001875,1.9e-05,0.001424,0.007258
scidocs,q_sci_000177,pagerank,qrels_flip,synthetic corruption: qrels-derived edges with flip_prob=0.15,20,64,0.168421,12,9,True,1,9,8.0,8,7.0,2.0,7,2,20,ndcg_at_k,7.0,7,0.378947,0.490909,0.848583,0.691667,0.2,1.0,0.90625,0.000206,9.8e-05,1.6e-05,0.001875,0.003167,0.001424,0.007258
scidocs,q_sci_000177,greedy_fas_topological,qrels_flip,synthetic corruption: qrels-derived edges with flip_prob=0.15,20,64,0.168421,12,9,True,1,9,8.0,8,7.0,2.0,7,2,20,ndcg_at_k,5.0,5,0.368421,0.345455,0.926758,0.816667,0.2,1.0,0.9375,0.000206,9.8e-05,1.6e-05,0.001875,5.9e-05,0.001424,0.007258
scidocs,q_sci_000177,greedy_fas_weighted_balance,qrels_flip,synthetic corruption: qrels-derived edges with flip_prob=0.15,20,64,0.168421,12,9,True,1,9,8.0,8,7.0,2.0,7,2,20,ndcg_at_k,7.0,7,0.663158,0.490909,1.0,1.0,0.2,1.0,1.0,0.000206,9.8e-05,1.6e-05,0.001875,3.3e-05,0.001424,0.007258
scidocs,q_sci_000177,greedy_fas_copeland,qrels_flip,synthetic corruption: qrels-derived edges with flip_prob=0.15,20,64,0.168421,12,9,True,1,9,8.0,8,7.0,2.0,7,2,20,ndcg_at_k,7.0,7,0.663158,0.490909,1.0,1.0,0.2,1.0,1.0,0.000206,9.8e-05,1.6e-05,0.001875,2.6e-05,0.001424,0.007258
scidocs,q_sci_000177,greedy_fas_score_augmented_topological,qrels_flip,synthetic corruption: qrels-derived edges with flip_prob=0.15,20,64,0.168421,12,9,True,1,9,8.0,8,7.0,2.0,7,2,20,ndcg_at_k,8.0,8,-0.031579,0.418182,0.927961,0.8125,0.2,1.0,0.921875,0.000206,9.8e-05,1.6e-05,0.001875,4.9e-05,0.001424,0.007258
scidocs,q_sci_000177,fas_balance_score_prior_alpha_beta,qrels_flip,synthetic corruption: qrels-derived edges with flip_prob=0.15,20,64,0.168421,12,9,True,1,9,8.0,8,7.0,2.0,7,2,20,ndcg_at_k,7.0,7,0.652632,0.454545,1.0,1.0,0.2,1.0,1.0,0.000206,9.8e-05,1.6e-05,0.001875,4.8e-05,0.001424,0.007258
scidocs,q_sci_000177,hybrid_rrf_fas_regularized,qrels_flip,synthetic corruption: qrels-derived edges with flip_prob=0.15,20,64,0.168421,12,9,True,1,9,8.0,8,7.0,2.0,7,2,20,ndcg_at_k,7.0,7,0.663158,0.490909,1.0,1.0,0.2,1.0,1.0,0.000206,9.8e-05,1.6e-05,0.001875,4.1e-05,0.001424,0.007258
scidocs,q_sci_000177,hybrid_rrf_balance_a05,qrels_flip,synthetic corruption: qrels-derived edges with flip_prob=0.15,20,64,0.168421,12,9,True,1,9,8.0,8,7.0,2.0,7,2,20,ndcg_at_k,7.0,7,0.663158,0.490909,1.0,1.0,0.2,1.0,1.0,0.000206,9.8e-05,1.6e-05,0.001875,5.3e-05,0.001424,0.007258
scidocs,q_sci_000177,hybrid_rrf_copeland_a03,qrels_flip,synthetic corruption: qrels-derived edges with flip_prob=0.15,20,64,0.168421,12,9,True,1,9,8.0,8,7.0,2.0,7,2,20,ndcg_at_k,7.0,7,0.663158,0.490909,1.0,1.0,0.2,1.0,1.0,0.000206,9.8e-05,1.6e-05,0.001875,3.4e-05,0.001424,0.007258
scidocs,q_sci_000177,hybrid_rrf_priority_topo_a03,qrels_flip,synthetic corruption: qrels-derived edges with flip_prob=0.15,20,64,0.168421,12,9,True,1,9,8.0,8,7.0,2.0,7,2,20,ndcg_at_k,4.0,4,0.031579,0.454545,0.943866,0.854167,0.2,1.0,0.953125,0.000206,9.8e-05,1.6e-05,0.001875,8.1e-05,0.001424,0.007258
scidocs,q_sci_000397,score_sum,qrels_flip,synthetic corruption: qrels-derived edges with flip_prob=0.15,20,75,0.197368,8,13,True,1,13,13.0,13,10.0,3.0,10,3,20,ndcg_at_k,10.0,10,0.652632,0.777778,1.0,1.0,0.25,1.0,1.0,0.000184,0.000177,1.6e-05,0.002338,3.3e-05,0.001588,0.00799
scidocs,q_sci_000397,borda,qrels_flip,synthetic corruption: qrels-derived edges with flip_prob=0.15,20,75,0.197368,8,13,True,1,13,13.0,13,10.0,3.0,10,3,20,ndcg_at_k,10.0,10,0.652632,0.777778,1.0,1.0,0.25,1.0,1.0,0.000184,0.000177,1.6e-05,0.002338,1.8e-05,0.001588,0.00799
scidocs,q_sci_000397,pagerank,qrels_flip,synthetic corruption: qrels-derived edges with flip_prob=0.15,20,75,0.197368,8,13,True,1,13,13.0,13,10.0,3.0,10,3,20,ndcg_at_k,11.0,11,0.421053,0.511111,0.937413,0.835,0.25,1.0,0.933333,0.000184,0.000177,1.6e-05,0.002338,0.003218,0.001588,0.00799
scidocs,q_sci_000397,greedy_fas_topological,qrels_flip,synthetic corruption: qrels-derived edges with flip_prob=0.15,20,75,0.197368,8,13,True,1,13,13.0,13,10.0,3.0,10,3,20,ndcg_at_k,13.0,13,0.294737,0.466667,0.943012,0.836923,0.25,1.0,0.88,0.000184,0.000177,1.6e-05,0.002338,6e-05,0.001588,0.00799
scidocs,q_sci_000397,greedy_fas_weighted_balance,qrels_flip,synthetic corruption: qrels-derived edges with flip_prob=0.15,20,75,0.197368,8,13,True,1,13,13.0,13,10.0,3.0,10,3,20,ndcg_at_k,10.0,10,0.621053,0.733333,1.0,1.0,0.25,1.0,1.0,0.000184,0.000177,1.6e-05,0.002338,3.6e-05,0.001588,0.00799
scidocs,q_sci_000397,greedy_fas_copeland,qrels_flip,synthetic corruption: qrels-derived edges with flip_prob=0.15,20,75,0.197368,8,13,True,1,13,13.0,13,10.0,3.0,10,3,20,ndcg_at_k,10.0,10,0.621053,0.733333,1.0,1.0,0.25,1.0,1.0,0.000184,0.000177,1.6e-05,0.002338,2.6e-05,0.001588,0.00799
scidocs,q_sci_000397,greedy_fas_score_augmented_topological,qrels_flip,synthetic corruption: qrels-derived edges with flip_prob=0.15,20,75,0.197368,8,13,True,1,13,13.0,13,10.0,3.0,10,3,20,ndcg_at_k,12.0,12,0.042105,0.511111,0.945586,0.843333,0.25,1.0,0.893333,0.000184,0.000177,1.6e-05,0.002338,4.7e-05,0.001588,0.00799
scidocs,q_sci_000397,fas_balance_score_prior_alpha_beta,qrels_flip,synthetic corruption: qrels-derived edges with flip_prob=0.15,20,75,0.197368,8,13,True,1,13,13.0,13,10.0,3.0,10,3,20,ndcg_at_k,10.0,10,0.610526,0.688889,1.0,1.0,0.25,1.0,1.0,0.000184,0.000177,1.6e-05,0.002338,5.2e-05,0.001588,0.00799
scidocs,q_sci_000397,hybrid_rrf_fas_regularized,qrels_flip,synthetic corruption: qrels-derived edges with flip_prob=0.15,20,75,0.197368,8,13,True,1,13,13.0,13,10.0,3.0,10,3,20,ndcg_at_k,10.0,10,0.621053,0.733333,1.0,1.0,0.25,1.0,1.0,0.000184,0.000177,1.6e-05,0.002338,4.3e-05,0.001588,0.00799
scidocs,q_sci_000397,hybrid_rrf_balance_a05,qrels_flip,synthetic corruption: qrels-derived edges with flip_prob=0.15,20,75,0.197368,8,13,True,1,13,13.0,13,10.0,3.0,10,3,20,ndcg_at_k,10.0,10,0.621053,0.733333,1.0,1.0,0.25,1.0,1.0,0.000184,0.000177,1.6e-05,0.002338,4e-05,0.001588,0.00799
scidocs,q_sci_000397,hybrid_rrf_copeland_a03,qrels_flip,synthetic corruption: qrels-derived edges with flip_prob=0.15,20,75,0.197368,8,13,True,1,13,13.0,13,10.0,3.0,10,3,20,ndcg_at_k,10.0,10,0.621053,0.733333,1.0,1.0,0.25,1.0,1.0,0.000184,0.000177,1.6e-05,0.002338,3.3e-05,0.001588,0.00799
scidocs,q_sci_000397,hybrid_rrf_priority_topo_a03,qrels_flip,synthetic corruption: qrels-derived edges with flip_prob=0.15,20,75,0.197368,8,13,True,1,13,13.0,13,10.0,3.0,10,3,20,ndcg_at_k,8.0,8,0.189474,0.555556,0.960925,0.885,0.25,1.0,0.946667,0.000184,0.000177,1.6e-05,0.002338,8.1e-05,0.001588,0.00799
scidocs,q_sci_000139,score_sum,qrels_flip,synthetic corruption: qrels-derived edges with flip_prob=0.15,20,64,0.168421,7,14,True,1,14,14.0,14,13.0,5.0,13,5,20,ndcg_at_k,13.0,13,0.589474,0.422222,1.0,1.0,0.2,1.0,1.0,0.000147,0.000107,3.1e-05,0.002473,3.5e-05,0.001514,0.007885
scidocs,q_sci_000139,borda,qrels_flip,synthetic corruption: qrels-derived edges with flip_prob=0.15,20,64,0.168421,7,14,True,1,14,14.0,14,13.0,5.0,13,5,20,ndcg_at_k,13.0,13,0.589474,0.422222,1.0,1.0,0.2,1.0,1.0,0.000147,0.000107,3.1e-05,0.002473,2e-05,0.001514,0.007885
scidocs,q_sci_000139,pagerank,qrels_flip,synthetic corruption: qrels-derived edges with flip_prob=0.15,20,64,0.168421,7,14,True,1,14,14.0,14,13.0,5.0,13,5,20,ndcg_at_k,13.0,13,0.347368,0.511111,1.0,1.0,0.2,1.0,1.0,0.000147,0.000107,3.1e-05,0.002473,0.00314,0.001514,0.007885
scidocs,q_sci_000139,greedy_fas_topological,qrels_flip,synthetic corruption: qrels-derived edges with flip_prob=0.15,20,64,0.168421,7,14,True,1,14,14.0,14,13.0,5.0,13,5,20,ndcg_at_k,13.0,13,0.210526,0.244444,0.887623,0.721429,0.2,1.0,0.8125,0.000147,0.000107,3.1e-05,0.002473,5.9e-05,0.001514,0.007885
scidocs,q_sci_000139,greedy_fas_weighted_balance,qrels_flip,synthetic corruption: qrels-derived edges with flip_prob=0.15,20,64,0.168421,7,14,True,1,14,14.0,14,13.0,5.0,13,5,20,ndcg_at_k,13.0,13,0.536842,0.511111,1.0,1.0,0.2,1.0,1.0,0.000147,0.000107,3.1e-05,0.002473,3.2e-05,0.001514,0.007885
scidocs,q_sci_000139,greedy_fas_copeland,qrels_flip,synthetic corruption: qrels-derived edges with flip_prob=0.15,20,64,0.168421,7,14,True,1,14,14.0,14,13.0,5.0,13,5,20,ndcg_at_k,13.0,13,0.536842,0.511111,1.0,1.0,0.2,1.0,1.0,0.000147,0.000107,3.1e-05,0.002473,2.8e-05,0.001514,0.007885
scidocs,q_sci_000139,greedy_fas_score_augmented_topological,qrels_flip,synthetic corruption: qrels-derived edges with flip_prob=0.15,20,64,0.168421,7,14,True,1,14,14.0,14,13.0,5.0,13,5,20,ndcg_at_k,12.0,12,-0.168421,0.288889,0.910306,0.770833,0.2,1.0,0.859375,0.000147,0.000107,3.1e-05,0.002473,5e-05,0.001514,0.007885
scidocs,q_sci_000139,fas_balance_score_prior_alpha_beta,qrels_flip,synthetic corruption: qrels-derived edges with flip_prob=0.15,20,64,0.168421,7,14,True,1,14,14.0,14,13.0,5.0,13,5,20,ndcg_at_k,13.0,13,0.536842,0.511111,1.0,1.0,0.2,1.0,1.0,0.000147,0.000107,3.1e-05,0.002473,6.4e-05,0.001514,0.007885
scidocs,q_sci_000139,hybrid_rrf_fas_regularized,qrels_flip,synthetic corruption: qrels-derived edges with flip_prob=0.15,20,64,0.168421,7,14,True,1,14,14.0,14,13.0,5.0,13,5,20,ndcg_at_k,13.0,13,0.536842,0.511111,1.0,1.0,0.2,1.0,1.0,0.000147,0.000107,3.1e-05,0.002473,4.2e-05,0.001514,0.007885
scidocs,q_sci_000139,hybrid_rrf_balance_a05,qrels_flip,synthetic corruption: qrels-derived edges with flip_prob=0.15,20,64,0.168421,7,14,True,1,14,14.0,14,13.0,5.0,13,5,20,ndcg_at_k,13.0,13,0.536842,0.511111,1.0,1.0,0.2,1.0,1.0,0.000147,0.000107,3.1e-05,0.002473,3.6e-05,0.001514,0.007885
scidocs,q_sci_000139,hybrid_rrf_copeland_a03,qrels_flip,synthetic corruption: qrels-derived edges with flip_prob=0.15,20,64,0.168421,7,14,True,1,14,14.0,14,13.0,5.0,13,5,20,ndcg_at_k,13.0,13,0.536842,0.511111,1.0,1.0,0.2,1.0,1.0,0.000147,0.000107,3.1e-05,0.002473,3.3e-05,0.001514,0.007885
scidocs,q_sci_000139,hybrid_rrf_priority_topo_a03,qrels_flip,synthetic corruption: qrels-derived edges with flip_prob=0.15,20,64,0.168421,7,14,True,1,14,14.0,14,13.0,5.0,13,5,20,ndcg_at_k,12.0,12,0.063158,0.2,0.910306,0.770833,0.2,1.0,0.859375,0.000147,0.000107,3.1e-05,0.002473,7.4e-05,0.001514,0.007885
scidocs,q_sci_000141,score_sum,qrels_flip,synthetic corruption: qrels-derived edges with flip_prob=0.15,20,64,0.168421,8,13,True,1,13,10.0,10,11.0,4.0,11,4,20,ndcg_at_k,11.0,11,0.505263,0.6,1.0,1.0,0.2,1.0,1.0,0.000151,0.000106,1.7e-05,0.00188,3.1e-05,0.001459,0.007381
scidocs,q_sci_000141,borda,qrels_flip,synthetic corruption: qrels-derived edges with flip_prob=0.15,20,64,0.168421,8,13,True,1,13,10.0,10,11.0,4.0,11,4,20,ndcg_at_k,11.0,11,0.505263,0.6,1.0,1.0,0.2,1.0,1.0,0.000151,0.000106,1.7e-05,0.00188,2e-05,0.001459,0.007381
scidocs,q_sci_000141,pagerank,qrels_flip,synthetic corruption: qrels-derived edges with flip_prob=0.15,20,64,0.168421,8,13,True,1,13,10.0,10,11.0,4.0,11,4,20,ndcg_at_k,13.0,13,0.336842,0.6,0.95583,0.8875,0.2,1.0,0.96875,0.000151,0.000106,1.7e-05,0.00188,0.003278,0.001459,0.007381
scidocs,q_sci_000141,greedy_fas_topological,qrels_flip,synthetic corruption: qrels-derived edges with flip_prob=0.15,20,64,0.168421,8,13,True,1,13,10.0,10,11.0,4.0,11,4,20,ndcg_at_k,6.0,6,0.042105,0.377778,0.875703,0.698052,0.2,1.0,0.828125,0.000151,0.000106,1.7e-05,0.00188,6.1e-05,0.001459,0.007381
scidocs,q_sci_000141,greedy_fas_weighted_balance,qrels_flip,synthetic corruption: qrels-derived edges with flip_prob=0.15,20,64,0.168421,8,13,True,1,13,10.0,10,11.0,4.0,11,4,20,ndcg_at_k,11.0,11,0.4,0.6,1.0,1.0,0.2,1.0,1.0,0.000151,0.000106,1.7e-05,0.00188,3.7e-05,0.001459,0.007381
scidocs,q_sci_000141,greedy_fas_copeland,qrels_flip,synthetic corruption: qrels-derived edges with flip_prob=0.15,20,64,0.168421,8,13,True,1,13,10.0,10,11.0,4.0,11,4,20,ndcg_at_k,11.0,11,0.4,0.6,1.0,1.0,0.2,1.0,1.0,0.000151,0.000106,1.7e-05,0.00188,4.4e-05,0.001459,0.007381
scidocs,q_sci_000141,greedy_fas_score_augmented_topological,qrels_flip,synthetic corruption: qrels-derived edges with flip_prob=0.15,20,64,0.168421,8,13,True,1,13,10.0,10,11.0,4.0,11,4,20,ndcg_at_k,7.0,7,-0.357895,0.333333,0.893255,0.736111,0.2,1.0,0.875,0.000151,0.000106,1.7e-05,0.00188,4.9e-05,0.001459,0.007381
scidocs,q_sci_000141,fas_balance_score_prior_alpha_beta,qrels_flip,synthetic corruption: qrels-derived edges with flip_prob=0.15,20,64,0.168421,8,13,True,1,13,10.0,10,11.0,4.0,11,4,20,ndcg_at_k,11.0,11,0.4,0.6,1.0,1.0,0.2,1.0,1.0,0.000151,0.000106,1.7e-05,0.00188,5.1e-05,0.001459,0.007381
scidocs,q_sci_000141,hybrid_rrf_fas_regularized,qrels_flip,synthetic corruption: qrels-derived edges with flip_prob=0.15,20,64,0.168421,8,13,True,1,13,10.0,10,11.0,4.0,11,4,20,ndcg_at_k,11.0,11,0.4,0.6,1.0,1.0,0.2,1.0,1.0,0.000151,0.000106,1.7e-05,0.00188,4.2e-05,0.001459,0.007381
scidocs,q_sci_000141,hybrid_rrf_balance_a05,qrels_flip,synthetic corruption: qrels-derived edges with flip_prob=0.15,20,64,0.168421,8,13,True,1,13,10.0,10,11.0,4.0,11,4,20,ndcg_at_k,11.0,11,0.4,0.6,1.0,1.0,0.2,1.0,1.0,0.000151,0.000106,1.7e-05,0.00188,3.7e-05,0.001459,0.007381
scidocs,q_sci_000141,hybrid_rrf_copeland_a03,qrels_flip,synthetic corruption: qrels-derived edges with flip_prob=0.15,20,64,0.168421,8,13,True,1,13,10.0,10,11.0,4.0,11,4,20,ndcg_at_k,11.0,11,0.4,0.6,1.0,1.0,0.2,1.0,1.0,0.000151,0.000106,1.7e-05,0.00188,3.4e-05,0.001459,0.007381
scidocs,q_sci_000141,hybrid_rrf_priority_topo_a03,qrels_flip,synthetic corruption: qrels-derived edges with flip_prob=0.15,20,64,0.168421,8,13,True,1,13,10.0,10,11.0,4.0,11,4,20,ndcg_at_k,9.0,9,-0.052632,0.422222,0.922326,0.798611,0.2,1.0,0.90625,0.000151,0.000106,1.7e-05,0.00188,8.4e-05,0.001459,0.007381
scidocs,q_sci_000326,score_sum,qrels_flip,synthetic corruption: qrels-derived edges with flip_prob=0.15,20,64,0.168421,8,13,True,1,13,10.0,10,12.0,5.0,12,5,20,ndcg_at_k,12.0,12,0.547368,0.6,1.0,1.0,0.2,1.0,1.0,0.00015,0.000111,1.6e-05,0.002022,3e-05,0.001419,0.007444
scidocs,q_sci_000326,borda,qrels_flip,synthetic corruption: qrels-derived edges with flip_prob=0.15,20,64,0.168421,8,13,True,1,13,10.0,10,12.0,5.0,12,5,20,ndcg_at_k,12.0,12,0.547368,0.6,1.0,1.0,0.2,1.0,1.0,0.00015,0.000111,1.6e-05,0.002022,1.8e-05,0.001419,0.007444
scidocs,q_sci_000326,pagerank,qrels_flip,synthetic corruption: qrels-derived edges with flip_prob=0.15,20,64,0.168421,8,13,True,1,13,10.0,10,12.0,5.0,12,5,20,ndcg_at_k,12.0,12,0.252632,0.555556,0.76064,0.679167,0.2,1.0,0.9375,0.00015,0.000111,1.6e-05,0.002022,0.003276,0.001419,0.007444
scidocs,q_sci_000326,greedy_fas_topological,qrels_flip,synthetic corruption: qrels-derived edges with flip_prob=0.15,20,64,0.168421,8,13,True,1,13,10.0,10,12.0,5.0,12,5,20,ndcg_at_k,7.0,7,0.168421,0.644444,0.881234,0.708333,0.2,1.0,0.828125,0.00015,0.000111,1.6e-05,0.002022,6e-05,0.001419,0.007444
scidocs,q_sci_000326,greedy_fas_weighted_balance,qrels_flip,synthetic corruption: qrels-derived edges with flip_prob=0.15,20,64,0.168421,8,13,True,1,13,10.0,10,12.0,5.0,12,5,20,ndcg_at_k,12.0,12,0.463158,0.644444,1.0,1.0,0.2,1.0,1.0,0.00015,0.000111,1.6e-05,0.002022,3.5e-05,0.001419,0.007444
scidocs,q_sci_000326,greedy_fas_copeland,qrels_flip,synthetic corruption: qrels-derived edges with flip_prob=0.15,20,64,0.168421,8,13,True,1,13,10.0,10,12.0,5.0,12,5,20,ndcg_at_k,12.0,12,0.463158,0.644444,1.0,1.0,0.2,1.0,1.0,0.00015,0.000111,1.6e-05,0.002022,2.7e-05,0.001419,0.007444
scidocs,q_sci_000326,greedy_fas_score_augmented_topological,qrels_flip,synthetic corruption: qrels-derived edges with flip_prob=0.15,20,64,0.168421,8,13,True,1,13,10.0,10,12.0,5.0,12,5,20,ndcg_at_k,9.0,9,-0.115789,0.555556,0.910306,0.770833,0.2,1.0,0.859375,0.00015,0.000111,1.6e-05,0.002022,4.6e-05,0.001419,0.007444
scidocs,q_sci_000326,fas_balance_score_prior_alpha_beta,qrels_flip,synthetic corruption: qrels-derived edges with flip_prob=0.15,20,64,0.168421,8,13,True,1,13,10.0,10,12.0,5.0,12,5,20,ndcg_at_k,12.0,12,0.463158,0.644444,1.0,1.0,0.2,1.0,1.0,0.00015,0.000111,1.6e-05,0.002022,5e-05,0.001419,0.007444
scidocs,q_sci_000326,hybrid_rrf_fas_regularized,qrels_flip,synthetic corruption: qrels-derived edges with flip_prob=0.15,20,64,0.168421,8,13,True,1,13,10.0,10,12.0,5.0,12,5,20,ndcg_at_k,12.0,12,0.463158,0.644444,1.0,1.0,0.2,1.0,1.0,0.00015,0.000111,1.6e-05,0.002022,4.1e-05,0.001419,0.007444
scidocs,q_sci_000326,hybrid_rrf_balance_a05,qrels_flip,synthetic corruption: qrels-derived edges with flip_prob=0.15,20,64,0.168421,8,13,True,1,13,10.0,10,12.0,5.0,12,5,20,ndcg_at_k,12.0,12,0.463158,0.644444,1.0,1.0,0.2,1.0,1.0,0.00015,0.000111,1.6e-05,0.002022,3.7e-05,0.001419,0.007444
scidocs,q_sci_000326,hybrid_rrf_copeland_a03,qrels_flip,synthetic corruption: qrels-derived edges with flip_prob=0.15,20,64,0.168421,8,13,True,1,13,10.0,10,12.0,5.0,12,5,20,ndcg_at_k,12.0,12,0.463158,0.644444,1.0,1.0,0.2,1.0,1.0,0.00015,0.000111,1.6e-05,0.002022,3.3e-05,0.001419,0.007444
scidocs,q_sci_000326,hybrid_rrf_priority_topo_a03,qrels_flip,synthetic corruption: qrels-derived edges with flip_prob=0.15,20,64,0.168421,8,13,True,1,13,10.0,10,12.0,5.0,12,5,20,ndcg_at_k,10.0,10,0.052632,0.6,0.913704,0.778409,0.2,1.0,0.875,0.00015,0.000111,1.6e-05,0.002022,7.3e-05,0.001419,0.007444
scidocs,q_sci_000175,score_sum,qrels_flip,synthetic corruption: qrels-derived edges with flip_prob=0.15,20,64,0.168421,11,10,True,1,10,4.0,4,8.0,7.0,8,7,20,ndcg_at_k,8.0,8,0.768421,0.733333,1.0,1.0,0.2,1.0,1.0,0.000143,0.000153,2.4e-05,0.001147,3e-05,0.00141,0.005872
scidocs,q_sci_000175,borda,qrels_flip,synthetic corruption: qrels-derived edges with flip_prob=0.15,20,64,0.168421,11,10,True,1,10,4.0,4,8.0,7.0,8,7,20,ndcg_at_k,8.0,8,0.768421,0.733333,1.0,1.0,0.2,1.0,1.0,0.000143,0.000153,2.4e-05,0.001147,1.9e-05,0.00141,0.005872
scidocs,q_sci_000175,pagerank,qrels_flip,synthetic corruption: qrels-derived edges with flip_prob=0.15,20,64,0.168421,11,10,True,1,10,4.0,4,8.0,7.0,8,7,20,ndcg_at_k,10.0,10,0.547368,0.822222,0.95583,0.8875,0.2,1.0,0.96875,0.000143,0.000153,2.4e-05,0.001147,0.002521,0.00141,0.005872
scidocs,q_sci_000175,greedy_fas_topological,qrels_flip,synthetic corruption: qrels-derived edges with flip_prob=0.15,20,64,0.168421,11,10,True,1,10,4.0,4,8.0,7.0,8,7,20,ndcg_at_k,4.0,4,0.452632,0.422222,0.879654,0.707143,0.2,1.0,0.84375,0.000143,0.000153,2.4e-05,0.001147,6.1e-05,0.00141,0.005872
scidocs,q_sci_000175,greedy_fas_weighted_balance,qrels_flip,synthetic corruption: qrels-derived edges with flip_prob=0.15,20,64,0.168421,11,10,True,1,10,4.0,4,8.0,7.0,8,7,20,ndcg_at_k,8.0,8,0.726316,0.688889,1.0,1.0,0.2,1.0,1.0,0.000143,0.000153,2.4e-05,0.001147,3.5e-05,0.00141,0.005872
scidocs,q_sci_000175,greedy_fas_copeland,qrels_flip,synthetic corruption: qrels-derived edges with flip_prob=0.15,20,64,0.168421,11,10,True,1,10,4.0,4,8.0,7.0,8,7,20,ndcg_at_k,8.0,8,0.726316,0.688889,1.0,1.0,0.2,1.0,1.0,0.000143,0.000153,2.4e-05,0.001147,2.7e-05,0.00141,0.005872
scidocs,q_sci_000175,greedy_fas_score_augmented_topological,qrels_flip,synthetic corruption: qrels-derived edges with flip_prob=0.15,20,64,0.168421,11,10,True,1,10,4.0,4,8.0,7.0,8,7,20,ndcg_at_k,4.0,4,0.084211,0.377778,0.879654,0.707143,0.2,1.0,0.84375,0.000143,0.000153,2.4e-05,0.001147,4.8e-05,0.00141,0.005872
scidocs,q_sci_000175,fas_balance_score_prior_alpha_beta,qrels_flip,synthetic corruption: qrels-derived edges with flip_prob=0.15,20,64,0.168421,11,10,True,1,10,4.0,4,8.0,7.0,8,7,20,ndcg_at_k,8.0,8,0.726316,0.688889,1.0,1.0,0.2,1.0,1.0,0.000143,0.000153,2.4e-05,0.001147,5e-05,0.00141,0.005872
scidocs,q_sci_000175,hybrid_rrf_fas_regularized,qrels_flip,synthetic corruption: qrels-derived edges with flip_prob=0.15,20,64,0.168421,11,10,True,1,10,4.0,4,8.0,7.0,8,7,20,ndcg_at_k,8.0,8,0.726316,0.688889,1.0,1.0,0.2,1.0,1.0,0.000143,0.000153,2.4e-05,0.001147,4.2e-05,0.00141,0.005872
scidocs,q_sci_000175,hybrid_rrf_balance_a05,qrels_flip,synthetic corruption: qrels-derived edges with flip_prob=0.15,20,64,0.168421,11,10,True,1,10,4.0,4,8.0,7.0,8,7,20,ndcg_at_k,8.0,8,0.726316,0.688889,1.0,1.0,0.2,1.0,1.0,0.000143,0.000153,2.4e-05,0.001147,3.8e-05,0.00141,0.005872
scidocs,q_sci_000175,hybrid_rrf_copeland_a03,qrels_flip,synthetic corruption: qrels-derived edges with flip_prob=0.15,20,64,0.168421,11,10,True,1,10,4.0,4,8.0,7.0,8,7,20,ndcg_at_k,8.0,8,0.726316,0.688889,1.0,1.0,0.2,1.0,1.0,0.000143,0.000153,2.4e-05,0.001147,3.3e-05,0.00141,0.005872
scidocs,q_sci_000175,hybrid_rrf_priority_topo_a03,qrels_flip,synthetic corruption: qrels-derived edges with flip_prob=0.15,20,64,0.168421,11,10,True,1,10,4.0,4,8.0,7.0,8,7,20,ndcg_at_k,4.0,4,0.2,0.377778,0.879654,0.707143,0.2,1.0,0.84375,0.000143,0.000153,2.4e-05,0.001147,9.1e-05,0.00141,0.005872
scidocs,q_sci_000170,score_sum,qrels_flip,synthetic corruption: qrels-derived edges with flip_prob=0.15,20,51,0.134211,10,11,True,1,11,8.0,8,11.0,6.0,11,6,20,ndcg_at_k,11.0,11,0.284211,0.6,1.0,1.0,0.15,1.0,1.0,0.000139,0.000109,1.6e-05,0.00161,3.1e-05,0.001349,0.006842
scidocs,q_sci_000170,borda,qrels_flip,synthetic corruption: qrels-derived edges with flip_prob=0.15,20,51,0.134211,10,11,True,1,11,8.0,8,11.0,6.0,11,6,20,ndcg_at_k,11.0,11,0.284211,0.6,1.0,1.0,0.15,1.0,1.0,0.000139,0.000109,1.6e-05,0.00161,1.9e-05,0.001349,0.006842
scidocs,q_sci_000170,pagerank,qrels_flip,synthetic corruption: qrels-derived edges with flip_prob=0.15,20,51,0.134211,10,11,True,1,11,8.0,8,11.0,6.0,11,6,20,ndcg_at_k,11.0,11,0.021053,0.6,1.0,1.0,0.15,1.0,1.0,0.000139,0.000109,1.6e-05,0.00161,0.003186,0.001349,0.006842
scidocs,q_sci_000170,greedy_fas_topological,qrels_flip,synthetic corruption: qrels-derived edges with flip_prob=0.15,20,51,0.134211,10,11,True,1,11,8.0,8,11.0,6.0,11,6,20,ndcg_at_k,8.0,8,-0.031579,0.288889,0.625665,0.425,0.15,1.0,0.823529,0.000139,0.000109,1.6e-05,0.00161,5.7e-05,0.001349,0.006842
scidocs,q_sci_000170,greedy_fas_weighted_balance,qrels_flip,synthetic corruption: qrels-derived edges with flip_prob=0.15,20,51,0.134211,10,11,True,1,11,8.0,8,11.0,6.0,11,6,20,ndcg_at_k,11.0,11,0.231579,0.6,1.0,1.0,0.15,1.0,1.0,0.000139,0.000109,1.6e-05,0.00161,2.9e-05,0.001349,0.006842
scidocs,q_sci_000170,greedy_fas_copeland,qrels_flip,synthetic corruption: qrels-derived edges with flip_prob=0.15,20,51,0.134211,10,11,True,1,11,8.0,8,11.0,6.0,11,6,20,ndcg_at_k,11.0,11,0.231579,0.6,1.0,1.0,0.15,1.0,1.0,0.000139,0.000109,1.6e-05,0.00161,2.7e-05,0.001349,0.006842
scidocs,q_sci_000170,greedy_fas_score_augmented_topological,qrels_flip,synthetic corruption: qrels-derived edges with flip_prob=0.15,20,51,0.134211,10,11,True,1,11,8.0,8,11.0,6.0,11,6,20,ndcg_at_k,7.0,7,-0.421053,0.333333,0.63405,0.442857,0.15,1.0,0.843137,0.000139,0.000109,1.6e-05,0.00161,4.8e-05,0.001349,0.006842
scidocs,q_sci_000170,fas_balance_score_prior_alpha_beta,qrels_flip,synthetic corruption: qrels-derived edges with flip_prob=0.15,20,51,0.134211,10,11,True,1,11,8.0,8,11.0,6.0,11,6,20,ndcg_at_k,11.0,11,0.231579,0.6,1.0,1.0,0.15,1.0,1.0,0.000139,0.000109,1.6e-05,0.00161,4.5e-05,0.001349,0.006842
scidocs,q_sci_000170,hybrid_rrf_fas_regularized,qrels_flip,synthetic corruption: qrels-derived edges with flip_prob=0.15,20,51,0.134211,10,11,True,1,11,8.0,8,11.0,6.0,11,6,20,ndcg_at_k,11.0,11,0.231579,0.6,1.0,1.0,0.15,1.0,1.0,0.000139,0.000109,1.6e-05,0.00161,3.8e-05,0.001349,0.006842
scidocs,q_sci_000170,hybrid_rrf_balance_a05,qrels_flip,synthetic corruption: qrels-derived edges with flip_prob=0.15,20,51,0.134211,10,11,True,1,11,8.0,8,11.0,6.0,11,6,20,ndcg_at_k,11.0,11,0.231579,0.6,1.0,1.0,0.15,1.0,1.0,0.000139,0.000109,1.6e-05,0.00161,3.3e-05,0.001349,0.006842
scidocs,q_sci_000170,hybrid_rrf_copeland_a03,qrels_flip,synthetic corruption: qrels-derived edges with flip_prob=0.15,20,51,0.134211,10,11,True,1,11,8.0,8,11.0,6.0,11,6,20,ndcg_at_k,11.0,11,0.231579,0.6,1.0,1.0,0.15,1.0,1.0,0.000139,0.000109,1.6e-05,0.00161,3.3e-05,0.001349,0.006842
scidocs,q_sci_000170,hybrid_rrf_priority_topo_a03,qrels_flip,synthetic corruption: qrels-derived edges with flip_prob=0.15,20,51,0.134211,10,11,True,1,11,8.0,8,11.0,6.0,11,6,20,ndcg_at_k,7.0,7,-0.263158,0.244444,0.63405,0.442857,0.15,1.0,0.843137,0.000139,0.000109,1.6e-05,0.00161,7.3e-05,0.001349,0.006842
