dataset,query_id,provider,model,prompt,orientation,judgment_mode,policy,repair,ndcg_at_k,delta_vs_unrepaired,is_cyclic,fas_weight_removed,cell_status,source
fiqa,0,azure+cohere,mixed,failure_mining,debias_position,pairwise,score_sum,unknown,0.0,0.0,True,0.08574318885803223,reconstructible,failure_mining_llm_v3_metrics
fiqa,0,azure+cohere,mixed,failure_mining,debias_position,pairwise,borda,unknown,0.0,0.0,True,0.08574318885803223,reconstructible,failure_mining_llm_v3_metrics
fiqa,0,azure+cohere,mixed,failure_mining,debias_position,pairwise,pagerank,unknown,0.0,0.0,True,0.08574318885803223,reconstructible,failure_mining_llm_v3_metrics
fiqa,0,azure+cohere,mixed,failure_mining,debias_position,pairwise,rank_centrality,unknown,0.0,0.0,True,0.08574318885803223,reconstructible,failure_mining_llm_v3_metrics
fiqa,0,azure+cohere,mixed,failure_mining,debias_position,pairwise,markov_graph,unknown,0.0,0.0,True,0.08574318885803223,reconstructible,failure_mining_llm_v3_metrics
fiqa,0,azure+cohere,mixed,failure_mining,debias_position,pairwise,markov_graph_repaired,greedy,0.0,0.0,True,0.08574318885803223,reconstructible,failure_mining_llm_v3_metrics
fiqa,0,azure+cohere,mixed,failure_mining,debias_position,pairwise,greedy_fas_topological,greedy,0.0,0.0,True,0.08574318885803223,reconstructible,failure_mining_llm_v3_metrics
fiqa,0,azure+cohere,mixed,failure_mining,debias_position,pairwise,prior_only,unknown,0.0,0.0,True,0.08574318885803223,reconstructible,failure_mining_llm_v3_metrics
fiqa,0,azure+cohere,mixed,failure_mining,debias_position,pairwise,rrf,unknown,0.0,0.0,True,0.08574318885803223,reconstructible,failure_mining_llm_v3_metrics
fiqa,0,azure+cohere,mixed,failure_mining,debias_position,pairwise,combsum,unknown,0.0,0.0,True,0.08574318885803223,reconstructible,failure_mining_llm_v3_metrics
fiqa,0,azure+cohere,mixed,failure_mining,debias_position,pairwise,borda_fuse,unknown,0.0,0.0,True,0.08574318885803223,reconstructible,failure_mining_llm_v3_metrics
fiqa,0,azure+cohere,mixed,failure_mining,debias_position,pairwise,bradley_terry,unknown,0.0,0.0,True,0.08574318885803223,reconstructible,failure_mining_llm_v3_metrics
fiqa,0,azure+cohere,mixed,failure_mining,debias_position,pairwise,local_kemenization,unknown,0.0,0.0,True,0.08574318885803223,reconstructible,failure_mining_llm_v3_metrics
fiqa,0,azure+cohere,mixed,failure_mining,debias_position,pairwise,llm_cohere_pairwise,unknown,,,True,0.08574318885803223,reconstructible,failure_mining_llm_v3_metrics
fiqa,0,azure+cohere,mixed,failure_mining,debias_position,pairwise,llm_azure_pairwise,unknown,,,True,0.08574318885803223,reconstructible,failure_mining_llm_v3_metrics
fiqa,4,azure+cohere,mixed,failure_mining,debias_position,pairwise,score_sum,unknown,0.0,0.0,True,0.317761140760768,reconstructible,failure_mining_llm_v3_metrics
fiqa,4,azure+cohere,mixed,failure_mining,debias_position,pairwise,borda,unknown,0.0,0.0,True,0.317761140760768,reconstructible,failure_mining_llm_v3_metrics
fiqa,4,azure+cohere,mixed,failure_mining,debias_position,pairwise,pagerank,unknown,0.0,0.0,True,0.317761140760768,reconstructible,failure_mining_llm_v3_metrics
fiqa,4,azure+cohere,mixed,failure_mining,debias_position,pairwise,rank_centrality,unknown,0.0,0.0,True,0.317761140760768,reconstructible,failure_mining_llm_v3_metrics
fiqa,4,azure+cohere,mixed,failure_mining,debias_position,pairwise,markov_graph,unknown,0.0,0.0,True,0.317761140760768,reconstructible,failure_mining_llm_v3_metrics
fiqa,4,azure+cohere,mixed,failure_mining,debias_position,pairwise,markov_graph_repaired,greedy,0.0,0.0,True,0.317761140760768,reconstructible,failure_mining_llm_v3_metrics
fiqa,4,azure+cohere,mixed,failure_mining,debias_position,pairwise,greedy_fas_topological,greedy,0.0,0.0,True,0.317761140760768,reconstructible,failure_mining_llm_v3_metrics
fiqa,4,azure+cohere,mixed,failure_mining,debias_position,pairwise,prior_only,unknown,0.0,0.0,True,0.317761140760768,reconstructible,failure_mining_llm_v3_metrics
fiqa,4,azure+cohere,mixed,failure_mining,debias_position,pairwise,rrf,unknown,0.0,0.0,True,0.317761140760768,reconstructible,failure_mining_llm_v3_metrics
fiqa,4,azure+cohere,mixed,failure_mining,debias_position,pairwise,combsum,unknown,0.0,0.0,True,0.317761140760768,reconstructible,failure_mining_llm_v3_metrics
fiqa,4,azure+cohere,mixed,failure_mining,debias_position,pairwise,borda_fuse,unknown,0.0,0.0,True,0.317761140760768,reconstructible,failure_mining_llm_v3_metrics
fiqa,4,azure+cohere,mixed,failure_mining,debias_position,pairwise,bradley_terry,unknown,0.0,0.0,True,0.317761140760768,reconstructible,failure_mining_llm_v3_metrics
fiqa,4,azure+cohere,mixed,failure_mining,debias_position,pairwise,local_kemenization,unknown,0.0,0.0,True,0.317761140760768,reconstructible,failure_mining_llm_v3_metrics
fiqa,4,azure+cohere,mixed,failure_mining,debias_position,pairwise,llm_cohere_pairwise,unknown,,,True,0.317761140760768,reconstructible,failure_mining_llm_v3_metrics
fiqa,4,azure+cohere,mixed,failure_mining,debias_position,pairwise,llm_azure_pairwise,unknown,,,True,0.317761140760768,reconstructible,failure_mining_llm_v3_metrics
fiqa,5,azure+cohere,mixed,failure_mining,debias_position,pairwise,score_sum,unknown,0.0,0.0,True,0.28673417971239484,reconstructible,failure_mining_llm_v3_metrics
fiqa,5,azure+cohere,mixed,failure_mining,debias_position,pairwise,borda,unknown,0.0,0.0,True,0.28673417971239484,reconstructible,failure_mining_llm_v3_metrics
fiqa,5,azure+cohere,mixed,failure_mining,debias_position,pairwise,pagerank,unknown,0.0,0.0,True,0.28673417971239484,reconstructible,failure_mining_llm_v3_metrics
fiqa,5,azure+cohere,mixed,failure_mining,debias_position,pairwise,rank_centrality,unknown,0.0,0.0,True,0.28673417971239484,reconstructible,failure_mining_llm_v3_metrics
fiqa,5,azure+cohere,mixed,failure_mining,debias_position,pairwise,markov_graph,unknown,0.0,0.0,True,0.28673417971239484,reconstructible,failure_mining_llm_v3_metrics
fiqa,5,azure+cohere,mixed,failure_mining,debias_position,pairwise,markov_graph_repaired,greedy,0.0,0.0,True,0.28673417971239484,reconstructible,failure_mining_llm_v3_metrics
fiqa,5,azure+cohere,mixed,failure_mining,debias_position,pairwise,greedy_fas_topological,greedy,0.0,0.0,True,0.28673417971239484,reconstructible,failure_mining_llm_v3_metrics
fiqa,5,azure+cohere,mixed,failure_mining,debias_position,pairwise,prior_only,unknown,0.0,0.0,True,0.28673417971239484,reconstructible,failure_mining_llm_v3_metrics
fiqa,5,azure+cohere,mixed,failure_mining,debias_position,pairwise,rrf,unknown,0.0,0.0,True,0.28673417971239484,reconstructible,failure_mining_llm_v3_metrics
fiqa,5,azure+cohere,mixed,failure_mining,debias_position,pairwise,combsum,unknown,0.0,0.0,True,0.28673417971239484,reconstructible,failure_mining_llm_v3_metrics
fiqa,5,azure+cohere,mixed,failure_mining,debias_position,pairwise,borda_fuse,unknown,0.0,0.0,True,0.28673417971239484,reconstructible,failure_mining_llm_v3_metrics
fiqa,5,azure+cohere,mixed,failure_mining,debias_position,pairwise,bradley_terry,unknown,0.0,0.0,True,0.28673417971239484,reconstructible,failure_mining_llm_v3_metrics
fiqa,5,azure+cohere,mixed,failure_mining,debias_position,pairwise,local_kemenization,unknown,0.0,0.0,True,0.28673417971239484,reconstructible,failure_mining_llm_v3_metrics
fiqa,5,azure+cohere,mixed,failure_mining,debias_position,pairwise,llm_cohere_pairwise,unknown,,,True,0.28673417971239484,reconstructible,failure_mining_llm_v3_metrics
fiqa,5,azure+cohere,mixed,failure_mining,debias_position,pairwise,llm_azure_pairwise,unknown,,,True,0.28673417971239484,reconstructible,failure_mining_llm_v3_metrics
fiqa,6,azure+cohere,mixed,failure_mining,debias_position,pairwise,score_sum,unknown,0.6509209298071326,0.0,True,0.2760593269550826,reconstructible,failure_mining_llm_v3_metrics
fiqa,6,azure+cohere,mixed,failure_mining,debias_position,pairwise,borda,unknown,0.5706417189553201,-0.08027921085181244,True,0.2760593269550826,reconstructible,failure_mining_llm_v3_metrics
fiqa,6,azure+cohere,mixed,failure_mining,debias_position,pairwise,pagerank,unknown,0.5706417189553201,-0.08027921085181244,True,0.2760593269550826,reconstructible,failure_mining_llm_v3_metrics
fiqa,6,azure+cohere,mixed,failure_mining,debias_position,pairwise,rank_centrality,unknown,0.5706417189553201,-0.08027921085181244,True,0.2760593269550826,reconstructible,failure_mining_llm_v3_metrics
fiqa,6,azure+cohere,mixed,failure_mining,debias_position,pairwise,markov_graph,unknown,0.6509209298071326,0.0,True,0.2760593269550826,reconstructible,failure_mining_llm_v3_metrics
fiqa,6,azure+cohere,mixed,failure_mining,debias_position,pairwise,markov_graph_repaired,greedy,0.6509209298071326,0.0,True,0.2760593269550826,reconstructible,failure_mining_llm_v3_metrics
fiqa,6,azure+cohere,mixed,failure_mining,debias_position,pairwise,greedy_fas_topological,greedy,0.6509209298071326,0.0,True,0.2760593269550826,reconstructible,failure_mining_llm_v3_metrics
fiqa,6,azure+cohere,mixed,failure_mining,debias_position,pairwise,prior_only,unknown,0.5706417189553201,-0.08027921085181244,True,0.2760593269550826,reconstructible,failure_mining_llm_v3_metrics
fiqa,6,azure+cohere,mixed,failure_mining,debias_position,pairwise,rrf,unknown,0.5706417189553201,-0.08027921085181244,True,0.2760593269550826,reconstructible,failure_mining_llm_v3_metrics
fiqa,6,azure+cohere,mixed,failure_mining,debias_position,pairwise,combsum,unknown,0.5706417189553201,-0.08027921085181244,True,0.2760593269550826,reconstructible,failure_mining_llm_v3_metrics
fiqa,6,azure+cohere,mixed,failure_mining,debias_position,pairwise,borda_fuse,unknown,0.5706417189553201,-0.08027921085181244,True,0.2760593269550826,reconstructible,failure_mining_llm_v3_metrics
fiqa,6,azure+cohere,mixed,failure_mining,debias_position,pairwise,bradley_terry,unknown,0.6509209298071326,0.0,True,0.2760593269550826,reconstructible,failure_mining_llm_v3_metrics
fiqa,6,azure+cohere,mixed,failure_mining,debias_position,pairwise,local_kemenization,unknown,0.6509209298071326,0.0,True,0.2760593269550826,reconstructible,failure_mining_llm_v3_metrics
fiqa,6,azure+cohere,mixed,failure_mining,debias_position,pairwise,llm_cohere_pairwise,unknown,,,True,0.2760593269550826,reconstructible,failure_mining_llm_v3_metrics
fiqa,6,azure+cohere,mixed,failure_mining,debias_position,pairwise,llm_azure_pairwise,unknown,,,True,0.2760593269550826,reconstructible,failure_mining_llm_v3_metrics
fiqa,7,azure+cohere,mixed,failure_mining,debias_position,pairwise,score_sum,unknown,0.0,0.0,True,0.41676173200521077,reconstructible,failure_mining_llm_v3_metrics
fiqa,7,azure+cohere,mixed,failure_mining,debias_position,pairwise,borda,unknown,0.0,0.0,True,0.41676173200521077,reconstructible,failure_mining_llm_v3_metrics
fiqa,7,azure+cohere,mixed,failure_mining,debias_position,pairwise,pagerank,unknown,0.0,0.0,True,0.41676173200521077,reconstructible,failure_mining_llm_v3_metrics
fiqa,7,azure+cohere,mixed,failure_mining,debias_position,pairwise,rank_centrality,unknown,0.0,0.0,True,0.41676173200521077,reconstructible,failure_mining_llm_v3_metrics
fiqa,7,azure+cohere,mixed,failure_mining,debias_position,pairwise,markov_graph,unknown,0.0,0.0,True,0.41676173200521077,reconstructible,failure_mining_llm_v3_metrics
fiqa,7,azure+cohere,mixed,failure_mining,debias_position,pairwise,markov_graph_repaired,greedy,0.0,0.0,True,0.41676173200521077,reconstructible,failure_mining_llm_v3_metrics
fiqa,7,azure+cohere,mixed,failure_mining,debias_position,pairwise,greedy_fas_topological,greedy,0.0,0.0,True,0.41676173200521077,reconstructible,failure_mining_llm_v3_metrics
fiqa,7,azure+cohere,mixed,failure_mining,debias_position,pairwise,prior_only,unknown,0.0,0.0,True,0.41676173200521077,reconstructible,failure_mining_llm_v3_metrics
fiqa,7,azure+cohere,mixed,failure_mining,debias_position,pairwise,rrf,unknown,0.0,0.0,True,0.41676173200521077,reconstructible,failure_mining_llm_v3_metrics
fiqa,7,azure+cohere,mixed,failure_mining,debias_position,pairwise,combsum,unknown,0.0,0.0,True,0.41676173200521077,reconstructible,failure_mining_llm_v3_metrics
fiqa,7,azure+cohere,mixed,failure_mining,debias_position,pairwise,borda_fuse,unknown,0.0,0.0,True,0.41676173200521077,reconstructible,failure_mining_llm_v3_metrics
fiqa,7,azure+cohere,mixed,failure_mining,debias_position,pairwise,bradley_terry,unknown,0.0,0.0,True,0.41676173200521077,reconstructible,failure_mining_llm_v3_metrics
fiqa,7,azure+cohere,mixed,failure_mining,debias_position,pairwise,local_kemenization,unknown,0.0,0.0,True,0.41676173200521077,reconstructible,failure_mining_llm_v3_metrics
fiqa,7,azure+cohere,mixed,failure_mining,debias_position,pairwise,llm_cohere_pairwise,unknown,,,True,0.41676173200521077,reconstructible,failure_mining_llm_v3_metrics
fiqa,7,azure+cohere,mixed,failure_mining,debias_position,pairwise,llm_azure_pairwise,unknown,,,True,0.41676173200521077,reconstructible,failure_mining_llm_v3_metrics
fiqa,9,azure+cohere,mixed,failure_mining,debias_position,pairwise,score_sum,unknown,0.0,0.0,True,2.214198811769516,reconstructible,failure_mining_llm_v3_metrics
fiqa,9,azure+cohere,mixed,failure_mining,debias_position,pairwise,borda,unknown,0.0,0.0,True,2.214198811769516,reconstructible,failure_mining_llm_v3_metrics
fiqa,9,azure+cohere,mixed,failure_mining,debias_position,pairwise,pagerank,unknown,0.0,0.0,True,2.214198811769516,reconstructible,failure_mining_llm_v3_metrics
fiqa,9,azure+cohere,mixed,failure_mining,debias_position,pairwise,rank_centrality,unknown,0.0,0.0,True,2.214198811769516,reconstructible,failure_mining_llm_v3_metrics
fiqa,9,azure+cohere,mixed,failure_mining,debias_position,pairwise,markov_graph,unknown,0.0,0.0,True,2.214198811769516,reconstructible,failure_mining_llm_v3_metrics
fiqa,9,azure+cohere,mixed,failure_mining,debias_position,pairwise,markov_graph_repaired,greedy,0.0,0.0,True,2.214198811769516,reconstructible,failure_mining_llm_v3_metrics
fiqa,9,azure+cohere,mixed,failure_mining,debias_position,pairwise,greedy_fas_topological,greedy,0.0,0.0,True,2.214198811769516,reconstructible,failure_mining_llm_v3_metrics
fiqa,9,azure+cohere,mixed,failure_mining,debias_position,pairwise,prior_only,unknown,0.0,0.0,True,2.214198811769516,reconstructible,failure_mining_llm_v3_metrics
fiqa,9,azure+cohere,mixed,failure_mining,debias_position,pairwise,rrf,unknown,0.0,0.0,True,2.214198811769516,reconstructible,failure_mining_llm_v3_metrics
fiqa,9,azure+cohere,mixed,failure_mining,debias_position,pairwise,combsum,unknown,0.0,0.0,True,2.214198811769516,reconstructible,failure_mining_llm_v3_metrics
fiqa,9,azure+cohere,mixed,failure_mining,debias_position,pairwise,borda_fuse,unknown,0.0,0.0,True,2.214198811769516,reconstructible,failure_mining_llm_v3_metrics
fiqa,9,azure+cohere,mixed,failure_mining,debias_position,pairwise,bradley_terry,unknown,0.0,0.0,True,2.214198811769516,reconstructible,failure_mining_llm_v3_metrics
fiqa,9,azure+cohere,mixed,failure_mining,debias_position,pairwise,local_kemenization,unknown,0.0,0.0,True,2.214198811769516,reconstructible,failure_mining_llm_v3_metrics
fiqa,9,azure+cohere,mixed,failure_mining,debias_position,pairwise,llm_cohere_pairwise,unknown,,,True,2.214198811769516,reconstructible,failure_mining_llm_v3_metrics
fiqa,9,azure+cohere,mixed,failure_mining,debias_position,pairwise,llm_azure_pairwise,unknown,,,True,2.214198811769516,reconstructible,failure_mining_llm_v3_metrics
fiqa,11,azure+cohere,mixed,failure_mining,debias_position,pairwise,score_sum,unknown,0.0,0.0,True,0.4392963667179077,reconstructible,failure_mining_llm_v3_metrics
fiqa,11,azure+cohere,mixed,failure_mining,debias_position,pairwise,borda,unknown,0.0,0.0,True,0.4392963667179077,reconstructible,failure_mining_llm_v3_metrics
fiqa,11,azure+cohere,mixed,failure_mining,debias_position,pairwise,pagerank,unknown,0.0,0.0,True,0.4392963667179077,reconstructible,failure_mining_llm_v3_metrics
fiqa,11,azure+cohere,mixed,failure_mining,debias_position,pairwise,rank_centrality,unknown,0.0,0.0,True,0.4392963667179077,reconstructible,failure_mining_llm_v3_metrics
fiqa,11,azure+cohere,mixed,failure_mining,debias_position,pairwise,markov_graph,unknown,0.0,0.0,True,0.4392963667179077,reconstructible,failure_mining_llm_v3_metrics
fiqa,11,azure+cohere,mixed,failure_mining,debias_position,pairwise,markov_graph_repaired,greedy,0.0,0.0,True,0.4392963667179077,reconstructible,failure_mining_llm_v3_metrics
fiqa,11,azure+cohere,mixed,failure_mining,debias_position,pairwise,greedy_fas_topological,greedy,0.0,0.0,True,0.4392963667179077,reconstructible,failure_mining_llm_v3_metrics
fiqa,11,azure+cohere,mixed,failure_mining,debias_position,pairwise,prior_only,unknown,0.0,0.0,True,0.4392963667179077,reconstructible,failure_mining_llm_v3_metrics
fiqa,11,azure+cohere,mixed,failure_mining,debias_position,pairwise,rrf,unknown,0.0,0.0,True,0.4392963667179077,reconstructible,failure_mining_llm_v3_metrics
fiqa,11,azure+cohere,mixed,failure_mining,debias_position,pairwise,combsum,unknown,0.0,0.0,True,0.4392963667179077,reconstructible,failure_mining_llm_v3_metrics
fiqa,11,azure+cohere,mixed,failure_mining,debias_position,pairwise,borda_fuse,unknown,0.0,0.0,True,0.4392963667179077,reconstructible,failure_mining_llm_v3_metrics
fiqa,11,azure+cohere,mixed,failure_mining,debias_position,pairwise,bradley_terry,unknown,0.0,0.0,True,0.4392963667179077,reconstructible,failure_mining_llm_v3_metrics
fiqa,11,azure+cohere,mixed,failure_mining,debias_position,pairwise,local_kemenization,unknown,0.0,0.0,True,0.4392963667179077,reconstructible,failure_mining_llm_v3_metrics
fiqa,11,azure+cohere,mixed,failure_mining,debias_position,pairwise,llm_cohere_pairwise,unknown,,,True,0.4392963667179077,reconstructible,failure_mining_llm_v3_metrics
fiqa,11,azure+cohere,mixed,failure_mining,debias_position,pairwise,llm_azure_pairwise,unknown,,,True,0.4392963667179077,reconstructible,failure_mining_llm_v3_metrics
fiqa,12,azure+cohere,mixed,failure_mining,debias_position,pairwise,score_sum,unknown,1.0,0.0,True,1.0321525148735993,reconstructible,failure_mining_llm_v3_metrics
fiqa,12,azure+cohere,mixed,failure_mining,debias_position,pairwise,borda,unknown,0.5,-0.5,True,1.0321525148735993,reconstructible,failure_mining_llm_v3_metrics
fiqa,12,azure+cohere,mixed,failure_mining,debias_position,pairwise,pagerank,unknown,1.0,0.0,True,1.0321525148735993,reconstructible,failure_mining_llm_v3_metrics
fiqa,12,azure+cohere,mixed,failure_mining,debias_position,pairwise,rank_centrality,unknown,0.6309297535714575,-0.36907024642854247,True,1.0321525148735993,reconstructible,failure_mining_llm_v3_metrics
fiqa,12,azure+cohere,mixed,failure_mining,debias_position,pairwise,markov_graph,unknown,1.0,0.0,True,1.0321525148735993,reconstructible,failure_mining_llm_v3_metrics
fiqa,12,azure+cohere,mixed,failure_mining,debias_position,pairwise,markov_graph_repaired,greedy,1.0,0.0,True,1.0321525148735993,reconstructible,failure_mining_llm_v3_metrics
fiqa,12,azure+cohere,mixed,failure_mining,debias_position,pairwise,greedy_fas_topological,greedy,0.6309297535714575,-0.36907024642854247,True,1.0321525148735993,reconstructible,failure_mining_llm_v3_metrics
fiqa,12,azure+cohere,mixed,failure_mining,debias_position,pairwise,prior_only,unknown,1.0,0.0,True,1.0321525148735993,reconstructible,failure_mining_llm_v3_metrics
fiqa,12,azure+cohere,mixed,failure_mining,debias_position,pairwise,rrf,unknown,0.6309297535714575,-0.36907024642854247,True,1.0321525148735993,reconstructible,failure_mining_llm_v3_metrics
fiqa,12,azure+cohere,mixed,failure_mining,debias_position,pairwise,combsum,unknown,0.5,-0.5,True,1.0321525148735993,reconstructible,failure_mining_llm_v3_metrics
fiqa,12,azure+cohere,mixed,failure_mining,debias_position,pairwise,borda_fuse,unknown,0.6309297535714575,-0.36907024642854247,True,1.0321525148735993,reconstructible,failure_mining_llm_v3_metrics
fiqa,12,azure+cohere,mixed,failure_mining,debias_position,pairwise,bradley_terry,unknown,0.38685280723454163,-0.6131471927654584,True,1.0321525148735993,reconstructible,failure_mining_llm_v3_metrics
fiqa,12,azure+cohere,mixed,failure_mining,debias_position,pairwise,local_kemenization,unknown,0.6309297535714575,-0.36907024642854247,True,1.0321525148735993,reconstructible,failure_mining_llm_v3_metrics
fiqa,12,azure+cohere,mixed,failure_mining,debias_position,pairwise,llm_cohere_pairwise,unknown,,,True,1.0321525148735993,reconstructible,failure_mining_llm_v3_metrics
fiqa,12,azure+cohere,mixed,failure_mining,debias_position,pairwise,llm_azure_pairwise,unknown,,,True,1.0321525148735993,reconstructible,failure_mining_llm_v3_metrics
fiqa,13,azure+cohere,mixed,failure_mining,debias_position,pairwise,score_sum,unknown,0.0,0.0,True,0.18772879463664874,reconstructible,failure_mining_llm_v3_metrics
fiqa,13,azure+cohere,mixed,failure_mining,debias_position,pairwise,borda,unknown,0.0,0.0,True,0.18772879463664874,reconstructible,failure_mining_llm_v3_metrics
fiqa,13,azure+cohere,mixed,failure_mining,debias_position,pairwise,pagerank,unknown,0.0,0.0,True,0.18772879463664874,reconstructible,failure_mining_llm_v3_metrics
fiqa,13,azure+cohere,mixed,failure_mining,debias_position,pairwise,rank_centrality,unknown,0.0,0.0,True,0.18772879463664874,reconstructible,failure_mining_llm_v3_metrics
fiqa,13,azure+cohere,mixed,failure_mining,debias_position,pairwise,markov_graph,unknown,0.0,0.0,True,0.18772879463664874,reconstructible,failure_mining_llm_v3_metrics
fiqa,13,azure+cohere,mixed,failure_mining,debias_position,pairwise,markov_graph_repaired,greedy,0.0,0.0,True,0.18772879463664874,reconstructible,failure_mining_llm_v3_metrics
fiqa,13,azure+cohere,mixed,failure_mining,debias_position,pairwise,greedy_fas_topological,greedy,0.0,0.0,True,0.18772879463664874,reconstructible,failure_mining_llm_v3_metrics
fiqa,13,azure+cohere,mixed,failure_mining,debias_position,pairwise,prior_only,unknown,0.0,0.0,True,0.18772879463664874,reconstructible,failure_mining_llm_v3_metrics
fiqa,13,azure+cohere,mixed,failure_mining,debias_position,pairwise,rrf,unknown,0.0,0.0,True,0.18772879463664874,reconstructible,failure_mining_llm_v3_metrics
fiqa,13,azure+cohere,mixed,failure_mining,debias_position,pairwise,combsum,unknown,0.0,0.0,True,0.18772879463664874,reconstructible,failure_mining_llm_v3_metrics
fiqa,13,azure+cohere,mixed,failure_mining,debias_position,pairwise,borda_fuse,unknown,0.0,0.0,True,0.18772879463664874,reconstructible,failure_mining_llm_v3_metrics
fiqa,13,azure+cohere,mixed,failure_mining,debias_position,pairwise,bradley_terry,unknown,0.0,0.0,True,0.18772879463664874,reconstructible,failure_mining_llm_v3_metrics
fiqa,13,azure+cohere,mixed,failure_mining,debias_position,pairwise,local_kemenization,unknown,0.0,0.0,True,0.18772879463664874,reconstructible,failure_mining_llm_v3_metrics
fiqa,13,azure+cohere,mixed,failure_mining,debias_position,pairwise,llm_cohere_pairwise,unknown,,,True,0.18772879463664874,reconstructible,failure_mining_llm_v3_metrics
fiqa,13,azure+cohere,mixed,failure_mining,debias_position,pairwise,llm_azure_pairwise,unknown,,,True,0.18772879463664874,reconstructible,failure_mining_llm_v3_metrics
fiqa,14,azure+cohere,mixed,failure_mining,debias_position,pairwise,score_sum,unknown,1.0,0.0,True,0.8746438472810436,reconstructible,failure_mining_llm_v3_metrics
fiqa,14,azure+cohere,mixed,failure_mining,debias_position,pairwise,borda,unknown,1.0,0.0,True,0.8746438472810436,reconstructible,failure_mining_llm_v3_metrics
fiqa,14,azure+cohere,mixed,failure_mining,debias_position,pairwise,pagerank,unknown,1.0,0.0,True,0.8746438472810436,reconstructible,failure_mining_llm_v3_metrics
fiqa,14,azure+cohere,mixed,failure_mining,debias_position,pairwise,rank_centrality,unknown,1.0,0.0,True,0.8746438472810436,reconstructible,failure_mining_llm_v3_metrics
fiqa,14,azure+cohere,mixed,failure_mining,debias_position,pairwise,markov_graph,unknown,1.0,0.0,True,0.8746438472810436,reconstructible,failure_mining_llm_v3_metrics
fiqa,14,azure+cohere,mixed,failure_mining,debias_position,pairwise,markov_graph_repaired,greedy,1.0,0.0,True,0.8746438472810436,reconstructible,failure_mining_llm_v3_metrics
fiqa,14,azure+cohere,mixed,failure_mining,debias_position,pairwise,greedy_fas_topological,greedy,1.0,0.0,True,0.8746438472810436,reconstructible,failure_mining_llm_v3_metrics
fiqa,14,azure+cohere,mixed,failure_mining,debias_position,pairwise,prior_only,unknown,1.0,0.0,True,0.8746438472810436,reconstructible,failure_mining_llm_v3_metrics
fiqa,14,azure+cohere,mixed,failure_mining,debias_position,pairwise,rrf,unknown,1.0,0.0,True,0.8746438472810436,reconstructible,failure_mining_llm_v3_metrics
fiqa,14,azure+cohere,mixed,failure_mining,debias_position,pairwise,combsum,unknown,1.0,0.0,True,0.8746438472810436,reconstructible,failure_mining_llm_v3_metrics
fiqa,14,azure+cohere,mixed,failure_mining,debias_position,pairwise,borda_fuse,unknown,1.0,0.0,True,0.8746438472810436,reconstructible,failure_mining_llm_v3_metrics
fiqa,14,azure+cohere,mixed,failure_mining,debias_position,pairwise,bradley_terry,unknown,1.0,0.0,True,0.8746438472810436,reconstructible,failure_mining_llm_v3_metrics
fiqa,14,azure+cohere,mixed,failure_mining,debias_position,pairwise,local_kemenization,unknown,1.0,0.0,True,0.8746438472810436,reconstructible,failure_mining_llm_v3_metrics
fiqa,14,azure+cohere,mixed,failure_mining,debias_position,pairwise,llm_cohere_pairwise,unknown,,,True,0.8746438472810436,reconstructible,failure_mining_llm_v3_metrics
fiqa,14,azure+cohere,mixed,failure_mining,debias_position,pairwise,llm_azure_pairwise,unknown,,,True,0.8746438472810436,reconstructible,failure_mining_llm_v3_metrics
fiqa,16,azure+cohere,mixed,failure_mining,debias_position,pairwise,score_sum,unknown,0.0,0.0,True,0.5541529059410095,reconstructible,failure_mining_llm_v3_metrics
fiqa,16,azure+cohere,mixed,failure_mining,debias_position,pairwise,borda,unknown,0.0,0.0,True,0.5541529059410095,reconstructible,failure_mining_llm_v3_metrics
fiqa,16,azure+cohere,mixed,failure_mining,debias_position,pairwise,pagerank,unknown,0.0,0.0,True,0.5541529059410095,reconstructible,failure_mining_llm_v3_metrics
fiqa,16,azure+cohere,mixed,failure_mining,debias_position,pairwise,rank_centrality,unknown,0.0,0.0,True,0.5541529059410095,reconstructible,failure_mining_llm_v3_metrics
fiqa,16,azure+cohere,mixed,failure_mining,debias_position,pairwise,markov_graph,unknown,0.0,0.0,True,0.5541529059410095,reconstructible,failure_mining_llm_v3_metrics
fiqa,16,azure+cohere,mixed,failure_mining,debias_position,pairwise,markov_graph_repaired,greedy,0.0,0.0,True,0.5541529059410095,reconstructible,failure_mining_llm_v3_metrics
fiqa,16,azure+cohere,mixed,failure_mining,debias_position,pairwise,greedy_fas_topological,greedy,0.0,0.0,True,0.5541529059410095,reconstructible,failure_mining_llm_v3_metrics
fiqa,16,azure+cohere,mixed,failure_mining,debias_position,pairwise,prior_only,unknown,0.0,0.0,True,0.5541529059410095,reconstructible,failure_mining_llm_v3_metrics
fiqa,16,azure+cohere,mixed,failure_mining,debias_position,pairwise,rrf,unknown,0.0,0.0,True,0.5541529059410095,reconstructible,failure_mining_llm_v3_metrics
fiqa,16,azure+cohere,mixed,failure_mining,debias_position,pairwise,combsum,unknown,0.0,0.0,True,0.5541529059410095,reconstructible,failure_mining_llm_v3_metrics
fiqa,16,azure+cohere,mixed,failure_mining,debias_position,pairwise,borda_fuse,unknown,0.0,0.0,True,0.5541529059410095,reconstructible,failure_mining_llm_v3_metrics
fiqa,16,azure+cohere,mixed,failure_mining,debias_position,pairwise,bradley_terry,unknown,0.0,0.0,True,0.5541529059410095,reconstructible,failure_mining_llm_v3_metrics
fiqa,16,azure+cohere,mixed,failure_mining,debias_position,pairwise,local_kemenization,unknown,0.0,0.0,True,0.5541529059410095,reconstructible,failure_mining_llm_v3_metrics
fiqa,16,azure+cohere,mixed,failure_mining,debias_position,pairwise,llm_cohere_pairwise,unknown,,,True,0.5541529059410095,reconstructible,failure_mining_llm_v3_metrics
fiqa,16,azure+cohere,mixed,failure_mining,debias_position,pairwise,llm_azure_pairwise,unknown,,,True,0.5541529059410095,reconstructible,failure_mining_llm_v3_metrics
fiqa,19,azure+cohere,mixed,failure_mining,debias_position,pairwise,score_sum,unknown,0.0,0.0,False,0.0,reconstructible,failure_mining_llm_v3_metrics
fiqa,19,azure+cohere,mixed,failure_mining,debias_position,pairwise,borda,unknown,0.0,0.0,False,0.0,reconstructible,failure_mining_llm_v3_metrics
fiqa,19,azure+cohere,mixed,failure_mining,debias_position,pairwise,pagerank,unknown,0.0,0.0,False,0.0,reconstructible,failure_mining_llm_v3_metrics
fiqa,19,azure+cohere,mixed,failure_mining,debias_position,pairwise,rank_centrality,unknown,0.0,0.0,False,0.0,reconstructible,failure_mining_llm_v3_metrics
fiqa,19,azure+cohere,mixed,failure_mining,debias_position,pairwise,markov_graph,unknown,0.0,0.0,False,0.0,reconstructible,failure_mining_llm_v3_metrics
fiqa,19,azure+cohere,mixed,failure_mining,debias_position,pairwise,markov_graph_repaired,greedy,0.0,0.0,False,0.0,reconstructible,failure_mining_llm_v3_metrics
fiqa,19,azure+cohere,mixed,failure_mining,debias_position,pairwise,greedy_fas_topological,greedy,0.0,0.0,False,0.0,reconstructible,failure_mining_llm_v3_metrics
fiqa,19,azure+cohere,mixed,failure_mining,debias_position,pairwise,prior_only,unknown,0.0,0.0,False,0.0,reconstructible,failure_mining_llm_v3_metrics
fiqa,19,azure+cohere,mixed,failure_mining,debias_position,pairwise,rrf,unknown,0.0,0.0,False,0.0,reconstructible,failure_mining_llm_v3_metrics
fiqa,19,azure+cohere,mixed,failure_mining,debias_position,pairwise,combsum,unknown,0.0,0.0,False,0.0,reconstructible,failure_mining_llm_v3_metrics
fiqa,19,azure+cohere,mixed,failure_mining,debias_position,pairwise,borda_fuse,unknown,0.0,0.0,False,0.0,reconstructible,failure_mining_llm_v3_metrics
fiqa,19,azure+cohere,mixed,failure_mining,debias_position,pairwise,bradley_terry,unknown,0.0,0.0,False,0.0,reconstructible,failure_mining_llm_v3_metrics
fiqa,19,azure+cohere,mixed,failure_mining,debias_position,pairwise,local_kemenization,unknown,0.0,0.0,False,0.0,reconstructible,failure_mining_llm_v3_metrics
fiqa,19,azure+cohere,mixed,failure_mining,debias_position,pairwise,llm_cohere_pairwise,unknown,,,False,0.0,reconstructible,failure_mining_llm_v3_metrics
fiqa,19,azure+cohere,mixed,failure_mining,debias_position,pairwise,llm_azure_pairwise,unknown,,,False,0.0,reconstructible,failure_mining_llm_v3_metrics
fiqa,20,azure+cohere,mixed,failure_mining,debias_position,pairwise,score_sum,unknown,0.38685280723454163,0.030645620126519446,True,0.37943318310976804,reconstructible,failure_mining_llm_v3_metrics
fiqa,20,azure+cohere,mixed,failure_mining,debias_position,pairwise,borda,unknown,0.31546487678572877,-0.04074231032229342,True,0.37943318310976804,reconstructible,failure_mining_llm_v3_metrics
fiqa,20,azure+cohere,mixed,failure_mining,debias_position,pairwise,pagerank,unknown,0.31546487678572877,-0.04074231032229342,True,0.37943318310976804,reconstructible,failure_mining_llm_v3_metrics
fiqa,20,azure+cohere,mixed,failure_mining,debias_position,pairwise,rank_centrality,unknown,0.31546487678572877,-0.04074231032229342,True,0.37943318310976804,reconstructible,failure_mining_llm_v3_metrics
fiqa,20,azure+cohere,mixed,failure_mining,debias_position,pairwise,markov_graph,unknown,0.3562071871080222,0.0,True,0.37943318310976804,reconstructible,failure_mining_llm_v3_metrics
fiqa,20,azure+cohere,mixed,failure_mining,debias_position,pairwise,markov_graph_repaired,greedy,0.3562071871080222,0.0,True,0.37943318310976804,reconstructible,failure_mining_llm_v3_metrics
fiqa,20,azure+cohere,mixed,failure_mining,debias_position,pairwise,greedy_fas_topological,greedy,0.3562071871080222,0.0,True,0.37943318310976804,reconstructible,failure_mining_llm_v3_metrics
fiqa,20,azure+cohere,mixed,failure_mining,debias_position,pairwise,prior_only,unknown,0.38685280723454163,0.030645620126519446,True,0.37943318310976804,reconstructible,failure_mining_llm_v3_metrics
fiqa,20,azure+cohere,mixed,failure_mining,debias_position,pairwise,rrf,unknown,0.38685280723454163,0.030645620126519446,True,0.37943318310976804,reconstructible,failure_mining_llm_v3_metrics
fiqa,20,azure+cohere,mixed,failure_mining,debias_position,pairwise,combsum,unknown,0.3010299956639812,-0.055177191444040985,True,0.37943318310976804,reconstructible,failure_mining_llm_v3_metrics
fiqa,20,azure+cohere,mixed,failure_mining,debias_position,pairwise,borda_fuse,unknown,0.38685280723454163,0.030645620126519446,True,0.37943318310976804,reconstructible,failure_mining_llm_v3_metrics
fiqa,20,azure+cohere,mixed,failure_mining,debias_position,pairwise,bradley_terry,unknown,0.3562071871080222,0.0,True,0.37943318310976804,reconstructible,failure_mining_llm_v3_metrics
fiqa,20,azure+cohere,mixed,failure_mining,debias_position,pairwise,local_kemenization,unknown,0.3562071871080222,0.0,True,0.37943318310976804,reconstructible,failure_mining_llm_v3_metrics
fiqa,20,azure+cohere,mixed,failure_mining,debias_position,pairwise,llm_cohere_pairwise,unknown,,,True,0.37943318310976804,reconstructible,failure_mining_llm_v3_metrics
fiqa,20,azure+cohere,mixed,failure_mining,debias_position,pairwise,llm_azure_pairwise,unknown,,,True,0.37943318310976804,reconstructible,failure_mining_llm_v3_metrics
fiqa,21,azure+cohere,mixed,failure_mining,debias_position,pairwise,score_sum,unknown,0.0,0.0,True,0.13980900559532863,reconstructible,failure_mining_llm_v3_metrics
fiqa,21,azure+cohere,mixed,failure_mining,debias_position,pairwise,borda,unknown,0.0,0.0,True,0.13980900559532863,reconstructible,failure_mining_llm_v3_metrics
fiqa,21,azure+cohere,mixed,failure_mining,debias_position,pairwise,pagerank,unknown,0.0,0.0,True,0.13980900559532863,reconstructible,failure_mining_llm_v3_metrics
fiqa,21,azure+cohere,mixed,failure_mining,debias_position,pairwise,rank_centrality,unknown,0.0,0.0,True,0.13980900559532863,reconstructible,failure_mining_llm_v3_metrics
fiqa,21,azure+cohere,mixed,failure_mining,debias_position,pairwise,markov_graph,unknown,0.0,0.0,True,0.13980900559532863,reconstructible,failure_mining_llm_v3_metrics
fiqa,21,azure+cohere,mixed,failure_mining,debias_position,pairwise,markov_graph_repaired,greedy,0.0,0.0,True,0.13980900559532863,reconstructible,failure_mining_llm_v3_metrics
fiqa,21,azure+cohere,mixed,failure_mining,debias_position,pairwise,greedy_fas_topological,greedy,0.0,0.0,True,0.13980900559532863,reconstructible,failure_mining_llm_v3_metrics
fiqa,21,azure+cohere,mixed,failure_mining,debias_position,pairwise,prior_only,unknown,0.0,0.0,True,0.13980900559532863,reconstructible,failure_mining_llm_v3_metrics
fiqa,21,azure+cohere,mixed,failure_mining,debias_position,pairwise,rrf,unknown,0.0,0.0,True,0.13980900559532863,reconstructible,failure_mining_llm_v3_metrics
fiqa,21,azure+cohere,mixed,failure_mining,debias_position,pairwise,combsum,unknown,0.0,0.0,True,0.13980900559532863,reconstructible,failure_mining_llm_v3_metrics
fiqa,21,azure+cohere,mixed,failure_mining,debias_position,pairwise,borda_fuse,unknown,0.0,0.0,True,0.13980900559532863,reconstructible,failure_mining_llm_v3_metrics
fiqa,21,azure+cohere,mixed,failure_mining,debias_position,pairwise,bradley_terry,unknown,0.0,0.0,True,0.13980900559532863,reconstructible,failure_mining_llm_v3_metrics
fiqa,21,azure+cohere,mixed,failure_mining,debias_position,pairwise,local_kemenization,unknown,0.0,0.0,True,0.13980900559532863,reconstructible,failure_mining_llm_v3_metrics
fiqa,21,azure+cohere,mixed,failure_mining,debias_position,pairwise,llm_cohere_pairwise,unknown,,,True,0.13980900559532863,reconstructible,failure_mining_llm_v3_metrics
fiqa,21,azure+cohere,mixed,failure_mining,debias_position,pairwise,llm_azure_pairwise,unknown,,,True,0.13980900559532863,reconstructible,failure_mining_llm_v3_metrics
fiqa,23,azure+cohere,mixed,failure_mining,debias_position,pairwise,score_sum,unknown,0.0,0.0,True,0.6147033129564661,reconstructible,failure_mining_llm_v3_metrics
fiqa,23,azure+cohere,mixed,failure_mining,debias_position,pairwise,borda,unknown,0.0,0.0,True,0.6147033129564661,reconstructible,failure_mining_llm_v3_metrics
fiqa,23,azure+cohere,mixed,failure_mining,debias_position,pairwise,pagerank,unknown,0.0,0.0,True,0.6147033129564661,reconstructible,failure_mining_llm_v3_metrics
fiqa,23,azure+cohere,mixed,failure_mining,debias_position,pairwise,rank_centrality,unknown,0.0,0.0,True,0.6147033129564661,reconstructible,failure_mining_llm_v3_metrics
fiqa,23,azure+cohere,mixed,failure_mining,debias_position,pairwise,markov_graph,unknown,0.0,0.0,True,0.6147033129564661,reconstructible,failure_mining_llm_v3_metrics
fiqa,23,azure+cohere,mixed,failure_mining,debias_position,pairwise,markov_graph_repaired,greedy,0.0,0.0,True,0.6147033129564661,reconstructible,failure_mining_llm_v3_metrics
fiqa,23,azure+cohere,mixed,failure_mining,debias_position,pairwise,greedy_fas_topological,greedy,0.0,0.0,True,0.6147033129564661,reconstructible,failure_mining_llm_v3_metrics
fiqa,23,azure+cohere,mixed,failure_mining,debias_position,pairwise,prior_only,unknown,0.0,0.0,True,0.6147033129564661,reconstructible,failure_mining_llm_v3_metrics
fiqa,23,azure+cohere,mixed,failure_mining,debias_position,pairwise,rrf,unknown,0.0,0.0,True,0.6147033129564661,reconstructible,failure_mining_llm_v3_metrics
fiqa,23,azure+cohere,mixed,failure_mining,debias_position,pairwise,combsum,unknown,0.0,0.0,True,0.6147033129564661,reconstructible,failure_mining_llm_v3_metrics
fiqa,23,azure+cohere,mixed,failure_mining,debias_position,pairwise,borda_fuse,unknown,0.0,0.0,True,0.6147033129564661,reconstructible,failure_mining_llm_v3_metrics
fiqa,23,azure+cohere,mixed,failure_mining,debias_position,pairwise,bradley_terry,unknown,0.0,0.0,True,0.6147033129564661,reconstructible,failure_mining_llm_v3_metrics
fiqa,23,azure+cohere,mixed,failure_mining,debias_position,pairwise,local_kemenization,unknown,0.0,0.0,True,0.6147033129564661,reconstructible,failure_mining_llm_v3_metrics
fiqa,23,azure+cohere,mixed,failure_mining,debias_position,pairwise,llm_cohere_pairwise,unknown,,,True,0.6147033129564661,reconstructible,failure_mining_llm_v3_metrics
fiqa,23,azure+cohere,mixed,failure_mining,debias_position,pairwise,llm_azure_pairwise,unknown,,,True,0.6147033129564661,reconstructible,failure_mining_llm_v3_metrics
fiqa,25,azure+cohere,mixed,failure_mining,debias_position,pairwise,score_sum,unknown,0.3010299956639812,0.0,True,0.5739756824058047,reconstructible,failure_mining_llm_v3_metrics
fiqa,25,azure+cohere,mixed,failure_mining,debias_position,pairwise,borda,unknown,0.3010299956639812,0.0,True,0.5739756824058047,reconstructible,failure_mining_llm_v3_metrics
fiqa,25,azure+cohere,mixed,failure_mining,debias_position,pairwise,pagerank,unknown,0.31546487678572877,0.014434881121747567,True,0.5739756824058047,reconstructible,failure_mining_llm_v3_metrics
fiqa,25,azure+cohere,mixed,failure_mining,debias_position,pairwise,rank_centrality,unknown,0.31546487678572877,0.014434881121747567,True,0.5739756824058047,reconstructible,failure_mining_llm_v3_metrics
fiqa,25,azure+cohere,mixed,failure_mining,debias_position,pairwise,markov_graph,unknown,0.3010299956639812,0.0,True,0.5739756824058047,reconstructible,failure_mining_llm_v3_metrics
fiqa,25,azure+cohere,mixed,failure_mining,debias_position,pairwise,markov_graph_repaired,greedy,0.3010299956639812,0.0,True,0.5739756824058047,reconstructible,failure_mining_llm_v3_metrics
fiqa,25,azure+cohere,mixed,failure_mining,debias_position,pairwise,greedy_fas_topological,greedy,0.3010299956639812,0.0,True,0.5739756824058047,reconstructible,failure_mining_llm_v3_metrics
fiqa,25,azure+cohere,mixed,failure_mining,debias_position,pairwise,prior_only,unknown,0.2890648263178879,-0.011965169346093318,True,0.5739756824058047,reconstructible,failure_mining_llm_v3_metrics
fiqa,25,azure+cohere,mixed,failure_mining,debias_position,pairwise,rrf,unknown,0.2890648263178879,-0.011965169346093318,True,0.5739756824058047,reconstructible,failure_mining_llm_v3_metrics
fiqa,25,azure+cohere,mixed,failure_mining,debias_position,pairwise,combsum,unknown,0.3010299956639812,0.0,True,0.5739756824058047,reconstructible,failure_mining_llm_v3_metrics
fiqa,25,azure+cohere,mixed,failure_mining,debias_position,pairwise,borda_fuse,unknown,0.3010299956639812,0.0,True,0.5739756824058047,reconstructible,failure_mining_llm_v3_metrics
fiqa,25,azure+cohere,mixed,failure_mining,debias_position,pairwise,bradley_terry,unknown,0.3010299956639812,0.0,True,0.5739756824058047,reconstructible,failure_mining_llm_v3_metrics
fiqa,25,azure+cohere,mixed,failure_mining,debias_position,pairwise,local_kemenization,unknown,0.3010299956639812,0.0,True,0.5739756824058047,reconstructible,failure_mining_llm_v3_metrics
fiqa,25,azure+cohere,mixed,failure_mining,debias_position,pairwise,llm_cohere_pairwise,unknown,,,True,0.5739756824058047,reconstructible,failure_mining_llm_v3_metrics
fiqa,25,azure+cohere,mixed,failure_mining,debias_position,pairwise,llm_azure_pairwise,unknown,,,True,0.5739756824058047,reconstructible,failure_mining_llm_v3_metrics
fiqa,27,azure+cohere,mixed,failure_mining,debias_position,pairwise,score_sum,unknown,0.0,0.0,False,0.0,reconstructible,failure_mining_llm_v3_metrics
fiqa,27,azure+cohere,mixed,failure_mining,debias_position,pairwise,borda,unknown,0.0,0.0,False,0.0,reconstructible,failure_mining_llm_v3_metrics
fiqa,27,azure+cohere,mixed,failure_mining,debias_position,pairwise,pagerank,unknown,0.0,0.0,False,0.0,reconstructible,failure_mining_llm_v3_metrics
fiqa,27,azure+cohere,mixed,failure_mining,debias_position,pairwise,rank_centrality,unknown,0.0,0.0,False,0.0,reconstructible,failure_mining_llm_v3_metrics
fiqa,27,azure+cohere,mixed,failure_mining,debias_position,pairwise,markov_graph,unknown,0.0,0.0,False,0.0,reconstructible,failure_mining_llm_v3_metrics
fiqa,27,azure+cohere,mixed,failure_mining,debias_position,pairwise,markov_graph_repaired,greedy,0.0,0.0,False,0.0,reconstructible,failure_mining_llm_v3_metrics
fiqa,27,azure+cohere,mixed,failure_mining,debias_position,pairwise,greedy_fas_topological,greedy,0.0,0.0,False,0.0,reconstructible,failure_mining_llm_v3_metrics
fiqa,27,azure+cohere,mixed,failure_mining,debias_position,pairwise,prior_only,unknown,0.0,0.0,False,0.0,reconstructible,failure_mining_llm_v3_metrics
fiqa,27,azure+cohere,mixed,failure_mining,debias_position,pairwise,rrf,unknown,0.0,0.0,False,0.0,reconstructible,failure_mining_llm_v3_metrics
fiqa,27,azure+cohere,mixed,failure_mining,debias_position,pairwise,combsum,unknown,0.0,0.0,False,0.0,reconstructible,failure_mining_llm_v3_metrics
fiqa,27,azure+cohere,mixed,failure_mining,debias_position,pairwise,borda_fuse,unknown,0.0,0.0,False,0.0,reconstructible,failure_mining_llm_v3_metrics
fiqa,27,azure+cohere,mixed,failure_mining,debias_position,pairwise,bradley_terry,unknown,0.0,0.0,False,0.0,reconstructible,failure_mining_llm_v3_metrics
fiqa,27,azure+cohere,mixed,failure_mining,debias_position,pairwise,local_kemenization,unknown,0.0,0.0,False,0.0,reconstructible,failure_mining_llm_v3_metrics
fiqa,27,azure+cohere,mixed,failure_mining,debias_position,pairwise,llm_cohere_pairwise,unknown,,,False,0.0,reconstructible,failure_mining_llm_v3_metrics
fiqa,27,azure+cohere,mixed,failure_mining,debias_position,pairwise,llm_azure_pairwise,unknown,,,False,0.0,reconstructible,failure_mining_llm_v3_metrics
fiqa,28,azure+cohere,mixed,failure_mining,debias_position,pairwise,score_sum,unknown,0.0,0.0,False,0.0,reconstructible,failure_mining_llm_v3_metrics
fiqa,28,azure+cohere,mixed,failure_mining,debias_position,pairwise,borda,unknown,0.0,0.0,False,0.0,reconstructible,failure_mining_llm_v3_metrics
fiqa,28,azure+cohere,mixed,failure_mining,debias_position,pairwise,pagerank,unknown,0.0,0.0,False,0.0,reconstructible,failure_mining_llm_v3_metrics
fiqa,28,azure+cohere,mixed,failure_mining,debias_position,pairwise,rank_centrality,unknown,0.0,0.0,False,0.0,reconstructible,failure_mining_llm_v3_metrics
fiqa,28,azure+cohere,mixed,failure_mining,debias_position,pairwise,markov_graph,unknown,0.0,0.0,False,0.0,reconstructible,failure_mining_llm_v3_metrics
fiqa,28,azure+cohere,mixed,failure_mining,debias_position,pairwise,markov_graph_repaired,greedy,0.0,0.0,False,0.0,reconstructible,failure_mining_llm_v3_metrics
fiqa,28,azure+cohere,mixed,failure_mining,debias_position,pairwise,greedy_fas_topological,greedy,0.0,0.0,False,0.0,reconstructible,failure_mining_llm_v3_metrics
fiqa,28,azure+cohere,mixed,failure_mining,debias_position,pairwise,prior_only,unknown,0.0,0.0,False,0.0,reconstructible,failure_mining_llm_v3_metrics
fiqa,28,azure+cohere,mixed,failure_mining,debias_position,pairwise,rrf,unknown,0.0,0.0,False,0.0,reconstructible,failure_mining_llm_v3_metrics
fiqa,28,azure+cohere,mixed,failure_mining,debias_position,pairwise,combsum,unknown,0.0,0.0,False,0.0,reconstructible,failure_mining_llm_v3_metrics
fiqa,28,azure+cohere,mixed,failure_mining,debias_position,pairwise,borda_fuse,unknown,0.0,0.0,False,0.0,reconstructible,failure_mining_llm_v3_metrics
fiqa,28,azure+cohere,mixed,failure_mining,debias_position,pairwise,bradley_terry,unknown,0.0,0.0,False,0.0,reconstructible,failure_mining_llm_v3_metrics
fiqa,28,azure+cohere,mixed,failure_mining,debias_position,pairwise,local_kemenization,unknown,0.0,0.0,False,0.0,reconstructible,failure_mining_llm_v3_metrics
fiqa,28,azure+cohere,mixed,failure_mining,debias_position,pairwise,llm_cohere_pairwise,unknown,,,False,0.0,reconstructible,failure_mining_llm_v3_metrics
fiqa,28,azure+cohere,mixed,failure_mining,debias_position,pairwise,llm_azure_pairwise,unknown,,,False,0.0,reconstructible,failure_mining_llm_v3_metrics
fiqa,30,azure+cohere,mixed,failure_mining,debias_position,pairwise,score_sum,unknown,0.3010299956639812,0.011965169346093318,True,0.7588990893224745,reconstructible,failure_mining_llm_v3_metrics
fiqa,30,azure+cohere,mixed,failure_mining,debias_position,pairwise,borda,unknown,0.31546487678572877,0.026400050467840885,True,0.7588990893224745,reconstructible,failure_mining_llm_v3_metrics
fiqa,30,azure+cohere,mixed,failure_mining,debias_position,pairwise,pagerank,unknown,0.3010299956639812,0.011965169346093318,True,0.7588990893224745,reconstructible,failure_mining_llm_v3_metrics
fiqa,30,azure+cohere,mixed,failure_mining,debias_position,pairwise,rank_centrality,unknown,0.3010299956639812,0.011965169346093318,True,0.7588990893224745,reconstructible,failure_mining_llm_v3_metrics
fiqa,30,azure+cohere,mixed,failure_mining,debias_position,pairwise,markov_graph,unknown,0.2890648263178879,0.0,True,0.7588990893224745,reconstructible,failure_mining_llm_v3_metrics
fiqa,30,azure+cohere,mixed,failure_mining,debias_position,pairwise,markov_graph_repaired,greedy,0.2890648263178879,0.0,True,0.7588990893224745,reconstructible,failure_mining_llm_v3_metrics
fiqa,30,azure+cohere,mixed,failure_mining,debias_position,pairwise,greedy_fas_topological,greedy,0.2890648263178879,0.0,True,0.7588990893224745,reconstructible,failure_mining_llm_v3_metrics
fiqa,30,azure+cohere,mixed,failure_mining,debias_position,pairwise,prior_only,unknown,0.6309297535714575,0.34186492725356965,True,0.7588990893224745,reconstructible,failure_mining_llm_v3_metrics
fiqa,30,azure+cohere,mixed,failure_mining,debias_position,pairwise,rrf,unknown,1.0,0.7109351736821121,True,0.7588990893224745,reconstructible,failure_mining_llm_v3_metrics
fiqa,30,azure+cohere,mixed,failure_mining,debias_position,pairwise,combsum,unknown,0.6309297535714575,0.34186492725356965,True,0.7588990893224745,reconstructible,failure_mining_llm_v3_metrics
fiqa,30,azure+cohere,mixed,failure_mining,debias_position,pairwise,borda_fuse,unknown,1.0,0.7109351736821121,True,0.7588990893224745,reconstructible,failure_mining_llm_v3_metrics
fiqa,30,azure+cohere,mixed,failure_mining,debias_position,pairwise,bradley_terry,unknown,0.3010299956639812,0.011965169346093318,True,0.7588990893224745,reconstructible,failure_mining_llm_v3_metrics
fiqa,30,azure+cohere,mixed,failure_mining,debias_position,pairwise,local_kemenization,unknown,0.31546487678572877,0.026400050467840885,True,0.7588990893224745,reconstructible,failure_mining_llm_v3_metrics
fiqa,30,azure+cohere,mixed,failure_mining,debias_position,pairwise,llm_cohere_pairwise,unknown,,,True,0.7588990893224745,reconstructible,failure_mining_llm_v3_metrics
fiqa,30,azure+cohere,mixed,failure_mining,debias_position,pairwise,llm_azure_pairwise,unknown,,,True,0.7588990893224745,reconstructible,failure_mining_llm_v3_metrics
fiqa,31,azure+cohere,mixed,failure_mining,debias_position,pairwise,score_sum,unknown,0.0,0.0,False,0.0,reconstructible,failure_mining_llm_v3_metrics
fiqa,31,azure+cohere,mixed,failure_mining,debias_position,pairwise,borda,unknown,0.0,0.0,False,0.0,reconstructible,failure_mining_llm_v3_metrics
fiqa,31,azure+cohere,mixed,failure_mining,debias_position,pairwise,pagerank,unknown,0.0,0.0,False,0.0,reconstructible,failure_mining_llm_v3_metrics
fiqa,31,azure+cohere,mixed,failure_mining,debias_position,pairwise,rank_centrality,unknown,0.0,0.0,False,0.0,reconstructible,failure_mining_llm_v3_metrics
fiqa,31,azure+cohere,mixed,failure_mining,debias_position,pairwise,markov_graph,unknown,0.0,0.0,False,0.0,reconstructible,failure_mining_llm_v3_metrics
fiqa,31,azure+cohere,mixed,failure_mining,debias_position,pairwise,markov_graph_repaired,greedy,0.0,0.0,False,0.0,reconstructible,failure_mining_llm_v3_metrics
fiqa,31,azure+cohere,mixed,failure_mining,debias_position,pairwise,greedy_fas_topological,greedy,0.0,0.0,False,0.0,reconstructible,failure_mining_llm_v3_metrics
fiqa,31,azure+cohere,mixed,failure_mining,debias_position,pairwise,prior_only,unknown,0.0,0.0,False,0.0,reconstructible,failure_mining_llm_v3_metrics
fiqa,31,azure+cohere,mixed,failure_mining,debias_position,pairwise,rrf,unknown,0.0,0.0,False,0.0,reconstructible,failure_mining_llm_v3_metrics
fiqa,31,azure+cohere,mixed,failure_mining,debias_position,pairwise,combsum,unknown,0.0,0.0,False,0.0,reconstructible,failure_mining_llm_v3_metrics
fiqa,31,azure+cohere,mixed,failure_mining,debias_position,pairwise,borda_fuse,unknown,0.0,0.0,False,0.0,reconstructible,failure_mining_llm_v3_metrics
fiqa,31,azure+cohere,mixed,failure_mining,debias_position,pairwise,bradley_terry,unknown,0.0,0.0,False,0.0,reconstructible,failure_mining_llm_v3_metrics
fiqa,31,azure+cohere,mixed,failure_mining,debias_position,pairwise,local_kemenization,unknown,0.0,0.0,False,0.0,reconstructible,failure_mining_llm_v3_metrics
fiqa,31,azure+cohere,mixed,failure_mining,debias_position,pairwise,llm_cohere_pairwise,unknown,,,False,0.0,reconstructible,failure_mining_llm_v3_metrics
fiqa,31,azure+cohere,mixed,failure_mining,debias_position,pairwise,llm_azure_pairwise,unknown,,,False,0.0,reconstructible,failure_mining_llm_v3_metrics
fiqa,32,azure+cohere,mixed,failure_mining,debias_position,pairwise,score_sum,unknown,0.36181498356361597,0.0,True,1.039589762687683,reconstructible,failure_mining_llm_v3_metrics
fiqa,32,azure+cohere,mixed,failure_mining,debias_position,pairwise,borda,unknown,0.39564672360221187,0.0338317400385959,True,1.039589762687683,reconstructible,failure_mining_llm_v3_metrics
fiqa,32,azure+cohere,mixed,failure_mining,debias_position,pairwise,pagerank,unknown,0.3706656904013186,0.008850706837702615,True,1.039589762687683,reconstructible,failure_mining_llm_v3_metrics
fiqa,32,azure+cohere,mixed,failure_mining,debias_position,pairwise,rank_centrality,unknown,0.41183384043543503,0.05001885687181906,True,1.039589762687683,reconstructible,failure_mining_llm_v3_metrics
fiqa,32,azure+cohere,mixed,failure_mining,debias_position,pairwise,markov_graph,unknown,0.36181498356361597,0.0,True,1.039589762687683,reconstructible,failure_mining_llm_v3_metrics
fiqa,32,azure+cohere,mixed,failure_mining,debias_position,pairwise,markov_graph_repaired,greedy,0.36181498356361597,0.0,True,1.039589762687683,reconstructible,failure_mining_llm_v3_metrics
fiqa,32,azure+cohere,mixed,failure_mining,debias_position,pairwise,greedy_fas_topological,greedy,0.36181498356361597,0.0,True,1.039589762687683,reconstructible,failure_mining_llm_v3_metrics
fiqa,32,azure+cohere,mixed,failure_mining,debias_position,pairwise,prior_only,unknown,0.3889580943680543,0.02714311080443832,True,1.039589762687683,reconstructible,failure_mining_llm_v3_metrics
fiqa,32,azure+cohere,mixed,failure_mining,debias_position,pairwise,rrf,unknown,0.38162168437253385,0.019806700808917888,True,1.039589762687683,reconstructible,failure_mining_llm_v3_metrics
fiqa,32,azure+cohere,mixed,failure_mining,debias_position,pairwise,combsum,unknown,0.39564672360221187,0.0338317400385959,True,1.039589762687683,reconstructible,failure_mining_llm_v3_metrics
fiqa,32,azure+cohere,mixed,failure_mining,debias_position,pairwise,borda_fuse,unknown,0.38162168437253385,0.019806700808917888,True,1.039589762687683,reconstructible,failure_mining_llm_v3_metrics
fiqa,32,azure+cohere,mixed,failure_mining,debias_position,pairwise,bradley_terry,unknown,0.36181498356361597,0.0,True,1.039589762687683,reconstructible,failure_mining_llm_v3_metrics
fiqa,32,azure+cohere,mixed,failure_mining,debias_position,pairwise,local_kemenization,unknown,0.36181498356361597,0.0,True,1.039589762687683,reconstructible,failure_mining_llm_v3_metrics
fiqa,32,azure+cohere,mixed,failure_mining,debias_position,pairwise,llm_cohere_pairwise,unknown,,,True,1.039589762687683,reconstructible,failure_mining_llm_v3_metrics
fiqa,32,azure+cohere,mixed,failure_mining,debias_position,pairwise,llm_azure_pairwise,unknown,,,True,1.039589762687683,reconstructible,failure_mining_llm_v3_metrics
fiqa,33,azure+cohere,mixed,failure_mining,debias_position,pairwise,score_sum,unknown,1.0,0.0,True,0.5489149018480652,reconstructible,failure_mining_llm_v3_metrics
fiqa,33,azure+cohere,mixed,failure_mining,debias_position,pairwise,borda,unknown,1.0,0.0,True,0.5489149018480652,reconstructible,failure_mining_llm_v3_metrics
fiqa,33,azure+cohere,mixed,failure_mining,debias_position,pairwise,pagerank,unknown,1.0,0.0,True,0.5489149018480652,reconstructible,failure_mining_llm_v3_metrics
fiqa,33,azure+cohere,mixed,failure_mining,debias_position,pairwise,rank_centrality,unknown,1.0,0.0,True,0.5489149018480652,reconstructible,failure_mining_llm_v3_metrics
fiqa,33,azure+cohere,mixed,failure_mining,debias_position,pairwise,markov_graph,unknown,1.0,0.0,True,0.5489149018480652,reconstructible,failure_mining_llm_v3_metrics
fiqa,33,azure+cohere,mixed,failure_mining,debias_position,pairwise,markov_graph_repaired,greedy,1.0,0.0,True,0.5489149018480652,reconstructible,failure_mining_llm_v3_metrics
fiqa,33,azure+cohere,mixed,failure_mining,debias_position,pairwise,greedy_fas_topological,greedy,1.0,0.0,True,0.5489149018480652,reconstructible,failure_mining_llm_v3_metrics
fiqa,33,azure+cohere,mixed,failure_mining,debias_position,pairwise,prior_only,unknown,1.0,0.0,True,0.5489149018480652,reconstructible,failure_mining_llm_v3_metrics
fiqa,33,azure+cohere,mixed,failure_mining,debias_position,pairwise,rrf,unknown,1.0,0.0,True,0.5489149018480652,reconstructible,failure_mining_llm_v3_metrics
fiqa,33,azure+cohere,mixed,failure_mining,debias_position,pairwise,combsum,unknown,1.0,0.0,True,0.5489149018480652,reconstructible,failure_mining_llm_v3_metrics
fiqa,33,azure+cohere,mixed,failure_mining,debias_position,pairwise,borda_fuse,unknown,1.0,0.0,True,0.5489149018480652,reconstructible,failure_mining_llm_v3_metrics
fiqa,33,azure+cohere,mixed,failure_mining,debias_position,pairwise,bradley_terry,unknown,1.0,0.0,True,0.5489149018480652,reconstructible,failure_mining_llm_v3_metrics
fiqa,33,azure+cohere,mixed,failure_mining,debias_position,pairwise,local_kemenization,unknown,1.0,0.0,True,0.5489149018480652,reconstructible,failure_mining_llm_v3_metrics
fiqa,33,azure+cohere,mixed,failure_mining,debias_position,pairwise,llm_cohere_pairwise,unknown,,,True,0.5489149018480652,reconstructible,failure_mining_llm_v3_metrics
fiqa,33,azure+cohere,mixed,failure_mining,debias_position,pairwise,llm_azure_pairwise,unknown,,,True,0.5489149018480652,reconstructible,failure_mining_llm_v3_metrics
fiqa,35,azure+cohere,mixed,failure_mining,debias_position,pairwise,score_sum,unknown,0.0,0.0,True,0.4872389032504657,reconstructible,failure_mining_llm_v3_metrics
fiqa,35,azure+cohere,mixed,failure_mining,debias_position,pairwise,borda,unknown,0.0,0.0,True,0.4872389032504657,reconstructible,failure_mining_llm_v3_metrics
fiqa,35,azure+cohere,mixed,failure_mining,debias_position,pairwise,pagerank,unknown,0.0,0.0,True,0.4872389032504657,reconstructible,failure_mining_llm_v3_metrics
fiqa,35,azure+cohere,mixed,failure_mining,debias_position,pairwise,rank_centrality,unknown,0.0,0.0,True,0.4872389032504657,reconstructible,failure_mining_llm_v3_metrics
fiqa,35,azure+cohere,mixed,failure_mining,debias_position,pairwise,markov_graph,unknown,0.0,0.0,True,0.4872389032504657,reconstructible,failure_mining_llm_v3_metrics
fiqa,35,azure+cohere,mixed,failure_mining,debias_position,pairwise,markov_graph_repaired,greedy,0.0,0.0,True,0.4872389032504657,reconstructible,failure_mining_llm_v3_metrics
fiqa,35,azure+cohere,mixed,failure_mining,debias_position,pairwise,greedy_fas_topological,greedy,0.0,0.0,True,0.4872389032504657,reconstructible,failure_mining_llm_v3_metrics
fiqa,35,azure+cohere,mixed,failure_mining,debias_position,pairwise,prior_only,unknown,0.0,0.0,True,0.4872389032504657,reconstructible,failure_mining_llm_v3_metrics
fiqa,35,azure+cohere,mixed,failure_mining,debias_position,pairwise,rrf,unknown,0.0,0.0,True,0.4872389032504657,reconstructible,failure_mining_llm_v3_metrics
fiqa,35,azure+cohere,mixed,failure_mining,debias_position,pairwise,combsum,unknown,0.0,0.0,True,0.4872389032504657,reconstructible,failure_mining_llm_v3_metrics
fiqa,35,azure+cohere,mixed,failure_mining,debias_position,pairwise,borda_fuse,unknown,0.0,0.0,True,0.4872389032504657,reconstructible,failure_mining_llm_v3_metrics
fiqa,35,azure+cohere,mixed,failure_mining,debias_position,pairwise,bradley_terry,unknown,0.0,0.0,True,0.4872389032504657,reconstructible,failure_mining_llm_v3_metrics
fiqa,35,azure+cohere,mixed,failure_mining,debias_position,pairwise,local_kemenization,unknown,0.0,0.0,True,0.4872389032504657,reconstructible,failure_mining_llm_v3_metrics
fiqa,35,azure+cohere,mixed,failure_mining,debias_position,pairwise,llm_cohere_pairwise,unknown,,,True,0.4872389032504657,reconstructible,failure_mining_llm_v3_metrics
fiqa,35,azure+cohere,mixed,failure_mining,debias_position,pairwise,llm_azure_pairwise,unknown,,,True,0.4872389032504657,reconstructible,failure_mining_llm_v3_metrics
fiqa,36,azure+cohere,mixed,failure_mining,debias_position,pairwise,score_sum,unknown,0.0,0.0,True,0.1668240349134809,reconstructible,failure_mining_llm_v3_metrics
fiqa,36,azure+cohere,mixed,failure_mining,debias_position,pairwise,borda,unknown,0.0,0.0,True,0.1668240349134809,reconstructible,failure_mining_llm_v3_metrics
fiqa,36,azure+cohere,mixed,failure_mining,debias_position,pairwise,pagerank,unknown,0.0,0.0,True,0.1668240349134809,reconstructible,failure_mining_llm_v3_metrics
fiqa,36,azure+cohere,mixed,failure_mining,debias_position,pairwise,rank_centrality,unknown,0.0,0.0,True,0.1668240349134809,reconstructible,failure_mining_llm_v3_metrics
fiqa,36,azure+cohere,mixed,failure_mining,debias_position,pairwise,markov_graph,unknown,0.0,0.0,True,0.1668240349134809,reconstructible,failure_mining_llm_v3_metrics
fiqa,36,azure+cohere,mixed,failure_mining,debias_position,pairwise,markov_graph_repaired,greedy,0.0,0.0,True,0.1668240349134809,reconstructible,failure_mining_llm_v3_metrics
fiqa,36,azure+cohere,mixed,failure_mining,debias_position,pairwise,greedy_fas_topological,greedy,0.0,0.0,True,0.1668240349134809,reconstructible,failure_mining_llm_v3_metrics
fiqa,36,azure+cohere,mixed,failure_mining,debias_position,pairwise,prior_only,unknown,0.0,0.0,True,0.1668240349134809,reconstructible,failure_mining_llm_v3_metrics
fiqa,36,azure+cohere,mixed,failure_mining,debias_position,pairwise,rrf,unknown,0.0,0.0,True,0.1668240349134809,reconstructible,failure_mining_llm_v3_metrics
fiqa,36,azure+cohere,mixed,failure_mining,debias_position,pairwise,combsum,unknown,0.0,0.0,True,0.1668240349134809,reconstructible,failure_mining_llm_v3_metrics
fiqa,36,azure+cohere,mixed,failure_mining,debias_position,pairwise,borda_fuse,unknown,0.0,0.0,True,0.1668240349134809,reconstructible,failure_mining_llm_v3_metrics
fiqa,36,azure+cohere,mixed,failure_mining,debias_position,pairwise,bradley_terry,unknown,0.0,0.0,True,0.1668240349134809,reconstructible,failure_mining_llm_v3_metrics
fiqa,36,azure+cohere,mixed,failure_mining,debias_position,pairwise,local_kemenization,unknown,0.0,0.0,True,0.1668240349134809,reconstructible,failure_mining_llm_v3_metrics
fiqa,36,azure+cohere,mixed,failure_mining,debias_position,pairwise,llm_cohere_pairwise,unknown,,,True,0.1668240349134809,reconstructible,failure_mining_llm_v3_metrics
fiqa,36,azure+cohere,mixed,failure_mining,debias_position,pairwise,llm_azure_pairwise,unknown,,,True,0.1668240349134809,reconstructible,failure_mining_llm_v3_metrics
fiqa,37,azure+cohere,mixed,failure_mining,debias_position,pairwise,score_sum,unknown,0.0,0.0,True,0.2995436136355383,reconstructible,failure_mining_llm_v3_metrics
fiqa,37,azure+cohere,mixed,failure_mining,debias_position,pairwise,borda,unknown,0.0,0.0,True,0.2995436136355383,reconstructible,failure_mining_llm_v3_metrics
fiqa,37,azure+cohere,mixed,failure_mining,debias_position,pairwise,pagerank,unknown,0.0,0.0,True,0.2995436136355383,reconstructible,failure_mining_llm_v3_metrics
fiqa,37,azure+cohere,mixed,failure_mining,debias_position,pairwise,rank_centrality,unknown,0.0,0.0,True,0.2995436136355383,reconstructible,failure_mining_llm_v3_metrics
fiqa,37,azure+cohere,mixed,failure_mining,debias_position,pairwise,markov_graph,unknown,0.0,0.0,True,0.2995436136355383,reconstructible,failure_mining_llm_v3_metrics
fiqa,37,azure+cohere,mixed,failure_mining,debias_position,pairwise,markov_graph_repaired,greedy,0.0,0.0,True,0.2995436136355383,reconstructible,failure_mining_llm_v3_metrics
fiqa,37,azure+cohere,mixed,failure_mining,debias_position,pairwise,greedy_fas_topological,greedy,0.0,0.0,True,0.2995436136355383,reconstructible,failure_mining_llm_v3_metrics
fiqa,37,azure+cohere,mixed,failure_mining,debias_position,pairwise,prior_only,unknown,0.0,0.0,True,0.2995436136355383,reconstructible,failure_mining_llm_v3_metrics
fiqa,37,azure+cohere,mixed,failure_mining,debias_position,pairwise,rrf,unknown,0.0,0.0,True,0.2995436136355383,reconstructible,failure_mining_llm_v3_metrics
fiqa,37,azure+cohere,mixed,failure_mining,debias_position,pairwise,combsum,unknown,0.0,0.0,True,0.2995436136355383,reconstructible,failure_mining_llm_v3_metrics
fiqa,37,azure+cohere,mixed,failure_mining,debias_position,pairwise,borda_fuse,unknown,0.0,0.0,True,0.2995436136355383,reconstructible,failure_mining_llm_v3_metrics
fiqa,37,azure+cohere,mixed,failure_mining,debias_position,pairwise,bradley_terry,unknown,0.0,0.0,True,0.2995436136355383,reconstructible,failure_mining_llm_v3_metrics
fiqa,37,azure+cohere,mixed,failure_mining,debias_position,pairwise,local_kemenization,unknown,0.0,0.0,True,0.2995436136355383,reconstructible,failure_mining_llm_v3_metrics
fiqa,37,azure+cohere,mixed,failure_mining,debias_position,pairwise,llm_cohere_pairwise,unknown,,,True,0.2995436136355383,reconstructible,failure_mining_llm_v3_metrics
fiqa,37,azure+cohere,mixed,failure_mining,debias_position,pairwise,llm_azure_pairwise,unknown,,,True,0.2995436136355383,reconstructible,failure_mining_llm_v3_metrics
fiqa,0,azure+cohere,mixed,failure_mining,debias_position,pairwise,score_sum,unknown,0.0,0.0,False,0.0,reconstructible,failure_mining_llm_v3_metrics
fiqa,0,azure+cohere,mixed,failure_mining,debias_position,pairwise,borda,unknown,0.0,0.0,False,0.0,reconstructible,failure_mining_llm_v3_metrics
fiqa,0,azure+cohere,mixed,failure_mining,debias_position,pairwise,pagerank,unknown,0.0,0.0,False,0.0,reconstructible,failure_mining_llm_v3_metrics
fiqa,0,azure+cohere,mixed,failure_mining,debias_position,pairwise,rank_centrality,unknown,0.0,0.0,False,0.0,reconstructible,failure_mining_llm_v3_metrics
fiqa,0,azure+cohere,mixed,failure_mining,debias_position,pairwise,markov_graph,unknown,0.0,0.0,False,0.0,reconstructible,failure_mining_llm_v3_metrics
fiqa,0,azure+cohere,mixed,failure_mining,debias_position,pairwise,markov_graph_repaired,greedy,0.0,0.0,False,0.0,reconstructible,failure_mining_llm_v3_metrics
fiqa,0,azure+cohere,mixed,failure_mining,debias_position,pairwise,greedy_fas_topological,greedy,0.0,0.0,False,0.0,reconstructible,failure_mining_llm_v3_metrics
fiqa,0,azure+cohere,mixed,failure_mining,debias_position,pairwise,prior_only,unknown,0.0,0.0,False,0.0,reconstructible,failure_mining_llm_v3_metrics
fiqa,0,azure+cohere,mixed,failure_mining,debias_position,pairwise,rrf,unknown,0.0,0.0,False,0.0,reconstructible,failure_mining_llm_v3_metrics
fiqa,0,azure+cohere,mixed,failure_mining,debias_position,pairwise,combsum,unknown,0.0,0.0,False,0.0,reconstructible,failure_mining_llm_v3_metrics
fiqa,0,azure+cohere,mixed,failure_mining,debias_position,pairwise,borda_fuse,unknown,0.0,0.0,False,0.0,reconstructible,failure_mining_llm_v3_metrics
fiqa,0,azure+cohere,mixed,failure_mining,debias_position,pairwise,bradley_terry,unknown,0.0,0.0,False,0.0,reconstructible,failure_mining_llm_v3_metrics
fiqa,0,azure+cohere,mixed,failure_mining,debias_position,pairwise,local_kemenization,unknown,0.0,0.0,False,0.0,reconstructible,failure_mining_llm_v3_metrics
fiqa,0,azure+cohere,mixed,failure_mining,debias_position,pairwise,llm_cohere_pairwise,unknown,,,False,0.0,reconstructible,failure_mining_llm_v3_metrics
fiqa,0,azure+cohere,mixed,failure_mining,debias_position,pairwise,llm_azure_pairwise,unknown,,,False,0.0,reconstructible,failure_mining_llm_v3_metrics
fiqa,4,azure+cohere,mixed,failure_mining,debias_position,pairwise,score_sum,unknown,0.0,0.0,False,0.0,reconstructible,failure_mining_llm_v3_metrics
fiqa,4,azure+cohere,mixed,failure_mining,debias_position,pairwise,borda,unknown,0.0,0.0,False,0.0,reconstructible,failure_mining_llm_v3_metrics
fiqa,4,azure+cohere,mixed,failure_mining,debias_position,pairwise,pagerank,unknown,0.0,0.0,False,0.0,reconstructible,failure_mining_llm_v3_metrics
fiqa,4,azure+cohere,mixed,failure_mining,debias_position,pairwise,rank_centrality,unknown,0.0,0.0,False,0.0,reconstructible,failure_mining_llm_v3_metrics
fiqa,4,azure+cohere,mixed,failure_mining,debias_position,pairwise,markov_graph,unknown,0.0,0.0,False,0.0,reconstructible,failure_mining_llm_v3_metrics
fiqa,4,azure+cohere,mixed,failure_mining,debias_position,pairwise,markov_graph_repaired,greedy,0.0,0.0,False,0.0,reconstructible,failure_mining_llm_v3_metrics
fiqa,4,azure+cohere,mixed,failure_mining,debias_position,pairwise,greedy_fas_topological,greedy,0.0,0.0,False,0.0,reconstructible,failure_mining_llm_v3_metrics
fiqa,4,azure+cohere,mixed,failure_mining,debias_position,pairwise,prior_only,unknown,0.0,0.0,False,0.0,reconstructible,failure_mining_llm_v3_metrics
fiqa,4,azure+cohere,mixed,failure_mining,debias_position,pairwise,rrf,unknown,0.0,0.0,False,0.0,reconstructible,failure_mining_llm_v3_metrics
fiqa,4,azure+cohere,mixed,failure_mining,debias_position,pairwise,combsum,unknown,0.0,0.0,False,0.0,reconstructible,failure_mining_llm_v3_metrics
fiqa,4,azure+cohere,mixed,failure_mining,debias_position,pairwise,borda_fuse,unknown,0.0,0.0,False,0.0,reconstructible,failure_mining_llm_v3_metrics
fiqa,4,azure+cohere,mixed,failure_mining,debias_position,pairwise,bradley_terry,unknown,0.0,0.0,False,0.0,reconstructible,failure_mining_llm_v3_metrics
fiqa,4,azure+cohere,mixed,failure_mining,debias_position,pairwise,local_kemenization,unknown,0.0,0.0,False,0.0,reconstructible,failure_mining_llm_v3_metrics
fiqa,4,azure+cohere,mixed,failure_mining,debias_position,pairwise,llm_cohere_pairwise,unknown,,,False,0.0,reconstructible,failure_mining_llm_v3_metrics
fiqa,4,azure+cohere,mixed,failure_mining,debias_position,pairwise,llm_azure_pairwise,unknown,,,False,0.0,reconstructible,failure_mining_llm_v3_metrics
fiqa,5,azure+cohere,mixed,failure_mining,debias_position,pairwise,score_sum,unknown,0.0,0.0,False,0.0,reconstructible,failure_mining_llm_v3_metrics
fiqa,5,azure+cohere,mixed,failure_mining,debias_position,pairwise,borda,unknown,0.0,0.0,False,0.0,reconstructible,failure_mining_llm_v3_metrics
fiqa,5,azure+cohere,mixed,failure_mining,debias_position,pairwise,pagerank,unknown,0.0,0.0,False,0.0,reconstructible,failure_mining_llm_v3_metrics
fiqa,5,azure+cohere,mixed,failure_mining,debias_position,pairwise,rank_centrality,unknown,0.0,0.0,False,0.0,reconstructible,failure_mining_llm_v3_metrics
fiqa,5,azure+cohere,mixed,failure_mining,debias_position,pairwise,markov_graph,unknown,0.0,0.0,False,0.0,reconstructible,failure_mining_llm_v3_metrics
fiqa,5,azure+cohere,mixed,failure_mining,debias_position,pairwise,markov_graph_repaired,greedy,0.0,0.0,False,0.0,reconstructible,failure_mining_llm_v3_metrics
fiqa,5,azure+cohere,mixed,failure_mining,debias_position,pairwise,greedy_fas_topological,greedy,0.0,0.0,False,0.0,reconstructible,failure_mining_llm_v3_metrics
fiqa,5,azure+cohere,mixed,failure_mining,debias_position,pairwise,prior_only,unknown,0.0,0.0,False,0.0,reconstructible,failure_mining_llm_v3_metrics
fiqa,5,azure+cohere,mixed,failure_mining,debias_position,pairwise,rrf,unknown,0.0,0.0,False,0.0,reconstructible,failure_mining_llm_v3_metrics
fiqa,5,azure+cohere,mixed,failure_mining,debias_position,pairwise,combsum,unknown,0.0,0.0,False,0.0,reconstructible,failure_mining_llm_v3_metrics
fiqa,5,azure+cohere,mixed,failure_mining,debias_position,pairwise,borda_fuse,unknown,0.0,0.0,False,0.0,reconstructible,failure_mining_llm_v3_metrics
fiqa,5,azure+cohere,mixed,failure_mining,debias_position,pairwise,bradley_terry,unknown,0.0,0.0,False,0.0,reconstructible,failure_mining_llm_v3_metrics
fiqa,5,azure+cohere,mixed,failure_mining,debias_position,pairwise,local_kemenization,unknown,0.0,0.0,False,0.0,reconstructible,failure_mining_llm_v3_metrics
fiqa,5,azure+cohere,mixed,failure_mining,debias_position,pairwise,llm_cohere_pairwise,unknown,,,False,0.0,reconstructible,failure_mining_llm_v3_metrics
fiqa,5,azure+cohere,mixed,failure_mining,debias_position,pairwise,llm_azure_pairwise,unknown,,,False,0.0,reconstructible,failure_mining_llm_v3_metrics
fiqa,6,azure+cohere,mixed,failure_mining,debias_position,pairwise,score_sum,unknown,0.6052602440527057,0.0,False,0.0,reconstructible,failure_mining_llm_v3_metrics
fiqa,6,azure+cohere,mixed,failure_mining,debias_position,pairwise,borda,unknown,0.5249810332008933,-0.08027921085181244,False,0.0,reconstructible,failure_mining_llm_v3_metrics
fiqa,6,azure+cohere,mixed,failure_mining,debias_position,pairwise,pagerank,unknown,0.6052602440527057,0.0,False,0.0,reconstructible,failure_mining_llm_v3_metrics
fiqa,6,azure+cohere,mixed,failure_mining,debias_position,pairwise,rank_centrality,unknown,0.6052602440527057,0.0,False,0.0,reconstructible,failure_mining_llm_v3_metrics
fiqa,6,azure+cohere,mixed,failure_mining,debias_position,pairwise,markov_graph,unknown,0.6052602440527057,0.0,False,0.0,reconstructible,failure_mining_llm_v3_metrics
fiqa,6,azure+cohere,mixed,failure_mining,debias_position,pairwise,markov_graph_repaired,greedy,0.6052602440527057,0.0,False,0.0,reconstructible,failure_mining_llm_v3_metrics
fiqa,6,azure+cohere,mixed,failure_mining,debias_position,pairwise,greedy_fas_topological,greedy,0.4415801103577823,-0.16368013369492346,False,0.0,reconstructible,failure_mining_llm_v3_metrics
fiqa,6,azure+cohere,mixed,failure_mining,debias_position,pairwise,prior_only,unknown,0.5706417189553201,-0.03461852509738561,False,0.0,reconstructible,failure_mining_llm_v3_metrics
fiqa,6,azure+cohere,mixed,failure_mining,debias_position,pairwise,rrf,unknown,0.5706417189553201,-0.03461852509738561,False,0.0,reconstructible,failure_mining_llm_v3_metrics
fiqa,6,azure+cohere,mixed,failure_mining,debias_position,pairwise,combsum,unknown,0.5706417189553201,-0.03461852509738561,False,0.0,reconstructible,failure_mining_llm_v3_metrics
fiqa,6,azure+cohere,mixed,failure_mining,debias_position,pairwise,borda_fuse,unknown,0.5706417189553201,-0.03461852509738561,False,0.0,reconstructible,failure_mining_llm_v3_metrics
fiqa,6,azure+cohere,mixed,failure_mining,debias_position,pairwise,bradley_terry,unknown,0.6052602440527057,0.0,False,0.0,reconstructible,failure_mining_llm_v3_metrics
fiqa,6,azure+cohere,mixed,failure_mining,debias_position,pairwise,local_kemenization,unknown,0.5706417189553201,-0.03461852509738561,False,0.0,reconstructible,failure_mining_llm_v3_metrics
fiqa,6,azure+cohere,mixed,failure_mining,debias_position,pairwise,llm_cohere_pairwise,unknown,,,False,0.0,reconstructible,failure_mining_llm_v3_metrics
fiqa,6,azure+cohere,mixed,failure_mining,debias_position,pairwise,llm_azure_pairwise,unknown,,,False,0.0,reconstructible,failure_mining_llm_v3_metrics
fiqa,7,azure+cohere,mixed,failure_mining,debias_position,pairwise,score_sum,unknown,0.0,0.0,False,0.0,reconstructible,failure_mining_llm_v3_metrics
fiqa,7,azure+cohere,mixed,failure_mining,debias_position,pairwise,borda,unknown,0.0,0.0,False,0.0,reconstructible,failure_mining_llm_v3_metrics
fiqa,7,azure+cohere,mixed,failure_mining,debias_position,pairwise,pagerank,unknown,0.0,0.0,False,0.0,reconstructible,failure_mining_llm_v3_metrics
fiqa,7,azure+cohere,mixed,failure_mining,debias_position,pairwise,rank_centrality,unknown,0.0,0.0,False,0.0,reconstructible,failure_mining_llm_v3_metrics
fiqa,7,azure+cohere,mixed,failure_mining,debias_position,pairwise,markov_graph,unknown,0.0,0.0,False,0.0,reconstructible,failure_mining_llm_v3_metrics
fiqa,7,azure+cohere,mixed,failure_mining,debias_position,pairwise,markov_graph_repaired,greedy,0.0,0.0,False,0.0,reconstructible,failure_mining_llm_v3_metrics
fiqa,7,azure+cohere,mixed,failure_mining,debias_position,pairwise,greedy_fas_topological,greedy,0.0,0.0,False,0.0,reconstructible,failure_mining_llm_v3_metrics
fiqa,7,azure+cohere,mixed,failure_mining,debias_position,pairwise,prior_only,unknown,0.0,0.0,False,0.0,reconstructible,failure_mining_llm_v3_metrics
fiqa,7,azure+cohere,mixed,failure_mining,debias_position,pairwise,rrf,unknown,0.0,0.0,False,0.0,reconstructible,failure_mining_llm_v3_metrics
fiqa,7,azure+cohere,mixed,failure_mining,debias_position,pairwise,combsum,unknown,0.0,0.0,False,0.0,reconstructible,failure_mining_llm_v3_metrics
fiqa,7,azure+cohere,mixed,failure_mining,debias_position,pairwise,borda_fuse,unknown,0.0,0.0,False,0.0,reconstructible,failure_mining_llm_v3_metrics
fiqa,7,azure+cohere,mixed,failure_mining,debias_position,pairwise,bradley_terry,unknown,0.0,0.0,False,0.0,reconstructible,failure_mining_llm_v3_metrics
fiqa,7,azure+cohere,mixed,failure_mining,debias_position,pairwise,local_kemenization,unknown,0.0,0.0,False,0.0,reconstructible,failure_mining_llm_v3_metrics
fiqa,7,azure+cohere,mixed,failure_mining,debias_position,pairwise,llm_cohere_pairwise,unknown,,,False,0.0,reconstructible,failure_mining_llm_v3_metrics
fiqa,7,azure+cohere,mixed,failure_mining,debias_position,pairwise,llm_azure_pairwise,unknown,,,False,0.0,reconstructible,failure_mining_llm_v3_metrics
fiqa,9,azure+cohere,mixed,failure_mining,debias_position,pairwise,score_sum,unknown,0.0,0.0,False,0.0,reconstructible,failure_mining_llm_v3_metrics
fiqa,9,azure+cohere,mixed,failure_mining,debias_position,pairwise,borda,unknown,0.0,0.0,False,0.0,reconstructible,failure_mining_llm_v3_metrics
fiqa,9,azure+cohere,mixed,failure_mining,debias_position,pairwise,pagerank,unknown,0.0,0.0,False,0.0,reconstructible,failure_mining_llm_v3_metrics
fiqa,9,azure+cohere,mixed,failure_mining,debias_position,pairwise,rank_centrality,unknown,0.0,0.0,False,0.0,reconstructible,failure_mining_llm_v3_metrics
fiqa,9,azure+cohere,mixed,failure_mining,debias_position,pairwise,markov_graph,unknown,0.0,0.0,False,0.0,reconstructible,failure_mining_llm_v3_metrics
fiqa,9,azure+cohere,mixed,failure_mining,debias_position,pairwise,markov_graph_repaired,greedy,0.0,0.0,False,0.0,reconstructible,failure_mining_llm_v3_metrics
fiqa,9,azure+cohere,mixed,failure_mining,debias_position,pairwise,greedy_fas_topological,greedy,0.0,0.0,False,0.0,reconstructible,failure_mining_llm_v3_metrics
fiqa,9,azure+cohere,mixed,failure_mining,debias_position,pairwise,prior_only,unknown,0.0,0.0,False,0.0,reconstructible,failure_mining_llm_v3_metrics
fiqa,9,azure+cohere,mixed,failure_mining,debias_position,pairwise,rrf,unknown,0.0,0.0,False,0.0,reconstructible,failure_mining_llm_v3_metrics
fiqa,9,azure+cohere,mixed,failure_mining,debias_position,pairwise,combsum,unknown,0.0,0.0,False,0.0,reconstructible,failure_mining_llm_v3_metrics
fiqa,9,azure+cohere,mixed,failure_mining,debias_position,pairwise,borda_fuse,unknown,0.0,0.0,False,0.0,reconstructible,failure_mining_llm_v3_metrics
fiqa,9,azure+cohere,mixed,failure_mining,debias_position,pairwise,bradley_terry,unknown,0.0,0.0,False,0.0,reconstructible,failure_mining_llm_v3_metrics
fiqa,9,azure+cohere,mixed,failure_mining,debias_position,pairwise,local_kemenization,unknown,0.0,0.0,False,0.0,reconstructible,failure_mining_llm_v3_metrics
fiqa,9,azure+cohere,mixed,failure_mining,debias_position,pairwise,llm_cohere_pairwise,unknown,,,False,0.0,reconstructible,failure_mining_llm_v3_metrics
fiqa,9,azure+cohere,mixed,failure_mining,debias_position,pairwise,llm_azure_pairwise,unknown,,,False,0.0,reconstructible,failure_mining_llm_v3_metrics
fiqa,11,azure+cohere,mixed,failure_mining,debias_position,pairwise,score_sum,unknown,0.0,0.0,False,0.0,reconstructible,failure_mining_llm_v3_metrics
fiqa,11,azure+cohere,mixed,failure_mining,debias_position,pairwise,borda,unknown,0.0,0.0,False,0.0,reconstructible,failure_mining_llm_v3_metrics
fiqa,11,azure+cohere,mixed,failure_mining,debias_position,pairwise,pagerank,unknown,0.0,0.0,False,0.0,reconstructible,failure_mining_llm_v3_metrics
fiqa,11,azure+cohere,mixed,failure_mining,debias_position,pairwise,rank_centrality,unknown,0.0,0.0,False,0.0,reconstructible,failure_mining_llm_v3_metrics
fiqa,11,azure+cohere,mixed,failure_mining,debias_position,pairwise,markov_graph,unknown,0.0,0.0,False,0.0,reconstructible,failure_mining_llm_v3_metrics
fiqa,11,azure+cohere,mixed,failure_mining,debias_position,pairwise,markov_graph_repaired,greedy,0.0,0.0,False,0.0,reconstructible,failure_mining_llm_v3_metrics
fiqa,11,azure+cohere,mixed,failure_mining,debias_position,pairwise,greedy_fas_topological,greedy,0.0,0.0,False,0.0,reconstructible,failure_mining_llm_v3_metrics
fiqa,11,azure+cohere,mixed,failure_mining,debias_position,pairwise,prior_only,unknown,0.0,0.0,False,0.0,reconstructible,failure_mining_llm_v3_metrics
fiqa,11,azure+cohere,mixed,failure_mining,debias_position,pairwise,rrf,unknown,0.0,0.0,False,0.0,reconstructible,failure_mining_llm_v3_metrics
fiqa,11,azure+cohere,mixed,failure_mining,debias_position,pairwise,combsum,unknown,0.0,0.0,False,0.0,reconstructible,failure_mining_llm_v3_metrics
fiqa,11,azure+cohere,mixed,failure_mining,debias_position,pairwise,borda_fuse,unknown,0.0,0.0,False,0.0,reconstructible,failure_mining_llm_v3_metrics
fiqa,11,azure+cohere,mixed,failure_mining,debias_position,pairwise,bradley_terry,unknown,0.0,0.0,False,0.0,reconstructible,failure_mining_llm_v3_metrics
fiqa,11,azure+cohere,mixed,failure_mining,debias_position,pairwise,local_kemenization,unknown,0.0,0.0,False,0.0,reconstructible,failure_mining_llm_v3_metrics
fiqa,11,azure+cohere,mixed,failure_mining,debias_position,pairwise,llm_cohere_pairwise,unknown,,,False,0.0,reconstructible,failure_mining_llm_v3_metrics
fiqa,11,azure+cohere,mixed,failure_mining,debias_position,pairwise,llm_azure_pairwise,unknown,,,False,0.0,reconstructible,failure_mining_llm_v3_metrics
fiqa,12,azure+cohere,mixed,failure_mining,debias_position,pairwise,score_sum,unknown,0.5,0.0,False,0.0,reconstructible,failure_mining_llm_v3_metrics
fiqa,12,azure+cohere,mixed,failure_mining,debias_position,pairwise,borda,unknown,0.5,0.0,False,0.0,reconstructible,failure_mining_llm_v3_metrics
fiqa,12,azure+cohere,mixed,failure_mining,debias_position,pairwise,pagerank,unknown,0.43067655807339306,-0.06932344192660694,False,0.0,reconstructible,failure_mining_llm_v3_metrics
fiqa,12,azure+cohere,mixed,failure_mining,debias_position,pairwise,rank_centrality,unknown,0.5,0.0,False,0.0,reconstructible,failure_mining_llm_v3_metrics
fiqa,12,azure+cohere,mixed,failure_mining,debias_position,pairwise,markov_graph,unknown,0.5,0.0,False,0.0,reconstructible,failure_mining_llm_v3_metrics
fiqa,12,azure+cohere,mixed,failure_mining,debias_position,pairwise,markov_graph_repaired,greedy,0.5,0.0,False,0.0,reconstructible,failure_mining_llm_v3_metrics
fiqa,12,azure+cohere,mixed,failure_mining,debias_position,pairwise,greedy_fas_topological,greedy,0.5,0.0,False,0.0,reconstructible,failure_mining_llm_v3_metrics
fiqa,12,azure+cohere,mixed,failure_mining,debias_position,pairwise,prior_only,unknown,1.0,0.5,False,0.0,reconstructible,failure_mining_llm_v3_metrics
fiqa,12,azure+cohere,mixed,failure_mining,debias_position,pairwise,rrf,unknown,0.6309297535714575,0.13092975357145753,False,0.0,reconstructible,failure_mining_llm_v3_metrics
fiqa,12,azure+cohere,mixed,failure_mining,debias_position,pairwise,combsum,unknown,0.6309297535714575,0.13092975357145753,False,0.0,reconstructible,failure_mining_llm_v3_metrics
fiqa,12,azure+cohere,mixed,failure_mining,debias_position,pairwise,borda_fuse,unknown,0.6309297535714575,0.13092975357145753,False,0.0,reconstructible,failure_mining_llm_v3_metrics
fiqa,12,azure+cohere,mixed,failure_mining,debias_position,pairwise,bradley_terry,unknown,0.5,0.0,False,0.0,reconstructible,failure_mining_llm_v3_metrics
fiqa,12,azure+cohere,mixed,failure_mining,debias_position,pairwise,local_kemenization,unknown,0.6309297535714575,0.13092975357145753,False,0.0,reconstructible,failure_mining_llm_v3_metrics
fiqa,12,azure+cohere,mixed,failure_mining,debias_position,pairwise,llm_cohere_pairwise,unknown,,,False,0.0,reconstructible,failure_mining_llm_v3_metrics
fiqa,12,azure+cohere,mixed,failure_mining,debias_position,pairwise,llm_azure_pairwise,unknown,,,False,0.0,reconstructible,failure_mining_llm_v3_metrics
fiqa,13,azure+cohere,mixed,failure_mining,debias_position,pairwise,score_sum,unknown,0.0,0.0,False,0.0,reconstructible,failure_mining_llm_v3_metrics
fiqa,13,azure+cohere,mixed,failure_mining,debias_position,pairwise,borda,unknown,0.0,0.0,False,0.0,reconstructible,failure_mining_llm_v3_metrics
fiqa,13,azure+cohere,mixed,failure_mining,debias_position,pairwise,pagerank,unknown,0.0,0.0,False,0.0,reconstructible,failure_mining_llm_v3_metrics
fiqa,13,azure+cohere,mixed,failure_mining,debias_position,pairwise,rank_centrality,unknown,0.0,0.0,False,0.0,reconstructible,failure_mining_llm_v3_metrics
fiqa,13,azure+cohere,mixed,failure_mining,debias_position,pairwise,markov_graph,unknown,0.0,0.0,False,0.0,reconstructible,failure_mining_llm_v3_metrics
fiqa,13,azure+cohere,mixed,failure_mining,debias_position,pairwise,markov_graph_repaired,greedy,0.0,0.0,False,0.0,reconstructible,failure_mining_llm_v3_metrics
fiqa,13,azure+cohere,mixed,failure_mining,debias_position,pairwise,greedy_fas_topological,greedy,0.0,0.0,False,0.0,reconstructible,failure_mining_llm_v3_metrics
fiqa,13,azure+cohere,mixed,failure_mining,debias_position,pairwise,prior_only,unknown,0.0,0.0,False,0.0,reconstructible,failure_mining_llm_v3_metrics
fiqa,13,azure+cohere,mixed,failure_mining,debias_position,pairwise,rrf,unknown,0.0,0.0,False,0.0,reconstructible,failure_mining_llm_v3_metrics
fiqa,13,azure+cohere,mixed,failure_mining,debias_position,pairwise,combsum,unknown,0.0,0.0,False,0.0,reconstructible,failure_mining_llm_v3_metrics
fiqa,13,azure+cohere,mixed,failure_mining,debias_position,pairwise,borda_fuse,unknown,0.0,0.0,False,0.0,reconstructible,failure_mining_llm_v3_metrics
fiqa,13,azure+cohere,mixed,failure_mining,debias_position,pairwise,bradley_terry,unknown,0.0,0.0,False,0.0,reconstructible,failure_mining_llm_v3_metrics
fiqa,13,azure+cohere,mixed,failure_mining,debias_position,pairwise,local_kemenization,unknown,0.0,0.0,False,0.0,reconstructible,failure_mining_llm_v3_metrics
fiqa,13,azure+cohere,mixed,failure_mining,debias_position,pairwise,llm_cohere_pairwise,unknown,,,False,0.0,reconstructible,failure_mining_llm_v3_metrics
fiqa,13,azure+cohere,mixed,failure_mining,debias_position,pairwise,llm_azure_pairwise,unknown,,,False,0.0,reconstructible,failure_mining_llm_v3_metrics
fiqa,14,azure+cohere,mixed,failure_mining,debias_position,pairwise,score_sum,unknown,1.0,0.0,False,0.0,reconstructible,failure_mining_llm_v3_metrics
fiqa,14,azure+cohere,mixed,failure_mining,debias_position,pairwise,borda,unknown,1.0,0.0,False,0.0,reconstructible,failure_mining_llm_v3_metrics
fiqa,14,azure+cohere,mixed,failure_mining,debias_position,pairwise,pagerank,unknown,1.0,0.0,False,0.0,reconstructible,failure_mining_llm_v3_metrics
fiqa,14,azure+cohere,mixed,failure_mining,debias_position,pairwise,rank_centrality,unknown,1.0,0.0,False,0.0,reconstructible,failure_mining_llm_v3_metrics
fiqa,14,azure+cohere,mixed,failure_mining,debias_position,pairwise,markov_graph,unknown,1.0,0.0,False,0.0,reconstructible,failure_mining_llm_v3_metrics
fiqa,14,azure+cohere,mixed,failure_mining,debias_position,pairwise,markov_graph_repaired,greedy,1.0,0.0,False,0.0,reconstructible,failure_mining_llm_v3_metrics
fiqa,14,azure+cohere,mixed,failure_mining,debias_position,pairwise,greedy_fas_topological,greedy,1.0,0.0,False,0.0,reconstructible,failure_mining_llm_v3_metrics
fiqa,14,azure+cohere,mixed,failure_mining,debias_position,pairwise,prior_only,unknown,1.0,0.0,False,0.0,reconstructible,failure_mining_llm_v3_metrics
fiqa,14,azure+cohere,mixed,failure_mining,debias_position,pairwise,rrf,unknown,1.0,0.0,False,0.0,reconstructible,failure_mining_llm_v3_metrics
fiqa,14,azure+cohere,mixed,failure_mining,debias_position,pairwise,combsum,unknown,1.0,0.0,False,0.0,reconstructible,failure_mining_llm_v3_metrics
fiqa,14,azure+cohere,mixed,failure_mining,debias_position,pairwise,borda_fuse,unknown,1.0,0.0,False,0.0,reconstructible,failure_mining_llm_v3_metrics
fiqa,14,azure+cohere,mixed,failure_mining,debias_position,pairwise,bradley_terry,unknown,0.6309297535714575,-0.36907024642854247,False,0.0,reconstructible,failure_mining_llm_v3_metrics
fiqa,14,azure+cohere,mixed,failure_mining,debias_position,pairwise,local_kemenization,unknown,1.0,0.0,False,0.0,reconstructible,failure_mining_llm_v3_metrics
fiqa,14,azure+cohere,mixed,failure_mining,debias_position,pairwise,llm_cohere_pairwise,unknown,,,False,0.0,reconstructible,failure_mining_llm_v3_metrics
fiqa,14,azure+cohere,mixed,failure_mining,debias_position,pairwise,llm_azure_pairwise,unknown,,,False,0.0,reconstructible,failure_mining_llm_v3_metrics
fiqa,16,azure+cohere,mixed,failure_mining,debias_position,pairwise,score_sum,unknown,0.0,0.0,False,0.0,reconstructible,failure_mining_llm_v3_metrics
fiqa,16,azure+cohere,mixed,failure_mining,debias_position,pairwise,borda,unknown,0.0,0.0,False,0.0,reconstructible,failure_mining_llm_v3_metrics
fiqa,16,azure+cohere,mixed,failure_mining,debias_position,pairwise,pagerank,unknown,0.0,0.0,False,0.0,reconstructible,failure_mining_llm_v3_metrics
fiqa,16,azure+cohere,mixed,failure_mining,debias_position,pairwise,rank_centrality,unknown,0.0,0.0,False,0.0,reconstructible,failure_mining_llm_v3_metrics
fiqa,16,azure+cohere,mixed,failure_mining,debias_position,pairwise,markov_graph,unknown,0.0,0.0,False,0.0,reconstructible,failure_mining_llm_v3_metrics
fiqa,16,azure+cohere,mixed,failure_mining,debias_position,pairwise,markov_graph_repaired,greedy,0.0,0.0,False,0.0,reconstructible,failure_mining_llm_v3_metrics
fiqa,16,azure+cohere,mixed,failure_mining,debias_position,pairwise,greedy_fas_topological,greedy,0.0,0.0,False,0.0,reconstructible,failure_mining_llm_v3_metrics
fiqa,16,azure+cohere,mixed,failure_mining,debias_position,pairwise,prior_only,unknown,0.0,0.0,False,0.0,reconstructible,failure_mining_llm_v3_metrics
fiqa,16,azure+cohere,mixed,failure_mining,debias_position,pairwise,rrf,unknown,0.0,0.0,False,0.0,reconstructible,failure_mining_llm_v3_metrics
fiqa,16,azure+cohere,mixed,failure_mining,debias_position,pairwise,combsum,unknown,0.0,0.0,False,0.0,reconstructible,failure_mining_llm_v3_metrics
fiqa,16,azure+cohere,mixed,failure_mining,debias_position,pairwise,borda_fuse,unknown,0.0,0.0,False,0.0,reconstructible,failure_mining_llm_v3_metrics
fiqa,16,azure+cohere,mixed,failure_mining,debias_position,pairwise,bradley_terry,unknown,0.0,0.0,False,0.0,reconstructible,failure_mining_llm_v3_metrics
fiqa,16,azure+cohere,mixed,failure_mining,debias_position,pairwise,local_kemenization,unknown,0.0,0.0,False,0.0,reconstructible,failure_mining_llm_v3_metrics
fiqa,16,azure+cohere,mixed,failure_mining,debias_position,pairwise,llm_cohere_pairwise,unknown,,,False,0.0,reconstructible,failure_mining_llm_v3_metrics
fiqa,16,azure+cohere,mixed,failure_mining,debias_position,pairwise,llm_azure_pairwise,unknown,,,False,0.0,reconstructible,failure_mining_llm_v3_metrics
fiqa,19,azure+cohere,mixed,failure_mining,debias_position,pairwise,score_sum,unknown,0.0,0.0,False,0.0,reconstructible,failure_mining_llm_v3_metrics
fiqa,19,azure+cohere,mixed,failure_mining,debias_position,pairwise,borda,unknown,0.0,0.0,False,0.0,reconstructible,failure_mining_llm_v3_metrics
fiqa,19,azure+cohere,mixed,failure_mining,debias_position,pairwise,pagerank,unknown,0.0,0.0,False,0.0,reconstructible,failure_mining_llm_v3_metrics
fiqa,19,azure+cohere,mixed,failure_mining,debias_position,pairwise,rank_centrality,unknown,0.0,0.0,False,0.0,reconstructible,failure_mining_llm_v3_metrics
fiqa,19,azure+cohere,mixed,failure_mining,debias_position,pairwise,markov_graph,unknown,0.0,0.0,False,0.0,reconstructible,failure_mining_llm_v3_metrics
fiqa,19,azure+cohere,mixed,failure_mining,debias_position,pairwise,markov_graph_repaired,greedy,0.0,0.0,False,0.0,reconstructible,failure_mining_llm_v3_metrics
fiqa,19,azure+cohere,mixed,failure_mining,debias_position,pairwise,greedy_fas_topological,greedy,0.0,0.0,False,0.0,reconstructible,failure_mining_llm_v3_metrics
fiqa,19,azure+cohere,mixed,failure_mining,debias_position,pairwise,prior_only,unknown,0.0,0.0,False,0.0,reconstructible,failure_mining_llm_v3_metrics
fiqa,19,azure+cohere,mixed,failure_mining,debias_position,pairwise,rrf,unknown,0.0,0.0,False,0.0,reconstructible,failure_mining_llm_v3_metrics
fiqa,19,azure+cohere,mixed,failure_mining,debias_position,pairwise,combsum,unknown,0.0,0.0,False,0.0,reconstructible,failure_mining_llm_v3_metrics
fiqa,19,azure+cohere,mixed,failure_mining,debias_position,pairwise,borda_fuse,unknown,0.0,0.0,False,0.0,reconstructible,failure_mining_llm_v3_metrics
fiqa,19,azure+cohere,mixed,failure_mining,debias_position,pairwise,bradley_terry,unknown,0.0,0.0,False,0.0,reconstructible,failure_mining_llm_v3_metrics
fiqa,19,azure+cohere,mixed,failure_mining,debias_position,pairwise,local_kemenization,unknown,0.0,0.0,False,0.0,reconstructible,failure_mining_llm_v3_metrics
fiqa,19,azure+cohere,mixed,failure_mining,debias_position,pairwise,llm_cohere_pairwise,unknown,,,False,0.0,reconstructible,failure_mining_llm_v3_metrics
fiqa,19,azure+cohere,mixed,failure_mining,debias_position,pairwise,llm_azure_pairwise,unknown,,,False,0.0,reconstructible,failure_mining_llm_v3_metrics
fiqa,20,azure+cohere,mixed,failure_mining,debias_position,pairwise,score_sum,unknown,0.3562071871080222,-0.030645620126519446,False,0.0,reconstructible,failure_mining_llm_v3_metrics
fiqa,20,azure+cohere,mixed,failure_mining,debias_position,pairwise,borda,unknown,0.3562071871080222,-0.030645620126519446,False,0.0,reconstructible,failure_mining_llm_v3_metrics
fiqa,20,azure+cohere,mixed,failure_mining,debias_position,pairwise,pagerank,unknown,0.3562071871080222,-0.030645620126519446,False,0.0,reconstructible,failure_mining_llm_v3_metrics
fiqa,20,azure+cohere,mixed,failure_mining,debias_position,pairwise,rank_centrality,unknown,0.43067655807339306,0.04382375083885143,False,0.0,reconstructible,failure_mining_llm_v3_metrics
fiqa,20,azure+cohere,mixed,failure_mining,debias_position,pairwise,markov_graph,unknown,0.38685280723454163,0.0,False,0.0,reconstructible,failure_mining_llm_v3_metrics
fiqa,20,azure+cohere,mixed,failure_mining,debias_position,pairwise,markov_graph_repaired,greedy,0.38685280723454163,0.0,False,0.0,reconstructible,failure_mining_llm_v3_metrics
fiqa,20,azure+cohere,mixed,failure_mining,debias_position,pairwise,greedy_fas_topological,greedy,0.38685280723454163,0.0,False,0.0,reconstructible,failure_mining_llm_v3_metrics
fiqa,20,azure+cohere,mixed,failure_mining,debias_position,pairwise,prior_only,unknown,0.6309297535714575,0.2440769463369159,False,0.0,reconstructible,failure_mining_llm_v3_metrics
fiqa,20,azure+cohere,mixed,failure_mining,debias_position,pairwise,rrf,unknown,0.5,0.11314719276545837,False,0.0,reconstructible,failure_mining_llm_v3_metrics
fiqa,20,azure+cohere,mixed,failure_mining,debias_position,pairwise,combsum,unknown,0.38685280723454163,0.0,False,0.0,reconstructible,failure_mining_llm_v3_metrics
fiqa,20,azure+cohere,mixed,failure_mining,debias_position,pairwise,borda_fuse,unknown,0.5,0.11314719276545837,False,0.0,reconstructible,failure_mining_llm_v3_metrics
fiqa,20,azure+cohere,mixed,failure_mining,debias_position,pairwise,bradley_terry,unknown,0.3562071871080222,-0.030645620126519446,False,0.0,reconstructible,failure_mining_llm_v3_metrics
fiqa,20,azure+cohere,mixed,failure_mining,debias_position,pairwise,local_kemenization,unknown,0.43067655807339306,0.04382375083885143,False,0.0,reconstructible,failure_mining_llm_v3_metrics
fiqa,20,azure+cohere,mixed,failure_mining,debias_position,pairwise,llm_cohere_pairwise,unknown,,,False,0.0,reconstructible,failure_mining_llm_v3_metrics
fiqa,20,azure+cohere,mixed,failure_mining,debias_position,pairwise,llm_azure_pairwise,unknown,,,False,0.0,reconstructible,failure_mining_llm_v3_metrics
fiqa,21,azure+cohere,mixed,failure_mining,debias_position,pairwise,score_sum,unknown,0.0,0.0,False,0.0,reconstructible,failure_mining_llm_v3_metrics
fiqa,21,azure+cohere,mixed,failure_mining,debias_position,pairwise,borda,unknown,0.0,0.0,False,0.0,reconstructible,failure_mining_llm_v3_metrics
fiqa,21,azure+cohere,mixed,failure_mining,debias_position,pairwise,pagerank,unknown,0.0,0.0,False,0.0,reconstructible,failure_mining_llm_v3_metrics
fiqa,21,azure+cohere,mixed,failure_mining,debias_position,pairwise,rank_centrality,unknown,0.0,0.0,False,0.0,reconstructible,failure_mining_llm_v3_metrics
fiqa,21,azure+cohere,mixed,failure_mining,debias_position,pairwise,markov_graph,unknown,0.0,0.0,False,0.0,reconstructible,failure_mining_llm_v3_metrics
fiqa,21,azure+cohere,mixed,failure_mining,debias_position,pairwise,markov_graph_repaired,greedy,0.0,0.0,False,0.0,reconstructible,failure_mining_llm_v3_metrics
fiqa,21,azure+cohere,mixed,failure_mining,debias_position,pairwise,greedy_fas_topological,greedy,0.0,0.0,False,0.0,reconstructible,failure_mining_llm_v3_metrics
fiqa,21,azure+cohere,mixed,failure_mining,debias_position,pairwise,prior_only,unknown,0.0,0.0,False,0.0,reconstructible,failure_mining_llm_v3_metrics
fiqa,21,azure+cohere,mixed,failure_mining,debias_position,pairwise,rrf,unknown,0.0,0.0,False,0.0,reconstructible,failure_mining_llm_v3_metrics
fiqa,21,azure+cohere,mixed,failure_mining,debias_position,pairwise,combsum,unknown,0.0,0.0,False,0.0,reconstructible,failure_mining_llm_v3_metrics
fiqa,21,azure+cohere,mixed,failure_mining,debias_position,pairwise,borda_fuse,unknown,0.0,0.0,False,0.0,reconstructible,failure_mining_llm_v3_metrics
fiqa,21,azure+cohere,mixed,failure_mining,debias_position,pairwise,bradley_terry,unknown,0.0,0.0,False,0.0,reconstructible,failure_mining_llm_v3_metrics
fiqa,21,azure+cohere,mixed,failure_mining,debias_position,pairwise,local_kemenization,unknown,0.0,0.0,False,0.0,reconstructible,failure_mining_llm_v3_metrics
fiqa,21,azure+cohere,mixed,failure_mining,debias_position,pairwise,llm_cohere_pairwise,unknown,,,False,0.0,reconstructible,failure_mining_llm_v3_metrics
fiqa,21,azure+cohere,mixed,failure_mining,debias_position,pairwise,llm_azure_pairwise,unknown,,,False,0.0,reconstructible,failure_mining_llm_v3_metrics
fiqa,23,azure+cohere,mixed,failure_mining,debias_position,pairwise,score_sum,unknown,0.0,0.0,False,0.0,reconstructible,failure_mining_llm_v3_metrics
fiqa,23,azure+cohere,mixed,failure_mining,debias_position,pairwise,borda,unknown,0.0,0.0,False,0.0,reconstructible,failure_mining_llm_v3_metrics
fiqa,23,azure+cohere,mixed,failure_mining,debias_position,pairwise,pagerank,unknown,0.0,0.0,False,0.0,reconstructible,failure_mining_llm_v3_metrics
fiqa,23,azure+cohere,mixed,failure_mining,debias_position,pairwise,rank_centrality,unknown,0.0,0.0,False,0.0,reconstructible,failure_mining_llm_v3_metrics
fiqa,23,azure+cohere,mixed,failure_mining,debias_position,pairwise,markov_graph,unknown,0.0,0.0,False,0.0,reconstructible,failure_mining_llm_v3_metrics
fiqa,23,azure+cohere,mixed,failure_mining,debias_position,pairwise,markov_graph_repaired,greedy,0.0,0.0,False,0.0,reconstructible,failure_mining_llm_v3_metrics
fiqa,23,azure+cohere,mixed,failure_mining,debias_position,pairwise,greedy_fas_topological,greedy,0.0,0.0,False,0.0,reconstructible,failure_mining_llm_v3_metrics
fiqa,23,azure+cohere,mixed,failure_mining,debias_position,pairwise,prior_only,unknown,0.0,0.0,False,0.0,reconstructible,failure_mining_llm_v3_metrics
fiqa,23,azure+cohere,mixed,failure_mining,debias_position,pairwise,rrf,unknown,0.0,0.0,False,0.0,reconstructible,failure_mining_llm_v3_metrics
fiqa,23,azure+cohere,mixed,failure_mining,debias_position,pairwise,combsum,unknown,0.0,0.0,False,0.0,reconstructible,failure_mining_llm_v3_metrics
fiqa,23,azure+cohere,mixed,failure_mining,debias_position,pairwise,borda_fuse,unknown,0.0,0.0,False,0.0,reconstructible,failure_mining_llm_v3_metrics
fiqa,23,azure+cohere,mixed,failure_mining,debias_position,pairwise,bradley_terry,unknown,0.0,0.0,False,0.0,reconstructible,failure_mining_llm_v3_metrics
fiqa,23,azure+cohere,mixed,failure_mining,debias_position,pairwise,local_kemenization,unknown,0.0,0.0,False,0.0,reconstructible,failure_mining_llm_v3_metrics
fiqa,23,azure+cohere,mixed,failure_mining,debias_position,pairwise,llm_cohere_pairwise,unknown,,,False,0.0,reconstructible,failure_mining_llm_v3_metrics
fiqa,23,azure+cohere,mixed,failure_mining,debias_position,pairwise,llm_azure_pairwise,unknown,,,False,0.0,reconstructible,failure_mining_llm_v3_metrics
fiqa,25,azure+cohere,mixed,failure_mining,debias_position,pairwise,score_sum,unknown,0.2890648263178879,-0.011965169346093318,False,0.0,reconstructible,failure_mining_llm_v3_metrics
fiqa,25,azure+cohere,mixed,failure_mining,debias_position,pairwise,borda,unknown,0.2890648263178879,-0.011965169346093318,False,0.0,reconstructible,failure_mining_llm_v3_metrics
fiqa,25,azure+cohere,mixed,failure_mining,debias_position,pairwise,pagerank,unknown,0.2890648263178879,-0.011965169346093318,False,0.0,reconstructible,failure_mining_llm_v3_metrics
fiqa,25,azure+cohere,mixed,failure_mining,debias_position,pairwise,rank_centrality,unknown,0.3010299956639812,0.0,False,0.0,reconstructible,failure_mining_llm_v3_metrics
fiqa,25,azure+cohere,mixed,failure_mining,debias_position,pairwise,markov_graph,unknown,0.3010299956639812,0.0,False,0.0,reconstructible,failure_mining_llm_v3_metrics
fiqa,25,azure+cohere,mixed,failure_mining,debias_position,pairwise,markov_graph_repaired,greedy,0.3010299956639812,0.0,False,0.0,reconstructible,failure_mining_llm_v3_metrics
fiqa,25,azure+cohere,mixed,failure_mining,debias_position,pairwise,greedy_fas_topological,greedy,0.2890648263178879,-0.011965169346093318,False,0.0,reconstructible,failure_mining_llm_v3_metrics
fiqa,25,azure+cohere,mixed,failure_mining,debias_position,pairwise,prior_only,unknown,0.2890648263178879,-0.011965169346093318,False,0.0,reconstructible,failure_mining_llm_v3_metrics
fiqa,25,azure+cohere,mixed,failure_mining,debias_position,pairwise,rrf,unknown,0.2890648263178879,-0.011965169346093318,False,0.0,reconstructible,failure_mining_llm_v3_metrics
fiqa,25,azure+cohere,mixed,failure_mining,debias_position,pairwise,combsum,unknown,0.3010299956639812,0.0,False,0.0,reconstructible,failure_mining_llm_v3_metrics
fiqa,25,azure+cohere,mixed,failure_mining,debias_position,pairwise,borda_fuse,unknown,0.3010299956639812,0.0,False,0.0,reconstructible,failure_mining_llm_v3_metrics
fiqa,25,azure+cohere,mixed,failure_mining,debias_position,pairwise,bradley_terry,unknown,0.2890648263178879,-0.011965169346093318,False,0.0,reconstructible,failure_mining_llm_v3_metrics
fiqa,25,azure+cohere,mixed,failure_mining,debias_position,pairwise,local_kemenization,unknown,0.2890648263178879,-0.011965169346093318,False,0.0,reconstructible,failure_mining_llm_v3_metrics
fiqa,25,azure+cohere,mixed,failure_mining,debias_position,pairwise,llm_cohere_pairwise,unknown,,,False,0.0,reconstructible,failure_mining_llm_v3_metrics
fiqa,25,azure+cohere,mixed,failure_mining,debias_position,pairwise,llm_azure_pairwise,unknown,,,False,0.0,reconstructible,failure_mining_llm_v3_metrics
fiqa,27,azure+cohere,mixed,failure_mining,debias_position,pairwise,score_sum,unknown,0.0,0.0,False,0.0,reconstructible,failure_mining_llm_v3_metrics
fiqa,27,azure+cohere,mixed,failure_mining,debias_position,pairwise,borda,unknown,0.0,0.0,False,0.0,reconstructible,failure_mining_llm_v3_metrics
fiqa,27,azure+cohere,mixed,failure_mining,debias_position,pairwise,pagerank,unknown,0.0,0.0,False,0.0,reconstructible,failure_mining_llm_v3_metrics
fiqa,27,azure+cohere,mixed,failure_mining,debias_position,pairwise,rank_centrality,unknown,0.0,0.0,False,0.0,reconstructible,failure_mining_llm_v3_metrics
fiqa,27,azure+cohere,mixed,failure_mining,debias_position,pairwise,markov_graph,unknown,0.0,0.0,False,0.0,reconstructible,failure_mining_llm_v3_metrics
fiqa,27,azure+cohere,mixed,failure_mining,debias_position,pairwise,markov_graph_repaired,greedy,0.0,0.0,False,0.0,reconstructible,failure_mining_llm_v3_metrics
fiqa,27,azure+cohere,mixed,failure_mining,debias_position,pairwise,greedy_fas_topological,greedy,0.0,0.0,False,0.0,reconstructible,failure_mining_llm_v3_metrics
fiqa,27,azure+cohere,mixed,failure_mining,debias_position,pairwise,prior_only,unknown,0.0,0.0,False,0.0,reconstructible,failure_mining_llm_v3_metrics
fiqa,27,azure+cohere,mixed,failure_mining,debias_position,pairwise,rrf,unknown,0.0,0.0,False,0.0,reconstructible,failure_mining_llm_v3_metrics
fiqa,27,azure+cohere,mixed,failure_mining,debias_position,pairwise,combsum,unknown,0.0,0.0,False,0.0,reconstructible,failure_mining_llm_v3_metrics
fiqa,27,azure+cohere,mixed,failure_mining,debias_position,pairwise,borda_fuse,unknown,0.0,0.0,False,0.0,reconstructible,failure_mining_llm_v3_metrics
fiqa,27,azure+cohere,mixed,failure_mining,debias_position,pairwise,bradley_terry,unknown,0.0,0.0,False,0.0,reconstructible,failure_mining_llm_v3_metrics
fiqa,27,azure+cohere,mixed,failure_mining,debias_position,pairwise,local_kemenization,unknown,0.0,0.0,False,0.0,reconstructible,failure_mining_llm_v3_metrics
fiqa,27,azure+cohere,mixed,failure_mining,debias_position,pairwise,llm_cohere_pairwise,unknown,,,False,0.0,reconstructible,failure_mining_llm_v3_metrics
fiqa,27,azure+cohere,mixed,failure_mining,debias_position,pairwise,llm_azure_pairwise,unknown,,,False,0.0,reconstructible,failure_mining_llm_v3_metrics
fiqa,30,azure+cohere,mixed,failure_mining,debias_position,pairwise,score_sum,unknown,0.3333333333333333,0.0,False,0.0,reconstructible,failure_mining_llm_v3_metrics
fiqa,30,azure+cohere,mixed,failure_mining,debias_position,pairwise,borda,unknown,0.3333333333333333,0.0,False,0.0,reconstructible,failure_mining_llm_v3_metrics
fiqa,30,azure+cohere,mixed,failure_mining,debias_position,pairwise,pagerank,unknown,0.3333333333333333,0.0,False,0.0,reconstructible,failure_mining_llm_v3_metrics
fiqa,30,azure+cohere,mixed,failure_mining,debias_position,pairwise,rank_centrality,unknown,0.3333333333333333,0.0,False,0.0,reconstructible,failure_mining_llm_v3_metrics
fiqa,30,azure+cohere,mixed,failure_mining,debias_position,pairwise,markov_graph,unknown,0.3333333333333333,0.0,False,0.0,reconstructible,failure_mining_llm_v3_metrics
fiqa,30,azure+cohere,mixed,failure_mining,debias_position,pairwise,markov_graph_repaired,greedy,0.3333333333333333,0.0,False,0.0,reconstructible,failure_mining_llm_v3_metrics
fiqa,30,azure+cohere,mixed,failure_mining,debias_position,pairwise,greedy_fas_topological,greedy,0.3333333333333333,0.0,False,0.0,reconstructible,failure_mining_llm_v3_metrics
fiqa,30,azure+cohere,mixed,failure_mining,debias_position,pairwise,prior_only,unknown,0.6309297535714575,0.2975964202381242,False,0.0,reconstructible,failure_mining_llm_v3_metrics
fiqa,30,azure+cohere,mixed,failure_mining,debias_position,pairwise,rrf,unknown,1.0,0.6666666666666667,False,0.0,reconstructible,failure_mining_llm_v3_metrics
fiqa,30,azure+cohere,mixed,failure_mining,debias_position,pairwise,combsum,unknown,0.6309297535714575,0.2975964202381242,False,0.0,reconstructible,failure_mining_llm_v3_metrics
fiqa,30,azure+cohere,mixed,failure_mining,debias_position,pairwise,borda_fuse,unknown,1.0,0.6666666666666667,False,0.0,reconstructible,failure_mining_llm_v3_metrics
fiqa,30,azure+cohere,mixed,failure_mining,debias_position,pairwise,bradley_terry,unknown,0.3333333333333333,0.0,False,0.0,reconstructible,failure_mining_llm_v3_metrics
fiqa,30,azure+cohere,mixed,failure_mining,debias_position,pairwise,local_kemenization,unknown,0.5,0.16666666666666669,False,0.0,reconstructible,failure_mining_llm_v3_metrics
fiqa,30,azure+cohere,mixed,failure_mining,debias_position,pairwise,llm_cohere_pairwise,unknown,,,False,0.0,reconstructible,failure_mining_llm_v3_metrics
fiqa,30,azure+cohere,mixed,failure_mining,debias_position,pairwise,llm_azure_pairwise,unknown,,,False,0.0,reconstructible,failure_mining_llm_v3_metrics
fiqa,31,azure+cohere,mixed,failure_mining,debias_position,pairwise,score_sum,unknown,0.0,0.0,False,0.0,reconstructible,failure_mining_llm_v3_metrics
fiqa,31,azure+cohere,mixed,failure_mining,debias_position,pairwise,borda,unknown,0.0,0.0,False,0.0,reconstructible,failure_mining_llm_v3_metrics
fiqa,31,azure+cohere,mixed,failure_mining,debias_position,pairwise,pagerank,unknown,0.0,0.0,False,0.0,reconstructible,failure_mining_llm_v3_metrics
fiqa,31,azure+cohere,mixed,failure_mining,debias_position,pairwise,rank_centrality,unknown,0.0,0.0,False,0.0,reconstructible,failure_mining_llm_v3_metrics
fiqa,31,azure+cohere,mixed,failure_mining,debias_position,pairwise,markov_graph,unknown,0.0,0.0,False,0.0,reconstructible,failure_mining_llm_v3_metrics
fiqa,31,azure+cohere,mixed,failure_mining,debias_position,pairwise,markov_graph_repaired,greedy,0.0,0.0,False,0.0,reconstructible,failure_mining_llm_v3_metrics
fiqa,31,azure+cohere,mixed,failure_mining,debias_position,pairwise,greedy_fas_topological,greedy,0.0,0.0,False,0.0,reconstructible,failure_mining_llm_v3_metrics
fiqa,31,azure+cohere,mixed,failure_mining,debias_position,pairwise,prior_only,unknown,0.0,0.0,False,0.0,reconstructible,failure_mining_llm_v3_metrics
fiqa,31,azure+cohere,mixed,failure_mining,debias_position,pairwise,rrf,unknown,0.0,0.0,False,0.0,reconstructible,failure_mining_llm_v3_metrics
fiqa,31,azure+cohere,mixed,failure_mining,debias_position,pairwise,combsum,unknown,0.0,0.0,False,0.0,reconstructible,failure_mining_llm_v3_metrics
fiqa,31,azure+cohere,mixed,failure_mining,debias_position,pairwise,borda_fuse,unknown,0.0,0.0,False,0.0,reconstructible,failure_mining_llm_v3_metrics
fiqa,31,azure+cohere,mixed,failure_mining,debias_position,pairwise,bradley_terry,unknown,0.0,0.0,False,0.0,reconstructible,failure_mining_llm_v3_metrics
fiqa,31,azure+cohere,mixed,failure_mining,debias_position,pairwise,local_kemenization,unknown,0.0,0.0,False,0.0,reconstructible,failure_mining_llm_v3_metrics
fiqa,31,azure+cohere,mixed,failure_mining,debias_position,pairwise,llm_cohere_pairwise,unknown,,,False,0.0,reconstructible,failure_mining_llm_v3_metrics
fiqa,31,azure+cohere,mixed,failure_mining,debias_position,pairwise,llm_azure_pairwise,unknown,,,False,0.0,reconstructible,failure_mining_llm_v3_metrics
fiqa,32,azure+cohere,mixed,failure_mining,debias_position,pairwise,score_sum,unknown,0.3706656904013186,-0.07064171895532007,False,0.0,reconstructible,failure_mining_llm_v3_metrics
fiqa,32,azure+cohere,mixed,failure_mining,debias_position,pairwise,borda,unknown,0.3706656904013186,-0.07064171895532007,False,0.0,reconstructible,failure_mining_llm_v3_metrics
fiqa,32,azure+cohere,mixed,failure_mining,debias_position,pairwise,pagerank,unknown,0.3706656904013186,-0.07064171895532007,False,0.0,reconstructible,failure_mining_llm_v3_metrics
fiqa,32,azure+cohere,mixed,failure_mining,debias_position,pairwise,rank_centrality,unknown,0.48381288316677695,0.042505473810138306,False,0.0,reconstructible,failure_mining_llm_v3_metrics
fiqa,32,azure+cohere,mixed,failure_mining,debias_position,pairwise,markov_graph,unknown,0.44130740935663865,0.0,False,0.0,reconstructible,failure_mining_llm_v3_metrics
fiqa,32,azure+cohere,mixed,failure_mining,debias_position,pairwise,markov_graph_repaired,greedy,0.44130740935663865,0.0,False,0.0,reconstructible,failure_mining_llm_v3_metrics
fiqa,32,azure+cohere,mixed,failure_mining,debias_position,pairwise,greedy_fas_topological,greedy,0.48381288316677695,0.042505473810138306,False,0.0,reconstructible,failure_mining_llm_v3_metrics
fiqa,32,azure+cohere,mixed,failure_mining,debias_position,pairwise,prior_only,unknown,0.3889580943680543,-0.05234931498858436,False,0.0,reconstructible,failure_mining_llm_v3_metrics
fiqa,32,azure+cohere,mixed,failure_mining,debias_position,pairwise,rrf,unknown,0.38162168437253385,-0.05968572498410479,False,0.0,reconstructible,failure_mining_llm_v3_metrics
fiqa,32,azure+cohere,mixed,failure_mining,debias_position,pairwise,combsum,unknown,0.39564672360221187,-0.04566068575442678,False,0.0,reconstructible,failure_mining_llm_v3_metrics
fiqa,32,azure+cohere,mixed,failure_mining,debias_position,pairwise,borda_fuse,unknown,0.38162168437253385,-0.05968572498410479,False,0.0,reconstructible,failure_mining_llm_v3_metrics
fiqa,32,azure+cohere,mixed,failure_mining,debias_position,pairwise,bradley_terry,unknown,0.48381288316677695,0.042505473810138306,False,0.0,reconstructible,failure_mining_llm_v3_metrics
fiqa,32,azure+cohere,mixed,failure_mining,debias_position,pairwise,local_kemenization,unknown,0.36181498356361597,-0.07949242579302268,False,0.0,reconstructible,failure_mining_llm_v3_metrics
fiqa,32,azure+cohere,mixed,failure_mining,debias_position,pairwise,llm_cohere_pairwise,unknown,,,False,0.0,reconstructible,failure_mining_llm_v3_metrics
fiqa,32,azure+cohere,mixed,failure_mining,debias_position,pairwise,llm_azure_pairwise,unknown,,,False,0.0,reconstructible,failure_mining_llm_v3_metrics
fiqa,33,azure+cohere,mixed,failure_mining,debias_position,pairwise,score_sum,unknown,1.0,0.0,False,0.0,reconstructible,failure_mining_llm_v3_metrics
fiqa,33,azure+cohere,mixed,failure_mining,debias_position,pairwise,borda,unknown,1.0,0.0,False,0.0,reconstructible,failure_mining_llm_v3_metrics
fiqa,33,azure+cohere,mixed,failure_mining,debias_position,pairwise,pagerank,unknown,1.0,0.0,False,0.0,reconstructible,failure_mining_llm_v3_metrics
fiqa,33,azure+cohere,mixed,failure_mining,debias_position,pairwise,rank_centrality,unknown,1.0,0.0,False,0.0,reconstructible,failure_mining_llm_v3_metrics
fiqa,33,azure+cohere,mixed,failure_mining,debias_position,pairwise,markov_graph,unknown,1.0,0.0,False,0.0,reconstructible,failure_mining_llm_v3_metrics
fiqa,33,azure+cohere,mixed,failure_mining,debias_position,pairwise,markov_graph_repaired,greedy,1.0,0.0,False,0.0,reconstructible,failure_mining_llm_v3_metrics
fiqa,33,azure+cohere,mixed,failure_mining,debias_position,pairwise,greedy_fas_topological,greedy,1.0,0.0,False,0.0,reconstructible,failure_mining_llm_v3_metrics
fiqa,33,azure+cohere,mixed,failure_mining,debias_position,pairwise,prior_only,unknown,1.0,0.0,False,0.0,reconstructible,failure_mining_llm_v3_metrics
fiqa,33,azure+cohere,mixed,failure_mining,debias_position,pairwise,rrf,unknown,1.0,0.0,False,0.0,reconstructible,failure_mining_llm_v3_metrics
fiqa,33,azure+cohere,mixed,failure_mining,debias_position,pairwise,combsum,unknown,1.0,0.0,False,0.0,reconstructible,failure_mining_llm_v3_metrics
fiqa,33,azure+cohere,mixed,failure_mining,debias_position,pairwise,borda_fuse,unknown,1.0,0.0,False,0.0,reconstructible,failure_mining_llm_v3_metrics
fiqa,33,azure+cohere,mixed,failure_mining,debias_position,pairwise,bradley_terry,unknown,1.0,0.0,False,0.0,reconstructible,failure_mining_llm_v3_metrics
fiqa,33,azure+cohere,mixed,failure_mining,debias_position,pairwise,local_kemenization,unknown,1.0,0.0,False,0.0,reconstructible,failure_mining_llm_v3_metrics
fiqa,33,azure+cohere,mixed,failure_mining,debias_position,pairwise,llm_cohere_pairwise,unknown,,,False,0.0,reconstructible,failure_mining_llm_v3_metrics
fiqa,33,azure+cohere,mixed,failure_mining,debias_position,pairwise,llm_azure_pairwise,unknown,,,False,0.0,reconstructible,failure_mining_llm_v3_metrics
fiqa,35,azure+cohere,mixed,failure_mining,debias_position,pairwise,score_sum,unknown,0.0,0.0,False,0.0,reconstructible,failure_mining_llm_v3_metrics
fiqa,35,azure+cohere,mixed,failure_mining,debias_position,pairwise,borda,unknown,0.0,0.0,False,0.0,reconstructible,failure_mining_llm_v3_metrics
fiqa,35,azure+cohere,mixed,failure_mining,debias_position,pairwise,pagerank,unknown,0.0,0.0,False,0.0,reconstructible,failure_mining_llm_v3_metrics
fiqa,35,azure+cohere,mixed,failure_mining,debias_position,pairwise,rank_centrality,unknown,0.0,0.0,False,0.0,reconstructible,failure_mining_llm_v3_metrics
fiqa,35,azure+cohere,mixed,failure_mining,debias_position,pairwise,markov_graph,unknown,0.0,0.0,False,0.0,reconstructible,failure_mining_llm_v3_metrics
fiqa,35,azure+cohere,mixed,failure_mining,debias_position,pairwise,markov_graph_repaired,greedy,0.0,0.0,False,0.0,reconstructible,failure_mining_llm_v3_metrics
fiqa,35,azure+cohere,mixed,failure_mining,debias_position,pairwise,greedy_fas_topological,greedy,0.0,0.0,False,0.0,reconstructible,failure_mining_llm_v3_metrics
fiqa,35,azure+cohere,mixed,failure_mining,debias_position,pairwise,prior_only,unknown,0.0,0.0,False,0.0,reconstructible,failure_mining_llm_v3_metrics
fiqa,35,azure+cohere,mixed,failure_mining,debias_position,pairwise,rrf,unknown,0.0,0.0,False,0.0,reconstructible,failure_mining_llm_v3_metrics
fiqa,35,azure+cohere,mixed,failure_mining,debias_position,pairwise,combsum,unknown,0.0,0.0,False,0.0,reconstructible,failure_mining_llm_v3_metrics
fiqa,35,azure+cohere,mixed,failure_mining,debias_position,pairwise,borda_fuse,unknown,0.0,0.0,False,0.0,reconstructible,failure_mining_llm_v3_metrics
fiqa,35,azure+cohere,mixed,failure_mining,debias_position,pairwise,bradley_terry,unknown,0.0,0.0,False,0.0,reconstructible,failure_mining_llm_v3_metrics
fiqa,35,azure+cohere,mixed,failure_mining,debias_position,pairwise,local_kemenization,unknown,0.0,0.0,False,0.0,reconstructible,failure_mining_llm_v3_metrics
fiqa,35,azure+cohere,mixed,failure_mining,debias_position,pairwise,llm_cohere_pairwise,unknown,,,False,0.0,reconstructible,failure_mining_llm_v3_metrics
fiqa,35,azure+cohere,mixed,failure_mining,debias_position,pairwise,llm_azure_pairwise,unknown,,,False,0.0,reconstructible,failure_mining_llm_v3_metrics
fiqa,37,azure+cohere,mixed,failure_mining,debias_position,pairwise,score_sum,unknown,0.0,0.0,False,0.0,reconstructible,failure_mining_llm_v3_metrics
fiqa,37,azure+cohere,mixed,failure_mining,debias_position,pairwise,borda,unknown,0.0,0.0,False,0.0,reconstructible,failure_mining_llm_v3_metrics
fiqa,37,azure+cohere,mixed,failure_mining,debias_position,pairwise,pagerank,unknown,0.0,0.0,False,0.0,reconstructible,failure_mining_llm_v3_metrics
fiqa,37,azure+cohere,mixed,failure_mining,debias_position,pairwise,rank_centrality,unknown,0.0,0.0,False,0.0,reconstructible,failure_mining_llm_v3_metrics
fiqa,37,azure+cohere,mixed,failure_mining,debias_position,pairwise,markov_graph,unknown,0.0,0.0,False,0.0,reconstructible,failure_mining_llm_v3_metrics
fiqa,37,azure+cohere,mixed,failure_mining,debias_position,pairwise,markov_graph_repaired,greedy,0.0,0.0,False,0.0,reconstructible,failure_mining_llm_v3_metrics
fiqa,37,azure+cohere,mixed,failure_mining,debias_position,pairwise,greedy_fas_topological,greedy,0.0,0.0,False,0.0,reconstructible,failure_mining_llm_v3_metrics
fiqa,37,azure+cohere,mixed,failure_mining,debias_position,pairwise,prior_only,unknown,0.0,0.0,False,0.0,reconstructible,failure_mining_llm_v3_metrics
fiqa,37,azure+cohere,mixed,failure_mining,debias_position,pairwise,rrf,unknown,0.0,0.0,False,0.0,reconstructible,failure_mining_llm_v3_metrics
fiqa,37,azure+cohere,mixed,failure_mining,debias_position,pairwise,combsum,unknown,0.0,0.0,False,0.0,reconstructible,failure_mining_llm_v3_metrics
fiqa,37,azure+cohere,mixed,failure_mining,debias_position,pairwise,borda_fuse,unknown,0.0,0.0,False,0.0,reconstructible,failure_mining_llm_v3_metrics
fiqa,37,azure+cohere,mixed,failure_mining,debias_position,pairwise,bradley_terry,unknown,0.0,0.0,False,0.0,reconstructible,failure_mining_llm_v3_metrics
fiqa,37,azure+cohere,mixed,failure_mining,debias_position,pairwise,local_kemenization,unknown,0.0,0.0,False,0.0,reconstructible,failure_mining_llm_v3_metrics
fiqa,37,azure+cohere,mixed,failure_mining,debias_position,pairwise,llm_cohere_pairwise,unknown,,,False,0.0,reconstructible,failure_mining_llm_v3_metrics
fiqa,37,azure+cohere,mixed,failure_mining,debias_position,pairwise,llm_azure_pairwise,unknown,,,False,0.0,reconstructible,failure_mining_llm_v3_metrics
fiqa,0,azure+cohere,mixed,failure_mining,debias_position,pairwise,score_sum,unknown,0.0,0.0,False,0.0,reconstructible,failure_mining_llm_v3_metrics
fiqa,0,azure+cohere,mixed,failure_mining,debias_position,pairwise,borda,unknown,0.0,0.0,False,0.0,reconstructible,failure_mining_llm_v3_metrics
fiqa,0,azure+cohere,mixed,failure_mining,debias_position,pairwise,pagerank,unknown,0.0,0.0,False,0.0,reconstructible,failure_mining_llm_v3_metrics
fiqa,0,azure+cohere,mixed,failure_mining,debias_position,pairwise,rank_centrality,unknown,0.0,0.0,False,0.0,reconstructible,failure_mining_llm_v3_metrics
fiqa,0,azure+cohere,mixed,failure_mining,debias_position,pairwise,markov_graph,unknown,0.0,0.0,False,0.0,reconstructible,failure_mining_llm_v3_metrics
fiqa,0,azure+cohere,mixed,failure_mining,debias_position,pairwise,markov_graph_repaired,greedy,0.0,0.0,False,0.0,reconstructible,failure_mining_llm_v3_metrics
fiqa,0,azure+cohere,mixed,failure_mining,debias_position,pairwise,greedy_fas_topological,greedy,0.0,0.0,False,0.0,reconstructible,failure_mining_llm_v3_metrics
fiqa,0,azure+cohere,mixed,failure_mining,debias_position,pairwise,prior_only,unknown,0.0,0.0,False,0.0,reconstructible,failure_mining_llm_v3_metrics
fiqa,0,azure+cohere,mixed,failure_mining,debias_position,pairwise,rrf,unknown,0.0,0.0,False,0.0,reconstructible,failure_mining_llm_v3_metrics
fiqa,0,azure+cohere,mixed,failure_mining,debias_position,pairwise,combsum,unknown,0.0,0.0,False,0.0,reconstructible,failure_mining_llm_v3_metrics
fiqa,0,azure+cohere,mixed,failure_mining,debias_position,pairwise,borda_fuse,unknown,0.0,0.0,False,0.0,reconstructible,failure_mining_llm_v3_metrics
fiqa,0,azure+cohere,mixed,failure_mining,debias_position,pairwise,bradley_terry,unknown,0.0,0.0,False,0.0,reconstructible,failure_mining_llm_v3_metrics
fiqa,0,azure+cohere,mixed,failure_mining,debias_position,pairwise,local_kemenization,unknown,0.0,0.0,False,0.0,reconstructible,failure_mining_llm_v3_metrics
fiqa,0,azure+cohere,mixed,failure_mining,debias_position,pairwise,llm_cohere_pairwise,unknown,,,False,0.0,reconstructible,failure_mining_llm_v3_metrics
fiqa,0,azure+cohere,mixed,failure_mining,debias_position,pairwise,llm_azure_pairwise,unknown,,,False,0.0,reconstructible,failure_mining_llm_v3_metrics
fiqa,4,azure+cohere,mixed,failure_mining,debias_position,pairwise,score_sum,unknown,0.0,0.0,False,0.0,reconstructible,failure_mining_llm_v3_metrics
fiqa,4,azure+cohere,mixed,failure_mining,debias_position,pairwise,borda,unknown,0.0,0.0,False,0.0,reconstructible,failure_mining_llm_v3_metrics
fiqa,4,azure+cohere,mixed,failure_mining,debias_position,pairwise,pagerank,unknown,0.0,0.0,False,0.0,reconstructible,failure_mining_llm_v3_metrics
fiqa,4,azure+cohere,mixed,failure_mining,debias_position,pairwise,rank_centrality,unknown,0.0,0.0,False,0.0,reconstructible,failure_mining_llm_v3_metrics
fiqa,4,azure+cohere,mixed,failure_mining,debias_position,pairwise,markov_graph,unknown,0.0,0.0,False,0.0,reconstructible,failure_mining_llm_v3_metrics
fiqa,4,azure+cohere,mixed,failure_mining,debias_position,pairwise,markov_graph_repaired,greedy,0.0,0.0,False,0.0,reconstructible,failure_mining_llm_v3_metrics
fiqa,4,azure+cohere,mixed,failure_mining,debias_position,pairwise,greedy_fas_topological,greedy,0.0,0.0,False,0.0,reconstructible,failure_mining_llm_v3_metrics
fiqa,4,azure+cohere,mixed,failure_mining,debias_position,pairwise,prior_only,unknown,0.0,0.0,False,0.0,reconstructible,failure_mining_llm_v3_metrics
fiqa,4,azure+cohere,mixed,failure_mining,debias_position,pairwise,rrf,unknown,0.0,0.0,False,0.0,reconstructible,failure_mining_llm_v3_metrics
fiqa,4,azure+cohere,mixed,failure_mining,debias_position,pairwise,combsum,unknown,0.0,0.0,False,0.0,reconstructible,failure_mining_llm_v3_metrics
fiqa,4,azure+cohere,mixed,failure_mining,debias_position,pairwise,borda_fuse,unknown,0.0,0.0,False,0.0,reconstructible,failure_mining_llm_v3_metrics
fiqa,4,azure+cohere,mixed,failure_mining,debias_position,pairwise,bradley_terry,unknown,0.0,0.0,False,0.0,reconstructible,failure_mining_llm_v3_metrics
fiqa,4,azure+cohere,mixed,failure_mining,debias_position,pairwise,local_kemenization,unknown,0.0,0.0,False,0.0,reconstructible,failure_mining_llm_v3_metrics
fiqa,4,azure+cohere,mixed,failure_mining,debias_position,pairwise,llm_cohere_pairwise,unknown,,,False,0.0,reconstructible,failure_mining_llm_v3_metrics
fiqa,4,azure+cohere,mixed,failure_mining,debias_position,pairwise,llm_azure_pairwise,unknown,,,False,0.0,reconstructible,failure_mining_llm_v3_metrics
fiqa,5,azure+cohere,mixed,failure_mining,debias_position,pairwise,score_sum,unknown,0.0,0.0,False,0.0,reconstructible,failure_mining_llm_v3_metrics
fiqa,5,azure+cohere,mixed,failure_mining,debias_position,pairwise,borda,unknown,0.0,0.0,False,0.0,reconstructible,failure_mining_llm_v3_metrics
fiqa,5,azure+cohere,mixed,failure_mining,debias_position,pairwise,pagerank,unknown,0.0,0.0,False,0.0,reconstructible,failure_mining_llm_v3_metrics
fiqa,5,azure+cohere,mixed,failure_mining,debias_position,pairwise,rank_centrality,unknown,0.0,0.0,False,0.0,reconstructible,failure_mining_llm_v3_metrics
fiqa,5,azure+cohere,mixed,failure_mining,debias_position,pairwise,markov_graph,unknown,0.0,0.0,False,0.0,reconstructible,failure_mining_llm_v3_metrics
fiqa,5,azure+cohere,mixed,failure_mining,debias_position,pairwise,markov_graph_repaired,greedy,0.0,0.0,False,0.0,reconstructible,failure_mining_llm_v3_metrics
fiqa,5,azure+cohere,mixed,failure_mining,debias_position,pairwise,greedy_fas_topological,greedy,0.0,0.0,False,0.0,reconstructible,failure_mining_llm_v3_metrics
fiqa,5,azure+cohere,mixed,failure_mining,debias_position,pairwise,prior_only,unknown,0.0,0.0,False,0.0,reconstructible,failure_mining_llm_v3_metrics
fiqa,5,azure+cohere,mixed,failure_mining,debias_position,pairwise,rrf,unknown,0.0,0.0,False,0.0,reconstructible,failure_mining_llm_v3_metrics
fiqa,5,azure+cohere,mixed,failure_mining,debias_position,pairwise,combsum,unknown,0.0,0.0,False,0.0,reconstructible,failure_mining_llm_v3_metrics
fiqa,5,azure+cohere,mixed,failure_mining,debias_position,pairwise,borda_fuse,unknown,0.0,0.0,False,0.0,reconstructible,failure_mining_llm_v3_metrics
fiqa,5,azure+cohere,mixed,failure_mining,debias_position,pairwise,bradley_terry,unknown,0.0,0.0,False,0.0,reconstructible,failure_mining_llm_v3_metrics
fiqa,5,azure+cohere,mixed,failure_mining,debias_position,pairwise,local_kemenization,unknown,0.0,0.0,False,0.0,reconstructible,failure_mining_llm_v3_metrics
fiqa,5,azure+cohere,mixed,failure_mining,debias_position,pairwise,llm_cohere_pairwise,unknown,,,False,0.0,reconstructible,failure_mining_llm_v3_metrics
fiqa,5,azure+cohere,mixed,failure_mining,debias_position,pairwise,llm_azure_pairwise,unknown,,,False,0.0,reconstructible,failure_mining_llm_v3_metrics
fiqa,6,azure+cohere,mixed,failure_mining,debias_position,pairwise,score_sum,unknown,0.6509209298071326,0.0,False,0.0,reconstructible,failure_mining_llm_v3_metrics
fiqa,6,azure+cohere,mixed,failure_mining,debias_position,pairwise,borda,unknown,0.5706417189553201,-0.08027921085181244,False,0.0,reconstructible,failure_mining_llm_v3_metrics
fiqa,6,azure+cohere,mixed,failure_mining,debias_position,pairwise,pagerank,unknown,0.6509209298071326,0.0,False,0.0,reconstructible,failure_mining_llm_v3_metrics
fiqa,6,azure+cohere,mixed,failure_mining,debias_position,pairwise,rank_centrality,unknown,0.5706417189553201,-0.08027921085181244,False,0.0,reconstructible,failure_mining_llm_v3_metrics
fiqa,6,azure+cohere,mixed,failure_mining,debias_position,pairwise,markov_graph,unknown,0.6509209298071326,0.0,False,0.0,reconstructible,failure_mining_llm_v3_metrics
fiqa,6,azure+cohere,mixed,failure_mining,debias_position,pairwise,markov_graph_repaired,greedy,0.6509209298071326,0.0,False,0.0,reconstructible,failure_mining_llm_v3_metrics
fiqa,6,azure+cohere,mixed,failure_mining,debias_position,pairwise,greedy_fas_topological,greedy,0.5706417189553201,-0.08027921085181244,False,0.0,reconstructible,failure_mining_llm_v3_metrics
fiqa,6,azure+cohere,mixed,failure_mining,debias_position,pairwise,prior_only,unknown,0.5706417189553201,-0.08027921085181244,False,0.0,reconstructible,failure_mining_llm_v3_metrics
fiqa,6,azure+cohere,mixed,failure_mining,debias_position,pairwise,rrf,unknown,0.5706417189553201,-0.08027921085181244,False,0.0,reconstructible,failure_mining_llm_v3_metrics
fiqa,6,azure+cohere,mixed,failure_mining,debias_position,pairwise,combsum,unknown,0.5706417189553201,-0.08027921085181244,False,0.0,reconstructible,failure_mining_llm_v3_metrics
fiqa,6,azure+cohere,mixed,failure_mining,debias_position,pairwise,borda_fuse,unknown,0.5706417189553201,-0.08027921085181244,False,0.0,reconstructible,failure_mining_llm_v3_metrics
fiqa,6,azure+cohere,mixed,failure_mining,debias_position,pairwise,bradley_terry,unknown,0.5706417189553201,-0.08027921085181244,False,0.0,reconstructible,failure_mining_llm_v3_metrics
fiqa,6,azure+cohere,mixed,failure_mining,debias_position,pairwise,local_kemenization,unknown,0.5706417189553201,-0.08027921085181244,False,0.0,reconstructible,failure_mining_llm_v3_metrics
fiqa,6,azure+cohere,mixed,failure_mining,debias_position,pairwise,llm_cohere_pairwise,unknown,,,False,0.0,reconstructible,failure_mining_llm_v3_metrics
fiqa,6,azure+cohere,mixed,failure_mining,debias_position,pairwise,llm_azure_pairwise,unknown,,,False,0.0,reconstructible,failure_mining_llm_v3_metrics
fiqa,7,azure+cohere,mixed,failure_mining,debias_position,pairwise,score_sum,unknown,0.0,0.0,False,0.0,reconstructible,failure_mining_llm_v3_metrics
fiqa,7,azure+cohere,mixed,failure_mining,debias_position,pairwise,borda,unknown,0.0,0.0,False,0.0,reconstructible,failure_mining_llm_v3_metrics
fiqa,7,azure+cohere,mixed,failure_mining,debias_position,pairwise,pagerank,unknown,0.0,0.0,False,0.0,reconstructible,failure_mining_llm_v3_metrics
fiqa,7,azure+cohere,mixed,failure_mining,debias_position,pairwise,rank_centrality,unknown,0.0,0.0,False,0.0,reconstructible,failure_mining_llm_v3_metrics
fiqa,7,azure+cohere,mixed,failure_mining,debias_position,pairwise,markov_graph,unknown,0.0,0.0,False,0.0,reconstructible,failure_mining_llm_v3_metrics
fiqa,7,azure+cohere,mixed,failure_mining,debias_position,pairwise,markov_graph_repaired,greedy,0.0,0.0,False,0.0,reconstructible,failure_mining_llm_v3_metrics
fiqa,7,azure+cohere,mixed,failure_mining,debias_position,pairwise,greedy_fas_topological,greedy,0.0,0.0,False,0.0,reconstructible,failure_mining_llm_v3_metrics
fiqa,7,azure+cohere,mixed,failure_mining,debias_position,pairwise,prior_only,unknown,0.0,0.0,False,0.0,reconstructible,failure_mining_llm_v3_metrics
fiqa,7,azure+cohere,mixed,failure_mining,debias_position,pairwise,rrf,unknown,0.0,0.0,False,0.0,reconstructible,failure_mining_llm_v3_metrics
fiqa,7,azure+cohere,mixed,failure_mining,debias_position,pairwise,combsum,unknown,0.0,0.0,False,0.0,reconstructible,failure_mining_llm_v3_metrics
fiqa,7,azure+cohere,mixed,failure_mining,debias_position,pairwise,borda_fuse,unknown,0.0,0.0,False,0.0,reconstructible,failure_mining_llm_v3_metrics
fiqa,7,azure+cohere,mixed,failure_mining,debias_position,pairwise,bradley_terry,unknown,0.0,0.0,False,0.0,reconstructible,failure_mining_llm_v3_metrics
fiqa,7,azure+cohere,mixed,failure_mining,debias_position,pairwise,local_kemenization,unknown,0.0,0.0,False,0.0,reconstructible,failure_mining_llm_v3_metrics
fiqa,7,azure+cohere,mixed,failure_mining,debias_position,pairwise,llm_cohere_pairwise,unknown,,,False,0.0,reconstructible,failure_mining_llm_v3_metrics
fiqa,7,azure+cohere,mixed,failure_mining,debias_position,pairwise,llm_azure_pairwise,unknown,,,False,0.0,reconstructible,failure_mining_llm_v3_metrics
fiqa,9,azure+cohere,mixed,failure_mining,debias_position,pairwise,score_sum,unknown,0.0,0.0,False,0.0,reconstructible,failure_mining_llm_v3_metrics
fiqa,9,azure+cohere,mixed,failure_mining,debias_position,pairwise,borda,unknown,0.0,0.0,False,0.0,reconstructible,failure_mining_llm_v3_metrics
fiqa,9,azure+cohere,mixed,failure_mining,debias_position,pairwise,pagerank,unknown,0.0,0.0,False,0.0,reconstructible,failure_mining_llm_v3_metrics
fiqa,9,azure+cohere,mixed,failure_mining,debias_position,pairwise,rank_centrality,unknown,0.0,0.0,False,0.0,reconstructible,failure_mining_llm_v3_metrics
fiqa,9,azure+cohere,mixed,failure_mining,debias_position,pairwise,markov_graph,unknown,0.0,0.0,False,0.0,reconstructible,failure_mining_llm_v3_metrics
fiqa,9,azure+cohere,mixed,failure_mining,debias_position,pairwise,markov_graph_repaired,greedy,0.0,0.0,False,0.0,reconstructible,failure_mining_llm_v3_metrics
fiqa,9,azure+cohere,mixed,failure_mining,debias_position,pairwise,greedy_fas_topological,greedy,0.0,0.0,False,0.0,reconstructible,failure_mining_llm_v3_metrics
fiqa,9,azure+cohere,mixed,failure_mining,debias_position,pairwise,prior_only,unknown,0.0,0.0,False,0.0,reconstructible,failure_mining_llm_v3_metrics
fiqa,9,azure+cohere,mixed,failure_mining,debias_position,pairwise,rrf,unknown,0.0,0.0,False,0.0,reconstructible,failure_mining_llm_v3_metrics
fiqa,9,azure+cohere,mixed,failure_mining,debias_position,pairwise,combsum,unknown,0.0,0.0,False,0.0,reconstructible,failure_mining_llm_v3_metrics
fiqa,9,azure+cohere,mixed,failure_mining,debias_position,pairwise,borda_fuse,unknown,0.0,0.0,False,0.0,reconstructible,failure_mining_llm_v3_metrics
fiqa,9,azure+cohere,mixed,failure_mining,debias_position,pairwise,bradley_terry,unknown,0.0,0.0,False,0.0,reconstructible,failure_mining_llm_v3_metrics
fiqa,9,azure+cohere,mixed,failure_mining,debias_position,pairwise,local_kemenization,unknown,0.0,0.0,False,0.0,reconstructible,failure_mining_llm_v3_metrics
fiqa,9,azure+cohere,mixed,failure_mining,debias_position,pairwise,llm_cohere_pairwise,unknown,,,False,0.0,reconstructible,failure_mining_llm_v3_metrics
fiqa,9,azure+cohere,mixed,failure_mining,debias_position,pairwise,llm_azure_pairwise,unknown,,,False,0.0,reconstructible,failure_mining_llm_v3_metrics
fiqa,11,azure+cohere,mixed,failure_mining,debias_position,pairwise,score_sum,unknown,0.0,0.0,False,0.0,reconstructible,failure_mining_llm_v3_metrics
fiqa,11,azure+cohere,mixed,failure_mining,debias_position,pairwise,borda,unknown,0.0,0.0,False,0.0,reconstructible,failure_mining_llm_v3_metrics
fiqa,11,azure+cohere,mixed,failure_mining,debias_position,pairwise,pagerank,unknown,0.0,0.0,False,0.0,reconstructible,failure_mining_llm_v3_metrics
fiqa,11,azure+cohere,mixed,failure_mining,debias_position,pairwise,rank_centrality,unknown,0.0,0.0,False,0.0,reconstructible,failure_mining_llm_v3_metrics
fiqa,11,azure+cohere,mixed,failure_mining,debias_position,pairwise,markov_graph,unknown,0.0,0.0,False,0.0,reconstructible,failure_mining_llm_v3_metrics
fiqa,11,azure+cohere,mixed,failure_mining,debias_position,pairwise,markov_graph_repaired,greedy,0.0,0.0,False,0.0,reconstructible,failure_mining_llm_v3_metrics
fiqa,11,azure+cohere,mixed,failure_mining,debias_position,pairwise,greedy_fas_topological,greedy,0.0,0.0,False,0.0,reconstructible,failure_mining_llm_v3_metrics
fiqa,11,azure+cohere,mixed,failure_mining,debias_position,pairwise,prior_only,unknown,0.0,0.0,False,0.0,reconstructible,failure_mining_llm_v3_metrics
fiqa,11,azure+cohere,mixed,failure_mining,debias_position,pairwise,rrf,unknown,0.0,0.0,False,0.0,reconstructible,failure_mining_llm_v3_metrics
fiqa,11,azure+cohere,mixed,failure_mining,debias_position,pairwise,combsum,unknown,0.0,0.0,False,0.0,reconstructible,failure_mining_llm_v3_metrics
fiqa,11,azure+cohere,mixed,failure_mining,debias_position,pairwise,borda_fuse,unknown,0.0,0.0,False,0.0,reconstructible,failure_mining_llm_v3_metrics
fiqa,11,azure+cohere,mixed,failure_mining,debias_position,pairwise,bradley_terry,unknown,0.0,0.0,False,0.0,reconstructible,failure_mining_llm_v3_metrics
fiqa,11,azure+cohere,mixed,failure_mining,debias_position,pairwise,local_kemenization,unknown,0.0,0.0,False,0.0,reconstructible,failure_mining_llm_v3_metrics
fiqa,11,azure+cohere,mixed,failure_mining,debias_position,pairwise,llm_cohere_pairwise,unknown,,,False,0.0,reconstructible,failure_mining_llm_v3_metrics
fiqa,11,azure+cohere,mixed,failure_mining,debias_position,pairwise,llm_azure_pairwise,unknown,,,False,0.0,reconstructible,failure_mining_llm_v3_metrics
fiqa,12,azure+cohere,mixed,failure_mining,debias_position,pairwise,score_sum,unknown,0.6309297535714575,-0.36907024642854247,False,0.0,reconstructible,failure_mining_llm_v3_metrics
fiqa,12,azure+cohere,mixed,failure_mining,debias_position,pairwise,borda,unknown,0.6309297535714575,-0.36907024642854247,False,0.0,reconstructible,failure_mining_llm_v3_metrics
fiqa,12,azure+cohere,mixed,failure_mining,debias_position,pairwise,pagerank,unknown,0.6309297535714575,-0.36907024642854247,False,0.0,reconstructible,failure_mining_llm_v3_metrics
fiqa,12,azure+cohere,mixed,failure_mining,debias_position,pairwise,rank_centrality,unknown,0.6309297535714575,-0.36907024642854247,False,0.0,reconstructible,failure_mining_llm_v3_metrics
fiqa,12,azure+cohere,mixed,failure_mining,debias_position,pairwise,markov_graph,unknown,1.0,0.0,False,0.0,reconstructible,failure_mining_llm_v3_metrics
fiqa,12,azure+cohere,mixed,failure_mining,debias_position,pairwise,markov_graph_repaired,greedy,1.0,0.0,False,0.0,reconstructible,failure_mining_llm_v3_metrics
fiqa,12,azure+cohere,mixed,failure_mining,debias_position,pairwise,greedy_fas_topological,greedy,0.5,-0.5,False,0.0,reconstructible,failure_mining_llm_v3_metrics
fiqa,12,azure+cohere,mixed,failure_mining,debias_position,pairwise,prior_only,unknown,1.0,0.0,False,0.0,reconstructible,failure_mining_llm_v3_metrics
fiqa,12,azure+cohere,mixed,failure_mining,debias_position,pairwise,rrf,unknown,0.6309297535714575,-0.36907024642854247,False,0.0,reconstructible,failure_mining_llm_v3_metrics
fiqa,12,azure+cohere,mixed,failure_mining,debias_position,pairwise,combsum,unknown,0.5,-0.5,False,0.0,reconstructible,failure_mining_llm_v3_metrics
fiqa,12,azure+cohere,mixed,failure_mining,debias_position,pairwise,borda_fuse,unknown,0.6309297535714575,-0.36907024642854247,False,0.0,reconstructible,failure_mining_llm_v3_metrics
fiqa,12,azure+cohere,mixed,failure_mining,debias_position,pairwise,bradley_terry,unknown,0.6309297535714575,-0.36907024642854247,False,0.0,reconstructible,failure_mining_llm_v3_metrics
fiqa,12,azure+cohere,mixed,failure_mining,debias_position,pairwise,local_kemenization,unknown,0.6309297535714575,-0.36907024642854247,False,0.0,reconstructible,failure_mining_llm_v3_metrics
fiqa,12,azure+cohere,mixed,failure_mining,debias_position,pairwise,llm_cohere_pairwise,unknown,,,False,0.0,reconstructible,failure_mining_llm_v3_metrics
fiqa,12,azure+cohere,mixed,failure_mining,debias_position,pairwise,llm_azure_pairwise,unknown,,,False,0.0,reconstructible,failure_mining_llm_v3_metrics
fiqa,13,azure+cohere,mixed,failure_mining,debias_position,pairwise,score_sum,unknown,0.0,0.0,False,0.0,reconstructible,failure_mining_llm_v3_metrics
fiqa,13,azure+cohere,mixed,failure_mining,debias_position,pairwise,borda,unknown,0.0,0.0,False,0.0,reconstructible,failure_mining_llm_v3_metrics
fiqa,13,azure+cohere,mixed,failure_mining,debias_position,pairwise,pagerank,unknown,0.0,0.0,False,0.0,reconstructible,failure_mining_llm_v3_metrics
fiqa,13,azure+cohere,mixed,failure_mining,debias_position,pairwise,rank_centrality,unknown,0.0,0.0,False,0.0,reconstructible,failure_mining_llm_v3_metrics
fiqa,13,azure+cohere,mixed,failure_mining,debias_position,pairwise,markov_graph,unknown,0.0,0.0,False,0.0,reconstructible,failure_mining_llm_v3_metrics
fiqa,13,azure+cohere,mixed,failure_mining,debias_position,pairwise,markov_graph_repaired,greedy,0.0,0.0,False,0.0,reconstructible,failure_mining_llm_v3_metrics
fiqa,13,azure+cohere,mixed,failure_mining,debias_position,pairwise,greedy_fas_topological,greedy,0.0,0.0,False,0.0,reconstructible,failure_mining_llm_v3_metrics
fiqa,13,azure+cohere,mixed,failure_mining,debias_position,pairwise,prior_only,unknown,0.0,0.0,False,0.0,reconstructible,failure_mining_llm_v3_metrics
fiqa,13,azure+cohere,mixed,failure_mining,debias_position,pairwise,rrf,unknown,0.0,0.0,False,0.0,reconstructible,failure_mining_llm_v3_metrics
fiqa,13,azure+cohere,mixed,failure_mining,debias_position,pairwise,combsum,unknown,0.0,0.0,False,0.0,reconstructible,failure_mining_llm_v3_metrics
fiqa,13,azure+cohere,mixed,failure_mining,debias_position,pairwise,borda_fuse,unknown,0.0,0.0,False,0.0,reconstructible,failure_mining_llm_v3_metrics
fiqa,13,azure+cohere,mixed,failure_mining,debias_position,pairwise,bradley_terry,unknown,0.0,0.0,False,0.0,reconstructible,failure_mining_llm_v3_metrics
fiqa,13,azure+cohere,mixed,failure_mining,debias_position,pairwise,local_kemenization,unknown,0.0,0.0,False,0.0,reconstructible,failure_mining_llm_v3_metrics
fiqa,13,azure+cohere,mixed,failure_mining,debias_position,pairwise,llm_cohere_pairwise,unknown,,,False,0.0,reconstructible,failure_mining_llm_v3_metrics
fiqa,13,azure+cohere,mixed,failure_mining,debias_position,pairwise,llm_azure_pairwise,unknown,,,False,0.0,reconstructible,failure_mining_llm_v3_metrics
fiqa,14,azure+cohere,mixed,failure_mining,debias_position,pairwise,score_sum,unknown,1.0,0.0,False,0.0,reconstructible,failure_mining_llm_v3_metrics
fiqa,14,azure+cohere,mixed,failure_mining,debias_position,pairwise,borda,unknown,1.0,0.0,False,0.0,reconstructible,failure_mining_llm_v3_metrics
fiqa,14,azure+cohere,mixed,failure_mining,debias_position,pairwise,pagerank,unknown,1.0,0.0,False,0.0,reconstructible,failure_mining_llm_v3_metrics
fiqa,14,azure+cohere,mixed,failure_mining,debias_position,pairwise,rank_centrality,unknown,1.0,0.0,False,0.0,reconstructible,failure_mining_llm_v3_metrics
fiqa,14,azure+cohere,mixed,failure_mining,debias_position,pairwise,markov_graph,unknown,1.0,0.0,False,0.0,reconstructible,failure_mining_llm_v3_metrics
fiqa,14,azure+cohere,mixed,failure_mining,debias_position,pairwise,markov_graph_repaired,greedy,1.0,0.0,False,0.0,reconstructible,failure_mining_llm_v3_metrics
fiqa,14,azure+cohere,mixed,failure_mining,debias_position,pairwise,greedy_fas_topological,greedy,1.0,0.0,False,0.0,reconstructible,failure_mining_llm_v3_metrics
fiqa,14,azure+cohere,mixed,failure_mining,debias_position,pairwise,prior_only,unknown,1.0,0.0,False,0.0,reconstructible,failure_mining_llm_v3_metrics
fiqa,14,azure+cohere,mixed,failure_mining,debias_position,pairwise,rrf,unknown,1.0,0.0,False,0.0,reconstructible,failure_mining_llm_v3_metrics
fiqa,14,azure+cohere,mixed,failure_mining,debias_position,pairwise,combsum,unknown,1.0,0.0,False,0.0,reconstructible,failure_mining_llm_v3_metrics
fiqa,14,azure+cohere,mixed,failure_mining,debias_position,pairwise,borda_fuse,unknown,1.0,0.0,False,0.0,reconstructible,failure_mining_llm_v3_metrics
fiqa,14,azure+cohere,mixed,failure_mining,debias_position,pairwise,bradley_terry,unknown,1.0,0.0,False,0.0,reconstructible,failure_mining_llm_v3_metrics
fiqa,14,azure+cohere,mixed,failure_mining,debias_position,pairwise,local_kemenization,unknown,1.0,0.0,False,0.0,reconstructible,failure_mining_llm_v3_metrics
fiqa,14,azure+cohere,mixed,failure_mining,debias_position,pairwise,llm_cohere_pairwise,unknown,,,False,0.0,reconstructible,failure_mining_llm_v3_metrics
fiqa,14,azure+cohere,mixed,failure_mining,debias_position,pairwise,llm_azure_pairwise,unknown,,,False,0.0,reconstructible,failure_mining_llm_v3_metrics
fiqa,16,azure+cohere,mixed,failure_mining,debias_position,pairwise,score_sum,unknown,0.0,0.0,True,0.19525843858718872,reconstructible,failure_mining_llm_v3_metrics
fiqa,16,azure+cohere,mixed,failure_mining,debias_position,pairwise,borda,unknown,0.0,0.0,True,0.19525843858718872,reconstructible,failure_mining_llm_v3_metrics
fiqa,16,azure+cohere,mixed,failure_mining,debias_position,pairwise,pagerank,unknown,0.0,0.0,True,0.19525843858718872,reconstructible,failure_mining_llm_v3_metrics
fiqa,16,azure+cohere,mixed,failure_mining,debias_position,pairwise,rank_centrality,unknown,0.0,0.0,True,0.19525843858718872,reconstructible,failure_mining_llm_v3_metrics
fiqa,16,azure+cohere,mixed,failure_mining,debias_position,pairwise,markov_graph,unknown,0.0,0.0,True,0.19525843858718872,reconstructible,failure_mining_llm_v3_metrics
fiqa,16,azure+cohere,mixed,failure_mining,debias_position,pairwise,markov_graph_repaired,greedy,0.0,0.0,True,0.19525843858718872,reconstructible,failure_mining_llm_v3_metrics
fiqa,16,azure+cohere,mixed,failure_mining,debias_position,pairwise,greedy_fas_topological,greedy,0.0,0.0,True,0.19525843858718872,reconstructible,failure_mining_llm_v3_metrics
fiqa,16,azure+cohere,mixed,failure_mining,debias_position,pairwise,prior_only,unknown,0.0,0.0,True,0.19525843858718872,reconstructible,failure_mining_llm_v3_metrics
fiqa,16,azure+cohere,mixed,failure_mining,debias_position,pairwise,rrf,unknown,0.0,0.0,True,0.19525843858718872,reconstructible,failure_mining_llm_v3_metrics
fiqa,16,azure+cohere,mixed,failure_mining,debias_position,pairwise,combsum,unknown,0.0,0.0,True,0.19525843858718872,reconstructible,failure_mining_llm_v3_metrics
fiqa,16,azure+cohere,mixed,failure_mining,debias_position,pairwise,borda_fuse,unknown,0.0,0.0,True,0.19525843858718872,reconstructible,failure_mining_llm_v3_metrics
fiqa,16,azure+cohere,mixed,failure_mining,debias_position,pairwise,bradley_terry,unknown,0.0,0.0,True,0.19525843858718872,reconstructible,failure_mining_llm_v3_metrics
fiqa,16,azure+cohere,mixed,failure_mining,debias_position,pairwise,local_kemenization,unknown,0.0,0.0,True,0.19525843858718872,reconstructible,failure_mining_llm_v3_metrics
fiqa,16,azure+cohere,mixed,failure_mining,debias_position,pairwise,llm_cohere_pairwise,unknown,,,True,0.19525843858718872,reconstructible,failure_mining_llm_v3_metrics
fiqa,16,azure+cohere,mixed,failure_mining,debias_position,pairwise,llm_azure_pairwise,unknown,,,True,0.19525843858718872,reconstructible,failure_mining_llm_v3_metrics
fiqa,19,azure+cohere,mixed,failure_mining,debias_position,pairwise,score_sum,unknown,0.0,0.0,False,0.0,reconstructible,failure_mining_llm_v3_metrics
fiqa,19,azure+cohere,mixed,failure_mining,debias_position,pairwise,borda,unknown,0.0,0.0,False,0.0,reconstructible,failure_mining_llm_v3_metrics
fiqa,19,azure+cohere,mixed,failure_mining,debias_position,pairwise,pagerank,unknown,0.0,0.0,False,0.0,reconstructible,failure_mining_llm_v3_metrics
fiqa,19,azure+cohere,mixed,failure_mining,debias_position,pairwise,rank_centrality,unknown,0.0,0.0,False,0.0,reconstructible,failure_mining_llm_v3_metrics
fiqa,19,azure+cohere,mixed,failure_mining,debias_position,pairwise,markov_graph,unknown,0.0,0.0,False,0.0,reconstructible,failure_mining_llm_v3_metrics
fiqa,19,azure+cohere,mixed,failure_mining,debias_position,pairwise,markov_graph_repaired,greedy,0.0,0.0,False,0.0,reconstructible,failure_mining_llm_v3_metrics
fiqa,19,azure+cohere,mixed,failure_mining,debias_position,pairwise,greedy_fas_topological,greedy,0.0,0.0,False,0.0,reconstructible,failure_mining_llm_v3_metrics
fiqa,19,azure+cohere,mixed,failure_mining,debias_position,pairwise,prior_only,unknown,0.0,0.0,False,0.0,reconstructible,failure_mining_llm_v3_metrics
fiqa,19,azure+cohere,mixed,failure_mining,debias_position,pairwise,rrf,unknown,0.0,0.0,False,0.0,reconstructible,failure_mining_llm_v3_metrics
fiqa,19,azure+cohere,mixed,failure_mining,debias_position,pairwise,combsum,unknown,0.0,0.0,False,0.0,reconstructible,failure_mining_llm_v3_metrics
fiqa,19,azure+cohere,mixed,failure_mining,debias_position,pairwise,borda_fuse,unknown,0.0,0.0,False,0.0,reconstructible,failure_mining_llm_v3_metrics
fiqa,19,azure+cohere,mixed,failure_mining,debias_position,pairwise,bradley_terry,unknown,0.0,0.0,False,0.0,reconstructible,failure_mining_llm_v3_metrics
fiqa,19,azure+cohere,mixed,failure_mining,debias_position,pairwise,local_kemenization,unknown,0.0,0.0,False,0.0,reconstructible,failure_mining_llm_v3_metrics
fiqa,19,azure+cohere,mixed,failure_mining,debias_position,pairwise,llm_cohere_pairwise,unknown,,,False,0.0,reconstructible,failure_mining_llm_v3_metrics
fiqa,19,azure+cohere,mixed,failure_mining,debias_position,pairwise,llm_azure_pairwise,unknown,,,False,0.0,reconstructible,failure_mining_llm_v3_metrics
fiqa,20,azure+cohere,mixed,failure_mining,debias_position,pairwise,score_sum,unknown,0.3562071871080222,0.022873853774688868,False,0.0,reconstructible,failure_mining_llm_v3_metrics
fiqa,20,azure+cohere,mixed,failure_mining,debias_position,pairwise,borda,unknown,0.3562071871080222,0.022873853774688868,False,0.0,reconstructible,failure_mining_llm_v3_metrics
fiqa,20,azure+cohere,mixed,failure_mining,debias_position,pairwise,pagerank,unknown,0.3333333333333333,0.0,False,0.0,reconstructible,failure_mining_llm_v3_metrics
fiqa,20,azure+cohere,mixed,failure_mining,debias_position,pairwise,rank_centrality,unknown,0.31546487678572877,-0.01786845654760455,False,0.0,reconstructible,failure_mining_llm_v3_metrics
fiqa,20,azure+cohere,mixed,failure_mining,debias_position,pairwise,markov_graph,unknown,0.3333333333333333,0.0,False,0.0,reconstructible,failure_mining_llm_v3_metrics
fiqa,20,azure+cohere,mixed,failure_mining,debias_position,pairwise,markov_graph_repaired,greedy,0.3333333333333333,0.0,False,0.0,reconstructible,failure_mining_llm_v3_metrics
fiqa,20,azure+cohere,mixed,failure_mining,debias_position,pairwise,greedy_fas_topological,greedy,0.3562071871080222,0.022873853774688868,False,0.0,reconstructible,failure_mining_llm_v3_metrics
fiqa,20,azure+cohere,mixed,failure_mining,debias_position,pairwise,prior_only,unknown,0.38685280723454163,0.053519473901208314,False,0.0,reconstructible,failure_mining_llm_v3_metrics
fiqa,20,azure+cohere,mixed,failure_mining,debias_position,pairwise,rrf,unknown,0.38685280723454163,0.053519473901208314,False,0.0,reconstructible,failure_mining_llm_v3_metrics
fiqa,20,azure+cohere,mixed,failure_mining,debias_position,pairwise,combsum,unknown,0.3010299956639812,-0.03230333766935212,False,0.0,reconstructible,failure_mining_llm_v3_metrics
fiqa,20,azure+cohere,mixed,failure_mining,debias_position,pairwise,borda_fuse,unknown,0.38685280723454163,0.053519473901208314,False,0.0,reconstructible,failure_mining_llm_v3_metrics
fiqa,20,azure+cohere,mixed,failure_mining,debias_position,pairwise,bradley_terry,unknown,0.3562071871080222,0.022873853774688868,False,0.0,reconstructible,failure_mining_llm_v3_metrics
fiqa,20,azure+cohere,mixed,failure_mining,debias_position,pairwise,local_kemenization,unknown,0.31546487678572877,-0.01786845654760455,False,0.0,reconstructible,failure_mining_llm_v3_metrics
fiqa,20,azure+cohere,mixed,failure_mining,debias_position,pairwise,llm_cohere_pairwise,unknown,,,False,0.0,reconstructible,failure_mining_llm_v3_metrics
fiqa,20,azure+cohere,mixed,failure_mining,debias_position,pairwise,llm_azure_pairwise,unknown,,,False,0.0,reconstructible,failure_mining_llm_v3_metrics
fiqa,21,azure+cohere,mixed,failure_mining,debias_position,pairwise,score_sum,unknown,0.0,0.0,False,0.0,reconstructible,failure_mining_llm_v3_metrics
fiqa,21,azure+cohere,mixed,failure_mining,debias_position,pairwise,borda,unknown,0.0,0.0,False,0.0,reconstructible,failure_mining_llm_v3_metrics
fiqa,21,azure+cohere,mixed,failure_mining,debias_position,pairwise,pagerank,unknown,0.0,0.0,False,0.0,reconstructible,failure_mining_llm_v3_metrics
fiqa,21,azure+cohere,mixed,failure_mining,debias_position,pairwise,rank_centrality,unknown,0.0,0.0,False,0.0,reconstructible,failure_mining_llm_v3_metrics
fiqa,21,azure+cohere,mixed,failure_mining,debias_position,pairwise,markov_graph,unknown,0.0,0.0,False,0.0,reconstructible,failure_mining_llm_v3_metrics
fiqa,21,azure+cohere,mixed,failure_mining,debias_position,pairwise,markov_graph_repaired,greedy,0.0,0.0,False,0.0,reconstructible,failure_mining_llm_v3_metrics
fiqa,21,azure+cohere,mixed,failure_mining,debias_position,pairwise,greedy_fas_topological,greedy,0.0,0.0,False,0.0,reconstructible,failure_mining_llm_v3_metrics
fiqa,21,azure+cohere,mixed,failure_mining,debias_position,pairwise,prior_only,unknown,0.0,0.0,False,0.0,reconstructible,failure_mining_llm_v3_metrics
fiqa,21,azure+cohere,mixed,failure_mining,debias_position,pairwise,rrf,unknown,0.0,0.0,False,0.0,reconstructible,failure_mining_llm_v3_metrics
fiqa,21,azure+cohere,mixed,failure_mining,debias_position,pairwise,combsum,unknown,0.0,0.0,False,0.0,reconstructible,failure_mining_llm_v3_metrics
fiqa,21,azure+cohere,mixed,failure_mining,debias_position,pairwise,borda_fuse,unknown,0.0,0.0,False,0.0,reconstructible,failure_mining_llm_v3_metrics
fiqa,21,azure+cohere,mixed,failure_mining,debias_position,pairwise,bradley_terry,unknown,0.0,0.0,False,0.0,reconstructible,failure_mining_llm_v3_metrics
fiqa,21,azure+cohere,mixed,failure_mining,debias_position,pairwise,local_kemenization,unknown,0.0,0.0,False,0.0,reconstructible,failure_mining_llm_v3_metrics
fiqa,21,azure+cohere,mixed,failure_mining,debias_position,pairwise,llm_cohere_pairwise,unknown,,,False,0.0,reconstructible,failure_mining_llm_v3_metrics
fiqa,21,azure+cohere,mixed,failure_mining,debias_position,pairwise,llm_azure_pairwise,unknown,,,False,0.0,reconstructible,failure_mining_llm_v3_metrics
fiqa,23,azure+cohere,mixed,failure_mining,debias_position,pairwise,score_sum,unknown,0.0,0.0,False,0.0,reconstructible,failure_mining_llm_v3_metrics
fiqa,23,azure+cohere,mixed,failure_mining,debias_position,pairwise,borda,unknown,0.0,0.0,False,0.0,reconstructible,failure_mining_llm_v3_metrics
fiqa,23,azure+cohere,mixed,failure_mining,debias_position,pairwise,pagerank,unknown,0.0,0.0,False,0.0,reconstructible,failure_mining_llm_v3_metrics
fiqa,23,azure+cohere,mixed,failure_mining,debias_position,pairwise,rank_centrality,unknown,0.0,0.0,False,0.0,reconstructible,failure_mining_llm_v3_metrics
fiqa,23,azure+cohere,mixed,failure_mining,debias_position,pairwise,markov_graph,unknown,0.0,0.0,False,0.0,reconstructible,failure_mining_llm_v3_metrics
fiqa,23,azure+cohere,mixed,failure_mining,debias_position,pairwise,markov_graph_repaired,greedy,0.0,0.0,False,0.0,reconstructible,failure_mining_llm_v3_metrics
fiqa,23,azure+cohere,mixed,failure_mining,debias_position,pairwise,greedy_fas_topological,greedy,0.0,0.0,False,0.0,reconstructible,failure_mining_llm_v3_metrics
fiqa,23,azure+cohere,mixed,failure_mining,debias_position,pairwise,prior_only,unknown,0.0,0.0,False,0.0,reconstructible,failure_mining_llm_v3_metrics
fiqa,23,azure+cohere,mixed,failure_mining,debias_position,pairwise,rrf,unknown,0.0,0.0,False,0.0,reconstructible,failure_mining_llm_v3_metrics
fiqa,23,azure+cohere,mixed,failure_mining,debias_position,pairwise,combsum,unknown,0.0,0.0,False,0.0,reconstructible,failure_mining_llm_v3_metrics
fiqa,23,azure+cohere,mixed,failure_mining,debias_position,pairwise,borda_fuse,unknown,0.0,0.0,False,0.0,reconstructible,failure_mining_llm_v3_metrics
fiqa,23,azure+cohere,mixed,failure_mining,debias_position,pairwise,bradley_terry,unknown,0.0,0.0,False,0.0,reconstructible,failure_mining_llm_v3_metrics
fiqa,23,azure+cohere,mixed,failure_mining,debias_position,pairwise,local_kemenization,unknown,0.0,0.0,False,0.0,reconstructible,failure_mining_llm_v3_metrics
fiqa,23,azure+cohere,mixed,failure_mining,debias_position,pairwise,llm_cohere_pairwise,unknown,,,False,0.0,reconstructible,failure_mining_llm_v3_metrics
fiqa,23,azure+cohere,mixed,failure_mining,debias_position,pairwise,llm_azure_pairwise,unknown,,,False,0.0,reconstructible,failure_mining_llm_v3_metrics
fiqa,25,azure+cohere,mixed,failure_mining,debias_position,pairwise,score_sum,unknown,0.3010299956639812,-0.014434881121747567,False,0.0,reconstructible,failure_mining_llm_v3_metrics
fiqa,25,azure+cohere,mixed,failure_mining,debias_position,pairwise,borda,unknown,0.3010299956639812,-0.014434881121747567,False,0.0,reconstructible,failure_mining_llm_v3_metrics
fiqa,25,azure+cohere,mixed,failure_mining,debias_position,pairwise,pagerank,unknown,0.3010299956639812,-0.014434881121747567,False,0.0,reconstructible,failure_mining_llm_v3_metrics
fiqa,25,azure+cohere,mixed,failure_mining,debias_position,pairwise,rank_centrality,unknown,0.31546487678572877,0.0,False,0.0,reconstructible,failure_mining_llm_v3_metrics
fiqa,25,azure+cohere,mixed,failure_mining,debias_position,pairwise,markov_graph,unknown,0.31546487678572877,0.0,False,0.0,reconstructible,failure_mining_llm_v3_metrics
fiqa,25,azure+cohere,mixed,failure_mining,debias_position,pairwise,markov_graph_repaired,greedy,0.31546487678572877,0.0,False,0.0,reconstructible,failure_mining_llm_v3_metrics
fiqa,25,azure+cohere,mixed,failure_mining,debias_position,pairwise,greedy_fas_topological,greedy,0.3010299956639812,-0.014434881121747567,False,0.0,reconstructible,failure_mining_llm_v3_metrics
fiqa,25,azure+cohere,mixed,failure_mining,debias_position,pairwise,prior_only,unknown,0.2890648263178879,-0.026400050467840885,False,0.0,reconstructible,failure_mining_llm_v3_metrics
fiqa,25,azure+cohere,mixed,failure_mining,debias_position,pairwise,rrf,unknown,0.2890648263178879,-0.026400050467840885,False,0.0,reconstructible,failure_mining_llm_v3_metrics
fiqa,25,azure+cohere,mixed,failure_mining,debias_position,pairwise,combsum,unknown,0.3010299956639812,-0.014434881121747567,False,0.0,reconstructible,failure_mining_llm_v3_metrics
fiqa,25,azure+cohere,mixed,failure_mining,debias_position,pairwise,borda_fuse,unknown,0.3010299956639812,-0.014434881121747567,False,0.0,reconstructible,failure_mining_llm_v3_metrics
fiqa,25,azure+cohere,mixed,failure_mining,debias_position,pairwise,bradley_terry,unknown,0.3010299956639812,-0.014434881121747567,False,0.0,reconstructible,failure_mining_llm_v3_metrics
fiqa,25,azure+cohere,mixed,failure_mining,debias_position,pairwise,local_kemenization,unknown,0.3010299956639812,-0.014434881121747567,False,0.0,reconstructible,failure_mining_llm_v3_metrics
fiqa,25,azure+cohere,mixed,failure_mining,debias_position,pairwise,llm_cohere_pairwise,unknown,,,False,0.0,reconstructible,failure_mining_llm_v3_metrics
fiqa,25,azure+cohere,mixed,failure_mining,debias_position,pairwise,llm_azure_pairwise,unknown,,,False,0.0,reconstructible,failure_mining_llm_v3_metrics
fiqa,27,azure+cohere,mixed,failure_mining,debias_position,pairwise,score_sum,unknown,0.0,0.0,False,0.0,reconstructible,failure_mining_llm_v3_metrics
fiqa,27,azure+cohere,mixed,failure_mining,debias_position,pairwise,borda,unknown,0.0,0.0,False,0.0,reconstructible,failure_mining_llm_v3_metrics
fiqa,27,azure+cohere,mixed,failure_mining,debias_position,pairwise,pagerank,unknown,0.0,0.0,False,0.0,reconstructible,failure_mining_llm_v3_metrics
fiqa,27,azure+cohere,mixed,failure_mining,debias_position,pairwise,rank_centrality,unknown,0.0,0.0,False,0.0,reconstructible,failure_mining_llm_v3_metrics
fiqa,27,azure+cohere,mixed,failure_mining,debias_position,pairwise,markov_graph,unknown,0.0,0.0,False,0.0,reconstructible,failure_mining_llm_v3_metrics
fiqa,27,azure+cohere,mixed,failure_mining,debias_position,pairwise,markov_graph_repaired,greedy,0.0,0.0,False,0.0,reconstructible,failure_mining_llm_v3_metrics
fiqa,27,azure+cohere,mixed,failure_mining,debias_position,pairwise,greedy_fas_topological,greedy,0.0,0.0,False,0.0,reconstructible,failure_mining_llm_v3_metrics
fiqa,27,azure+cohere,mixed,failure_mining,debias_position,pairwise,prior_only,unknown,0.0,0.0,False,0.0,reconstructible,failure_mining_llm_v3_metrics
fiqa,27,azure+cohere,mixed,failure_mining,debias_position,pairwise,rrf,unknown,0.0,0.0,False,0.0,reconstructible,failure_mining_llm_v3_metrics
fiqa,27,azure+cohere,mixed,failure_mining,debias_position,pairwise,combsum,unknown,0.0,0.0,False,0.0,reconstructible,failure_mining_llm_v3_metrics
fiqa,27,azure+cohere,mixed,failure_mining,debias_position,pairwise,borda_fuse,unknown,0.0,0.0,False,0.0,reconstructible,failure_mining_llm_v3_metrics
fiqa,27,azure+cohere,mixed,failure_mining,debias_position,pairwise,bradley_terry,unknown,0.0,0.0,False,0.0,reconstructible,failure_mining_llm_v3_metrics
fiqa,27,azure+cohere,mixed,failure_mining,debias_position,pairwise,local_kemenization,unknown,0.0,0.0,False,0.0,reconstructible,failure_mining_llm_v3_metrics
fiqa,27,azure+cohere,mixed,failure_mining,debias_position,pairwise,llm_cohere_pairwise,unknown,,,False,0.0,reconstructible,failure_mining_llm_v3_metrics
fiqa,27,azure+cohere,mixed,failure_mining,debias_position,pairwise,llm_azure_pairwise,unknown,,,False,0.0,reconstructible,failure_mining_llm_v3_metrics
fiqa,28,azure+cohere,mixed,failure_mining,debias_position,pairwise,score_sum,unknown,0.0,0.0,False,0.0,reconstructible,failure_mining_llm_v3_metrics
fiqa,28,azure+cohere,mixed,failure_mining,debias_position,pairwise,borda,unknown,0.0,0.0,False,0.0,reconstructible,failure_mining_llm_v3_metrics
fiqa,28,azure+cohere,mixed,failure_mining,debias_position,pairwise,pagerank,unknown,0.0,0.0,False,0.0,reconstructible,failure_mining_llm_v3_metrics
fiqa,28,azure+cohere,mixed,failure_mining,debias_position,pairwise,rank_centrality,unknown,0.0,0.0,False,0.0,reconstructible,failure_mining_llm_v3_metrics
fiqa,28,azure+cohere,mixed,failure_mining,debias_position,pairwise,markov_graph,unknown,0.0,0.0,False,0.0,reconstructible,failure_mining_llm_v3_metrics
fiqa,28,azure+cohere,mixed,failure_mining,debias_position,pairwise,markov_graph_repaired,greedy,0.0,0.0,False,0.0,reconstructible,failure_mining_llm_v3_metrics
fiqa,28,azure+cohere,mixed,failure_mining,debias_position,pairwise,greedy_fas_topological,greedy,0.0,0.0,False,0.0,reconstructible,failure_mining_llm_v3_metrics
fiqa,28,azure+cohere,mixed,failure_mining,debias_position,pairwise,prior_only,unknown,0.0,0.0,False,0.0,reconstructible,failure_mining_llm_v3_metrics
fiqa,28,azure+cohere,mixed,failure_mining,debias_position,pairwise,rrf,unknown,0.0,0.0,False,0.0,reconstructible,failure_mining_llm_v3_metrics
fiqa,28,azure+cohere,mixed,failure_mining,debias_position,pairwise,combsum,unknown,0.0,0.0,False,0.0,reconstructible,failure_mining_llm_v3_metrics
fiqa,28,azure+cohere,mixed,failure_mining,debias_position,pairwise,borda_fuse,unknown,0.0,0.0,False,0.0,reconstructible,failure_mining_llm_v3_metrics
fiqa,28,azure+cohere,mixed,failure_mining,debias_position,pairwise,bradley_terry,unknown,0.0,0.0,False,0.0,reconstructible,failure_mining_llm_v3_metrics
fiqa,28,azure+cohere,mixed,failure_mining,debias_position,pairwise,local_kemenization,unknown,0.0,0.0,False,0.0,reconstructible,failure_mining_llm_v3_metrics
fiqa,28,azure+cohere,mixed,failure_mining,debias_position,pairwise,llm_cohere_pairwise,unknown,,,False,0.0,reconstructible,failure_mining_llm_v3_metrics
fiqa,28,azure+cohere,mixed,failure_mining,debias_position,pairwise,llm_azure_pairwise,unknown,,,False,0.0,reconstructible,failure_mining_llm_v3_metrics
fiqa,30,azure+cohere,mixed,failure_mining,debias_position,pairwise,score_sum,unknown,0.2890648263178879,0.0,False,0.0,reconstructible,failure_mining_llm_v3_metrics
fiqa,30,azure+cohere,mixed,failure_mining,debias_position,pairwise,borda,unknown,0.2890648263178879,0.0,False,0.0,reconstructible,failure_mining_llm_v3_metrics
fiqa,30,azure+cohere,mixed,failure_mining,debias_position,pairwise,pagerank,unknown,0.2890648263178879,0.0,False,0.0,reconstructible,failure_mining_llm_v3_metrics
fiqa,30,azure+cohere,mixed,failure_mining,debias_position,pairwise,rank_centrality,unknown,0.2890648263178879,0.0,False,0.0,reconstructible,failure_mining_llm_v3_metrics
fiqa,30,azure+cohere,mixed,failure_mining,debias_position,pairwise,markov_graph,unknown,0.2890648263178879,0.0,False,0.0,reconstructible,failure_mining_llm_v3_metrics
fiqa,30,azure+cohere,mixed,failure_mining,debias_position,pairwise,markov_graph_repaired,greedy,0.2890648263178879,0.0,False,0.0,reconstructible,failure_mining_llm_v3_metrics
fiqa,30,azure+cohere,mixed,failure_mining,debias_position,pairwise,greedy_fas_topological,greedy,0.3010299956639812,0.011965169346093318,False,0.0,reconstructible,failure_mining_llm_v3_metrics
fiqa,30,azure+cohere,mixed,failure_mining,debias_position,pairwise,prior_only,unknown,0.6309297535714575,0.34186492725356965,False,0.0,reconstructible,failure_mining_llm_v3_metrics
fiqa,30,azure+cohere,mixed,failure_mining,debias_position,pairwise,rrf,unknown,1.0,0.7109351736821121,False,0.0,reconstructible,failure_mining_llm_v3_metrics
fiqa,30,azure+cohere,mixed,failure_mining,debias_position,pairwise,combsum,unknown,0.6309297535714575,0.34186492725356965,False,0.0,reconstructible,failure_mining_llm_v3_metrics
fiqa,30,azure+cohere,mixed,failure_mining,debias_position,pairwise,borda_fuse,unknown,1.0,0.7109351736821121,False,0.0,reconstructible,failure_mining_llm_v3_metrics
fiqa,30,azure+cohere,mixed,failure_mining,debias_position,pairwise,bradley_terry,unknown,0.2890648263178879,0.0,False,0.0,reconstructible,failure_mining_llm_v3_metrics
fiqa,30,azure+cohere,mixed,failure_mining,debias_position,pairwise,local_kemenization,unknown,0.38685280723454163,0.09778798091665375,False,0.0,reconstructible,failure_mining_llm_v3_metrics
fiqa,30,azure+cohere,mixed,failure_mining,debias_position,pairwise,llm_cohere_pairwise,unknown,,,False,0.0,reconstructible,failure_mining_llm_v3_metrics
fiqa,30,azure+cohere,mixed,failure_mining,debias_position,pairwise,llm_azure_pairwise,unknown,,,False,0.0,reconstructible,failure_mining_llm_v3_metrics
fiqa,31,azure+cohere,mixed,failure_mining,debias_position,pairwise,score_sum,unknown,0.0,0.0,False,0.0,reconstructible,failure_mining_llm_v3_metrics
fiqa,31,azure+cohere,mixed,failure_mining,debias_position,pairwise,borda,unknown,0.0,0.0,False,0.0,reconstructible,failure_mining_llm_v3_metrics
fiqa,31,azure+cohere,mixed,failure_mining,debias_position,pairwise,pagerank,unknown,0.0,0.0,False,0.0,reconstructible,failure_mining_llm_v3_metrics
fiqa,31,azure+cohere,mixed,failure_mining,debias_position,pairwise,rank_centrality,unknown,0.0,0.0,False,0.0,reconstructible,failure_mining_llm_v3_metrics
fiqa,31,azure+cohere,mixed,failure_mining,debias_position,pairwise,markov_graph,unknown,0.0,0.0,False,0.0,reconstructible,failure_mining_llm_v3_metrics
fiqa,31,azure+cohere,mixed,failure_mining,debias_position,pairwise,markov_graph_repaired,greedy,0.0,0.0,False,0.0,reconstructible,failure_mining_llm_v3_metrics
fiqa,31,azure+cohere,mixed,failure_mining,debias_position,pairwise,greedy_fas_topological,greedy,0.0,0.0,False,0.0,reconstructible,failure_mining_llm_v3_metrics
fiqa,31,azure+cohere,mixed,failure_mining,debias_position,pairwise,prior_only,unknown,0.0,0.0,False,0.0,reconstructible,failure_mining_llm_v3_metrics
fiqa,31,azure+cohere,mixed,failure_mining,debias_position,pairwise,rrf,unknown,0.0,0.0,False,0.0,reconstructible,failure_mining_llm_v3_metrics
fiqa,31,azure+cohere,mixed,failure_mining,debias_position,pairwise,combsum,unknown,0.0,0.0,False,0.0,reconstructible,failure_mining_llm_v3_metrics
fiqa,31,azure+cohere,mixed,failure_mining,debias_position,pairwise,borda_fuse,unknown,0.0,0.0,False,0.0,reconstructible,failure_mining_llm_v3_metrics
fiqa,31,azure+cohere,mixed,failure_mining,debias_position,pairwise,bradley_terry,unknown,0.0,0.0,False,0.0,reconstructible,failure_mining_llm_v3_metrics
fiqa,31,azure+cohere,mixed,failure_mining,debias_position,pairwise,local_kemenization,unknown,0.0,0.0,False,0.0,reconstructible,failure_mining_llm_v3_metrics
fiqa,31,azure+cohere,mixed,failure_mining,debias_position,pairwise,llm_cohere_pairwise,unknown,,,False,0.0,reconstructible,failure_mining_llm_v3_metrics
fiqa,31,azure+cohere,mixed,failure_mining,debias_position,pairwise,llm_azure_pairwise,unknown,,,False,0.0,reconstructible,failure_mining_llm_v3_metrics
fiqa,32,azure+cohere,mixed,failure_mining,debias_position,pairwise,score_sum,unknown,0.36181498356361597,-0.019806700808917888,False,0.0,reconstructible,failure_mining_llm_v3_metrics
fiqa,32,azure+cohere,mixed,failure_mining,debias_position,pairwise,borda,unknown,0.36181498356361597,-0.019806700808917888,False,0.0,reconstructible,failure_mining_llm_v3_metrics
fiqa,32,azure+cohere,mixed,failure_mining,debias_position,pairwise,pagerank,unknown,0.36181498356361597,-0.019806700808917888,False,0.0,reconstructible,failure_mining_llm_v3_metrics
fiqa,32,azure+cohere,mixed,failure_mining,debias_position,pairwise,rank_centrality,unknown,0.38162168437253385,0.0,False,0.0,reconstructible,failure_mining_llm_v3_metrics
fiqa,32,azure+cohere,mixed,failure_mining,debias_position,pairwise,markov_graph,unknown,0.38162168437253385,0.0,False,0.0,reconstructible,failure_mining_llm_v3_metrics
fiqa,32,azure+cohere,mixed,failure_mining,debias_position,pairwise,markov_graph_repaired,greedy,0.38162168437253385,0.0,False,0.0,reconstructible,failure_mining_llm_v3_metrics
fiqa,32,azure+cohere,mixed,failure_mining,debias_position,pairwise,greedy_fas_topological,greedy,0.38162168437253385,0.0,False,0.0,reconstructible,failure_mining_llm_v3_metrics
fiqa,32,azure+cohere,mixed,failure_mining,debias_position,pairwise,prior_only,unknown,0.3889580943680543,0.007336409995520432,False,0.0,reconstructible,failure_mining_llm_v3_metrics
fiqa,32,azure+cohere,mixed,failure_mining,debias_position,pairwise,rrf,unknown,0.38162168437253385,0.0,False,0.0,reconstructible,failure_mining_llm_v3_metrics
fiqa,32,azure+cohere,mixed,failure_mining,debias_position,pairwise,combsum,unknown,0.39564672360221187,0.014025039229678016,False,0.0,reconstructible,failure_mining_llm_v3_metrics
fiqa,32,azure+cohere,mixed,failure_mining,debias_position,pairwise,borda_fuse,unknown,0.38162168437253385,0.0,False,0.0,reconstructible,failure_mining_llm_v3_metrics
fiqa,32,azure+cohere,mixed,failure_mining,debias_position,pairwise,bradley_terry,unknown,0.3706656904013186,-0.010955993971215272,False,0.0,reconstructible,failure_mining_llm_v3_metrics
fiqa,32,azure+cohere,mixed,failure_mining,debias_position,pairwise,local_kemenization,unknown,0.36181498356361597,-0.019806700808917888,False,0.0,reconstructible,failure_mining_llm_v3_metrics
fiqa,32,azure+cohere,mixed,failure_mining,debias_position,pairwise,llm_cohere_pairwise,unknown,,,False,0.0,reconstructible,failure_mining_llm_v3_metrics
fiqa,32,azure+cohere,mixed,failure_mining,debias_position,pairwise,llm_azure_pairwise,unknown,,,False,0.0,reconstructible,failure_mining_llm_v3_metrics
fiqa,33,azure+cohere,mixed,failure_mining,debias_position,pairwise,score_sum,unknown,1.0,0.0,False,0.0,reconstructible,failure_mining_llm_v3_metrics
fiqa,33,azure+cohere,mixed,failure_mining,debias_position,pairwise,borda,unknown,1.0,0.0,False,0.0,reconstructible,failure_mining_llm_v3_metrics
fiqa,33,azure+cohere,mixed,failure_mining,debias_position,pairwise,pagerank,unknown,1.0,0.0,False,0.0,reconstructible,failure_mining_llm_v3_metrics
fiqa,33,azure+cohere,mixed,failure_mining,debias_position,pairwise,rank_centrality,unknown,1.0,0.0,False,0.0,reconstructible,failure_mining_llm_v3_metrics
fiqa,33,azure+cohere,mixed,failure_mining,debias_position,pairwise,markov_graph,unknown,1.0,0.0,False,0.0,reconstructible,failure_mining_llm_v3_metrics
fiqa,33,azure+cohere,mixed,failure_mining,debias_position,pairwise,markov_graph_repaired,greedy,1.0,0.0,False,0.0,reconstructible,failure_mining_llm_v3_metrics
fiqa,33,azure+cohere,mixed,failure_mining,debias_position,pairwise,greedy_fas_topological,greedy,1.0,0.0,False,0.0,reconstructible,failure_mining_llm_v3_metrics
fiqa,33,azure+cohere,mixed,failure_mining,debias_position,pairwise,prior_only,unknown,1.0,0.0,False,0.0,reconstructible,failure_mining_llm_v3_metrics
fiqa,33,azure+cohere,mixed,failure_mining,debias_position,pairwise,rrf,unknown,1.0,0.0,False,0.0,reconstructible,failure_mining_llm_v3_metrics
fiqa,33,azure+cohere,mixed,failure_mining,debias_position,pairwise,combsum,unknown,1.0,0.0,False,0.0,reconstructible,failure_mining_llm_v3_metrics
fiqa,33,azure+cohere,mixed,failure_mining,debias_position,pairwise,borda_fuse,unknown,1.0,0.0,False,0.0,reconstructible,failure_mining_llm_v3_metrics
fiqa,33,azure+cohere,mixed,failure_mining,debias_position,pairwise,bradley_terry,unknown,1.0,0.0,False,0.0,reconstructible,failure_mining_llm_v3_metrics
fiqa,33,azure+cohere,mixed,failure_mining,debias_position,pairwise,local_kemenization,unknown,1.0,0.0,False,0.0,reconstructible,failure_mining_llm_v3_metrics
fiqa,33,azure+cohere,mixed,failure_mining,debias_position,pairwise,llm_cohere_pairwise,unknown,,,False,0.0,reconstructible,failure_mining_llm_v3_metrics
fiqa,33,azure+cohere,mixed,failure_mining,debias_position,pairwise,llm_azure_pairwise,unknown,,,False,0.0,reconstructible,failure_mining_llm_v3_metrics
fiqa,35,azure+cohere,mixed,failure_mining,debias_position,pairwise,score_sum,unknown,0.0,0.0,False,0.0,reconstructible,failure_mining_llm_v3_metrics
fiqa,35,azure+cohere,mixed,failure_mining,debias_position,pairwise,borda,unknown,0.0,0.0,False,0.0,reconstructible,failure_mining_llm_v3_metrics
fiqa,35,azure+cohere,mixed,failure_mining,debias_position,pairwise,pagerank,unknown,0.0,0.0,False,0.0,reconstructible,failure_mining_llm_v3_metrics
fiqa,35,azure+cohere,mixed,failure_mining,debias_position,pairwise,rank_centrality,unknown,0.0,0.0,False,0.0,reconstructible,failure_mining_llm_v3_metrics
fiqa,35,azure+cohere,mixed,failure_mining,debias_position,pairwise,markov_graph,unknown,0.0,0.0,False,0.0,reconstructible,failure_mining_llm_v3_metrics
fiqa,35,azure+cohere,mixed,failure_mining,debias_position,pairwise,markov_graph_repaired,greedy,0.0,0.0,False,0.0,reconstructible,failure_mining_llm_v3_metrics
fiqa,35,azure+cohere,mixed,failure_mining,debias_position,pairwise,greedy_fas_topological,greedy,0.0,0.0,False,0.0,reconstructible,failure_mining_llm_v3_metrics
fiqa,35,azure+cohere,mixed,failure_mining,debias_position,pairwise,prior_only,unknown,0.0,0.0,False,0.0,reconstructible,failure_mining_llm_v3_metrics
fiqa,35,azure+cohere,mixed,failure_mining,debias_position,pairwise,rrf,unknown,0.0,0.0,False,0.0,reconstructible,failure_mining_llm_v3_metrics
fiqa,35,azure+cohere,mixed,failure_mining,debias_position,pairwise,combsum,unknown,0.0,0.0,False,0.0,reconstructible,failure_mining_llm_v3_metrics
fiqa,35,azure+cohere,mixed,failure_mining,debias_position,pairwise,borda_fuse,unknown,0.0,0.0,False,0.0,reconstructible,failure_mining_llm_v3_metrics
fiqa,35,azure+cohere,mixed,failure_mining,debias_position,pairwise,bradley_terry,unknown,0.0,0.0,False,0.0,reconstructible,failure_mining_llm_v3_metrics
fiqa,35,azure+cohere,mixed,failure_mining,debias_position,pairwise,local_kemenization,unknown,0.0,0.0,False,0.0,reconstructible,failure_mining_llm_v3_metrics
fiqa,35,azure+cohere,mixed,failure_mining,debias_position,pairwise,llm_cohere_pairwise,unknown,,,False,0.0,reconstructible,failure_mining_llm_v3_metrics
fiqa,35,azure+cohere,mixed,failure_mining,debias_position,pairwise,llm_azure_pairwise,unknown,,,False,0.0,reconstructible,failure_mining_llm_v3_metrics
fiqa,36,azure+cohere,mixed,failure_mining,debias_position,pairwise,score_sum,unknown,0.0,0.0,False,0.0,reconstructible,failure_mining_llm_v3_metrics
fiqa,36,azure+cohere,mixed,failure_mining,debias_position,pairwise,borda,unknown,0.0,0.0,False,0.0,reconstructible,failure_mining_llm_v3_metrics
fiqa,36,azure+cohere,mixed,failure_mining,debias_position,pairwise,pagerank,unknown,0.0,0.0,False,0.0,reconstructible,failure_mining_llm_v3_metrics
fiqa,36,azure+cohere,mixed,failure_mining,debias_position,pairwise,rank_centrality,unknown,0.0,0.0,False,0.0,reconstructible,failure_mining_llm_v3_metrics
fiqa,36,azure+cohere,mixed,failure_mining,debias_position,pairwise,markov_graph,unknown,0.0,0.0,False,0.0,reconstructible,failure_mining_llm_v3_metrics
fiqa,36,azure+cohere,mixed,failure_mining,debias_position,pairwise,markov_graph_repaired,greedy,0.0,0.0,False,0.0,reconstructible,failure_mining_llm_v3_metrics
fiqa,36,azure+cohere,mixed,failure_mining,debias_position,pairwise,greedy_fas_topological,greedy,0.0,0.0,False,0.0,reconstructible,failure_mining_llm_v3_metrics
fiqa,36,azure+cohere,mixed,failure_mining,debias_position,pairwise,prior_only,unknown,0.0,0.0,False,0.0,reconstructible,failure_mining_llm_v3_metrics
fiqa,36,azure+cohere,mixed,failure_mining,debias_position,pairwise,rrf,unknown,0.0,0.0,False,0.0,reconstructible,failure_mining_llm_v3_metrics
fiqa,36,azure+cohere,mixed,failure_mining,debias_position,pairwise,combsum,unknown,0.0,0.0,False,0.0,reconstructible,failure_mining_llm_v3_metrics
fiqa,36,azure+cohere,mixed,failure_mining,debias_position,pairwise,borda_fuse,unknown,0.0,0.0,False,0.0,reconstructible,failure_mining_llm_v3_metrics
fiqa,36,azure+cohere,mixed,failure_mining,debias_position,pairwise,bradley_terry,unknown,0.0,0.0,False,0.0,reconstructible,failure_mining_llm_v3_metrics
fiqa,36,azure+cohere,mixed,failure_mining,debias_position,pairwise,local_kemenization,unknown,0.0,0.0,False,0.0,reconstructible,failure_mining_llm_v3_metrics
fiqa,36,azure+cohere,mixed,failure_mining,debias_position,pairwise,llm_cohere_pairwise,unknown,,,False,0.0,reconstructible,failure_mining_llm_v3_metrics
fiqa,36,azure+cohere,mixed,failure_mining,debias_position,pairwise,llm_azure_pairwise,unknown,,,False,0.0,reconstructible,failure_mining_llm_v3_metrics
fiqa,37,azure+cohere,mixed,failure_mining,debias_position,pairwise,score_sum,unknown,0.0,0.0,False,0.0,reconstructible,failure_mining_llm_v3_metrics
fiqa,37,azure+cohere,mixed,failure_mining,debias_position,pairwise,borda,unknown,0.0,0.0,False,0.0,reconstructible,failure_mining_llm_v3_metrics
fiqa,37,azure+cohere,mixed,failure_mining,debias_position,pairwise,pagerank,unknown,0.0,0.0,False,0.0,reconstructible,failure_mining_llm_v3_metrics
fiqa,37,azure+cohere,mixed,failure_mining,debias_position,pairwise,rank_centrality,unknown,0.0,0.0,False,0.0,reconstructible,failure_mining_llm_v3_metrics
fiqa,37,azure+cohere,mixed,failure_mining,debias_position,pairwise,markov_graph,unknown,0.0,0.0,False,0.0,reconstructible,failure_mining_llm_v3_metrics
fiqa,37,azure+cohere,mixed,failure_mining,debias_position,pairwise,markov_graph_repaired,greedy,0.0,0.0,False,0.0,reconstructible,failure_mining_llm_v3_metrics
fiqa,37,azure+cohere,mixed,failure_mining,debias_position,pairwise,greedy_fas_topological,greedy,0.0,0.0,False,0.0,reconstructible,failure_mining_llm_v3_metrics
fiqa,37,azure+cohere,mixed,failure_mining,debias_position,pairwise,prior_only,unknown,0.0,0.0,False,0.0,reconstructible,failure_mining_llm_v3_metrics
fiqa,37,azure+cohere,mixed,failure_mining,debias_position,pairwise,rrf,unknown,0.0,0.0,False,0.0,reconstructible,failure_mining_llm_v3_metrics
fiqa,37,azure+cohere,mixed,failure_mining,debias_position,pairwise,combsum,unknown,0.0,0.0,False,0.0,reconstructible,failure_mining_llm_v3_metrics
fiqa,37,azure+cohere,mixed,failure_mining,debias_position,pairwise,borda_fuse,unknown,0.0,0.0,False,0.0,reconstructible,failure_mining_llm_v3_metrics
fiqa,37,azure+cohere,mixed,failure_mining,debias_position,pairwise,bradley_terry,unknown,0.0,0.0,False,0.0,reconstructible,failure_mining_llm_v3_metrics
fiqa,37,azure+cohere,mixed,failure_mining,debias_position,pairwise,local_kemenization,unknown,0.0,0.0,False,0.0,reconstructible,failure_mining_llm_v3_metrics
fiqa,37,azure+cohere,mixed,failure_mining,debias_position,pairwise,llm_cohere_pairwise,unknown,,,False,0.0,reconstructible,failure_mining_llm_v3_metrics
fiqa,37,azure+cohere,mixed,failure_mining,debias_position,pairwise,llm_azure_pairwise,unknown,,,False,0.0,reconstructible,failure_mining_llm_v3_metrics
hotpotqa,5a8c7595554299585d9e36b6,azure+cohere,mixed,failure_mining,debias_position,pairwise,score_sum,unknown,1.0,0.0,False,0.0,reconstructible,failure_mining_llm_v3_metrics
hotpotqa,5a8c7595554299585d9e36b6,azure+cohere,mixed,failure_mining,debias_position,pairwise,borda,unknown,1.0,0.0,False,0.0,reconstructible,failure_mining_llm_v3_metrics
hotpotqa,5a8c7595554299585d9e36b6,azure+cohere,mixed,failure_mining,debias_position,pairwise,pagerank,unknown,1.0,0.0,False,0.0,reconstructible,failure_mining_llm_v3_metrics
hotpotqa,5a8c7595554299585d9e36b6,azure+cohere,mixed,failure_mining,debias_position,pairwise,rank_centrality,unknown,1.0,0.0,False,0.0,reconstructible,failure_mining_llm_v3_metrics
hotpotqa,5a8c7595554299585d9e36b6,azure+cohere,mixed,failure_mining,debias_position,pairwise,markov_graph,unknown,1.0,0.0,False,0.0,reconstructible,failure_mining_llm_v3_metrics
hotpotqa,5a8c7595554299585d9e36b6,azure+cohere,mixed,failure_mining,debias_position,pairwise,markov_graph_repaired,greedy,1.0,0.0,False,0.0,reconstructible,failure_mining_llm_v3_metrics
hotpotqa,5a8c7595554299585d9e36b6,azure+cohere,mixed,failure_mining,debias_position,pairwise,greedy_fas_topological,greedy,1.0,0.0,False,0.0,reconstructible,failure_mining_llm_v3_metrics
hotpotqa,5a8c7595554299585d9e36b6,azure+cohere,mixed,failure_mining,debias_position,pairwise,prior_only,unknown,0.6309297535714575,-0.36907024642854247,False,0.0,reconstructible,failure_mining_llm_v3_metrics
hotpotqa,5a8c7595554299585d9e36b6,azure+cohere,mixed,failure_mining,debias_position,pairwise,rrf,unknown,0.6309297535714575,-0.36907024642854247,False,0.0,reconstructible,failure_mining_llm_v3_metrics
hotpotqa,5a8c7595554299585d9e36b6,azure+cohere,mixed,failure_mining,debias_position,pairwise,combsum,unknown,1.0,0.0,False,0.0,reconstructible,failure_mining_llm_v3_metrics
hotpotqa,5a8c7595554299585d9e36b6,azure+cohere,mixed,failure_mining,debias_position,pairwise,borda_fuse,unknown,0.6309297535714575,-0.36907024642854247,False,0.0,reconstructible,failure_mining_llm_v3_metrics
hotpotqa,5a8c7595554299585d9e36b6,azure+cohere,mixed,failure_mining,debias_position,pairwise,bradley_terry,unknown,1.0,0.0,False,0.0,reconstructible,failure_mining_llm_v3_metrics
hotpotqa,5a8c7595554299585d9e36b6,azure+cohere,mixed,failure_mining,debias_position,pairwise,local_kemenization,unknown,1.0,0.0,False,0.0,reconstructible,failure_mining_llm_v3_metrics
hotpotqa,5a8c7595554299585d9e36b6,azure+cohere,mixed,failure_mining,debias_position,pairwise,llm_cohere_pairwise,unknown,,,False,0.0,reconstructible,failure_mining_llm_v3_metrics
hotpotqa,5a8c7595554299585d9e36b6,azure+cohere,mixed,failure_mining,debias_position,pairwise,llm_azure_pairwise,unknown,,,False,0.0,reconstructible,failure_mining_llm_v3_metrics
hotpotqa,5a85ea095542994775f606a8,azure+cohere,mixed,failure_mining,debias_position,pairwise,score_sum,unknown,1.0,0.0,False,0.0,reconstructible,failure_mining_llm_v3_metrics
hotpotqa,5a85ea095542994775f606a8,azure+cohere,mixed,failure_mining,debias_position,pairwise,borda,unknown,1.0,0.0,False,0.0,reconstructible,failure_mining_llm_v3_metrics
hotpotqa,5a85ea095542994775f606a8,azure+cohere,mixed,failure_mining,debias_position,pairwise,pagerank,unknown,1.0,0.0,False,0.0,reconstructible,failure_mining_llm_v3_metrics
hotpotqa,5a85ea095542994775f606a8,azure+cohere,mixed,failure_mining,debias_position,pairwise,rank_centrality,unknown,1.0,0.0,False,0.0,reconstructible,failure_mining_llm_v3_metrics
hotpotqa,5a85ea095542994775f606a8,azure+cohere,mixed,failure_mining,debias_position,pairwise,markov_graph,unknown,1.0,0.0,False,0.0,reconstructible,failure_mining_llm_v3_metrics
hotpotqa,5a85ea095542994775f606a8,azure+cohere,mixed,failure_mining,debias_position,pairwise,markov_graph_repaired,greedy,1.0,0.0,False,0.0,reconstructible,failure_mining_llm_v3_metrics
hotpotqa,5a85ea095542994775f606a8,azure+cohere,mixed,failure_mining,debias_position,pairwise,greedy_fas_topological,greedy,1.0,0.0,False,0.0,reconstructible,failure_mining_llm_v3_metrics
hotpotqa,5a85ea095542994775f606a8,azure+cohere,mixed,failure_mining,debias_position,pairwise,prior_only,unknown,1.0,0.0,False,0.0,reconstructible,failure_mining_llm_v3_metrics
hotpotqa,5a85ea095542994775f606a8,azure+cohere,mixed,failure_mining,debias_position,pairwise,rrf,unknown,0.5,-0.5,False,0.0,reconstructible,failure_mining_llm_v3_metrics
hotpotqa,5a85ea095542994775f606a8,azure+cohere,mixed,failure_mining,debias_position,pairwise,combsum,unknown,1.0,0.0,False,0.0,reconstructible,failure_mining_llm_v3_metrics
hotpotqa,5a85ea095542994775f606a8,azure+cohere,mixed,failure_mining,debias_position,pairwise,borda_fuse,unknown,0.43067655807339306,-0.5693234419266069,False,0.0,reconstructible,failure_mining_llm_v3_metrics
hotpotqa,5a85ea095542994775f606a8,azure+cohere,mixed,failure_mining,debias_position,pairwise,bradley_terry,unknown,1.0,0.0,False,0.0,reconstructible,failure_mining_llm_v3_metrics
hotpotqa,5a85ea095542994775f606a8,azure+cohere,mixed,failure_mining,debias_position,pairwise,local_kemenization,unknown,1.0,0.0,False,0.0,reconstructible,failure_mining_llm_v3_metrics
hotpotqa,5a85ea095542994775f606a8,azure+cohere,mixed,failure_mining,debias_position,pairwise,llm_cohere_pairwise,unknown,,,False,0.0,reconstructible,failure_mining_llm_v3_metrics
hotpotqa,5a85ea095542994775f606a8,azure+cohere,mixed,failure_mining,debias_position,pairwise,llm_azure_pairwise,unknown,,,False,0.0,reconstructible,failure_mining_llm_v3_metrics
hotpotqa,5adbf0a255429947ff17385a,azure+cohere,mixed,failure_mining,debias_position,pairwise,score_sum,unknown,1.0,0.0,True,0.1477866170070553,reconstructible,failure_mining_llm_v3_metrics
hotpotqa,5adbf0a255429947ff17385a,azure+cohere,mixed,failure_mining,debias_position,pairwise,borda,unknown,1.0,0.0,True,0.1477866170070553,reconstructible,failure_mining_llm_v3_metrics
hotpotqa,5adbf0a255429947ff17385a,azure+cohere,mixed,failure_mining,debias_position,pairwise,pagerank,unknown,1.0,0.0,True,0.1477866170070553,reconstructible,failure_mining_llm_v3_metrics
hotpotqa,5adbf0a255429947ff17385a,azure+cohere,mixed,failure_mining,debias_position,pairwise,rank_centrality,unknown,1.0,0.0,True,0.1477866170070553,reconstructible,failure_mining_llm_v3_metrics
hotpotqa,5adbf0a255429947ff17385a,azure+cohere,mixed,failure_mining,debias_position,pairwise,markov_graph,unknown,1.0,0.0,True,0.1477866170070553,reconstructible,failure_mining_llm_v3_metrics
hotpotqa,5adbf0a255429947ff17385a,azure+cohere,mixed,failure_mining,debias_position,pairwise,markov_graph_repaired,greedy,1.0,0.0,True,0.1477866170070553,reconstructible,failure_mining_llm_v3_metrics
hotpotqa,5adbf0a255429947ff17385a,azure+cohere,mixed,failure_mining,debias_position,pairwise,greedy_fas_topological,greedy,1.0,0.0,True,0.1477866170070553,reconstructible,failure_mining_llm_v3_metrics
hotpotqa,5adbf0a255429947ff17385a,azure+cohere,mixed,failure_mining,debias_position,pairwise,prior_only,unknown,1.0,0.0,True,0.1477866170070553,reconstructible,failure_mining_llm_v3_metrics
hotpotqa,5adbf0a255429947ff17385a,azure+cohere,mixed,failure_mining,debias_position,pairwise,rrf,unknown,1.0,0.0,True,0.1477866170070553,reconstructible,failure_mining_llm_v3_metrics
hotpotqa,5adbf0a255429947ff17385a,azure+cohere,mixed,failure_mining,debias_position,pairwise,combsum,unknown,1.0,0.0,True,0.1477866170070553,reconstructible,failure_mining_llm_v3_metrics
hotpotqa,5adbf0a255429947ff17385a,azure+cohere,mixed,failure_mining,debias_position,pairwise,borda_fuse,unknown,1.0,0.0,True,0.1477866170070553,reconstructible,failure_mining_llm_v3_metrics
hotpotqa,5adbf0a255429947ff17385a,azure+cohere,mixed,failure_mining,debias_position,pairwise,bradley_terry,unknown,1.0,0.0,True,0.1477866170070553,reconstructible,failure_mining_llm_v3_metrics
hotpotqa,5adbf0a255429947ff17385a,azure+cohere,mixed,failure_mining,debias_position,pairwise,local_kemenization,unknown,1.0,0.0,True,0.1477866170070553,reconstructible,failure_mining_llm_v3_metrics
hotpotqa,5adbf0a255429947ff17385a,azure+cohere,mixed,failure_mining,debias_position,pairwise,llm_cohere_pairwise,unknown,,,True,0.1477866170070553,reconstructible,failure_mining_llm_v3_metrics
hotpotqa,5adbf0a255429947ff17385a,azure+cohere,mixed,failure_mining,debias_position,pairwise,llm_azure_pairwise,unknown,,,True,0.1477866170070553,reconstructible,failure_mining_llm_v3_metrics
hotpotqa,5a8e3ea95542995a26add48d,azure+cohere,mixed,failure_mining,debias_position,pairwise,score_sum,unknown,1.0,0.0,True,0.11994907016266854,reconstructible,failure_mining_llm_v3_metrics
hotpotqa,5a8e3ea95542995a26add48d,azure+cohere,mixed,failure_mining,debias_position,pairwise,borda,unknown,1.0,0.0,True,0.11994907016266854,reconstructible,failure_mining_llm_v3_metrics
hotpotqa,5a8e3ea95542995a26add48d,azure+cohere,mixed,failure_mining,debias_position,pairwise,pagerank,unknown,1.0,0.0,True,0.11994907016266854,reconstructible,failure_mining_llm_v3_metrics
hotpotqa,5a8e3ea95542995a26add48d,azure+cohere,mixed,failure_mining,debias_position,pairwise,rank_centrality,unknown,1.0,0.0,True,0.11994907016266854,reconstructible,failure_mining_llm_v3_metrics
hotpotqa,5a8e3ea95542995a26add48d,azure+cohere,mixed,failure_mining,debias_position,pairwise,markov_graph,unknown,1.0,0.0,True,0.11994907016266854,reconstructible,failure_mining_llm_v3_metrics
hotpotqa,5a8e3ea95542995a26add48d,azure+cohere,mixed,failure_mining,debias_position,pairwise,markov_graph_repaired,greedy,1.0,0.0,True,0.11994907016266854,reconstructible,failure_mining_llm_v3_metrics
hotpotqa,5a8e3ea95542995a26add48d,azure+cohere,mixed,failure_mining,debias_position,pairwise,greedy_fas_topological,greedy,1.0,0.0,True,0.11994907016266854,reconstructible,failure_mining_llm_v3_metrics
hotpotqa,5a8e3ea95542995a26add48d,azure+cohere,mixed,failure_mining,debias_position,pairwise,prior_only,unknown,1.0,0.0,True,0.11994907016266854,reconstructible,failure_mining_llm_v3_metrics
hotpotqa,5a8e3ea95542995a26add48d,azure+cohere,mixed,failure_mining,debias_position,pairwise,rrf,unknown,1.0,0.0,True,0.11994907016266854,reconstructible,failure_mining_llm_v3_metrics
hotpotqa,5a8e3ea95542995a26add48d,azure+cohere,mixed,failure_mining,debias_position,pairwise,combsum,unknown,1.0,0.0,True,0.11994907016266854,reconstructible,failure_mining_llm_v3_metrics
hotpotqa,5a8e3ea95542995a26add48d,azure+cohere,mixed,failure_mining,debias_position,pairwise,borda_fuse,unknown,1.0,0.0,True,0.11994907016266854,reconstructible,failure_mining_llm_v3_metrics
hotpotqa,5a8e3ea95542995a26add48d,azure+cohere,mixed,failure_mining,debias_position,pairwise,bradley_terry,unknown,1.0,0.0,True,0.11994907016266854,reconstructible,failure_mining_llm_v3_metrics
hotpotqa,5a8e3ea95542995a26add48d,azure+cohere,mixed,failure_mining,debias_position,pairwise,local_kemenization,unknown,1.0,0.0,True,0.11994907016266854,reconstructible,failure_mining_llm_v3_metrics
hotpotqa,5a8e3ea95542995a26add48d,azure+cohere,mixed,failure_mining,debias_position,pairwise,llm_cohere_pairwise,unknown,,,True,0.11994907016266854,reconstructible,failure_mining_llm_v3_metrics
hotpotqa,5a8e3ea95542995a26add48d,azure+cohere,mixed,failure_mining,debias_position,pairwise,llm_azure_pairwise,unknown,,,True,0.11994907016266854,reconstructible,failure_mining_llm_v3_metrics
hotpotqa,5a85b2d95542997b5ce40028,azure+cohere,mixed,failure_mining,debias_position,pairwise,score_sum,unknown,1.0,0.0,True,0.06658982228433673,reconstructible,failure_mining_llm_v3_metrics
hotpotqa,5a85b2d95542997b5ce40028,azure+cohere,mixed,failure_mining,debias_position,pairwise,borda,unknown,1.0,0.0,True,0.06658982228433673,reconstructible,failure_mining_llm_v3_metrics
hotpotqa,5a85b2d95542997b5ce40028,azure+cohere,mixed,failure_mining,debias_position,pairwise,pagerank,unknown,1.0,0.0,True,0.06658982228433673,reconstructible,failure_mining_llm_v3_metrics
hotpotqa,5a85b2d95542997b5ce40028,azure+cohere,mixed,failure_mining,debias_position,pairwise,rank_centrality,unknown,1.0,0.0,True,0.06658982228433673,reconstructible,failure_mining_llm_v3_metrics
hotpotqa,5a85b2d95542997b5ce40028,azure+cohere,mixed,failure_mining,debias_position,pairwise,markov_graph,unknown,1.0,0.0,True,0.06658982228433673,reconstructible,failure_mining_llm_v3_metrics
hotpotqa,5a85b2d95542997b5ce40028,azure+cohere,mixed,failure_mining,debias_position,pairwise,markov_graph_repaired,greedy,1.0,0.0,True,0.06658982228433673,reconstructible,failure_mining_llm_v3_metrics
hotpotqa,5a85b2d95542997b5ce40028,azure+cohere,mixed,failure_mining,debias_position,pairwise,greedy_fas_topological,greedy,1.0,0.0,True,0.06658982228433673,reconstructible,failure_mining_llm_v3_metrics
hotpotqa,5a85b2d95542997b5ce40028,azure+cohere,mixed,failure_mining,debias_position,pairwise,prior_only,unknown,1.0,0.0,True,0.06658982228433673,reconstructible,failure_mining_llm_v3_metrics
hotpotqa,5a85b2d95542997b5ce40028,azure+cohere,mixed,failure_mining,debias_position,pairwise,rrf,unknown,1.0,0.0,True,0.06658982228433673,reconstructible,failure_mining_llm_v3_metrics
hotpotqa,5a85b2d95542997b5ce40028,azure+cohere,mixed,failure_mining,debias_position,pairwise,combsum,unknown,1.0,0.0,True,0.06658982228433673,reconstructible,failure_mining_llm_v3_metrics
hotpotqa,5a85b2d95542997b5ce40028,azure+cohere,mixed,failure_mining,debias_position,pairwise,borda_fuse,unknown,1.0,0.0,True,0.06658982228433673,reconstructible,failure_mining_llm_v3_metrics
hotpotqa,5a85b2d95542997b5ce40028,azure+cohere,mixed,failure_mining,debias_position,pairwise,bradley_terry,unknown,1.0,0.0,True,0.06658982228433673,reconstructible,failure_mining_llm_v3_metrics
hotpotqa,5a85b2d95542997b5ce40028,azure+cohere,mixed,failure_mining,debias_position,pairwise,local_kemenization,unknown,1.0,0.0,True,0.06658982228433673,reconstructible,failure_mining_llm_v3_metrics
hotpotqa,5a85b2d95542997b5ce40028,azure+cohere,mixed,failure_mining,debias_position,pairwise,llm_cohere_pairwise,unknown,,,True,0.06658982228433673,reconstructible,failure_mining_llm_v3_metrics
hotpotqa,5a85b2d95542997b5ce40028,azure+cohere,mixed,failure_mining,debias_position,pairwise,llm_azure_pairwise,unknown,,,True,0.06658982228433673,reconstructible,failure_mining_llm_v3_metrics
hotpotqa,5a87ab905542996e4f3088c1,azure+cohere,mixed,failure_mining,debias_position,pairwise,score_sum,unknown,1.0,0.0,False,0.0,reconstructible,failure_mining_llm_v3_metrics
hotpotqa,5a87ab905542996e4f3088c1,azure+cohere,mixed,failure_mining,debias_position,pairwise,borda,unknown,1.0,0.0,False,0.0,reconstructible,failure_mining_llm_v3_metrics
hotpotqa,5a87ab905542996e4f3088c1,azure+cohere,mixed,failure_mining,debias_position,pairwise,pagerank,unknown,1.0,0.0,False,0.0,reconstructible,failure_mining_llm_v3_metrics
hotpotqa,5a87ab905542996e4f3088c1,azure+cohere,mixed,failure_mining,debias_position,pairwise,rank_centrality,unknown,1.0,0.0,False,0.0,reconstructible,failure_mining_llm_v3_metrics
hotpotqa,5a87ab905542996e4f3088c1,azure+cohere,mixed,failure_mining,debias_position,pairwise,markov_graph,unknown,1.0,0.0,False,0.0,reconstructible,failure_mining_llm_v3_metrics
hotpotqa,5a87ab905542996e4f3088c1,azure+cohere,mixed,failure_mining,debias_position,pairwise,markov_graph_repaired,greedy,1.0,0.0,False,0.0,reconstructible,failure_mining_llm_v3_metrics
hotpotqa,5a87ab905542996e4f3088c1,azure+cohere,mixed,failure_mining,debias_position,pairwise,greedy_fas_topological,greedy,1.0,0.0,False,0.0,reconstructible,failure_mining_llm_v3_metrics
hotpotqa,5a87ab905542996e4f3088c1,azure+cohere,mixed,failure_mining,debias_position,pairwise,prior_only,unknown,1.0,0.0,False,0.0,reconstructible,failure_mining_llm_v3_metrics
hotpotqa,5a87ab905542996e4f3088c1,azure+cohere,mixed,failure_mining,debias_position,pairwise,rrf,unknown,1.0,0.0,False,0.0,reconstructible,failure_mining_llm_v3_metrics
hotpotqa,5a87ab905542996e4f3088c1,azure+cohere,mixed,failure_mining,debias_position,pairwise,combsum,unknown,1.0,0.0,False,0.0,reconstructible,failure_mining_llm_v3_metrics
hotpotqa,5a87ab905542996e4f3088c1,azure+cohere,mixed,failure_mining,debias_position,pairwise,borda_fuse,unknown,1.0,0.0,False,0.0,reconstructible,failure_mining_llm_v3_metrics
hotpotqa,5a87ab905542996e4f3088c1,azure+cohere,mixed,failure_mining,debias_position,pairwise,bradley_terry,unknown,1.0,0.0,False,0.0,reconstructible,failure_mining_llm_v3_metrics
hotpotqa,5a87ab905542996e4f3088c1,azure+cohere,mixed,failure_mining,debias_position,pairwise,local_kemenization,unknown,1.0,0.0,False,0.0,reconstructible,failure_mining_llm_v3_metrics
hotpotqa,5a87ab905542996e4f3088c1,azure+cohere,mixed,failure_mining,debias_position,pairwise,llm_cohere_pairwise,unknown,,,False,0.0,reconstructible,failure_mining_llm_v3_metrics
hotpotqa,5a87ab905542996e4f3088c1,azure+cohere,mixed,failure_mining,debias_position,pairwise,llm_azure_pairwise,unknown,,,False,0.0,reconstructible,failure_mining_llm_v3_metrics
hotpotqa,5a7bbb64554299042af8f7cc,azure+cohere,mixed,failure_mining,debias_position,pairwise,score_sum,unknown,1.0,0.0,True,0.20192760047273084,reconstructible,failure_mining_llm_v3_metrics
hotpotqa,5a7bbb64554299042af8f7cc,azure+cohere,mixed,failure_mining,debias_position,pairwise,borda,unknown,1.0,0.0,True,0.20192760047273084,reconstructible,failure_mining_llm_v3_metrics
hotpotqa,5a7bbb64554299042af8f7cc,azure+cohere,mixed,failure_mining,debias_position,pairwise,pagerank,unknown,1.0,0.0,True,0.20192760047273084,reconstructible,failure_mining_llm_v3_metrics
hotpotqa,5a7bbb64554299042af8f7cc,azure+cohere,mixed,failure_mining,debias_position,pairwise,rank_centrality,unknown,1.0,0.0,True,0.20192760047273084,reconstructible,failure_mining_llm_v3_metrics
hotpotqa,5a7bbb64554299042af8f7cc,azure+cohere,mixed,failure_mining,debias_position,pairwise,markov_graph,unknown,1.0,0.0,True,0.20192760047273084,reconstructible,failure_mining_llm_v3_metrics
hotpotqa,5a7bbb64554299042af8f7cc,azure+cohere,mixed,failure_mining,debias_position,pairwise,markov_graph_repaired,greedy,1.0,0.0,True,0.20192760047273084,reconstructible,failure_mining_llm_v3_metrics
hotpotqa,5a7bbb64554299042af8f7cc,azure+cohere,mixed,failure_mining,debias_position,pairwise,greedy_fas_topological,greedy,1.0,0.0,True,0.20192760047273084,reconstructible,failure_mining_llm_v3_metrics
hotpotqa,5a7bbb64554299042af8f7cc,azure+cohere,mixed,failure_mining,debias_position,pairwise,prior_only,unknown,0.6309297535714575,-0.36907024642854247,True,0.20192760047273084,reconstructible,failure_mining_llm_v3_metrics
hotpotqa,5a7bbb64554299042af8f7cc,azure+cohere,mixed,failure_mining,debias_position,pairwise,rrf,unknown,0.6309297535714575,-0.36907024642854247,True,0.20192760047273084,reconstructible,failure_mining_llm_v3_metrics
hotpotqa,5a7bbb64554299042af8f7cc,azure+cohere,mixed,failure_mining,debias_position,pairwise,combsum,unknown,0.6309297535714575,-0.36907024642854247,True,0.20192760047273084,reconstructible,failure_mining_llm_v3_metrics
hotpotqa,5a7bbb64554299042af8f7cc,azure+cohere,mixed,failure_mining,debias_position,pairwise,borda_fuse,unknown,0.6309297535714575,-0.36907024642854247,True,0.20192760047273084,reconstructible,failure_mining_llm_v3_metrics
hotpotqa,5a7bbb64554299042af8f7cc,azure+cohere,mixed,failure_mining,debias_position,pairwise,bradley_terry,unknown,1.0,0.0,True,0.20192760047273084,reconstructible,failure_mining_llm_v3_metrics
hotpotqa,5a7bbb64554299042af8f7cc,azure+cohere,mixed,failure_mining,debias_position,pairwise,local_kemenization,unknown,1.0,0.0,True,0.20192760047273084,reconstructible,failure_mining_llm_v3_metrics
hotpotqa,5a7bbb64554299042af8f7cc,azure+cohere,mixed,failure_mining,debias_position,pairwise,llm_cohere_pairwise,unknown,,,True,0.20192760047273084,reconstructible,failure_mining_llm_v3_metrics
hotpotqa,5a7bbb64554299042af8f7cc,azure+cohere,mixed,failure_mining,debias_position,pairwise,llm_azure_pairwise,unknown,,,True,0.20192760047273084,reconstructible,failure_mining_llm_v3_metrics
hotpotqa,5a7166395542994082a3e814,azure+cohere,mixed,failure_mining,debias_position,pairwise,score_sum,unknown,1.0,0.0,True,0.06691399216651917,reconstructible,failure_mining_llm_v3_metrics
hotpotqa,5a7166395542994082a3e814,azure+cohere,mixed,failure_mining,debias_position,pairwise,borda,unknown,1.0,0.0,True,0.06691399216651917,reconstructible,failure_mining_llm_v3_metrics
hotpotqa,5a7166395542994082a3e814,azure+cohere,mixed,failure_mining,debias_position,pairwise,pagerank,unknown,1.0,0.0,True,0.06691399216651917,reconstructible,failure_mining_llm_v3_metrics
hotpotqa,5a7166395542994082a3e814,azure+cohere,mixed,failure_mining,debias_position,pairwise,rank_centrality,unknown,1.0,0.0,True,0.06691399216651917,reconstructible,failure_mining_llm_v3_metrics
hotpotqa,5a7166395542994082a3e814,azure+cohere,mixed,failure_mining,debias_position,pairwise,markov_graph,unknown,1.0,0.0,True,0.06691399216651917,reconstructible,failure_mining_llm_v3_metrics
hotpotqa,5a7166395542994082a3e814,azure+cohere,mixed,failure_mining,debias_position,pairwise,markov_graph_repaired,greedy,1.0,0.0,True,0.06691399216651917,reconstructible,failure_mining_llm_v3_metrics
hotpotqa,5a7166395542994082a3e814,azure+cohere,mixed,failure_mining,debias_position,pairwise,greedy_fas_topological,greedy,1.0,0.0,True,0.06691399216651917,reconstructible,failure_mining_llm_v3_metrics
hotpotqa,5a7166395542994082a3e814,azure+cohere,mixed,failure_mining,debias_position,pairwise,prior_only,unknown,1.0,0.0,True,0.06691399216651917,reconstructible,failure_mining_llm_v3_metrics
hotpotqa,5a7166395542994082a3e814,azure+cohere,mixed,failure_mining,debias_position,pairwise,rrf,unknown,1.0,0.0,True,0.06691399216651917,reconstructible,failure_mining_llm_v3_metrics
hotpotqa,5a7166395542994082a3e814,azure+cohere,mixed,failure_mining,debias_position,pairwise,combsum,unknown,1.0,0.0,True,0.06691399216651917,reconstructible,failure_mining_llm_v3_metrics
hotpotqa,5a7166395542994082a3e814,azure+cohere,mixed,failure_mining,debias_position,pairwise,borda_fuse,unknown,1.0,0.0,True,0.06691399216651917,reconstructible,failure_mining_llm_v3_metrics
hotpotqa,5a7166395542994082a3e814,azure+cohere,mixed,failure_mining,debias_position,pairwise,bradley_terry,unknown,1.0,0.0,True,0.06691399216651917,reconstructible,failure_mining_llm_v3_metrics
hotpotqa,5a7166395542994082a3e814,azure+cohere,mixed,failure_mining,debias_position,pairwise,local_kemenization,unknown,1.0,0.0,True,0.06691399216651917,reconstructible,failure_mining_llm_v3_metrics
hotpotqa,5a7166395542994082a3e814,azure+cohere,mixed,failure_mining,debias_position,pairwise,llm_cohere_pairwise,unknown,,,True,0.06691399216651917,reconstructible,failure_mining_llm_v3_metrics
hotpotqa,5a7166395542994082a3e814,azure+cohere,mixed,failure_mining,debias_position,pairwise,llm_azure_pairwise,unknown,,,True,0.06691399216651917,reconstructible,failure_mining_llm_v3_metrics
hotpotqa,5a877e5d5542993e715abf7d,azure+cohere,mixed,failure_mining,debias_position,pairwise,score_sum,unknown,1.0,0.0,False,0.0,reconstructible,failure_mining_llm_v3_metrics
hotpotqa,5a877e5d5542993e715abf7d,azure+cohere,mixed,failure_mining,debias_position,pairwise,borda,unknown,1.0,0.0,False,0.0,reconstructible,failure_mining_llm_v3_metrics
hotpotqa,5a877e5d5542993e715abf7d,azure+cohere,mixed,failure_mining,debias_position,pairwise,pagerank,unknown,1.0,0.0,False,0.0,reconstructible,failure_mining_llm_v3_metrics
hotpotqa,5a877e5d5542993e715abf7d,azure+cohere,mixed,failure_mining,debias_position,pairwise,rank_centrality,unknown,1.0,0.0,False,0.0,reconstructible,failure_mining_llm_v3_metrics
hotpotqa,5a877e5d5542993e715abf7d,azure+cohere,mixed,failure_mining,debias_position,pairwise,markov_graph,unknown,1.0,0.0,False,0.0,reconstructible,failure_mining_llm_v3_metrics
hotpotqa,5a877e5d5542993e715abf7d,azure+cohere,mixed,failure_mining,debias_position,pairwise,markov_graph_repaired,greedy,1.0,0.0,False,0.0,reconstructible,failure_mining_llm_v3_metrics
hotpotqa,5a877e5d5542993e715abf7d,azure+cohere,mixed,failure_mining,debias_position,pairwise,greedy_fas_topological,greedy,1.0,0.0,False,0.0,reconstructible,failure_mining_llm_v3_metrics
hotpotqa,5a877e5d5542993e715abf7d,azure+cohere,mixed,failure_mining,debias_position,pairwise,prior_only,unknown,1.0,0.0,False,0.0,reconstructible,failure_mining_llm_v3_metrics
hotpotqa,5a877e5d5542993e715abf7d,azure+cohere,mixed,failure_mining,debias_position,pairwise,rrf,unknown,1.0,0.0,False,0.0,reconstructible,failure_mining_llm_v3_metrics
hotpotqa,5a877e5d5542993e715abf7d,azure+cohere,mixed,failure_mining,debias_position,pairwise,combsum,unknown,1.0,0.0,False,0.0,reconstructible,failure_mining_llm_v3_metrics
hotpotqa,5a877e5d5542993e715abf7d,azure+cohere,mixed,failure_mining,debias_position,pairwise,borda_fuse,unknown,1.0,0.0,False,0.0,reconstructible,failure_mining_llm_v3_metrics
hotpotqa,5a877e5d5542993e715abf7d,azure+cohere,mixed,failure_mining,debias_position,pairwise,bradley_terry,unknown,1.0,0.0,False,0.0,reconstructible,failure_mining_llm_v3_metrics
hotpotqa,5a877e5d5542993e715abf7d,azure+cohere,mixed,failure_mining,debias_position,pairwise,local_kemenization,unknown,1.0,0.0,False,0.0,reconstructible,failure_mining_llm_v3_metrics
hotpotqa,5a877e5d5542993e715abf7d,azure+cohere,mixed,failure_mining,debias_position,pairwise,llm_cohere_pairwise,unknown,,,False,0.0,reconstructible,failure_mining_llm_v3_metrics
hotpotqa,5a877e5d5542993e715abf7d,azure+cohere,mixed,failure_mining,debias_position,pairwise,llm_azure_pairwise,unknown,,,False,0.0,reconstructible,failure_mining_llm_v3_metrics
hotpotqa,5ab3b0bf5542992ade7c6e39,azure+cohere,mixed,failure_mining,debias_position,pairwise,score_sum,unknown,1.0,0.0,True,1.0296006024106863,reconstructible,failure_mining_llm_v3_metrics
hotpotqa,5ab3b0bf5542992ade7c6e39,azure+cohere,mixed,failure_mining,debias_position,pairwise,borda,unknown,0.6309297535714575,-0.36907024642854247,True,1.0296006024106863,reconstructible,failure_mining_llm_v3_metrics
hotpotqa,5ab3b0bf5542992ade7c6e39,azure+cohere,mixed,failure_mining,debias_position,pairwise,pagerank,unknown,1.0,0.0,True,1.0296006024106863,reconstructible,failure_mining_llm_v3_metrics
hotpotqa,5ab3b0bf5542992ade7c6e39,azure+cohere,mixed,failure_mining,debias_position,pairwise,rank_centrality,unknown,1.0,0.0,True,1.0296006024106863,reconstructible,failure_mining_llm_v3_metrics
hotpotqa,5ab3b0bf5542992ade7c6e39,azure+cohere,mixed,failure_mining,debias_position,pairwise,markov_graph,unknown,1.0,0.0,True,1.0296006024106863,reconstructible,failure_mining_llm_v3_metrics
hotpotqa,5ab3b0bf5542992ade7c6e39,azure+cohere,mixed,failure_mining,debias_position,pairwise,markov_graph_repaired,greedy,1.0,0.0,True,1.0296006024106863,reconstructible,failure_mining_llm_v3_metrics
hotpotqa,5ab3b0bf5542992ade7c6e39,azure+cohere,mixed,failure_mining,debias_position,pairwise,greedy_fas_topological,greedy,1.0,0.0,True,1.0296006024106863,reconstructible,failure_mining_llm_v3_metrics
hotpotqa,5ab3b0bf5542992ade7c6e39,azure+cohere,mixed,failure_mining,debias_position,pairwise,prior_only,unknown,0.2890648263178879,-0.7109351736821121,True,1.0296006024106863,reconstructible,failure_mining_llm_v3_metrics
hotpotqa,5ab3b0bf5542992ade7c6e39,azure+cohere,mixed,failure_mining,debias_position,pairwise,rrf,unknown,0.2890648263178879,-0.7109351736821121,True,1.0296006024106863,reconstructible,failure_mining_llm_v3_metrics
hotpotqa,5ab3b0bf5542992ade7c6e39,azure+cohere,mixed,failure_mining,debias_position,pairwise,combsum,unknown,0.5,-0.5,True,1.0296006024106863,reconstructible,failure_mining_llm_v3_metrics
hotpotqa,5ab3b0bf5542992ade7c6e39,azure+cohere,mixed,failure_mining,debias_position,pairwise,borda_fuse,unknown,0.2890648263178879,-0.7109351736821121,True,1.0296006024106863,reconstructible,failure_mining_llm_v3_metrics
hotpotqa,5ab3b0bf5542992ade7c6e39,azure+cohere,mixed,failure_mining,debias_position,pairwise,bradley_terry,unknown,1.0,0.0,True,1.0296006024106863,reconstructible,failure_mining_llm_v3_metrics
hotpotqa,5ab3b0bf5542992ade7c6e39,azure+cohere,mixed,failure_mining,debias_position,pairwise,local_kemenization,unknown,1.0,0.0,True,1.0296006024106863,reconstructible,failure_mining_llm_v3_metrics
hotpotqa,5ab3b0bf5542992ade7c6e39,azure+cohere,mixed,failure_mining,debias_position,pairwise,llm_cohere_pairwise,unknown,,,True,1.0296006024106863,reconstructible,failure_mining_llm_v3_metrics
hotpotqa,5ab3b0bf5542992ade7c6e39,azure+cohere,mixed,failure_mining,debias_position,pairwise,llm_azure_pairwise,unknown,,,True,1.0296006024106863,reconstructible,failure_mining_llm_v3_metrics
hotpotqa,5ab56e32554299637185c594,azure+cohere,mixed,failure_mining,debias_position,pairwise,score_sum,unknown,0.9197207891481876,0.0,False,0.0,reconstructible,failure_mining_llm_v3_metrics
hotpotqa,5ab56e32554299637185c594,azure+cohere,mixed,failure_mining,debias_position,pairwise,borda,unknown,0.9197207891481876,0.0,False,0.0,reconstructible,failure_mining_llm_v3_metrics
hotpotqa,5ab56e32554299637185c594,azure+cohere,mixed,failure_mining,debias_position,pairwise,pagerank,unknown,0.9197207891481876,0.0,False,0.0,reconstructible,failure_mining_llm_v3_metrics
hotpotqa,5ab56e32554299637185c594,azure+cohere,mixed,failure_mining,debias_position,pairwise,rank_centrality,unknown,0.9197207891481876,0.0,False,0.0,reconstructible,failure_mining_llm_v3_metrics
hotpotqa,5ab56e32554299637185c594,azure+cohere,mixed,failure_mining,debias_position,pairwise,markov_graph,unknown,0.9197207891481876,0.0,False,0.0,reconstructible,failure_mining_llm_v3_metrics
hotpotqa,5ab56e32554299637185c594,azure+cohere,mixed,failure_mining,debias_position,pairwise,markov_graph_repaired,greedy,0.9197207891481876,0.0,False,0.0,reconstructible,failure_mining_llm_v3_metrics
hotpotqa,5ab56e32554299637185c594,azure+cohere,mixed,failure_mining,debias_position,pairwise,greedy_fas_topological,greedy,0.9197207891481876,0.0,False,0.0,reconstructible,failure_mining_llm_v3_metrics
hotpotqa,5ab56e32554299637185c594,azure+cohere,mixed,failure_mining,debias_position,pairwise,prior_only,unknown,0.9197207891481876,0.0,False,0.0,reconstructible,failure_mining_llm_v3_metrics
hotpotqa,5ab56e32554299637185c594,azure+cohere,mixed,failure_mining,debias_position,pairwise,rrf,unknown,0.9197207891481876,0.0,False,0.0,reconstructible,failure_mining_llm_v3_metrics
hotpotqa,5ab56e32554299637185c594,azure+cohere,mixed,failure_mining,debias_position,pairwise,combsum,unknown,0.9197207891481876,0.0,False,0.0,reconstructible,failure_mining_llm_v3_metrics
hotpotqa,5ab56e32554299637185c594,azure+cohere,mixed,failure_mining,debias_position,pairwise,borda_fuse,unknown,0.9197207891481876,0.0,False,0.0,reconstructible,failure_mining_llm_v3_metrics
hotpotqa,5ab56e32554299637185c594,azure+cohere,mixed,failure_mining,debias_position,pairwise,bradley_terry,unknown,0.9197207891481876,0.0,False,0.0,reconstructible,failure_mining_llm_v3_metrics
hotpotqa,5ab56e32554299637185c594,azure+cohere,mixed,failure_mining,debias_position,pairwise,local_kemenization,unknown,0.9197207891481876,0.0,False,0.0,reconstructible,failure_mining_llm_v3_metrics
hotpotqa,5ab56e32554299637185c594,azure+cohere,mixed,failure_mining,debias_position,pairwise,llm_cohere_pairwise,unknown,,,False,0.0,reconstructible,failure_mining_llm_v3_metrics
hotpotqa,5ab56e32554299637185c594,azure+cohere,mixed,failure_mining,debias_position,pairwise,llm_azure_pairwise,unknown,,,False,0.0,reconstructible,failure_mining_llm_v3_metrics
hotpotqa,5ab6d09255429954757d337d,azure+cohere,mixed,failure_mining,debias_position,pairwise,score_sum,unknown,0.5,0.0,True,0.6740632102650557,reconstructible,failure_mining_llm_v3_metrics
hotpotqa,5ab6d09255429954757d337d,azure+cohere,mixed,failure_mining,debias_position,pairwise,borda,unknown,0.38685280723454163,-0.11314719276545837,True,0.6740632102650557,reconstructible,failure_mining_llm_v3_metrics
hotpotqa,5ab6d09255429954757d337d,azure+cohere,mixed,failure_mining,debias_position,pairwise,pagerank,unknown,0.38685280723454163,-0.11314719276545837,True,0.6740632102650557,reconstructible,failure_mining_llm_v3_metrics
hotpotqa,5ab6d09255429954757d337d,azure+cohere,mixed,failure_mining,debias_position,pairwise,rank_centrality,unknown,0.38685280723454163,-0.11314719276545837,True,0.6740632102650557,reconstructible,failure_mining_llm_v3_metrics
hotpotqa,5ab6d09255429954757d337d,azure+cohere,mixed,failure_mining,debias_position,pairwise,markov_graph,unknown,0.5,0.0,True,0.6740632102650557,reconstructible,failure_mining_llm_v3_metrics
hotpotqa,5ab6d09255429954757d337d,azure+cohere,mixed,failure_mining,debias_position,pairwise,markov_graph_repaired,greedy,0.5,0.0,True,0.6740632102650557,reconstructible,failure_mining_llm_v3_metrics
hotpotqa,5ab6d09255429954757d337d,azure+cohere,mixed,failure_mining,debias_position,pairwise,greedy_fas_topological,greedy,0.5,0.0,True,0.6740632102650557,reconstructible,failure_mining_llm_v3_metrics
hotpotqa,5ab6d09255429954757d337d,azure+cohere,mixed,failure_mining,debias_position,pairwise,prior_only,unknown,0.43067655807339306,-0.06932344192660694,True,0.6740632102650557,reconstructible,failure_mining_llm_v3_metrics
hotpotqa,5ab6d09255429954757d337d,azure+cohere,mixed,failure_mining,debias_position,pairwise,rrf,unknown,0.38685280723454163,-0.11314719276545837,True,0.6740632102650557,reconstructible,failure_mining_llm_v3_metrics
hotpotqa,5ab6d09255429954757d337d,azure+cohere,mixed,failure_mining,debias_position,pairwise,combsum,unknown,0.38685280723454163,-0.11314719276545837,True,0.6740632102650557,reconstructible,failure_mining_llm_v3_metrics
hotpotqa,5ab6d09255429954757d337d,azure+cohere,mixed,failure_mining,debias_position,pairwise,borda_fuse,unknown,0.38685280723454163,-0.11314719276545837,True,0.6740632102650557,reconstructible,failure_mining_llm_v3_metrics
hotpotqa,5ab6d09255429954757d337d,azure+cohere,mixed,failure_mining,debias_position,pairwise,bradley_terry,unknown,0.5,0.0,True,0.6740632102650557,reconstructible,failure_mining_llm_v3_metrics
hotpotqa,5ab6d09255429954757d337d,azure+cohere,mixed,failure_mining,debias_position,pairwise,local_kemenization,unknown,0.5,0.0,True,0.6740632102650557,reconstructible,failure_mining_llm_v3_metrics
hotpotqa,5ab6d09255429954757d337d,azure+cohere,mixed,failure_mining,debias_position,pairwise,llm_cohere_pairwise,unknown,,,True,0.6740632102650557,reconstructible,failure_mining_llm_v3_metrics
hotpotqa,5ab6d09255429954757d337d,azure+cohere,mixed,failure_mining,debias_position,pairwise,llm_azure_pairwise,unknown,,,True,0.6740632102650557,reconstructible,failure_mining_llm_v3_metrics
hotpotqa,5a75e05c55429976ec32bc5f,azure+cohere,mixed,failure_mining,debias_position,pairwise,score_sum,unknown,1.0,0.0,True,0.46403154730796814,reconstructible,failure_mining_llm_v3_metrics
hotpotqa,5a75e05c55429976ec32bc5f,azure+cohere,mixed,failure_mining,debias_position,pairwise,borda,unknown,1.0,0.0,True,0.46403154730796814,reconstructible,failure_mining_llm_v3_metrics
hotpotqa,5a75e05c55429976ec32bc5f,azure+cohere,mixed,failure_mining,debias_position,pairwise,pagerank,unknown,1.0,0.0,True,0.46403154730796814,reconstructible,failure_mining_llm_v3_metrics
hotpotqa,5a75e05c55429976ec32bc5f,azure+cohere,mixed,failure_mining,debias_position,pairwise,rank_centrality,unknown,1.0,0.0,True,0.46403154730796814,reconstructible,failure_mining_llm_v3_metrics
hotpotqa,5a75e05c55429976ec32bc5f,azure+cohere,mixed,failure_mining,debias_position,pairwise,markov_graph,unknown,1.0,0.0,True,0.46403154730796814,reconstructible,failure_mining_llm_v3_metrics
hotpotqa,5a75e05c55429976ec32bc5f,azure+cohere,mixed,failure_mining,debias_position,pairwise,markov_graph_repaired,greedy,1.0,0.0,True,0.46403154730796814,reconstructible,failure_mining_llm_v3_metrics
hotpotqa,5a75e05c55429976ec32bc5f,azure+cohere,mixed,failure_mining,debias_position,pairwise,greedy_fas_topological,greedy,1.0,0.0,True,0.46403154730796814,reconstructible,failure_mining_llm_v3_metrics
hotpotqa,5a75e05c55429976ec32bc5f,azure+cohere,mixed,failure_mining,debias_position,pairwise,prior_only,unknown,1.0,0.0,True,0.46403154730796814,reconstructible,failure_mining_llm_v3_metrics
hotpotqa,5a75e05c55429976ec32bc5f,azure+cohere,mixed,failure_mining,debias_position,pairwise,rrf,unknown,1.0,0.0,True,0.46403154730796814,reconstructible,failure_mining_llm_v3_metrics
hotpotqa,5a75e05c55429976ec32bc5f,azure+cohere,mixed,failure_mining,debias_position,pairwise,combsum,unknown,1.0,0.0,True,0.46403154730796814,reconstructible,failure_mining_llm_v3_metrics
hotpotqa,5a75e05c55429976ec32bc5f,azure+cohere,mixed,failure_mining,debias_position,pairwise,borda_fuse,unknown,1.0,0.0,True,0.46403154730796814,reconstructible,failure_mining_llm_v3_metrics
hotpotqa,5a75e05c55429976ec32bc5f,azure+cohere,mixed,failure_mining,debias_position,pairwise,bradley_terry,unknown,1.0,0.0,True,0.46403154730796814,reconstructible,failure_mining_llm_v3_metrics
hotpotqa,5a75e05c55429976ec32bc5f,azure+cohere,mixed,failure_mining,debias_position,pairwise,local_kemenization,unknown,1.0,0.0,True,0.46403154730796814,reconstructible,failure_mining_llm_v3_metrics
hotpotqa,5a75e05c55429976ec32bc5f,azure+cohere,mixed,failure_mining,debias_position,pairwise,llm_cohere_pairwise,unknown,,,True,0.46403154730796814,reconstructible,failure_mining_llm_v3_metrics
hotpotqa,5a75e05c55429976ec32bc5f,azure+cohere,mixed,failure_mining,debias_position,pairwise,llm_azure_pairwise,unknown,,,True,0.46403154730796814,reconstructible,failure_mining_llm_v3_metrics
hotpotqa,5ab3e45655429976abd1bcd4,azure+cohere,mixed,failure_mining,debias_position,pairwise,score_sum,unknown,1.0,0.0,False,0.0,reconstructible,failure_mining_llm_v3_metrics
hotpotqa,5ab3e45655429976abd1bcd4,azure+cohere,mixed,failure_mining,debias_position,pairwise,borda,unknown,1.0,0.0,False,0.0,reconstructible,failure_mining_llm_v3_metrics
hotpotqa,5ab3e45655429976abd1bcd4,azure+cohere,mixed,failure_mining,debias_position,pairwise,pagerank,unknown,1.0,0.0,False,0.0,reconstructible,failure_mining_llm_v3_metrics
hotpotqa,5ab3e45655429976abd1bcd4,azure+cohere,mixed,failure_mining,debias_position,pairwise,rank_centrality,unknown,1.0,0.0,False,0.0,reconstructible,failure_mining_llm_v3_metrics
hotpotqa,5ab3e45655429976abd1bcd4,azure+cohere,mixed,failure_mining,debias_position,pairwise,markov_graph,unknown,1.0,0.0,False,0.0,reconstructible,failure_mining_llm_v3_metrics
hotpotqa,5ab3e45655429976abd1bcd4,azure+cohere,mixed,failure_mining,debias_position,pairwise,markov_graph_repaired,greedy,1.0,0.0,False,0.0,reconstructible,failure_mining_llm_v3_metrics
hotpotqa,5ab3e45655429976abd1bcd4,azure+cohere,mixed,failure_mining,debias_position,pairwise,greedy_fas_topological,greedy,1.0,0.0,False,0.0,reconstructible,failure_mining_llm_v3_metrics
hotpotqa,5ab3e45655429976abd1bcd4,azure+cohere,mixed,failure_mining,debias_position,pairwise,prior_only,unknown,1.0,0.0,False,0.0,reconstructible,failure_mining_llm_v3_metrics
hotpotqa,5ab3e45655429976abd1bcd4,azure+cohere,mixed,failure_mining,debias_position,pairwise,rrf,unknown,1.0,0.0,False,0.0,reconstructible,failure_mining_llm_v3_metrics
hotpotqa,5ab3e45655429976abd1bcd4,azure+cohere,mixed,failure_mining,debias_position,pairwise,combsum,unknown,1.0,0.0,False,0.0,reconstructible,failure_mining_llm_v3_metrics
hotpotqa,5ab3e45655429976abd1bcd4,azure+cohere,mixed,failure_mining,debias_position,pairwise,borda_fuse,unknown,1.0,0.0,False,0.0,reconstructible,failure_mining_llm_v3_metrics
hotpotqa,5ab3e45655429976abd1bcd4,azure+cohere,mixed,failure_mining,debias_position,pairwise,bradley_terry,unknown,1.0,0.0,False,0.0,reconstructible,failure_mining_llm_v3_metrics
hotpotqa,5ab3e45655429976abd1bcd4,azure+cohere,mixed,failure_mining,debias_position,pairwise,local_kemenization,unknown,1.0,0.0,False,0.0,reconstructible,failure_mining_llm_v3_metrics
hotpotqa,5ab3e45655429976abd1bcd4,azure+cohere,mixed,failure_mining,debias_position,pairwise,llm_cohere_pairwise,unknown,,,False,0.0,reconstructible,failure_mining_llm_v3_metrics
hotpotqa,5ab3e45655429976abd1bcd4,azure+cohere,mixed,failure_mining,debias_position,pairwise,llm_azure_pairwise,unknown,,,False,0.0,reconstructible,failure_mining_llm_v3_metrics
hotpotqa,5ae0d4c9554299603e418468,azure+cohere,mixed,failure_mining,debias_position,pairwise,score_sum,unknown,1.0,0.0,True,0.6053385346416247,reconstructible,failure_mining_llm_v3_metrics
hotpotqa,5ae0d4c9554299603e418468,azure+cohere,mixed,failure_mining,debias_position,pairwise,borda,unknown,1.0,0.0,True,0.6053385346416247,reconstructible,failure_mining_llm_v3_metrics
hotpotqa,5ae0d4c9554299603e418468,azure+cohere,mixed,failure_mining,debias_position,pairwise,pagerank,unknown,1.0,0.0,True,0.6053385346416247,reconstructible,failure_mining_llm_v3_metrics
hotpotqa,5ae0d4c9554299603e418468,azure+cohere,mixed,failure_mining,debias_position,pairwise,rank_centrality,unknown,1.0,0.0,True,0.6053385346416247,reconstructible,failure_mining_llm_v3_metrics
hotpotqa,5ae0d4c9554299603e418468,azure+cohere,mixed,failure_mining,debias_position,pairwise,markov_graph,unknown,1.0,0.0,True,0.6053385346416247,reconstructible,failure_mining_llm_v3_metrics
hotpotqa,5ae0d4c9554299603e418468,azure+cohere,mixed,failure_mining,debias_position,pairwise,markov_graph_repaired,greedy,1.0,0.0,True,0.6053385346416247,reconstructible,failure_mining_llm_v3_metrics
hotpotqa,5ae0d4c9554299603e418468,azure+cohere,mixed,failure_mining,debias_position,pairwise,greedy_fas_topological,greedy,1.0,0.0,True,0.6053385346416247,reconstructible,failure_mining_llm_v3_metrics
hotpotqa,5ae0d4c9554299603e418468,azure+cohere,mixed,failure_mining,debias_position,pairwise,prior_only,unknown,1.0,0.0,True,0.6053385346416247,reconstructible,failure_mining_llm_v3_metrics
hotpotqa,5ae0d4c9554299603e418468,azure+cohere,mixed,failure_mining,debias_position,pairwise,rrf,unknown,1.0,0.0,True,0.6053385346416247,reconstructible,failure_mining_llm_v3_metrics
hotpotqa,5ae0d4c9554299603e418468,azure+cohere,mixed,failure_mining,debias_position,pairwise,combsum,unknown,1.0,0.0,True,0.6053385346416247,reconstructible,failure_mining_llm_v3_metrics
hotpotqa,5ae0d4c9554299603e418468,azure+cohere,mixed,failure_mining,debias_position,pairwise,borda_fuse,unknown,1.0,0.0,True,0.6053385346416247,reconstructible,failure_mining_llm_v3_metrics
hotpotqa,5ae0d4c9554299603e418468,azure+cohere,mixed,failure_mining,debias_position,pairwise,bradley_terry,unknown,1.0,0.0,True,0.6053385346416247,reconstructible,failure_mining_llm_v3_metrics
hotpotqa,5ae0d4c9554299603e418468,azure+cohere,mixed,failure_mining,debias_position,pairwise,local_kemenization,unknown,1.0,0.0,True,0.6053385346416247,reconstructible,failure_mining_llm_v3_metrics
hotpotqa,5ae0d4c9554299603e418468,azure+cohere,mixed,failure_mining,debias_position,pairwise,llm_cohere_pairwise,unknown,,,True,0.6053385346416247,reconstructible,failure_mining_llm_v3_metrics
hotpotqa,5ae0d4c9554299603e418468,azure+cohere,mixed,failure_mining,debias_position,pairwise,llm_azure_pairwise,unknown,,,True,0.6053385346416247,reconstructible,failure_mining_llm_v3_metrics
hotpotqa,5a8133725542995ce29dcbdb,azure+cohere,mixed,failure_mining,debias_position,pairwise,score_sum,unknown,0.6309297535714575,0.0,True,0.844368375567383,reconstructible,failure_mining_llm_v3_metrics
hotpotqa,5a8133725542995ce29dcbdb,azure+cohere,mixed,failure_mining,debias_position,pairwise,borda,unknown,0.6309297535714575,0.0,True,0.844368375567383,reconstructible,failure_mining_llm_v3_metrics
hotpotqa,5a8133725542995ce29dcbdb,azure+cohere,mixed,failure_mining,debias_position,pairwise,pagerank,unknown,0.6309297535714575,0.0,True,0.844368375567383,reconstructible,failure_mining_llm_v3_metrics
hotpotqa,5a8133725542995ce29dcbdb,azure+cohere,mixed,failure_mining,debias_position,pairwise,rank_centrality,unknown,0.6309297535714575,0.0,True,0.844368375567383,reconstructible,failure_mining_llm_v3_metrics
hotpotqa,5a8133725542995ce29dcbdb,azure+cohere,mixed,failure_mining,debias_position,pairwise,markov_graph,unknown,0.6309297535714575,0.0,True,0.844368375567383,reconstructible,failure_mining_llm_v3_metrics
hotpotqa,5a8133725542995ce29dcbdb,azure+cohere,mixed,failure_mining,debias_position,pairwise,markov_graph_repaired,greedy,0.6309297535714575,0.0,True,0.844368375567383,reconstructible,failure_mining_llm_v3_metrics
hotpotqa,5a8133725542995ce29dcbdb,azure+cohere,mixed,failure_mining,debias_position,pairwise,greedy_fas_topological,greedy,0.6309297535714575,0.0,True,0.844368375567383,reconstructible,failure_mining_llm_v3_metrics
hotpotqa,5a8133725542995ce29dcbdb,azure+cohere,mixed,failure_mining,debias_position,pairwise,prior_only,unknown,1.0,0.36907024642854247,True,0.844368375567383,reconstructible,failure_mining_llm_v3_metrics
hotpotqa,5a8133725542995ce29dcbdb,azure+cohere,mixed,failure_mining,debias_position,pairwise,rrf,unknown,1.0,0.36907024642854247,True,0.844368375567383,reconstructible,failure_mining_llm_v3_metrics
hotpotqa,5a8133725542995ce29dcbdb,azure+cohere,mixed,failure_mining,debias_position,pairwise,combsum,unknown,1.0,0.36907024642854247,True,0.844368375567383,reconstructible,failure_mining_llm_v3_metrics
hotpotqa,5a8133725542995ce29dcbdb,azure+cohere,mixed,failure_mining,debias_position,pairwise,borda_fuse,unknown,1.0,0.36907024642854247,True,0.844368375567383,reconstructible,failure_mining_llm_v3_metrics
hotpotqa,5a8133725542995ce29dcbdb,azure+cohere,mixed,failure_mining,debias_position,pairwise,bradley_terry,unknown,0.6309297535714575,0.0,True,0.844368375567383,reconstructible,failure_mining_llm_v3_metrics
hotpotqa,5a8133725542995ce29dcbdb,azure+cohere,mixed,failure_mining,debias_position,pairwise,local_kemenization,unknown,0.6309297535714575,0.0,True,0.844368375567383,reconstructible,failure_mining_llm_v3_metrics
hotpotqa,5a8133725542995ce29dcbdb,azure+cohere,mixed,failure_mining,debias_position,pairwise,llm_cohere_pairwise,unknown,,,True,0.844368375567383,reconstructible,failure_mining_llm_v3_metrics
hotpotqa,5a8133725542995ce29dcbdb,azure+cohere,mixed,failure_mining,debias_position,pairwise,llm_azure_pairwise,unknown,,,True,0.844368375567383,reconstructible,failure_mining_llm_v3_metrics
hotpotqa,5ae6050f55429929b0807a5e,azure+cohere,mixed,failure_mining,debias_position,pairwise,score_sum,unknown,1.0,0.0,True,0.27724355459213257,reconstructible,failure_mining_llm_v3_metrics
hotpotqa,5ae6050f55429929b0807a5e,azure+cohere,mixed,failure_mining,debias_position,pairwise,borda,unknown,1.0,0.0,True,0.27724355459213257,reconstructible,failure_mining_llm_v3_metrics
hotpotqa,5ae6050f55429929b0807a5e,azure+cohere,mixed,failure_mining,debias_position,pairwise,pagerank,unknown,1.0,0.0,True,0.27724355459213257,reconstructible,failure_mining_llm_v3_metrics
hotpotqa,5ae6050f55429929b0807a5e,azure+cohere,mixed,failure_mining,debias_position,pairwise,rank_centrality,unknown,1.0,0.0,True,0.27724355459213257,reconstructible,failure_mining_llm_v3_metrics
hotpotqa,5ae6050f55429929b0807a5e,azure+cohere,mixed,failure_mining,debias_position,pairwise,markov_graph,unknown,1.0,0.0,True,0.27724355459213257,reconstructible,failure_mining_llm_v3_metrics
hotpotqa,5ae6050f55429929b0807a5e,azure+cohere,mixed,failure_mining,debias_position,pairwise,markov_graph_repaired,greedy,1.0,0.0,True,0.27724355459213257,reconstructible,failure_mining_llm_v3_metrics
hotpotqa,5ae6050f55429929b0807a5e,azure+cohere,mixed,failure_mining,debias_position,pairwise,greedy_fas_topological,greedy,1.0,0.0,True,0.27724355459213257,reconstructible,failure_mining_llm_v3_metrics
hotpotqa,5ae6050f55429929b0807a5e,azure+cohere,mixed,failure_mining,debias_position,pairwise,prior_only,unknown,1.0,0.0,True,0.27724355459213257,reconstructible,failure_mining_llm_v3_metrics
hotpotqa,5ae6050f55429929b0807a5e,azure+cohere,mixed,failure_mining,debias_position,pairwise,rrf,unknown,1.0,0.0,True,0.27724355459213257,reconstructible,failure_mining_llm_v3_metrics
hotpotqa,5ae6050f55429929b0807a5e,azure+cohere,mixed,failure_mining,debias_position,pairwise,combsum,unknown,1.0,0.0,True,0.27724355459213257,reconstructible,failure_mining_llm_v3_metrics
hotpotqa,5ae6050f55429929b0807a5e,azure+cohere,mixed,failure_mining,debias_position,pairwise,borda_fuse,unknown,1.0,0.0,True,0.27724355459213257,reconstructible,failure_mining_llm_v3_metrics
hotpotqa,5ae6050f55429929b0807a5e,azure+cohere,mixed,failure_mining,debias_position,pairwise,bradley_terry,unknown,1.0,0.0,True,0.27724355459213257,reconstructible,failure_mining_llm_v3_metrics
hotpotqa,5ae6050f55429929b0807a5e,azure+cohere,mixed,failure_mining,debias_position,pairwise,local_kemenization,unknown,1.0,0.0,True,0.27724355459213257,reconstructible,failure_mining_llm_v3_metrics
hotpotqa,5ae6050f55429929b0807a5e,azure+cohere,mixed,failure_mining,debias_position,pairwise,llm_cohere_pairwise,unknown,,,True,0.27724355459213257,reconstructible,failure_mining_llm_v3_metrics
hotpotqa,5ae6050f55429929b0807a5e,azure+cohere,mixed,failure_mining,debias_position,pairwise,llm_azure_pairwise,unknown,,,True,0.27724355459213257,reconstructible,failure_mining_llm_v3_metrics
hotpotqa,5adddccd5542997dc7907069,azure+cohere,mixed,failure_mining,debias_position,pairwise,score_sum,unknown,1.0,0.0,True,0.38317710161209106,reconstructible,failure_mining_llm_v3_metrics
hotpotqa,5adddccd5542997dc7907069,azure+cohere,mixed,failure_mining,debias_position,pairwise,borda,unknown,1.0,0.0,True,0.38317710161209106,reconstructible,failure_mining_llm_v3_metrics
hotpotqa,5adddccd5542997dc7907069,azure+cohere,mixed,failure_mining,debias_position,pairwise,pagerank,unknown,1.0,0.0,True,0.38317710161209106,reconstructible,failure_mining_llm_v3_metrics
hotpotqa,5adddccd5542997dc7907069,azure+cohere,mixed,failure_mining,debias_position,pairwise,rank_centrality,unknown,1.0,0.0,True,0.38317710161209106,reconstructible,failure_mining_llm_v3_metrics
hotpotqa,5adddccd5542997dc7907069,azure+cohere,mixed,failure_mining,debias_position,pairwise,markov_graph,unknown,1.0,0.0,True,0.38317710161209106,reconstructible,failure_mining_llm_v3_metrics
hotpotqa,5adddccd5542997dc7907069,azure+cohere,mixed,failure_mining,debias_position,pairwise,markov_graph_repaired,greedy,1.0,0.0,True,0.38317710161209106,reconstructible,failure_mining_llm_v3_metrics
hotpotqa,5adddccd5542997dc7907069,azure+cohere,mixed,failure_mining,debias_position,pairwise,greedy_fas_topological,greedy,1.0,0.0,True,0.38317710161209106,reconstructible,failure_mining_llm_v3_metrics
hotpotqa,5adddccd5542997dc7907069,azure+cohere,mixed,failure_mining,debias_position,pairwise,prior_only,unknown,1.0,0.0,True,0.38317710161209106,reconstructible,failure_mining_llm_v3_metrics
hotpotqa,5adddccd5542997dc7907069,azure+cohere,mixed,failure_mining,debias_position,pairwise,rrf,unknown,1.0,0.0,True,0.38317710161209106,reconstructible,failure_mining_llm_v3_metrics
hotpotqa,5adddccd5542997dc7907069,azure+cohere,mixed,failure_mining,debias_position,pairwise,combsum,unknown,1.0,0.0,True,0.38317710161209106,reconstructible,failure_mining_llm_v3_metrics
hotpotqa,5adddccd5542997dc7907069,azure+cohere,mixed,failure_mining,debias_position,pairwise,borda_fuse,unknown,1.0,0.0,True,0.38317710161209106,reconstructible,failure_mining_llm_v3_metrics
hotpotqa,5adddccd5542997dc7907069,azure+cohere,mixed,failure_mining,debias_position,pairwise,bradley_terry,unknown,1.0,0.0,True,0.38317710161209106,reconstructible,failure_mining_llm_v3_metrics
hotpotqa,5adddccd5542997dc7907069,azure+cohere,mixed,failure_mining,debias_position,pairwise,local_kemenization,unknown,1.0,0.0,True,0.38317710161209106,reconstructible,failure_mining_llm_v3_metrics
hotpotqa,5adddccd5542997dc7907069,azure+cohere,mixed,failure_mining,debias_position,pairwise,llm_cohere_pairwise,unknown,,,True,0.38317710161209106,reconstructible,failure_mining_llm_v3_metrics
hotpotqa,5adddccd5542997dc7907069,azure+cohere,mixed,failure_mining,debias_position,pairwise,llm_azure_pairwise,unknown,,,True,0.38317710161209106,reconstructible,failure_mining_llm_v3_metrics
hotpotqa,5ae22b8d554299234fd0440f,azure+cohere,mixed,failure_mining,debias_position,pairwise,score_sum,unknown,0.6240505200038379,0.0,True,0.8647664646665538,reconstructible,failure_mining_llm_v3_metrics
hotpotqa,5ae22b8d554299234fd0440f,azure+cohere,mixed,failure_mining,debias_position,pairwise,borda,unknown,0.6240505200038379,0.0,True,0.8647664646665538,reconstructible,failure_mining_llm_v3_metrics
hotpotqa,5ae22b8d554299234fd0440f,azure+cohere,mixed,failure_mining,debias_position,pairwise,pagerank,unknown,0.6240505200038379,0.0,True,0.8647664646665538,reconstructible,failure_mining_llm_v3_metrics
hotpotqa,5ae22b8d554299234fd0440f,azure+cohere,mixed,failure_mining,debias_position,pairwise,rank_centrality,unknown,0.6240505200038379,0.0,True,0.8647664646665538,reconstructible,failure_mining_llm_v3_metrics
hotpotqa,5ae22b8d554299234fd0440f,azure+cohere,mixed,failure_mining,debias_position,pairwise,markov_graph,unknown,0.6240505200038379,0.0,True,0.8647664646665538,reconstructible,failure_mining_llm_v3_metrics
hotpotqa,5ae22b8d554299234fd0440f,azure+cohere,mixed,failure_mining,debias_position,pairwise,markov_graph_repaired,greedy,0.8503449055347546,0.22629438553091674,True,0.8647664646665538,reconstructible,failure_mining_llm_v3_metrics
hotpotqa,5ae22b8d554299234fd0440f,azure+cohere,mixed,failure_mining,debias_position,pairwise,greedy_fas_topological,greedy,0.6240505200038379,0.0,True,0.8647664646665538,reconstructible,failure_mining_llm_v3_metrics
hotpotqa,5ae22b8d554299234fd0440f,azure+cohere,mixed,failure_mining,debias_position,pairwise,prior_only,unknown,0.5437713091520254,-0.08027921085181244,True,0.8647664646665538,reconstructible,failure_mining_llm_v3_metrics
hotpotqa,5ae22b8d554299234fd0440f,azure+cohere,mixed,failure_mining,debias_position,pairwise,rrf,unknown,0.5437713091520254,-0.08027921085181244,True,0.8647664646665538,reconstructible,failure_mining_llm_v3_metrics
hotpotqa,5ae22b8d554299234fd0440f,azure+cohere,mixed,failure_mining,debias_position,pairwise,combsum,unknown,0.5437713091520254,-0.08027921085181244,True,0.8647664646665538,reconstructible,failure_mining_llm_v3_metrics
hotpotqa,5ae22b8d554299234fd0440f,azure+cohere,mixed,failure_mining,debias_position,pairwise,borda_fuse,unknown,0.5437713091520254,-0.08027921085181244,True,0.8647664646665538,reconstructible,failure_mining_llm_v3_metrics
hotpotqa,5ae22b8d554299234fd0440f,azure+cohere,mixed,failure_mining,debias_position,pairwise,bradley_terry,unknown,0.6240505200038379,0.0,True,0.8647664646665538,reconstructible,failure_mining_llm_v3_metrics
hotpotqa,5ae22b8d554299234fd0440f,azure+cohere,mixed,failure_mining,debias_position,pairwise,local_kemenization,unknown,0.6240505200038379,0.0,True,0.8647664646665538,reconstructible,failure_mining_llm_v3_metrics
hotpotqa,5ae22b8d554299234fd0440f,azure+cohere,mixed,failure_mining,debias_position,pairwise,llm_cohere_pairwise,unknown,,,True,0.8647664646665538,reconstructible,failure_mining_llm_v3_metrics
hotpotqa,5ae22b8d554299234fd0440f,azure+cohere,mixed,failure_mining,debias_position,pairwise,llm_azure_pairwise,unknown,,,True,0.8647664646665538,reconstructible,failure_mining_llm_v3_metrics
hotpotqa,5a8c7595554299585d9e36b6,azure+cohere,mixed,failure_mining,debias_position,pairwise,score_sum,unknown,1.0,0.0,False,0.0,reconstructible,failure_mining_llm_v3_metrics
hotpotqa,5a8c7595554299585d9e36b6,azure+cohere,mixed,failure_mining,debias_position,pairwise,borda,unknown,1.0,0.0,False,0.0,reconstructible,failure_mining_llm_v3_metrics
hotpotqa,5a8c7595554299585d9e36b6,azure+cohere,mixed,failure_mining,debias_position,pairwise,pagerank,unknown,1.0,0.0,False,0.0,reconstructible,failure_mining_llm_v3_metrics
hotpotqa,5a8c7595554299585d9e36b6,azure+cohere,mixed,failure_mining,debias_position,pairwise,rank_centrality,unknown,1.0,0.0,False,0.0,reconstructible,failure_mining_llm_v3_metrics
hotpotqa,5a8c7595554299585d9e36b6,azure+cohere,mixed,failure_mining,debias_position,pairwise,markov_graph,unknown,1.0,0.0,False,0.0,reconstructible,failure_mining_llm_v3_metrics
hotpotqa,5a8c7595554299585d9e36b6,azure+cohere,mixed,failure_mining,debias_position,pairwise,markov_graph_repaired,greedy,1.0,0.0,False,0.0,reconstructible,failure_mining_llm_v3_metrics
hotpotqa,5a8c7595554299585d9e36b6,azure+cohere,mixed,failure_mining,debias_position,pairwise,greedy_fas_topological,greedy,1.0,0.0,False,0.0,reconstructible,failure_mining_llm_v3_metrics
hotpotqa,5a8c7595554299585d9e36b6,azure+cohere,mixed,failure_mining,debias_position,pairwise,prior_only,unknown,0.6309297535714575,-0.36907024642854247,False,0.0,reconstructible,failure_mining_llm_v3_metrics
hotpotqa,5a8c7595554299585d9e36b6,azure+cohere,mixed,failure_mining,debias_position,pairwise,rrf,unknown,0.6309297535714575,-0.36907024642854247,False,0.0,reconstructible,failure_mining_llm_v3_metrics
hotpotqa,5a8c7595554299585d9e36b6,azure+cohere,mixed,failure_mining,debias_position,pairwise,combsum,unknown,1.0,0.0,False,0.0,reconstructible,failure_mining_llm_v3_metrics
hotpotqa,5a8c7595554299585d9e36b6,azure+cohere,mixed,failure_mining,debias_position,pairwise,borda_fuse,unknown,0.6309297535714575,-0.36907024642854247,False,0.0,reconstructible,failure_mining_llm_v3_metrics
hotpotqa,5a8c7595554299585d9e36b6,azure+cohere,mixed,failure_mining,debias_position,pairwise,bradley_terry,unknown,1.0,0.0,False,0.0,reconstructible,failure_mining_llm_v3_metrics
hotpotqa,5a8c7595554299585d9e36b6,azure+cohere,mixed,failure_mining,debias_position,pairwise,local_kemenization,unknown,1.0,0.0,False,0.0,reconstructible,failure_mining_llm_v3_metrics
hotpotqa,5a8c7595554299585d9e36b6,azure+cohere,mixed,failure_mining,debias_position,pairwise,llm_cohere_pairwise,unknown,,,False,0.0,reconstructible,failure_mining_llm_v3_metrics
hotpotqa,5a8c7595554299585d9e36b6,azure+cohere,mixed,failure_mining,debias_position,pairwise,llm_azure_pairwise,unknown,,,False,0.0,reconstructible,failure_mining_llm_v3_metrics
hotpotqa,5a85ea095542994775f606a8,azure+cohere,mixed,failure_mining,debias_position,pairwise,score_sum,unknown,1.0,0.0,False,0.0,reconstructible,failure_mining_llm_v3_metrics
hotpotqa,5a85ea095542994775f606a8,azure+cohere,mixed,failure_mining,debias_position,pairwise,borda,unknown,1.0,0.0,False,0.0,reconstructible,failure_mining_llm_v3_metrics
hotpotqa,5a85ea095542994775f606a8,azure+cohere,mixed,failure_mining,debias_position,pairwise,pagerank,unknown,1.0,0.0,False,0.0,reconstructible,failure_mining_llm_v3_metrics
hotpotqa,5a85ea095542994775f606a8,azure+cohere,mixed,failure_mining,debias_position,pairwise,rank_centrality,unknown,1.0,0.0,False,0.0,reconstructible,failure_mining_llm_v3_metrics
hotpotqa,5a85ea095542994775f606a8,azure+cohere,mixed,failure_mining,debias_position,pairwise,markov_graph,unknown,1.0,0.0,False,0.0,reconstructible,failure_mining_llm_v3_metrics
hotpotqa,5a85ea095542994775f606a8,azure+cohere,mixed,failure_mining,debias_position,pairwise,markov_graph_repaired,greedy,1.0,0.0,False,0.0,reconstructible,failure_mining_llm_v3_metrics
hotpotqa,5a85ea095542994775f606a8,azure+cohere,mixed,failure_mining,debias_position,pairwise,greedy_fas_topological,greedy,1.0,0.0,False,0.0,reconstructible,failure_mining_llm_v3_metrics
hotpotqa,5a85ea095542994775f606a8,azure+cohere,mixed,failure_mining,debias_position,pairwise,prior_only,unknown,1.0,0.0,False,0.0,reconstructible,failure_mining_llm_v3_metrics
hotpotqa,5a85ea095542994775f606a8,azure+cohere,mixed,failure_mining,debias_position,pairwise,rrf,unknown,0.5,-0.5,False,0.0,reconstructible,failure_mining_llm_v3_metrics
hotpotqa,5a85ea095542994775f606a8,azure+cohere,mixed,failure_mining,debias_position,pairwise,combsum,unknown,1.0,0.0,False,0.0,reconstructible,failure_mining_llm_v3_metrics
hotpotqa,5a85ea095542994775f606a8,azure+cohere,mixed,failure_mining,debias_position,pairwise,borda_fuse,unknown,0.43067655807339306,-0.5693234419266069,False,0.0,reconstructible,failure_mining_llm_v3_metrics
hotpotqa,5a85ea095542994775f606a8,azure+cohere,mixed,failure_mining,debias_position,pairwise,bradley_terry,unknown,1.0,0.0,False,0.0,reconstructible,failure_mining_llm_v3_metrics
hotpotqa,5a85ea095542994775f606a8,azure+cohere,mixed,failure_mining,debias_position,pairwise,local_kemenization,unknown,1.0,0.0,False,0.0,reconstructible,failure_mining_llm_v3_metrics
hotpotqa,5a85ea095542994775f606a8,azure+cohere,mixed,failure_mining,debias_position,pairwise,llm_cohere_pairwise,unknown,,,False,0.0,reconstructible,failure_mining_llm_v3_metrics
hotpotqa,5a85ea095542994775f606a8,azure+cohere,mixed,failure_mining,debias_position,pairwise,llm_azure_pairwise,unknown,,,False,0.0,reconstructible,failure_mining_llm_v3_metrics
hotpotqa,5adbf0a255429947ff17385a,azure+cohere,mixed,failure_mining,debias_position,pairwise,score_sum,unknown,1.0,0.0,False,0.0,reconstructible,failure_mining_llm_v3_metrics
hotpotqa,5adbf0a255429947ff17385a,azure+cohere,mixed,failure_mining,debias_position,pairwise,borda,unknown,1.0,0.0,False,0.0,reconstructible,failure_mining_llm_v3_metrics
hotpotqa,5adbf0a255429947ff17385a,azure+cohere,mixed,failure_mining,debias_position,pairwise,pagerank,unknown,1.0,0.0,False,0.0,reconstructible,failure_mining_llm_v3_metrics
hotpotqa,5adbf0a255429947ff17385a,azure+cohere,mixed,failure_mining,debias_position,pairwise,rank_centrality,unknown,1.0,0.0,False,0.0,reconstructible,failure_mining_llm_v3_metrics
hotpotqa,5adbf0a255429947ff17385a,azure+cohere,mixed,failure_mining,debias_position,pairwise,markov_graph,unknown,1.0,0.0,False,0.0,reconstructible,failure_mining_llm_v3_metrics
hotpotqa,5adbf0a255429947ff17385a,azure+cohere,mixed,failure_mining,debias_position,pairwise,markov_graph_repaired,greedy,1.0,0.0,False,0.0,reconstructible,failure_mining_llm_v3_metrics
hotpotqa,5adbf0a255429947ff17385a,azure+cohere,mixed,failure_mining,debias_position,pairwise,greedy_fas_topological,greedy,1.0,0.0,False,0.0,reconstructible,failure_mining_llm_v3_metrics
hotpotqa,5adbf0a255429947ff17385a,azure+cohere,mixed,failure_mining,debias_position,pairwise,prior_only,unknown,1.0,0.0,False,0.0,reconstructible,failure_mining_llm_v3_metrics
hotpotqa,5adbf0a255429947ff17385a,azure+cohere,mixed,failure_mining,debias_position,pairwise,rrf,unknown,1.0,0.0,False,0.0,reconstructible,failure_mining_llm_v3_metrics
hotpotqa,5adbf0a255429947ff17385a,azure+cohere,mixed,failure_mining,debias_position,pairwise,combsum,unknown,1.0,0.0,False,0.0,reconstructible,failure_mining_llm_v3_metrics
hotpotqa,5adbf0a255429947ff17385a,azure+cohere,mixed,failure_mining,debias_position,pairwise,borda_fuse,unknown,1.0,0.0,False,0.0,reconstructible,failure_mining_llm_v3_metrics
hotpotqa,5adbf0a255429947ff17385a,azure+cohere,mixed,failure_mining,debias_position,pairwise,bradley_terry,unknown,1.0,0.0,False,0.0,reconstructible,failure_mining_llm_v3_metrics
hotpotqa,5adbf0a255429947ff17385a,azure+cohere,mixed,failure_mining,debias_position,pairwise,local_kemenization,unknown,1.0,0.0,False,0.0,reconstructible,failure_mining_llm_v3_metrics
hotpotqa,5adbf0a255429947ff17385a,azure+cohere,mixed,failure_mining,debias_position,pairwise,llm_cohere_pairwise,unknown,,,False,0.0,reconstructible,failure_mining_llm_v3_metrics
hotpotqa,5adbf0a255429947ff17385a,azure+cohere,mixed,failure_mining,debias_position,pairwise,llm_azure_pairwise,unknown,,,False,0.0,reconstructible,failure_mining_llm_v3_metrics
hotpotqa,5a8e3ea95542995a26add48d,azure+cohere,mixed,failure_mining,debias_position,pairwise,score_sum,unknown,1.0,0.0,False,0.0,reconstructible,failure_mining_llm_v3_metrics
hotpotqa,5a8e3ea95542995a26add48d,azure+cohere,mixed,failure_mining,debias_position,pairwise,borda,unknown,1.0,0.0,False,0.0,reconstructible,failure_mining_llm_v3_metrics
hotpotqa,5a8e3ea95542995a26add48d,azure+cohere,mixed,failure_mining,debias_position,pairwise,pagerank,unknown,1.0,0.0,False,0.0,reconstructible,failure_mining_llm_v3_metrics
hotpotqa,5a8e3ea95542995a26add48d,azure+cohere,mixed,failure_mining,debias_position,pairwise,rank_centrality,unknown,1.0,0.0,False,0.0,reconstructible,failure_mining_llm_v3_metrics
hotpotqa,5a8e3ea95542995a26add48d,azure+cohere,mixed,failure_mining,debias_position,pairwise,markov_graph,unknown,1.0,0.0,False,0.0,reconstructible,failure_mining_llm_v3_metrics
hotpotqa,5a8e3ea95542995a26add48d,azure+cohere,mixed,failure_mining,debias_position,pairwise,markov_graph_repaired,greedy,1.0,0.0,False,0.0,reconstructible,failure_mining_llm_v3_metrics
hotpotqa,5a8e3ea95542995a26add48d,azure+cohere,mixed,failure_mining,debias_position,pairwise,greedy_fas_topological,greedy,1.0,0.0,False,0.0,reconstructible,failure_mining_llm_v3_metrics
hotpotqa,5a8e3ea95542995a26add48d,azure+cohere,mixed,failure_mining,debias_position,pairwise,prior_only,unknown,1.0,0.0,False,0.0,reconstructible,failure_mining_llm_v3_metrics
hotpotqa,5a8e3ea95542995a26add48d,azure+cohere,mixed,failure_mining,debias_position,pairwise,rrf,unknown,1.0,0.0,False,0.0,reconstructible,failure_mining_llm_v3_metrics
hotpotqa,5a8e3ea95542995a26add48d,azure+cohere,mixed,failure_mining,debias_position,pairwise,combsum,unknown,1.0,0.0,False,0.0,reconstructible,failure_mining_llm_v3_metrics
hotpotqa,5a8e3ea95542995a26add48d,azure+cohere,mixed,failure_mining,debias_position,pairwise,borda_fuse,unknown,1.0,0.0,False,0.0,reconstructible,failure_mining_llm_v3_metrics
hotpotqa,5a8e3ea95542995a26add48d,azure+cohere,mixed,failure_mining,debias_position,pairwise,bradley_terry,unknown,1.0,0.0,False,0.0,reconstructible,failure_mining_llm_v3_metrics
hotpotqa,5a8e3ea95542995a26add48d,azure+cohere,mixed,failure_mining,debias_position,pairwise,local_kemenization,unknown,1.0,0.0,False,0.0,reconstructible,failure_mining_llm_v3_metrics
hotpotqa,5a8e3ea95542995a26add48d,azure+cohere,mixed,failure_mining,debias_position,pairwise,llm_cohere_pairwise,unknown,,,False,0.0,reconstructible,failure_mining_llm_v3_metrics
hotpotqa,5a8e3ea95542995a26add48d,azure+cohere,mixed,failure_mining,debias_position,pairwise,llm_azure_pairwise,unknown,,,False,0.0,reconstructible,failure_mining_llm_v3_metrics
hotpotqa,5a85b2d95542997b5ce40028,azure+cohere,mixed,failure_mining,debias_position,pairwise,score_sum,unknown,1.0,0.0,False,0.0,reconstructible,failure_mining_llm_v3_metrics
hotpotqa,5a85b2d95542997b5ce40028,azure+cohere,mixed,failure_mining,debias_position,pairwise,borda,unknown,1.0,0.0,False,0.0,reconstructible,failure_mining_llm_v3_metrics
hotpotqa,5a85b2d95542997b5ce40028,azure+cohere,mixed,failure_mining,debias_position,pairwise,pagerank,unknown,1.0,0.0,False,0.0,reconstructible,failure_mining_llm_v3_metrics
hotpotqa,5a85b2d95542997b5ce40028,azure+cohere,mixed,failure_mining,debias_position,pairwise,rank_centrality,unknown,1.0,0.0,False,0.0,reconstructible,failure_mining_llm_v3_metrics
hotpotqa,5a85b2d95542997b5ce40028,azure+cohere,mixed,failure_mining,debias_position,pairwise,markov_graph,unknown,1.0,0.0,False,0.0,reconstructible,failure_mining_llm_v3_metrics
hotpotqa,5a85b2d95542997b5ce40028,azure+cohere,mixed,failure_mining,debias_position,pairwise,markov_graph_repaired,greedy,1.0,0.0,False,0.0,reconstructible,failure_mining_llm_v3_metrics
hotpotqa,5a85b2d95542997b5ce40028,azure+cohere,mixed,failure_mining,debias_position,pairwise,greedy_fas_topological,greedy,1.0,0.0,False,0.0,reconstructible,failure_mining_llm_v3_metrics
hotpotqa,5a85b2d95542997b5ce40028,azure+cohere,mixed,failure_mining,debias_position,pairwise,prior_only,unknown,1.0,0.0,False,0.0,reconstructible,failure_mining_llm_v3_metrics
hotpotqa,5a85b2d95542997b5ce40028,azure+cohere,mixed,failure_mining,debias_position,pairwise,rrf,unknown,1.0,0.0,False,0.0,reconstructible,failure_mining_llm_v3_metrics
hotpotqa,5a85b2d95542997b5ce40028,azure+cohere,mixed,failure_mining,debias_position,pairwise,combsum,unknown,1.0,0.0,False,0.0,reconstructible,failure_mining_llm_v3_metrics
hotpotqa,5a85b2d95542997b5ce40028,azure+cohere,mixed,failure_mining,debias_position,pairwise,borda_fuse,unknown,1.0,0.0,False,0.0,reconstructible,failure_mining_llm_v3_metrics
hotpotqa,5a85b2d95542997b5ce40028,azure+cohere,mixed,failure_mining,debias_position,pairwise,bradley_terry,unknown,1.0,0.0,False,0.0,reconstructible,failure_mining_llm_v3_metrics
hotpotqa,5a85b2d95542997b5ce40028,azure+cohere,mixed,failure_mining,debias_position,pairwise,local_kemenization,unknown,1.0,0.0,False,0.0,reconstructible,failure_mining_llm_v3_metrics
hotpotqa,5a85b2d95542997b5ce40028,azure+cohere,mixed,failure_mining,debias_position,pairwise,llm_cohere_pairwise,unknown,,,False,0.0,reconstructible,failure_mining_llm_v3_metrics
hotpotqa,5a85b2d95542997b5ce40028,azure+cohere,mixed,failure_mining,debias_position,pairwise,llm_azure_pairwise,unknown,,,False,0.0,reconstructible,failure_mining_llm_v3_metrics
hotpotqa,5a87ab905542996e4f3088c1,azure+cohere,mixed,failure_mining,debias_position,pairwise,score_sum,unknown,1.0,0.0,False,0.0,reconstructible,failure_mining_llm_v3_metrics
hotpotqa,5a87ab905542996e4f3088c1,azure+cohere,mixed,failure_mining,debias_position,pairwise,borda,unknown,1.0,0.0,False,0.0,reconstructible,failure_mining_llm_v3_metrics
hotpotqa,5a87ab905542996e4f3088c1,azure+cohere,mixed,failure_mining,debias_position,pairwise,pagerank,unknown,1.0,0.0,False,0.0,reconstructible,failure_mining_llm_v3_metrics
hotpotqa,5a87ab905542996e4f3088c1,azure+cohere,mixed,failure_mining,debias_position,pairwise,rank_centrality,unknown,1.0,0.0,False,0.0,reconstructible,failure_mining_llm_v3_metrics
hotpotqa,5a87ab905542996e4f3088c1,azure+cohere,mixed,failure_mining,debias_position,pairwise,markov_graph,unknown,1.0,0.0,False,0.0,reconstructible,failure_mining_llm_v3_metrics
hotpotqa,5a87ab905542996e4f3088c1,azure+cohere,mixed,failure_mining,debias_position,pairwise,markov_graph_repaired,greedy,1.0,0.0,False,0.0,reconstructible,failure_mining_llm_v3_metrics
hotpotqa,5a87ab905542996e4f3088c1,azure+cohere,mixed,failure_mining,debias_position,pairwise,greedy_fas_topological,greedy,1.0,0.0,False,0.0,reconstructible,failure_mining_llm_v3_metrics
hotpotqa,5a87ab905542996e4f3088c1,azure+cohere,mixed,failure_mining,debias_position,pairwise,prior_only,unknown,1.0,0.0,False,0.0,reconstructible,failure_mining_llm_v3_metrics
hotpotqa,5a87ab905542996e4f3088c1,azure+cohere,mixed,failure_mining,debias_position,pairwise,rrf,unknown,1.0,0.0,False,0.0,reconstructible,failure_mining_llm_v3_metrics
hotpotqa,5a87ab905542996e4f3088c1,azure+cohere,mixed,failure_mining,debias_position,pairwise,combsum,unknown,1.0,0.0,False,0.0,reconstructible,failure_mining_llm_v3_metrics
hotpotqa,5a87ab905542996e4f3088c1,azure+cohere,mixed,failure_mining,debias_position,pairwise,borda_fuse,unknown,1.0,0.0,False,0.0,reconstructible,failure_mining_llm_v3_metrics
hotpotqa,5a87ab905542996e4f3088c1,azure+cohere,mixed,failure_mining,debias_position,pairwise,bradley_terry,unknown,1.0,0.0,False,0.0,reconstructible,failure_mining_llm_v3_metrics
hotpotqa,5a87ab905542996e4f3088c1,azure+cohere,mixed,failure_mining,debias_position,pairwise,local_kemenization,unknown,1.0,0.0,False,0.0,reconstructible,failure_mining_llm_v3_metrics
hotpotqa,5a87ab905542996e4f3088c1,azure+cohere,mixed,failure_mining,debias_position,pairwise,llm_cohere_pairwise,unknown,,,False,0.0,reconstructible,failure_mining_llm_v3_metrics
hotpotqa,5a87ab905542996e4f3088c1,azure+cohere,mixed,failure_mining,debias_position,pairwise,llm_azure_pairwise,unknown,,,False,0.0,reconstructible,failure_mining_llm_v3_metrics
hotpotqa,5a7bbb64554299042af8f7cc,azure+cohere,mixed,failure_mining,debias_position,pairwise,score_sum,unknown,1.0,0.0,False,0.0,reconstructible,failure_mining_llm_v3_metrics
hotpotqa,5a7bbb64554299042af8f7cc,azure+cohere,mixed,failure_mining,debias_position,pairwise,borda,unknown,0.6309297535714575,-0.36907024642854247,False,0.0,reconstructible,failure_mining_llm_v3_metrics
hotpotqa,5a7bbb64554299042af8f7cc,azure+cohere,mixed,failure_mining,debias_position,pairwise,pagerank,unknown,0.6309297535714575,-0.36907024642854247,False,0.0,reconstructible,failure_mining_llm_v3_metrics
hotpotqa,5a7bbb64554299042af8f7cc,azure+cohere,mixed,failure_mining,debias_position,pairwise,rank_centrality,unknown,0.6309297535714575,-0.36907024642854247,False,0.0,reconstructible,failure_mining_llm_v3_metrics
hotpotqa,5a7bbb64554299042af8f7cc,azure+cohere,mixed,failure_mining,debias_position,pairwise,markov_graph,unknown,1.0,0.0,False,0.0,reconstructible,failure_mining_llm_v3_metrics
hotpotqa,5a7bbb64554299042af8f7cc,azure+cohere,mixed,failure_mining,debias_position,pairwise,markov_graph_repaired,greedy,1.0,0.0,False,0.0,reconstructible,failure_mining_llm_v3_metrics
hotpotqa,5a7bbb64554299042af8f7cc,azure+cohere,mixed,failure_mining,debias_position,pairwise,greedy_fas_topological,greedy,0.5,-0.5,False,0.0,reconstructible,failure_mining_llm_v3_metrics
hotpotqa,5a7bbb64554299042af8f7cc,azure+cohere,mixed,failure_mining,debias_position,pairwise,prior_only,unknown,0.6309297535714575,-0.36907024642854247,False,0.0,reconstructible,failure_mining_llm_v3_metrics
hotpotqa,5a7bbb64554299042af8f7cc,azure+cohere,mixed,failure_mining,debias_position,pairwise,rrf,unknown,0.6309297535714575,-0.36907024642854247,False,0.0,reconstructible,failure_mining_llm_v3_metrics
hotpotqa,5a7bbb64554299042af8f7cc,azure+cohere,mixed,failure_mining,debias_position,pairwise,combsum,unknown,0.6309297535714575,-0.36907024642854247,False,0.0,reconstructible,failure_mining_llm_v3_metrics
hotpotqa,5a7bbb64554299042af8f7cc,azure+cohere,mixed,failure_mining,debias_position,pairwise,borda_fuse,unknown,0.6309297535714575,-0.36907024642854247,False,0.0,reconstructible,failure_mining_llm_v3_metrics
hotpotqa,5a7bbb64554299042af8f7cc,azure+cohere,mixed,failure_mining,debias_position,pairwise,bradley_terry,unknown,0.6309297535714575,-0.36907024642854247,False,0.0,reconstructible,failure_mining_llm_v3_metrics
hotpotqa,5a7bbb64554299042af8f7cc,azure+cohere,mixed,failure_mining,debias_position,pairwise,local_kemenization,unknown,0.6309297535714575,-0.36907024642854247,False,0.0,reconstructible,failure_mining_llm_v3_metrics
hotpotqa,5a7bbb64554299042af8f7cc,azure+cohere,mixed,failure_mining,debias_position,pairwise,llm_cohere_pairwise,unknown,,,False,0.0,reconstructible,failure_mining_llm_v3_metrics
hotpotqa,5a7bbb64554299042af8f7cc,azure+cohere,mixed,failure_mining,debias_position,pairwise,llm_azure_pairwise,unknown,,,False,0.0,reconstructible,failure_mining_llm_v3_metrics
hotpotqa,5a7166395542994082a3e814,azure+cohere,mixed,failure_mining,debias_position,pairwise,score_sum,unknown,1.0,0.0,False,0.0,reconstructible,failure_mining_llm_v3_metrics
hotpotqa,5a7166395542994082a3e814,azure+cohere,mixed,failure_mining,debias_position,pairwise,borda,unknown,1.0,0.0,False,0.0,reconstructible,failure_mining_llm_v3_metrics
hotpotqa,5a7166395542994082a3e814,azure+cohere,mixed,failure_mining,debias_position,pairwise,pagerank,unknown,1.0,0.0,False,0.0,reconstructible,failure_mining_llm_v3_metrics
hotpotqa,5a7166395542994082a3e814,azure+cohere,mixed,failure_mining,debias_position,pairwise,rank_centrality,unknown,1.0,0.0,False,0.0,reconstructible,failure_mining_llm_v3_metrics
hotpotqa,5a7166395542994082a3e814,azure+cohere,mixed,failure_mining,debias_position,pairwise,markov_graph,unknown,1.0,0.0,False,0.0,reconstructible,failure_mining_llm_v3_metrics
hotpotqa,5a7166395542994082a3e814,azure+cohere,mixed,failure_mining,debias_position,pairwise,markov_graph_repaired,greedy,1.0,0.0,False,0.0,reconstructible,failure_mining_llm_v3_metrics
hotpotqa,5a7166395542994082a3e814,azure+cohere,mixed,failure_mining,debias_position,pairwise,greedy_fas_topological,greedy,1.0,0.0,False,0.0,reconstructible,failure_mining_llm_v3_metrics
hotpotqa,5a7166395542994082a3e814,azure+cohere,mixed,failure_mining,debias_position,pairwise,prior_only,unknown,1.0,0.0,False,0.0,reconstructible,failure_mining_llm_v3_metrics
hotpotqa,5a7166395542994082a3e814,azure+cohere,mixed,failure_mining,debias_position,pairwise,rrf,unknown,1.0,0.0,False,0.0,reconstructible,failure_mining_llm_v3_metrics
hotpotqa,5a7166395542994082a3e814,azure+cohere,mixed,failure_mining,debias_position,pairwise,combsum,unknown,1.0,0.0,False,0.0,reconstructible,failure_mining_llm_v3_metrics
hotpotqa,5a7166395542994082a3e814,azure+cohere,mixed,failure_mining,debias_position,pairwise,borda_fuse,unknown,1.0,0.0,False,0.0,reconstructible,failure_mining_llm_v3_metrics
hotpotqa,5a7166395542994082a3e814,azure+cohere,mixed,failure_mining,debias_position,pairwise,bradley_terry,unknown,1.0,0.0,False,0.0,reconstructible,failure_mining_llm_v3_metrics
hotpotqa,5a7166395542994082a3e814,azure+cohere,mixed,failure_mining,debias_position,pairwise,local_kemenization,unknown,1.0,0.0,False,0.0,reconstructible,failure_mining_llm_v3_metrics
hotpotqa,5a7166395542994082a3e814,azure+cohere,mixed,failure_mining,debias_position,pairwise,llm_cohere_pairwise,unknown,,,False,0.0,reconstructible,failure_mining_llm_v3_metrics
hotpotqa,5a7166395542994082a3e814,azure+cohere,mixed,failure_mining,debias_position,pairwise,llm_azure_pairwise,unknown,,,False,0.0,reconstructible,failure_mining_llm_v3_metrics
hotpotqa,5a877e5d5542993e715abf7d,azure+cohere,mixed,failure_mining,debias_position,pairwise,score_sum,unknown,1.0,0.0,False,0.0,reconstructible,failure_mining_llm_v3_metrics
hotpotqa,5a877e5d5542993e715abf7d,azure+cohere,mixed,failure_mining,debias_position,pairwise,borda,unknown,1.0,0.0,False,0.0,reconstructible,failure_mining_llm_v3_metrics
hotpotqa,5a877e5d5542993e715abf7d,azure+cohere,mixed,failure_mining,debias_position,pairwise,pagerank,unknown,1.0,0.0,False,0.0,reconstructible,failure_mining_llm_v3_metrics
hotpotqa,5a877e5d5542993e715abf7d,azure+cohere,mixed,failure_mining,debias_position,pairwise,rank_centrality,unknown,1.0,0.0,False,0.0,reconstructible,failure_mining_llm_v3_metrics
hotpotqa,5a877e5d5542993e715abf7d,azure+cohere,mixed,failure_mining,debias_position,pairwise,markov_graph,unknown,1.0,0.0,False,0.0,reconstructible,failure_mining_llm_v3_metrics
hotpotqa,5a877e5d5542993e715abf7d,azure+cohere,mixed,failure_mining,debias_position,pairwise,markov_graph_repaired,greedy,1.0,0.0,False,0.0,reconstructible,failure_mining_llm_v3_metrics
hotpotqa,5a877e5d5542993e715abf7d,azure+cohere,mixed,failure_mining,debias_position,pairwise,greedy_fas_topological,greedy,1.0,0.0,False,0.0,reconstructible,failure_mining_llm_v3_metrics
hotpotqa,5a877e5d5542993e715abf7d,azure+cohere,mixed,failure_mining,debias_position,pairwise,prior_only,unknown,1.0,0.0,False,0.0,reconstructible,failure_mining_llm_v3_metrics
hotpotqa,5a877e5d5542993e715abf7d,azure+cohere,mixed,failure_mining,debias_position,pairwise,rrf,unknown,1.0,0.0,False,0.0,reconstructible,failure_mining_llm_v3_metrics
hotpotqa,5a877e5d5542993e715abf7d,azure+cohere,mixed,failure_mining,debias_position,pairwise,combsum,unknown,1.0,0.0,False,0.0,reconstructible,failure_mining_llm_v3_metrics
hotpotqa,5a877e5d5542993e715abf7d,azure+cohere,mixed,failure_mining,debias_position,pairwise,borda_fuse,unknown,1.0,0.0,False,0.0,reconstructible,failure_mining_llm_v3_metrics
hotpotqa,5a877e5d5542993e715abf7d,azure+cohere,mixed,failure_mining,debias_position,pairwise,bradley_terry,unknown,1.0,0.0,False,0.0,reconstructible,failure_mining_llm_v3_metrics
hotpotqa,5a877e5d5542993e715abf7d,azure+cohere,mixed,failure_mining,debias_position,pairwise,local_kemenization,unknown,1.0,0.0,False,0.0,reconstructible,failure_mining_llm_v3_metrics
hotpotqa,5a877e5d5542993e715abf7d,azure+cohere,mixed,failure_mining,debias_position,pairwise,llm_cohere_pairwise,unknown,,,False,0.0,reconstructible,failure_mining_llm_v3_metrics
hotpotqa,5a877e5d5542993e715abf7d,azure+cohere,mixed,failure_mining,debias_position,pairwise,llm_azure_pairwise,unknown,,,False,0.0,reconstructible,failure_mining_llm_v3_metrics
hotpotqa,5ab3b0bf5542992ade7c6e39,azure+cohere,mixed,failure_mining,debias_position,pairwise,score_sum,unknown,0.0,0.0,False,0.0,reconstructible,failure_mining_llm_v3_metrics
hotpotqa,5ab3b0bf5542992ade7c6e39,azure+cohere,mixed,failure_mining,debias_position,pairwise,borda,unknown,0.0,0.0,False,0.0,reconstructible,failure_mining_llm_v3_metrics
hotpotqa,5ab3b0bf5542992ade7c6e39,azure+cohere,mixed,failure_mining,debias_position,pairwise,pagerank,unknown,0.0,0.0,False,0.0,reconstructible,failure_mining_llm_v3_metrics
hotpotqa,5ab3b0bf5542992ade7c6e39,azure+cohere,mixed,failure_mining,debias_position,pairwise,rank_centrality,unknown,0.0,0.0,False,0.0,reconstructible,failure_mining_llm_v3_metrics
hotpotqa,5ab3b0bf5542992ade7c6e39,azure+cohere,mixed,failure_mining,debias_position,pairwise,markov_graph,unknown,0.0,0.0,False,0.0,reconstructible,failure_mining_llm_v3_metrics
hotpotqa,5ab3b0bf5542992ade7c6e39,azure+cohere,mixed,failure_mining,debias_position,pairwise,markov_graph_repaired,greedy,0.0,0.0,False,0.0,reconstructible,failure_mining_llm_v3_metrics
hotpotqa,5ab3b0bf5542992ade7c6e39,azure+cohere,mixed,failure_mining,debias_position,pairwise,greedy_fas_topological,greedy,0.0,0.0,False,0.0,reconstructible,failure_mining_llm_v3_metrics
hotpotqa,5ab3b0bf5542992ade7c6e39,azure+cohere,mixed,failure_mining,debias_position,pairwise,prior_only,unknown,0.0,0.0,False,0.0,reconstructible,failure_mining_llm_v3_metrics
hotpotqa,5ab3b0bf5542992ade7c6e39,azure+cohere,mixed,failure_mining,debias_position,pairwise,rrf,unknown,0.0,0.0,False,0.0,reconstructible,failure_mining_llm_v3_metrics
hotpotqa,5ab3b0bf5542992ade7c6e39,azure+cohere,mixed,failure_mining,debias_position,pairwise,combsum,unknown,0.0,0.0,False,0.0,reconstructible,failure_mining_llm_v3_metrics
hotpotqa,5ab3b0bf5542992ade7c6e39,azure+cohere,mixed,failure_mining,debias_position,pairwise,borda_fuse,unknown,0.0,0.0,False,0.0,reconstructible,failure_mining_llm_v3_metrics
hotpotqa,5ab3b0bf5542992ade7c6e39,azure+cohere,mixed,failure_mining,debias_position,pairwise,bradley_terry,unknown,0.0,0.0,False,0.0,reconstructible,failure_mining_llm_v3_metrics
hotpotqa,5ab3b0bf5542992ade7c6e39,azure+cohere,mixed,failure_mining,debias_position,pairwise,local_kemenization,unknown,0.0,0.0,False,0.0,reconstructible,failure_mining_llm_v3_metrics
hotpotqa,5ab3b0bf5542992ade7c6e39,azure+cohere,mixed,failure_mining,debias_position,pairwise,llm_cohere_pairwise,unknown,,,False,0.0,reconstructible,failure_mining_llm_v3_metrics
hotpotqa,5ab3b0bf5542992ade7c6e39,azure+cohere,mixed,failure_mining,debias_position,pairwise,llm_azure_pairwise,unknown,,,False,0.0,reconstructible,failure_mining_llm_v3_metrics
hotpotqa,5ab56e32554299637185c594,azure+cohere,mixed,failure_mining,debias_position,pairwise,score_sum,unknown,0.9197207891481876,0.06937588361343294,False,0.0,reconstructible,failure_mining_llm_v3_metrics
hotpotqa,5ab56e32554299637185c594,azure+cohere,mixed,failure_mining,debias_position,pairwise,borda,unknown,0.8772153153380493,0.026870409803294693,False,0.0,reconstructible,failure_mining_llm_v3_metrics
hotpotqa,5ab56e32554299637185c594,azure+cohere,mixed,failure_mining,debias_position,pairwise,pagerank,unknown,0.9197207891481876,0.06937588361343294,False,0.0,reconstructible,failure_mining_llm_v3_metrics
hotpotqa,5ab56e32554299637185c594,azure+cohere,mixed,failure_mining,debias_position,pairwise,rank_centrality,unknown,0.8503449055347546,0.0,False,0.0,reconstructible,failure_mining_llm_v3_metrics
hotpotqa,5ab56e32554299637185c594,azure+cohere,mixed,failure_mining,debias_position,pairwise,markov_graph,unknown,0.8503449055347546,0.0,False,0.0,reconstructible,failure_mining_llm_v3_metrics
hotpotqa,5ab56e32554299637185c594,azure+cohere,mixed,failure_mining,debias_position,pairwise,markov_graph_repaired,greedy,0.8503449055347546,0.0,False,0.0,reconstructible,failure_mining_llm_v3_metrics
hotpotqa,5ab56e32554299637185c594,azure+cohere,mixed,failure_mining,debias_position,pairwise,greedy_fas_topological,greedy,0.5437713091520254,-0.3065735963827292,False,0.0,reconstructible,failure_mining_llm_v3_metrics
hotpotqa,5ab56e32554299637185c594,azure+cohere,mixed,failure_mining,debias_position,pairwise,prior_only,unknown,0.9197207891481876,0.06937588361343294,False,0.0,reconstructible,failure_mining_llm_v3_metrics
hotpotqa,5ab56e32554299637185c594,azure+cohere,mixed,failure_mining,debias_position,pairwise,rrf,unknown,0.9197207891481876,0.06937588361343294,False,0.0,reconstructible,failure_mining_llm_v3_metrics
hotpotqa,5ab56e32554299637185c594,azure+cohere,mixed,failure_mining,debias_position,pairwise,combsum,unknown,0.9197207891481876,0.06937588361343294,False,0.0,reconstructible,failure_mining_llm_v3_metrics
hotpotqa,5ab56e32554299637185c594,azure+cohere,mixed,failure_mining,debias_position,pairwise,borda_fuse,unknown,0.9197207891481876,0.06937588361343294,False,0.0,reconstructible,failure_mining_llm_v3_metrics
hotpotqa,5ab56e32554299637185c594,azure+cohere,mixed,failure_mining,debias_position,pairwise,bradley_terry,unknown,0.8503449055347546,0.0,False,0.0,reconstructible,failure_mining_llm_v3_metrics
hotpotqa,5ab56e32554299637185c594,azure+cohere,mixed,failure_mining,debias_position,pairwise,local_kemenization,unknown,0.9197207891481876,0.06937588361343294,False,0.0,reconstructible,failure_mining_llm_v3_metrics
hotpotqa,5ab56e32554299637185c594,azure+cohere,mixed,failure_mining,debias_position,pairwise,llm_cohere_pairwise,unknown,,,False,0.0,reconstructible,failure_mining_llm_v3_metrics
hotpotqa,5ab56e32554299637185c594,azure+cohere,mixed,failure_mining,debias_position,pairwise,llm_azure_pairwise,unknown,,,False,0.0,reconstructible,failure_mining_llm_v3_metrics
hotpotqa,5ab6d09255429954757d337d,azure+cohere,mixed,failure_mining,debias_position,pairwise,score_sum,unknown,0.43067655807339306,0.07446937096537087,False,0.0,reconstructible,failure_mining_llm_v3_metrics
hotpotqa,5ab6d09255429954757d337d,azure+cohere,mixed,failure_mining,debias_position,pairwise,borda,unknown,0.43067655807339306,0.07446937096537087,False,0.0,reconstructible,failure_mining_llm_v3_metrics
hotpotqa,5ab6d09255429954757d337d,azure+cohere,mixed,failure_mining,debias_position,pairwise,pagerank,unknown,0.43067655807339306,0.07446937096537087,False,0.0,reconstructible,failure_mining_llm_v3_metrics
hotpotqa,5ab6d09255429954757d337d,azure+cohere,mixed,failure_mining,debias_position,pairwise,rank_centrality,unknown,0.3562071871080222,0.0,False,0.0,reconstructible,failure_mining_llm_v3_metrics
hotpotqa,5ab6d09255429954757d337d,azure+cohere,mixed,failure_mining,debias_position,pairwise,markov_graph,unknown,0.3562071871080222,0.0,False,0.0,reconstructible,failure_mining_llm_v3_metrics
hotpotqa,5ab6d09255429954757d337d,azure+cohere,mixed,failure_mining,debias_position,pairwise,markov_graph_repaired,greedy,0.3562071871080222,0.0,False,0.0,reconstructible,failure_mining_llm_v3_metrics
hotpotqa,5ab6d09255429954757d337d,azure+cohere,mixed,failure_mining,debias_position,pairwise,greedy_fas_topological,greedy,0.6309297535714575,0.27472256646343535,False,0.0,reconstructible,failure_mining_llm_v3_metrics
hotpotqa,5ab6d09255429954757d337d,azure+cohere,mixed,failure_mining,debias_position,pairwise,prior_only,unknown,0.43067655807339306,0.07446937096537087,False,0.0,reconstructible,failure_mining_llm_v3_metrics
hotpotqa,5ab6d09255429954757d337d,azure+cohere,mixed,failure_mining,debias_position,pairwise,rrf,unknown,0.38685280723454163,0.030645620126519446,False,0.0,reconstructible,failure_mining_llm_v3_metrics
hotpotqa,5ab6d09255429954757d337d,azure+cohere,mixed,failure_mining,debias_position,pairwise,combsum,unknown,0.38685280723454163,0.030645620126519446,False,0.0,reconstructible,failure_mining_llm_v3_metrics
hotpotqa,5ab6d09255429954757d337d,azure+cohere,mixed,failure_mining,debias_position,pairwise,borda_fuse,unknown,0.38685280723454163,0.030645620126519446,False,0.0,reconstructible,failure_mining_llm_v3_metrics
hotpotqa,5ab6d09255429954757d337d,azure+cohere,mixed,failure_mining,debias_position,pairwise,bradley_terry,unknown,0.43067655807339306,0.07446937096537087,False,0.0,reconstructible,failure_mining_llm_v3_metrics
hotpotqa,5ab6d09255429954757d337d,azure+cohere,mixed,failure_mining,debias_position,pairwise,local_kemenization,unknown,0.38685280723454163,0.030645620126519446,False,0.0,reconstructible,failure_mining_llm_v3_metrics
hotpotqa,5ab6d09255429954757d337d,azure+cohere,mixed,failure_mining,debias_position,pairwise,llm_cohere_pairwise,unknown,,,False,0.0,reconstructible,failure_mining_llm_v3_metrics
hotpotqa,5ab6d09255429954757d337d,azure+cohere,mixed,failure_mining,debias_position,pairwise,llm_azure_pairwise,unknown,,,False,0.0,reconstructible,failure_mining_llm_v3_metrics
hotpotqa,5a75e05c55429976ec32bc5f,azure+cohere,mixed,failure_mining,debias_position,pairwise,score_sum,unknown,1.0,0.0,False,0.0,reconstructible,failure_mining_llm_v3_metrics
hotpotqa,5a75e05c55429976ec32bc5f,azure+cohere,mixed,failure_mining,debias_position,pairwise,borda,unknown,1.0,0.0,False,0.0,reconstructible,failure_mining_llm_v3_metrics
hotpotqa,5a75e05c55429976ec32bc5f,azure+cohere,mixed,failure_mining,debias_position,pairwise,pagerank,unknown,1.0,0.0,False,0.0,reconstructible,failure_mining_llm_v3_metrics
hotpotqa,5a75e05c55429976ec32bc5f,azure+cohere,mixed,failure_mining,debias_position,pairwise,rank_centrality,unknown,1.0,0.0,False,0.0,reconstructible,failure_mining_llm_v3_metrics
hotpotqa,5a75e05c55429976ec32bc5f,azure+cohere,mixed,failure_mining,debias_position,pairwise,markov_graph,unknown,1.0,0.0,False,0.0,reconstructible,failure_mining_llm_v3_metrics
hotpotqa,5a75e05c55429976ec32bc5f,azure+cohere,mixed,failure_mining,debias_position,pairwise,markov_graph_repaired,greedy,1.0,0.0,False,0.0,reconstructible,failure_mining_llm_v3_metrics
hotpotqa,5a75e05c55429976ec32bc5f,azure+cohere,mixed,failure_mining,debias_position,pairwise,greedy_fas_topological,greedy,1.0,0.0,False,0.0,reconstructible,failure_mining_llm_v3_metrics
hotpotqa,5a75e05c55429976ec32bc5f,azure+cohere,mixed,failure_mining,debias_position,pairwise,prior_only,unknown,1.0,0.0,False,0.0,reconstructible,failure_mining_llm_v3_metrics
hotpotqa,5a75e05c55429976ec32bc5f,azure+cohere,mixed,failure_mining,debias_position,pairwise,rrf,unknown,1.0,0.0,False,0.0,reconstructible,failure_mining_llm_v3_metrics
hotpotqa,5a75e05c55429976ec32bc5f,azure+cohere,mixed,failure_mining,debias_position,pairwise,combsum,unknown,1.0,0.0,False,0.0,reconstructible,failure_mining_llm_v3_metrics
hotpotqa,5a75e05c55429976ec32bc5f,azure+cohere,mixed,failure_mining,debias_position,pairwise,borda_fuse,unknown,1.0,0.0,False,0.0,reconstructible,failure_mining_llm_v3_metrics
hotpotqa,5a75e05c55429976ec32bc5f,azure+cohere,mixed,failure_mining,debias_position,pairwise,bradley_terry,unknown,1.0,0.0,False,0.0,reconstructible,failure_mining_llm_v3_metrics
hotpotqa,5a75e05c55429976ec32bc5f,azure+cohere,mixed,failure_mining,debias_position,pairwise,local_kemenization,unknown,1.0,0.0,False,0.0,reconstructible,failure_mining_llm_v3_metrics
hotpotqa,5a75e05c55429976ec32bc5f,azure+cohere,mixed,failure_mining,debias_position,pairwise,llm_cohere_pairwise,unknown,,,False,0.0,reconstructible,failure_mining_llm_v3_metrics
hotpotqa,5a75e05c55429976ec32bc5f,azure+cohere,mixed,failure_mining,debias_position,pairwise,llm_azure_pairwise,unknown,,,False,0.0,reconstructible,failure_mining_llm_v3_metrics
hotpotqa,5ab3e45655429976abd1bcd4,azure+cohere,mixed,failure_mining,debias_position,pairwise,score_sum,unknown,1.0,0.0,False,0.0,reconstructible,failure_mining_llm_v3_metrics
hotpotqa,5ab3e45655429976abd1bcd4,azure+cohere,mixed,failure_mining,debias_position,pairwise,borda,unknown,1.0,0.0,False,0.0,reconstructible,failure_mining_llm_v3_metrics
hotpotqa,5ab3e45655429976abd1bcd4,azure+cohere,mixed,failure_mining,debias_position,pairwise,pagerank,unknown,1.0,0.0,False,0.0,reconstructible,failure_mining_llm_v3_metrics
hotpotqa,5ab3e45655429976abd1bcd4,azure+cohere,mixed,failure_mining,debias_position,pairwise,rank_centrality,unknown,1.0,0.0,False,0.0,reconstructible,failure_mining_llm_v3_metrics
hotpotqa,5ab3e45655429976abd1bcd4,azure+cohere,mixed,failure_mining,debias_position,pairwise,markov_graph,unknown,1.0,0.0,False,0.0,reconstructible,failure_mining_llm_v3_metrics
hotpotqa,5ab3e45655429976abd1bcd4,azure+cohere,mixed,failure_mining,debias_position,pairwise,markov_graph_repaired,greedy,1.0,0.0,False,0.0,reconstructible,failure_mining_llm_v3_metrics
hotpotqa,5ab3e45655429976abd1bcd4,azure+cohere,mixed,failure_mining,debias_position,pairwise,greedy_fas_topological,greedy,1.0,0.0,False,0.0,reconstructible,failure_mining_llm_v3_metrics
hotpotqa,5ab3e45655429976abd1bcd4,azure+cohere,mixed,failure_mining,debias_position,pairwise,prior_only,unknown,1.0,0.0,False,0.0,reconstructible,failure_mining_llm_v3_metrics
hotpotqa,5ab3e45655429976abd1bcd4,azure+cohere,mixed,failure_mining,debias_position,pairwise,rrf,unknown,1.0,0.0,False,0.0,reconstructible,failure_mining_llm_v3_metrics
hotpotqa,5ab3e45655429976abd1bcd4,azure+cohere,mixed,failure_mining,debias_position,pairwise,combsum,unknown,1.0,0.0,False,0.0,reconstructible,failure_mining_llm_v3_metrics
hotpotqa,5ab3e45655429976abd1bcd4,azure+cohere,mixed,failure_mining,debias_position,pairwise,borda_fuse,unknown,1.0,0.0,False,0.0,reconstructible,failure_mining_llm_v3_metrics
hotpotqa,5ab3e45655429976abd1bcd4,azure+cohere,mixed,failure_mining,debias_position,pairwise,bradley_terry,unknown,1.0,0.0,False,0.0,reconstructible,failure_mining_llm_v3_metrics
hotpotqa,5ab3e45655429976abd1bcd4,azure+cohere,mixed,failure_mining,debias_position,pairwise,local_kemenization,unknown,1.0,0.0,False,0.0,reconstructible,failure_mining_llm_v3_metrics
hotpotqa,5ab3e45655429976abd1bcd4,azure+cohere,mixed,failure_mining,debias_position,pairwise,llm_cohere_pairwise,unknown,,,False,0.0,reconstructible,failure_mining_llm_v3_metrics
hotpotqa,5ab3e45655429976abd1bcd4,azure+cohere,mixed,failure_mining,debias_position,pairwise,llm_azure_pairwise,unknown,,,False,0.0,reconstructible,failure_mining_llm_v3_metrics
hotpotqa,5ae0d4c9554299603e418468,azure+cohere,mixed,failure_mining,debias_position,pairwise,score_sum,unknown,1.0,0.0,False,0.0,reconstructible,failure_mining_llm_v3_metrics
hotpotqa,5ae0d4c9554299603e418468,azure+cohere,mixed,failure_mining,debias_position,pairwise,borda,unknown,1.0,0.0,False,0.0,reconstructible,failure_mining_llm_v3_metrics
hotpotqa,5ae0d4c9554299603e418468,azure+cohere,mixed,failure_mining,debias_position,pairwise,pagerank,unknown,1.0,0.0,False,0.0,reconstructible,failure_mining_llm_v3_metrics
hotpotqa,5ae0d4c9554299603e418468,azure+cohere,mixed,failure_mining,debias_position,pairwise,rank_centrality,unknown,1.0,0.0,False,0.0,reconstructible,failure_mining_llm_v3_metrics
hotpotqa,5ae0d4c9554299603e418468,azure+cohere,mixed,failure_mining,debias_position,pairwise,markov_graph,unknown,1.0,0.0,False,0.0,reconstructible,failure_mining_llm_v3_metrics
hotpotqa,5ae0d4c9554299603e418468,azure+cohere,mixed,failure_mining,debias_position,pairwise,markov_graph_repaired,greedy,1.0,0.0,False,0.0,reconstructible,failure_mining_llm_v3_metrics
hotpotqa,5ae0d4c9554299603e418468,azure+cohere,mixed,failure_mining,debias_position,pairwise,greedy_fas_topological,greedy,1.0,0.0,False,0.0,reconstructible,failure_mining_llm_v3_metrics
hotpotqa,5ae0d4c9554299603e418468,azure+cohere,mixed,failure_mining,debias_position,pairwise,prior_only,unknown,1.0,0.0,False,0.0,reconstructible,failure_mining_llm_v3_metrics
hotpotqa,5ae0d4c9554299603e418468,azure+cohere,mixed,failure_mining,debias_position,pairwise,rrf,unknown,1.0,0.0,False,0.0,reconstructible,failure_mining_llm_v3_metrics
hotpotqa,5ae0d4c9554299603e418468,azure+cohere,mixed,failure_mining,debias_position,pairwise,combsum,unknown,1.0,0.0,False,0.0,reconstructible,failure_mining_llm_v3_metrics
hotpotqa,5ae0d4c9554299603e418468,azure+cohere,mixed,failure_mining,debias_position,pairwise,borda_fuse,unknown,1.0,0.0,False,0.0,reconstructible,failure_mining_llm_v3_metrics
hotpotqa,5ae0d4c9554299603e418468,azure+cohere,mixed,failure_mining,debias_position,pairwise,bradley_terry,unknown,1.0,0.0,False,0.0,reconstructible,failure_mining_llm_v3_metrics
hotpotqa,5ae0d4c9554299603e418468,azure+cohere,mixed,failure_mining,debias_position,pairwise,local_kemenization,unknown,1.0,0.0,False,0.0,reconstructible,failure_mining_llm_v3_metrics
hotpotqa,5ae0d4c9554299603e418468,azure+cohere,mixed,failure_mining,debias_position,pairwise,llm_cohere_pairwise,unknown,,,False,0.0,reconstructible,failure_mining_llm_v3_metrics
hotpotqa,5ae0d4c9554299603e418468,azure+cohere,mixed,failure_mining,debias_position,pairwise,llm_azure_pairwise,unknown,,,False,0.0,reconstructible,failure_mining_llm_v3_metrics
hotpotqa,5a8133725542995ce29dcbdb,azure+cohere,mixed,failure_mining,debias_position,pairwise,score_sum,unknown,0.6309297535714575,0.0,False,0.0,reconstructible,failure_mining_llm_v3_metrics
hotpotqa,5a8133725542995ce29dcbdb,azure+cohere,mixed,failure_mining,debias_position,pairwise,borda,unknown,0.6309297535714575,0.0,False,0.0,reconstructible,failure_mining_llm_v3_metrics
hotpotqa,5a8133725542995ce29dcbdb,azure+cohere,mixed,failure_mining,debias_position,pairwise,pagerank,unknown,0.6309297535714575,0.0,False,0.0,reconstructible,failure_mining_llm_v3_metrics
hotpotqa,5a8133725542995ce29dcbdb,azure+cohere,mixed,failure_mining,debias_position,pairwise,rank_centrality,unknown,0.6309297535714575,0.0,False,0.0,reconstructible,failure_mining_llm_v3_metrics
hotpotqa,5a8133725542995ce29dcbdb,azure+cohere,mixed,failure_mining,debias_position,pairwise,markov_graph,unknown,0.6309297535714575,0.0,False,0.0,reconstructible,failure_mining_llm_v3_metrics
hotpotqa,5a8133725542995ce29dcbdb,azure+cohere,mixed,failure_mining,debias_position,pairwise,markov_graph_repaired,greedy,0.6309297535714575,0.0,False,0.0,reconstructible,failure_mining_llm_v3_metrics
hotpotqa,5a8133725542995ce29dcbdb,azure+cohere,mixed,failure_mining,debias_position,pairwise,greedy_fas_topological,greedy,0.6309297535714575,0.0,False,0.0,reconstructible,failure_mining_llm_v3_metrics
hotpotqa,5a8133725542995ce29dcbdb,azure+cohere,mixed,failure_mining,debias_position,pairwise,prior_only,unknown,1.0,0.36907024642854247,False,0.0,reconstructible,failure_mining_llm_v3_metrics
hotpotqa,5a8133725542995ce29dcbdb,azure+cohere,mixed,failure_mining,debias_position,pairwise,rrf,unknown,1.0,0.36907024642854247,False,0.0,reconstructible,failure_mining_llm_v3_metrics
hotpotqa,5a8133725542995ce29dcbdb,azure+cohere,mixed,failure_mining,debias_position,pairwise,combsum,unknown,1.0,0.36907024642854247,False,0.0,reconstructible,failure_mining_llm_v3_metrics
hotpotqa,5a8133725542995ce29dcbdb,azure+cohere,mixed,failure_mining,debias_position,pairwise,borda_fuse,unknown,1.0,0.36907024642854247,False,0.0,reconstructible,failure_mining_llm_v3_metrics
hotpotqa,5a8133725542995ce29dcbdb,azure+cohere,mixed,failure_mining,debias_position,pairwise,bradley_terry,unknown,0.6309297535714575,0.0,False,0.0,reconstructible,failure_mining_llm_v3_metrics
hotpotqa,5a8133725542995ce29dcbdb,azure+cohere,mixed,failure_mining,debias_position,pairwise,local_kemenization,unknown,1.0,0.36907024642854247,False,0.0,reconstructible,failure_mining_llm_v3_metrics
hotpotqa,5a8133725542995ce29dcbdb,azure+cohere,mixed,failure_mining,debias_position,pairwise,llm_cohere_pairwise,unknown,,,False,0.0,reconstructible,failure_mining_llm_v3_metrics
hotpotqa,5a8133725542995ce29dcbdb,azure+cohere,mixed,failure_mining,debias_position,pairwise,llm_azure_pairwise,unknown,,,False,0.0,reconstructible,failure_mining_llm_v3_metrics
hotpotqa,5ae6050f55429929b0807a5e,azure+cohere,mixed,failure_mining,debias_position,pairwise,score_sum,unknown,1.0,0.0,False,0.0,reconstructible,failure_mining_llm_v3_metrics
hotpotqa,5ae6050f55429929b0807a5e,azure+cohere,mixed,failure_mining,debias_position,pairwise,borda,unknown,1.0,0.0,False,0.0,reconstructible,failure_mining_llm_v3_metrics
hotpotqa,5ae6050f55429929b0807a5e,azure+cohere,mixed,failure_mining,debias_position,pairwise,pagerank,unknown,1.0,0.0,False,0.0,reconstructible,failure_mining_llm_v3_metrics
hotpotqa,5ae6050f55429929b0807a5e,azure+cohere,mixed,failure_mining,debias_position,pairwise,rank_centrality,unknown,1.0,0.0,False,0.0,reconstructible,failure_mining_llm_v3_metrics
hotpotqa,5ae6050f55429929b0807a5e,azure+cohere,mixed,failure_mining,debias_position,pairwise,markov_graph,unknown,1.0,0.0,False,0.0,reconstructible,failure_mining_llm_v3_metrics
hotpotqa,5ae6050f55429929b0807a5e,azure+cohere,mixed,failure_mining,debias_position,pairwise,markov_graph_repaired,greedy,1.0,0.0,False,0.0,reconstructible,failure_mining_llm_v3_metrics
hotpotqa,5ae6050f55429929b0807a5e,azure+cohere,mixed,failure_mining,debias_position,pairwise,greedy_fas_topological,greedy,1.0,0.0,False,0.0,reconstructible,failure_mining_llm_v3_metrics
hotpotqa,5ae6050f55429929b0807a5e,azure+cohere,mixed,failure_mining,debias_position,pairwise,prior_only,unknown,1.0,0.0,False,0.0,reconstructible,failure_mining_llm_v3_metrics
hotpotqa,5ae6050f55429929b0807a5e,azure+cohere,mixed,failure_mining,debias_position,pairwise,rrf,unknown,1.0,0.0,False,0.0,reconstructible,failure_mining_llm_v3_metrics
hotpotqa,5ae6050f55429929b0807a5e,azure+cohere,mixed,failure_mining,debias_position,pairwise,combsum,unknown,1.0,0.0,False,0.0,reconstructible,failure_mining_llm_v3_metrics
hotpotqa,5ae6050f55429929b0807a5e,azure+cohere,mixed,failure_mining,debias_position,pairwise,borda_fuse,unknown,1.0,0.0,False,0.0,reconstructible,failure_mining_llm_v3_metrics
hotpotqa,5ae6050f55429929b0807a5e,azure+cohere,mixed,failure_mining,debias_position,pairwise,bradley_terry,unknown,1.0,0.0,False,0.0,reconstructible,failure_mining_llm_v3_metrics
hotpotqa,5ae6050f55429929b0807a5e,azure+cohere,mixed,failure_mining,debias_position,pairwise,local_kemenization,unknown,1.0,0.0,False,0.0,reconstructible,failure_mining_llm_v3_metrics
hotpotqa,5ae6050f55429929b0807a5e,azure+cohere,mixed,failure_mining,debias_position,pairwise,llm_cohere_pairwise,unknown,,,False,0.0,reconstructible,failure_mining_llm_v3_metrics
hotpotqa,5ae6050f55429929b0807a5e,azure+cohere,mixed,failure_mining,debias_position,pairwise,llm_azure_pairwise,unknown,,,False,0.0,reconstructible,failure_mining_llm_v3_metrics
hotpotqa,5adddccd5542997dc7907069,azure+cohere,mixed,failure_mining,debias_position,pairwise,score_sum,unknown,1.0,0.0,False,0.0,reconstructible,failure_mining_llm_v3_metrics
hotpotqa,5adddccd5542997dc7907069,azure+cohere,mixed,failure_mining,debias_position,pairwise,borda,unknown,1.0,0.0,False,0.0,reconstructible,failure_mining_llm_v3_metrics
hotpotqa,5adddccd5542997dc7907069,azure+cohere,mixed,failure_mining,debias_position,pairwise,pagerank,unknown,1.0,0.0,False,0.0,reconstructible,failure_mining_llm_v3_metrics
hotpotqa,5adddccd5542997dc7907069,azure+cohere,mixed,failure_mining,debias_position,pairwise,rank_centrality,unknown,1.0,0.0,False,0.0,reconstructible,failure_mining_llm_v3_metrics
hotpotqa,5adddccd5542997dc7907069,azure+cohere,mixed,failure_mining,debias_position,pairwise,markov_graph,unknown,1.0,0.0,False,0.0,reconstructible,failure_mining_llm_v3_metrics
hotpotqa,5adddccd5542997dc7907069,azure+cohere,mixed,failure_mining,debias_position,pairwise,markov_graph_repaired,greedy,1.0,0.0,False,0.0,reconstructible,failure_mining_llm_v3_metrics
hotpotqa,5adddccd5542997dc7907069,azure+cohere,mixed,failure_mining,debias_position,pairwise,greedy_fas_topological,greedy,1.0,0.0,False,0.0,reconstructible,failure_mining_llm_v3_metrics
hotpotqa,5adddccd5542997dc7907069,azure+cohere,mixed,failure_mining,debias_position,pairwise,prior_only,unknown,1.0,0.0,False,0.0,reconstructible,failure_mining_llm_v3_metrics
hotpotqa,5adddccd5542997dc7907069,azure+cohere,mixed,failure_mining,debias_position,pairwise,rrf,unknown,1.0,0.0,False,0.0,reconstructible,failure_mining_llm_v3_metrics
hotpotqa,5adddccd5542997dc7907069,azure+cohere,mixed,failure_mining,debias_position,pairwise,combsum,unknown,1.0,0.0,False,0.0,reconstructible,failure_mining_llm_v3_metrics
hotpotqa,5adddccd5542997dc7907069,azure+cohere,mixed,failure_mining,debias_position,pairwise,borda_fuse,unknown,1.0,0.0,False,0.0,reconstructible,failure_mining_llm_v3_metrics
hotpotqa,5adddccd5542997dc7907069,azure+cohere,mixed,failure_mining,debias_position,pairwise,bradley_terry,unknown,1.0,0.0,False,0.0,reconstructible,failure_mining_llm_v3_metrics
hotpotqa,5adddccd5542997dc7907069,azure+cohere,mixed,failure_mining,debias_position,pairwise,local_kemenization,unknown,1.0,0.0,False,0.0,reconstructible,failure_mining_llm_v3_metrics
hotpotqa,5adddccd5542997dc7907069,azure+cohere,mixed,failure_mining,debias_position,pairwise,llm_cohere_pairwise,unknown,,,False,0.0,reconstructible,failure_mining_llm_v3_metrics
hotpotqa,5adddccd5542997dc7907069,azure+cohere,mixed,failure_mining,debias_position,pairwise,llm_azure_pairwise,unknown,,,False,0.0,reconstructible,failure_mining_llm_v3_metrics
hotpotqa,5ae22b8d554299234fd0440f,azure+cohere,mixed,failure_mining,debias_position,pairwise,score_sum,unknown,0.6240505200038379,0.0,False,0.0,reconstructible,failure_mining_llm_v3_metrics
hotpotqa,5ae22b8d554299234fd0440f,azure+cohere,mixed,failure_mining,debias_position,pairwise,borda,unknown,0.5012658353418871,-0.1227846846619508,False,0.0,reconstructible,failure_mining_llm_v3_metrics
hotpotqa,5ae22b8d554299234fd0440f,azure+cohere,mixed,failure_mining,debias_position,pairwise,pagerank,unknown,0.6240505200038379,0.0,False,0.0,reconstructible,failure_mining_llm_v3_metrics
hotpotqa,5ae22b8d554299234fd0440f,azure+cohere,mixed,failure_mining,debias_position,pairwise,rank_centrality,unknown,0.6240505200038379,0.0,False,0.0,reconstructible,failure_mining_llm_v3_metrics
hotpotqa,5ae22b8d554299234fd0440f,azure+cohere,mixed,failure_mining,debias_position,pairwise,markov_graph,unknown,0.6240505200038379,0.0,False,0.0,reconstructible,failure_mining_llm_v3_metrics
hotpotqa,5ae22b8d554299234fd0440f,azure+cohere,mixed,failure_mining,debias_position,pairwise,markov_graph_repaired,greedy,0.6240505200038379,0.0,False,0.0,reconstructible,failure_mining_llm_v3_metrics
hotpotqa,5ae22b8d554299234fd0440f,azure+cohere,mixed,failure_mining,debias_position,pairwise,greedy_fas_topological,greedy,0.5012658353418871,-0.1227846846619508,False,0.0,reconstructible,failure_mining_llm_v3_metrics
hotpotqa,5ae22b8d554299234fd0440f,azure+cohere,mixed,failure_mining,debias_position,pairwise,prior_only,unknown,0.5437713091520254,-0.08027921085181244,False,0.0,reconstructible,failure_mining_llm_v3_metrics
hotpotqa,5ae22b8d554299234fd0440f,azure+cohere,mixed,failure_mining,debias_position,pairwise,rrf,unknown,0.5437713091520254,-0.08027921085181244,False,0.0,reconstructible,failure_mining_llm_v3_metrics
hotpotqa,5ae22b8d554299234fd0440f,azure+cohere,mixed,failure_mining,debias_position,pairwise,combsum,unknown,0.5437713091520254,-0.08027921085181244,False,0.0,reconstructible,failure_mining_llm_v3_metrics
hotpotqa,5ae22b8d554299234fd0440f,azure+cohere,mixed,failure_mining,debias_position,pairwise,borda_fuse,unknown,0.5437713091520254,-0.08027921085181244,False,0.0,reconstructible,failure_mining_llm_v3_metrics
hotpotqa,5ae22b8d554299234fd0440f,azure+cohere,mixed,failure_mining,debias_position,pairwise,bradley_terry,unknown,0.6240505200038379,0.0,False,0.0,reconstructible,failure_mining_llm_v3_metrics
hotpotqa,5ae22b8d554299234fd0440f,azure+cohere,mixed,failure_mining,debias_position,pairwise,local_kemenization,unknown,0.5437713091520254,-0.08027921085181244,False,0.0,reconstructible,failure_mining_llm_v3_metrics
hotpotqa,5ae22b8d554299234fd0440f,azure+cohere,mixed,failure_mining,debias_position,pairwise,llm_cohere_pairwise,unknown,,,False,0.0,reconstructible,failure_mining_llm_v3_metrics
hotpotqa,5ae22b8d554299234fd0440f,azure+cohere,mixed,failure_mining,debias_position,pairwise,llm_azure_pairwise,unknown,,,False,0.0,reconstructible,failure_mining_llm_v3_metrics
hotpotqa,5a8c7595554299585d9e36b6,azure+cohere,mixed,failure_mining,debias_position,pairwise,score_sum,unknown,1.0,0.0,False,0.0,reconstructible,failure_mining_llm_v3_metrics
hotpotqa,5a8c7595554299585d9e36b6,azure+cohere,mixed,failure_mining,debias_position,pairwise,borda,unknown,1.0,0.0,False,0.0,reconstructible,failure_mining_llm_v3_metrics
hotpotqa,5a8c7595554299585d9e36b6,azure+cohere,mixed,failure_mining,debias_position,pairwise,pagerank,unknown,1.0,0.0,False,0.0,reconstructible,failure_mining_llm_v3_metrics
hotpotqa,5a8c7595554299585d9e36b6,azure+cohere,mixed,failure_mining,debias_position,pairwise,rank_centrality,unknown,1.0,0.0,False,0.0,reconstructible,failure_mining_llm_v3_metrics
hotpotqa,5a8c7595554299585d9e36b6,azure+cohere,mixed,failure_mining,debias_position,pairwise,markov_graph,unknown,1.0,0.0,False,0.0,reconstructible,failure_mining_llm_v3_metrics
hotpotqa,5a8c7595554299585d9e36b6,azure+cohere,mixed,failure_mining,debias_position,pairwise,markov_graph_repaired,greedy,1.0,0.0,False,0.0,reconstructible,failure_mining_llm_v3_metrics
hotpotqa,5a8c7595554299585d9e36b6,azure+cohere,mixed,failure_mining,debias_position,pairwise,greedy_fas_topological,greedy,1.0,0.0,False,0.0,reconstructible,failure_mining_llm_v3_metrics
hotpotqa,5a8c7595554299585d9e36b6,azure+cohere,mixed,failure_mining,debias_position,pairwise,prior_only,unknown,0.6309297535714575,-0.36907024642854247,False,0.0,reconstructible,failure_mining_llm_v3_metrics
hotpotqa,5a8c7595554299585d9e36b6,azure+cohere,mixed,failure_mining,debias_position,pairwise,rrf,unknown,0.6309297535714575,-0.36907024642854247,False,0.0,reconstructible,failure_mining_llm_v3_metrics
hotpotqa,5a8c7595554299585d9e36b6,azure+cohere,mixed,failure_mining,debias_position,pairwise,combsum,unknown,1.0,0.0,False,0.0,reconstructible,failure_mining_llm_v3_metrics
hotpotqa,5a8c7595554299585d9e36b6,azure+cohere,mixed,failure_mining,debias_position,pairwise,borda_fuse,unknown,0.6309297535714575,-0.36907024642854247,False,0.0,reconstructible,failure_mining_llm_v3_metrics
hotpotqa,5a8c7595554299585d9e36b6,azure+cohere,mixed,failure_mining,debias_position,pairwise,bradley_terry,unknown,1.0,0.0,False,0.0,reconstructible,failure_mining_llm_v3_metrics
hotpotqa,5a8c7595554299585d9e36b6,azure+cohere,mixed,failure_mining,debias_position,pairwise,local_kemenization,unknown,1.0,0.0,False,0.0,reconstructible,failure_mining_llm_v3_metrics
hotpotqa,5a8c7595554299585d9e36b6,azure+cohere,mixed,failure_mining,debias_position,pairwise,llm_cohere_pairwise,unknown,,,False,0.0,reconstructible,failure_mining_llm_v3_metrics
hotpotqa,5a8c7595554299585d9e36b6,azure+cohere,mixed,failure_mining,debias_position,pairwise,llm_azure_pairwise,unknown,,,False,0.0,reconstructible,failure_mining_llm_v3_metrics
hotpotqa,5a85ea095542994775f606a8,azure+cohere,mixed,failure_mining,debias_position,pairwise,score_sum,unknown,1.0,0.0,False,0.0,reconstructible,failure_mining_llm_v3_metrics
hotpotqa,5a85ea095542994775f606a8,azure+cohere,mixed,failure_mining,debias_position,pairwise,borda,unknown,1.0,0.0,False,0.0,reconstructible,failure_mining_llm_v3_metrics
hotpotqa,5a85ea095542994775f606a8,azure+cohere,mixed,failure_mining,debias_position,pairwise,pagerank,unknown,1.0,0.0,False,0.0,reconstructible,failure_mining_llm_v3_metrics
hotpotqa,5a85ea095542994775f606a8,azure+cohere,mixed,failure_mining,debias_position,pairwise,rank_centrality,unknown,1.0,0.0,False,0.0,reconstructible,failure_mining_llm_v3_metrics
hotpotqa,5a85ea095542994775f606a8,azure+cohere,mixed,failure_mining,debias_position,pairwise,markov_graph,unknown,1.0,0.0,False,0.0,reconstructible,failure_mining_llm_v3_metrics
hotpotqa,5a85ea095542994775f606a8,azure+cohere,mixed,failure_mining,debias_position,pairwise,markov_graph_repaired,greedy,1.0,0.0,False,0.0,reconstructible,failure_mining_llm_v3_metrics
hotpotqa,5a85ea095542994775f606a8,azure+cohere,mixed,failure_mining,debias_position,pairwise,greedy_fas_topological,greedy,1.0,0.0,False,0.0,reconstructible,failure_mining_llm_v3_metrics
hotpotqa,5a85ea095542994775f606a8,azure+cohere,mixed,failure_mining,debias_position,pairwise,prior_only,unknown,1.0,0.0,False,0.0,reconstructible,failure_mining_llm_v3_metrics
hotpotqa,5a85ea095542994775f606a8,azure+cohere,mixed,failure_mining,debias_position,pairwise,rrf,unknown,0.5,-0.5,False,0.0,reconstructible,failure_mining_llm_v3_metrics
hotpotqa,5a85ea095542994775f606a8,azure+cohere,mixed,failure_mining,debias_position,pairwise,combsum,unknown,1.0,0.0,False,0.0,reconstructible,failure_mining_llm_v3_metrics
hotpotqa,5a85ea095542994775f606a8,azure+cohere,mixed,failure_mining,debias_position,pairwise,borda_fuse,unknown,0.43067655807339306,-0.5693234419266069,False,0.0,reconstructible,failure_mining_llm_v3_metrics
hotpotqa,5a85ea095542994775f606a8,azure+cohere,mixed,failure_mining,debias_position,pairwise,bradley_terry,unknown,1.0,0.0,False,0.0,reconstructible,failure_mining_llm_v3_metrics
hotpotqa,5a85ea095542994775f606a8,azure+cohere,mixed,failure_mining,debias_position,pairwise,local_kemenization,unknown,1.0,0.0,False,0.0,reconstructible,failure_mining_llm_v3_metrics
hotpotqa,5a85ea095542994775f606a8,azure+cohere,mixed,failure_mining,debias_position,pairwise,llm_cohere_pairwise,unknown,,,False,0.0,reconstructible,failure_mining_llm_v3_metrics
hotpotqa,5a85ea095542994775f606a8,azure+cohere,mixed,failure_mining,debias_position,pairwise,llm_azure_pairwise,unknown,,,False,0.0,reconstructible,failure_mining_llm_v3_metrics
hotpotqa,5adbf0a255429947ff17385a,azure+cohere,mixed,failure_mining,debias_position,pairwise,score_sum,unknown,1.0,0.0,False,0.0,reconstructible,failure_mining_llm_v3_metrics
hotpotqa,5adbf0a255429947ff17385a,azure+cohere,mixed,failure_mining,debias_position,pairwise,borda,unknown,1.0,0.0,False,0.0,reconstructible,failure_mining_llm_v3_metrics
hotpotqa,5adbf0a255429947ff17385a,azure+cohere,mixed,failure_mining,debias_position,pairwise,pagerank,unknown,1.0,0.0,False,0.0,reconstructible,failure_mining_llm_v3_metrics
hotpotqa,5adbf0a255429947ff17385a,azure+cohere,mixed,failure_mining,debias_position,pairwise,rank_centrality,unknown,1.0,0.0,False,0.0,reconstructible,failure_mining_llm_v3_metrics
hotpotqa,5adbf0a255429947ff17385a,azure+cohere,mixed,failure_mining,debias_position,pairwise,markov_graph,unknown,1.0,0.0,False,0.0,reconstructible,failure_mining_llm_v3_metrics
hotpotqa,5adbf0a255429947ff17385a,azure+cohere,mixed,failure_mining,debias_position,pairwise,markov_graph_repaired,greedy,1.0,0.0,False,0.0,reconstructible,failure_mining_llm_v3_metrics
hotpotqa,5adbf0a255429947ff17385a,azure+cohere,mixed,failure_mining,debias_position,pairwise,greedy_fas_topological,greedy,1.0,0.0,False,0.0,reconstructible,failure_mining_llm_v3_metrics
hotpotqa,5adbf0a255429947ff17385a,azure+cohere,mixed,failure_mining,debias_position,pairwise,prior_only,unknown,1.0,0.0,False,0.0,reconstructible,failure_mining_llm_v3_metrics
hotpotqa,5adbf0a255429947ff17385a,azure+cohere,mixed,failure_mining,debias_position,pairwise,rrf,unknown,1.0,0.0,False,0.0,reconstructible,failure_mining_llm_v3_metrics
hotpotqa,5adbf0a255429947ff17385a,azure+cohere,mixed,failure_mining,debias_position,pairwise,combsum,unknown,1.0,0.0,False,0.0,reconstructible,failure_mining_llm_v3_metrics
hotpotqa,5adbf0a255429947ff17385a,azure+cohere,mixed,failure_mining,debias_position,pairwise,borda_fuse,unknown,1.0,0.0,False,0.0,reconstructible,failure_mining_llm_v3_metrics
hotpotqa,5adbf0a255429947ff17385a,azure+cohere,mixed,failure_mining,debias_position,pairwise,bradley_terry,unknown,1.0,0.0,False,0.0,reconstructible,failure_mining_llm_v3_metrics
hotpotqa,5adbf0a255429947ff17385a,azure+cohere,mixed,failure_mining,debias_position,pairwise,local_kemenization,unknown,1.0,0.0,False,0.0,reconstructible,failure_mining_llm_v3_metrics
hotpotqa,5adbf0a255429947ff17385a,azure+cohere,mixed,failure_mining,debias_position,pairwise,llm_cohere_pairwise,unknown,,,False,0.0,reconstructible,failure_mining_llm_v3_metrics
hotpotqa,5adbf0a255429947ff17385a,azure+cohere,mixed,failure_mining,debias_position,pairwise,llm_azure_pairwise,unknown,,,False,0.0,reconstructible,failure_mining_llm_v3_metrics
hotpotqa,5a8e3ea95542995a26add48d,azure+cohere,mixed,failure_mining,debias_position,pairwise,score_sum,unknown,1.0,0.0,False,0.0,reconstructible,failure_mining_llm_v3_metrics
hotpotqa,5a8e3ea95542995a26add48d,azure+cohere,mixed,failure_mining,debias_position,pairwise,borda,unknown,1.0,0.0,False,0.0,reconstructible,failure_mining_llm_v3_metrics
hotpotqa,5a8e3ea95542995a26add48d,azure+cohere,mixed,failure_mining,debias_position,pairwise,pagerank,unknown,1.0,0.0,False,0.0,reconstructible,failure_mining_llm_v3_metrics
hotpotqa,5a8e3ea95542995a26add48d,azure+cohere,mixed,failure_mining,debias_position,pairwise,rank_centrality,unknown,1.0,0.0,False,0.0,reconstructible,failure_mining_llm_v3_metrics
hotpotqa,5a8e3ea95542995a26add48d,azure+cohere,mixed,failure_mining,debias_position,pairwise,markov_graph,unknown,1.0,0.0,False,0.0,reconstructible,failure_mining_llm_v3_metrics
hotpotqa,5a8e3ea95542995a26add48d,azure+cohere,mixed,failure_mining,debias_position,pairwise,markov_graph_repaired,greedy,1.0,0.0,False,0.0,reconstructible,failure_mining_llm_v3_metrics
hotpotqa,5a8e3ea95542995a26add48d,azure+cohere,mixed,failure_mining,debias_position,pairwise,greedy_fas_topological,greedy,1.0,0.0,False,0.0,reconstructible,failure_mining_llm_v3_metrics
hotpotqa,5a8e3ea95542995a26add48d,azure+cohere,mixed,failure_mining,debias_position,pairwise,prior_only,unknown,1.0,0.0,False,0.0,reconstructible,failure_mining_llm_v3_metrics
hotpotqa,5a8e3ea95542995a26add48d,azure+cohere,mixed,failure_mining,debias_position,pairwise,rrf,unknown,1.0,0.0,False,0.0,reconstructible,failure_mining_llm_v3_metrics
hotpotqa,5a8e3ea95542995a26add48d,azure+cohere,mixed,failure_mining,debias_position,pairwise,combsum,unknown,1.0,0.0,False,0.0,reconstructible,failure_mining_llm_v3_metrics
hotpotqa,5a8e3ea95542995a26add48d,azure+cohere,mixed,failure_mining,debias_position,pairwise,borda_fuse,unknown,1.0,0.0,False,0.0,reconstructible,failure_mining_llm_v3_metrics
hotpotqa,5a8e3ea95542995a26add48d,azure+cohere,mixed,failure_mining,debias_position,pairwise,bradley_terry,unknown,1.0,0.0,False,0.0,reconstructible,failure_mining_llm_v3_metrics
hotpotqa,5a8e3ea95542995a26add48d,azure+cohere,mixed,failure_mining,debias_position,pairwise,local_kemenization,unknown,1.0,0.0,False,0.0,reconstructible,failure_mining_llm_v3_metrics
hotpotqa,5a8e3ea95542995a26add48d,azure+cohere,mixed,failure_mining,debias_position,pairwise,llm_cohere_pairwise,unknown,,,False,0.0,reconstructible,failure_mining_llm_v3_metrics
hotpotqa,5a8e3ea95542995a26add48d,azure+cohere,mixed,failure_mining,debias_position,pairwise,llm_azure_pairwise,unknown,,,False,0.0,reconstructible,failure_mining_llm_v3_metrics
hotpotqa,5a85b2d95542997b5ce40028,azure+cohere,mixed,failure_mining,debias_position,pairwise,score_sum,unknown,1.0,0.0,False,0.0,reconstructible,failure_mining_llm_v3_metrics
hotpotqa,5a85b2d95542997b5ce40028,azure+cohere,mixed,failure_mining,debias_position,pairwise,borda,unknown,1.0,0.0,False,0.0,reconstructible,failure_mining_llm_v3_metrics
hotpotqa,5a85b2d95542997b5ce40028,azure+cohere,mixed,failure_mining,debias_position,pairwise,pagerank,unknown,1.0,0.0,False,0.0,reconstructible,failure_mining_llm_v3_metrics
hotpotqa,5a85b2d95542997b5ce40028,azure+cohere,mixed,failure_mining,debias_position,pairwise,rank_centrality,unknown,1.0,0.0,False,0.0,reconstructible,failure_mining_llm_v3_metrics
hotpotqa,5a85b2d95542997b5ce40028,azure+cohere,mixed,failure_mining,debias_position,pairwise,markov_graph,unknown,1.0,0.0,False,0.0,reconstructible,failure_mining_llm_v3_metrics
hotpotqa,5a85b2d95542997b5ce40028,azure+cohere,mixed,failure_mining,debias_position,pairwise,markov_graph_repaired,greedy,1.0,0.0,False,0.0,reconstructible,failure_mining_llm_v3_metrics
hotpotqa,5a85b2d95542997b5ce40028,azure+cohere,mixed,failure_mining,debias_position,pairwise,greedy_fas_topological,greedy,1.0,0.0,False,0.0,reconstructible,failure_mining_llm_v3_metrics
hotpotqa,5a85b2d95542997b5ce40028,azure+cohere,mixed,failure_mining,debias_position,pairwise,prior_only,unknown,1.0,0.0,False,0.0,reconstructible,failure_mining_llm_v3_metrics
hotpotqa,5a85b2d95542997b5ce40028,azure+cohere,mixed,failure_mining,debias_position,pairwise,rrf,unknown,1.0,0.0,False,0.0,reconstructible,failure_mining_llm_v3_metrics
hotpotqa,5a85b2d95542997b5ce40028,azure+cohere,mixed,failure_mining,debias_position,pairwise,combsum,unknown,1.0,0.0,False,0.0,reconstructible,failure_mining_llm_v3_metrics
hotpotqa,5a85b2d95542997b5ce40028,azure+cohere,mixed,failure_mining,debias_position,pairwise,borda_fuse,unknown,1.0,0.0,False,0.0,reconstructible,failure_mining_llm_v3_metrics
hotpotqa,5a85b2d95542997b5ce40028,azure+cohere,mixed,failure_mining,debias_position,pairwise,bradley_terry,unknown,1.0,0.0,False,0.0,reconstructible,failure_mining_llm_v3_metrics
hotpotqa,5a85b2d95542997b5ce40028,azure+cohere,mixed,failure_mining,debias_position,pairwise,local_kemenization,unknown,1.0,0.0,False,0.0,reconstructible,failure_mining_llm_v3_metrics
hotpotqa,5a85b2d95542997b5ce40028,azure+cohere,mixed,failure_mining,debias_position,pairwise,llm_cohere_pairwise,unknown,,,False,0.0,reconstructible,failure_mining_llm_v3_metrics
hotpotqa,5a85b2d95542997b5ce40028,azure+cohere,mixed,failure_mining,debias_position,pairwise,llm_azure_pairwise,unknown,,,False,0.0,reconstructible,failure_mining_llm_v3_metrics
hotpotqa,5a87ab905542996e4f3088c1,azure+cohere,mixed,failure_mining,debias_position,pairwise,score_sum,unknown,1.0,0.0,False,0.0,reconstructible,failure_mining_llm_v3_metrics
hotpotqa,5a87ab905542996e4f3088c1,azure+cohere,mixed,failure_mining,debias_position,pairwise,borda,unknown,1.0,0.0,False,0.0,reconstructible,failure_mining_llm_v3_metrics
hotpotqa,5a87ab905542996e4f3088c1,azure+cohere,mixed,failure_mining,debias_position,pairwise,pagerank,unknown,1.0,0.0,False,0.0,reconstructible,failure_mining_llm_v3_metrics
hotpotqa,5a87ab905542996e4f3088c1,azure+cohere,mixed,failure_mining,debias_position,pairwise,rank_centrality,unknown,1.0,0.0,False,0.0,reconstructible,failure_mining_llm_v3_metrics
hotpotqa,5a87ab905542996e4f3088c1,azure+cohere,mixed,failure_mining,debias_position,pairwise,markov_graph,unknown,1.0,0.0,False,0.0,reconstructible,failure_mining_llm_v3_metrics
hotpotqa,5a87ab905542996e4f3088c1,azure+cohere,mixed,failure_mining,debias_position,pairwise,markov_graph_repaired,greedy,1.0,0.0,False,0.0,reconstructible,failure_mining_llm_v3_metrics
hotpotqa,5a87ab905542996e4f3088c1,azure+cohere,mixed,failure_mining,debias_position,pairwise,greedy_fas_topological,greedy,1.0,0.0,False,0.0,reconstructible,failure_mining_llm_v3_metrics
hotpotqa,5a87ab905542996e4f3088c1,azure+cohere,mixed,failure_mining,debias_position,pairwise,prior_only,unknown,1.0,0.0,False,0.0,reconstructible,failure_mining_llm_v3_metrics
hotpotqa,5a87ab905542996e4f3088c1,azure+cohere,mixed,failure_mining,debias_position,pairwise,rrf,unknown,1.0,0.0,False,0.0,reconstructible,failure_mining_llm_v3_metrics
hotpotqa,5a87ab905542996e4f3088c1,azure+cohere,mixed,failure_mining,debias_position,pairwise,combsum,unknown,1.0,0.0,False,0.0,reconstructible,failure_mining_llm_v3_metrics
hotpotqa,5a87ab905542996e4f3088c1,azure+cohere,mixed,failure_mining,debias_position,pairwise,borda_fuse,unknown,1.0,0.0,False,0.0,reconstructible,failure_mining_llm_v3_metrics
hotpotqa,5a87ab905542996e4f3088c1,azure+cohere,mixed,failure_mining,debias_position,pairwise,bradley_terry,unknown,1.0,0.0,False,0.0,reconstructible,failure_mining_llm_v3_metrics
hotpotqa,5a87ab905542996e4f3088c1,azure+cohere,mixed,failure_mining,debias_position,pairwise,local_kemenization,unknown,1.0,0.0,False,0.0,reconstructible,failure_mining_llm_v3_metrics
hotpotqa,5a87ab905542996e4f3088c1,azure+cohere,mixed,failure_mining,debias_position,pairwise,llm_cohere_pairwise,unknown,,,False,0.0,reconstructible,failure_mining_llm_v3_metrics
hotpotqa,5a87ab905542996e4f3088c1,azure+cohere,mixed,failure_mining,debias_position,pairwise,llm_azure_pairwise,unknown,,,False,0.0,reconstructible,failure_mining_llm_v3_metrics
hotpotqa,5a7bbb64554299042af8f7cc,azure+cohere,mixed,failure_mining,debias_position,pairwise,score_sum,unknown,1.0,0.0,False,0.0,reconstructible,failure_mining_llm_v3_metrics
hotpotqa,5a7bbb64554299042af8f7cc,azure+cohere,mixed,failure_mining,debias_position,pairwise,borda,unknown,1.0,0.0,False,0.0,reconstructible,failure_mining_llm_v3_metrics
hotpotqa,5a7bbb64554299042af8f7cc,azure+cohere,mixed,failure_mining,debias_position,pairwise,pagerank,unknown,1.0,0.0,False,0.0,reconstructible,failure_mining_llm_v3_metrics
hotpotqa,5a7bbb64554299042af8f7cc,azure+cohere,mixed,failure_mining,debias_position,pairwise,rank_centrality,unknown,1.0,0.0,False,0.0,reconstructible,failure_mining_llm_v3_metrics
hotpotqa,5a7bbb64554299042af8f7cc,azure+cohere,mixed,failure_mining,debias_position,pairwise,markov_graph,unknown,1.0,0.0,False,0.0,reconstructible,failure_mining_llm_v3_metrics
hotpotqa,5a7bbb64554299042af8f7cc,azure+cohere,mixed,failure_mining,debias_position,pairwise,markov_graph_repaired,greedy,1.0,0.0,False,0.0,reconstructible,failure_mining_llm_v3_metrics
hotpotqa,5a7bbb64554299042af8f7cc,azure+cohere,mixed,failure_mining,debias_position,pairwise,greedy_fas_topological,greedy,1.0,0.0,False,0.0,reconstructible,failure_mining_llm_v3_metrics
hotpotqa,5a7bbb64554299042af8f7cc,azure+cohere,mixed,failure_mining,debias_position,pairwise,prior_only,unknown,0.6309297535714575,-0.36907024642854247,False,0.0,reconstructible,failure_mining_llm_v3_metrics
hotpotqa,5a7bbb64554299042af8f7cc,azure+cohere,mixed,failure_mining,debias_position,pairwise,rrf,unknown,0.6309297535714575,-0.36907024642854247,False,0.0,reconstructible,failure_mining_llm_v3_metrics
hotpotqa,5a7bbb64554299042af8f7cc,azure+cohere,mixed,failure_mining,debias_position,pairwise,combsum,unknown,0.6309297535714575,-0.36907024642854247,False,0.0,reconstructible,failure_mining_llm_v3_metrics
hotpotqa,5a7bbb64554299042af8f7cc,azure+cohere,mixed,failure_mining,debias_position,pairwise,borda_fuse,unknown,0.6309297535714575,-0.36907024642854247,False,0.0,reconstructible,failure_mining_llm_v3_metrics
hotpotqa,5a7bbb64554299042af8f7cc,azure+cohere,mixed,failure_mining,debias_position,pairwise,bradley_terry,unknown,1.0,0.0,False,0.0,reconstructible,failure_mining_llm_v3_metrics
hotpotqa,5a7bbb64554299042af8f7cc,azure+cohere,mixed,failure_mining,debias_position,pairwise,local_kemenization,unknown,0.6309297535714575,-0.36907024642854247,False,0.0,reconstructible,failure_mining_llm_v3_metrics
hotpotqa,5a7bbb64554299042af8f7cc,azure+cohere,mixed,failure_mining,debias_position,pairwise,llm_cohere_pairwise,unknown,,,False,0.0,reconstructible,failure_mining_llm_v3_metrics
hotpotqa,5a7bbb64554299042af8f7cc,azure+cohere,mixed,failure_mining,debias_position,pairwise,llm_azure_pairwise,unknown,,,False,0.0,reconstructible,failure_mining_llm_v3_metrics
hotpotqa,5a7166395542994082a3e814,azure+cohere,mixed,failure_mining,debias_position,pairwise,score_sum,unknown,1.0,0.0,False,0.0,reconstructible,failure_mining_llm_v3_metrics
hotpotqa,5a7166395542994082a3e814,azure+cohere,mixed,failure_mining,debias_position,pairwise,borda,unknown,1.0,0.0,False,0.0,reconstructible,failure_mining_llm_v3_metrics
hotpotqa,5a7166395542994082a3e814,azure+cohere,mixed,failure_mining,debias_position,pairwise,pagerank,unknown,1.0,0.0,False,0.0,reconstructible,failure_mining_llm_v3_metrics
hotpotqa,5a7166395542994082a3e814,azure+cohere,mixed,failure_mining,debias_position,pairwise,rank_centrality,unknown,1.0,0.0,False,0.0,reconstructible,failure_mining_llm_v3_metrics
hotpotqa,5a7166395542994082a3e814,azure+cohere,mixed,failure_mining,debias_position,pairwise,markov_graph,unknown,1.0,0.0,False,0.0,reconstructible,failure_mining_llm_v3_metrics
hotpotqa,5a7166395542994082a3e814,azure+cohere,mixed,failure_mining,debias_position,pairwise,markov_graph_repaired,greedy,1.0,0.0,False,0.0,reconstructible,failure_mining_llm_v3_metrics
hotpotqa,5a7166395542994082a3e814,azure+cohere,mixed,failure_mining,debias_position,pairwise,greedy_fas_topological,greedy,1.0,0.0,False,0.0,reconstructible,failure_mining_llm_v3_metrics
hotpotqa,5a7166395542994082a3e814,azure+cohere,mixed,failure_mining,debias_position,pairwise,prior_only,unknown,1.0,0.0,False,0.0,reconstructible,failure_mining_llm_v3_metrics
hotpotqa,5a7166395542994082a3e814,azure+cohere,mixed,failure_mining,debias_position,pairwise,rrf,unknown,1.0,0.0,False,0.0,reconstructible,failure_mining_llm_v3_metrics
hotpotqa,5a7166395542994082a3e814,azure+cohere,mixed,failure_mining,debias_position,pairwise,combsum,unknown,1.0,0.0,False,0.0,reconstructible,failure_mining_llm_v3_metrics
hotpotqa,5a7166395542994082a3e814,azure+cohere,mixed,failure_mining,debias_position,pairwise,borda_fuse,unknown,1.0,0.0,False,0.0,reconstructible,failure_mining_llm_v3_metrics
hotpotqa,5a7166395542994082a3e814,azure+cohere,mixed,failure_mining,debias_position,pairwise,bradley_terry,unknown,1.0,0.0,False,0.0,reconstructible,failure_mining_llm_v3_metrics
hotpotqa,5a7166395542994082a3e814,azure+cohere,mixed,failure_mining,debias_position,pairwise,local_kemenization,unknown,1.0,0.0,False,0.0,reconstructible,failure_mining_llm_v3_metrics
hotpotqa,5a7166395542994082a3e814,azure+cohere,mixed,failure_mining,debias_position,pairwise,llm_cohere_pairwise,unknown,,,False,0.0,reconstructible,failure_mining_llm_v3_metrics
hotpotqa,5a7166395542994082a3e814,azure+cohere,mixed,failure_mining,debias_position,pairwise,llm_azure_pairwise,unknown,,,False,0.0,reconstructible,failure_mining_llm_v3_metrics
hotpotqa,5a877e5d5542993e715abf7d,azure+cohere,mixed,failure_mining,debias_position,pairwise,score_sum,unknown,1.0,0.0,False,0.0,reconstructible,failure_mining_llm_v3_metrics
hotpotqa,5a877e5d5542993e715abf7d,azure+cohere,mixed,failure_mining,debias_position,pairwise,borda,unknown,1.0,0.0,False,0.0,reconstructible,failure_mining_llm_v3_metrics
hotpotqa,5a877e5d5542993e715abf7d,azure+cohere,mixed,failure_mining,debias_position,pairwise,pagerank,unknown,1.0,0.0,False,0.0,reconstructible,failure_mining_llm_v3_metrics
hotpotqa,5a877e5d5542993e715abf7d,azure+cohere,mixed,failure_mining,debias_position,pairwise,rank_centrality,unknown,1.0,0.0,False,0.0,reconstructible,failure_mining_llm_v3_metrics
hotpotqa,5a877e5d5542993e715abf7d,azure+cohere,mixed,failure_mining,debias_position,pairwise,markov_graph,unknown,1.0,0.0,False,0.0,reconstructible,failure_mining_llm_v3_metrics
hotpotqa,5a877e5d5542993e715abf7d,azure+cohere,mixed,failure_mining,debias_position,pairwise,markov_graph_repaired,greedy,1.0,0.0,False,0.0,reconstructible,failure_mining_llm_v3_metrics
hotpotqa,5a877e5d5542993e715abf7d,azure+cohere,mixed,failure_mining,debias_position,pairwise,greedy_fas_topological,greedy,1.0,0.0,False,0.0,reconstructible,failure_mining_llm_v3_metrics
hotpotqa,5a877e5d5542993e715abf7d,azure+cohere,mixed,failure_mining,debias_position,pairwise,prior_only,unknown,1.0,0.0,False,0.0,reconstructible,failure_mining_llm_v3_metrics
hotpotqa,5a877e5d5542993e715abf7d,azure+cohere,mixed,failure_mining,debias_position,pairwise,rrf,unknown,1.0,0.0,False,0.0,reconstructible,failure_mining_llm_v3_metrics
hotpotqa,5a877e5d5542993e715abf7d,azure+cohere,mixed,failure_mining,debias_position,pairwise,combsum,unknown,1.0,0.0,False,0.0,reconstructible,failure_mining_llm_v3_metrics
hotpotqa,5a877e5d5542993e715abf7d,azure+cohere,mixed,failure_mining,debias_position,pairwise,borda_fuse,unknown,1.0,0.0,False,0.0,reconstructible,failure_mining_llm_v3_metrics
hotpotqa,5a877e5d5542993e715abf7d,azure+cohere,mixed,failure_mining,debias_position,pairwise,bradley_terry,unknown,1.0,0.0,False,0.0,reconstructible,failure_mining_llm_v3_metrics
hotpotqa,5a877e5d5542993e715abf7d,azure+cohere,mixed,failure_mining,debias_position,pairwise,local_kemenization,unknown,1.0,0.0,False,0.0,reconstructible,failure_mining_llm_v3_metrics
hotpotqa,5a877e5d5542993e715abf7d,azure+cohere,mixed,failure_mining,debias_position,pairwise,llm_cohere_pairwise,unknown,,,False,0.0,reconstructible,failure_mining_llm_v3_metrics
hotpotqa,5a877e5d5542993e715abf7d,azure+cohere,mixed,failure_mining,debias_position,pairwise,llm_azure_pairwise,unknown,,,False,0.0,reconstructible,failure_mining_llm_v3_metrics
hotpotqa,5ab3b0bf5542992ade7c6e39,azure+cohere,mixed,failure_mining,debias_position,pairwise,score_sum,unknown,1.0,0.0,False,0.0,reconstructible,failure_mining_llm_v3_metrics
hotpotqa,5ab3b0bf5542992ade7c6e39,azure+cohere,mixed,failure_mining,debias_position,pairwise,borda,unknown,0.6309297535714575,-0.36907024642854247,False,0.0,reconstructible,failure_mining_llm_v3_metrics
hotpotqa,5ab3b0bf5542992ade7c6e39,azure+cohere,mixed,failure_mining,debias_position,pairwise,pagerank,unknown,1.0,0.0,False,0.0,reconstructible,failure_mining_llm_v3_metrics
hotpotqa,5ab3b0bf5542992ade7c6e39,azure+cohere,mixed,failure_mining,debias_position,pairwise,rank_centrality,unknown,1.0,0.0,False,0.0,reconstructible,failure_mining_llm_v3_metrics
hotpotqa,5ab3b0bf5542992ade7c6e39,azure+cohere,mixed,failure_mining,debias_position,pairwise,markov_graph,unknown,1.0,0.0,False,0.0,reconstructible,failure_mining_llm_v3_metrics
hotpotqa,5ab3b0bf5542992ade7c6e39,azure+cohere,mixed,failure_mining,debias_position,pairwise,markov_graph_repaired,greedy,1.0,0.0,False,0.0,reconstructible,failure_mining_llm_v3_metrics
hotpotqa,5ab3b0bf5542992ade7c6e39,azure+cohere,mixed,failure_mining,debias_position,pairwise,greedy_fas_topological,greedy,0.6309297535714575,-0.36907024642854247,False,0.0,reconstructible,failure_mining_llm_v3_metrics
hotpotqa,5ab3b0bf5542992ade7c6e39,azure+cohere,mixed,failure_mining,debias_position,pairwise,prior_only,unknown,0.2890648263178879,-0.7109351736821121,False,0.0,reconstructible,failure_mining_llm_v3_metrics
hotpotqa,5ab3b0bf5542992ade7c6e39,azure+cohere,mixed,failure_mining,debias_position,pairwise,rrf,unknown,0.2890648263178879,-0.7109351736821121,False,0.0,reconstructible,failure_mining_llm_v3_metrics
hotpotqa,5ab3b0bf5542992ade7c6e39,azure+cohere,mixed,failure_mining,debias_position,pairwise,combsum,unknown,0.5,-0.5,False,0.0,reconstructible,failure_mining_llm_v3_metrics
hotpotqa,5ab3b0bf5542992ade7c6e39,azure+cohere,mixed,failure_mining,debias_position,pairwise,borda_fuse,unknown,0.2890648263178879,-0.7109351736821121,False,0.0,reconstructible,failure_mining_llm_v3_metrics
hotpotqa,5ab3b0bf5542992ade7c6e39,azure+cohere,mixed,failure_mining,debias_position,pairwise,bradley_terry,unknown,1.0,0.0,False,0.0,reconstructible,failure_mining_llm_v3_metrics
hotpotqa,5ab3b0bf5542992ade7c6e39,azure+cohere,mixed,failure_mining,debias_position,pairwise,local_kemenization,unknown,0.6309297535714575,-0.36907024642854247,False,0.0,reconstructible,failure_mining_llm_v3_metrics
hotpotqa,5ab3b0bf5542992ade7c6e39,azure+cohere,mixed,failure_mining,debias_position,pairwise,llm_cohere_pairwise,unknown,,,False,0.0,reconstructible,failure_mining_llm_v3_metrics
hotpotqa,5ab3b0bf5542992ade7c6e39,azure+cohere,mixed,failure_mining,debias_position,pairwise,llm_azure_pairwise,unknown,,,False,0.0,reconstructible,failure_mining_llm_v3_metrics
hotpotqa,5ab56e32554299637185c594,azure+cohere,mixed,failure_mining,debias_position,pairwise,score_sum,unknown,0.9197207891481876,0.0,False,0.0,reconstructible,failure_mining_llm_v3_metrics
hotpotqa,5ab56e32554299637185c594,azure+cohere,mixed,failure_mining,debias_position,pairwise,borda,unknown,0.9197207891481876,0.0,False,0.0,reconstructible,failure_mining_llm_v3_metrics
hotpotqa,5ab56e32554299637185c594,azure+cohere,mixed,failure_mining,debias_position,pairwise,pagerank,unknown,0.9197207891481876,0.0,False,0.0,reconstructible,failure_mining_llm_v3_metrics
hotpotqa,5ab56e32554299637185c594,azure+cohere,mixed,failure_mining,debias_position,pairwise,rank_centrality,unknown,0.9197207891481876,0.0,False,0.0,reconstructible,failure_mining_llm_v3_metrics
hotpotqa,5ab56e32554299637185c594,azure+cohere,mixed,failure_mining,debias_position,pairwise,markov_graph,unknown,0.9197207891481876,0.0,False,0.0,reconstructible,failure_mining_llm_v3_metrics
hotpotqa,5ab56e32554299637185c594,azure+cohere,mixed,failure_mining,debias_position,pairwise,markov_graph_repaired,greedy,0.9197207891481876,0.0,False,0.0,reconstructible,failure_mining_llm_v3_metrics
hotpotqa,5ab56e32554299637185c594,azure+cohere,mixed,failure_mining,debias_position,pairwise,greedy_fas_topological,greedy,0.9197207891481876,0.0,False,0.0,reconstructible,failure_mining_llm_v3_metrics
hotpotqa,5ab56e32554299637185c594,azure+cohere,mixed,failure_mining,debias_position,pairwise,prior_only,unknown,0.9197207891481876,0.0,False,0.0,reconstructible,failure_mining_llm_v3_metrics
hotpotqa,5ab56e32554299637185c594,azure+cohere,mixed,failure_mining,debias_position,pairwise,rrf,unknown,0.9197207891481876,0.0,False,0.0,reconstructible,failure_mining_llm_v3_metrics
hotpotqa,5ab56e32554299637185c594,azure+cohere,mixed,failure_mining,debias_position,pairwise,combsum,unknown,0.9197207891481876,0.0,False,0.0,reconstructible,failure_mining_llm_v3_metrics
hotpotqa,5ab56e32554299637185c594,azure+cohere,mixed,failure_mining,debias_position,pairwise,borda_fuse,unknown,0.9197207891481876,0.0,False,0.0,reconstructible,failure_mining_llm_v3_metrics
hotpotqa,5ab56e32554299637185c594,azure+cohere,mixed,failure_mining,debias_position,pairwise,bradley_terry,unknown,0.9197207891481876,0.0,False,0.0,reconstructible,failure_mining_llm_v3_metrics
hotpotqa,5ab56e32554299637185c594,azure+cohere,mixed,failure_mining,debias_position,pairwise,local_kemenization,unknown,0.9197207891481876,0.0,False,0.0,reconstructible,failure_mining_llm_v3_metrics
hotpotqa,5ab56e32554299637185c594,azure+cohere,mixed,failure_mining,debias_position,pairwise,llm_cohere_pairwise,unknown,,,False,0.0,reconstructible,failure_mining_llm_v3_metrics
hotpotqa,5ab56e32554299637185c594,azure+cohere,mixed,failure_mining,debias_position,pairwise,llm_azure_pairwise,unknown,,,False,0.0,reconstructible,failure_mining_llm_v3_metrics
hotpotqa,5ab6d09255429954757d337d,azure+cohere,mixed,failure_mining,debias_position,pairwise,score_sum,unknown,0.5,0.11314719276545837,False,0.0,reconstructible,failure_mining_llm_v3_metrics
hotpotqa,5ab6d09255429954757d337d,azure+cohere,mixed,failure_mining,debias_position,pairwise,borda,unknown,0.6309297535714575,0.2440769463369159,False,0.0,reconstructible,failure_mining_llm_v3_metrics
hotpotqa,5ab6d09255429954757d337d,azure+cohere,mixed,failure_mining,debias_position,pairwise,pagerank,unknown,0.5,0.11314719276545837,False,0.0,reconstructible,failure_mining_llm_v3_metrics
hotpotqa,5ab6d09255429954757d337d,azure+cohere,mixed,failure_mining,debias_position,pairwise,rank_centrality,unknown,0.38685280723454163,0.0,False,0.0,reconstructible,failure_mining_llm_v3_metrics
hotpotqa,5ab6d09255429954757d337d,azure+cohere,mixed,failure_mining,debias_position,pairwise,markov_graph,unknown,0.38685280723454163,0.0,False,0.0,reconstructible,failure_mining_llm_v3_metrics
hotpotqa,5ab6d09255429954757d337d,azure+cohere,mixed,failure_mining,debias_position,pairwise,markov_graph_repaired,greedy,0.38685280723454163,0.0,False,0.0,reconstructible,failure_mining_llm_v3_metrics
hotpotqa,5ab6d09255429954757d337d,azure+cohere,mixed,failure_mining,debias_position,pairwise,greedy_fas_topological,greedy,0.38685280723454163,0.0,False,0.0,reconstructible,failure_mining_llm_v3_metrics
hotpotqa,5ab6d09255429954757d337d,azure+cohere,mixed,failure_mining,debias_position,pairwise,prior_only,unknown,0.43067655807339306,0.04382375083885143,False,0.0,reconstructible,failure_mining_llm_v3_metrics
hotpotqa,5ab6d09255429954757d337d,azure+cohere,mixed,failure_mining,debias_position,pairwise,rrf,unknown,0.38685280723454163,0.0,False,0.0,reconstructible,failure_mining_llm_v3_metrics
hotpotqa,5ab6d09255429954757d337d,azure+cohere,mixed,failure_mining,debias_position,pairwise,combsum,unknown,0.38685280723454163,0.0,False,0.0,reconstructible,failure_mining_llm_v3_metrics
hotpotqa,5ab6d09255429954757d337d,azure+cohere,mixed,failure_mining,debias_position,pairwise,borda_fuse,unknown,0.38685280723454163,0.0,False,0.0,reconstructible,failure_mining_llm_v3_metrics
hotpotqa,5ab6d09255429954757d337d,azure+cohere,mixed,failure_mining,debias_position,pairwise,bradley_terry,unknown,0.38685280723454163,0.0,False,0.0,reconstructible,failure_mining_llm_v3_metrics
hotpotqa,5ab6d09255429954757d337d,azure+cohere,mixed,failure_mining,debias_position,pairwise,local_kemenization,unknown,0.43067655807339306,0.04382375083885143,False,0.0,reconstructible,failure_mining_llm_v3_metrics
hotpotqa,5ab6d09255429954757d337d,azure+cohere,mixed,failure_mining,debias_position,pairwise,llm_cohere_pairwise,unknown,,,False,0.0,reconstructible,failure_mining_llm_v3_metrics
hotpotqa,5ab6d09255429954757d337d,azure+cohere,mixed,failure_mining,debias_position,pairwise,llm_azure_pairwise,unknown,,,False,0.0,reconstructible,failure_mining_llm_v3_metrics
hotpotqa,5a75e05c55429976ec32bc5f,azure+cohere,mixed,failure_mining,debias_position,pairwise,score_sum,unknown,1.0,0.0,False,0.0,reconstructible,failure_mining_llm_v3_metrics
hotpotqa,5a75e05c55429976ec32bc5f,azure+cohere,mixed,failure_mining,debias_position,pairwise,borda,unknown,1.0,0.0,False,0.0,reconstructible,failure_mining_llm_v3_metrics
hotpotqa,5a75e05c55429976ec32bc5f,azure+cohere,mixed,failure_mining,debias_position,pairwise,pagerank,unknown,1.0,0.0,False,0.0,reconstructible,failure_mining_llm_v3_metrics
hotpotqa,5a75e05c55429976ec32bc5f,azure+cohere,mixed,failure_mining,debias_position,pairwise,rank_centrality,unknown,1.0,0.0,False,0.0,reconstructible,failure_mining_llm_v3_metrics
hotpotqa,5a75e05c55429976ec32bc5f,azure+cohere,mixed,failure_mining,debias_position,pairwise,markov_graph,unknown,1.0,0.0,False,0.0,reconstructible,failure_mining_llm_v3_metrics
hotpotqa,5a75e05c55429976ec32bc5f,azure+cohere,mixed,failure_mining,debias_position,pairwise,markov_graph_repaired,greedy,1.0,0.0,False,0.0,reconstructible,failure_mining_llm_v3_metrics
hotpotqa,5a75e05c55429976ec32bc5f,azure+cohere,mixed,failure_mining,debias_position,pairwise,greedy_fas_topological,greedy,1.0,0.0,False,0.0,reconstructible,failure_mining_llm_v3_metrics
hotpotqa,5a75e05c55429976ec32bc5f,azure+cohere,mixed,failure_mining,debias_position,pairwise,prior_only,unknown,1.0,0.0,False,0.0,reconstructible,failure_mining_llm_v3_metrics
hotpotqa,5a75e05c55429976ec32bc5f,azure+cohere,mixed,failure_mining,debias_position,pairwise,rrf,unknown,1.0,0.0,False,0.0,reconstructible,failure_mining_llm_v3_metrics
hotpotqa,5a75e05c55429976ec32bc5f,azure+cohere,mixed,failure_mining,debias_position,pairwise,combsum,unknown,1.0,0.0,False,0.0,reconstructible,failure_mining_llm_v3_metrics
hotpotqa,5a75e05c55429976ec32bc5f,azure+cohere,mixed,failure_mining,debias_position,pairwise,borda_fuse,unknown,1.0,0.0,False,0.0,reconstructible,failure_mining_llm_v3_metrics
hotpotqa,5a75e05c55429976ec32bc5f,azure+cohere,mixed,failure_mining,debias_position,pairwise,bradley_terry,unknown,1.0,0.0,False,0.0,reconstructible,failure_mining_llm_v3_metrics
hotpotqa,5a75e05c55429976ec32bc5f,azure+cohere,mixed,failure_mining,debias_position,pairwise,local_kemenization,unknown,1.0,0.0,False,0.0,reconstructible,failure_mining_llm_v3_metrics
hotpotqa,5a75e05c55429976ec32bc5f,azure+cohere,mixed,failure_mining,debias_position,pairwise,llm_cohere_pairwise,unknown,,,False,0.0,reconstructible,failure_mining_llm_v3_metrics
hotpotqa,5a75e05c55429976ec32bc5f,azure+cohere,mixed,failure_mining,debias_position,pairwise,llm_azure_pairwise,unknown,,,False,0.0,reconstructible,failure_mining_llm_v3_metrics
hotpotqa,5ab3e45655429976abd1bcd4,azure+cohere,mixed,failure_mining,debias_position,pairwise,score_sum,unknown,1.0,0.0,False,0.0,reconstructible,failure_mining_llm_v3_metrics
hotpotqa,5ab3e45655429976abd1bcd4,azure+cohere,mixed,failure_mining,debias_position,pairwise,borda,unknown,1.0,0.0,False,0.0,reconstructible,failure_mining_llm_v3_metrics
hotpotqa,5ab3e45655429976abd1bcd4,azure+cohere,mixed,failure_mining,debias_position,pairwise,pagerank,unknown,1.0,0.0,False,0.0,reconstructible,failure_mining_llm_v3_metrics
hotpotqa,5ab3e45655429976abd1bcd4,azure+cohere,mixed,failure_mining,debias_position,pairwise,rank_centrality,unknown,1.0,0.0,False,0.0,reconstructible,failure_mining_llm_v3_metrics
hotpotqa,5ab3e45655429976abd1bcd4,azure+cohere,mixed,failure_mining,debias_position,pairwise,markov_graph,unknown,1.0,0.0,False,0.0,reconstructible,failure_mining_llm_v3_metrics
hotpotqa,5ab3e45655429976abd1bcd4,azure+cohere,mixed,failure_mining,debias_position,pairwise,markov_graph_repaired,greedy,1.0,0.0,False,0.0,reconstructible,failure_mining_llm_v3_metrics
hotpotqa,5ab3e45655429976abd1bcd4,azure+cohere,mixed,failure_mining,debias_position,pairwise,greedy_fas_topological,greedy,1.0,0.0,False,0.0,reconstructible,failure_mining_llm_v3_metrics
hotpotqa,5ab3e45655429976abd1bcd4,azure+cohere,mixed,failure_mining,debias_position,pairwise,prior_only,unknown,1.0,0.0,False,0.0,reconstructible,failure_mining_llm_v3_metrics
hotpotqa,5ab3e45655429976abd1bcd4,azure+cohere,mixed,failure_mining,debias_position,pairwise,rrf,unknown,1.0,0.0,False,0.0,reconstructible,failure_mining_llm_v3_metrics
hotpotqa,5ab3e45655429976abd1bcd4,azure+cohere,mixed,failure_mining,debias_position,pairwise,combsum,unknown,1.0,0.0,False,0.0,reconstructible,failure_mining_llm_v3_metrics
hotpotqa,5ab3e45655429976abd1bcd4,azure+cohere,mixed,failure_mining,debias_position,pairwise,borda_fuse,unknown,1.0,0.0,False,0.0,reconstructible,failure_mining_llm_v3_metrics
hotpotqa,5ab3e45655429976abd1bcd4,azure+cohere,mixed,failure_mining,debias_position,pairwise,bradley_terry,unknown,1.0,0.0,False,0.0,reconstructible,failure_mining_llm_v3_metrics
hotpotqa,5ab3e45655429976abd1bcd4,azure+cohere,mixed,failure_mining,debias_position,pairwise,local_kemenization,unknown,1.0,0.0,False,0.0,reconstructible,failure_mining_llm_v3_metrics
hotpotqa,5ab3e45655429976abd1bcd4,azure+cohere,mixed,failure_mining,debias_position,pairwise,llm_cohere_pairwise,unknown,,,False,0.0,reconstructible,failure_mining_llm_v3_metrics
hotpotqa,5ab3e45655429976abd1bcd4,azure+cohere,mixed,failure_mining,debias_position,pairwise,llm_azure_pairwise,unknown,,,False,0.0,reconstructible,failure_mining_llm_v3_metrics
hotpotqa,5ae0d4c9554299603e418468,azure+cohere,mixed,failure_mining,debias_position,pairwise,score_sum,unknown,1.0,0.0,False,0.0,reconstructible,failure_mining_llm_v3_metrics
hotpotqa,5ae0d4c9554299603e418468,azure+cohere,mixed,failure_mining,debias_position,pairwise,borda,unknown,1.0,0.0,False,0.0,reconstructible,failure_mining_llm_v3_metrics
hotpotqa,5ae0d4c9554299603e418468,azure+cohere,mixed,failure_mining,debias_position,pairwise,pagerank,unknown,1.0,0.0,False,0.0,reconstructible,failure_mining_llm_v3_metrics
hotpotqa,5ae0d4c9554299603e418468,azure+cohere,mixed,failure_mining,debias_position,pairwise,rank_centrality,unknown,1.0,0.0,False,0.0,reconstructible,failure_mining_llm_v3_metrics
hotpotqa,5ae0d4c9554299603e418468,azure+cohere,mixed,failure_mining,debias_position,pairwise,markov_graph,unknown,1.0,0.0,False,0.0,reconstructible,failure_mining_llm_v3_metrics
hotpotqa,5ae0d4c9554299603e418468,azure+cohere,mixed,failure_mining,debias_position,pairwise,markov_graph_repaired,greedy,1.0,0.0,False,0.0,reconstructible,failure_mining_llm_v3_metrics
hotpotqa,5ae0d4c9554299603e418468,azure+cohere,mixed,failure_mining,debias_position,pairwise,greedy_fas_topological,greedy,1.0,0.0,False,0.0,reconstructible,failure_mining_llm_v3_metrics
hotpotqa,5ae0d4c9554299603e418468,azure+cohere,mixed,failure_mining,debias_position,pairwise,prior_only,unknown,1.0,0.0,False,0.0,reconstructible,failure_mining_llm_v3_metrics
hotpotqa,5ae0d4c9554299603e418468,azure+cohere,mixed,failure_mining,debias_position,pairwise,rrf,unknown,1.0,0.0,False,0.0,reconstructible,failure_mining_llm_v3_metrics
hotpotqa,5ae0d4c9554299603e418468,azure+cohere,mixed,failure_mining,debias_position,pairwise,combsum,unknown,1.0,0.0,False,0.0,reconstructible,failure_mining_llm_v3_metrics
hotpotqa,5ae0d4c9554299603e418468,azure+cohere,mixed,failure_mining,debias_position,pairwise,borda_fuse,unknown,1.0,0.0,False,0.0,reconstructible,failure_mining_llm_v3_metrics
hotpotqa,5ae0d4c9554299603e418468,azure+cohere,mixed,failure_mining,debias_position,pairwise,bradley_terry,unknown,1.0,0.0,False,0.0,reconstructible,failure_mining_llm_v3_metrics
hotpotqa,5ae0d4c9554299603e418468,azure+cohere,mixed,failure_mining,debias_position,pairwise,local_kemenization,unknown,1.0,0.0,False,0.0,reconstructible,failure_mining_llm_v3_metrics
hotpotqa,5ae0d4c9554299603e418468,azure+cohere,mixed,failure_mining,debias_position,pairwise,llm_cohere_pairwise,unknown,,,False,0.0,reconstructible,failure_mining_llm_v3_metrics
hotpotqa,5ae0d4c9554299603e418468,azure+cohere,mixed,failure_mining,debias_position,pairwise,llm_azure_pairwise,unknown,,,False,0.0,reconstructible,failure_mining_llm_v3_metrics
hotpotqa,5a8133725542995ce29dcbdb,azure+cohere,mixed,failure_mining,debias_position,pairwise,score_sum,unknown,0.6309297535714575,0.0,False,0.0,reconstructible,failure_mining_llm_v3_metrics
hotpotqa,5a8133725542995ce29dcbdb,azure+cohere,mixed,failure_mining,debias_position,pairwise,borda,unknown,0.6309297535714575,0.0,False,0.0,reconstructible,failure_mining_llm_v3_metrics
hotpotqa,5a8133725542995ce29dcbdb,azure+cohere,mixed,failure_mining,debias_position,pairwise,pagerank,unknown,0.6309297535714575,0.0,False,0.0,reconstructible,failure_mining_llm_v3_metrics
hotpotqa,5a8133725542995ce29dcbdb,azure+cohere,mixed,failure_mining,debias_position,pairwise,rank_centrality,unknown,0.6309297535714575,0.0,False,0.0,reconstructible,failure_mining_llm_v3_metrics
hotpotqa,5a8133725542995ce29dcbdb,azure+cohere,mixed,failure_mining,debias_position,pairwise,markov_graph,unknown,0.6309297535714575,0.0,False,0.0,reconstructible,failure_mining_llm_v3_metrics
hotpotqa,5a8133725542995ce29dcbdb,azure+cohere,mixed,failure_mining,debias_position,pairwise,markov_graph_repaired,greedy,0.6309297535714575,0.0,False,0.0,reconstructible,failure_mining_llm_v3_metrics
hotpotqa,5a8133725542995ce29dcbdb,azure+cohere,mixed,failure_mining,debias_position,pairwise,greedy_fas_topological,greedy,0.6309297535714575,0.0,False,0.0,reconstructible,failure_mining_llm_v3_metrics
hotpotqa,5a8133725542995ce29dcbdb,azure+cohere,mixed,failure_mining,debias_position,pairwise,prior_only,unknown,1.0,0.36907024642854247,False,0.0,reconstructible,failure_mining_llm_v3_metrics
hotpotqa,5a8133725542995ce29dcbdb,azure+cohere,mixed,failure_mining,debias_position,pairwise,rrf,unknown,1.0,0.36907024642854247,False,0.0,reconstructible,failure_mining_llm_v3_metrics
hotpotqa,5a8133725542995ce29dcbdb,azure+cohere,mixed,failure_mining,debias_position,pairwise,combsum,unknown,1.0,0.36907024642854247,False,0.0,reconstructible,failure_mining_llm_v3_metrics
hotpotqa,5a8133725542995ce29dcbdb,azure+cohere,mixed,failure_mining,debias_position,pairwise,borda_fuse,unknown,1.0,0.36907024642854247,False,0.0,reconstructible,failure_mining_llm_v3_metrics
hotpotqa,5a8133725542995ce29dcbdb,azure+cohere,mixed,failure_mining,debias_position,pairwise,bradley_terry,unknown,0.6309297535714575,0.0,False,0.0,reconstructible,failure_mining_llm_v3_metrics
hotpotqa,5a8133725542995ce29dcbdb,azure+cohere,mixed,failure_mining,debias_position,pairwise,local_kemenization,unknown,0.6309297535714575,0.0,False,0.0,reconstructible,failure_mining_llm_v3_metrics
hotpotqa,5a8133725542995ce29dcbdb,azure+cohere,mixed,failure_mining,debias_position,pairwise,llm_cohere_pairwise,unknown,,,False,0.0,reconstructible,failure_mining_llm_v3_metrics
hotpotqa,5a8133725542995ce29dcbdb,azure+cohere,mixed,failure_mining,debias_position,pairwise,llm_azure_pairwise,unknown,,,False,0.0,reconstructible,failure_mining_llm_v3_metrics
hotpotqa,5ae6050f55429929b0807a5e,azure+cohere,mixed,failure_mining,debias_position,pairwise,score_sum,unknown,1.0,0.0,False,0.0,reconstructible,failure_mining_llm_v3_metrics
hotpotqa,5ae6050f55429929b0807a5e,azure+cohere,mixed,failure_mining,debias_position,pairwise,borda,unknown,1.0,0.0,False,0.0,reconstructible,failure_mining_llm_v3_metrics
hotpotqa,5ae6050f55429929b0807a5e,azure+cohere,mixed,failure_mining,debias_position,pairwise,pagerank,unknown,1.0,0.0,False,0.0,reconstructible,failure_mining_llm_v3_metrics
hotpotqa,5ae6050f55429929b0807a5e,azure+cohere,mixed,failure_mining,debias_position,pairwise,rank_centrality,unknown,1.0,0.0,False,0.0,reconstructible,failure_mining_llm_v3_metrics
hotpotqa,5ae6050f55429929b0807a5e,azure+cohere,mixed,failure_mining,debias_position,pairwise,markov_graph,unknown,1.0,0.0,False,0.0,reconstructible,failure_mining_llm_v3_metrics
hotpotqa,5ae6050f55429929b0807a5e,azure+cohere,mixed,failure_mining,debias_position,pairwise,markov_graph_repaired,greedy,1.0,0.0,False,0.0,reconstructible,failure_mining_llm_v3_metrics
hotpotqa,5ae6050f55429929b0807a5e,azure+cohere,mixed,failure_mining,debias_position,pairwise,greedy_fas_topological,greedy,1.0,0.0,False,0.0,reconstructible,failure_mining_llm_v3_metrics
hotpotqa,5ae6050f55429929b0807a5e,azure+cohere,mixed,failure_mining,debias_position,pairwise,prior_only,unknown,1.0,0.0,False,0.0,reconstructible,failure_mining_llm_v3_metrics
hotpotqa,5ae6050f55429929b0807a5e,azure+cohere,mixed,failure_mining,debias_position,pairwise,rrf,unknown,1.0,0.0,False,0.0,reconstructible,failure_mining_llm_v3_metrics
hotpotqa,5ae6050f55429929b0807a5e,azure+cohere,mixed,failure_mining,debias_position,pairwise,combsum,unknown,1.0,0.0,False,0.0,reconstructible,failure_mining_llm_v3_metrics
hotpotqa,5ae6050f55429929b0807a5e,azure+cohere,mixed,failure_mining,debias_position,pairwise,borda_fuse,unknown,1.0,0.0,False,0.0,reconstructible,failure_mining_llm_v3_metrics
hotpotqa,5ae6050f55429929b0807a5e,azure+cohere,mixed,failure_mining,debias_position,pairwise,bradley_terry,unknown,1.0,0.0,False,0.0,reconstructible,failure_mining_llm_v3_metrics
hotpotqa,5ae6050f55429929b0807a5e,azure+cohere,mixed,failure_mining,debias_position,pairwise,local_kemenization,unknown,1.0,0.0,False,0.0,reconstructible,failure_mining_llm_v3_metrics
hotpotqa,5ae6050f55429929b0807a5e,azure+cohere,mixed,failure_mining,debias_position,pairwise,llm_cohere_pairwise,unknown,,,False,0.0,reconstructible,failure_mining_llm_v3_metrics
hotpotqa,5ae6050f55429929b0807a5e,azure+cohere,mixed,failure_mining,debias_position,pairwise,llm_azure_pairwise,unknown,,,False,0.0,reconstructible,failure_mining_llm_v3_metrics
hotpotqa,5adddccd5542997dc7907069,azure+cohere,mixed,failure_mining,debias_position,pairwise,score_sum,unknown,1.0,0.0,False,0.0,reconstructible,failure_mining_llm_v3_metrics
hotpotqa,5adddccd5542997dc7907069,azure+cohere,mixed,failure_mining,debias_position,pairwise,borda,unknown,1.0,0.0,False,0.0,reconstructible,failure_mining_llm_v3_metrics
hotpotqa,5adddccd5542997dc7907069,azure+cohere,mixed,failure_mining,debias_position,pairwise,pagerank,unknown,1.0,0.0,False,0.0,reconstructible,failure_mining_llm_v3_metrics
hotpotqa,5adddccd5542997dc7907069,azure+cohere,mixed,failure_mining,debias_position,pairwise,rank_centrality,unknown,1.0,0.0,False,0.0,reconstructible,failure_mining_llm_v3_metrics
hotpotqa,5adddccd5542997dc7907069,azure+cohere,mixed,failure_mining,debias_position,pairwise,markov_graph,unknown,1.0,0.0,False,0.0,reconstructible,failure_mining_llm_v3_metrics
hotpotqa,5adddccd5542997dc7907069,azure+cohere,mixed,failure_mining,debias_position,pairwise,markov_graph_repaired,greedy,1.0,0.0,False,0.0,reconstructible,failure_mining_llm_v3_metrics
hotpotqa,5adddccd5542997dc7907069,azure+cohere,mixed,failure_mining,debias_position,pairwise,greedy_fas_topological,greedy,1.0,0.0,False,0.0,reconstructible,failure_mining_llm_v3_metrics
hotpotqa,5adddccd5542997dc7907069,azure+cohere,mixed,failure_mining,debias_position,pairwise,prior_only,unknown,1.0,0.0,False,0.0,reconstructible,failure_mining_llm_v3_metrics
hotpotqa,5adddccd5542997dc7907069,azure+cohere,mixed,failure_mining,debias_position,pairwise,rrf,unknown,1.0,0.0,False,0.0,reconstructible,failure_mining_llm_v3_metrics
hotpotqa,5adddccd5542997dc7907069,azure+cohere,mixed,failure_mining,debias_position,pairwise,combsum,unknown,1.0,0.0,False,0.0,reconstructible,failure_mining_llm_v3_metrics
hotpotqa,5adddccd5542997dc7907069,azure+cohere,mixed,failure_mining,debias_position,pairwise,borda_fuse,unknown,1.0,0.0,False,0.0,reconstructible,failure_mining_llm_v3_metrics
hotpotqa,5adddccd5542997dc7907069,azure+cohere,mixed,failure_mining,debias_position,pairwise,bradley_terry,unknown,1.0,0.0,False,0.0,reconstructible,failure_mining_llm_v3_metrics
hotpotqa,5adddccd5542997dc7907069,azure+cohere,mixed,failure_mining,debias_position,pairwise,local_kemenization,unknown,1.0,0.0,False,0.0,reconstructible,failure_mining_llm_v3_metrics
hotpotqa,5adddccd5542997dc7907069,azure+cohere,mixed,failure_mining,debias_position,pairwise,llm_cohere_pairwise,unknown,,,False,0.0,reconstructible,failure_mining_llm_v3_metrics
hotpotqa,5adddccd5542997dc7907069,azure+cohere,mixed,failure_mining,debias_position,pairwise,llm_azure_pairwise,unknown,,,False,0.0,reconstructible,failure_mining_llm_v3_metrics
hotpotqa,5ae22b8d554299234fd0440f,azure+cohere,mixed,failure_mining,debias_position,pairwise,score_sum,unknown,0.6240505200038379,0.0,False,0.0,reconstructible,failure_mining_llm_v3_metrics
hotpotqa,5ae22b8d554299234fd0440f,azure+cohere,mixed,failure_mining,debias_position,pairwise,borda,unknown,0.5012658353418871,-0.1227846846619508,False,0.0,reconstructible,failure_mining_llm_v3_metrics
hotpotqa,5ae22b8d554299234fd0440f,azure+cohere,mixed,failure_mining,debias_position,pairwise,pagerank,unknown,0.6240505200038379,0.0,False,0.0,reconstructible,failure_mining_llm_v3_metrics
hotpotqa,5ae22b8d554299234fd0440f,azure+cohere,mixed,failure_mining,debias_position,pairwise,rank_centrality,unknown,0.6240505200038379,0.0,False,0.0,reconstructible,failure_mining_llm_v3_metrics
hotpotqa,5ae22b8d554299234fd0440f,azure+cohere,mixed,failure_mining,debias_position,pairwise,markov_graph,unknown,0.6240505200038379,0.0,False,0.0,reconstructible,failure_mining_llm_v3_metrics
hotpotqa,5ae22b8d554299234fd0440f,azure+cohere,mixed,failure_mining,debias_position,pairwise,markov_graph_repaired,greedy,0.6240505200038379,0.0,False,0.0,reconstructible,failure_mining_llm_v3_metrics
hotpotqa,5ae22b8d554299234fd0440f,azure+cohere,mixed,failure_mining,debias_position,pairwise,greedy_fas_topological,greedy,0.5012658353418871,-0.1227846846619508,False,0.0,reconstructible,failure_mining_llm_v3_metrics
hotpotqa,5ae22b8d554299234fd0440f,azure+cohere,mixed,failure_mining,debias_position,pairwise,prior_only,unknown,0.5437713091520254,-0.08027921085181244,False,0.0,reconstructible,failure_mining_llm_v3_metrics
hotpotqa,5ae22b8d554299234fd0440f,azure+cohere,mixed,failure_mining,debias_position,pairwise,rrf,unknown,0.5437713091520254,-0.08027921085181244,False,0.0,reconstructible,failure_mining_llm_v3_metrics
hotpotqa,5ae22b8d554299234fd0440f,azure+cohere,mixed,failure_mining,debias_position,pairwise,combsum,unknown,0.5437713091520254,-0.08027921085181244,False,0.0,reconstructible,failure_mining_llm_v3_metrics
hotpotqa,5ae22b8d554299234fd0440f,azure+cohere,mixed,failure_mining,debias_position,pairwise,borda_fuse,unknown,0.5437713091520254,-0.08027921085181244,False,0.0,reconstructible,failure_mining_llm_v3_metrics
hotpotqa,5ae22b8d554299234fd0440f,azure+cohere,mixed,failure_mining,debias_position,pairwise,bradley_terry,unknown,0.6240505200038379,0.0,False,0.0,reconstructible,failure_mining_llm_v3_metrics
hotpotqa,5ae22b8d554299234fd0440f,azure+cohere,mixed,failure_mining,debias_position,pairwise,local_kemenization,unknown,0.5437713091520254,-0.08027921085181244,False,0.0,reconstructible,failure_mining_llm_v3_metrics
hotpotqa,5ae22b8d554299234fd0440f,azure+cohere,mixed,failure_mining,debias_position,pairwise,llm_cohere_pairwise,unknown,,,False,0.0,reconstructible,failure_mining_llm_v3_metrics
hotpotqa,5ae22b8d554299234fd0440f,azure+cohere,mixed,failure_mining,debias_position,pairwise,llm_azure_pairwise,unknown,,,False,0.0,reconstructible,failure_mining_llm_v3_metrics
bright,biology:0,azure+cohere,mixed,failure_mining,debias_position,pairwise,score_sum,unknown,0.4415801103577823,-0.069375883613433,False,0.0,reconstructible,failure_mining_llm_v3_metrics
bright,biology:0,azure+cohere,mixed,failure_mining,debias_position,pairwise,borda,unknown,0.48247555939075504,-0.028480434580460234,False,0.0,reconstructible,failure_mining_llm_v3_metrics
bright,biology:0,azure+cohere,mixed,failure_mining,debias_position,pairwise,pagerank,unknown,0.5249810332008933,0.014025039229678016,False,0.0,reconstructible,failure_mining_llm_v3_metrics
bright,biology:0,azure+cohere,mixed,failure_mining,debias_position,pairwise,rank_centrality,unknown,0.5912352048230277,0.08027921085181244,False,0.0,reconstructible,failure_mining_llm_v3_metrics
bright,biology:0,azure+cohere,mixed,failure_mining,debias_position,pairwise,markov_graph,unknown,0.5109559939712153,0.0,False,0.0,reconstructible,failure_mining_llm_v3_metrics
bright,biology:0,azure+cohere,mixed,failure_mining,debias_position,pairwise,markov_graph_repaired,greedy,0.5109559939712153,0.0,False,0.0,reconstructible,failure_mining_llm_v3_metrics
bright,biology:0,azure+cohere,mixed,failure_mining,debias_position,pairwise,greedy_fas_topological,greedy,0.5912352048230277,0.08027921085181244,False,0.0,reconstructible,failure_mining_llm_v3_metrics
bright,biology:0,azure+cohere,mixed,failure_mining,debias_position,pairwise,prior_only,unknown,0.40298313359773236,-0.10797286037348292,False,0.0,reconstructible,failure_mining_llm_v3_metrics
bright,biology:0,azure+cohere,mixed,failure_mining,debias_position,pairwise,rrf,unknown,0.5714285040141098,0.060472510042894556,False,0.0,reconstructible,failure_mining_llm_v3_metrics
bright,biology:0,azure+cohere,mixed,failure_mining,debias_position,pairwise,combsum,unknown,0.6240505200038379,0.1130945260326226,False,0.0,reconstructible,failure_mining_llm_v3_metrics
bright,biology:0,azure+cohere,mixed,failure_mining,debias_position,pairwise,borda_fuse,unknown,0.5714285040141098,0.060472510042894556,False,0.0,reconstructible,failure_mining_llm_v3_metrics
bright,biology:0,azure+cohere,mixed,failure_mining,debias_position,pairwise,bradley_terry,unknown,0.6052602440527057,0.09430425008149046,False,0.0,reconstructible,failure_mining_llm_v3_metrics
bright,biology:0,azure+cohere,mixed,failure_mining,debias_position,pairwise,local_kemenization,unknown,0.5,-0.010955993971215272,False,0.0,reconstructible,failure_mining_llm_v3_metrics
bright,biology:0,azure+cohere,mixed,failure_mining,debias_position,pairwise,llm_cohere_pairwise,unknown,,,False,0.0,reconstructible,failure_mining_llm_v3_metrics
bright,biology:0,azure+cohere,mixed,failure_mining,debias_position,pairwise,llm_azure_pairwise,unknown,,,False,0.0,reconstructible,failure_mining_llm_v3_metrics
bright,biology:1,azure+cohere,mixed,failure_mining,debias_position,pairwise,score_sum,unknown,0.7821154372211577,-0.10193758387567164,True,0.38923017011942684,reconstructible,failure_mining_llm_v3_metrics
bright,biology:1,azure+cohere,mixed,failure_mining,debias_position,pairwise,borda,unknown,0.9505310077117098,0.06647798661488047,True,0.38923017011942684,reconstructible,failure_mining_llm_v3_metrics
bright,biology:1,azure+cohere,mixed,failure_mining,debias_position,pairwise,pagerank,unknown,0.9560290452802053,0.0719760241833759,True,0.38923017011942684,reconstructible,failure_mining_llm_v3_metrics
bright,biology:1,azure+cohere,mixed,failure_mining,debias_position,pairwise,rank_centrality,unknown,0.9669850519151657,0.08293203081833633,True,0.38923017011942684,reconstructible,failure_mining_llm_v3_metrics
bright,biology:1,azure+cohere,mixed,failure_mining,debias_position,pairwise,markov_graph,unknown,0.8840530210968294,0.0,True,0.38923017011942684,reconstructible,failure_mining_llm_v3_metrics
bright,biology:1,azure+cohere,mixed,failure_mining,debias_position,pairwise,markov_graph_repaired,greedy,0.8840530210968294,0.0,True,0.38923017011942684,reconstructible,failure_mining_llm_v3_metrics
bright,biology:1,azure+cohere,mixed,failure_mining,debias_position,pairwise,greedy_fas_topological,greedy,0.9708923176105698,0.08683929651374045,True,0.38923017011942684,reconstructible,failure_mining_llm_v3_metrics
bright,biology:1,azure+cohere,mixed,failure_mining,debias_position,pairwise,prior_only,unknown,0.9609247825245575,0.07687176142772811,True,0.38923017011942684,reconstructible,failure_mining_llm_v3_metrics
bright,biology:1,azure+cohere,mixed,failure_mining,debias_position,pairwise,rrf,unknown,0.9609247825245575,0.07687176142772811,True,0.38923017011942684,reconstructible,failure_mining_llm_v3_metrics
bright,biology:1,azure+cohere,mixed,failure_mining,debias_position,pairwise,combsum,unknown,0.9896062251871525,0.1055532040903231,True,0.38923017011942684,reconstructible,failure_mining_llm_v3_metrics
bright,biology:1,azure+cohere,mixed,failure_mining,debias_position,pairwise,borda_fuse,unknown,0.9609247825245575,0.07687176142772811,True,0.38923017011942684,reconstructible,failure_mining_llm_v3_metrics
bright,biology:1,azure+cohere,mixed,failure_mining,debias_position,pairwise,bradley_terry,unknown,0.888111130388384,0.00405810929155459,True,0.38923017011942684,reconstructible,failure_mining_llm_v3_metrics
bright,biology:1,azure+cohere,mixed,failure_mining,debias_position,pairwise,local_kemenization,unknown,0.9374130297304558,0.05336000863362644,True,0.38923017011942684,reconstructible,failure_mining_llm_v3_metrics
bright,biology:1,azure+cohere,mixed,failure_mining,debias_position,pairwise,llm_cohere_pairwise,unknown,,,True,0.38923017011942684,reconstructible,failure_mining_llm_v3_metrics
bright,biology:1,azure+cohere,mixed,failure_mining,debias_position,pairwise,llm_azure_pairwise,unknown,,,True,0.38923017011942684,reconstructible,failure_mining_llm_v3_metrics
bright,biology:2,azure+cohere,mixed,failure_mining,debias_position,pairwise,score_sum,unknown,0.0,0.0,True,0.5483006019551706,reconstructible,failure_mining_llm_v3_metrics
bright,biology:2,azure+cohere,mixed,failure_mining,debias_position,pairwise,borda,unknown,0.0,0.0,True,0.5483006019551706,reconstructible,failure_mining_llm_v3_metrics
bright,biology:2,azure+cohere,mixed,failure_mining,debias_position,pairwise,pagerank,unknown,0.0,0.0,True,0.5483006019551706,reconstructible,failure_mining_llm_v3_metrics
bright,biology:2,azure+cohere,mixed,failure_mining,debias_position,pairwise,rank_centrality,unknown,0.0,0.0,True,0.5483006019551706,reconstructible,failure_mining_llm_v3_metrics
bright,biology:2,azure+cohere,mixed,failure_mining,debias_position,pairwise,markov_graph,unknown,0.0,0.0,True,0.5483006019551706,reconstructible,failure_mining_llm_v3_metrics
bright,biology:2,azure+cohere,mixed,failure_mining,debias_position,pairwise,markov_graph_repaired,greedy,0.0,0.0,True,0.5483006019551706,reconstructible,failure_mining_llm_v3_metrics
bright,biology:2,azure+cohere,mixed,failure_mining,debias_position,pairwise,greedy_fas_topological,greedy,0.0,0.0,True,0.5483006019551706,reconstructible,failure_mining_llm_v3_metrics
bright,biology:2,azure+cohere,mixed,failure_mining,debias_position,pairwise,prior_only,unknown,0.0,0.0,True,0.5483006019551706,reconstructible,failure_mining_llm_v3_metrics
bright,biology:2,azure+cohere,mixed,failure_mining,debias_position,pairwise,rrf,unknown,0.0,0.0,True,0.5483006019551706,reconstructible,failure_mining_llm_v3_metrics
bright,biology:2,azure+cohere,mixed,failure_mining,debias_position,pairwise,combsum,unknown,0.0,0.0,True,0.5483006019551706,reconstructible,failure_mining_llm_v3_metrics
bright,biology:2,azure+cohere,mixed,failure_mining,debias_position,pairwise,borda_fuse,unknown,0.0,0.0,True,0.5483006019551706,reconstructible,failure_mining_llm_v3_metrics
bright,biology:2,azure+cohere,mixed,failure_mining,debias_position,pairwise,bradley_terry,unknown,0.0,0.0,True,0.5483006019551706,reconstructible,failure_mining_llm_v3_metrics
bright,biology:2,azure+cohere,mixed,failure_mining,debias_position,pairwise,local_kemenization,unknown,0.0,0.0,True,0.5483006019551706,reconstructible,failure_mining_llm_v3_metrics
bright,biology:2,azure+cohere,mixed,failure_mining,debias_position,pairwise,llm_cohere_pairwise,unknown,,,True,0.5483006019551706,reconstructible,failure_mining_llm_v3_metrics
bright,biology:2,azure+cohere,mixed,failure_mining,debias_position,pairwise,llm_azure_pairwise,unknown,,,True,0.5483006019551706,reconstructible,failure_mining_llm_v3_metrics
bright,biology:3,azure+cohere,mixed,failure_mining,debias_position,pairwise,score_sum,unknown,0.9828920819566879,0.0840022693427156,True,0.460736498137083,reconstructible,failure_mining_llm_v3_metrics
bright,biology:3,azure+cohere,mixed,failure_mining,debias_position,pairwise,borda,unknown,1.0,0.10111018738602773,True,0.460736498137083,reconstructible,failure_mining_llm_v3_metrics
bright,biology:3,azure+cohere,mixed,failure_mining,debias_position,pairwise,pagerank,unknown,1.0,0.10111018738602773,True,0.460736498137083,reconstructible,failure_mining_llm_v3_metrics
bright,biology:3,azure+cohere,mixed,failure_mining,debias_position,pairwise,rank_centrality,unknown,0.810582531061383,-0.08830728155258927,True,0.460736498137083,reconstructible,failure_mining_llm_v3_metrics
bright,biology:3,azure+cohere,mixed,failure_mining,debias_position,pairwise,markov_graph,unknown,0.8988898126139723,0.0,True,0.460736498137083,reconstructible,failure_mining_llm_v3_metrics
bright,biology:3,azure+cohere,mixed,failure_mining,debias_position,pairwise,markov_graph_repaired,greedy,0.8988898126139723,0.0,True,0.460736498137083,reconstructible,failure_mining_llm_v3_metrics
bright,biology:3,azure+cohere,mixed,failure_mining,debias_position,pairwise,greedy_fas_topological,greedy,0.9178287402913377,0.01893892767736538,True,0.460736498137083,reconstructible,failure_mining_llm_v3_metrics
bright,biology:3,azure+cohere,mixed,failure_mining,debias_position,pairwise,prior_only,unknown,1.0,0.10111018738602773,True,0.460736498137083,reconstructible,failure_mining_llm_v3_metrics
bright,biology:3,azure+cohere,mixed,failure_mining,debias_position,pairwise,rrf,unknown,1.0,0.10111018738602773,True,0.460736498137083,reconstructible,failure_mining_llm_v3_metrics
bright,biology:3,azure+cohere,mixed,failure_mining,debias_position,pairwise,combsum,unknown,1.0,0.10111018738602773,True,0.460736498137083,reconstructible,failure_mining_llm_v3_metrics
bright,biology:3,azure+cohere,mixed,failure_mining,debias_position,pairwise,borda_fuse,unknown,1.0,0.10111018738602773,True,0.460736498137083,reconstructible,failure_mining_llm_v3_metrics
bright,biology:3,azure+cohere,mixed,failure_mining,debias_position,pairwise,bradley_terry,unknown,0.9828920819566879,0.0840022693427156,True,0.460736498137083,reconstructible,failure_mining_llm_v3_metrics
bright,biology:3,azure+cohere,mixed,failure_mining,debias_position,pairwise,local_kemenization,unknown,0.9828920819566879,0.0840022693427156,True,0.460736498137083,reconstructible,failure_mining_llm_v3_metrics
bright,biology:3,azure+cohere,mixed,failure_mining,debias_position,pairwise,llm_cohere_pairwise,unknown,,,True,0.460736498137083,reconstructible,failure_mining_llm_v3_metrics
bright,biology:3,azure+cohere,mixed,failure_mining,debias_position,pairwise,llm_azure_pairwise,unknown,,,True,0.460736498137083,reconstructible,failure_mining_llm_v3_metrics
bright,biology:4,azure+cohere,mixed,failure_mining,debias_position,pairwise,score_sum,unknown,1.0,0.0,True,0.05094622425182532,reconstructible,failure_mining_llm_v3_metrics
bright,biology:4,azure+cohere,mixed,failure_mining,debias_position,pairwise,borda,unknown,1.0,0.0,True,0.05094622425182532,reconstructible,failure_mining_llm_v3_metrics
bright,biology:4,azure+cohere,mixed,failure_mining,debias_position,pairwise,pagerank,unknown,1.0,0.0,True,0.05094622425182532,reconstructible,failure_mining_llm_v3_metrics
bright,biology:4,azure+cohere,mixed,failure_mining,debias_position,pairwise,rank_centrality,unknown,1.0,0.0,True,0.05094622425182532,reconstructible,failure_mining_llm_v3_metrics
bright,biology:4,azure+cohere,mixed,failure_mining,debias_position,pairwise,markov_graph,unknown,1.0,0.0,True,0.05094622425182532,reconstructible,failure_mining_llm_v3_metrics
bright,biology:4,azure+cohere,mixed,failure_mining,debias_position,pairwise,markov_graph_repaired,greedy,1.0,0.0,True,0.05094622425182532,reconstructible,failure_mining_llm_v3_metrics
bright,biology:4,azure+cohere,mixed,failure_mining,debias_position,pairwise,greedy_fas_topological,greedy,1.0,0.0,True,0.05094622425182532,reconstructible,failure_mining_llm_v3_metrics
bright,biology:4,azure+cohere,mixed,failure_mining,debias_position,pairwise,prior_only,unknown,1.0,0.0,True,0.05094622425182532,reconstructible,failure_mining_llm_v3_metrics
bright,biology:4,azure+cohere,mixed,failure_mining,debias_position,pairwise,rrf,unknown,1.0,0.0,True,0.05094622425182532,reconstructible,failure_mining_llm_v3_metrics
bright,biology:4,azure+cohere,mixed,failure_mining,debias_position,pairwise,combsum,unknown,1.0,0.0,True,0.05094622425182532,reconstructible,failure_mining_llm_v3_metrics
bright,biology:4,azure+cohere,mixed,failure_mining,debias_position,pairwise,borda_fuse,unknown,1.0,0.0,True,0.05094622425182532,reconstructible,failure_mining_llm_v3_metrics
bright,biology:4,azure+cohere,mixed,failure_mining,debias_position,pairwise,bradley_terry,unknown,1.0,0.0,True,0.05094622425182532,reconstructible,failure_mining_llm_v3_metrics
bright,biology:4,azure+cohere,mixed,failure_mining,debias_position,pairwise,local_kemenization,unknown,1.0,0.0,True,0.05094622425182532,reconstructible,failure_mining_llm_v3_metrics
bright,biology:4,azure+cohere,mixed,failure_mining,debias_position,pairwise,llm_cohere_pairwise,unknown,,,True,0.05094622425182532,reconstructible,failure_mining_llm_v3_metrics
bright,biology:4,azure+cohere,mixed,failure_mining,debias_position,pairwise,llm_azure_pairwise,unknown,,,True,0.05094622425182532,reconstructible,failure_mining_llm_v3_metrics
bright,biology:5,azure+cohere,mixed,failure_mining,debias_position,pairwise,score_sum,unknown,0.9493885684853097,0.0,True,0.31231018900871277,reconstructible,failure_mining_llm_v3_metrics
bright,biology:5,azure+cohere,mixed,failure_mining,debias_position,pairwise,borda,unknown,0.9493885684853097,0.0,True,0.31231018900871277,reconstructible,failure_mining_llm_v3_metrics
bright,biology:5,azure+cohere,mixed,failure_mining,debias_position,pairwise,pagerank,unknown,0.9493885684853097,0.0,True,0.31231018900871277,reconstructible,failure_mining_llm_v3_metrics
bright,biology:5,azure+cohere,mixed,failure_mining,debias_position,pairwise,rank_centrality,unknown,0.9619991470595832,0.012610578574273501,True,0.31231018900871277,reconstructible,failure_mining_llm_v3_metrics
bright,biology:5,azure+cohere,mixed,failure_mining,debias_position,pairwise,markov_graph,unknown,0.9493885684853097,0.0,True,0.31231018900871277,reconstructible,failure_mining_llm_v3_metrics
bright,biology:5,azure+cohere,mixed,failure_mining,debias_position,pairwise,markov_graph_repaired,greedy,0.9493885684853097,0.0,True,0.31231018900871277,reconstructible,failure_mining_llm_v3_metrics
bright,biology:5,azure+cohere,mixed,failure_mining,debias_position,pairwise,greedy_fas_topological,greedy,0.9493885684853097,0.0,True,0.31231018900871277,reconstructible,failure_mining_llm_v3_metrics
bright,biology:5,azure+cohere,mixed,failure_mining,debias_position,pairwise,prior_only,unknown,0.9052181617170642,-0.044170406768245574,True,0.31231018900871277,reconstructible,failure_mining_llm_v3_metrics
bright,biology:5,azure+cohere,mixed,failure_mining,debias_position,pairwise,rrf,unknown,0.9052181617170642,-0.044170406768245574,True,0.31231018900871277,reconstructible,failure_mining_llm_v3_metrics
bright,biology:5,azure+cohere,mixed,failure_mining,debias_position,pairwise,combsum,unknown,1.0,0.050611431514690275,True,0.31231018900871277,reconstructible,failure_mining_llm_v3_metrics
bright,biology:5,azure+cohere,mixed,failure_mining,debias_position,pairwise,borda_fuse,unknown,0.9052181617170642,-0.044170406768245574,True,0.31231018900871277,reconstructible,failure_mining_llm_v3_metrics
bright,biology:5,azure+cohere,mixed,failure_mining,debias_position,pairwise,bradley_terry,unknown,0.9493885684853097,0.0,True,0.31231018900871277,reconstructible,failure_mining_llm_v3_metrics
bright,biology:5,azure+cohere,mixed,failure_mining,debias_position,pairwise,local_kemenization,unknown,0.9493885684853097,0.0,True,0.31231018900871277,reconstructible,failure_mining_llm_v3_metrics
bright,biology:5,azure+cohere,mixed,failure_mining,debias_position,pairwise,llm_cohere_pairwise,unknown,,,True,0.31231018900871277,reconstructible,failure_mining_llm_v3_metrics
bright,biology:5,azure+cohere,mixed,failure_mining,debias_position,pairwise,llm_azure_pairwise,unknown,,,True,0.31231018900871277,reconstructible,failure_mining_llm_v3_metrics
bright,biology:6,azure+cohere,mixed,failure_mining,debias_position,pairwise,score_sum,unknown,0.8503449055347546,0.032815315180810156,True,0.4680601587892689,reconstructible,failure_mining_llm_v3_metrics
bright,biology:6,azure+cohere,mixed,failure_mining,debias_position,pairwise,borda,unknown,0.8503449055347546,0.032815315180810156,True,0.4680601587892689,reconstructible,failure_mining_llm_v3_metrics
bright,biology:6,azure+cohere,mixed,failure_mining,debias_position,pairwise,pagerank,unknown,0.8065735963827293,-0.010955993971215161,True,0.4680601587892689,reconstructible,failure_mining_llm_v3_metrics
bright,biology:6,azure+cohere,mixed,failure_mining,debias_position,pairwise,rank_centrality,unknown,0.7977228895450266,-0.019806700808917888,True,0.4680601587892689,reconstructible,failure_mining_llm_v3_metrics
bright,biology:6,azure+cohere,mixed,failure_mining,debias_position,pairwise,markov_graph,unknown,0.8175295903539445,0.0,True,0.4680601587892689,reconstructible,failure_mining_llm_v3_metrics
bright,biology:6,azure+cohere,mixed,failure_mining,debias_position,pairwise,markov_graph_repaired,greedy,0.8175295903539445,0.0,True,0.4680601587892689,reconstructible,failure_mining_llm_v3_metrics
bright,biology:6,azure+cohere,mixed,failure_mining,debias_position,pairwise,greedy_fas_topological,greedy,0.8503449055347546,0.032815315180810156,True,0.4680601587892689,reconstructible,failure_mining_llm_v3_metrics
bright,biology:6,azure+cohere,mixed,failure_mining,debias_position,pairwise,prior_only,unknown,0.7977228895450266,-0.019806700808917888,True,0.4680601587892689,reconstructible,failure_mining_llm_v3_metrics
bright,biology:6,azure+cohere,mixed,failure_mining,debias_position,pairwise,rrf,unknown,0.7977228895450266,-0.019806700808917888,True,0.4680601587892689,reconstructible,failure_mining_llm_v3_metrics
bright,biology:6,azure+cohere,mixed,failure_mining,debias_position,pairwise,combsum,unknown,0.8065735963827293,-0.010955993971215161,True,0.4680601587892689,reconstructible,failure_mining_llm_v3_metrics
bright,biology:6,azure+cohere,mixed,failure_mining,debias_position,pairwise,borda_fuse,unknown,0.8175295903539445,0.0,True,0.4680601587892689,reconstructible,failure_mining_llm_v3_metrics
bright,biology:6,azure+cohere,mixed,failure_mining,debias_position,pairwise,bradley_terry,unknown,0.8503449055347546,0.032815315180810156,True,0.4680601587892689,reconstructible,failure_mining_llm_v3_metrics
bright,biology:6,azure+cohere,mixed,failure_mining,debias_position,pairwise,local_kemenization,unknown,0.8503449055347546,0.032815315180810156,True,0.4680601587892689,reconstructible,failure_mining_llm_v3_metrics
bright,biology:6,azure+cohere,mixed,failure_mining,debias_position,pairwise,llm_cohere_pairwise,unknown,,,True,0.4680601587892689,reconstructible,failure_mining_llm_v3_metrics
bright,biology:6,azure+cohere,mixed,failure_mining,debias_position,pairwise,llm_azure_pairwise,unknown,,,True,0.4680601587892689,reconstructible,failure_mining_llm_v3_metrics
bright,biology:7,azure+cohere,mixed,failure_mining,debias_position,pairwise,score_sum,unknown,1.0,0.0,True,0.20913045891169213,reconstructible,failure_mining_llm_v3_metrics
bright,biology:7,azure+cohere,mixed,failure_mining,debias_position,pairwise,borda,unknown,1.0,0.0,True,0.20913045891169213,reconstructible,failure_mining_llm_v3_metrics
bright,biology:7,azure+cohere,mixed,failure_mining,debias_position,pairwise,pagerank,unknown,1.0,0.0,True,0.20913045891169213,reconstructible,failure_mining_llm_v3_metrics
bright,biology:7,azure+cohere,mixed,failure_mining,debias_position,pairwise,rank_centrality,unknown,1.0,0.0,True,0.20913045891169213,reconstructible,failure_mining_llm_v3_metrics
bright,biology:7,azure+cohere,mixed,failure_mining,debias_position,pairwise,markov_graph,unknown,1.0,0.0,True,0.20913045891169213,reconstructible,failure_mining_llm_v3_metrics
bright,biology:7,azure+cohere,mixed,failure_mining,debias_position,pairwise,markov_graph_repaired,greedy,1.0,0.0,True,0.20913045891169213,reconstructible,failure_mining_llm_v3_metrics
bright,biology:7,azure+cohere,mixed,failure_mining,debias_position,pairwise,greedy_fas_topological,greedy,1.0,0.0,True,0.20913045891169213,reconstructible,failure_mining_llm_v3_metrics
bright,biology:7,azure+cohere,mixed,failure_mining,debias_position,pairwise,prior_only,unknown,1.0,0.0,True,0.20913045891169213,reconstructible,failure_mining_llm_v3_metrics
bright,biology:7,azure+cohere,mixed,failure_mining,debias_position,pairwise,rrf,unknown,1.0,0.0,True,0.20913045891169213,reconstructible,failure_mining_llm_v3_metrics
bright,biology:7,azure+cohere,mixed,failure_mining,debias_position,pairwise,combsum,unknown,1.0,0.0,True,0.20913045891169213,reconstructible,failure_mining_llm_v3_metrics
bright,biology:7,azure+cohere,mixed,failure_mining,debias_position,pairwise,borda_fuse,unknown,1.0,0.0,True,0.20913045891169213,reconstructible,failure_mining_llm_v3_metrics
bright,biology:7,azure+cohere,mixed,failure_mining,debias_position,pairwise,bradley_terry,unknown,1.0,0.0,True,0.20913045891169213,reconstructible,failure_mining_llm_v3_metrics
bright,biology:7,azure+cohere,mixed,failure_mining,debias_position,pairwise,local_kemenization,unknown,1.0,0.0,True,0.20913045891169213,reconstructible,failure_mining_llm_v3_metrics
bright,biology:7,azure+cohere,mixed,failure_mining,debias_position,pairwise,llm_cohere_pairwise,unknown,,,True,0.20913045891169213,reconstructible,failure_mining_llm_v3_metrics
bright,biology:7,azure+cohere,mixed,failure_mining,debias_position,pairwise,llm_azure_pairwise,unknown,,,True,0.20913045891169213,reconstructible,failure_mining_llm_v3_metrics
bright,biology:8,azure+cohere,mixed,failure_mining,debias_position,pairwise,score_sum,unknown,0.3010299956639812,-0.12964656240941186,True,1.2997117296729042,reconstructible,failure_mining_llm_v3_metrics
bright,biology:8,azure+cohere,mixed,failure_mining,debias_position,pairwise,borda,unknown,0.6309297535714575,0.20025319549806447,True,1.2997117296729042,reconstructible,failure_mining_llm_v3_metrics
bright,biology:8,azure+cohere,mixed,failure_mining,debias_position,pairwise,pagerank,unknown,0.43067655807339306,0.0,True,1.2997117296729042,reconstructible,failure_mining_llm_v3_metrics
bright,biology:8,azure+cohere,mixed,failure_mining,debias_position,pairwise,rank_centrality,unknown,0.6309297535714575,0.20025319549806447,True,1.2997117296729042,reconstructible,failure_mining_llm_v3_metrics
bright,biology:8,azure+cohere,mixed,failure_mining,debias_position,pairwise,markov_graph,unknown,0.43067655807339306,0.0,True,1.2997117296729042,reconstructible,failure_mining_llm_v3_metrics
bright,biology:8,azure+cohere,mixed,failure_mining,debias_position,pairwise,markov_graph_repaired,greedy,0.43067655807339306,0.0,True,1.2997117296729042,reconstructible,failure_mining_llm_v3_metrics
bright,biology:8,azure+cohere,mixed,failure_mining,debias_position,pairwise,greedy_fas_topological,greedy,1.0,0.5693234419266069,True,1.2997117296729042,reconstructible,failure_mining_llm_v3_metrics
bright,biology:8,azure+cohere,mixed,failure_mining,debias_position,pairwise,prior_only,unknown,0.3010299956639812,-0.12964656240941186,True,1.2997117296729042,reconstructible,failure_mining_llm_v3_metrics
bright,biology:8,azure+cohere,mixed,failure_mining,debias_position,pairwise,rrf,unknown,0.3010299956639812,-0.12964656240941186,True,1.2997117296729042,reconstructible,failure_mining_llm_v3_metrics
bright,biology:8,azure+cohere,mixed,failure_mining,debias_position,pairwise,combsum,unknown,0.43067655807339306,0.0,True,1.2997117296729042,reconstructible,failure_mining_llm_v3_metrics
bright,biology:8,azure+cohere,mixed,failure_mining,debias_position,pairwise,borda_fuse,unknown,0.3010299956639812,-0.12964656240941186,True,1.2997117296729042,reconstructible,failure_mining_llm_v3_metrics
bright,biology:8,azure+cohere,mixed,failure_mining,debias_position,pairwise,bradley_terry,unknown,0.6309297535714575,0.20025319549806447,True,1.2997117296729042,reconstructible,failure_mining_llm_v3_metrics
bright,biology:8,azure+cohere,mixed,failure_mining,debias_position,pairwise,local_kemenization,unknown,0.38685280723454163,-0.04382375083885143,True,1.2997117296729042,reconstructible,failure_mining_llm_v3_metrics
bright,biology:8,azure+cohere,mixed,failure_mining,debias_position,pairwise,llm_cohere_pairwise,unknown,,,True,1.2997117296729042,reconstructible,failure_mining_llm_v3_metrics
bright,biology:8,azure+cohere,mixed,failure_mining,debias_position,pairwise,llm_azure_pairwise,unknown,,,True,1.2997117296729042,reconstructible,failure_mining_llm_v3_metrics
bright,biology:9,azure+cohere,mixed,failure_mining,debias_position,pairwise,score_sum,unknown,0.39780880120575696,0.0,True,0.6632776856422424,reconstructible,failure_mining_llm_v3_metrics
bright,biology:9,azure+cohere,mixed,failure_mining,debias_position,pairwise,borda,unknown,0.42177340954886444,0.023964608343107485,True,0.6632776856422424,reconstructible,failure_mining_llm_v3_metrics
bright,biology:9,azure+cohere,mixed,failure_mining,debias_position,pairwise,pagerank,unknown,0.39780880120575696,0.0,True,0.6632776856422424,reconstructible,failure_mining_llm_v3_metrics
bright,biology:9,azure+cohere,mixed,failure_mining,debias_position,pairwise,rank_centrality,unknown,0.41443699955334395,0.016628198347586998,True,0.6632776856422424,reconstructible,failure_mining_llm_v3_metrics
bright,biology:9,azure+cohere,mixed,failure_mining,debias_position,pairwise,markov_graph,unknown,0.39780880120575696,0.0,True,0.6632776856422424,reconstructible,failure_mining_llm_v3_metrics
bright,biology:9,azure+cohere,mixed,failure_mining,debias_position,pairwise,markov_graph_repaired,greedy,0.39780880120575696,0.0,True,0.6632776856422424,reconstructible,failure_mining_llm_v3_metrics
bright,biology:9,azure+cohere,mixed,failure_mining,debias_position,pairwise,greedy_fas_topological,greedy,0.39780880120575696,0.0,True,0.6632776856422424,reconstructible,failure_mining_llm_v3_metrics
bright,biology:9,azure+cohere,mixed,failure_mining,debias_position,pairwise,prior_only,unknown,0.39564672360221187,-0.0021620776035450873,True,0.6632776856422424,reconstructible,failure_mining_llm_v3_metrics
bright,biology:9,azure+cohere,mixed,failure_mining,debias_position,pairwise,rrf,unknown,0.39564672360221187,-0.0021620776035450873,True,0.6632776856422424,reconstructible,failure_mining_llm_v3_metrics
bright,biology:9,azure+cohere,mixed,failure_mining,debias_position,pairwise,combsum,unknown,0.37800210039683896,-0.019806700808918,True,0.6632776856422424,reconstructible,failure_mining_llm_v3_metrics
bright,biology:9,azure+cohere,mixed,failure_mining,debias_position,pairwise,borda_fuse,unknown,0.39564672360221187,-0.0021620776035450873,True,0.6632776856422424,reconstructible,failure_mining_llm_v3_metrics
bright,biology:9,azure+cohere,mixed,failure_mining,debias_position,pairwise,bradley_terry,unknown,0.41183384043543503,0.014025039229678071,True,0.6632776856422424,reconstructible,failure_mining_llm_v3_metrics
bright,biology:9,azure+cohere,mixed,failure_mining,debias_position,pairwise,local_kemenization,unknown,0.39780880120575696,0.0,True,0.6632776856422424,reconstructible,failure_mining_llm_v3_metrics
bright,biology:9,azure+cohere,mixed,failure_mining,debias_position,pairwise,llm_cohere_pairwise,unknown,,,True,0.6632776856422424,reconstructible,failure_mining_llm_v3_metrics
bright,biology:9,azure+cohere,mixed,failure_mining,debias_position,pairwise,llm_azure_pairwise,unknown,,,True,0.6632776856422424,reconstructible,failure_mining_llm_v3_metrics
bright,biology:10,azure+cohere,mixed,failure_mining,debias_position,pairwise,score_sum,unknown,0.9493885684853097,-0.033503513471378144,True,0.6257422575047784,reconstructible,failure_mining_llm_v3_metrics
bright,biology:10,azure+cohere,mixed,failure_mining,debias_position,pairwise,borda,unknown,0.9493885684853097,-0.033503513471378144,True,0.6257422575047784,reconstructible,failure_mining_llm_v3_metrics
bright,biology:10,azure+cohere,mixed,failure_mining,debias_position,pairwise,pagerank,unknown,0.9493885684853097,-0.033503513471378144,True,0.6257422575047784,reconstructible,failure_mining_llm_v3_metrics
bright,biology:10,azure+cohere,mixed,failure_mining,debias_position,pairwise,rank_centrality,unknown,0.9558295932317544,-0.027062488724933442,True,0.6257422575047784,reconstructible,failure_mining_llm_v3_metrics
bright,biology:10,azure+cohere,mixed,failure_mining,debias_position,pairwise,markov_graph,unknown,0.9828920819566879,0.0,True,0.6257422575047784,reconstructible,failure_mining_llm_v3_metrics
bright,biology:10,azure+cohere,mixed,failure_mining,debias_position,pairwise,markov_graph_repaired,greedy,0.9828920819566879,0.0,True,0.6257422575047784,reconstructible,failure_mining_llm_v3_metrics
bright,biology:10,azure+cohere,mixed,failure_mining,debias_position,pairwise,greedy_fas_topological,greedy,0.9493885684853097,-0.033503513471378144,True,0.6257422575047784,reconstructible,failure_mining_llm_v3_metrics
bright,biology:10,azure+cohere,mixed,failure_mining,debias_position,pairwise,prior_only,unknown,0.9709286432396583,-0.01196343871702954,True,0.6257422575047784,reconstructible,failure_mining_llm_v3_metrics
bright,biology:10,azure+cohere,mixed,failure_mining,debias_position,pairwise,rrf,unknown,0.9550236580992476,-0.02786842385744026,True,0.6257422575047784,reconstructible,failure_mining_llm_v3_metrics
bright,biology:10,azure+cohere,mixed,failure_mining,debias_position,pairwise,combsum,unknown,0.9447176050778178,-0.0381744768788701,True,0.6257422575047784,reconstructible,failure_mining_llm_v3_metrics
bright,biology:10,azure+cohere,mixed,failure_mining,debias_position,pairwise,borda_fuse,unknown,0.9550236580992476,-0.02786842385744026,True,0.6257422575047784,reconstructible,failure_mining_llm_v3_metrics
bright,biology:10,azure+cohere,mixed,failure_mining,debias_position,pairwise,bradley_terry,unknown,0.9493885684853097,-0.033503513471378144,True,0.6257422575047784,reconstructible,failure_mining_llm_v3_metrics
bright,biology:10,azure+cohere,mixed,failure_mining,debias_position,pairwise,local_kemenization,unknown,0.9550236580992476,-0.02786842385744026,True,0.6257422575047784,reconstructible,failure_mining_llm_v3_metrics
bright,biology:10,azure+cohere,mixed,failure_mining,debias_position,pairwise,llm_cohere_pairwise,unknown,,,True,0.6257422575047784,reconstructible,failure_mining_llm_v3_metrics
bright,biology:10,azure+cohere,mixed,failure_mining,debias_position,pairwise,llm_azure_pairwise,unknown,,,True,0.6257422575047784,reconstructible,failure_mining_llm_v3_metrics
bright,biology:11,azure+cohere,mixed,failure_mining,debias_position,pairwise,score_sum,unknown,0.9325210919548239,0.010734212958616762,True,0.6397302248528125,reconstructible,failure_mining_llm_v3_metrics
bright,biology:11,azure+cohere,mixed,failure_mining,debias_position,pairwise,borda,unknown,0.9060254355346823,-0.01576144346152486,True,0.6397302248528125,reconstructible,failure_mining_llm_v3_metrics
bright,biology:11,azure+cohere,mixed,failure_mining,debias_position,pairwise,pagerank,unknown,0.9060254355346823,-0.01576144346152486,True,0.6397302248528125,reconstructible,failure_mining_llm_v3_metrics
bright,biology:11,azure+cohere,mixed,failure_mining,debias_position,pairwise,rank_centrality,unknown,0.9060254355346823,-0.01576144346152486,True,0.6397302248528125,reconstructible,failure_mining_llm_v3_metrics
bright,biology:11,azure+cohere,mixed,failure_mining,debias_position,pairwise,markov_graph,unknown,0.9217868789962071,0.0,True,0.6397302248528125,reconstructible,failure_mining_llm_v3_metrics
bright,biology:11,azure+cohere,mixed,failure_mining,debias_position,pairwise,markov_graph_repaired,greedy,0.9217868789962071,0.0,True,0.6397302248528125,reconstructible,failure_mining_llm_v3_metrics
bright,biology:11,azure+cohere,mixed,failure_mining,debias_position,pairwise,greedy_fas_topological,greedy,0.6871475159848289,-0.23463936301137822,True,0.6397302248528125,reconstructible,failure_mining_llm_v3_metrics
bright,biology:11,azure+cohere,mixed,failure_mining,debias_position,pairwise,prior_only,unknown,0.9060254355346823,-0.01576144346152486,True,0.6397302248528125,reconstructible,failure_mining_llm_v3_metrics
bright,biology:11,azure+cohere,mixed,failure_mining,debias_position,pairwise,rrf,unknown,0.9060254355346823,-0.01576144346152486,True,0.6397302248528125,reconstructible,failure_mining_llm_v3_metrics
bright,biology:11,azure+cohere,mixed,failure_mining,debias_position,pairwise,combsum,unknown,1.0,0.07821312100379285,True,0.6397302248528125,reconstructible,failure_mining_llm_v3_metrics
bright,biology:11,azure+cohere,mixed,failure_mining,debias_position,pairwise,borda_fuse,unknown,0.9060254355346823,-0.01576144346152486,True,0.6397302248528125,reconstructible,failure_mining_llm_v3_metrics
bright,biology:11,azure+cohere,mixed,failure_mining,debias_position,pairwise,bradley_terry,unknown,0.9217868789962071,0.0,True,0.6397302248528125,reconstructible,failure_mining_llm_v3_metrics
bright,biology:11,azure+cohere,mixed,failure_mining,debias_position,pairwise,local_kemenization,unknown,0.9674679834891693,0.045681104492962143,True,0.6397302248528125,reconstructible,failure_mining_llm_v3_metrics
bright,biology:11,azure+cohere,mixed,failure_mining,debias_position,pairwise,llm_cohere_pairwise,unknown,,,True,0.6397302248528125,reconstructible,failure_mining_llm_v3_metrics
bright,biology:11,azure+cohere,mixed,failure_mining,debias_position,pairwise,llm_azure_pairwise,unknown,,,True,0.6397302248528125,reconstructible,failure_mining_llm_v3_metrics
bright,biology:12,azure+cohere,mixed,failure_mining,debias_position,pairwise,score_sum,unknown,0.9143656167316339,0.0,True,2.6326214947084168,reconstructible,failure_mining_llm_v3_metrics
bright,biology:12,azure+cohere,mixed,failure_mining,debias_position,pairwise,borda,unknown,0.9512312000626861,0.036865583331052276,True,2.6326214947084168,reconstructible,failure_mining_llm_v3_metrics
bright,biology:12,azure+cohere,mixed,failure_mining,debias_position,pairwise,pagerank,unknown,0.9747429528567879,0.06037733612515406,True,2.6326214947084168,reconstructible,failure_mining_llm_v3_metrics
bright,biology:12,azure+cohere,mixed,failure_mining,debias_position,pairwise,rank_centrality,unknown,0.9512312000626861,0.036865583331052276,True,2.6326214947084168,reconstructible,failure_mining_llm_v3_metrics
bright,biology:12,azure+cohere,mixed,failure_mining,debias_position,pairwise,markov_graph,unknown,0.9143656167316339,0.0,True,2.6326214947084168,reconstructible,failure_mining_llm_v3_metrics
bright,biology:12,azure+cohere,mixed,failure_mining,debias_position,pairwise,markov_graph_repaired,greedy,0.9083053473410256,-0.0060602693906082195,True,2.6326214947084168,reconstructible,failure_mining_llm_v3_metrics
bright,biology:12,azure+cohere,mixed,failure_mining,debias_position,pairwise,greedy_fas_topological,greedy,0.9083053473410256,-0.0060602693906082195,True,2.6326214947084168,reconstructible,failure_mining_llm_v3_metrics
bright,biology:12,azure+cohere,mixed,failure_mining,debias_position,pairwise,prior_only,unknown,0.7484853057448934,-0.1658803109867405,True,2.6326214947084168,reconstructible,failure_mining_llm_v3_metrics
bright,biology:12,azure+cohere,mixed,failure_mining,debias_position,pairwise,rrf,unknown,0.7484853057448934,-0.1658803109867405,True,2.6326214947084168,reconstructible,failure_mining_llm_v3_metrics
bright,biology:12,azure+cohere,mixed,failure_mining,debias_position,pairwise,combsum,unknown,0.7816510974258781,-0.13271451930575573,True,2.6326214947084168,reconstructible,failure_mining_llm_v3_metrics
bright,biology:12,azure+cohere,mixed,failure_mining,debias_position,pairwise,borda_fuse,unknown,0.7484853057448934,-0.1658803109867405,True,2.6326214947084168,reconstructible,failure_mining_llm_v3_metrics
bright,biology:12,azure+cohere,mixed,failure_mining,debias_position,pairwise,bradley_terry,unknown,0.9143656167316339,0.0,True,2.6326214947084168,reconstructible,failure_mining_llm_v3_metrics
bright,biology:12,azure+cohere,mixed,failure_mining,debias_position,pairwise,local_kemenization,unknown,0.9083053473410256,-0.0060602693906082195,True,2.6326214947084168,reconstructible,failure_mining_llm_v3_metrics
bright,biology:12,azure+cohere,mixed,failure_mining,debias_position,pairwise,llm_cohere_pairwise,unknown,,,True,2.6326214947084168,reconstructible,failure_mining_llm_v3_metrics
bright,biology:12,azure+cohere,mixed,failure_mining,debias_position,pairwise,llm_azure_pairwise,unknown,,,True,2.6326214947084168,reconstructible,failure_mining_llm_v3_metrics
bright,biology:13,azure+cohere,mixed,failure_mining,debias_position,pairwise,score_sum,unknown,0.886759288789469,-0.008423755680262213,True,0.6470734179019928,reconstructible,failure_mining_llm_v3_metrics
bright,biology:13,azure+cohere,mixed,failure_mining,debias_position,pairwise,borda,unknown,0.9072291563948641,0.01204611192513294,True,0.6470734179019928,reconstructible,failure_mining_llm_v3_metrics
bright,biology:13,azure+cohere,mixed,failure_mining,debias_position,pairwise,pagerank,unknown,0.9619213015466895,0.06673825707695835,True,0.6470734179019928,reconstructible,failure_mining_llm_v3_metrics
bright,biology:13,azure+cohere,mixed,failure_mining,debias_position,pairwise,rank_centrality,unknown,0.9374836267524946,0.042300582282763455,True,0.6470734179019928,reconstructible,failure_mining_llm_v3_metrics
bright,biology:13,azure+cohere,mixed,failure_mining,debias_position,pairwise,markov_graph,unknown,0.8951830444697312,0.0,True,0.6470734179019928,reconstructible,failure_mining_llm_v3_metrics
bright,biology:13,azure+cohere,mixed,failure_mining,debias_position,pairwise,markov_graph_repaired,greedy,0.8951830444697312,0.0,True,0.6470734179019928,reconstructible,failure_mining_llm_v3_metrics
bright,biology:13,azure+cohere,mixed,failure_mining,debias_position,pairwise,greedy_fas_topological,greedy,0.9262845298966467,0.031101485426915487,True,0.6470734179019928,reconstructible,failure_mining_llm_v3_metrics
bright,biology:13,azure+cohere,mixed,failure_mining,debias_position,pairwise,prior_only,unknown,0.9726647310833559,0.07748168661362476,True,0.6470734179019928,reconstructible,failure_mining_llm_v3_metrics
bright,biology:13,azure+cohere,mixed,failure_mining,debias_position,pairwise,rrf,unknown,0.9726647310833559,0.07748168661362476,True,0.6470734179019928,reconstructible,failure_mining_llm_v3_metrics
bright,biology:13,azure+cohere,mixed,failure_mining,debias_position,pairwise,combsum,unknown,0.9642409754030941,0.06905793093336288,True,0.6470734179019928,reconstructible,failure_mining_llm_v3_metrics
bright,biology:13,azure+cohere,mixed,failure_mining,debias_position,pairwise,borda_fuse,unknown,0.9726647310833559,0.07748168661362476,True,0.6470734179019928,reconstructible,failure_mining_llm_v3_metrics
bright,biology:13,azure+cohere,mixed,failure_mining,debias_position,pairwise,bradley_terry,unknown,0.8401381804368545,-0.05504486403287667,True,0.6470734179019928,reconstructible,failure_mining_llm_v3_metrics
bright,biology:13,azure+cohere,mixed,failure_mining,debias_position,pairwise,local_kemenization,unknown,0.886759288789469,-0.008423755680262213,True,0.6470734179019928,reconstructible,failure_mining_llm_v3_metrics
bright,biology:13,azure+cohere,mixed,failure_mining,debias_position,pairwise,llm_cohere_pairwise,unknown,,,True,0.6470734179019928,reconstructible,failure_mining_llm_v3_metrics
bright,biology:13,azure+cohere,mixed,failure_mining,debias_position,pairwise,llm_azure_pairwise,unknown,,,True,0.6470734179019928,reconstructible,failure_mining_llm_v3_metrics
bright,biology:14,azure+cohere,mixed,failure_mining,debias_position,pairwise,score_sum,unknown,0.8738100898801323,-0.05926943442808419,False,0.0,reconstructible,failure_mining_llm_v3_metrics
bright,biology:14,azure+cohere,mixed,failure_mining,debias_position,pairwise,borda,unknown,0.9330795243082165,0.0,False,0.0,reconstructible,failure_mining_llm_v3_metrics
bright,biology:14,azure+cohere,mixed,failure_mining,debias_position,pairwise,pagerank,unknown,0.9330795243082165,0.0,False,0.0,reconstructible,failure_mining_llm_v3_metrics
bright,biology:14,azure+cohere,mixed,failure_mining,debias_position,pairwise,rank_centrality,unknown,0.9330795243082165,0.0,False,0.0,reconstructible,failure_mining_llm_v3_metrics
bright,biology:14,azure+cohere,mixed,failure_mining,debias_position,pairwise,markov_graph,unknown,0.9330795243082165,0.0,False,0.0,reconstructible,failure_mining_llm_v3_metrics
bright,biology:14,azure+cohere,mixed,failure_mining,debias_position,pairwise,markov_graph_repaired,greedy,0.9330795243082165,0.0,False,0.0,reconstructible,failure_mining_llm_v3_metrics
bright,biology:14,azure+cohere,mixed,failure_mining,debias_position,pairwise,greedy_fas_topological,greedy,0.9330795243082165,0.0,False,0.0,reconstructible,failure_mining_llm_v3_metrics
bright,biology:14,azure+cohere,mixed,failure_mining,debias_position,pairwise,prior_only,unknown,0.9669850519151657,0.033905527606949204,False,0.0,reconstructible,failure_mining_llm_v3_metrics
bright,biology:14,azure+cohere,mixed,failure_mining,debias_position,pairwise,rrf,unknown,0.9669850519151657,0.033905527606949204,False,0.0,reconstructible,failure_mining_llm_v3_metrics
bright,biology:14,azure+cohere,mixed,failure_mining,debias_position,pairwise,combsum,unknown,0.9896062251871525,0.056526700878935965,False,0.0,reconstructible,failure_mining_llm_v3_metrics
bright,biology:14,azure+cohere,mixed,failure_mining,debias_position,pairwise,borda_fuse,unknown,0.9669850519151657,0.033905527606949204,False,0.0,reconstructible,failure_mining_llm_v3_metrics
bright,biology:14,azure+cohere,mixed,failure_mining,debias_position,pairwise,bradley_terry,unknown,0.9330795243082165,0.0,False,0.0,reconstructible,failure_mining_llm_v3_metrics
bright,biology:14,azure+cohere,mixed,failure_mining,debias_position,pairwise,local_kemenization,unknown,0.943473299121064,0.010393774812847534,False,0.0,reconstructible,failure_mining_llm_v3_metrics
bright,biology:14,azure+cohere,mixed,failure_mining,debias_position,pairwise,llm_cohere_pairwise,unknown,,,False,0.0,reconstructible,failure_mining_llm_v3_metrics
bright,biology:14,azure+cohere,mixed,failure_mining,debias_position,pairwise,llm_azure_pairwise,unknown,,,False,0.0,reconstructible,failure_mining_llm_v3_metrics
bright,biology:15,azure+cohere,mixed,failure_mining,debias_position,pairwise,score_sum,unknown,0.45749452618986164,0.07949242579302268,False,0.0,reconstructible,failure_mining_llm_v3_metrics
bright,biology:15,azure+cohere,mixed,failure_mining,debias_position,pairwise,borda,unknown,0.45749452618986164,0.07949242579302268,False,0.0,reconstructible,failure_mining_llm_v3_metrics
bright,biology:15,azure+cohere,mixed,failure_mining,debias_position,pairwise,pagerank,unknown,0.45749452618986164,0.07949242579302268,False,0.0,reconstructible,failure_mining_llm_v3_metrics
bright,biology:15,azure+cohere,mixed,failure_mining,debias_position,pairwise,rank_centrality,unknown,0.37800210039683896,0.0,False,0.0,reconstructible,failure_mining_llm_v3_metrics
bright,biology:15,azure+cohere,mixed,failure_mining,debias_position,pairwise,markov_graph,unknown,0.37800210039683896,0.0,False,0.0,reconstructible,failure_mining_llm_v3_metrics
bright,biology:15,azure+cohere,mixed,failure_mining,debias_position,pairwise,markov_graph_repaired,greedy,0.37800210039683896,0.0,False,0.0,reconstructible,failure_mining_llm_v3_metrics
bright,biology:15,azure+cohere,mixed,failure_mining,debias_position,pairwise,greedy_fas_topological,greedy,0.39780880120575696,0.019806700808918,False,0.0,reconstructible,failure_mining_llm_v3_metrics
bright,biology:15,azure+cohere,mixed,failure_mining,debias_position,pairwise,prior_only,unknown,0.5012658353418871,0.12326373494504811,False,0.0,reconstructible,failure_mining_llm_v3_metrics
bright,biology:15,azure+cohere,mixed,failure_mining,debias_position,pairwise,rrf,unknown,0.5437713091520254,0.16576920875518647,False,0.0,reconstructible,failure_mining_llm_v3_metrics
bright,biology:15,azure+cohere,mixed,failure_mining,debias_position,pairwise,combsum,unknown,0.4911492931622974,0.11314719276545843,False,0.0,reconstructible,failure_mining_llm_v3_metrics
bright,biology:15,azure+cohere,mixed,failure_mining,debias_position,pairwise,borda_fuse,unknown,0.5437713091520254,0.16576920875518647,False,0.0,reconstructible,failure_mining_llm_v3_metrics
bright,biology:15,azure+cohere,mixed,failure_mining,debias_position,pairwise,bradley_terry,unknown,0.39780880120575696,0.019806700808918,False,0.0,reconstructible,failure_mining_llm_v3_metrics
bright,biology:15,azure+cohere,mixed,failure_mining,debias_position,pairwise,local_kemenization,unknown,0.5802792108518124,0.20227711045497349,False,0.0,reconstructible,failure_mining_llm_v3_metrics
bright,biology:15,azure+cohere,mixed,failure_mining,debias_position,pairwise,llm_cohere_pairwise,unknown,,,False,0.0,reconstructible,failure_mining_llm_v3_metrics
bright,biology:15,azure+cohere,mixed,failure_mining,debias_position,pairwise,llm_azure_pairwise,unknown,,,False,0.0,reconstructible,failure_mining_llm_v3_metrics
bright,biology:16,azure+cohere,mixed,failure_mining,debias_position,pairwise,score_sum,unknown,0.0,0.0,False,0.0,reconstructible,failure_mining_llm_v3_metrics
bright,biology:16,azure+cohere,mixed,failure_mining,debias_position,pairwise,borda,unknown,0.0,0.0,False,0.0,reconstructible,failure_mining_llm_v3_metrics
bright,biology:16,azure+cohere,mixed,failure_mining,debias_position,pairwise,pagerank,unknown,0.0,0.0,False,0.0,reconstructible,failure_mining_llm_v3_metrics
bright,biology:16,azure+cohere,mixed,failure_mining,debias_position,pairwise,rank_centrality,unknown,0.0,0.0,False,0.0,reconstructible,failure_mining_llm_v3_metrics
bright,biology:16,azure+cohere,mixed,failure_mining,debias_position,pairwise,markov_graph,unknown,0.0,0.0,False,0.0,reconstructible,failure_mining_llm_v3_metrics
bright,biology:16,azure+cohere,mixed,failure_mining,debias_position,pairwise,markov_graph_repaired,greedy,0.0,0.0,False,0.0,reconstructible,failure_mining_llm_v3_metrics
bright,biology:16,azure+cohere,mixed,failure_mining,debias_position,pairwise,greedy_fas_topological,greedy,0.0,0.0,False,0.0,reconstructible,failure_mining_llm_v3_metrics
bright,biology:16,azure+cohere,mixed,failure_mining,debias_position,pairwise,prior_only,unknown,0.0,0.0,False,0.0,reconstructible,failure_mining_llm_v3_metrics
bright,biology:16,azure+cohere,mixed,failure_mining,debias_position,pairwise,rrf,unknown,0.0,0.0,False,0.0,reconstructible,failure_mining_llm_v3_metrics
bright,biology:16,azure+cohere,mixed,failure_mining,debias_position,pairwise,combsum,unknown,0.0,0.0,False,0.0,reconstructible,failure_mining_llm_v3_metrics
bright,biology:16,azure+cohere,mixed,failure_mining,debias_position,pairwise,borda_fuse,unknown,0.0,0.0,False,0.0,reconstructible,failure_mining_llm_v3_metrics
bright,biology:16,azure+cohere,mixed,failure_mining,debias_position,pairwise,bradley_terry,unknown,0.0,0.0,False,0.0,reconstructible,failure_mining_llm_v3_metrics
bright,biology:16,azure+cohere,mixed,failure_mining,debias_position,pairwise,local_kemenization,unknown,0.0,0.0,False,0.0,reconstructible,failure_mining_llm_v3_metrics
bright,biology:16,azure+cohere,mixed,failure_mining,debias_position,pairwise,llm_cohere_pairwise,unknown,,,False,0.0,reconstructible,failure_mining_llm_v3_metrics
bright,biology:16,azure+cohere,mixed,failure_mining,debias_position,pairwise,llm_azure_pairwise,unknown,,,False,0.0,reconstructible,failure_mining_llm_v3_metrics
bright,biology:17,azure+cohere,mixed,failure_mining,debias_position,pairwise,score_sum,unknown,0.9963488021549354,0.0,True,1.5559849634474854,reconstructible,failure_mining_llm_v3_metrics
bright,biology:17,azure+cohere,mixed,failure_mining,debias_position,pairwise,borda,unknown,1.0,0.0036511978450646243,True,1.5559849634474854,reconstructible,failure_mining_llm_v3_metrics
bright,biology:17,azure+cohere,mixed,failure_mining,debias_position,pairwise,pagerank,unknown,1.0,0.0036511978450646243,True,1.5559849634474854,reconstructible,failure_mining_llm_v3_metrics
bright,biology:17,azure+cohere,mixed,failure_mining,debias_position,pairwise,rank_centrality,unknown,1.0,0.0036511978450646243,True,1.5559849634474854,reconstructible,failure_mining_llm_v3_metrics
bright,biology:17,azure+cohere,mixed,failure_mining,debias_position,pairwise,markov_graph,unknown,0.9963488021549354,0.0,True,1.5559849634474854,reconstructible,failure_mining_llm_v3_metrics
bright,biology:17,azure+cohere,mixed,failure_mining,debias_position,pairwise,markov_graph_repaired,greedy,0.9963488021549354,0.0,True,1.5559849634474854,reconstructible,failure_mining_llm_v3_metrics
bright,biology:17,azure+cohere,mixed,failure_mining,debias_position,pairwise,greedy_fas_topological,greedy,0.9963488021549354,0.0,True,1.5559849634474854,reconstructible,failure_mining_llm_v3_metrics
bright,biology:17,azure+cohere,mixed,failure_mining,debias_position,pairwise,prior_only,unknown,0.9888026041880242,-0.007546197966911139,True,1.5559849634474854,reconstructible,failure_mining_llm_v3_metrics
bright,biology:17,azure+cohere,mixed,failure_mining,debias_position,pairwise,rrf,unknown,0.9888026041880242,-0.007546197966911139,True,1.5559849634474854,reconstructible,failure_mining_llm_v3_metrics
bright,biology:17,azure+cohere,mixed,failure_mining,debias_position,pairwise,combsum,unknown,0.9963488021549354,0.0,True,1.5559849634474854,reconstructible,failure_mining_llm_v3_metrics
bright,biology:17,azure+cohere,mixed,failure_mining,debias_position,pairwise,borda_fuse,unknown,0.9888026041880242,-0.007546197966911139,True,1.5559849634474854,reconstructible,failure_mining_llm_v3_metrics
bright,biology:17,azure+cohere,mixed,failure_mining,debias_position,pairwise,bradley_terry,unknown,0.9963488021549354,0.0,True,1.5559849634474854,reconstructible,failure_mining_llm_v3_metrics
bright,biology:17,azure+cohere,mixed,failure_mining,debias_position,pairwise,local_kemenization,unknown,0.9963488021549354,0.0,True,1.5559849634474854,reconstructible,failure_mining_llm_v3_metrics
bright,biology:17,azure+cohere,mixed,failure_mining,debias_position,pairwise,llm_cohere_pairwise,unknown,,,True,1.5559849634474854,reconstructible,failure_mining_llm_v3_metrics
bright,biology:17,azure+cohere,mixed,failure_mining,debias_position,pairwise,llm_azure_pairwise,unknown,,,True,1.5559849634474854,reconstructible,failure_mining_llm_v3_metrics
bright,biology:18,azure+cohere,mixed,failure_mining,debias_position,pairwise,score_sum,unknown,0.0,0.0,True,0.10306988838212297,reconstructible,failure_mining_llm_v3_metrics
bright,biology:18,azure+cohere,mixed,failure_mining,debias_position,pairwise,borda,unknown,0.0,0.0,True,0.10306988838212297,reconstructible,failure_mining_llm_v3_metrics
bright,biology:18,azure+cohere,mixed,failure_mining,debias_position,pairwise,pagerank,unknown,0.0,0.0,True,0.10306988838212297,reconstructible,failure_mining_llm_v3_metrics
bright,biology:18,azure+cohere,mixed,failure_mining,debias_position,pairwise,rank_centrality,unknown,0.0,0.0,True,0.10306988838212297,reconstructible,failure_mining_llm_v3_metrics
bright,biology:18,azure+cohere,mixed,failure_mining,debias_position,pairwise,markov_graph,unknown,0.0,0.0,True,0.10306988838212297,reconstructible,failure_mining_llm_v3_metrics
bright,biology:18,azure+cohere,mixed,failure_mining,debias_position,pairwise,markov_graph_repaired,greedy,0.0,0.0,True,0.10306988838212297,reconstructible,failure_mining_llm_v3_metrics
bright,biology:18,azure+cohere,mixed,failure_mining,debias_position,pairwise,greedy_fas_topological,greedy,0.0,0.0,True,0.10306988838212297,reconstructible,failure_mining_llm_v3_metrics
bright,biology:18,azure+cohere,mixed,failure_mining,debias_position,pairwise,prior_only,unknown,0.0,0.0,True,0.10306988838212297,reconstructible,failure_mining_llm_v3_metrics
bright,biology:18,azure+cohere,mixed,failure_mining,debias_position,pairwise,rrf,unknown,0.0,0.0,True,0.10306988838212297,reconstructible,failure_mining_llm_v3_metrics
bright,biology:18,azure+cohere,mixed,failure_mining,debias_position,pairwise,combsum,unknown,0.0,0.0,True,0.10306988838212297,reconstructible,failure_mining_llm_v3_metrics
bright,biology:18,azure+cohere,mixed,failure_mining,debias_position,pairwise,borda_fuse,unknown,0.0,0.0,True,0.10306988838212297,reconstructible,failure_mining_llm_v3_metrics
bright,biology:18,azure+cohere,mixed,failure_mining,debias_position,pairwise,bradley_terry,unknown,0.0,0.0,True,0.10306988838212297,reconstructible,failure_mining_llm_v3_metrics
bright,biology:18,azure+cohere,mixed,failure_mining,debias_position,pairwise,local_kemenization,unknown,0.0,0.0,True,0.10306988838212297,reconstructible,failure_mining_llm_v3_metrics
bright,biology:18,azure+cohere,mixed,failure_mining,debias_position,pairwise,llm_cohere_pairwise,unknown,,,True,0.10306988838212297,reconstructible,failure_mining_llm_v3_metrics
bright,biology:18,azure+cohere,mixed,failure_mining,debias_position,pairwise,llm_azure_pairwise,unknown,,,True,0.10306988838212297,reconstructible,failure_mining_llm_v3_metrics
bright,biology:19,azure+cohere,mixed,failure_mining,debias_position,pairwise,score_sum,unknown,1.0,0.0,True,0.0765617489882559,reconstructible,failure_mining_llm_v3_metrics
bright,biology:19,azure+cohere,mixed,failure_mining,debias_position,pairwise,borda,unknown,1.0,0.0,True,0.0765617489882559,reconstructible,failure_mining_llm_v3_metrics
bright,biology:19,azure+cohere,mixed,failure_mining,debias_position,pairwise,pagerank,unknown,1.0,0.0,True,0.0765617489882559,reconstructible,failure_mining_llm_v3_metrics
bright,biology:19,azure+cohere,mixed,failure_mining,debias_position,pairwise,rank_centrality,unknown,0.8315546295836225,-0.16844537041637753,True,0.0765617489882559,reconstructible,failure_mining_llm_v3_metrics
bright,biology:19,azure+cohere,mixed,failure_mining,debias_position,pairwise,markov_graph,unknown,1.0,0.0,True,0.0765617489882559,reconstructible,failure_mining_llm_v3_metrics
bright,biology:19,azure+cohere,mixed,failure_mining,debias_position,pairwise,markov_graph_repaired,greedy,1.0,0.0,True,0.0765617489882559,reconstructible,failure_mining_llm_v3_metrics
bright,biology:19,azure+cohere,mixed,failure_mining,debias_position,pairwise,greedy_fas_topological,greedy,1.0,0.0,True,0.0765617489882559,reconstructible,failure_mining_llm_v3_metrics
bright,biology:19,azure+cohere,mixed,failure_mining,debias_position,pairwise,prior_only,unknown,1.0,0.0,True,0.0765617489882559,reconstructible,failure_mining_llm_v3_metrics
bright,biology:19,azure+cohere,mixed,failure_mining,debias_position,pairwise,rrf,unknown,1.0,0.0,True,0.0765617489882559,reconstructible,failure_mining_llm_v3_metrics
bright,biology:19,azure+cohere,mixed,failure_mining,debias_position,pairwise,combsum,unknown,1.0,0.0,True,0.0765617489882559,reconstructible,failure_mining_llm_v3_metrics
bright,biology:19,azure+cohere,mixed,failure_mining,debias_position,pairwise,borda_fuse,unknown,1.0,0.0,True,0.0765617489882559,reconstructible,failure_mining_llm_v3_metrics
bright,biology:19,azure+cohere,mixed,failure_mining,debias_position,pairwise,bradley_terry,unknown,1.0,0.0,True,0.0765617489882559,reconstructible,failure_mining_llm_v3_metrics
bright,biology:19,azure+cohere,mixed,failure_mining,debias_position,pairwise,local_kemenization,unknown,1.0,0.0,True,0.0765617489882559,reconstructible,failure_mining_llm_v3_metrics
bright,biology:19,azure+cohere,mixed,failure_mining,debias_position,pairwise,llm_cohere_pairwise,unknown,,,True,0.0765617489882559,reconstructible,failure_mining_llm_v3_metrics
bright,biology:19,azure+cohere,mixed,failure_mining,debias_position,pairwise,llm_azure_pairwise,unknown,,,True,0.0765617489882559,reconstructible,failure_mining_llm_v3_metrics
bright,biology:20,azure+cohere,mixed,failure_mining,debias_position,pairwise,score_sum,unknown,1.0,0.0,True,0.11848568916320801,reconstructible,failure_mining_llm_v3_metrics
bright,biology:20,azure+cohere,mixed,failure_mining,debias_position,pairwise,borda,unknown,1.0,0.0,True,0.11848568916320801,reconstructible,failure_mining_llm_v3_metrics
bright,biology:20,azure+cohere,mixed,failure_mining,debias_position,pairwise,pagerank,unknown,1.0,0.0,True,0.11848568916320801,reconstructible,failure_mining_llm_v3_metrics
bright,biology:20,azure+cohere,mixed,failure_mining,debias_position,pairwise,rank_centrality,unknown,1.0,0.0,True,0.11848568916320801,reconstructible,failure_mining_llm_v3_metrics
bright,biology:20,azure+cohere,mixed,failure_mining,debias_position,pairwise,markov_graph,unknown,1.0,0.0,True,0.11848568916320801,reconstructible,failure_mining_llm_v3_metrics
bright,biology:20,azure+cohere,mixed,failure_mining,debias_position,pairwise,markov_graph_repaired,greedy,1.0,0.0,True,0.11848568916320801,reconstructible,failure_mining_llm_v3_metrics
bright,biology:20,azure+cohere,mixed,failure_mining,debias_position,pairwise,greedy_fas_topological,greedy,1.0,0.0,True,0.11848568916320801,reconstructible,failure_mining_llm_v3_metrics
bright,biology:20,azure+cohere,mixed,failure_mining,debias_position,pairwise,prior_only,unknown,0.9705437052559006,-0.029456294744099387,True,0.11848568916320801,reconstructible,failure_mining_llm_v3_metrics
bright,biology:20,azure+cohere,mixed,failure_mining,debias_position,pairwise,rrf,unknown,0.9705437052559006,-0.029456294744099387,True,0.11848568916320801,reconstructible,failure_mining_llm_v3_metrics
bright,biology:20,azure+cohere,mixed,failure_mining,debias_position,pairwise,combsum,unknown,0.9930783166417602,-0.0069216833582398385,True,0.11848568916320801,reconstructible,failure_mining_llm_v3_metrics
bright,biology:20,azure+cohere,mixed,failure_mining,debias_position,pairwise,borda_fuse,unknown,0.9705437052559006,-0.029456294744099387,True,0.11848568916320801,reconstructible,failure_mining_llm_v3_metrics
bright,biology:20,azure+cohere,mixed,failure_mining,debias_position,pairwise,bradley_terry,unknown,1.0,0.0,True,0.11848568916320801,reconstructible,failure_mining_llm_v3_metrics
bright,biology:20,azure+cohere,mixed,failure_mining,debias_position,pairwise,local_kemenization,unknown,1.0,0.0,True,0.11848568916320801,reconstructible,failure_mining_llm_v3_metrics
bright,biology:20,azure+cohere,mixed,failure_mining,debias_position,pairwise,llm_cohere_pairwise,unknown,,,True,0.11848568916320801,reconstructible,failure_mining_llm_v3_metrics
bright,biology:20,azure+cohere,mixed,failure_mining,debias_position,pairwise,llm_azure_pairwise,unknown,,,True,0.11848568916320801,reconstructible,failure_mining_llm_v3_metrics
bright,biology:21,azure+cohere,mixed,failure_mining,debias_position,pairwise,score_sum,unknown,0.952194863477961,-0.020925534924576494,True,0.17747792601585388,reconstructible,failure_mining_llm_v3_metrics
bright,biology:21,azure+cohere,mixed,failure_mining,debias_position,pairwise,borda,unknown,0.952194863477961,-0.020925534924576494,True,0.17747792601585388,reconstructible,failure_mining_llm_v3_metrics
bright,biology:21,azure+cohere,mixed,failure_mining,debias_position,pairwise,pagerank,unknown,0.952194863477961,-0.020925534924576494,True,0.17747792601585388,reconstructible,failure_mining_llm_v3_metrics
bright,biology:21,azure+cohere,mixed,failure_mining,debias_position,pairwise,rank_centrality,unknown,0.9878316351280039,0.01471123672546637,True,0.17747792601585388,reconstructible,failure_mining_llm_v3_metrics
bright,biology:21,azure+cohere,mixed,failure_mining,debias_position,pairwise,markov_graph,unknown,0.9731203984025375,0.0,True,0.17747792601585388,reconstructible,failure_mining_llm_v3_metrics
bright,biology:21,azure+cohere,mixed,failure_mining,debias_position,pairwise,markov_graph_repaired,greedy,0.9731203984025375,0.0,True,0.17747792601585388,reconstructible,failure_mining_llm_v3_metrics
bright,biology:21,azure+cohere,mixed,failure_mining,debias_position,pairwise,greedy_fas_topological,greedy,0.9610742864774044,-0.012046111925133052,True,0.17747792601585388,reconstructible,failure_mining_llm_v3_metrics
bright,biology:21,azure+cohere,mixed,failure_mining,debias_position,pairwise,prior_only,unknown,0.9714977244644463,-0.0016226739380912347,True,0.17747792601585388,reconstructible,failure_mining_llm_v3_metrics
bright,biology:21,azure+cohere,mixed,failure_mining,debias_position,pairwise,rrf,unknown,0.9682087825918937,-0.00491161581064381,True,0.17747792601585388,reconstructible,failure_mining_llm_v3_metrics
bright,biology:21,azure+cohere,mixed,failure_mining,debias_position,pairwise,combsum,unknown,0.9803771474638899,0.00725674906135243,True,0.17747792601585388,reconstructible,failure_mining_llm_v3_metrics
bright,biology:21,azure+cohere,mixed,failure_mining,debias_position,pairwise,borda_fuse,unknown,0.9682087825918937,-0.00491161581064381,True,0.17747792601585388,reconstructible,failure_mining_llm_v3_metrics
bright,biology:21,azure+cohere,mixed,failure_mining,debias_position,pairwise,bradley_terry,unknown,0.9371072971649781,-0.03601310123755941,True,0.17747792601585388,reconstructible,failure_mining_llm_v3_metrics
bright,biology:21,azure+cohere,mixed,failure_mining,debias_position,pairwise,local_kemenization,unknown,0.952194863477961,-0.020925534924576494,True,0.17747792601585388,reconstructible,failure_mining_llm_v3_metrics
bright,biology:21,azure+cohere,mixed,failure_mining,debias_position,pairwise,llm_cohere_pairwise,unknown,,,True,0.17747792601585388,reconstructible,failure_mining_llm_v3_metrics
bright,biology:21,azure+cohere,mixed,failure_mining,debias_position,pairwise,llm_azure_pairwise,unknown,,,True,0.17747792601585388,reconstructible,failure_mining_llm_v3_metrics
bright,biology:22,azure+cohere,mixed,failure_mining,debias_position,pairwise,score_sum,unknown,0.37800210039683896,-0.043771309152025484,True,0.15775613402086894,reconstructible,failure_mining_llm_v3_metrics
bright,biology:22,azure+cohere,mixed,failure_mining,debias_position,pairwise,borda,unknown,0.3889580943680543,-0.032815315180810156,True,0.15775613402086894,reconstructible,failure_mining_llm_v3_metrics
bright,biology:22,azure+cohere,mixed,failure_mining,debias_position,pairwise,pagerank,unknown,0.37800210039683896,-0.043771309152025484,True,0.15775613402086894,reconstructible,failure_mining_llm_v3_metrics
bright,biology:22,azure+cohere,mixed,failure_mining,debias_position,pairwise,rank_centrality,unknown,0.5714285040141098,0.1496550944652454,True,0.15775613402086894,reconstructible,failure_mining_llm_v3_metrics
bright,biology:22,azure+cohere,mixed,failure_mining,debias_position,pairwise,markov_graph,unknown,0.42177340954886444,0.0,True,0.15775613402086894,reconstructible,failure_mining_llm_v3_metrics
bright,biology:22,azure+cohere,mixed,failure_mining,debias_position,pairwise,markov_graph_repaired,greedy,0.42177340954886444,0.0,True,0.15775613402086894,reconstructible,failure_mining_llm_v3_metrics
bright,biology:22,azure+cohere,mixed,failure_mining,debias_position,pairwise,greedy_fas_topological,greedy,0.5714285040141098,0.1496550944652454,True,0.15775613402086894,reconstructible,failure_mining_llm_v3_metrics
bright,biology:22,azure+cohere,mixed,failure_mining,debias_position,pairwise,prior_only,unknown,0.41443699955334395,-0.0073364099955204876,True,0.15775613402086894,reconstructible,failure_mining_llm_v3_metrics
bright,biology:22,azure+cohere,mixed,failure_mining,debias_position,pairwise,rrf,unknown,0.38162168437253385,-0.04015172517633059,True,0.15775613402086894,reconstructible,failure_mining_llm_v3_metrics
bright,biology:22,azure+cohere,mixed,failure_mining,debias_position,pairwise,combsum,unknown,0.4415801103577823,0.019806700808917832,True,0.15775613402086894,reconstructible,failure_mining_llm_v3_metrics
bright,biology:22,azure+cohere,mixed,failure_mining,debias_position,pairwise,borda_fuse,unknown,0.38162168437253385,-0.04015172517633059,True,0.15775613402086894,reconstructible,failure_mining_llm_v3_metrics
bright,biology:22,azure+cohere,mixed,failure_mining,debias_position,pairwise,bradley_terry,unknown,0.7977228895450266,0.37594947999616213,True,0.15775613402086894,reconstructible,failure_mining_llm_v3_metrics
bright,biology:22,azure+cohere,mixed,failure_mining,debias_position,pairwise,local_kemenization,unknown,0.37800210039683896,-0.043771309152025484,True,0.15775613402086894,reconstructible,failure_mining_llm_v3_metrics
bright,biology:22,azure+cohere,mixed,failure_mining,debias_position,pairwise,llm_cohere_pairwise,unknown,,,True,0.15775613402086894,reconstructible,failure_mining_llm_v3_metrics
bright,biology:22,azure+cohere,mixed,failure_mining,debias_position,pairwise,llm_azure_pairwise,unknown,,,True,0.15775613402086894,reconstructible,failure_mining_llm_v3_metrics
bright,biology:23,azure+cohere,mixed,failure_mining,debias_position,pairwise,score_sum,unknown,0.0,0.0,False,0.0,reconstructible,failure_mining_llm_v3_metrics
bright,biology:23,azure+cohere,mixed,failure_mining,debias_position,pairwise,borda,unknown,0.0,0.0,False,0.0,reconstructible,failure_mining_llm_v3_metrics
bright,biology:23,azure+cohere,mixed,failure_mining,debias_position,pairwise,pagerank,unknown,0.0,0.0,False,0.0,reconstructible,failure_mining_llm_v3_metrics
bright,biology:23,azure+cohere,mixed,failure_mining,debias_position,pairwise,rank_centrality,unknown,0.0,0.0,False,0.0,reconstructible,failure_mining_llm_v3_metrics
bright,biology:23,azure+cohere,mixed,failure_mining,debias_position,pairwise,markov_graph,unknown,0.0,0.0,False,0.0,reconstructible,failure_mining_llm_v3_metrics
bright,biology:23,azure+cohere,mixed,failure_mining,debias_position,pairwise,markov_graph_repaired,greedy,0.0,0.0,False,0.0,reconstructible,failure_mining_llm_v3_metrics
bright,biology:23,azure+cohere,mixed,failure_mining,debias_position,pairwise,greedy_fas_topological,greedy,0.0,0.0,False,0.0,reconstructible,failure_mining_llm_v3_metrics
bright,biology:23,azure+cohere,mixed,failure_mining,debias_position,pairwise,prior_only,unknown,0.0,0.0,False,0.0,reconstructible,failure_mining_llm_v3_metrics
bright,biology:23,azure+cohere,mixed,failure_mining,debias_position,pairwise,rrf,unknown,0.0,0.0,False,0.0,reconstructible,failure_mining_llm_v3_metrics
bright,biology:23,azure+cohere,mixed,failure_mining,debias_position,pairwise,combsum,unknown,0.0,0.0,False,0.0,reconstructible,failure_mining_llm_v3_metrics
bright,biology:23,azure+cohere,mixed,failure_mining,debias_position,pairwise,borda_fuse,unknown,0.0,0.0,False,0.0,reconstructible,failure_mining_llm_v3_metrics
bright,biology:23,azure+cohere,mixed,failure_mining,debias_position,pairwise,bradley_terry,unknown,0.0,0.0,False,0.0,reconstructible,failure_mining_llm_v3_metrics
bright,biology:23,azure+cohere,mixed,failure_mining,debias_position,pairwise,local_kemenization,unknown,0.0,0.0,False,0.0,reconstructible,failure_mining_llm_v3_metrics
bright,biology:23,azure+cohere,mixed,failure_mining,debias_position,pairwise,llm_cohere_pairwise,unknown,,,False,0.0,reconstructible,failure_mining_llm_v3_metrics
bright,biology:23,azure+cohere,mixed,failure_mining,debias_position,pairwise,llm_azure_pairwise,unknown,,,False,0.0,reconstructible,failure_mining_llm_v3_metrics
bright,biology:24,azure+cohere,mixed,failure_mining,debias_position,pairwise,score_sum,unknown,0.9066276098484507,-0.06084037364071859,False,0.0,reconstructible,failure_mining_llm_v3_metrics
bright,biology:24,azure+cohere,mixed,failure_mining,debias_position,pairwise,borda,unknown,0.9217868789962071,-0.045681104492962143,False,0.0,reconstructible,failure_mining_llm_v3_metrics
bright,biology:24,azure+cohere,mixed,failure_mining,debias_position,pairwise,pagerank,unknown,0.9066276098484507,-0.06084037364071859,False,0.0,reconstructible,failure_mining_llm_v3_metrics
bright,biology:24,azure+cohere,mixed,failure_mining,debias_position,pairwise,rank_centrality,unknown,1.0,0.03253201651083071,False,0.0,reconstructible,failure_mining_llm_v3_metrics
bright,biology:24,azure+cohere,mixed,failure_mining,debias_position,pairwise,markov_graph,unknown,0.9674679834891693,0.0,False,0.0,reconstructible,failure_mining_llm_v3_metrics
bright,biology:24,azure+cohere,mixed,failure_mining,debias_position,pairwise,markov_graph_repaired,greedy,0.9674679834891693,0.0,False,0.0,reconstructible,failure_mining_llm_v3_metrics
bright,biology:24,azure+cohere,mixed,failure_mining,debias_position,pairwise,greedy_fas_topological,greedy,1.0,0.03253201651083071,False,0.0,reconstructible,failure_mining_llm_v3_metrics
bright,biology:24,azure+cohere,mixed,failure_mining,debias_position,pairwise,prior_only,unknown,0.9469024295259745,-0.020565553963194816,False,0.0,reconstructible,failure_mining_llm_v3_metrics
bright,biology:24,azure+cohere,mixed,failure_mining,debias_position,pairwise,rrf,unknown,0.9469024295259745,-0.020565553963194816,False,0.0,reconstructible,failure_mining_llm_v3_metrics
bright,biology:24,azure+cohere,mixed,failure_mining,debias_position,pairwise,combsum,unknown,0.9674679834891693,0.0,False,0.0,reconstructible,failure_mining_llm_v3_metrics
bright,biology:24,azure+cohere,mixed,failure_mining,debias_position,pairwise,borda_fuse,unknown,0.9469024295259745,-0.020565553963194816,False,0.0,reconstructible,failure_mining_llm_v3_metrics
bright,biology:24,azure+cohere,mixed,failure_mining,debias_position,pairwise,bradley_terry,unknown,1.0,0.03253201651083071,False,0.0,reconstructible,failure_mining_llm_v3_metrics
bright,biology:24,azure+cohere,mixed,failure_mining,debias_position,pairwise,local_kemenization,unknown,0.9674679834891693,0.0,False,0.0,reconstructible,failure_mining_llm_v3_metrics
bright,biology:24,azure+cohere,mixed,failure_mining,debias_position,pairwise,llm_cohere_pairwise,unknown,,,False,0.0,reconstructible,failure_mining_llm_v3_metrics
bright,biology:24,azure+cohere,mixed,failure_mining,debias_position,pairwise,llm_azure_pairwise,unknown,,,False,0.0,reconstructible,failure_mining_llm_v3_metrics
bright,biology:1,azure+cohere,mixed,failure_mining,debias_position,pairwise,score_sum,unknown,1.0,0.0,False,0.0,reconstructible,failure_mining_llm_v3_metrics
bright,biology:1,azure+cohere,mixed,failure_mining,debias_position,pairwise,borda,unknown,1.0,0.0,False,0.0,reconstructible,failure_mining_llm_v3_metrics
bright,biology:1,azure+cohere,mixed,failure_mining,debias_position,pairwise,pagerank,unknown,1.0,0.0,False,0.0,reconstructible,failure_mining_llm_v3_metrics
bright,biology:1,azure+cohere,mixed,failure_mining,debias_position,pairwise,rank_centrality,unknown,1.0,0.0,False,0.0,reconstructible,failure_mining_llm_v3_metrics
bright,biology:1,azure+cohere,mixed,failure_mining,debias_position,pairwise,markov_graph,unknown,1.0,0.0,False,0.0,reconstructible,failure_mining_llm_v3_metrics
bright,biology:1,azure+cohere,mixed,failure_mining,debias_position,pairwise,markov_graph_repaired,greedy,1.0,0.0,False,0.0,reconstructible,failure_mining_llm_v3_metrics
bright,biology:1,azure+cohere,mixed,failure_mining,debias_position,pairwise,greedy_fas_topological,greedy,1.0,0.0,False,0.0,reconstructible,failure_mining_llm_v3_metrics
bright,biology:1,azure+cohere,mixed,failure_mining,debias_position,pairwise,prior_only,unknown,1.0,0.0,False,0.0,reconstructible,failure_mining_llm_v3_metrics
bright,biology:1,azure+cohere,mixed,failure_mining,debias_position,pairwise,rrf,unknown,1.0,0.0,False,0.0,reconstructible,failure_mining_llm_v3_metrics
bright,biology:1,azure+cohere,mixed,failure_mining,debias_position,pairwise,combsum,unknown,1.0,0.0,False,0.0,reconstructible,failure_mining_llm_v3_metrics
bright,biology:1,azure+cohere,mixed,failure_mining,debias_position,pairwise,borda_fuse,unknown,1.0,0.0,False,0.0,reconstructible,failure_mining_llm_v3_metrics
bright,biology:1,azure+cohere,mixed,failure_mining,debias_position,pairwise,bradley_terry,unknown,1.0,0.0,False,0.0,reconstructible,failure_mining_llm_v3_metrics
bright,biology:1,azure+cohere,mixed,failure_mining,debias_position,pairwise,local_kemenization,unknown,1.0,0.0,False,0.0,reconstructible,failure_mining_llm_v3_metrics
bright,biology:1,azure+cohere,mixed,failure_mining,debias_position,pairwise,llm_cohere_pairwise,unknown,,,False,0.0,reconstructible,failure_mining_llm_v3_metrics
bright,biology:1,azure+cohere,mixed,failure_mining,debias_position,pairwise,llm_azure_pairwise,unknown,,,False,0.0,reconstructible,failure_mining_llm_v3_metrics
bright,biology:2,azure+cohere,mixed,failure_mining,debias_position,pairwise,score_sum,unknown,0.0,0.0,False,0.0,reconstructible,failure_mining_llm_v3_metrics
bright,biology:2,azure+cohere,mixed,failure_mining,debias_position,pairwise,borda,unknown,0.0,0.0,False,0.0,reconstructible,failure_mining_llm_v3_metrics
bright,biology:2,azure+cohere,mixed,failure_mining,debias_position,pairwise,pagerank,unknown,0.0,0.0,False,0.0,reconstructible,failure_mining_llm_v3_metrics
bright,biology:2,azure+cohere,mixed,failure_mining,debias_position,pairwise,rank_centrality,unknown,0.0,0.0,False,0.0,reconstructible,failure_mining_llm_v3_metrics
bright,biology:2,azure+cohere,mixed,failure_mining,debias_position,pairwise,markov_graph,unknown,0.0,0.0,False,0.0,reconstructible,failure_mining_llm_v3_metrics
bright,biology:2,azure+cohere,mixed,failure_mining,debias_position,pairwise,markov_graph_repaired,greedy,0.0,0.0,False,0.0,reconstructible,failure_mining_llm_v3_metrics
bright,biology:2,azure+cohere,mixed,failure_mining,debias_position,pairwise,greedy_fas_topological,greedy,0.0,0.0,False,0.0,reconstructible,failure_mining_llm_v3_metrics
bright,biology:2,azure+cohere,mixed,failure_mining,debias_position,pairwise,prior_only,unknown,0.0,0.0,False,0.0,reconstructible,failure_mining_llm_v3_metrics
bright,biology:2,azure+cohere,mixed,failure_mining,debias_position,pairwise,rrf,unknown,0.0,0.0,False,0.0,reconstructible,failure_mining_llm_v3_metrics
bright,biology:2,azure+cohere,mixed,failure_mining,debias_position,pairwise,combsum,unknown,0.0,0.0,False,0.0,reconstructible,failure_mining_llm_v3_metrics
bright,biology:2,azure+cohere,mixed,failure_mining,debias_position,pairwise,borda_fuse,unknown,0.0,0.0,False,0.0,reconstructible,failure_mining_llm_v3_metrics
bright,biology:2,azure+cohere,mixed,failure_mining,debias_position,pairwise,bradley_terry,unknown,0.0,0.0,False,0.0,reconstructible,failure_mining_llm_v3_metrics
bright,biology:2,azure+cohere,mixed,failure_mining,debias_position,pairwise,local_kemenization,unknown,0.0,0.0,False,0.0,reconstructible,failure_mining_llm_v3_metrics
bright,biology:2,azure+cohere,mixed,failure_mining,debias_position,pairwise,llm_cohere_pairwise,unknown,,,False,0.0,reconstructible,failure_mining_llm_v3_metrics
bright,biology:2,azure+cohere,mixed,failure_mining,debias_position,pairwise,llm_azure_pairwise,unknown,,,False,0.0,reconstructible,failure_mining_llm_v3_metrics
bright,biology:3,azure+cohere,mixed,failure_mining,debias_position,pairwise,score_sum,unknown,1.0,0.01710791804331213,False,0.0,reconstructible,failure_mining_llm_v3_metrics
bright,biology:3,azure+cohere,mixed,failure_mining,debias_position,pairwise,borda,unknown,1.0,0.01710791804331213,False,0.0,reconstructible,failure_mining_llm_v3_metrics
bright,biology:3,azure+cohere,mixed,failure_mining,debias_position,pairwise,pagerank,unknown,1.0,0.01710791804331213,False,0.0,reconstructible,failure_mining_llm_v3_metrics
bright,biology:3,azure+cohere,mixed,failure_mining,debias_position,pairwise,rank_centrality,unknown,0.9828920819566879,0.0,False,0.0,reconstructible,failure_mining_llm_v3_metrics
bright,biology:3,azure+cohere,mixed,failure_mining,debias_position,pairwise,markov_graph,unknown,0.9828920819566879,0.0,False,0.0,reconstructible,failure_mining_llm_v3_metrics
bright,biology:3,azure+cohere,mixed,failure_mining,debias_position,pairwise,markov_graph_repaired,greedy,0.9828920819566879,0.0,False,0.0,reconstructible,failure_mining_llm_v3_metrics
bright,biology:3,azure+cohere,mixed,failure_mining,debias_position,pairwise,greedy_fas_topological,greedy,1.0,0.01710791804331213,False,0.0,reconstructible,failure_mining_llm_v3_metrics
bright,biology:3,azure+cohere,mixed,failure_mining,debias_position,pairwise,prior_only,unknown,1.0,0.01710791804331213,False,0.0,reconstructible,failure_mining_llm_v3_metrics
bright,biology:3,azure+cohere,mixed,failure_mining,debias_position,pairwise,rrf,unknown,1.0,0.01710791804331213,False,0.0,reconstructible,failure_mining_llm_v3_metrics
bright,biology:3,azure+cohere,mixed,failure_mining,debias_position,pairwise,combsum,unknown,1.0,0.01710791804331213,False,0.0,reconstructible,failure_mining_llm_v3_metrics
bright,biology:3,azure+cohere,mixed,failure_mining,debias_position,pairwise,borda_fuse,unknown,1.0,0.01710791804331213,False,0.0,reconstructible,failure_mining_llm_v3_metrics
bright,biology:3,azure+cohere,mixed,failure_mining,debias_position,pairwise,bradley_terry,unknown,1.0,0.01710791804331213,False,0.0,reconstructible,failure_mining_llm_v3_metrics
bright,biology:3,azure+cohere,mixed,failure_mining,debias_position,pairwise,local_kemenization,unknown,1.0,0.01710791804331213,False,0.0,reconstructible,failure_mining_llm_v3_metrics
bright,biology:3,azure+cohere,mixed,failure_mining,debias_position,pairwise,llm_cohere_pairwise,unknown,,,False,0.0,reconstructible,failure_mining_llm_v3_metrics
bright,biology:3,azure+cohere,mixed,failure_mining,debias_position,pairwise,llm_azure_pairwise,unknown,,,False,0.0,reconstructible,failure_mining_llm_v3_metrics
bright,biology:4,azure+cohere,mixed,failure_mining,debias_position,pairwise,score_sum,unknown,1.0,0.0,False,0.0,reconstructible,failure_mining_llm_v3_metrics
bright,biology:4,azure+cohere,mixed,failure_mining,debias_position,pairwise,borda,unknown,1.0,0.0,False,0.0,reconstructible,failure_mining_llm_v3_metrics
bright,biology:4,azure+cohere,mixed,failure_mining,debias_position,pairwise,pagerank,unknown,1.0,0.0,False,0.0,reconstructible,failure_mining_llm_v3_metrics
bright,biology:4,azure+cohere,mixed,failure_mining,debias_position,pairwise,rank_centrality,unknown,1.0,0.0,False,0.0,reconstructible,failure_mining_llm_v3_metrics
bright,biology:4,azure+cohere,mixed,failure_mining,debias_position,pairwise,markov_graph,unknown,1.0,0.0,False,0.0,reconstructible,failure_mining_llm_v3_metrics
bright,biology:4,azure+cohere,mixed,failure_mining,debias_position,pairwise,markov_graph_repaired,greedy,1.0,0.0,False,0.0,reconstructible,failure_mining_llm_v3_metrics
bright,biology:4,azure+cohere,mixed,failure_mining,debias_position,pairwise,greedy_fas_topological,greedy,1.0,0.0,False,0.0,reconstructible,failure_mining_llm_v3_metrics
bright,biology:4,azure+cohere,mixed,failure_mining,debias_position,pairwise,prior_only,unknown,1.0,0.0,False,0.0,reconstructible,failure_mining_llm_v3_metrics
bright,biology:4,azure+cohere,mixed,failure_mining,debias_position,pairwise,rrf,unknown,1.0,0.0,False,0.0,reconstructible,failure_mining_llm_v3_metrics
bright,biology:4,azure+cohere,mixed,failure_mining,debias_position,pairwise,combsum,unknown,1.0,0.0,False,0.0,reconstructible,failure_mining_llm_v3_metrics
bright,biology:4,azure+cohere,mixed,failure_mining,debias_position,pairwise,borda_fuse,unknown,1.0,0.0,False,0.0,reconstructible,failure_mining_llm_v3_metrics
bright,biology:4,azure+cohere,mixed,failure_mining,debias_position,pairwise,bradley_terry,unknown,1.0,0.0,False,0.0,reconstructible,failure_mining_llm_v3_metrics
bright,biology:4,azure+cohere,mixed,failure_mining,debias_position,pairwise,local_kemenization,unknown,1.0,0.0,False,0.0,reconstructible,failure_mining_llm_v3_metrics
bright,biology:4,azure+cohere,mixed,failure_mining,debias_position,pairwise,llm_cohere_pairwise,unknown,,,False,0.0,reconstructible,failure_mining_llm_v3_metrics
bright,biology:4,azure+cohere,mixed,failure_mining,debias_position,pairwise,llm_azure_pairwise,unknown,,,False,0.0,reconstructible,failure_mining_llm_v3_metrics
bright,biology:5,azure+cohere,mixed,failure_mining,debias_position,pairwise,score_sum,unknown,0.9828920819566879,0.0,False,0.0,reconstructible,failure_mining_llm_v3_metrics
bright,biology:5,azure+cohere,mixed,failure_mining,debias_position,pairwise,borda,unknown,0.9828920819566879,0.0,False,0.0,reconstructible,failure_mining_llm_v3_metrics
bright,biology:5,azure+cohere,mixed,failure_mining,debias_position,pairwise,pagerank,unknown,0.9828920819566879,0.0,False,0.0,reconstructible,failure_mining_llm_v3_metrics
bright,biology:5,azure+cohere,mixed,failure_mining,debias_position,pairwise,rank_centrality,unknown,0.9828920819566879,0.0,False,0.0,reconstructible,failure_mining_llm_v3_metrics
bright,biology:5,azure+cohere,mixed,failure_mining,debias_position,pairwise,markov_graph,unknown,0.9828920819566879,0.0,False,0.0,reconstructible,failure_mining_llm_v3_metrics
bright,biology:5,azure+cohere,mixed,failure_mining,debias_position,pairwise,markov_graph_repaired,greedy,0.9828920819566879,0.0,False,0.0,reconstructible,failure_mining_llm_v3_metrics
bright,biology:5,azure+cohere,mixed,failure_mining,debias_position,pairwise,greedy_fas_topological,greedy,0.7606395682357036,-0.2222525137209843,False,0.0,reconstructible,failure_mining_llm_v3_metrics
bright,biology:5,azure+cohere,mixed,failure_mining,debias_position,pairwise,prior_only,unknown,0.9178287402913377,-0.06506334166535022,False,0.0,reconstructible,failure_mining_llm_v3_metrics
bright,biology:5,azure+cohere,mixed,failure_mining,debias_position,pairwise,rrf,unknown,0.9178287402913377,-0.06506334166535022,False,0.0,reconstructible,failure_mining_llm_v3_metrics
bright,biology:5,azure+cohere,mixed,failure_mining,debias_position,pairwise,combsum,unknown,1.0,0.01710791804331213,False,0.0,reconstructible,failure_mining_llm_v3_metrics
bright,biology:5,azure+cohere,mixed,failure_mining,debias_position,pairwise,borda_fuse,unknown,0.9178287402913377,-0.06506334166535022,False,0.0,reconstructible,failure_mining_llm_v3_metrics
bright,biology:5,azure+cohere,mixed,failure_mining,debias_position,pairwise,bradley_terry,unknown,0.9558295932317544,-0.027062488724933442,False,0.0,reconstructible,failure_mining_llm_v3_metrics
bright,biology:5,azure+cohere,mixed,failure_mining,debias_position,pairwise,local_kemenization,unknown,0.9709286432396583,-0.01196343871702954,False,0.0,reconstructible,failure_mining_llm_v3_metrics
bright,biology:5,azure+cohere,mixed,failure_mining,debias_position,pairwise,llm_cohere_pairwise,unknown,,,False,0.0,reconstructible,failure_mining_llm_v3_metrics
bright,biology:5,azure+cohere,mixed,failure_mining,debias_position,pairwise,llm_azure_pairwise,unknown,,,False,0.0,reconstructible,failure_mining_llm_v3_metrics
bright,biology:6,azure+cohere,mixed,failure_mining,debias_position,pairwise,score_sum,unknown,1.0,0.08027921085181244,False,0.0,reconstructible,failure_mining_llm_v3_metrics
bright,biology:6,azure+cohere,mixed,failure_mining,debias_position,pairwise,borda,unknown,1.0,0.08027921085181244,False,0.0,reconstructible,failure_mining_llm_v3_metrics
bright,biology:6,azure+cohere,mixed,failure_mining,debias_position,pairwise,pagerank,unknown,1.0,0.08027921085181244,False,0.0,reconstructible,failure_mining_llm_v3_metrics
bright,biology:6,azure+cohere,mixed,failure_mining,debias_position,pairwise,rank_centrality,unknown,0.9197207891481876,0.0,False,0.0,reconstructible,failure_mining_llm_v3_metrics
bright,biology:6,azure+cohere,mixed,failure_mining,debias_position,pairwise,markov_graph,unknown,0.9197207891481876,0.0,False,0.0,reconstructible,failure_mining_llm_v3_metrics
bright,biology:6,azure+cohere,mixed,failure_mining,debias_position,pairwise,markov_graph_repaired,greedy,0.9197207891481876,0.0,False,0.0,reconstructible,failure_mining_llm_v3_metrics
bright,biology:6,azure+cohere,mixed,failure_mining,debias_position,pairwise,greedy_fas_topological,greedy,1.0,0.08027921085181244,False,0.0,reconstructible,failure_mining_llm_v3_metrics
bright,biology:6,azure+cohere,mixed,failure_mining,debias_position,pairwise,prior_only,unknown,1.0,0.08027921085181244,False,0.0,reconstructible,failure_mining_llm_v3_metrics
bright,biology:6,azure+cohere,mixed,failure_mining,debias_position,pairwise,rrf,unknown,0.9197207891481876,0.0,False,0.0,reconstructible,failure_mining_llm_v3_metrics
bright,biology:6,azure+cohere,mixed,failure_mining,debias_position,pairwise,combsum,unknown,0.9197207891481876,0.0,False,0.0,reconstructible,failure_mining_llm_v3_metrics
bright,biology:6,azure+cohere,mixed,failure_mining,debias_position,pairwise,borda_fuse,unknown,0.9197207891481876,0.0,False,0.0,reconstructible,failure_mining_llm_v3_metrics
bright,biology:6,azure+cohere,mixed,failure_mining,debias_position,pairwise,bradley_terry,unknown,1.0,0.08027921085181244,False,0.0,reconstructible,failure_mining_llm_v3_metrics
bright,biology:6,azure+cohere,mixed,failure_mining,debias_position,pairwise,local_kemenization,unknown,0.9197207891481876,0.0,False,0.0,reconstructible,failure_mining_llm_v3_metrics
bright,biology:6,azure+cohere,mixed,failure_mining,debias_position,pairwise,llm_cohere_pairwise,unknown,,,False,0.0,reconstructible,failure_mining_llm_v3_metrics
bright,biology:6,azure+cohere,mixed,failure_mining,debias_position,pairwise,llm_azure_pairwise,unknown,,,False,0.0,reconstructible,failure_mining_llm_v3_metrics
bright,biology:7,azure+cohere,mixed,failure_mining,debias_position,pairwise,score_sum,unknown,1.0,0.0,False,0.0,reconstructible,failure_mining_llm_v3_metrics
bright,biology:7,azure+cohere,mixed,failure_mining,debias_position,pairwise,borda,unknown,1.0,0.0,False,0.0,reconstructible,failure_mining_llm_v3_metrics
bright,biology:7,azure+cohere,mixed,failure_mining,debias_position,pairwise,pagerank,unknown,1.0,0.0,False,0.0,reconstructible,failure_mining_llm_v3_metrics
bright,biology:7,azure+cohere,mixed,failure_mining,debias_position,pairwise,rank_centrality,unknown,1.0,0.0,False,0.0,reconstructible,failure_mining_llm_v3_metrics
bright,biology:7,azure+cohere,mixed,failure_mining,debias_position,pairwise,markov_graph,unknown,1.0,0.0,False,0.0,reconstructible,failure_mining_llm_v3_metrics
bright,biology:7,azure+cohere,mixed,failure_mining,debias_position,pairwise,markov_graph_repaired,greedy,1.0,0.0,False,0.0,reconstructible,failure_mining_llm_v3_metrics
bright,biology:7,azure+cohere,mixed,failure_mining,debias_position,pairwise,greedy_fas_topological,greedy,0.9558295932317544,-0.044170406768245574,False,0.0,reconstructible,failure_mining_llm_v3_metrics
bright,biology:7,azure+cohere,mixed,failure_mining,debias_position,pairwise,prior_only,unknown,1.0,0.0,False,0.0,reconstructible,failure_mining_llm_v3_metrics
bright,biology:7,azure+cohere,mixed,failure_mining,debias_position,pairwise,rrf,unknown,1.0,0.0,False,0.0,reconstructible,failure_mining_llm_v3_metrics
bright,biology:7,azure+cohere,mixed,failure_mining,debias_position,pairwise,combsum,unknown,1.0,0.0,False,0.0,reconstructible,failure_mining_llm_v3_metrics
bright,biology:7,azure+cohere,mixed,failure_mining,debias_position,pairwise,borda_fuse,unknown,1.0,0.0,False,0.0,reconstructible,failure_mining_llm_v3_metrics
bright,biology:7,azure+cohere,mixed,failure_mining,debias_position,pairwise,bradley_terry,unknown,1.0,0.0,False,0.0,reconstructible,failure_mining_llm_v3_metrics
bright,biology:7,azure+cohere,mixed,failure_mining,debias_position,pairwise,local_kemenization,unknown,1.0,0.0,False,0.0,reconstructible,failure_mining_llm_v3_metrics
bright,biology:7,azure+cohere,mixed,failure_mining,debias_position,pairwise,llm_cohere_pairwise,unknown,,,False,0.0,reconstructible,failure_mining_llm_v3_metrics
bright,biology:7,azure+cohere,mixed,failure_mining,debias_position,pairwise,llm_azure_pairwise,unknown,,,False,0.0,reconstructible,failure_mining_llm_v3_metrics
bright,biology:8,azure+cohere,mixed,failure_mining,debias_position,pairwise,score_sum,unknown,0.0,0.0,False,0.0,reconstructible,failure_mining_llm_v3_metrics
bright,biology:8,azure+cohere,mixed,failure_mining,debias_position,pairwise,borda,unknown,0.0,0.0,False,0.0,reconstructible,failure_mining_llm_v3_metrics
bright,biology:8,azure+cohere,mixed,failure_mining,debias_position,pairwise,pagerank,unknown,0.0,0.0,False,0.0,reconstructible,failure_mining_llm_v3_metrics
bright,biology:8,azure+cohere,mixed,failure_mining,debias_position,pairwise,rank_centrality,unknown,0.0,0.0,False,0.0,reconstructible,failure_mining_llm_v3_metrics
bright,biology:8,azure+cohere,mixed,failure_mining,debias_position,pairwise,markov_graph,unknown,0.0,0.0,False,0.0,reconstructible,failure_mining_llm_v3_metrics
bright,biology:8,azure+cohere,mixed,failure_mining,debias_position,pairwise,markov_graph_repaired,greedy,0.0,0.0,False,0.0,reconstructible,failure_mining_llm_v3_metrics
bright,biology:8,azure+cohere,mixed,failure_mining,debias_position,pairwise,greedy_fas_topological,greedy,0.0,0.0,False,0.0,reconstructible,failure_mining_llm_v3_metrics
bright,biology:8,azure+cohere,mixed,failure_mining,debias_position,pairwise,prior_only,unknown,0.0,0.0,False,0.0,reconstructible,failure_mining_llm_v3_metrics
bright,biology:8,azure+cohere,mixed,failure_mining,debias_position,pairwise,rrf,unknown,0.0,0.0,False,0.0,reconstructible,failure_mining_llm_v3_metrics
bright,biology:8,azure+cohere,mixed,failure_mining,debias_position,pairwise,combsum,unknown,0.0,0.0,False,0.0,reconstructible,failure_mining_llm_v3_metrics
bright,biology:8,azure+cohere,mixed,failure_mining,debias_position,pairwise,borda_fuse,unknown,0.0,0.0,False,0.0,reconstructible,failure_mining_llm_v3_metrics
bright,biology:8,azure+cohere,mixed,failure_mining,debias_position,pairwise,bradley_terry,unknown,0.0,0.0,False,0.0,reconstructible,failure_mining_llm_v3_metrics
bright,biology:8,azure+cohere,mixed,failure_mining,debias_position,pairwise,local_kemenization,unknown,0.0,0.0,False,0.0,reconstructible,failure_mining_llm_v3_metrics
bright,biology:8,azure+cohere,mixed,failure_mining,debias_position,pairwise,llm_cohere_pairwise,unknown,,,False,0.0,reconstructible,failure_mining_llm_v3_metrics
bright,biology:8,azure+cohere,mixed,failure_mining,debias_position,pairwise,llm_azure_pairwise,unknown,,,False,0.0,reconstructible,failure_mining_llm_v3_metrics
bright,biology:9,azure+cohere,mixed,failure_mining,debias_position,pairwise,score_sum,unknown,0.41183384043543503,0.01618711683322316,False,0.0,reconstructible,failure_mining_llm_v3_metrics
bright,biology:9,azure+cohere,mixed,failure_mining,debias_position,pairwise,borda,unknown,0.430624116386567,0.03497739278435513,False,0.0,reconstructible,failure_mining_llm_v3_metrics
bright,biology:9,azure+cohere,mixed,failure_mining,debias_position,pairwise,pagerank,unknown,0.41183384043543503,0.01618711683322316,False,0.0,reconstructible,failure_mining_llm_v3_metrics
bright,biology:9,azure+cohere,mixed,failure_mining,debias_position,pairwise,rank_centrality,unknown,0.38162168437253385,-0.014025039229678016,False,0.0,reconstructible,failure_mining_llm_v3_metrics
bright,biology:9,azure+cohere,mixed,failure_mining,debias_position,pairwise,markov_graph,unknown,0.39564672360221187,0.0,False,0.0,reconstructible,failure_mining_llm_v3_metrics
bright,biology:9,azure+cohere,mixed,failure_mining,debias_position,pairwise,markov_graph_repaired,greedy,0.39564672360221187,0.0,False,0.0,reconstructible,failure_mining_llm_v3_metrics
bright,biology:9,azure+cohere,mixed,failure_mining,debias_position,pairwise,greedy_fas_topological,greedy,0.3889580943680543,-0.006688629234157584,False,0.0,reconstructible,failure_mining_llm_v3_metrics
bright,biology:9,azure+cohere,mixed,failure_mining,debias_position,pairwise,prior_only,unknown,0.39564672360221187,0.0,False,0.0,reconstructible,failure_mining_llm_v3_metrics
bright,biology:9,azure+cohere,mixed,failure_mining,debias_position,pairwise,rrf,unknown,0.39564672360221187,0.0,False,0.0,reconstructible,failure_mining_llm_v3_metrics
bright,biology:9,azure+cohere,mixed,failure_mining,debias_position,pairwise,combsum,unknown,0.37800210039683896,-0.01764462320537291,False,0.0,reconstructible,failure_mining_llm_v3_metrics
bright,biology:9,azure+cohere,mixed,failure_mining,debias_position,pairwise,borda_fuse,unknown,0.39564672360221187,0.0,False,0.0,reconstructible,failure_mining_llm_v3_metrics
bright,biology:9,azure+cohere,mixed,failure_mining,debias_position,pairwise,bradley_terry,unknown,0.41183384043543503,0.01618711683322316,False,0.0,reconstructible,failure_mining_llm_v3_metrics
bright,biology:9,azure+cohere,mixed,failure_mining,debias_position,pairwise,local_kemenization,unknown,0.39564672360221187,0.0,False,0.0,reconstructible,failure_mining_llm_v3_metrics
bright,biology:9,azure+cohere,mixed,failure_mining,debias_position,pairwise,llm_cohere_pairwise,unknown,,,False,0.0,reconstructible,failure_mining_llm_v3_metrics
bright,biology:9,azure+cohere,mixed,failure_mining,debias_position,pairwise,llm_azure_pairwise,unknown,,,False,0.0,reconstructible,failure_mining_llm_v3_metrics
bright,biology:10,azure+cohere,mixed,failure_mining,debias_position,pairwise,score_sum,unknown,1.0,0.01710791804331213,False,0.0,reconstructible,failure_mining_llm_v3_metrics
bright,biology:10,azure+cohere,mixed,failure_mining,debias_position,pairwise,borda,unknown,1.0,0.01710791804331213,False,0.0,reconstructible,failure_mining_llm_v3_metrics
bright,biology:10,azure+cohere,mixed,failure_mining,debias_position,pairwise,pagerank,unknown,1.0,0.01710791804331213,False,0.0,reconstructible,failure_mining_llm_v3_metrics
bright,biology:10,azure+cohere,mixed,failure_mining,debias_position,pairwise,rank_centrality,unknown,0.9828920819566879,0.0,False,0.0,reconstructible,failure_mining_llm_v3_metrics
bright,biology:10,azure+cohere,mixed,failure_mining,debias_position,pairwise,markov_graph,unknown,0.9828920819566879,0.0,False,0.0,reconstructible,failure_mining_llm_v3_metrics
bright,biology:10,azure+cohere,mixed,failure_mining,debias_position,pairwise,markov_graph_repaired,greedy,0.9828920819566879,0.0,False,0.0,reconstructible,failure_mining_llm_v3_metrics
bright,biology:10,azure+cohere,mixed,failure_mining,debias_position,pairwise,greedy_fas_topological,greedy,0.9619991470595832,-0.020892934897104642,False,0.0,reconstructible,failure_mining_llm_v3_metrics
bright,biology:10,azure+cohere,mixed,failure_mining,debias_position,pairwise,prior_only,unknown,0.9709286432396583,-0.01196343871702954,False,0.0,reconstructible,failure_mining_llm_v3_metrics
bright,biology:10,azure+cohere,mixed,failure_mining,debias_position,pairwise,rrf,unknown,0.9550236580992476,-0.02786842385744026,False,0.0,reconstructible,failure_mining_llm_v3_metrics
bright,biology:10,azure+cohere,mixed,failure_mining,debias_position,pairwise,combsum,unknown,0.9447176050778178,-0.0381744768788701,False,0.0,reconstructible,failure_mining_llm_v3_metrics
bright,biology:10,azure+cohere,mixed,failure_mining,debias_position,pairwise,borda_fuse,unknown,0.9550236580992476,-0.02786842385744026,False,0.0,reconstructible,failure_mining_llm_v3_metrics
bright,biology:10,azure+cohere,mixed,failure_mining,debias_position,pairwise,bradley_terry,unknown,1.0,0.01710791804331213,False,0.0,reconstructible,failure_mining_llm_v3_metrics
bright,biology:10,azure+cohere,mixed,failure_mining,debias_position,pairwise,local_kemenization,unknown,0.9550236580992476,-0.02786842385744026,False,0.0,reconstructible,failure_mining_llm_v3_metrics
bright,biology:10,azure+cohere,mixed,failure_mining,debias_position,pairwise,llm_cohere_pairwise,unknown,,,False,0.0,reconstructible,failure_mining_llm_v3_metrics
bright,biology:10,azure+cohere,mixed,failure_mining,debias_position,pairwise,llm_azure_pairwise,unknown,,,False,0.0,reconstructible,failure_mining_llm_v3_metrics
bright,biology:11,azure+cohere,mixed,failure_mining,debias_position,pairwise,score_sum,unknown,0.8529278650606567,-0.11454011842851264,False,0.0,reconstructible,failure_mining_llm_v3_metrics
bright,biology:11,azure+cohere,mixed,failure_mining,debias_position,pairwise,borda,unknown,0.8854598815714874,-0.08200810191768193,False,0.0,reconstructible,failure_mining_llm_v3_metrics
bright,biology:11,azure+cohere,mixed,failure_mining,debias_position,pairwise,pagerank,unknown,0.8854598815714874,-0.08200810191768193,False,0.0,reconstructible,failure_mining_llm_v3_metrics
bright,biology:11,azure+cohere,mixed,failure_mining,debias_position,pairwise,rank_centrality,unknown,0.9674679834891693,0.0,False,0.0,reconstructible,failure_mining_llm_v3_metrics
bright,biology:11,azure+cohere,mixed,failure_mining,debias_position,pairwise,markov_graph,unknown,0.9674679834891693,0.0,False,0.0,reconstructible,failure_mining_llm_v3_metrics
bright,biology:11,azure+cohere,mixed,failure_mining,debias_position,pairwise,markov_graph_repaired,greedy,0.9674679834891693,0.0,False,0.0,reconstructible,failure_mining_llm_v3_metrics
bright,biology:11,azure+cohere,mixed,failure_mining,debias_position,pairwise,greedy_fas_topological,greedy,0.9674679834891693,0.0,False,0.0,reconstructible,failure_mining_llm_v3_metrics
bright,biology:11,azure+cohere,mixed,failure_mining,debias_position,pairwise,prior_only,unknown,0.9060254355346823,-0.061442547954487,False,0.0,reconstructible,failure_mining_llm_v3_metrics
bright,biology:11,azure+cohere,mixed,failure_mining,debias_position,pairwise,rrf,unknown,0.9060254355346823,-0.061442547954487,False,0.0,reconstructible,failure_mining_llm_v3_metrics
bright,biology:11,azure+cohere,mixed,failure_mining,debias_position,pairwise,combsum,unknown,1.0,0.03253201651083071,False,0.0,reconstructible,failure_mining_llm_v3_metrics
bright,biology:11,azure+cohere,mixed,failure_mining,debias_position,pairwise,borda_fuse,unknown,0.9060254355346823,-0.061442547954487,False,0.0,reconstructible,failure_mining_llm_v3_metrics
bright,biology:11,azure+cohere,mixed,failure_mining,debias_position,pairwise,bradley_terry,unknown,1.0,0.03253201651083071,False,0.0,reconstructible,failure_mining_llm_v3_metrics
bright,biology:11,azure+cohere,mixed,failure_mining,debias_position,pairwise,local_kemenization,unknown,0.9060254355346823,-0.061442547954487,False,0.0,reconstructible,failure_mining_llm_v3_metrics
bright,biology:11,azure+cohere,mixed,failure_mining,debias_position,pairwise,llm_cohere_pairwise,unknown,,,False,0.0,reconstructible,failure_mining_llm_v3_metrics
bright,biology:11,azure+cohere,mixed,failure_mining,debias_position,pairwise,llm_azure_pairwise,unknown,,,False,0.0,reconstructible,failure_mining_llm_v3_metrics
bright,biology:12,azure+cohere,mixed,failure_mining,debias_position,pairwise,score_sum,unknown,0.9047172294870751,0.0,False,0.0,reconstructible,failure_mining_llm_v3_metrics
bright,biology:12,azure+cohere,mixed,failure_mining,debias_position,pairwise,borda,unknown,0.9047172294870751,0.0,False,0.0,reconstructible,failure_mining_llm_v3_metrics
bright,biology:12,azure+cohere,mixed,failure_mining,debias_position,pairwise,pagerank,unknown,0.8838242945899706,-0.02089293489710453,False,0.0,reconstructible,failure_mining_llm_v3_metrics
bright,biology:12,azure+cohere,mixed,failure_mining,debias_position,pairwise,rank_centrality,unknown,0.9047172294870751,0.0,False,0.0,reconstructible,failure_mining_llm_v3_metrics
bright,biology:12,azure+cohere,mixed,failure_mining,debias_position,pairwise,markov_graph,unknown,0.9047172294870751,0.0,False,0.0,reconstructible,failure_mining_llm_v3_metrics
bright,biology:12,azure+cohere,mixed,failure_mining,debias_position,pairwise,markov_graph_repaired,greedy,0.9047172294870751,0.0,False,0.0,reconstructible,failure_mining_llm_v3_metrics
bright,biology:12,azure+cohere,mixed,failure_mining,debias_position,pairwise,greedy_fas_topological,greedy,0.9558295932317544,0.05111236374467931,False,0.0,reconstructible,failure_mining_llm_v3_metrics
bright,biology:12,azure+cohere,mixed,failure_mining,debias_position,pairwise,prior_only,unknown,0.7100281367210132,-0.19468909276606194,False,0.0,reconstructible,failure_mining_llm_v3_metrics
bright,biology:12,azure+cohere,mixed,failure_mining,debias_position,pairwise,rrf,unknown,0.7100281367210132,-0.19468909276606194,False,0.0,reconstructible,failure_mining_llm_v3_metrics
bright,biology:12,azure+cohere,mixed,failure_mining,debias_position,pairwise,combsum,unknown,0.7606395682357036,-0.14407766125137156,False,0.0,reconstructible,failure_mining_llm_v3_metrics
bright,biology:12,azure+cohere,mixed,failure_mining,debias_position,pairwise,borda_fuse,unknown,0.7100281367210132,-0.19468909276606194,False,0.0,reconstructible,failure_mining_llm_v3_metrics
bright,biology:12,azure+cohere,mixed,failure_mining,debias_position,pairwise,bradley_terry,unknown,0.9047172294870751,0.0,False,0.0,reconstructible,failure_mining_llm_v3_metrics
bright,biology:12,azure+cohere,mixed,failure_mining,debias_position,pairwise,local_kemenization,unknown,0.7100281367210132,-0.19468909276606194,False,0.0,reconstructible,failure_mining_llm_v3_metrics
bright,biology:12,azure+cohere,mixed,failure_mining,debias_position,pairwise,llm_cohere_pairwise,unknown,,,False,0.0,reconstructible,failure_mining_llm_v3_metrics
bright,biology:12,azure+cohere,mixed,failure_mining,debias_position,pairwise,llm_azure_pairwise,unknown,,,False,0.0,reconstructible,failure_mining_llm_v3_metrics
bright,biology:13,azure+cohere,mixed,failure_mining,debias_position,pairwise,score_sum,unknown,0.9896062251871525,0.014863272330364552,False,0.0,reconstructible,failure_mining_llm_v3_metrics
bright,biology:13,azure+cohere,mixed,failure_mining,debias_position,pairwise,borda,unknown,0.9896062251871525,0.014863272330364552,False,0.0,reconstructible,failure_mining_llm_v3_metrics
bright,biology:13,azure+cohere,mixed,failure_mining,debias_position,pairwise,pagerank,unknown,0.9896062251871525,0.014863272330364552,False,0.0,reconstructible,failure_mining_llm_v3_metrics
bright,biology:13,azure+cohere,mixed,failure_mining,debias_position,pairwise,rank_centrality,unknown,0.9747429528567879,0.0,False,0.0,reconstructible,failure_mining_llm_v3_metrics
bright,biology:13,azure+cohere,mixed,failure_mining,debias_position,pairwise,markov_graph,unknown,0.9747429528567879,0.0,False,0.0,reconstructible,failure_mining_llm_v3_metrics
bright,biology:13,azure+cohere,mixed,failure_mining,debias_position,pairwise,markov_graph_repaired,greedy,0.9747429528567879,0.0,False,0.0,reconstructible,failure_mining_llm_v3_metrics
bright,biology:13,azure+cohere,mixed,failure_mining,debias_position,pairwise,greedy_fas_topological,greedy,0.9747429528567879,0.0,False,0.0,reconstructible,failure_mining_llm_v3_metrics
bright,biology:13,azure+cohere,mixed,failure_mining,debias_position,pairwise,prior_only,unknown,0.9747429528567879,0.0,False,0.0,reconstructible,failure_mining_llm_v3_metrics
bright,biology:13,azure+cohere,mixed,failure_mining,debias_position,pairwise,rrf,unknown,0.9896062251871525,0.014863272330364552,False,0.0,reconstructible,failure_mining_llm_v3_metrics
bright,biology:13,azure+cohere,mixed,failure_mining,debias_position,pairwise,combsum,unknown,0.9896062251871525,0.014863272330364552,False,0.0,reconstructible,failure_mining_llm_v3_metrics
bright,biology:13,azure+cohere,mixed,failure_mining,debias_position,pairwise,borda_fuse,unknown,0.9896062251871525,0.014863272330364552,False,0.0,reconstructible,failure_mining_llm_v3_metrics
bright,biology:13,azure+cohere,mixed,failure_mining,debias_position,pairwise,bradley_terry,unknown,0.9896062251871525,0.014863272330364552,False,0.0,reconstructible,failure_mining_llm_v3_metrics
bright,biology:13,azure+cohere,mixed,failure_mining,debias_position,pairwise,local_kemenization,unknown,0.9896062251871525,0.014863272330364552,False,0.0,reconstructible,failure_mining_llm_v3_metrics
bright,biology:13,azure+cohere,mixed,failure_mining,debias_position,pairwise,llm_cohere_pairwise,unknown,,,False,0.0,reconstructible,failure_mining_llm_v3_metrics
bright,biology:13,azure+cohere,mixed,failure_mining,debias_position,pairwise,llm_azure_pairwise,unknown,,,False,0.0,reconstructible,failure_mining_llm_v3_metrics
bright,biology:17,azure+cohere,mixed,failure_mining,debias_position,pairwise,score_sum,unknown,0.9918291064614978,-0.004519695693437575,False,0.0,reconstructible,failure_mining_llm_v3_metrics
bright,biology:17,azure+cohere,mixed,failure_mining,debias_position,pairwise,borda,unknown,0.9918291064614978,-0.004519695693437575,False,0.0,reconstructible,failure_mining_llm_v3_metrics
bright,biology:17,azure+cohere,mixed,failure_mining,debias_position,pairwise,pagerank,unknown,0.9888026041880242,-0.007546197966911139,False,0.0,reconstructible,failure_mining_llm_v3_metrics
bright,biology:17,azure+cohere,mixed,failure_mining,debias_position,pairwise,rank_centrality,unknown,0.9963488021549354,0.0,False,0.0,reconstructible,failure_mining_llm_v3_metrics
bright,biology:17,azure+cohere,mixed,failure_mining,debias_position,pairwise,markov_graph,unknown,0.9963488021549354,0.0,False,0.0,reconstructible,failure_mining_llm_v3_metrics
bright,biology:17,azure+cohere,mixed,failure_mining,debias_position,pairwise,markov_graph_repaired,greedy,0.9963488021549354,0.0,False,0.0,reconstructible,failure_mining_llm_v3_metrics
bright,biology:17,azure+cohere,mixed,failure_mining,debias_position,pairwise,greedy_fas_topological,greedy,0.9963488021549354,0.0,False,0.0,reconstructible,failure_mining_llm_v3_metrics
bright,biology:17,azure+cohere,mixed,failure_mining,debias_position,pairwise,prior_only,unknown,0.9888026041880242,-0.007546197966911139,False,0.0,reconstructible,failure_mining_llm_v3_metrics
bright,biology:17,azure+cohere,mixed,failure_mining,debias_position,pairwise,rrf,unknown,0.9888026041880242,-0.007546197966911139,False,0.0,reconstructible,failure_mining_llm_v3_metrics
bright,biology:17,azure+cohere,mixed,failure_mining,debias_position,pairwise,combsum,unknown,0.9963488021549354,0.0,False,0.0,reconstructible,failure_mining_llm_v3_metrics
bright,biology:17,azure+cohere,mixed,failure_mining,debias_position,pairwise,borda_fuse,unknown,0.9888026041880242,-0.007546197966911139,False,0.0,reconstructible,failure_mining_llm_v3_metrics
bright,biology:17,azure+cohere,mixed,failure_mining,debias_position,pairwise,bradley_terry,unknown,0.9918291064614978,-0.004519695693437575,False,0.0,reconstructible,failure_mining_llm_v3_metrics
bright,biology:17,azure+cohere,mixed,failure_mining,debias_position,pairwise,local_kemenization,unknown,0.9963488021549354,0.0,False,0.0,reconstructible,failure_mining_llm_v3_metrics
bright,biology:17,azure+cohere,mixed,failure_mining,debias_position,pairwise,llm_cohere_pairwise,unknown,,,False,0.0,reconstructible,failure_mining_llm_v3_metrics
bright,biology:17,azure+cohere,mixed,failure_mining,debias_position,pairwise,llm_azure_pairwise,unknown,,,False,0.0,reconstructible,failure_mining_llm_v3_metrics
bright,biology:18,azure+cohere,mixed,failure_mining,debias_position,pairwise,score_sum,unknown,0.0,0.0,False,0.0,reconstructible,failure_mining_llm_v3_metrics
bright,biology:18,azure+cohere,mixed,failure_mining,debias_position,pairwise,borda,unknown,0.0,0.0,False,0.0,reconstructible,failure_mining_llm_v3_metrics
bright,biology:18,azure+cohere,mixed,failure_mining,debias_position,pairwise,pagerank,unknown,0.0,0.0,False,0.0,reconstructible,failure_mining_llm_v3_metrics
bright,biology:18,azure+cohere,mixed,failure_mining,debias_position,pairwise,rank_centrality,unknown,0.0,0.0,False,0.0,reconstructible,failure_mining_llm_v3_metrics
bright,biology:18,azure+cohere,mixed,failure_mining,debias_position,pairwise,markov_graph,unknown,0.0,0.0,False,0.0,reconstructible,failure_mining_llm_v3_metrics
bright,biology:18,azure+cohere,mixed,failure_mining,debias_position,pairwise,markov_graph_repaired,greedy,0.0,0.0,False,0.0,reconstructible,failure_mining_llm_v3_metrics
bright,biology:18,azure+cohere,mixed,failure_mining,debias_position,pairwise,greedy_fas_topological,greedy,0.0,0.0,False,0.0,reconstructible,failure_mining_llm_v3_metrics
bright,biology:18,azure+cohere,mixed,failure_mining,debias_position,pairwise,prior_only,unknown,0.0,0.0,False,0.0,reconstructible,failure_mining_llm_v3_metrics
bright,biology:18,azure+cohere,mixed,failure_mining,debias_position,pairwise,rrf,unknown,0.0,0.0,False,0.0,reconstructible,failure_mining_llm_v3_metrics
bright,biology:18,azure+cohere,mixed,failure_mining,debias_position,pairwise,combsum,unknown,0.0,0.0,False,0.0,reconstructible,failure_mining_llm_v3_metrics
bright,biology:18,azure+cohere,mixed,failure_mining,debias_position,pairwise,borda_fuse,unknown,0.0,0.0,False,0.0,reconstructible,failure_mining_llm_v3_metrics
bright,biology:18,azure+cohere,mixed,failure_mining,debias_position,pairwise,bradley_terry,unknown,0.0,0.0,False,0.0,reconstructible,failure_mining_llm_v3_metrics
bright,biology:18,azure+cohere,mixed,failure_mining,debias_position,pairwise,local_kemenization,unknown,0.0,0.0,False,0.0,reconstructible,failure_mining_llm_v3_metrics
bright,biology:18,azure+cohere,mixed,failure_mining,debias_position,pairwise,llm_cohere_pairwise,unknown,,,False,0.0,reconstructible,failure_mining_llm_v3_metrics
bright,biology:18,azure+cohere,mixed,failure_mining,debias_position,pairwise,llm_azure_pairwise,unknown,,,False,0.0,reconstructible,failure_mining_llm_v3_metrics
bright,biology:19,azure+cohere,mixed,failure_mining,debias_position,pairwise,score_sum,unknown,1.0,0.0,False,0.0,reconstructible,failure_mining_llm_v3_metrics
bright,biology:19,azure+cohere,mixed,failure_mining,debias_position,pairwise,borda,unknown,1.0,0.0,False,0.0,reconstructible,failure_mining_llm_v3_metrics
bright,biology:19,azure+cohere,mixed,failure_mining,debias_position,pairwise,pagerank,unknown,1.0,0.0,False,0.0,reconstructible,failure_mining_llm_v3_metrics
bright,biology:19,azure+cohere,mixed,failure_mining,debias_position,pairwise,rank_centrality,unknown,0.8772153153380493,-0.1227846846619507,False,0.0,reconstructible,failure_mining_llm_v3_metrics
bright,biology:19,azure+cohere,mixed,failure_mining,debias_position,pairwise,markov_graph,unknown,1.0,0.0,False,0.0,reconstructible,failure_mining_llm_v3_metrics
bright,biology:19,azure+cohere,mixed,failure_mining,debias_position,pairwise,markov_graph_repaired,greedy,1.0,0.0,False,0.0,reconstructible,failure_mining_llm_v3_metrics
bright,biology:19,azure+cohere,mixed,failure_mining,debias_position,pairwise,greedy_fas_topological,greedy,1.0,0.0,False,0.0,reconstructible,failure_mining_llm_v3_metrics
bright,biology:19,azure+cohere,mixed,failure_mining,debias_position,pairwise,prior_only,unknown,1.0,0.0,False,0.0,reconstructible,failure_mining_llm_v3_metrics
bright,biology:19,azure+cohere,mixed,failure_mining,debias_position,pairwise,rrf,unknown,1.0,0.0,False,0.0,reconstructible,failure_mining_llm_v3_metrics
bright,biology:19,azure+cohere,mixed,failure_mining,debias_position,pairwise,combsum,unknown,1.0,0.0,False,0.0,reconstructible,failure_mining_llm_v3_metrics
bright,biology:19,azure+cohere,mixed,failure_mining,debias_position,pairwise,borda_fuse,unknown,1.0,0.0,False,0.0,reconstructible,failure_mining_llm_v3_metrics
bright,biology:19,azure+cohere,mixed,failure_mining,debias_position,pairwise,bradley_terry,unknown,1.0,0.0,False,0.0,reconstructible,failure_mining_llm_v3_metrics
bright,biology:19,azure+cohere,mixed,failure_mining,debias_position,pairwise,local_kemenization,unknown,1.0,0.0,False,0.0,reconstructible,failure_mining_llm_v3_metrics
bright,biology:19,azure+cohere,mixed,failure_mining,debias_position,pairwise,llm_cohere_pairwise,unknown,,,False,0.0,reconstructible,failure_mining_llm_v3_metrics
bright,biology:19,azure+cohere,mixed,failure_mining,debias_position,pairwise,llm_azure_pairwise,unknown,,,False,0.0,reconstructible,failure_mining_llm_v3_metrics
bright,biology:20,azure+cohere,mixed,failure_mining,debias_position,pairwise,score_sum,unknown,1.0,0.0,False,0.0,reconstructible,failure_mining_llm_v3_metrics
bright,biology:20,azure+cohere,mixed,failure_mining,debias_position,pairwise,borda,unknown,1.0,0.0,False,0.0,reconstructible,failure_mining_llm_v3_metrics
bright,biology:20,azure+cohere,mixed,failure_mining,debias_position,pairwise,pagerank,unknown,1.0,0.0,False,0.0,reconstructible,failure_mining_llm_v3_metrics
bright,biology:20,azure+cohere,mixed,failure_mining,debias_position,pairwise,rank_centrality,unknown,1.0,0.0,False,0.0,reconstructible,failure_mining_llm_v3_metrics
bright,biology:20,azure+cohere,mixed,failure_mining,debias_position,pairwise,markov_graph,unknown,1.0,0.0,False,0.0,reconstructible,failure_mining_llm_v3_metrics
bright,biology:20,azure+cohere,mixed,failure_mining,debias_position,pairwise,markov_graph_repaired,greedy,1.0,0.0,False,0.0,reconstructible,failure_mining_llm_v3_metrics
bright,biology:20,azure+cohere,mixed,failure_mining,debias_position,pairwise,greedy_fas_topological,greedy,1.0,0.0,False,0.0,reconstructible,failure_mining_llm_v3_metrics
bright,biology:20,azure+cohere,mixed,failure_mining,debias_position,pairwise,prior_only,unknown,0.9747429528567879,-0.025257047143212086,False,0.0,reconstructible,failure_mining_llm_v3_metrics
bright,biology:20,azure+cohere,mixed,failure_mining,debias_position,pairwise,rrf,unknown,0.9747429528567879,-0.025257047143212086,False,0.0,reconstructible,failure_mining_llm_v3_metrics
bright,biology:20,azure+cohere,mixed,failure_mining,debias_position,pairwise,combsum,unknown,1.0,0.0,False,0.0,reconstructible,failure_mining_llm_v3_metrics
bright,biology:20,azure+cohere,mixed,failure_mining,debias_position,pairwise,borda_fuse,unknown,0.9747429528567879,-0.025257047143212086,False,0.0,reconstructible,failure_mining_llm_v3_metrics
bright,biology:20,azure+cohere,mixed,failure_mining,debias_position,pairwise,bradley_terry,unknown,1.0,0.0,False,0.0,reconstructible,failure_mining_llm_v3_metrics
bright,biology:20,azure+cohere,mixed,failure_mining,debias_position,pairwise,local_kemenization,unknown,1.0,0.0,False,0.0,reconstructible,failure_mining_llm_v3_metrics
bright,biology:20,azure+cohere,mixed,failure_mining,debias_position,pairwise,llm_cohere_pairwise,unknown,,,False,0.0,reconstructible,failure_mining_llm_v3_metrics
bright,biology:20,azure+cohere,mixed,failure_mining,debias_position,pairwise,llm_azure_pairwise,unknown,,,False,0.0,reconstructible,failure_mining_llm_v3_metrics
bright,biology:21,azure+cohere,mixed,failure_mining,debias_position,pairwise,score_sum,unknown,0.9930783166417602,-0.0069216833582398385,False,0.0,reconstructible,failure_mining_llm_v3_metrics
bright,biology:21,azure+cohere,mixed,failure_mining,debias_position,pairwise,borda,unknown,0.9930783166417602,-0.0069216833582398385,False,0.0,reconstructible,failure_mining_llm_v3_metrics
bright,biology:21,azure+cohere,mixed,failure_mining,debias_position,pairwise,pagerank,unknown,0.9930783166417602,-0.0069216833582398385,False,0.0,reconstructible,failure_mining_llm_v3_metrics
bright,biology:21,azure+cohere,mixed,failure_mining,debias_position,pairwise,rank_centrality,unknown,1.0,0.0,False,0.0,reconstructible,failure_mining_llm_v3_metrics
bright,biology:21,azure+cohere,mixed,failure_mining,debias_position,pairwise,markov_graph,unknown,1.0,0.0,False,0.0,reconstructible,failure_mining_llm_v3_metrics
bright,biology:21,azure+cohere,mixed,failure_mining,debias_position,pairwise,markov_graph_repaired,greedy,1.0,0.0,False,0.0,reconstructible,failure_mining_llm_v3_metrics
bright,biology:21,azure+cohere,mixed,failure_mining,debias_position,pairwise,greedy_fas_topological,greedy,0.9930783166417602,-0.0069216833582398385,False,0.0,reconstructible,failure_mining_llm_v3_metrics
bright,biology:21,azure+cohere,mixed,failure_mining,debias_position,pairwise,prior_only,unknown,0.9930783166417602,-0.0069216833582398385,False,0.0,reconstructible,failure_mining_llm_v3_metrics
bright,biology:21,azure+cohere,mixed,failure_mining,debias_position,pairwise,rrf,unknown,1.0,0.0,False,0.0,reconstructible,failure_mining_llm_v3_metrics
bright,biology:21,azure+cohere,mixed,failure_mining,debias_position,pairwise,combsum,unknown,1.0,0.0,False,0.0,reconstructible,failure_mining_llm_v3_metrics
bright,biology:21,azure+cohere,mixed,failure_mining,debias_position,pairwise,borda_fuse,unknown,1.0,0.0,False,0.0,reconstructible,failure_mining_llm_v3_metrics
bright,biology:21,azure+cohere,mixed,failure_mining,debias_position,pairwise,bradley_terry,unknown,0.9930783166417602,-0.0069216833582398385,False,0.0,reconstructible,failure_mining_llm_v3_metrics
bright,biology:21,azure+cohere,mixed,failure_mining,debias_position,pairwise,local_kemenization,unknown,1.0,0.0,False,0.0,reconstructible,failure_mining_llm_v3_metrics
bright,biology:21,azure+cohere,mixed,failure_mining,debias_position,pairwise,llm_cohere_pairwise,unknown,,,False,0.0,reconstructible,failure_mining_llm_v3_metrics
bright,biology:21,azure+cohere,mixed,failure_mining,debias_position,pairwise,llm_azure_pairwise,unknown,,,False,0.0,reconstructible,failure_mining_llm_v3_metrics
bright,biology:22,azure+cohere,mixed,failure_mining,debias_position,pairwise,score_sum,unknown,0.5,0.0,False,0.0,reconstructible,failure_mining_llm_v3_metrics
bright,biology:22,azure+cohere,mixed,failure_mining,debias_position,pairwise,borda,unknown,0.5,0.0,False,0.0,reconstructible,failure_mining_llm_v3_metrics
bright,biology:22,azure+cohere,mixed,failure_mining,debias_position,pairwise,pagerank,unknown,0.5,0.0,False,0.0,reconstructible,failure_mining_llm_v3_metrics
bright,biology:22,azure+cohere,mixed,failure_mining,debias_position,pairwise,rank_centrality,unknown,0.5,0.0,False,0.0,reconstructible,failure_mining_llm_v3_metrics
bright,biology:22,azure+cohere,mixed,failure_mining,debias_position,pairwise,markov_graph,unknown,0.5,0.0,False,0.0,reconstructible,failure_mining_llm_v3_metrics
bright,biology:22,azure+cohere,mixed,failure_mining,debias_position,pairwise,markov_graph_repaired,greedy,0.5,0.0,False,0.0,reconstructible,failure_mining_llm_v3_metrics
bright,biology:22,azure+cohere,mixed,failure_mining,debias_position,pairwise,greedy_fas_topological,greedy,0.5,0.0,False,0.0,reconstructible,failure_mining_llm_v3_metrics
bright,biology:22,azure+cohere,mixed,failure_mining,debias_position,pairwise,prior_only,unknown,0.5,0.0,False,0.0,reconstructible,failure_mining_llm_v3_metrics
bright,biology:22,azure+cohere,mixed,failure_mining,debias_position,pairwise,rrf,unknown,0.43067655807339306,-0.06932344192660694,False,0.0,reconstructible,failure_mining_llm_v3_metrics
bright,biology:22,azure+cohere,mixed,failure_mining,debias_position,pairwise,combsum,unknown,0.43067655807339306,-0.06932344192660694,False,0.0,reconstructible,failure_mining_llm_v3_metrics
bright,biology:22,azure+cohere,mixed,failure_mining,debias_position,pairwise,borda_fuse,unknown,0.43067655807339306,-0.06932344192660694,False,0.0,reconstructible,failure_mining_llm_v3_metrics
bright,biology:22,azure+cohere,mixed,failure_mining,debias_position,pairwise,bradley_terry,unknown,0.5,0.0,False,0.0,reconstructible,failure_mining_llm_v3_metrics
bright,biology:22,azure+cohere,mixed,failure_mining,debias_position,pairwise,local_kemenization,unknown,0.43067655807339306,-0.06932344192660694,False,0.0,reconstructible,failure_mining_llm_v3_metrics
bright,biology:22,azure+cohere,mixed,failure_mining,debias_position,pairwise,llm_cohere_pairwise,unknown,,,False,0.0,reconstructible,failure_mining_llm_v3_metrics
bright,biology:22,azure+cohere,mixed,failure_mining,debias_position,pairwise,llm_azure_pairwise,unknown,,,False,0.0,reconstructible,failure_mining_llm_v3_metrics
bright,biology:24,azure+cohere,mixed,failure_mining,debias_position,pairwise,score_sum,unknown,1.0,0.0,False,0.0,reconstructible,failure_mining_llm_v3_metrics
bright,biology:24,azure+cohere,mixed,failure_mining,debias_position,pairwise,borda,unknown,1.0,0.0,False,0.0,reconstructible,failure_mining_llm_v3_metrics
bright,biology:24,azure+cohere,mixed,failure_mining,debias_position,pairwise,pagerank,unknown,1.0,0.0,False,0.0,reconstructible,failure_mining_llm_v3_metrics
bright,biology:24,azure+cohere,mixed,failure_mining,debias_position,pairwise,rank_centrality,unknown,1.0,0.0,False,0.0,reconstructible,failure_mining_llm_v3_metrics
bright,biology:24,azure+cohere,mixed,failure_mining,debias_position,pairwise,markov_graph,unknown,1.0,0.0,False,0.0,reconstructible,failure_mining_llm_v3_metrics
bright,biology:24,azure+cohere,mixed,failure_mining,debias_position,pairwise,markov_graph_repaired,greedy,1.0,0.0,False,0.0,reconstructible,failure_mining_llm_v3_metrics
bright,biology:24,azure+cohere,mixed,failure_mining,debias_position,pairwise,greedy_fas_topological,greedy,1.0,0.0,False,0.0,reconstructible,failure_mining_llm_v3_metrics
bright,biology:24,azure+cohere,mixed,failure_mining,debias_position,pairwise,prior_only,unknown,1.0,0.0,False,0.0,reconstructible,failure_mining_llm_v3_metrics
bright,biology:24,azure+cohere,mixed,failure_mining,debias_position,pairwise,rrf,unknown,1.0,0.0,False,0.0,reconstructible,failure_mining_llm_v3_metrics
bright,biology:24,azure+cohere,mixed,failure_mining,debias_position,pairwise,combsum,unknown,1.0,0.0,False,0.0,reconstructible,failure_mining_llm_v3_metrics
bright,biology:24,azure+cohere,mixed,failure_mining,debias_position,pairwise,borda_fuse,unknown,1.0,0.0,False,0.0,reconstructible,failure_mining_llm_v3_metrics
bright,biology:24,azure+cohere,mixed,failure_mining,debias_position,pairwise,bradley_terry,unknown,1.0,0.0,False,0.0,reconstructible,failure_mining_llm_v3_metrics
bright,biology:24,azure+cohere,mixed,failure_mining,debias_position,pairwise,local_kemenization,unknown,1.0,0.0,False,0.0,reconstructible,failure_mining_llm_v3_metrics
bright,biology:24,azure+cohere,mixed,failure_mining,debias_position,pairwise,llm_cohere_pairwise,unknown,,,False,0.0,reconstructible,failure_mining_llm_v3_metrics
bright,biology:24,azure+cohere,mixed,failure_mining,debias_position,pairwise,llm_azure_pairwise,unknown,,,False,0.0,reconstructible,failure_mining_llm_v3_metrics
bright,biology:0,azure+cohere,mixed,failure_mining,debias_position,pairwise,score_sum,unknown,0.4415801103577823,-0.069375883613433,False,0.0,reconstructible,failure_mining_llm_v3_metrics
bright,biology:0,azure+cohere,mixed,failure_mining,debias_position,pairwise,borda,unknown,0.48247555939075504,-0.028480434580460234,False,0.0,reconstructible,failure_mining_llm_v3_metrics
bright,biology:0,azure+cohere,mixed,failure_mining,debias_position,pairwise,pagerank,unknown,0.5249810332008933,0.014025039229678016,False,0.0,reconstructible,failure_mining_llm_v3_metrics
bright,biology:0,azure+cohere,mixed,failure_mining,debias_position,pairwise,rank_centrality,unknown,0.5912352048230277,0.08027921085181244,False,0.0,reconstructible,failure_mining_llm_v3_metrics
bright,biology:0,azure+cohere,mixed,failure_mining,debias_position,pairwise,markov_graph,unknown,0.5109559939712153,0.0,False,0.0,reconstructible,failure_mining_llm_v3_metrics
bright,biology:0,azure+cohere,mixed,failure_mining,debias_position,pairwise,markov_graph_repaired,greedy,0.5109559939712153,0.0,False,0.0,reconstructible,failure_mining_llm_v3_metrics
bright,biology:0,azure+cohere,mixed,failure_mining,debias_position,pairwise,greedy_fas_topological,greedy,0.5912352048230277,0.08027921085181244,False,0.0,reconstructible,failure_mining_llm_v3_metrics
bright,biology:0,azure+cohere,mixed,failure_mining,debias_position,pairwise,prior_only,unknown,0.40298313359773236,-0.10797286037348292,False,0.0,reconstructible,failure_mining_llm_v3_metrics
bright,biology:0,azure+cohere,mixed,failure_mining,debias_position,pairwise,rrf,unknown,0.5714285040141098,0.060472510042894556,False,0.0,reconstructible,failure_mining_llm_v3_metrics
bright,biology:0,azure+cohere,mixed,failure_mining,debias_position,pairwise,combsum,unknown,0.6240505200038379,0.1130945260326226,False,0.0,reconstructible,failure_mining_llm_v3_metrics
bright,biology:0,azure+cohere,mixed,failure_mining,debias_position,pairwise,borda_fuse,unknown,0.5714285040141098,0.060472510042894556,False,0.0,reconstructible,failure_mining_llm_v3_metrics
bright,biology:0,azure+cohere,mixed,failure_mining,debias_position,pairwise,bradley_terry,unknown,0.6052602440527057,0.09430425008149046,False,0.0,reconstructible,failure_mining_llm_v3_metrics
bright,biology:0,azure+cohere,mixed,failure_mining,debias_position,pairwise,local_kemenization,unknown,0.5,-0.010955993971215272,False,0.0,reconstructible,failure_mining_llm_v3_metrics
bright,biology:0,azure+cohere,mixed,failure_mining,debias_position,pairwise,llm_cohere_pairwise,unknown,,,False,0.0,reconstructible,failure_mining_llm_v3_metrics
bright,biology:0,azure+cohere,mixed,failure_mining,debias_position,pairwise,llm_azure_pairwise,unknown,,,False,0.0,reconstructible,failure_mining_llm_v3_metrics
bright,biology:1,azure+cohere,mixed,failure_mining,debias_position,pairwise,score_sum,unknown,0.8112231196105879,-0.07688801077779606,False,0.0,reconstructible,failure_mining_llm_v3_metrics
bright,biology:1,azure+cohere,mixed,failure_mining,debias_position,pairwise,borda,unknown,0.8364801667538002,-0.05163096363458375,False,0.0,reconstructible,failure_mining_llm_v3_metrics
bright,biology:1,azure+cohere,mixed,failure_mining,debias_position,pairwise,pagerank,unknown,0.9374130297304558,0.04930189934207185,False,0.0,reconstructible,failure_mining_llm_v3_metrics
bright,biology:1,azure+cohere,mixed,failure_mining,debias_position,pairwise,rank_centrality,unknown,0.9669850519151657,0.07887392152678174,False,0.0,reconstructible,failure_mining_llm_v3_metrics
bright,biology:1,azure+cohere,mixed,failure_mining,debias_position,pairwise,markov_graph,unknown,0.888111130388384,0.0,False,0.0,reconstructible,failure_mining_llm_v3_metrics
bright,biology:1,azure+cohere,mixed,failure_mining,debias_position,pairwise,markov_graph_repaired,greedy,0.888111130388384,0.0,False,0.0,reconstructible,failure_mining_llm_v3_metrics
bright,biology:1,azure+cohere,mixed,failure_mining,debias_position,pairwise,greedy_fas_topological,greedy,0.975788054854922,0.08767692446653808,False,0.0,reconstructible,failure_mining_llm_v3_metrics
bright,biology:1,azure+cohere,mixed,failure_mining,debias_position,pairwise,prior_only,unknown,0.9609247825245575,0.07281365213617352,False,0.0,reconstructible,failure_mining_llm_v3_metrics
bright,biology:1,azure+cohere,mixed,failure_mining,debias_position,pairwise,rrf,unknown,0.9609247825245575,0.07281365213617352,False,0.0,reconstructible,failure_mining_llm_v3_metrics
bright,biology:1,azure+cohere,mixed,failure_mining,debias_position,pairwise,combsum,unknown,0.9896062251871525,0.1014950947987685,False,0.0,reconstructible,failure_mining_llm_v3_metrics
bright,biology:1,azure+cohere,mixed,failure_mining,debias_position,pairwise,borda_fuse,unknown,0.9609247825245575,0.07281365213617352,False,0.0,reconstructible,failure_mining_llm_v3_metrics
bright,biology:1,azure+cohere,mixed,failure_mining,debias_position,pairwise,bradley_terry,unknown,0.9609247825245575,0.07281365213617352,False,0.0,reconstructible,failure_mining_llm_v3_metrics
bright,biology:1,azure+cohere,mixed,failure_mining,debias_position,pairwise,local_kemenization,unknown,0.9818483242455303,0.0937371938571463,False,0.0,reconstructible,failure_mining_llm_v3_metrics
bright,biology:1,azure+cohere,mixed,failure_mining,debias_position,pairwise,llm_cohere_pairwise,unknown,,,False,0.0,reconstructible,failure_mining_llm_v3_metrics
bright,biology:1,azure+cohere,mixed,failure_mining,debias_position,pairwise,llm_azure_pairwise,unknown,,,False,0.0,reconstructible,failure_mining_llm_v3_metrics
bright,biology:2,azure+cohere,mixed,failure_mining,debias_position,pairwise,score_sum,unknown,0.0,0.0,False,0.0,reconstructible,failure_mining_llm_v3_metrics
bright,biology:2,azure+cohere,mixed,failure_mining,debias_position,pairwise,borda,unknown,0.0,0.0,False,0.0,reconstructible,failure_mining_llm_v3_metrics
bright,biology:2,azure+cohere,mixed,failure_mining,debias_position,pairwise,pagerank,unknown,0.0,0.0,False,0.0,reconstructible,failure_mining_llm_v3_metrics
bright,biology:2,azure+cohere,mixed,failure_mining,debias_position,pairwise,rank_centrality,unknown,0.0,0.0,False,0.0,reconstructible,failure_mining_llm_v3_metrics
bright,biology:2,azure+cohere,mixed,failure_mining,debias_position,pairwise,markov_graph,unknown,0.0,0.0,False,0.0,reconstructible,failure_mining_llm_v3_metrics
bright,biology:2,azure+cohere,mixed,failure_mining,debias_position,pairwise,markov_graph_repaired,greedy,0.0,0.0,False,0.0,reconstructible,failure_mining_llm_v3_metrics
bright,biology:2,azure+cohere,mixed,failure_mining,debias_position,pairwise,greedy_fas_topological,greedy,0.0,0.0,False,0.0,reconstructible,failure_mining_llm_v3_metrics
bright,biology:2,azure+cohere,mixed,failure_mining,debias_position,pairwise,prior_only,unknown,0.0,0.0,False,0.0,reconstructible,failure_mining_llm_v3_metrics
bright,biology:2,azure+cohere,mixed,failure_mining,debias_position,pairwise,rrf,unknown,0.0,0.0,False,0.0,reconstructible,failure_mining_llm_v3_metrics
bright,biology:2,azure+cohere,mixed,failure_mining,debias_position,pairwise,combsum,unknown,0.0,0.0,False,0.0,reconstructible,failure_mining_llm_v3_metrics
bright,biology:2,azure+cohere,mixed,failure_mining,debias_position,pairwise,borda_fuse,unknown,0.0,0.0,False,0.0,reconstructible,failure_mining_llm_v3_metrics
bright,biology:2,azure+cohere,mixed,failure_mining,debias_position,pairwise,bradley_terry,unknown,0.0,0.0,False,0.0,reconstructible,failure_mining_llm_v3_metrics
bright,biology:2,azure+cohere,mixed,failure_mining,debias_position,pairwise,local_kemenization,unknown,0.0,0.0,False,0.0,reconstructible,failure_mining_llm_v3_metrics
bright,biology:2,azure+cohere,mixed,failure_mining,debias_position,pairwise,llm_cohere_pairwise,unknown,,,False,0.0,reconstructible,failure_mining_llm_v3_metrics
bright,biology:2,azure+cohere,mixed,failure_mining,debias_position,pairwise,llm_azure_pairwise,unknown,,,False,0.0,reconstructible,failure_mining_llm_v3_metrics
bright,biology:3,azure+cohere,mixed,failure_mining,debias_position,pairwise,score_sum,unknown,0.9828920819566879,0.020892934897104642,False,0.0,reconstructible,failure_mining_llm_v3_metrics
bright,biology:3,azure+cohere,mixed,failure_mining,debias_position,pairwise,borda,unknown,1.0,0.038000852940416774,False,0.0,reconstructible,failure_mining_llm_v3_metrics
bright,biology:3,azure+cohere,mixed,failure_mining,debias_position,pairwise,pagerank,unknown,1.0,0.038000852940416774,False,0.0,reconstructible,failure_mining_llm_v3_metrics
bright,biology:3,azure+cohere,mixed,failure_mining,debias_position,pairwise,rank_centrality,unknown,0.9058653015743079,-0.056133845485275335,False,0.0,reconstructible,failure_mining_llm_v3_metrics
bright,biology:3,azure+cohere,mixed,failure_mining,debias_position,pairwise,markov_graph,unknown,0.9619991470595832,0.0,False,0.0,reconstructible,failure_mining_llm_v3_metrics
bright,biology:3,azure+cohere,mixed,failure_mining,debias_position,pairwise,markov_graph_repaired,greedy,0.9619991470595832,0.0,False,0.0,reconstructible,failure_mining_llm_v3_metrics
bright,biology:3,azure+cohere,mixed,failure_mining,debias_position,pairwise,greedy_fas_topological,greedy,0.9709286432396583,0.008929496180075103,False,0.0,reconstructible,failure_mining_llm_v3_metrics
bright,biology:3,azure+cohere,mixed,failure_mining,debias_position,pairwise,prior_only,unknown,1.0,0.038000852940416774,False,0.0,reconstructible,failure_mining_llm_v3_metrics
bright,biology:3,azure+cohere,mixed,failure_mining,debias_position,pairwise,rrf,unknown,1.0,0.038000852940416774,False,0.0,reconstructible,failure_mining_llm_v3_metrics
bright,biology:3,azure+cohere,mixed,failure_mining,debias_position,pairwise,combsum,unknown,1.0,0.038000852940416774,False,0.0,reconstructible,failure_mining_llm_v3_metrics
bright,biology:3,azure+cohere,mixed,failure_mining,debias_position,pairwise,borda_fuse,unknown,1.0,0.038000852940416774,False,0.0,reconstructible,failure_mining_llm_v3_metrics
bright,biology:3,azure+cohere,mixed,failure_mining,debias_position,pairwise,bradley_terry,unknown,1.0,0.038000852940416774,False,0.0,reconstructible,failure_mining_llm_v3_metrics
bright,biology:3,azure+cohere,mixed,failure_mining,debias_position,pairwise,local_kemenization,unknown,1.0,0.038000852940416774,False,0.0,reconstructible,failure_mining_llm_v3_metrics
bright,biology:3,azure+cohere,mixed,failure_mining,debias_position,pairwise,llm_cohere_pairwise,unknown,,,False,0.0,reconstructible,failure_mining_llm_v3_metrics
bright,biology:3,azure+cohere,mixed,failure_mining,debias_position,pairwise,llm_azure_pairwise,unknown,,,False,0.0,reconstructible,failure_mining_llm_v3_metrics
bright,biology:4,azure+cohere,mixed,failure_mining,debias_position,pairwise,score_sum,unknown,1.0,0.0,False,0.0,reconstructible,failure_mining_llm_v3_metrics
bright,biology:4,azure+cohere,mixed,failure_mining,debias_position,pairwise,borda,unknown,1.0,0.0,False,0.0,reconstructible,failure_mining_llm_v3_metrics
bright,biology:4,azure+cohere,mixed,failure_mining,debias_position,pairwise,pagerank,unknown,1.0,0.0,False,0.0,reconstructible,failure_mining_llm_v3_metrics
bright,biology:4,azure+cohere,mixed,failure_mining,debias_position,pairwise,rank_centrality,unknown,1.0,0.0,False,0.0,reconstructible,failure_mining_llm_v3_metrics
bright,biology:4,azure+cohere,mixed,failure_mining,debias_position,pairwise,markov_graph,unknown,1.0,0.0,False,0.0,reconstructible,failure_mining_llm_v3_metrics
bright,biology:4,azure+cohere,mixed,failure_mining,debias_position,pairwise,markov_graph_repaired,greedy,1.0,0.0,False,0.0,reconstructible,failure_mining_llm_v3_metrics
bright,biology:4,azure+cohere,mixed,failure_mining,debias_position,pairwise,greedy_fas_topological,greedy,1.0,0.0,False,0.0,reconstructible,failure_mining_llm_v3_metrics
bright,biology:4,azure+cohere,mixed,failure_mining,debias_position,pairwise,prior_only,unknown,1.0,0.0,False,0.0,reconstructible,failure_mining_llm_v3_metrics
bright,biology:4,azure+cohere,mixed,failure_mining,debias_position,pairwise,rrf,unknown,1.0,0.0,False,0.0,reconstructible,failure_mining_llm_v3_metrics
bright,biology:4,azure+cohere,mixed,failure_mining,debias_position,pairwise,combsum,unknown,1.0,0.0,False,0.0,reconstructible,failure_mining_llm_v3_metrics
bright,biology:4,azure+cohere,mixed,failure_mining,debias_position,pairwise,borda_fuse,unknown,1.0,0.0,False,0.0,reconstructible,failure_mining_llm_v3_metrics
bright,biology:4,azure+cohere,mixed,failure_mining,debias_position,pairwise,bradley_terry,unknown,1.0,0.0,False,0.0,reconstructible,failure_mining_llm_v3_metrics
bright,biology:4,azure+cohere,mixed,failure_mining,debias_position,pairwise,local_kemenization,unknown,1.0,0.0,False,0.0,reconstructible,failure_mining_llm_v3_metrics
bright,biology:4,azure+cohere,mixed,failure_mining,debias_position,pairwise,llm_cohere_pairwise,unknown,,,False,0.0,reconstructible,failure_mining_llm_v3_metrics
bright,biology:4,azure+cohere,mixed,failure_mining,debias_position,pairwise,llm_azure_pairwise,unknown,,,False,0.0,reconstructible,failure_mining_llm_v3_metrics
bright,biology:5,azure+cohere,mixed,failure_mining,debias_position,pairwise,score_sum,unknown,0.9493885684853097,0.0,False,0.0,reconstructible,failure_mining_llm_v3_metrics
bright,biology:5,azure+cohere,mixed,failure_mining,debias_position,pairwise,borda,unknown,0.9493885684853097,0.0,False,0.0,reconstructible,failure_mining_llm_v3_metrics
bright,biology:5,azure+cohere,mixed,failure_mining,debias_position,pairwise,pagerank,unknown,0.9493885684853097,0.0,False,0.0,reconstructible,failure_mining_llm_v3_metrics
bright,biology:5,azure+cohere,mixed,failure_mining,debias_position,pairwise,rank_centrality,unknown,0.9493885684853097,0.0,False,0.0,reconstructible,failure_mining_llm_v3_metrics
bright,biology:5,azure+cohere,mixed,failure_mining,debias_position,pairwise,markov_graph,unknown,0.9493885684853097,0.0,False,0.0,reconstructible,failure_mining_llm_v3_metrics
bright,biology:5,azure+cohere,mixed,failure_mining,debias_position,pairwise,markov_graph_repaired,greedy,0.9493885684853097,0.0,False,0.0,reconstructible,failure_mining_llm_v3_metrics
bright,biology:5,azure+cohere,mixed,failure_mining,debias_position,pairwise,greedy_fas_topological,greedy,0.9493885684853097,0.0,False,0.0,reconstructible,failure_mining_llm_v3_metrics
bright,biology:5,azure+cohere,mixed,failure_mining,debias_position,pairwise,prior_only,unknown,0.9052181617170642,-0.044170406768245574,False,0.0,reconstructible,failure_mining_llm_v3_metrics
bright,biology:5,azure+cohere,mixed,failure_mining,debias_position,pairwise,rrf,unknown,0.9052181617170642,-0.044170406768245574,False,0.0,reconstructible,failure_mining_llm_v3_metrics
bright,biology:5,azure+cohere,mixed,failure_mining,debias_position,pairwise,combsum,unknown,1.0,0.050611431514690275,False,0.0,reconstructible,failure_mining_llm_v3_metrics
bright,biology:5,azure+cohere,mixed,failure_mining,debias_position,pairwise,borda_fuse,unknown,0.9052181617170642,-0.044170406768245574,False,0.0,reconstructible,failure_mining_llm_v3_metrics
bright,biology:5,azure+cohere,mixed,failure_mining,debias_position,pairwise,bradley_terry,unknown,0.9493885684853097,0.0,False,0.0,reconstructible,failure_mining_llm_v3_metrics
bright,biology:5,azure+cohere,mixed,failure_mining,debias_position,pairwise,local_kemenization,unknown,0.9493885684853097,0.0,False,0.0,reconstructible,failure_mining_llm_v3_metrics
bright,biology:5,azure+cohere,mixed,failure_mining,debias_position,pairwise,llm_cohere_pairwise,unknown,,,False,0.0,reconstructible,failure_mining_llm_v3_metrics
bright,biology:5,azure+cohere,mixed,failure_mining,debias_position,pairwise,llm_azure_pairwise,unknown,,,False,0.0,reconstructible,failure_mining_llm_v3_metrics
bright,biology:6,azure+cohere,mixed,failure_mining,debias_position,pairwise,score_sum,unknown,0.8503449055347546,0.032815315180810156,False,0.0,reconstructible,failure_mining_llm_v3_metrics
bright,biology:6,azure+cohere,mixed,failure_mining,debias_position,pairwise,borda,unknown,0.8772153153380493,0.05968572498410485,False,0.0,reconstructible,failure_mining_llm_v3_metrics
bright,biology:6,azure+cohere,mixed,failure_mining,debias_position,pairwise,pagerank,unknown,0.8175295903539445,0.0,False,0.0,reconstructible,failure_mining_llm_v3_metrics
bright,biology:6,azure+cohere,mixed,failure_mining,debias_position,pairwise,rank_centrality,unknown,0.7977228895450266,-0.019806700808917888,False,0.0,reconstructible,failure_mining_llm_v3_metrics
bright,biology:6,azure+cohere,mixed,failure_mining,debias_position,pairwise,markov_graph,unknown,0.8175295903539445,0.0,False,0.0,reconstructible,failure_mining_llm_v3_metrics
bright,biology:6,azure+cohere,mixed,failure_mining,debias_position,pairwise,markov_graph_repaired,greedy,0.8175295903539445,0.0,False,0.0,reconstructible,failure_mining_llm_v3_metrics
bright,biology:6,azure+cohere,mixed,failure_mining,debias_position,pairwise,greedy_fas_topological,greedy,0.8503449055347546,0.032815315180810156,False,0.0,reconstructible,failure_mining_llm_v3_metrics
bright,biology:6,azure+cohere,mixed,failure_mining,debias_position,pairwise,prior_only,unknown,0.7977228895450266,-0.019806700808917888,False,0.0,reconstructible,failure_mining_llm_v3_metrics
bright,biology:6,azure+cohere,mixed,failure_mining,debias_position,pairwise,rrf,unknown,0.7977228895450266,-0.019806700808917888,False,0.0,reconstructible,failure_mining_llm_v3_metrics
bright,biology:6,azure+cohere,mixed,failure_mining,debias_position,pairwise,combsum,unknown,0.8065735963827293,-0.010955993971215161,False,0.0,reconstructible,failure_mining_llm_v3_metrics
bright,biology:6,azure+cohere,mixed,failure_mining,debias_position,pairwise,borda_fuse,unknown,0.8175295903539445,0.0,False,0.0,reconstructible,failure_mining_llm_v3_metrics
bright,biology:6,azure+cohere,mixed,failure_mining,debias_position,pairwise,bradley_terry,unknown,0.8503449055347546,0.032815315180810156,False,0.0,reconstructible,failure_mining_llm_v3_metrics
bright,biology:6,azure+cohere,mixed,failure_mining,debias_position,pairwise,local_kemenization,unknown,0.8175295903539445,0.0,False,0.0,reconstructible,failure_mining_llm_v3_metrics
bright,biology:6,azure+cohere,mixed,failure_mining,debias_position,pairwise,llm_cohere_pairwise,unknown,,,False,0.0,reconstructible,failure_mining_llm_v3_metrics
bright,biology:6,azure+cohere,mixed,failure_mining,debias_position,pairwise,llm_azure_pairwise,unknown,,,False,0.0,reconstructible,failure_mining_llm_v3_metrics
bright,biology:7,azure+cohere,mixed,failure_mining,debias_position,pairwise,score_sum,unknown,1.0,0.0,False,0.0,reconstructible,failure_mining_llm_v3_metrics
bright,biology:7,azure+cohere,mixed,failure_mining,debias_position,pairwise,borda,unknown,1.0,0.0,False,0.0,reconstructible,failure_mining_llm_v3_metrics
bright,biology:7,azure+cohere,mixed,failure_mining,debias_position,pairwise,pagerank,unknown,1.0,0.0,False,0.0,reconstructible,failure_mining_llm_v3_metrics
bright,biology:7,azure+cohere,mixed,failure_mining,debias_position,pairwise,rank_centrality,unknown,1.0,0.0,False,0.0,reconstructible,failure_mining_llm_v3_metrics
bright,biology:7,azure+cohere,mixed,failure_mining,debias_position,pairwise,markov_graph,unknown,1.0,0.0,False,0.0,reconstructible,failure_mining_llm_v3_metrics
bright,biology:7,azure+cohere,mixed,failure_mining,debias_position,pairwise,markov_graph_repaired,greedy,1.0,0.0,False,0.0,reconstructible,failure_mining_llm_v3_metrics
bright,biology:7,azure+cohere,mixed,failure_mining,debias_position,pairwise,greedy_fas_topological,greedy,1.0,0.0,False,0.0,reconstructible,failure_mining_llm_v3_metrics
bright,biology:7,azure+cohere,mixed,failure_mining,debias_position,pairwise,prior_only,unknown,1.0,0.0,False,0.0,reconstructible,failure_mining_llm_v3_metrics
bright,biology:7,azure+cohere,mixed,failure_mining,debias_position,pairwise,rrf,unknown,1.0,0.0,False,0.0,reconstructible,failure_mining_llm_v3_metrics
bright,biology:7,azure+cohere,mixed,failure_mining,debias_position,pairwise,combsum,unknown,1.0,0.0,False,0.0,reconstructible,failure_mining_llm_v3_metrics
bright,biology:7,azure+cohere,mixed,failure_mining,debias_position,pairwise,borda_fuse,unknown,1.0,0.0,False,0.0,reconstructible,failure_mining_llm_v3_metrics
bright,biology:7,azure+cohere,mixed,failure_mining,debias_position,pairwise,bradley_terry,unknown,1.0,0.0,False,0.0,reconstructible,failure_mining_llm_v3_metrics
bright,biology:7,azure+cohere,mixed,failure_mining,debias_position,pairwise,local_kemenization,unknown,1.0,0.0,False,0.0,reconstructible,failure_mining_llm_v3_metrics
bright,biology:7,azure+cohere,mixed,failure_mining,debias_position,pairwise,llm_cohere_pairwise,unknown,,,False,0.0,reconstructible,failure_mining_llm_v3_metrics
bright,biology:7,azure+cohere,mixed,failure_mining,debias_position,pairwise,llm_azure_pairwise,unknown,,,False,0.0,reconstructible,failure_mining_llm_v3_metrics
bright,biology:8,azure+cohere,mixed,failure_mining,debias_position,pairwise,score_sum,unknown,0.31546487678572877,-0.07138793044881286,False,0.0,reconstructible,failure_mining_llm_v3_metrics
bright,biology:8,azure+cohere,mixed,failure_mining,debias_position,pairwise,borda,unknown,1.0,0.6131471927654584,False,0.0,reconstructible,failure_mining_llm_v3_metrics
bright,biology:8,azure+cohere,mixed,failure_mining,debias_position,pairwise,pagerank,unknown,1.0,0.6131471927654584,False,0.0,reconstructible,failure_mining_llm_v3_metrics
bright,biology:8,azure+cohere,mixed,failure_mining,debias_position,pairwise,rank_centrality,unknown,0.5,0.11314719276545837,False,0.0,reconstructible,failure_mining_llm_v3_metrics
bright,biology:8,azure+cohere,mixed,failure_mining,debias_position,pairwise,markov_graph,unknown,0.38685280723454163,0.0,False,0.0,reconstructible,failure_mining_llm_v3_metrics
bright,biology:8,azure+cohere,mixed,failure_mining,debias_position,pairwise,markov_graph_repaired,greedy,0.38685280723454163,0.0,False,0.0,reconstructible,failure_mining_llm_v3_metrics
bright,biology:8,azure+cohere,mixed,failure_mining,debias_position,pairwise,greedy_fas_topological,greedy,1.0,0.6131471927654584,False,0.0,reconstructible,failure_mining_llm_v3_metrics
bright,biology:8,azure+cohere,mixed,failure_mining,debias_position,pairwise,prior_only,unknown,0.3010299956639812,-0.08582281157056043,False,0.0,reconstructible,failure_mining_llm_v3_metrics
bright,biology:8,azure+cohere,mixed,failure_mining,debias_position,pairwise,rrf,unknown,0.3010299956639812,-0.08582281157056043,False,0.0,reconstructible,failure_mining_llm_v3_metrics
bright,biology:8,azure+cohere,mixed,failure_mining,debias_position,pairwise,combsum,unknown,0.43067655807339306,0.04382375083885143,False,0.0,reconstructible,failure_mining_llm_v3_metrics
bright,biology:8,azure+cohere,mixed,failure_mining,debias_position,pairwise,borda_fuse,unknown,0.3010299956639812,-0.08582281157056043,False,0.0,reconstructible,failure_mining_llm_v3_metrics
bright,biology:8,azure+cohere,mixed,failure_mining,debias_position,pairwise,bradley_terry,unknown,1.0,0.6131471927654584,False,0.0,reconstructible,failure_mining_llm_v3_metrics
bright,biology:8,azure+cohere,mixed,failure_mining,debias_position,pairwise,local_kemenization,unknown,0.6309297535714575,0.2440769463369159,False,0.0,reconstructible,failure_mining_llm_v3_metrics
bright,biology:8,azure+cohere,mixed,failure_mining,debias_position,pairwise,llm_cohere_pairwise,unknown,,,False,0.0,reconstructible,failure_mining_llm_v3_metrics
bright,biology:8,azure+cohere,mixed,failure_mining,debias_position,pairwise,llm_azure_pairwise,unknown,,,False,0.0,reconstructible,failure_mining_llm_v3_metrics
bright,biology:9,azure+cohere,mixed,failure_mining,debias_position,pairwise,score_sum,unknown,0.40298313359773236,-0.008850706837702671,False,0.0,reconstructible,failure_mining_llm_v3_metrics
bright,biology:9,azure+cohere,mixed,failure_mining,debias_position,pairwise,borda,unknown,0.40298313359773236,-0.008850706837702671,False,0.0,reconstructible,failure_mining_llm_v3_metrics
bright,biology:9,azure+cohere,mixed,failure_mining,debias_position,pairwise,pagerank,unknown,0.40298313359773236,-0.008850706837702671,False,0.0,reconstructible,failure_mining_llm_v3_metrics
bright,biology:9,azure+cohere,mixed,failure_mining,debias_position,pairwise,rank_centrality,unknown,0.41183384043543503,0.0,False,0.0,reconstructible,failure_mining_llm_v3_metrics
bright,biology:9,azure+cohere,mixed,failure_mining,debias_position,pairwise,markov_graph,unknown,0.41183384043543503,0.0,False,0.0,reconstructible,failure_mining_llm_v3_metrics
bright,biology:9,azure+cohere,mixed,failure_mining,debias_position,pairwise,markov_graph_repaired,greedy,0.41183384043543503,0.0,False,0.0,reconstructible,failure_mining_llm_v3_metrics
bright,biology:9,azure+cohere,mixed,failure_mining,debias_position,pairwise,greedy_fas_topological,greedy,0.40298313359773236,-0.008850706837702671,False,0.0,reconstructible,failure_mining_llm_v3_metrics
bright,biology:9,azure+cohere,mixed,failure_mining,debias_position,pairwise,prior_only,unknown,0.39564672360221187,-0.01618711683322316,False,0.0,reconstructible,failure_mining_llm_v3_metrics
bright,biology:9,azure+cohere,mixed,failure_mining,debias_position,pairwise,rrf,unknown,0.39564672360221187,-0.01618711683322316,False,0.0,reconstructible,failure_mining_llm_v3_metrics
bright,biology:9,azure+cohere,mixed,failure_mining,debias_position,pairwise,combsum,unknown,0.37800210039683896,-0.03383174003859607,False,0.0,reconstructible,failure_mining_llm_v3_metrics
bright,biology:9,azure+cohere,mixed,failure_mining,debias_position,pairwise,borda_fuse,unknown,0.39564672360221187,-0.01618711683322316,False,0.0,reconstructible,failure_mining_llm_v3_metrics
bright,biology:9,azure+cohere,mixed,failure_mining,debias_position,pairwise,bradley_terry,unknown,0.40298313359773236,-0.008850706837702671,False,0.0,reconstructible,failure_mining_llm_v3_metrics
bright,biology:9,azure+cohere,mixed,failure_mining,debias_position,pairwise,local_kemenization,unknown,0.39564672360221187,-0.01618711683322316,False,0.0,reconstructible,failure_mining_llm_v3_metrics
bright,biology:9,azure+cohere,mixed,failure_mining,debias_position,pairwise,llm_cohere_pairwise,unknown,,,False,0.0,reconstructible,failure_mining_llm_v3_metrics
bright,biology:9,azure+cohere,mixed,failure_mining,debias_position,pairwise,llm_azure_pairwise,unknown,,,False,0.0,reconstructible,failure_mining_llm_v3_metrics
bright,biology:10,azure+cohere,mixed,failure_mining,debias_position,pairwise,score_sum,unknown,0.9493885684853097,-0.033503513471378144,False,0.0,reconstructible,failure_mining_llm_v3_metrics
bright,biology:10,azure+cohere,mixed,failure_mining,debias_position,pairwise,borda,unknown,0.9493885684853097,-0.033503513471378144,False,0.0,reconstructible,failure_mining_llm_v3_metrics
bright,biology:10,azure+cohere,mixed,failure_mining,debias_position,pairwise,pagerank,unknown,0.9493885684853097,-0.033503513471378144,False,0.0,reconstructible,failure_mining_llm_v3_metrics
bright,biology:10,azure+cohere,mixed,failure_mining,debias_position,pairwise,rank_centrality,unknown,0.9558295932317544,-0.027062488724933442,False,0.0,reconstructible,failure_mining_llm_v3_metrics
bright,biology:10,azure+cohere,mixed,failure_mining,debias_position,pairwise,markov_graph,unknown,0.9828920819566879,0.0,False,0.0,reconstructible,failure_mining_llm_v3_metrics
bright,biology:10,azure+cohere,mixed,failure_mining,debias_position,pairwise,markov_graph_repaired,greedy,0.9828920819566879,0.0,False,0.0,reconstructible,failure_mining_llm_v3_metrics
bright,biology:10,azure+cohere,mixed,failure_mining,debias_position,pairwise,greedy_fas_topological,greedy,0.9619991470595832,-0.020892934897104642,False,0.0,reconstructible,failure_mining_llm_v3_metrics
bright,biology:10,azure+cohere,mixed,failure_mining,debias_position,pairwise,prior_only,unknown,0.9709286432396583,-0.01196343871702954,False,0.0,reconstructible,failure_mining_llm_v3_metrics
bright,biology:10,azure+cohere,mixed,failure_mining,debias_position,pairwise,rrf,unknown,0.9550236580992476,-0.02786842385744026,False,0.0,reconstructible,failure_mining_llm_v3_metrics
bright,biology:10,azure+cohere,mixed,failure_mining,debias_position,pairwise,combsum,unknown,0.9447176050778178,-0.0381744768788701,False,0.0,reconstructible,failure_mining_llm_v3_metrics
bright,biology:10,azure+cohere,mixed,failure_mining,debias_position,pairwise,borda_fuse,unknown,0.9550236580992476,-0.02786842385744026,False,0.0,reconstructible,failure_mining_llm_v3_metrics
bright,biology:10,azure+cohere,mixed,failure_mining,debias_position,pairwise,bradley_terry,unknown,0.9493885684853097,-0.033503513471378144,False,0.0,reconstructible,failure_mining_llm_v3_metrics
bright,biology:10,azure+cohere,mixed,failure_mining,debias_position,pairwise,local_kemenization,unknown,0.9550236580992476,-0.02786842385744026,False,0.0,reconstructible,failure_mining_llm_v3_metrics
bright,biology:10,azure+cohere,mixed,failure_mining,debias_position,pairwise,llm_cohere_pairwise,unknown,,,False,0.0,reconstructible,failure_mining_llm_v3_metrics
bright,biology:10,azure+cohere,mixed,failure_mining,debias_position,pairwise,llm_azure_pairwise,unknown,,,False,0.0,reconstructible,failure_mining_llm_v3_metrics
bright,biology:11,azure+cohere,mixed,failure_mining,debias_position,pairwise,score_sum,unknown,0.9325210919548239,0.010734212958616762,False,0.0,reconstructible,failure_mining_llm_v3_metrics
bright,biology:11,azure+cohere,mixed,failure_mining,debias_position,pairwise,borda,unknown,0.9217868789962071,0.0,False,0.0,reconstructible,failure_mining_llm_v3_metrics
bright,biology:11,azure+cohere,mixed,failure_mining,debias_position,pairwise,pagerank,unknown,0.9325210919548239,0.010734212958616762,False,0.0,reconstructible,failure_mining_llm_v3_metrics
bright,biology:11,azure+cohere,mixed,failure_mining,debias_position,pairwise,rank_centrality,unknown,0.86034433104172,-0.061442547954487114,False,0.0,reconstructible,failure_mining_llm_v3_metrics
bright,biology:11,azure+cohere,mixed,failure_mining,debias_position,pairwise,markov_graph,unknown,0.9217868789962071,0.0,False,0.0,reconstructible,failure_mining_llm_v3_metrics
bright,biology:11,azure+cohere,mixed,failure_mining,debias_position,pairwise,markov_graph_repaired,greedy,0.9217868789962071,0.0,False,0.0,reconstructible,failure_mining_llm_v3_metrics
bright,biology:11,azure+cohere,mixed,failure_mining,debias_position,pairwise,greedy_fas_topological,greedy,0.9217868789962071,0.0,False,0.0,reconstructible,failure_mining_llm_v3_metrics
bright,biology:11,azure+cohere,mixed,failure_mining,debias_position,pairwise,prior_only,unknown,0.9060254355346823,-0.01576144346152486,False,0.0,reconstructible,failure_mining_llm_v3_metrics
bright,biology:11,azure+cohere,mixed,failure_mining,debias_position,pairwise,rrf,unknown,0.9060254355346823,-0.01576144346152486,False,0.0,reconstructible,failure_mining_llm_v3_metrics
bright,biology:11,azure+cohere,mixed,failure_mining,debias_position,pairwise,combsum,unknown,1.0,0.07821312100379285,False,0.0,reconstructible,failure_mining_llm_v3_metrics
bright,biology:11,azure+cohere,mixed,failure_mining,debias_position,pairwise,borda_fuse,unknown,0.9060254355346823,-0.01576144346152486,False,0.0,reconstructible,failure_mining_llm_v3_metrics
bright,biology:11,azure+cohere,mixed,failure_mining,debias_position,pairwise,bradley_terry,unknown,0.9217868789962071,0.0,False,0.0,reconstructible,failure_mining_llm_v3_metrics
bright,biology:11,azure+cohere,mixed,failure_mining,debias_position,pairwise,local_kemenization,unknown,0.9674679834891693,0.045681104492962143,False,0.0,reconstructible,failure_mining_llm_v3_metrics
bright,biology:11,azure+cohere,mixed,failure_mining,debias_position,pairwise,llm_cohere_pairwise,unknown,,,False,0.0,reconstructible,failure_mining_llm_v3_metrics
bright,biology:11,azure+cohere,mixed,failure_mining,debias_position,pairwise,llm_azure_pairwise,unknown,,,False,0.0,reconstructible,failure_mining_llm_v3_metrics
bright,biology:12,azure+cohere,mixed,failure_mining,debias_position,pairwise,score_sum,unknown,0.9143656167316339,0.00754057876666725,False,0.0,reconstructible,failure_mining_llm_v3_metrics
bright,biology:12,azure+cohere,mixed,failure_mining,debias_position,pairwise,borda,unknown,0.8777173555755364,-0.02910768238943018,False,0.0,reconstructible,failure_mining_llm_v3_metrics
bright,biology:12,azure+cohere,mixed,failure_mining,debias_position,pairwise,pagerank,unknown,0.8840530210968294,-0.022772016868137235,False,0.0,reconstructible,failure_mining_llm_v3_metrics
bright,biology:12,azure+cohere,mixed,failure_mining,debias_position,pairwise,rank_centrality,unknown,0.9068250379649666,0.0,False,0.0,reconstructible,failure_mining_llm_v3_metrics
bright,biology:12,azure+cohere,mixed,failure_mining,debias_position,pairwise,markov_graph,unknown,0.9068250379649666,0.0,False,0.0,reconstructible,failure_mining_llm_v3_metrics
bright,biology:12,azure+cohere,mixed,failure_mining,debias_position,pairwise,markov_graph_repaired,greedy,0.9068250379649666,0.0,False,0.0,reconstructible,failure_mining_llm_v3_metrics
bright,biology:12,azure+cohere,mixed,failure_mining,debias_position,pairwise,greedy_fas_topological,greedy,0.7816510974258781,-0.12517394053908848,False,0.0,reconstructible,failure_mining_llm_v3_metrics
bright,biology:12,azure+cohere,mixed,failure_mining,debias_position,pairwise,prior_only,unknown,0.7484853057448934,-0.15833973222007325,False,0.0,reconstructible,failure_mining_llm_v3_metrics
bright,biology:12,azure+cohere,mixed,failure_mining,debias_position,pairwise,rrf,unknown,0.7484853057448934,-0.15833973222007325,False,0.0,reconstructible,failure_mining_llm_v3_metrics
bright,biology:12,azure+cohere,mixed,failure_mining,debias_position,pairwise,combsum,unknown,0.7816510974258781,-0.12517394053908848,False,0.0,reconstructible,failure_mining_llm_v3_metrics
bright,biology:12,azure+cohere,mixed,failure_mining,debias_position,pairwise,borda_fuse,unknown,0.7484853057448934,-0.15833973222007325,False,0.0,reconstructible,failure_mining_llm_v3_metrics
bright,biology:12,azure+cohere,mixed,failure_mining,debias_position,pairwise,bradley_terry,unknown,0.888111130388384,-0.018713907576582645,False,0.0,reconstructible,failure_mining_llm_v3_metrics
bright,biology:12,azure+cohere,mixed,failure_mining,debias_position,pairwise,local_kemenization,unknown,0.7629371898492955,-0.14388784811567112,False,0.0,reconstructible,failure_mining_llm_v3_metrics
bright,biology:12,azure+cohere,mixed,failure_mining,debias_position,pairwise,llm_cohere_pairwise,unknown,,,False,0.0,reconstructible,failure_mining_llm_v3_metrics
bright,biology:12,azure+cohere,mixed,failure_mining,debias_position,pairwise,llm_azure_pairwise,unknown,,,False,0.0,reconstructible,failure_mining_llm_v3_metrics
bright,biology:13,azure+cohere,mixed,failure_mining,debias_position,pairwise,score_sum,unknown,0.8317144247565924,-0.06346861971313877,True,0.05721467733383179,reconstructible,failure_mining_llm_v3_metrics
bright,biology:13,azure+cohere,mixed,failure_mining,debias_position,pairwise,borda,unknown,0.8317144247565924,-0.06346861971313877,True,0.05721467733383179,reconstructible,failure_mining_llm_v3_metrics
bright,biology:13,azure+cohere,mixed,failure_mining,debias_position,pairwise,pagerank,unknown,0.9530418785472458,0.057858834077514576,True,0.05721467733383179,reconstructible,failure_mining_llm_v3_metrics
bright,biology:13,azure+cohere,mixed,failure_mining,debias_position,pairwise,rank_centrality,unknown,0.9325720109418509,0.037388966472119756,True,0.05721467733383179,reconstructible,failure_mining_llm_v3_metrics
bright,biology:13,azure+cohere,mixed,failure_mining,debias_position,pairwise,markov_graph,unknown,0.8951830444697312,0.0,True,0.05721467733383179,reconstructible,failure_mining_llm_v3_metrics
bright,biology:13,azure+cohere,mixed,failure_mining,debias_position,pairwise,markov_graph_repaired,greedy,0.8951830444697312,0.0,True,0.05721467733383179,reconstructible,failure_mining_llm_v3_metrics
bright,biology:13,azure+cohere,mixed,failure_mining,debias_position,pairwise,greedy_fas_topological,greedy,0.9262845298966467,0.031101485426915487,True,0.05721467733383179,reconstructible,failure_mining_llm_v3_metrics
bright,biology:13,azure+cohere,mixed,failure_mining,debias_position,pairwise,prior_only,unknown,0.9726647310833559,0.07748168661362476,True,0.05721467733383179,reconstructible,failure_mining_llm_v3_metrics
bright,biology:13,azure+cohere,mixed,failure_mining,debias_position,pairwise,rrf,unknown,0.9726647310833559,0.07748168661362476,True,0.05721467733383179,reconstructible,failure_mining_llm_v3_metrics
bright,biology:13,azure+cohere,mixed,failure_mining,debias_position,pairwise,combsum,unknown,0.9642409754030941,0.06905793093336288,True,0.05721467733383179,reconstructible,failure_mining_llm_v3_metrics
bright,biology:13,azure+cohere,mixed,failure_mining,debias_position,pairwise,borda_fuse,unknown,0.9726647310833559,0.07748168661362476,True,0.05721467733383179,reconstructible,failure_mining_llm_v3_metrics
bright,biology:13,azure+cohere,mixed,failure_mining,debias_position,pairwise,bradley_terry,unknown,0.9262845298966467,0.031101485426915487,True,0.05721467733383179,reconstructible,failure_mining_llm_v3_metrics
bright,biology:13,azure+cohere,mixed,failure_mining,debias_position,pairwise,local_kemenization,unknown,0.8951830444697312,0.0,True,0.05721467733383179,reconstructible,failure_mining_llm_v3_metrics
bright,biology:13,azure+cohere,mixed,failure_mining,debias_position,pairwise,llm_cohere_pairwise,unknown,,,True,0.05721467733383179,reconstructible,failure_mining_llm_v3_metrics
bright,biology:13,azure+cohere,mixed,failure_mining,debias_position,pairwise,llm_azure_pairwise,unknown,,,True,0.05721467733383179,reconstructible,failure_mining_llm_v3_metrics
bright,biology:14,azure+cohere,mixed,failure_mining,debias_position,pairwise,score_sum,unknown,0.8738100898801323,-0.05926943442808419,False,0.0,reconstructible,failure_mining_llm_v3_metrics
bright,biology:14,azure+cohere,mixed,failure_mining,debias_position,pairwise,borda,unknown,0.9330795243082165,0.0,False,0.0,reconstructible,failure_mining_llm_v3_metrics
bright,biology:14,azure+cohere,mixed,failure_mining,debias_position,pairwise,pagerank,unknown,0.9330795243082165,0.0,False,0.0,reconstructible,failure_mining_llm_v3_metrics
bright,biology:14,azure+cohere,mixed,failure_mining,debias_position,pairwise,rank_centrality,unknown,0.9330795243082165,0.0,False,0.0,reconstructible,failure_mining_llm_v3_metrics
bright,biology:14,azure+cohere,mixed,failure_mining,debias_position,pairwise,markov_graph,unknown,0.9330795243082165,0.0,False,0.0,reconstructible,failure_mining_llm_v3_metrics
bright,biology:14,azure+cohere,mixed,failure_mining,debias_position,pairwise,markov_graph_repaired,greedy,0.9330795243082165,0.0,False,0.0,reconstructible,failure_mining_llm_v3_metrics
bright,biology:14,azure+cohere,mixed,failure_mining,debias_position,pairwise,greedy_fas_topological,greedy,0.9330795243082165,0.0,False,0.0,reconstructible,failure_mining_llm_v3_metrics
bright,biology:14,azure+cohere,mixed,failure_mining,debias_position,pairwise,prior_only,unknown,0.9669850519151657,0.033905527606949204,False,0.0,reconstructible,failure_mining_llm_v3_metrics
bright,biology:14,azure+cohere,mixed,failure_mining,debias_position,pairwise,rrf,unknown,0.9669850519151657,0.033905527606949204,False,0.0,reconstructible,failure_mining_llm_v3_metrics
bright,biology:14,azure+cohere,mixed,failure_mining,debias_position,pairwise,combsum,unknown,0.9896062251871525,0.056526700878935965,False,0.0,reconstructible,failure_mining_llm_v3_metrics
bright,biology:14,azure+cohere,mixed,failure_mining,debias_position,pairwise,borda_fuse,unknown,0.9669850519151657,0.033905527606949204,False,0.0,reconstructible,failure_mining_llm_v3_metrics
bright,biology:14,azure+cohere,mixed,failure_mining,debias_position,pairwise,bradley_terry,unknown,0.9330795243082165,0.0,False,0.0,reconstructible,failure_mining_llm_v3_metrics
bright,biology:14,azure+cohere,mixed,failure_mining,debias_position,pairwise,local_kemenization,unknown,0.943473299121064,0.010393774812847534,False,0.0,reconstructible,failure_mining_llm_v3_metrics
bright,biology:14,azure+cohere,mixed,failure_mining,debias_position,pairwise,llm_cohere_pairwise,unknown,,,False,0.0,reconstructible,failure_mining_llm_v3_metrics
bright,biology:14,azure+cohere,mixed,failure_mining,debias_position,pairwise,llm_azure_pairwise,unknown,,,False,0.0,reconstructible,failure_mining_llm_v3_metrics
bright,biology:15,azure+cohere,mixed,failure_mining,debias_position,pairwise,score_sum,unknown,0.45749452618986164,0.07949242579302268,False,0.0,reconstructible,failure_mining_llm_v3_metrics
bright,biology:15,azure+cohere,mixed,failure_mining,debias_position,pairwise,borda,unknown,0.45749452618986164,0.07949242579302268,False,0.0,reconstructible,failure_mining_llm_v3_metrics
bright,biology:15,azure+cohere,mixed,failure_mining,debias_position,pairwise,pagerank,unknown,0.45749452618986164,0.07949242579302268,False,0.0,reconstructible,failure_mining_llm_v3_metrics
bright,biology:15,azure+cohere,mixed,failure_mining,debias_position,pairwise,rank_centrality,unknown,0.37800210039683896,0.0,False,0.0,reconstructible,failure_mining_llm_v3_metrics
bright,biology:15,azure+cohere,mixed,failure_mining,debias_position,pairwise,markov_graph,unknown,0.37800210039683896,0.0,False,0.0,reconstructible,failure_mining_llm_v3_metrics
bright,biology:15,azure+cohere,mixed,failure_mining,debias_position,pairwise,markov_graph_repaired,greedy,0.37800210039683896,0.0,False,0.0,reconstructible,failure_mining_llm_v3_metrics
bright,biology:15,azure+cohere,mixed,failure_mining,debias_position,pairwise,greedy_fas_topological,greedy,0.39780880120575696,0.019806700808918,False,0.0,reconstructible,failure_mining_llm_v3_metrics
bright,biology:15,azure+cohere,mixed,failure_mining,debias_position,pairwise,prior_only,unknown,0.5012658353418871,0.12326373494504811,False,0.0,reconstructible,failure_mining_llm_v3_metrics
bright,biology:15,azure+cohere,mixed,failure_mining,debias_position,pairwise,rrf,unknown,0.5437713091520254,0.16576920875518647,False,0.0,reconstructible,failure_mining_llm_v3_metrics
bright,biology:15,azure+cohere,mixed,failure_mining,debias_position,pairwise,combsum,unknown,0.4911492931622974,0.11314719276545843,False,0.0,reconstructible,failure_mining_llm_v3_metrics
bright,biology:15,azure+cohere,mixed,failure_mining,debias_position,pairwise,borda_fuse,unknown,0.5437713091520254,0.16576920875518647,False,0.0,reconstructible,failure_mining_llm_v3_metrics
bright,biology:15,azure+cohere,mixed,failure_mining,debias_position,pairwise,bradley_terry,unknown,0.39780880120575696,0.019806700808918,False,0.0,reconstructible,failure_mining_llm_v3_metrics
bright,biology:15,azure+cohere,mixed,failure_mining,debias_position,pairwise,local_kemenization,unknown,0.5802792108518124,0.20227711045497349,False,0.0,reconstructible,failure_mining_llm_v3_metrics
bright,biology:15,azure+cohere,mixed,failure_mining,debias_position,pairwise,llm_cohere_pairwise,unknown,,,False,0.0,reconstructible,failure_mining_llm_v3_metrics
bright,biology:15,azure+cohere,mixed,failure_mining,debias_position,pairwise,llm_azure_pairwise,unknown,,,False,0.0,reconstructible,failure_mining_llm_v3_metrics
bright,biology:16,azure+cohere,mixed,failure_mining,debias_position,pairwise,score_sum,unknown,0.0,0.0,False,0.0,reconstructible,failure_mining_llm_v3_metrics
bright,biology:16,azure+cohere,mixed,failure_mining,debias_position,pairwise,borda,unknown,0.0,0.0,False,0.0,reconstructible,failure_mining_llm_v3_metrics
bright,biology:16,azure+cohere,mixed,failure_mining,debias_position,pairwise,pagerank,unknown,0.0,0.0,False,0.0,reconstructible,failure_mining_llm_v3_metrics
bright,biology:16,azure+cohere,mixed,failure_mining,debias_position,pairwise,rank_centrality,unknown,0.0,0.0,False,0.0,reconstructible,failure_mining_llm_v3_metrics
bright,biology:16,azure+cohere,mixed,failure_mining,debias_position,pairwise,markov_graph,unknown,0.0,0.0,False,0.0,reconstructible,failure_mining_llm_v3_metrics
bright,biology:16,azure+cohere,mixed,failure_mining,debias_position,pairwise,markov_graph_repaired,greedy,0.0,0.0,False,0.0,reconstructible,failure_mining_llm_v3_metrics
bright,biology:16,azure+cohere,mixed,failure_mining,debias_position,pairwise,greedy_fas_topological,greedy,0.0,0.0,False,0.0,reconstructible,failure_mining_llm_v3_metrics
bright,biology:16,azure+cohere,mixed,failure_mining,debias_position,pairwise,prior_only,unknown,0.0,0.0,False,0.0,reconstructible,failure_mining_llm_v3_metrics
bright,biology:16,azure+cohere,mixed,failure_mining,debias_position,pairwise,rrf,unknown,0.0,0.0,False,0.0,reconstructible,failure_mining_llm_v3_metrics
bright,biology:16,azure+cohere,mixed,failure_mining,debias_position,pairwise,combsum,unknown,0.0,0.0,False,0.0,reconstructible,failure_mining_llm_v3_metrics
bright,biology:16,azure+cohere,mixed,failure_mining,debias_position,pairwise,borda_fuse,unknown,0.0,0.0,False,0.0,reconstructible,failure_mining_llm_v3_metrics
bright,biology:16,azure+cohere,mixed,failure_mining,debias_position,pairwise,bradley_terry,unknown,0.0,0.0,False,0.0,reconstructible,failure_mining_llm_v3_metrics
bright,biology:16,azure+cohere,mixed,failure_mining,debias_position,pairwise,local_kemenization,unknown,0.0,0.0,False,0.0,reconstructible,failure_mining_llm_v3_metrics
bright,biology:16,azure+cohere,mixed,failure_mining,debias_position,pairwise,llm_cohere_pairwise,unknown,,,False,0.0,reconstructible,failure_mining_llm_v3_metrics
bright,biology:16,azure+cohere,mixed,failure_mining,debias_position,pairwise,llm_azure_pairwise,unknown,,,False,0.0,reconstructible,failure_mining_llm_v3_metrics
bright,biology:17,azure+cohere,mixed,failure_mining,debias_position,pairwise,score_sum,unknown,1.0,0.0,False,0.0,reconstructible,failure_mining_llm_v3_metrics
bright,biology:17,azure+cohere,mixed,failure_mining,debias_position,pairwise,borda,unknown,1.0,0.0,False,0.0,reconstructible,failure_mining_llm_v3_metrics
bright,biology:17,azure+cohere,mixed,failure_mining,debias_position,pairwise,pagerank,unknown,1.0,0.0,False,0.0,reconstructible,failure_mining_llm_v3_metrics
bright,biology:17,azure+cohere,mixed,failure_mining,debias_position,pairwise,rank_centrality,unknown,1.0,0.0,False,0.0,reconstructible,failure_mining_llm_v3_metrics
bright,biology:17,azure+cohere,mixed,failure_mining,debias_position,pairwise,markov_graph,unknown,1.0,0.0,False,0.0,reconstructible,failure_mining_llm_v3_metrics
bright,biology:17,azure+cohere,mixed,failure_mining,debias_position,pairwise,markov_graph_repaired,greedy,1.0,0.0,False,0.0,reconstructible,failure_mining_llm_v3_metrics
bright,biology:17,azure+cohere,mixed,failure_mining,debias_position,pairwise,greedy_fas_topological,greedy,1.0,0.0,False,0.0,reconstructible,failure_mining_llm_v3_metrics
bright,biology:17,azure+cohere,mixed,failure_mining,debias_position,pairwise,prior_only,unknown,0.9888026041880242,-0.011197395811975763,False,0.0,reconstructible,failure_mining_llm_v3_metrics
bright,biology:17,azure+cohere,mixed,failure_mining,debias_position,pairwise,rrf,unknown,0.9888026041880242,-0.011197395811975763,False,0.0,reconstructible,failure_mining_llm_v3_metrics
bright,biology:17,azure+cohere,mixed,failure_mining,debias_position,pairwise,combsum,unknown,0.9963488021549354,-0.0036511978450646243,False,0.0,reconstructible,failure_mining_llm_v3_metrics
bright,biology:17,azure+cohere,mixed,failure_mining,debias_position,pairwise,borda_fuse,unknown,0.9888026041880242,-0.011197395811975763,False,0.0,reconstructible,failure_mining_llm_v3_metrics
bright,biology:17,azure+cohere,mixed,failure_mining,debias_position,pairwise,bradley_terry,unknown,1.0,0.0,False,0.0,reconstructible,failure_mining_llm_v3_metrics
bright,biology:17,azure+cohere,mixed,failure_mining,debias_position,pairwise,local_kemenization,unknown,1.0,0.0,False,0.0,reconstructible,failure_mining_llm_v3_metrics
bright,biology:17,azure+cohere,mixed,failure_mining,debias_position,pairwise,llm_cohere_pairwise,unknown,,,False,0.0,reconstructible,failure_mining_llm_v3_metrics
bright,biology:17,azure+cohere,mixed,failure_mining,debias_position,pairwise,llm_azure_pairwise,unknown,,,False,0.0,reconstructible,failure_mining_llm_v3_metrics
bright,biology:18,azure+cohere,mixed,failure_mining,debias_position,pairwise,score_sum,unknown,0.0,0.0,False,0.0,reconstructible,failure_mining_llm_v3_metrics
bright,biology:18,azure+cohere,mixed,failure_mining,debias_position,pairwise,borda,unknown,0.0,0.0,False,0.0,reconstructible,failure_mining_llm_v3_metrics
bright,biology:18,azure+cohere,mixed,failure_mining,debias_position,pairwise,pagerank,unknown,0.0,0.0,False,0.0,reconstructible,failure_mining_llm_v3_metrics
bright,biology:18,azure+cohere,mixed,failure_mining,debias_position,pairwise,rank_centrality,unknown,0.0,0.0,False,0.0,reconstructible,failure_mining_llm_v3_metrics
bright,biology:18,azure+cohere,mixed,failure_mining,debias_position,pairwise,markov_graph,unknown,0.0,0.0,False,0.0,reconstructible,failure_mining_llm_v3_metrics
bright,biology:18,azure+cohere,mixed,failure_mining,debias_position,pairwise,markov_graph_repaired,greedy,0.0,0.0,False,0.0,reconstructible,failure_mining_llm_v3_metrics
bright,biology:18,azure+cohere,mixed,failure_mining,debias_position,pairwise,greedy_fas_topological,greedy,0.0,0.0,False,0.0,reconstructible,failure_mining_llm_v3_metrics
bright,biology:18,azure+cohere,mixed,failure_mining,debias_position,pairwise,prior_only,unknown,0.0,0.0,False,0.0,reconstructible,failure_mining_llm_v3_metrics
bright,biology:18,azure+cohere,mixed,failure_mining,debias_position,pairwise,rrf,unknown,0.0,0.0,False,0.0,reconstructible,failure_mining_llm_v3_metrics
bright,biology:18,azure+cohere,mixed,failure_mining,debias_position,pairwise,combsum,unknown,0.0,0.0,False,0.0,reconstructible,failure_mining_llm_v3_metrics
bright,biology:18,azure+cohere,mixed,failure_mining,debias_position,pairwise,borda_fuse,unknown,0.0,0.0,False,0.0,reconstructible,failure_mining_llm_v3_metrics
bright,biology:18,azure+cohere,mixed,failure_mining,debias_position,pairwise,bradley_terry,unknown,0.0,0.0,False,0.0,reconstructible,failure_mining_llm_v3_metrics
bright,biology:18,azure+cohere,mixed,failure_mining,debias_position,pairwise,local_kemenization,unknown,0.0,0.0,False,0.0,reconstructible,failure_mining_llm_v3_metrics
bright,biology:18,azure+cohere,mixed,failure_mining,debias_position,pairwise,llm_cohere_pairwise,unknown,,,False,0.0,reconstructible,failure_mining_llm_v3_metrics
bright,biology:18,azure+cohere,mixed,failure_mining,debias_position,pairwise,llm_azure_pairwise,unknown,,,False,0.0,reconstructible,failure_mining_llm_v3_metrics
bright,biology:19,azure+cohere,mixed,failure_mining,debias_position,pairwise,score_sum,unknown,1.0,0.0,False,0.0,reconstructible,failure_mining_llm_v3_metrics
bright,biology:19,azure+cohere,mixed,failure_mining,debias_position,pairwise,borda,unknown,1.0,0.0,False,0.0,reconstructible,failure_mining_llm_v3_metrics
bright,biology:19,azure+cohere,mixed,failure_mining,debias_position,pairwise,pagerank,unknown,1.0,0.0,False,0.0,reconstructible,failure_mining_llm_v3_metrics
bright,biology:19,azure+cohere,mixed,failure_mining,debias_position,pairwise,rank_centrality,unknown,1.0,0.0,False,0.0,reconstructible,failure_mining_llm_v3_metrics
bright,biology:19,azure+cohere,mixed,failure_mining,debias_position,pairwise,markov_graph,unknown,1.0,0.0,False,0.0,reconstructible,failure_mining_llm_v3_metrics
bright,biology:19,azure+cohere,mixed,failure_mining,debias_position,pairwise,markov_graph_repaired,greedy,1.0,0.0,False,0.0,reconstructible,failure_mining_llm_v3_metrics
bright,biology:19,azure+cohere,mixed,failure_mining,debias_position,pairwise,greedy_fas_topological,greedy,1.0,0.0,False,0.0,reconstructible,failure_mining_llm_v3_metrics
bright,biology:19,azure+cohere,mixed,failure_mining,debias_position,pairwise,prior_only,unknown,1.0,0.0,False,0.0,reconstructible,failure_mining_llm_v3_metrics
bright,biology:19,azure+cohere,mixed,failure_mining,debias_position,pairwise,rrf,unknown,1.0,0.0,False,0.0,reconstructible,failure_mining_llm_v3_metrics
bright,biology:19,azure+cohere,mixed,failure_mining,debias_position,pairwise,combsum,unknown,1.0,0.0,False,0.0,reconstructible,failure_mining_llm_v3_metrics
bright,biology:19,azure+cohere,mixed,failure_mining,debias_position,pairwise,borda_fuse,unknown,1.0,0.0,False,0.0,reconstructible,failure_mining_llm_v3_metrics
bright,biology:19,azure+cohere,mixed,failure_mining,debias_position,pairwise,bradley_terry,unknown,1.0,0.0,False,0.0,reconstructible,failure_mining_llm_v3_metrics
bright,biology:19,azure+cohere,mixed,failure_mining,debias_position,pairwise,local_kemenization,unknown,1.0,0.0,False,0.0,reconstructible,failure_mining_llm_v3_metrics
bright,biology:19,azure+cohere,mixed,failure_mining,debias_position,pairwise,llm_cohere_pairwise,unknown,,,False,0.0,reconstructible,failure_mining_llm_v3_metrics
bright,biology:19,azure+cohere,mixed,failure_mining,debias_position,pairwise,llm_azure_pairwise,unknown,,,False,0.0,reconstructible,failure_mining_llm_v3_metrics
bright,biology:20,azure+cohere,mixed,failure_mining,debias_position,pairwise,score_sum,unknown,1.0,0.0,False,0.0,reconstructible,failure_mining_llm_v3_metrics
bright,biology:20,azure+cohere,mixed,failure_mining,debias_position,pairwise,borda,unknown,1.0,0.0,False,0.0,reconstructible,failure_mining_llm_v3_metrics
bright,biology:20,azure+cohere,mixed,failure_mining,debias_position,pairwise,pagerank,unknown,1.0,0.0,False,0.0,reconstructible,failure_mining_llm_v3_metrics
bright,biology:20,azure+cohere,mixed,failure_mining,debias_position,pairwise,rank_centrality,unknown,1.0,0.0,False,0.0,reconstructible,failure_mining_llm_v3_metrics
bright,biology:20,azure+cohere,mixed,failure_mining,debias_position,pairwise,markov_graph,unknown,1.0,0.0,False,0.0,reconstructible,failure_mining_llm_v3_metrics
bright,biology:20,azure+cohere,mixed,failure_mining,debias_position,pairwise,markov_graph_repaired,greedy,1.0,0.0,False,0.0,reconstructible,failure_mining_llm_v3_metrics
bright,biology:20,azure+cohere,mixed,failure_mining,debias_position,pairwise,greedy_fas_topological,greedy,1.0,0.0,False,0.0,reconstructible,failure_mining_llm_v3_metrics
bright,biology:20,azure+cohere,mixed,failure_mining,debias_position,pairwise,prior_only,unknown,0.9705437052559006,-0.029456294744099387,False,0.0,reconstructible,failure_mining_llm_v3_metrics
bright,biology:20,azure+cohere,mixed,failure_mining,debias_position,pairwise,rrf,unknown,0.9705437052559006,-0.029456294744099387,False,0.0,reconstructible,failure_mining_llm_v3_metrics
bright,biology:20,azure+cohere,mixed,failure_mining,debias_position,pairwise,combsum,unknown,0.9930783166417602,-0.0069216833582398385,False,0.0,reconstructible,failure_mining_llm_v3_metrics
bright,biology:20,azure+cohere,mixed,failure_mining,debias_position,pairwise,borda_fuse,unknown,0.9705437052559006,-0.029456294744099387,False,0.0,reconstructible,failure_mining_llm_v3_metrics
bright,biology:20,azure+cohere,mixed,failure_mining,debias_position,pairwise,bradley_terry,unknown,1.0,0.0,False,0.0,reconstructible,failure_mining_llm_v3_metrics
bright,biology:20,azure+cohere,mixed,failure_mining,debias_position,pairwise,local_kemenization,unknown,1.0,0.0,False,0.0,reconstructible,failure_mining_llm_v3_metrics
bright,biology:20,azure+cohere,mixed,failure_mining,debias_position,pairwise,llm_cohere_pairwise,unknown,,,False,0.0,reconstructible,failure_mining_llm_v3_metrics
bright,biology:20,azure+cohere,mixed,failure_mining,debias_position,pairwise,llm_azure_pairwise,unknown,,,False,0.0,reconstructible,failure_mining_llm_v3_metrics
bright,biology:21,azure+cohere,mixed,failure_mining,debias_position,pairwise,score_sum,unknown,0.9561626706667608,-0.01695772773577675,False,0.0,reconstructible,failure_mining_llm_v3_metrics
bright,biology:21,azure+cohere,mixed,failure_mining,debias_position,pairwise,borda,unknown,0.9371072971649781,-0.03601310123755941,False,0.0,reconstructible,failure_mining_llm_v3_metrics
bright,biology:21,azure+cohere,mixed,failure_mining,debias_position,pairwise,pagerank,unknown,0.9561626706667608,-0.01695772773577675,False,0.0,reconstructible,failure_mining_llm_v3_metrics
bright,biology:21,azure+cohere,mixed,failure_mining,debias_position,pairwise,rank_centrality,unknown,0.9878316351280039,0.01471123672546637,False,0.0,reconstructible,failure_mining_llm_v3_metrics
bright,biology:21,azure+cohere,mixed,failure_mining,debias_position,pairwise,markov_graph,unknown,0.9731203984025375,0.0,False,0.0,reconstructible,failure_mining_llm_v3_metrics
bright,biology:21,azure+cohere,mixed,failure_mining,debias_position,pairwise,markov_graph_repaired,greedy,0.9731203984025375,0.0,False,0.0,reconstructible,failure_mining_llm_v3_metrics
bright,biology:21,azure+cohere,mixed,failure_mining,debias_position,pairwise,greedy_fas_topological,greedy,0.9610742864774044,-0.012046111925133052,False,0.0,reconstructible,failure_mining_llm_v3_metrics
bright,biology:21,azure+cohere,mixed,failure_mining,debias_position,pairwise,prior_only,unknown,0.9714977244644463,-0.0016226739380912347,False,0.0,reconstructible,failure_mining_llm_v3_metrics
bright,biology:21,azure+cohere,mixed,failure_mining,debias_position,pairwise,rrf,unknown,0.9682087825918937,-0.00491161581064381,False,0.0,reconstructible,failure_mining_llm_v3_metrics
bright,biology:21,azure+cohere,mixed,failure_mining,debias_position,pairwise,combsum,unknown,0.9803771474638899,0.00725674906135243,False,0.0,reconstructible,failure_mining_llm_v3_metrics
bright,biology:21,azure+cohere,mixed,failure_mining,debias_position,pairwise,borda_fuse,unknown,0.9682087825918937,-0.00491161581064381,False,0.0,reconstructible,failure_mining_llm_v3_metrics
bright,biology:21,azure+cohere,mixed,failure_mining,debias_position,pairwise,bradley_terry,unknown,0.9561626706667608,-0.01695772773577675,False,0.0,reconstructible,failure_mining_llm_v3_metrics
bright,biology:21,azure+cohere,mixed,failure_mining,debias_position,pairwise,local_kemenization,unknown,0.9714977244644463,-0.0016226739380912347,False,0.0,reconstructible,failure_mining_llm_v3_metrics
bright,biology:21,azure+cohere,mixed,failure_mining,debias_position,pairwise,llm_cohere_pairwise,unknown,,,False,0.0,reconstructible,failure_mining_llm_v3_metrics
bright,biology:21,azure+cohere,mixed,failure_mining,debias_position,pairwise,llm_azure_pairwise,unknown,,,False,0.0,reconstructible,failure_mining_llm_v3_metrics
bright,biology:22,azure+cohere,mixed,failure_mining,debias_position,pairwise,score_sum,unknown,0.37800210039683896,-0.043771309152025484,False,0.0,reconstructible,failure_mining_llm_v3_metrics
bright,biology:22,azure+cohere,mixed,failure_mining,debias_position,pairwise,borda,unknown,0.42177340954886444,0.0,False,0.0,reconstructible,failure_mining_llm_v3_metrics
bright,biology:22,azure+cohere,mixed,failure_mining,debias_position,pairwise,pagerank,unknown,0.37800210039683896,-0.043771309152025484,False,0.0,reconstructible,failure_mining_llm_v3_metrics
bright,biology:22,azure+cohere,mixed,failure_mining,debias_position,pairwise,rank_centrality,unknown,0.5714285040141098,0.1496550944652454,False,0.0,reconstructible,failure_mining_llm_v3_metrics
bright,biology:22,azure+cohere,mixed,failure_mining,debias_position,pairwise,markov_graph,unknown,0.42177340954886444,0.0,False,0.0,reconstructible,failure_mining_llm_v3_metrics
bright,biology:22,azure+cohere,mixed,failure_mining,debias_position,pairwise,markov_graph_repaired,greedy,0.42177340954886444,0.0,False,0.0,reconstructible,failure_mining_llm_v3_metrics
bright,biology:22,azure+cohere,mixed,failure_mining,debias_position,pairwise,greedy_fas_topological,greedy,0.5714285040141098,0.1496550944652454,False,0.0,reconstructible,failure_mining_llm_v3_metrics
bright,biology:22,azure+cohere,mixed,failure_mining,debias_position,pairwise,prior_only,unknown,0.41443699955334395,-0.0073364099955204876,False,0.0,reconstructible,failure_mining_llm_v3_metrics
bright,biology:22,azure+cohere,mixed,failure_mining,debias_position,pairwise,rrf,unknown,0.38162168437253385,-0.04015172517633059,False,0.0,reconstructible,failure_mining_llm_v3_metrics
bright,biology:22,azure+cohere,mixed,failure_mining,debias_position,pairwise,combsum,unknown,0.4415801103577823,0.019806700808917832,False,0.0,reconstructible,failure_mining_llm_v3_metrics
bright,biology:22,azure+cohere,mixed,failure_mining,debias_position,pairwise,borda_fuse,unknown,0.38162168437253385,-0.04015172517633059,False,0.0,reconstructible,failure_mining_llm_v3_metrics
bright,biology:22,azure+cohere,mixed,failure_mining,debias_position,pairwise,bradley_terry,unknown,0.7977228895450266,0.37594947999616213,False,0.0,reconstructible,failure_mining_llm_v3_metrics
bright,biology:22,azure+cohere,mixed,failure_mining,debias_position,pairwise,local_kemenization,unknown,0.37800210039683896,-0.043771309152025484,False,0.0,reconstructible,failure_mining_llm_v3_metrics
bright,biology:22,azure+cohere,mixed,failure_mining,debias_position,pairwise,llm_cohere_pairwise,unknown,,,False,0.0,reconstructible,failure_mining_llm_v3_metrics
bright,biology:22,azure+cohere,mixed,failure_mining,debias_position,pairwise,llm_azure_pairwise,unknown,,,False,0.0,reconstructible,failure_mining_llm_v3_metrics
bright,biology:23,azure+cohere,mixed,failure_mining,debias_position,pairwise,score_sum,unknown,0.0,0.0,False,0.0,reconstructible,failure_mining_llm_v3_metrics
bright,biology:23,azure+cohere,mixed,failure_mining,debias_position,pairwise,borda,unknown,0.0,0.0,False,0.0,reconstructible,failure_mining_llm_v3_metrics
bright,biology:23,azure+cohere,mixed,failure_mining,debias_position,pairwise,pagerank,unknown,0.0,0.0,False,0.0,reconstructible,failure_mining_llm_v3_metrics
bright,biology:23,azure+cohere,mixed,failure_mining,debias_position,pairwise,rank_centrality,unknown,0.0,0.0,False,0.0,reconstructible,failure_mining_llm_v3_metrics
bright,biology:23,azure+cohere,mixed,failure_mining,debias_position,pairwise,markov_graph,unknown,0.0,0.0,False,0.0,reconstructible,failure_mining_llm_v3_metrics
bright,biology:23,azure+cohere,mixed,failure_mining,debias_position,pairwise,markov_graph_repaired,greedy,0.0,0.0,False,0.0,reconstructible,failure_mining_llm_v3_metrics
bright,biology:23,azure+cohere,mixed,failure_mining,debias_position,pairwise,greedy_fas_topological,greedy,0.0,0.0,False,0.0,reconstructible,failure_mining_llm_v3_metrics
bright,biology:23,azure+cohere,mixed,failure_mining,debias_position,pairwise,prior_only,unknown,0.0,0.0,False,0.0,reconstructible,failure_mining_llm_v3_metrics
bright,biology:23,azure+cohere,mixed,failure_mining,debias_position,pairwise,rrf,unknown,0.0,0.0,False,0.0,reconstructible,failure_mining_llm_v3_metrics
bright,biology:23,azure+cohere,mixed,failure_mining,debias_position,pairwise,combsum,unknown,0.0,0.0,False,0.0,reconstructible,failure_mining_llm_v3_metrics
bright,biology:23,azure+cohere,mixed,failure_mining,debias_position,pairwise,borda_fuse,unknown,0.0,0.0,False,0.0,reconstructible,failure_mining_llm_v3_metrics
bright,biology:23,azure+cohere,mixed,failure_mining,debias_position,pairwise,bradley_terry,unknown,0.0,0.0,False,0.0,reconstructible,failure_mining_llm_v3_metrics
bright,biology:23,azure+cohere,mixed,failure_mining,debias_position,pairwise,local_kemenization,unknown,0.0,0.0,False,0.0,reconstructible,failure_mining_llm_v3_metrics
bright,biology:23,azure+cohere,mixed,failure_mining,debias_position,pairwise,llm_cohere_pairwise,unknown,,,False,0.0,reconstructible,failure_mining_llm_v3_metrics
bright,biology:23,azure+cohere,mixed,failure_mining,debias_position,pairwise,llm_azure_pairwise,unknown,,,False,0.0,reconstructible,failure_mining_llm_v3_metrics
bright,biology:24,azure+cohere,mixed,failure_mining,debias_position,pairwise,score_sum,unknown,0.9066276098484507,-0.06084037364071859,False,0.0,reconstructible,failure_mining_llm_v3_metrics
bright,biology:24,azure+cohere,mixed,failure_mining,debias_position,pairwise,borda,unknown,0.9217868789962071,-0.045681104492962143,False,0.0,reconstructible,failure_mining_llm_v3_metrics
bright,biology:24,azure+cohere,mixed,failure_mining,debias_position,pairwise,pagerank,unknown,0.9066276098484507,-0.06084037364071859,False,0.0,reconstructible,failure_mining_llm_v3_metrics
bright,biology:24,azure+cohere,mixed,failure_mining,debias_position,pairwise,rank_centrality,unknown,1.0,0.03253201651083071,False,0.0,reconstructible,failure_mining_llm_v3_metrics
bright,biology:24,azure+cohere,mixed,failure_mining,debias_position,pairwise,markov_graph,unknown,0.9674679834891693,0.0,False,0.0,reconstructible,failure_mining_llm_v3_metrics
bright,biology:24,azure+cohere,mixed,failure_mining,debias_position,pairwise,markov_graph_repaired,greedy,0.9674679834891693,0.0,False,0.0,reconstructible,failure_mining_llm_v3_metrics
bright,biology:24,azure+cohere,mixed,failure_mining,debias_position,pairwise,greedy_fas_topological,greedy,1.0,0.03253201651083071,False,0.0,reconstructible,failure_mining_llm_v3_metrics
bright,biology:24,azure+cohere,mixed,failure_mining,debias_position,pairwise,prior_only,unknown,0.9469024295259745,-0.020565553963194816,False,0.0,reconstructible,failure_mining_llm_v3_metrics
bright,biology:24,azure+cohere,mixed,failure_mining,debias_position,pairwise,rrf,unknown,0.9469024295259745,-0.020565553963194816,False,0.0,reconstructible,failure_mining_llm_v3_metrics
bright,biology:24,azure+cohere,mixed,failure_mining,debias_position,pairwise,combsum,unknown,0.9674679834891693,0.0,False,0.0,reconstructible,failure_mining_llm_v3_metrics
bright,biology:24,azure+cohere,mixed,failure_mining,debias_position,pairwise,borda_fuse,unknown,0.9469024295259745,-0.020565553963194816,False,0.0,reconstructible,failure_mining_llm_v3_metrics
bright,biology:24,azure+cohere,mixed,failure_mining,debias_position,pairwise,bradley_terry,unknown,1.0,0.03253201651083071,False,0.0,reconstructible,failure_mining_llm_v3_metrics
bright,biology:24,azure+cohere,mixed,failure_mining,debias_position,pairwise,local_kemenization,unknown,0.9674679834891693,0.0,False,0.0,reconstructible,failure_mining_llm_v3_metrics
bright,biology:24,azure+cohere,mixed,failure_mining,debias_position,pairwise,llm_cohere_pairwise,unknown,,,False,0.0,reconstructible,failure_mining_llm_v3_metrics
bright,biology:24,azure+cohere,mixed,failure_mining,debias_position,pairwise,llm_azure_pairwise,unknown,,,False,0.0,reconstructible,failure_mining_llm_v3_metrics
