dataset,query_id,method,preference_source,preference_source_note,n_nodes,n_edges,graph_density,n_sccs,largest_scc,is_cyclic,n_non_trivial_sccs,scc_cycle_burden,fas_weight_removed,fas_n_edges_removed,graph_ref_bew_pre,graph_ref_bew_post,graph_ref_pic_pre,graph_ref_pic_post,n_eval_candidates,primary_metric,backward_edge_weight,pairwise_inconsistency,kendall_tau,kendall_tau_legacy,ndcg_at_k,map_at_k,precision_at_k,recall_at_k,pairwise_accuracy,runtime_pref_gen_s,runtime_graph_build_s,runtime_cycle_detect_s,runtime_fas_solver_s,runtime_ranking_s,runtime_evaluation_s,runtime_total_s
fiqa,q_fiqa_000132,score_sum,qrels_flip,synthetic corruption: qrels-derived edges with flip_prob=0.15,20,128,0.336842,4,17,True,1,17,50.0,45,24.0,16.0,13,9,20,ndcg_at_k,24.0,13,0.757895,0.69697,1.0,1.0,0.5,1.0,1.0,0.000274,0.000515,2.2e-05,0.004114,4.5e-05,0.00184,0.193569
fiqa,q_fiqa_000132,borda,qrels_flip,synthetic corruption: qrels-derived edges with flip_prob=0.15,20,128,0.336842,4,17,True,1,17,50.0,45,24.0,16.0,13,9,20,ndcg_at_k,24.0,13,0.810526,0.69697,1.0,1.0,0.5,1.0,1.0,0.000274,0.000515,2.2e-05,0.004114,2.4e-05,0.00184,0.193569
fiqa,q_fiqa_000132,pagerank,qrels_flip,synthetic corruption: qrels-derived edges with flip_prob=0.15,20,128,0.336842,4,17,True,1,17,50.0,45,24.0,16.0,13,9,20,ndcg_at_k,39.0,28,0.421053,0.393939,0.890565,0.726079,0.5,1.0,0.820312,0.000274,0.000515,2.2e-05,0.004114,0.186173,0.00184,0.193569
fiqa,q_fiqa_000132,greedy_fas_topological,qrels_flip,synthetic corruption: qrels-derived edges with flip_prob=0.15,20,128,0.336842,4,17,True,1,17,50.0,45,24.0,16.0,13,9,20,ndcg_at_k,37.0,32,0.273684,0.393939,0.710054,0.756241,0.5,1.0,0.710938,0.000274,0.000515,2.2e-05,0.004114,0.000102,0.00184,0.193569
fiqa,q_fiqa_000132,greedy_fas_weighted_balance,qrels_flip,synthetic corruption: qrels-derived edges with flip_prob=0.15,20,128,0.336842,4,17,True,1,17,50.0,45,24.0,16.0,13,9,20,ndcg_at_k,30.0,19,0.694737,0.666667,0.99469,0.935437,0.5,1.0,0.953125,0.000274,0.000515,2.2e-05,0.004114,5.5e-05,0.00184,0.193569
fiqa,q_fiqa_000132,greedy_fas_copeland,qrels_flip,synthetic corruption: qrels-derived edges with flip_prob=0.15,20,128,0.336842,4,17,True,1,17,50.0,45,24.0,16.0,13,9,20,ndcg_at_k,28.0,16,0.715789,0.575758,0.844742,0.990909,0.5,1.0,0.960938,0.000274,0.000515,2.2e-05,0.004114,5.4e-05,0.00184,0.193569
fiqa,q_fiqa_000132,greedy_fas_score_augmented_topological,qrels_flip,synthetic corruption: qrels-derived edges with flip_prob=0.15,20,128,0.336842,4,17,True,1,17,50.0,45,24.0,16.0,13,9,20,ndcg_at_k,37.0,32,0.242105,0.424242,0.665139,0.762281,0.5,1.0,0.710938,0.000274,0.000515,2.2e-05,0.004114,4.9e-05,0.00184,0.193569
fiqa,q_fiqa_000132,fas_balance_score_prior_alpha_beta,qrels_flip,synthetic corruption: qrels-derived edges with flip_prob=0.15,20,128,0.336842,4,17,True,1,17,50.0,45,24.0,16.0,13,9,20,ndcg_at_k,29.0,18,0.694737,0.727273,0.995228,0.943012,0.5,1.0,0.960938,0.000274,0.000515,2.2e-05,0.004114,7.7e-05,0.00184,0.193569
fiqa,q_fiqa_000132,hybrid_rrf_fas_regularized,qrels_flip,synthetic corruption: qrels-derived edges with flip_prob=0.15,20,128,0.336842,4,17,True,1,17,50.0,45,24.0,16.0,13,9,20,ndcg_at_k,30.0,19,0.694737,0.666667,0.99469,0.935437,0.5,1.0,0.953125,0.000274,0.000515,2.2e-05,0.004114,5.8e-05,0.00184,0.193569
fiqa,q_fiqa_000132,hybrid_rrf_balance_a05,qrels_flip,synthetic corruption: qrels-derived edges with flip_prob=0.15,20,128,0.336842,4,17,True,1,17,50.0,45,24.0,16.0,13,9,20,ndcg_at_k,30.0,19,0.694737,0.666667,0.99469,0.935437,0.5,1.0,0.953125,0.000274,0.000515,2.2e-05,0.004114,4.8e-05,0.00184,0.193569
fiqa,q_fiqa_000132,hybrid_rrf_copeland_a03,qrels_flip,synthetic corruption: qrels-derived edges with flip_prob=0.15,20,128,0.336842,4,17,True,1,17,50.0,45,24.0,16.0,13,9,20,ndcg_at_k,28.0,16,0.715789,0.575758,0.844742,0.990909,0.5,1.0,0.960938,0.000274,0.000515,2.2e-05,0.004114,3.8e-05,0.00184,0.193569
fiqa,q_fiqa_000132,hybrid_rrf_priority_topo_a03,qrels_flip,synthetic corruption: qrels-derived edges with flip_prob=0.15,20,128,0.336842,4,17,True,1,17,50.0,45,24.0,16.0,13,9,20,ndcg_at_k,34.0,29,0.294737,0.424242,0.711685,0.772395,0.5,1.0,0.734375,0.000274,0.000515,2.2e-05,0.004114,8.1e-05,0.00184,0.193569
fiqa,q_fiqa_000485,score_sum,qrels_flip,synthetic corruption: qrels-derived edges with flip_prob=0.15,20,113,0.297368,2,19,True,1,19,78.0,38,51.0,24.0,22,9,20,ndcg_at_k,50.0,21,0.726316,0.787879,0.999354,0.986111,0.4,1.0,0.99115,0.000277,0.000204,1.9e-05,0.004084,4.1e-05,0.001806,0.009056
fiqa,q_fiqa_000485,borda,qrels_flip,synthetic corruption: qrels-derived edges with flip_prob=0.15,20,113,0.297368,2,19,True,1,19,78.0,38,51.0,24.0,22,9,20,ndcg_at_k,54.0,25,0.684211,0.636364,0.95991,1.0,0.4,1.0,0.955752,0.000277,0.000204,1.9e-05,0.004084,2.1e-05,0.001806,0.009056
fiqa,q_fiqa_000485,pagerank,qrels_flip,synthetic corruption: qrels-derived edges with flip_prob=0.15,20,113,0.297368,2,19,True,1,19,78.0,38,51.0,24.0,22,9,20,ndcg_at_k,53.0,24,0.526316,0.606061,0.913937,0.742343,0.4,1.0,0.840708,0.000277,0.000204,1.9e-05,0.004084,0.00213,0.001806,0.009056
fiqa,q_fiqa_000485,greedy_fas_topological,qrels_flip,synthetic corruption: qrels-derived edges with flip_prob=0.15,20,113,0.297368,2,19,True,1,19,78.0,38,51.0,24.0,22,9,20,ndcg_at_k,72.0,34,0.336842,0.030303,0.679166,0.827083,0.4,1.0,0.734513,0.000277,0.000204,1.9e-05,0.004084,7e-05,0.001806,0.009056
fiqa,q_fiqa_000485,greedy_fas_weighted_balance,qrels_flip,synthetic corruption: qrels-derived edges with flip_prob=0.15,20,113,0.297368,2,19,True,1,19,78.0,38,51.0,24.0,22,9,20,ndcg_at_k,57.0,26,0.6,0.484848,0.961378,1.0,0.4,1.0,0.946903,0.000277,0.000204,1.9e-05,0.004084,5.7e-05,0.001806,0.009056
fiqa,q_fiqa_000485,greedy_fas_copeland,qrels_flip,synthetic corruption: qrels-derived edges with flip_prob=0.15,20,113,0.297368,2,19,True,1,19,78.0,38,51.0,24.0,22,9,20,ndcg_at_k,64.0,31,0.568421,0.30303,0.784679,1.0,0.4,1.0,0.884956,0.000277,0.000204,1.9e-05,0.004084,2.9e-05,0.001806,0.009056
fiqa,q_fiqa_000485,greedy_fas_score_augmented_topological,qrels_flip,synthetic corruption: qrels-derived edges with flip_prob=0.15,20,113,0.297368,2,19,True,1,19,78.0,38,51.0,24.0,22,9,20,ndcg_at_k,59.0,29,0.168421,0.060606,0.722928,0.854385,0.4,1.0,0.778761,0.000277,0.000204,1.9e-05,0.004084,4.6e-05,0.001806,0.009056
fiqa,q_fiqa_000485,fas_balance_score_prior_alpha_beta,qrels_flip,synthetic corruption: qrels-derived edges with flip_prob=0.15,20,113,0.297368,2,19,True,1,19,78.0,38,51.0,24.0,22,9,20,ndcg_at_k,52.0,23,0.663158,0.636364,0.994517,1.0,0.4,1.0,0.99115,0.000277,0.000204,1.9e-05,0.004084,6.3e-05,0.001806,0.009056
fiqa,q_fiqa_000485,hybrid_rrf_fas_regularized,qrels_flip,synthetic corruption: qrels-derived edges with flip_prob=0.15,20,113,0.297368,2,19,True,1,19,78.0,38,51.0,24.0,22,9,20,ndcg_at_k,57.0,26,0.6,0.484848,0.961378,1.0,0.4,1.0,0.946903,0.000277,0.000204,1.9e-05,0.004084,4.9e-05,0.001806,0.009056
fiqa,q_fiqa_000485,hybrid_rrf_balance_a05,qrels_flip,synthetic corruption: qrels-derived edges with flip_prob=0.15,20,113,0.297368,2,19,True,1,19,78.0,38,51.0,24.0,22,9,20,ndcg_at_k,57.0,26,0.6,0.484848,0.961378,1.0,0.4,1.0,0.946903,0.000277,0.000204,1.9e-05,0.004084,4.3e-05,0.001806,0.009056
fiqa,q_fiqa_000485,hybrid_rrf_copeland_a03,qrels_flip,synthetic corruption: qrels-derived edges with flip_prob=0.15,20,113,0.297368,2,19,True,1,19,78.0,38,51.0,24.0,22,9,20,ndcg_at_k,64.0,31,0.568421,0.30303,0.784679,1.0,0.4,1.0,0.884956,0.000277,0.000204,1.9e-05,0.004084,3.5e-05,0.001806,0.009056
fiqa,q_fiqa_000485,hybrid_rrf_priority_topo_a03,qrels_flip,synthetic corruption: qrels-derived edges with flip_prob=0.15,20,113,0.297368,2,19,True,1,19,78.0,38,51.0,24.0,22,9,20,ndcg_at_k,63.0,30,0.378947,0.121212,0.817157,0.842262,0.4,1.0,0.769912,0.000277,0.000204,1.9e-05,0.004084,8.2e-05,0.001806,0.009056
fiqa,q_fiqa_000245,score_sum,qrels_flip,synthetic corruption: qrels-derived edges with flip_prob=0.15,20,96,0.252632,6,15,True,1,15,34.0,25,27.0,21.0,14,9,20,ndcg_at_k,27.0,14,0.484211,0.757576,1.0,1.0,0.3,1.0,1.0,0.000193,0.00016,1.7e-05,0.002293,3.6e-05,0.00163,0.006404
fiqa,q_fiqa_000245,borda,qrels_flip,synthetic corruption: qrels-derived edges with flip_prob=0.15,20,96,0.252632,6,15,True,1,15,34.0,25,27.0,21.0,14,9,20,ndcg_at_k,26.0,13,0.547368,0.636364,0.909606,1.0,0.3,1.0,0.947917,0.000193,0.00016,1.7e-05,0.002293,2e-05,0.00163,0.006404
fiqa,q_fiqa_000245,pagerank,qrels_flip,synthetic corruption: qrels-derived edges with flip_prob=0.15,20,96,0.252632,6,15,True,1,15,34.0,25,27.0,21.0,14,9,20,ndcg_at_k,38.0,21,0.284211,0.484848,0.909694,0.780159,0.3,1.0,0.927083,0.000193,0.00016,1.7e-05,0.002293,0.001626,0.00163,0.006404
fiqa,q_fiqa_000245,greedy_fas_topological,qrels_flip,synthetic corruption: qrels-derived edges with flip_prob=0.15,20,96,0.252632,6,15,True,1,15,34.0,25,27.0,21.0,14,9,20,ndcg_at_k,24.0,15,0.063158,0.272727,0.607108,0.648611,0.3,1.0,0.760417,0.000193,0.00016,1.7e-05,0.002293,6.9e-05,0.00163,0.006404
fiqa,q_fiqa_000245,greedy_fas_weighted_balance,qrels_flip,synthetic corruption: qrels-derived edges with flip_prob=0.15,20,96,0.252632,6,15,True,1,15,34.0,25,27.0,21.0,14,9,20,ndcg_at_k,30.0,17,0.452632,0.666667,0.991413,0.958333,0.3,1.0,0.96875,0.000193,0.00016,1.7e-05,0.002293,3.7e-05,0.00163,0.006404
fiqa,q_fiqa_000245,greedy_fas_copeland,qrels_flip,synthetic corruption: qrels-derived edges with flip_prob=0.15,20,96,0.252632,6,15,True,1,15,34.0,25,27.0,21.0,14,9,20,ndcg_at_k,28.0,15,0.431579,0.575758,0.765671,1.0,0.3,1.0,0.947917,0.000193,0.00016,1.7e-05,0.002293,2.8e-05,0.00163,0.006404
fiqa,q_fiqa_000245,greedy_fas_score_augmented_topological,qrels_flip,synthetic corruption: qrels-derived edges with flip_prob=0.15,20,96,0.252632,6,15,True,1,15,34.0,25,27.0,21.0,14,9,20,ndcg_at_k,27.0,18,-0.042105,0.212121,0.604665,0.620202,0.3,1.0,0.729167,0.000193,0.00016,1.7e-05,0.002293,4.2e-05,0.00163,0.006404
fiqa,q_fiqa_000245,fas_balance_score_prior_alpha_beta,qrels_flip,synthetic corruption: qrels-derived edges with flip_prob=0.15,20,96,0.252632,6,15,True,1,15,34.0,25,27.0,21.0,14,9,20,ndcg_at_k,28.0,15,0.463158,0.69697,0.994138,1.0,0.3,1.0,0.989583,0.000193,0.00016,1.7e-05,0.002293,5.5e-05,0.00163,0.006404
fiqa,q_fiqa_000245,hybrid_rrf_fas_regularized,qrels_flip,synthetic corruption: qrels-derived edges with flip_prob=0.15,20,96,0.252632,6,15,True,1,15,34.0,25,27.0,21.0,14,9,20,ndcg_at_k,30.0,17,0.452632,0.666667,0.991413,0.958333,0.3,1.0,0.96875,0.000193,0.00016,1.7e-05,0.002293,4.6e-05,0.00163,0.006404
fiqa,q_fiqa_000245,hybrid_rrf_balance_a05,qrels_flip,synthetic corruption: qrels-derived edges with flip_prob=0.15,20,96,0.252632,6,15,True,1,15,34.0,25,27.0,21.0,14,9,20,ndcg_at_k,30.0,17,0.452632,0.666667,0.991413,0.958333,0.3,1.0,0.96875,0.000193,0.00016,1.7e-05,0.002293,4e-05,0.00163,0.006404
fiqa,q_fiqa_000245,hybrid_rrf_copeland_a03,qrels_flip,synthetic corruption: qrels-derived edges with flip_prob=0.15,20,96,0.252632,6,15,True,1,15,34.0,25,27.0,21.0,14,9,20,ndcg_at_k,28.0,15,0.431579,0.575758,0.765671,1.0,0.3,1.0,0.947917,0.000193,0.00016,1.7e-05,0.002293,3.2e-05,0.00163,0.006404
fiqa,q_fiqa_000245,hybrid_rrf_priority_topo_a03,qrels_flip,synthetic corruption: qrels-derived edges with flip_prob=0.15,20,96,0.252632,6,15,True,1,15,34.0,25,27.0,21.0,14,9,20,ndcg_at_k,24.0,15,0.031579,0.212121,0.607108,0.648611,0.3,1.0,0.760417,0.000193,0.00016,1.7e-05,0.002293,8e-05,0.00163,0.006404
fiqa,q_fiqa_000448,score_sum,qrels_flip,synthetic corruption: qrels-derived edges with flip_prob=0.15,20,131,0.344737,1,20,True,1,20,78.0,47,54.0,22.0,22,8,20,ndcg_at_k,55.0,23,0.663158,0.757576,0.988222,1.0,0.5,1.0,0.977099,0.000251,0.000196,1.7e-05,0.003618,4.3e-05,0.001805,0.007951
fiqa,q_fiqa_000448,borda,qrels_flip,synthetic corruption: qrels-derived edges with flip_prob=0.15,20,131,0.344737,1,20,True,1,20,78.0,47,54.0,22.0,22,8,20,ndcg_at_k,58.0,26,0.673684,0.575758,0.971097,1.0,0.5,1.0,0.938931,0.000251,0.000196,1.7e-05,0.003618,1.8e-05,0.001805,0.007951
fiqa,q_fiqa_000448,pagerank,qrels_flip,synthetic corruption: qrels-derived edges with flip_prob=0.15,20,131,0.344737,1,20,True,1,20,78.0,47,54.0,22.0,22,8,20,ndcg_at_k,76.0,37,0.452632,0.727273,0.796366,0.736269,0.5,1.0,0.824427,0.000251,0.000196,1.7e-05,0.003618,0.001556,0.001805,0.007951
fiqa,q_fiqa_000448,greedy_fas_topological,qrels_flip,synthetic corruption: qrels-derived edges with flip_prob=0.15,20,131,0.344737,1,20,True,1,20,78.0,47,54.0,22.0,22,8,20,ndcg_at_k,65.0,37,0.284211,0.060606,0.74849,0.896934,0.5,1.0,0.748092,0.000251,0.000196,1.7e-05,0.003618,6.5e-05,0.001805,0.007951
fiqa,q_fiqa_000448,greedy_fas_weighted_balance,qrels_flip,synthetic corruption: qrels-derived edges with flip_prob=0.15,20,131,0.344737,1,20,True,1,20,78.0,47,54.0,22.0,22,8,20,ndcg_at_k,61.0,29,0.536842,0.424242,0.941904,1.0,0.5,1.0,0.916031,0.000251,0.000196,1.7e-05,0.003618,3.9e-05,0.001805,0.007951
fiqa,q_fiqa_000448,greedy_fas_copeland,qrels_flip,synthetic corruption: qrels-derived edges with flip_prob=0.15,20,131,0.344737,1,20,True,1,20,78.0,47,54.0,22.0,22,8,20,ndcg_at_k,72.0,37,0.452632,0.121212,0.79492,1.0,0.5,1.0,0.839695,0.000251,0.000196,1.7e-05,0.003618,2.7e-05,0.001805,0.007951
fiqa,q_fiqa_000448,greedy_fas_score_augmented_topological,qrels_flip,synthetic corruption: qrels-derived edges with flip_prob=0.15,20,131,0.344737,1,20,True,1,20,78.0,47,54.0,22.0,22,8,20,ndcg_at_k,65.0,37,0.178947,0.090909,0.741794,0.896934,0.5,1.0,0.748092,0.000251,0.000196,1.7e-05,0.003618,4.9e-05,0.001805,0.007951
fiqa,q_fiqa_000448,fas_balance_score_prior_alpha_beta,qrels_flip,synthetic corruption: qrels-derived edges with flip_prob=0.15,20,131,0.344737,1,20,True,1,20,78.0,47,54.0,22.0,22,8,20,ndcg_at_k,55.0,23,0.610526,0.636364,0.981688,1.0,0.5,1.0,0.961832,0.000251,0.000196,1.7e-05,0.003618,6e-05,0.001805,0.007951
fiqa,q_fiqa_000448,hybrid_rrf_fas_regularized,qrels_flip,synthetic corruption: qrels-derived edges with flip_prob=0.15,20,131,0.344737,1,20,True,1,20,78.0,47,54.0,22.0,22,8,20,ndcg_at_k,61.0,29,0.536842,0.424242,0.941904,1.0,0.5,1.0,0.916031,0.000251,0.000196,1.7e-05,0.003618,4.9e-05,0.001805,0.007951
fiqa,q_fiqa_000448,hybrid_rrf_balance_a05,qrels_flip,synthetic corruption: qrels-derived edges with flip_prob=0.15,20,131,0.344737,1,20,True,1,20,78.0,47,54.0,22.0,22,8,20,ndcg_at_k,61.0,29,0.536842,0.424242,0.941904,1.0,0.5,1.0,0.916031,0.000251,0.000196,1.7e-05,0.003618,4.4e-05,0.001805,0.007951
fiqa,q_fiqa_000448,hybrid_rrf_copeland_a03,qrels_flip,synthetic corruption: qrels-derived edges with flip_prob=0.15,20,131,0.344737,1,20,True,1,20,78.0,47,54.0,22.0,22,8,20,ndcg_at_k,72.0,37,0.452632,0.121212,0.79492,1.0,0.5,1.0,0.839695,0.000251,0.000196,1.7e-05,0.003618,3.6e-05,0.001805,0.007951
fiqa,q_fiqa_000448,hybrid_rrf_priority_topo_a03,qrels_flip,synthetic corruption: qrels-derived edges with flip_prob=0.15,20,131,0.344737,1,20,True,1,20,78.0,47,54.0,22.0,22,8,20,ndcg_at_k,55.0,29,0.336842,0.333333,0.901121,0.896934,0.5,1.0,0.80916,0.000251,0.000196,1.7e-05,0.003618,7.8e-05,0.001805,0.007951
fiqa,q_fiqa_000240,score_sum,qrels_flip,synthetic corruption: qrels-derived edges with flip_prob=0.15,20,96,0.252632,2,19,True,1,19,27.0,24,32.0,20.0,19,10,20,ndcg_at_k,32.0,19,0.568421,0.709091,1.0,1.0,0.3,1.0,1.0,0.000187,0.00015,1.7e-05,0.001913,3.5e-05,0.001561,0.005712
fiqa,q_fiqa_000240,borda,qrels_flip,synthetic corruption: qrels-derived edges with flip_prob=0.15,20,96,0.252632,2,19,True,1,19,27.0,24,32.0,20.0,19,10,20,ndcg_at_k,34.0,21,0.747368,0.818182,0.946426,1.0,0.3,1.0,0.979167,0.000187,0.00015,1.7e-05,0.001913,2e-05,0.001561,0.005712
fiqa,q_fiqa_000240,pagerank,qrels_flip,synthetic corruption: qrels-derived edges with flip_prob=0.15,20,96,0.252632,2,19,True,1,19,27.0,24,32.0,20.0,19,10,20,ndcg_at_k,31.0,20,0.431579,0.672727,0.782688,0.97619,0.3,1.0,0.947917,0.000187,0.00015,1.7e-05,0.001913,0.001389,0.001561,0.005712
fiqa,q_fiqa_000240,greedy_fas_topological,qrels_flip,synthetic corruption: qrels-derived edges with flip_prob=0.15,20,96,0.252632,2,19,True,1,19,27.0,24,32.0,20.0,19,10,20,ndcg_at_k,25.0,22,0.2,0.163636,0.718727,0.811891,0.3,1.0,0.760417,0.000187,0.00015,1.7e-05,0.001913,6.2e-05,0.001561,0.005712
fiqa,q_fiqa_000240,greedy_fas_weighted_balance,qrels_flip,synthetic corruption: qrels-derived edges with flip_prob=0.15,20,96,0.252632,2,19,True,1,19,27.0,24,32.0,20.0,19,10,20,ndcg_at_k,36.0,23,0.494737,0.6,0.941936,0.933333,0.3,1.0,0.9375,0.000187,0.00015,1.7e-05,0.001913,3.6e-05,0.001561,0.005712
fiqa,q_fiqa_000240,greedy_fas_copeland,qrels_flip,synthetic corruption: qrels-derived edges with flip_prob=0.15,20,96,0.252632,2,19,True,1,19,27.0,24,32.0,20.0,19,10,20,ndcg_at_k,37.0,25,0.473684,0.454545,0.920491,0.885965,0.3,1.0,0.833333,0.000187,0.00015,1.7e-05,0.001913,2.7e-05,0.001561,0.005712
fiqa,q_fiqa_000240,greedy_fas_score_augmented_topological,qrels_flip,synthetic corruption: qrels-derived edges with flip_prob=0.15,20,96,0.252632,2,19,True,1,19,27.0,24,32.0,20.0,19,10,20,ndcg_at_k,23.0,20,0.021053,0.236364,0.705982,0.818083,0.3,1.0,0.78125,0.000187,0.00015,1.7e-05,0.001913,4.6e-05,0.001561,0.005712
fiqa,q_fiqa_000240,fas_balance_score_prior_alpha_beta,qrels_flip,synthetic corruption: qrels-derived edges with flip_prob=0.15,20,96,0.252632,2,19,True,1,19,27.0,24,32.0,20.0,19,10,20,ndcg_at_k,34.0,21,0.536842,0.636364,0.946426,1.0,0.3,1.0,0.979167,0.000187,0.00015,1.7e-05,0.001913,5.2e-05,0.001561,0.005712
fiqa,q_fiqa_000240,hybrid_rrf_fas_regularized,qrels_flip,synthetic corruption: qrels-derived edges with flip_prob=0.15,20,96,0.252632,2,19,True,1,19,27.0,24,32.0,20.0,19,10,20,ndcg_at_k,36.0,23,0.494737,0.6,0.941936,0.933333,0.3,1.0,0.9375,0.000187,0.00015,1.7e-05,0.001913,4.5e-05,0.001561,0.005712
fiqa,q_fiqa_000240,hybrid_rrf_balance_a05,qrels_flip,synthetic corruption: qrels-derived edges with flip_prob=0.15,20,96,0.252632,2,19,True,1,19,27.0,24,32.0,20.0,19,10,20,ndcg_at_k,36.0,23,0.494737,0.6,0.941936,0.933333,0.3,1.0,0.9375,0.000187,0.00015,1.7e-05,0.001913,4e-05,0.001561,0.005712
fiqa,q_fiqa_000240,hybrid_rrf_copeland_a03,qrels_flip,synthetic corruption: qrels-derived edges with flip_prob=0.15,20,96,0.252632,2,19,True,1,19,27.0,24,32.0,20.0,19,10,20,ndcg_at_k,37.0,25,0.473684,0.454545,0.920491,0.885965,0.3,1.0,0.833333,0.000187,0.00015,1.7e-05,0.001913,3.5e-05,0.001561,0.005712
fiqa,q_fiqa_000240,hybrid_rrf_priority_topo_a03,qrels_flip,synthetic corruption: qrels-derived edges with flip_prob=0.15,20,96,0.252632,2,19,True,1,19,27.0,24,32.0,20.0,19,10,20,ndcg_at_k,24.0,21,0.136842,0.236364,0.718996,0.814815,0.3,1.0,0.770833,0.000187,0.00015,1.7e-05,0.001913,9.7e-05,0.001561,0.005712
fiqa,q_fiqa_000113,score_sum,qrels_flip,synthetic corruption: qrels-derived edges with flip_prob=0.15,20,116,0.305263,5,16,True,1,16,36.0,32,29.0,15.0,19,9,20,ndcg_at_k,29.0,19,0.589474,0.878788,1.0,1.0,0.4,1.0,1.0,0.000227,0.000179,1.6e-05,0.002791,3.7e-05,0.001629,0.00683
fiqa,q_fiqa_000113,borda,qrels_flip,synthetic corruption: qrels-derived edges with flip_prob=0.15,20,116,0.305263,5,16,True,1,16,36.0,32,29.0,15.0,19,9,20,ndcg_at_k,28.0,18,0.631579,0.787879,0.956882,1.0,0.4,1.0,0.974138,0.000227,0.000179,1.6e-05,0.002791,1.8e-05,0.001629,0.00683
fiqa,q_fiqa_000113,pagerank,qrels_flip,synthetic corruption: qrels-derived edges with flip_prob=0.15,20,116,0.305263,5,16,True,1,16,36.0,32,29.0,15.0,19,9,20,ndcg_at_k,40.0,28,0.378947,0.363636,0.841073,0.791209,0.4,1.0,0.836207,0.000227,0.000179,1.6e-05,0.002791,0.001507,0.001629,0.00683
fiqa,q_fiqa_000113,greedy_fas_topological,qrels_flip,synthetic corruption: qrels-derived edges with flip_prob=0.15,20,116,0.305263,5,16,True,1,16,36.0,32,29.0,15.0,19,9,20,ndcg_at_k,26.0,22,0.315789,0.424242,0.878702,0.787202,0.4,1.0,0.801724,0.000227,0.000179,1.6e-05,0.002791,6.6e-05,0.001629,0.00683
fiqa,q_fiqa_000113,greedy_fas_weighted_balance,qrels_flip,synthetic corruption: qrels-derived edges with flip_prob=0.15,20,116,0.305263,5,16,True,1,16,36.0,32,29.0,15.0,19,9,20,ndcg_at_k,30.0,20,0.557895,0.787879,0.996463,0.952629,0.4,1.0,0.974138,0.000227,0.000179,1.6e-05,0.002791,3.8e-05,0.001629,0.00683
fiqa,q_fiqa_000113,greedy_fas_copeland,qrels_flip,synthetic corruption: qrels-derived edges with flip_prob=0.15,20,116,0.305263,5,16,True,1,16,36.0,32,29.0,15.0,19,9,20,ndcg_at_k,28.0,19,0.568421,0.787879,0.933223,0.986111,0.4,1.0,0.965517,0.000227,0.000179,1.6e-05,0.002791,2.7e-05,0.001629,0.00683
fiqa,q_fiqa_000113,greedy_fas_score_augmented_topological,qrels_flip,synthetic corruption: qrels-derived edges with flip_prob=0.15,20,116,0.305263,5,16,True,1,16,36.0,32,29.0,15.0,19,9,20,ndcg_at_k,29.0,25,0.189474,0.242424,0.859233,0.757468,0.4,1.0,0.758621,0.000227,0.000179,1.6e-05,0.002791,4.4e-05,0.001629,0.00683
fiqa,q_fiqa_000113,fas_balance_score_prior_alpha_beta,qrels_flip,synthetic corruption: qrels-derived edges with flip_prob=0.15,20,116,0.305263,5,16,True,1,16,36.0,32,29.0,15.0,19,9,20,ndcg_at_k,29.0,19,0.589474,0.878788,1.0,1.0,0.4,1.0,1.0,0.000227,0.000179,1.6e-05,0.002791,5.7e-05,0.001629,0.00683
fiqa,q_fiqa_000113,hybrid_rrf_fas_regularized,qrels_flip,synthetic corruption: qrels-derived edges with flip_prob=0.15,20,116,0.305263,5,16,True,1,16,36.0,32,29.0,15.0,19,9,20,ndcg_at_k,30.0,20,0.557895,0.787879,0.996463,0.952629,0.4,1.0,0.974138,0.000227,0.000179,1.6e-05,0.002791,4.6e-05,0.001629,0.00683
fiqa,q_fiqa_000113,hybrid_rrf_balance_a05,qrels_flip,synthetic corruption: qrels-derived edges with flip_prob=0.15,20,116,0.305263,5,16,True,1,16,36.0,32,29.0,15.0,19,9,20,ndcg_at_k,30.0,20,0.557895,0.787879,0.996463,0.952629,0.4,1.0,0.974138,0.000227,0.000179,1.6e-05,0.002791,4.1e-05,0.001629,0.00683
fiqa,q_fiqa_000113,hybrid_rrf_copeland_a03,qrels_flip,synthetic corruption: qrels-derived edges with flip_prob=0.15,20,116,0.305263,5,16,True,1,16,36.0,32,29.0,15.0,19,9,20,ndcg_at_k,28.0,19,0.568421,0.787879,0.933223,0.986111,0.4,1.0,0.965517,0.000227,0.000179,1.6e-05,0.002791,3.3e-05,0.001629,0.00683
fiqa,q_fiqa_000113,hybrid_rrf_priority_topo_a03,qrels_flip,synthetic corruption: qrels-derived edges with flip_prob=0.15,20,116,0.305263,5,16,True,1,16,36.0,32,29.0,15.0,19,9,20,ndcg_at_k,23.0,19,0.294737,0.424242,0.880176,0.804248,0.4,1.0,0.827586,0.000227,0.000179,1.6e-05,0.002791,7.4e-05,0.001629,0.00683
fiqa,q_fiqa_000197,score_sum,qrels_flip,synthetic corruption: qrels-derived edges with flip_prob=0.15,20,82,0.215789,7,14,True,1,14,27.0,19,22.0,5.0,12,3,20,ndcg_at_k,22.0,12,0.557895,0.688889,1.0,1.0,0.25,1.0,1.0,0.000167,0.000128,1.6e-05,0.001816,3.1e-05,0.001489,0.005801
fiqa,q_fiqa_000197,borda,qrels_flip,synthetic corruption: qrels-derived edges with flip_prob=0.15,20,82,0.215789,7,14,True,1,14,27.0,19,22.0,5.0,12,3,20,ndcg_at_k,23.0,13,0.557895,0.644444,0.992739,1.0,0.25,1.0,0.987805,0.000167,0.000128,1.6e-05,0.001816,1.9e-05,0.001489,0.005801
fiqa,q_fiqa_000197,pagerank,qrels_flip,synthetic corruption: qrels-derived edges with flip_prob=0.15,20,82,0.215789,7,14,True,1,14,27.0,19,22.0,5.0,12,3,20,ndcg_at_k,29.0,16,0.315789,0.466667,0.933429,0.768333,0.25,1.0,0.926829,0.000167,0.000128,1.6e-05,0.001816,0.0017,0.001489,0.005801
fiqa,q_fiqa_000197,greedy_fas_topological,qrels_flip,synthetic corruption: qrels-derived edges with flip_prob=0.15,20,82,0.215789,7,14,True,1,14,27.0,19,22.0,5.0,12,3,20,ndcg_at_k,25.0,17,0.221053,0.555556,0.775097,0.831429,0.25,1.0,0.841463,0.000167,0.000128,1.6e-05,0.001816,6.2e-05,0.001489,0.005801
fiqa,q_fiqa_000197,greedy_fas_weighted_balance,qrels_flip,synthetic corruption: qrels-derived edges with flip_prob=0.15,20,82,0.215789,7,14,True,1,14,27.0,19,22.0,5.0,12,3,20,ndcg_at_k,22.0,12,0.568421,0.733333,1.0,1.0,0.25,1.0,1.0,0.000167,0.000128,1.6e-05,0.001816,3.5e-05,0.001489,0.005801
fiqa,q_fiqa_000197,greedy_fas_copeland,qrels_flip,synthetic corruption: qrels-derived edges with flip_prob=0.15,20,82,0.215789,7,14,True,1,14,27.0,19,22.0,5.0,12,3,20,ndcg_at_k,23.0,13,0.547368,0.644444,0.877707,1.0,0.25,1.0,0.987805,0.000167,0.000128,1.6e-05,0.001816,2.7e-05,0.001489,0.005801
fiqa,q_fiqa_000197,greedy_fas_score_augmented_topological,qrels_flip,synthetic corruption: qrels-derived edges with flip_prob=0.15,20,82,0.215789,7,14,True,1,14,27.0,19,22.0,5.0,12,3,20,ndcg_at_k,22.0,14,-0.084211,0.422222,0.777001,0.850909,0.25,1.0,0.878049,0.000167,0.000128,1.6e-05,0.001816,4.8e-05,0.001489,0.005801
fiqa,q_fiqa_000197,fas_balance_score_prior_alpha_beta,qrels_flip,synthetic corruption: qrels-derived edges with flip_prob=0.15,20,82,0.215789,7,14,True,1,14,27.0,19,22.0,5.0,12,3,20,ndcg_at_k,22.0,12,0.557895,0.688889,1.0,1.0,0.25,1.0,1.0,0.000167,0.000128,1.6e-05,0.001816,5.1e-05,0.001489,0.005801
fiqa,q_fiqa_000197,hybrid_rrf_fas_regularized,qrels_flip,synthetic corruption: qrels-derived edges with flip_prob=0.15,20,82,0.215789,7,14,True,1,14,27.0,19,22.0,5.0,12,3,20,ndcg_at_k,22.0,12,0.568421,0.733333,1.0,1.0,0.25,1.0,1.0,0.000167,0.000128,1.6e-05,0.001816,6.4e-05,0.001489,0.005801
fiqa,q_fiqa_000197,hybrid_rrf_balance_a05,qrels_flip,synthetic corruption: qrels-derived edges with flip_prob=0.15,20,82,0.215789,7,14,True,1,14,27.0,19,22.0,5.0,12,3,20,ndcg_at_k,22.0,12,0.568421,0.733333,1.0,1.0,0.25,1.0,1.0,0.000167,0.000128,1.6e-05,0.001816,4e-05,0.001489,0.005801
fiqa,q_fiqa_000197,hybrid_rrf_copeland_a03,qrels_flip,synthetic corruption: qrels-derived edges with flip_prob=0.15,20,82,0.215789,7,14,True,1,14,27.0,19,22.0,5.0,12,3,20,ndcg_at_k,23.0,13,0.547368,0.644444,0.877707,1.0,0.25,1.0,0.987805,0.000167,0.000128,1.6e-05,0.001816,3.4e-05,0.001489,0.005801
fiqa,q_fiqa_000197,hybrid_rrf_priority_topo_a03,qrels_flip,synthetic corruption: qrels-derived edges with flip_prob=0.15,20,82,0.215789,7,14,True,1,14,27.0,19,22.0,5.0,12,3,20,ndcg_at_k,25.0,17,0.115789,0.422222,0.775097,0.831429,0.25,1.0,0.841463,0.000167,0.000128,1.6e-05,0.001816,7.4e-05,0.001489,0.005801
fiqa,q_fiqa_000177,score_sum,qrels_flip,synthetic corruption: qrels-derived edges with flip_prob=0.15,20,106,0.278947,4,17,True,1,17,40.0,28,33.0,21.0,21,15,20,ndcg_at_k,33.0,21,0.715789,0.822222,1.0,1.0,0.35,1.0,1.0,0.000249,0.00015,1.6e-05,0.002569,3.7e-05,0.00164,0.006862
fiqa,q_fiqa_000177,borda,qrels_flip,synthetic corruption: qrels-derived edges with flip_prob=0.15,20,106,0.278947,4,17,True,1,17,40.0,28,33.0,21.0,21,15,20,ndcg_at_k,33.0,21,0.726316,0.911111,1.0,1.0,0.35,1.0,1.0,0.000249,0.00015,1.6e-05,0.002569,2.3e-05,0.00164,0.006862
fiqa,q_fiqa_000177,pagerank,qrels_flip,synthetic corruption: qrels-derived edges with flip_prob=0.15,20,106,0.278947,4,17,True,1,17,40.0,28,33.0,21.0,21,15,20,ndcg_at_k,39.0,24,0.547368,0.466667,0.953688,0.778231,0.35,1.0,0.877358,0.000249,0.00015,1.6e-05,0.002569,0.001755,0.00164,0.006862
fiqa,q_fiqa_000177,greedy_fas_topological,qrels_flip,synthetic corruption: qrels-derived edges with flip_prob=0.15,20,106,0.278947,4,17,True,1,17,40.0,28,33.0,21.0,21,15,20,ndcg_at_k,39.0,27,0.263158,0.111111,0.757029,0.613769,0.35,1.0,0.660377,0.000249,0.00015,1.6e-05,0.002569,6.5e-05,0.00164,0.006862
fiqa,q_fiqa_000177,greedy_fas_weighted_balance,qrels_flip,synthetic corruption: qrels-derived edges with flip_prob=0.15,20,106,0.278947,4,17,True,1,17,40.0,28,33.0,21.0,21,15,20,ndcg_at_k,35.0,23,0.547368,0.422222,0.988335,0.829762,0.35,1.0,0.886792,0.000249,0.00015,1.6e-05,0.002569,4e-05,0.00164,0.006862
fiqa,q_fiqa_000177,greedy_fas_copeland,qrels_flip,synthetic corruption: qrels-derived edges with flip_prob=0.15,20,106,0.278947,4,17,True,1,17,40.0,28,33.0,21.0,21,15,20,ndcg_at_k,38.0,26,0.484211,0.333333,0.938985,0.789148,0.35,1.0,0.801887,0.000249,0.00015,1.6e-05,0.002569,2.7e-05,0.00164,0.006862
fiqa,q_fiqa_000177,greedy_fas_score_augmented_topological,qrels_flip,synthetic corruption: qrels-derived edges with flip_prob=0.15,20,106,0.278947,4,17,True,1,17,40.0,28,33.0,21.0,21,15,20,ndcg_at_k,38.0,26,0.2,0.111111,0.757468,0.618347,0.35,1.0,0.669811,0.000249,0.00015,1.6e-05,0.002569,3.9e-05,0.00164,0.006862
fiqa,q_fiqa_000177,fas_balance_score_prior_alpha_beta,qrels_flip,synthetic corruption: qrels-derived edges with flip_prob=0.15,20,106,0.278947,4,17,True,1,17,40.0,28,33.0,21.0,21,15,20,ndcg_at_k,30.0,18,0.621053,0.555556,0.994343,0.912925,0.35,1.0,0.95283,0.000249,0.00015,1.6e-05,0.002569,5.5e-05,0.00164,0.006862
fiqa,q_fiqa_000177,hybrid_rrf_fas_regularized,qrels_flip,synthetic corruption: qrels-derived edges with flip_prob=0.15,20,106,0.278947,4,17,True,1,17,40.0,28,33.0,21.0,21,15,20,ndcg_at_k,35.0,23,0.547368,0.422222,0.988335,0.829762,0.35,1.0,0.886792,0.000249,0.00015,1.6e-05,0.002569,4.6e-05,0.00164,0.006862
fiqa,q_fiqa_000177,hybrid_rrf_balance_a05,qrels_flip,synthetic corruption: qrels-derived edges with flip_prob=0.15,20,106,0.278947,4,17,True,1,17,40.0,28,33.0,21.0,21,15,20,ndcg_at_k,35.0,23,0.547368,0.422222,0.988335,0.829762,0.35,1.0,0.886792,0.000249,0.00015,1.6e-05,0.002569,4.2e-05,0.00164,0.006862
fiqa,q_fiqa_000177,hybrid_rrf_copeland_a03,qrels_flip,synthetic corruption: qrels-derived edges with flip_prob=0.15,20,106,0.278947,4,17,True,1,17,40.0,28,33.0,21.0,21,15,20,ndcg_at_k,38.0,26,0.484211,0.333333,0.938985,0.789148,0.35,1.0,0.801887,0.000249,0.00015,1.6e-05,0.002569,3.5e-05,0.00164,0.006862
fiqa,q_fiqa_000177,hybrid_rrf_priority_topo_a03,qrels_flip,synthetic corruption: qrels-derived edges with flip_prob=0.15,20,106,0.278947,4,17,True,1,17,40.0,28,33.0,21.0,21,15,20,ndcg_at_k,35.0,25,0.284211,0.155556,0.849674,0.623973,0.35,1.0,0.679245,0.000249,0.00015,1.6e-05,0.002569,7.4e-05,0.00164,0.006862
fiqa,q_fiqa_000551,score_sum,qrels_flip,synthetic corruption: qrels-derived edges with flip_prob=0.15,20,105,0.276316,4,17,True,1,17,41.0,29,30.0,12.0,16,6,20,ndcg_at_k,30.0,16,0.684211,0.672727,1.0,1.0,0.35,1.0,1.0,0.000197,0.00028,1.6e-05,0.002524,5.1e-05,0.001698,0.006901
fiqa,q_fiqa_000551,borda,qrels_flip,synthetic corruption: qrels-derived edges with flip_prob=0.15,20,105,0.276316,4,17,True,1,17,41.0,29,30.0,12.0,16,6,20,ndcg_at_k,29.0,15,0.778947,0.672727,0.997272,1.0,0.35,1.0,0.990476,0.000197,0.00028,1.6e-05,0.002524,2e-05,0.001698,0.006901
fiqa,q_fiqa_000551,pagerank,qrels_flip,synthetic corruption: qrels-derived edges with flip_prob=0.15,20,105,0.276316,4,17,True,1,17,41.0,29,30.0,12.0,16,6,20,ndcg_at_k,44.0,24,0.452632,0.672727,0.96088,0.788488,0.35,1.0,0.866667,0.000197,0.00028,1.6e-05,0.002524,0.001656,0.001698,0.006901
fiqa,q_fiqa_000551,greedy_fas_topological,qrels_flip,synthetic corruption: qrels-derived edges with flip_prob=0.15,20,105,0.276316,4,17,True,1,17,41.0,29,30.0,12.0,16,6,20,ndcg_at_k,34.0,24,0.368421,0.454545,0.74684,0.844538,0.35,1.0,0.790476,0.000197,0.00028,1.6e-05,0.002524,6.7e-05,0.001698,0.006901
fiqa,q_fiqa_000551,greedy_fas_weighted_balance,qrels_flip,synthetic corruption: qrels-derived edges with flip_prob=0.15,20,105,0.276316,4,17,True,1,17,41.0,29,30.0,12.0,16,6,20,ndcg_at_k,30.0,16,0.642105,0.672727,0.998074,0.968254,0.35,1.0,0.980952,0.000197,0.00028,1.6e-05,0.002524,3.9e-05,0.001698,0.006901
fiqa,q_fiqa_000551,greedy_fas_copeland,qrels_flip,synthetic corruption: qrels-derived edges with flip_prob=0.15,20,105,0.276316,4,17,True,1,17,41.0,29,30.0,12.0,16,6,20,ndcg_at_k,33.0,19,0.621053,0.527273,0.851121,0.957143,0.35,1.0,0.933333,0.000197,0.00028,1.6e-05,0.002524,2.7e-05,0.001698,0.006901
fiqa,q_fiqa_000551,greedy_fas_score_augmented_topological,qrels_flip,synthetic corruption: qrels-derived edges with flip_prob=0.15,20,105,0.276316,4,17,True,1,17,41.0,29,30.0,12.0,16,6,20,ndcg_at_k,32.0,22,0.157895,0.345455,0.747447,0.852381,0.35,1.0,0.809524,0.000197,0.00028,1.6e-05,0.002524,6.4e-05,0.001698,0.006901
fiqa,q_fiqa_000551,fas_balance_score_prior_alpha_beta,qrels_flip,synthetic corruption: qrels-derived edges with flip_prob=0.15,20,105,0.276316,4,17,True,1,17,41.0,29,30.0,12.0,16,6,20,ndcg_at_k,30.0,16,0.652632,0.672727,1.0,1.0,0.35,1.0,1.0,0.000197,0.00028,1.6e-05,0.002524,5.6e-05,0.001698,0.006901
fiqa,q_fiqa_000551,hybrid_rrf_fas_regularized,qrels_flip,synthetic corruption: qrels-derived edges with flip_prob=0.15,20,105,0.276316,4,17,True,1,17,41.0,29,30.0,12.0,16,6,20,ndcg_at_k,30.0,16,0.642105,0.672727,0.998074,0.968254,0.35,1.0,0.980952,0.000197,0.00028,1.6e-05,0.002524,5e-05,0.001698,0.006901
fiqa,q_fiqa_000551,hybrid_rrf_balance_a05,qrels_flip,synthetic corruption: qrels-derived edges with flip_prob=0.15,20,105,0.276316,4,17,True,1,17,41.0,29,30.0,12.0,16,6,20,ndcg_at_k,30.0,16,0.642105,0.672727,0.998074,0.968254,0.35,1.0,0.980952,0.000197,0.00028,1.6e-05,0.002524,4.4e-05,0.001698,0.006901
fiqa,q_fiqa_000551,hybrid_rrf_copeland_a03,qrels_flip,synthetic corruption: qrels-derived edges with flip_prob=0.15,20,105,0.276316,4,17,True,1,17,41.0,29,30.0,12.0,16,6,20,ndcg_at_k,33.0,19,0.621053,0.527273,0.851121,0.957143,0.35,1.0,0.933333,0.000197,0.00028,1.6e-05,0.002524,3.5e-05,0.001698,0.006901
fiqa,q_fiqa_000551,hybrid_rrf_priority_topo_a03,qrels_flip,synthetic corruption: qrels-derived edges with flip_prob=0.15,20,105,0.276316,4,17,True,1,17,41.0,29,30.0,12.0,16,6,20,ndcg_at_k,34.0,24,0.347368,0.272727,0.74684,0.844538,0.35,1.0,0.790476,0.000197,0.00028,1.6e-05,0.002524,7.7e-05,0.001698,0.006901
fiqa,q_fiqa_000052,score_sum,qrels_flip,synthetic corruption: qrels-derived edges with flip_prob=0.15,20,129,0.339474,2,19,True,1,19,59.0,33,46.0,30.0,21,12,20,ndcg_at_k,46.0,21,0.768421,0.769231,1.0,1.0,0.5,1.0,1.0,0.000234,0.000246,4.9e-05,0.0025,4.2e-05,0.001804,0.00705
fiqa,q_fiqa_000052,borda,qrels_flip,synthetic corruption: qrels-derived edges with flip_prob=0.15,20,129,0.339474,2,19,True,1,19,59.0,33,46.0,30.0,21,12,20,ndcg_at_k,53.0,25,0.684211,0.564103,0.946513,1.0,0.5,1.0,0.937984,0.000234,0.000246,4.9e-05,0.0025,1.9e-05,0.001804,0.00705
fiqa,q_fiqa_000052,pagerank,qrels_flip,synthetic corruption: qrels-derived edges with flip_prob=0.15,20,129,0.339474,2,19,True,1,19,59.0,33,46.0,30.0,21,12,20,ndcg_at_k,49.0,26,0.578947,0.333333,0.808075,0.901699,0.5,1.0,0.883721,0.000234,0.000246,4.9e-05,0.0025,0.001679,0.001804,0.00705
fiqa,q_fiqa_000052,greedy_fas_topological,qrels_flip,synthetic corruption: qrels-derived edges with flip_prob=0.15,20,129,0.339474,2,19,True,1,19,59.0,33,46.0,30.0,21,12,20,ndcg_at_k,55.0,29,0.484211,0.102564,0.689693,0.899643,0.5,1.0,0.736434,0.000234,0.000246,4.9e-05,0.0025,6.9e-05,0.001804,0.00705
fiqa,q_fiqa_000052,greedy_fas_weighted_balance,qrels_flip,synthetic corruption: qrels-derived edges with flip_prob=0.15,20,129,0.339474,2,19,True,1,19,59.0,33,46.0,30.0,21,12,20,ndcg_at_k,51.0,24,0.715789,0.564103,0.950105,1.0,0.5,1.0,0.930233,0.000234,0.000246,4.9e-05,0.0025,5.9e-05,0.001804,0.00705
fiqa,q_fiqa_000052,greedy_fas_copeland,qrels_flip,synthetic corruption: qrels-derived edges with flip_prob=0.15,20,129,0.339474,2,19,True,1,19,59.0,33,46.0,30.0,21,12,20,ndcg_at_k,66.0,33,0.6,0.230769,0.821568,1.0,0.5,1.0,0.829457,0.000234,0.000246,4.9e-05,0.0025,2.9e-05,0.001804,0.00705
fiqa,q_fiqa_000052,greedy_fas_score_augmented_topological,qrels_flip,synthetic corruption: qrels-derived edges with flip_prob=0.15,20,129,0.339474,2,19,True,1,19,59.0,33,46.0,30.0,21,12,20,ndcg_at_k,55.0,29,0.368421,0.102564,0.689693,0.899643,0.5,1.0,0.736434,0.000234,0.000246,4.9e-05,0.0025,4.3e-05,0.001804,0.00705
fiqa,q_fiqa_000052,fas_balance_score_prior_alpha_beta,qrels_flip,synthetic corruption: qrels-derived edges with flip_prob=0.15,20,129,0.339474,2,19,True,1,19,59.0,33,46.0,30.0,21,12,20,ndcg_at_k,46.0,21,0.8,0.769231,1.0,1.0,0.5,1.0,1.0,0.000234,0.000246,4.9e-05,0.0025,6.7e-05,0.001804,0.00705
fiqa,q_fiqa_000052,hybrid_rrf_fas_regularized,qrels_flip,synthetic corruption: qrels-derived edges with flip_prob=0.15,20,129,0.339474,2,19,True,1,19,59.0,33,46.0,30.0,21,12,20,ndcg_at_k,51.0,24,0.715789,0.564103,0.950105,1.0,0.5,1.0,0.930233,0.000234,0.000246,4.9e-05,0.0025,5.2e-05,0.001804,0.00705
fiqa,q_fiqa_000052,hybrid_rrf_balance_a05,qrels_flip,synthetic corruption: qrels-derived edges with flip_prob=0.15,20,129,0.339474,2,19,True,1,19,59.0,33,46.0,30.0,21,12,20,ndcg_at_k,51.0,24,0.715789,0.564103,0.950105,1.0,0.5,1.0,0.930233,0.000234,0.000246,4.9e-05,0.0025,4.6e-05,0.001804,0.00705
fiqa,q_fiqa_000052,hybrid_rrf_copeland_a03,qrels_flip,synthetic corruption: qrels-derived edges with flip_prob=0.15,20,129,0.339474,2,19,True,1,19,59.0,33,46.0,30.0,21,12,20,ndcg_at_k,66.0,33,0.6,0.230769,0.821568,1.0,0.5,1.0,0.829457,0.000234,0.000246,4.9e-05,0.0025,3.3e-05,0.001804,0.00705
fiqa,q_fiqa_000052,hybrid_rrf_priority_topo_a03,qrels_flip,synthetic corruption: qrels-derived edges with flip_prob=0.15,20,129,0.339474,2,19,True,1,19,59.0,33,46.0,30.0,21,12,20,ndcg_at_k,55.0,29,0.431579,0.076923,0.689693,0.899643,0.5,1.0,0.736434,0.000234,0.000246,4.9e-05,0.0025,7.9e-05,0.001804,0.00705
fiqa,q_fiqa_000476,score_sum,qrels_flip,synthetic corruption: qrels-derived edges with flip_prob=0.15,20,113,0.297368,4,17,True,1,17,44.0,40,30.0,19.0,22,14,20,ndcg_at_k,30.0,22,0.673684,0.6,1.0,1.0,0.4,1.0,1.0,0.000218,0.000185,1.7e-05,0.003934,3.8e-05,0.001741,0.008103
fiqa,q_fiqa_000476,borda,qrels_flip,synthetic corruption: qrels-derived edges with flip_prob=0.15,20,113,0.297368,4,17,True,1,17,44.0,40,30.0,19.0,22,14,20,ndcg_at_k,29.0,21,0.715789,0.527273,0.976457,1.0,0.4,1.0,0.973451,0.000218,0.000185,1.7e-05,0.003934,1.9e-05,0.001741,0.008103
fiqa,q_fiqa_000476,pagerank,qrels_flip,synthetic corruption: qrels-derived edges with flip_prob=0.15,20,113,0.297368,4,17,True,1,17,44.0,40,30.0,19.0,22,14,20,ndcg_at_k,36.0,28,0.526316,0.490909,0.95469,0.880258,0.4,1.0,0.911504,0.000218,0.000185,1.7e-05,0.003934,0.001504,0.001741,0.008103
fiqa,q_fiqa_000476,greedy_fas_topological,qrels_flip,synthetic corruption: qrels-derived edges with flip_prob=0.15,20,113,0.297368,4,17,True,1,17,44.0,40,30.0,19.0,22,14,20,ndcg_at_k,38.0,35,0.094737,0.490909,0.698019,0.602659,0.4,1.0,0.619469,0.000218,0.000185,1.7e-05,0.003934,6.8e-05,0.001741,0.008103
fiqa,q_fiqa_000476,greedy_fas_weighted_balance,qrels_flip,synthetic corruption: qrels-derived edges with flip_prob=0.15,20,113,0.297368,4,17,True,1,17,44.0,40,30.0,19.0,22,14,20,ndcg_at_k,32.0,24,0.568421,0.6,0.988522,0.886048,0.4,1.0,0.929204,0.000218,0.000185,1.7e-05,0.003934,3.9e-05,0.001741,0.008103
fiqa,q_fiqa_000476,greedy_fas_copeland,qrels_flip,synthetic corruption: qrels-derived edges with flip_prob=0.15,20,113,0.297368,4,17,True,1,17,44.0,40,30.0,19.0,22,14,20,ndcg_at_k,35.0,27,0.536842,0.490909,0.952927,0.857639,0.4,1.0,0.867257,0.000218,0.000185,1.7e-05,0.003934,2.8e-05,0.001741,0.008103
fiqa,q_fiqa_000476,greedy_fas_score_augmented_topological,qrels_flip,synthetic corruption: qrels-derived edges with flip_prob=0.15,20,113,0.297368,4,17,True,1,17,44.0,40,30.0,19.0,22,14,20,ndcg_at_k,33.0,30,0.105263,0.527273,0.701167,0.624849,0.4,1.0,0.663717,0.000218,0.000185,1.7e-05,0.003934,4.2e-05,0.001741,0.008103
fiqa,q_fiqa_000476,fas_balance_score_prior_alpha_beta,qrels_flip,synthetic corruption: qrels-derived edges with flip_prob=0.15,20,113,0.297368,4,17,True,1,17,44.0,40,30.0,19.0,22,14,20,ndcg_at_k,30.0,22,0.610526,0.6,0.994503,0.941518,0.4,1.0,0.964602,0.000218,0.000185,1.7e-05,0.003934,5.4e-05,0.001741,0.008103
fiqa,q_fiqa_000476,hybrid_rrf_fas_regularized,qrels_flip,synthetic corruption: qrels-derived edges with flip_prob=0.15,20,113,0.297368,4,17,True,1,17,44.0,40,30.0,19.0,22,14,20,ndcg_at_k,32.0,24,0.568421,0.6,0.988522,0.886048,0.4,1.0,0.929204,0.000218,0.000185,1.7e-05,0.003934,4.6e-05,0.001741,0.008103
fiqa,q_fiqa_000476,hybrid_rrf_balance_a05,qrels_flip,synthetic corruption: qrels-derived edges with flip_prob=0.15,20,113,0.297368,4,17,True,1,17,44.0,40,30.0,19.0,22,14,20,ndcg_at_k,32.0,24,0.568421,0.6,0.988522,0.886048,0.4,1.0,0.929204,0.000218,0.000185,1.7e-05,0.003934,4.1e-05,0.001741,0.008103
fiqa,q_fiqa_000476,hybrid_rrf_copeland_a03,qrels_flip,synthetic corruption: qrels-derived edges with flip_prob=0.15,20,113,0.297368,4,17,True,1,17,44.0,40,30.0,19.0,22,14,20,ndcg_at_k,35.0,27,0.536842,0.490909,0.952927,0.857639,0.4,1.0,0.867257,0.000218,0.000185,1.7e-05,0.003934,3.5e-05,0.001741,0.008103
fiqa,q_fiqa_000476,hybrid_rrf_priority_topo_a03,qrels_flip,synthetic corruption: qrels-derived edges with flip_prob=0.15,20,113,0.297368,4,17,True,1,17,44.0,40,30.0,19.0,22,14,20,ndcg_at_k,36.0,32,0.136842,0.490909,0.70555,0.632955,0.4,1.0,0.663717,0.000218,0.000185,1.7e-05,0.003934,9.4e-05,0.001741,0.008103
fiqa,q_fiqa_000415,score_sum,qrels_flip,synthetic corruption: qrels-derived edges with flip_prob=0.15,20,107,0.281579,7,14,True,1,14,24.0,19,29.0,23.0,16,12,20,ndcg_at_k,29.0,16,0.526316,0.818182,1.0,1.0,0.35,1.0,1.0,0.0002,0.000152,2e-05,0.001965,3.8e-05,0.001645,0.00599
fiqa,q_fiqa_000415,borda,qrels_flip,synthetic corruption: qrels-derived edges with flip_prob=0.15,20,107,0.281579,7,14,True,1,14,24.0,19,29.0,23.0,16,12,20,ndcg_at_k,30.0,17,0.526316,0.709091,0.982092,1.0,0.35,1.0,0.971963,0.0002,0.000152,2e-05,0.001965,1.8e-05,0.001645,0.00599
fiqa,q_fiqa_000415,pagerank,qrels_flip,synthetic corruption: qrels-derived edges with flip_prob=0.15,20,107,0.281579,7,14,True,1,14,24.0,19,29.0,23.0,16,12,20,ndcg_at_k,35.0,20,0.357895,0.6,0.97734,0.903834,0.35,1.0,0.925234,0.0002,0.000152,2e-05,0.001965,0.00151,0.001645,0.00599
fiqa,q_fiqa_000415,greedy_fas_topological,qrels_flip,synthetic corruption: qrels-derived edges with flip_prob=0.15,20,107,0.281579,7,14,True,1,14,24.0,19,29.0,23.0,16,12,20,ndcg_at_k,20.0,15,0.221053,0.309091,0.837098,0.724603,0.35,1.0,0.785047,0.0002,0.000152,2e-05,0.001965,6.7e-05,0.001645,0.00599
fiqa,q_fiqa_000415,greedy_fas_weighted_balance,qrels_flip,synthetic corruption: qrels-derived edges with flip_prob=0.15,20,107,0.281579,7,14,True,1,14,24.0,19,29.0,23.0,16,12,20,ndcg_at_k,30.0,17,0.484211,0.745455,0.994172,0.968254,0.35,1.0,0.971963,0.0002,0.000152,2e-05,0.001965,4.1e-05,0.001645,0.00599
fiqa,q_fiqa_000415,greedy_fas_copeland,qrels_flip,synthetic corruption: qrels-derived edges with flip_prob=0.15,20,107,0.281579,7,14,True,1,14,24.0,19,29.0,23.0,16,12,20,ndcg_at_k,28.0,16,0.484211,0.709091,0.933172,1.0,0.35,1.0,0.962617,0.0002,0.000152,2e-05,0.001965,2.7e-05,0.001645,0.00599
fiqa,q_fiqa_000415,greedy_fas_score_augmented_topological,qrels_flip,synthetic corruption: qrels-derived edges with flip_prob=0.15,20,107,0.281579,7,14,True,1,14,24.0,19,29.0,23.0,16,12,20,ndcg_at_k,18.0,14,0.136842,0.309091,0.835207,0.716811,0.35,1.0,0.775701,0.0002,0.000152,2e-05,0.001965,4.2e-05,0.001645,0.00599
fiqa,q_fiqa_000415,fas_balance_score_prior_alpha_beta,qrels_flip,synthetic corruption: qrels-derived edges with flip_prob=0.15,20,107,0.281579,7,14,True,1,14,24.0,19,29.0,23.0,16,12,20,ndcg_at_k,29.0,16,0.515789,0.818182,1.0,1.0,0.35,1.0,1.0,0.0002,0.000152,2e-05,0.001965,5.8e-05,0.001645,0.00599
fiqa,q_fiqa_000415,hybrid_rrf_fas_regularized,qrels_flip,synthetic corruption: qrels-derived edges with flip_prob=0.15,20,107,0.281579,7,14,True,1,14,24.0,19,29.0,23.0,16,12,20,ndcg_at_k,30.0,17,0.484211,0.745455,0.994172,0.968254,0.35,1.0,0.971963,0.0002,0.000152,2e-05,0.001965,4.9e-05,0.001645,0.00599
fiqa,q_fiqa_000415,hybrid_rrf_balance_a05,qrels_flip,synthetic corruption: qrels-derived edges with flip_prob=0.15,20,107,0.281579,7,14,True,1,14,24.0,19,29.0,23.0,16,12,20,ndcg_at_k,30.0,17,0.484211,0.745455,0.994172,0.968254,0.35,1.0,0.971963,0.0002,0.000152,2e-05,0.001965,4.5e-05,0.001645,0.00599
fiqa,q_fiqa_000415,hybrid_rrf_copeland_a03,qrels_flip,synthetic corruption: qrels-derived edges with flip_prob=0.15,20,107,0.281579,7,14,True,1,14,24.0,19,29.0,23.0,16,12,20,ndcg_at_k,28.0,16,0.484211,0.709091,0.933172,1.0,0.35,1.0,0.962617,0.0002,0.000152,2e-05,0.001965,3.4e-05,0.001645,0.00599
fiqa,q_fiqa_000415,hybrid_rrf_priority_topo_a03,qrels_flip,synthetic corruption: qrels-derived edges with flip_prob=0.15,20,107,0.281579,7,14,True,1,14,24.0,19,29.0,23.0,16,12,20,ndcg_at_k,19.0,14,0.136842,0.309091,0.837515,0.730098,0.35,1.0,0.794393,0.0002,0.000152,2e-05,0.001965,7.9e-05,0.001645,0.00599
fiqa,q_fiqa_000138,score_sum,qrels_flip,synthetic corruption: qrels-derived edges with flip_prob=0.15,20,82,0.215789,7,14,True,1,14,24.0,18,32.0,19.0,15,8,20,ndcg_at_k,32.0,15,0.463158,0.563636,1.0,1.0,0.25,1.0,1.0,0.000186,0.000124,1.7e-05,0.001639,3.4e-05,0.001555,0.005754
fiqa,q_fiqa_000138,borda,qrels_flip,synthetic corruption: qrels-derived edges with flip_prob=0.15,20,82,0.215789,7,14,True,1,14,24.0,18,32.0,19.0,15,8,20,ndcg_at_k,33.0,16,0.473684,0.454545,0.959562,1.0,0.25,1.0,0.963415,0.000186,0.000124,1.7e-05,0.001639,2e-05,0.001555,0.005754
fiqa,q_fiqa_000138,pagerank,qrels_flip,synthetic corruption: qrels-derived edges with flip_prob=0.15,20,82,0.215789,7,14,True,1,14,24.0,18,32.0,19.0,15,8,20,ndcg_at_k,27.0,13,0.336842,0.418182,0.974998,0.925,0.25,1.0,0.95122,0.000186,0.000124,1.7e-05,0.001639,0.001744,0.001555,0.005754
fiqa,q_fiqa_000138,greedy_fas_topological,qrels_flip,synthetic corruption: qrels-derived edges with flip_prob=0.15,20,82,0.215789,7,14,True,1,14,24.0,18,32.0,19.0,15,8,20,ndcg_at_k,19.0,13,0.168421,0.090909,0.676778,0.664444,0.25,1.0,0.829268,0.000186,0.000124,1.7e-05,0.001639,8e-05,0.001555,0.005754
fiqa,q_fiqa_000138,greedy_fas_weighted_balance,qrels_flip,synthetic corruption: qrels-derived edges with flip_prob=0.15,20,82,0.215789,7,14,True,1,14,24.0,18,32.0,19.0,15,8,20,ndcg_at_k,33.0,16,0.410526,0.454545,0.873274,0.942857,0.25,1.0,0.963415,0.000186,0.000124,1.7e-05,0.001639,3.6e-05,0.001555,0.005754
fiqa,q_fiqa_000138,greedy_fas_copeland,qrels_flip,synthetic corruption: qrels-derived edges with flip_prob=0.15,20,82,0.215789,7,14,True,1,14,24.0,18,32.0,19.0,15,8,20,ndcg_at_k,36.0,19,0.421053,0.418182,0.808814,0.966667,0.25,1.0,0.95122,0.000186,0.000124,1.7e-05,0.001639,2.8e-05,0.001555,0.005754
fiqa,q_fiqa_000138,greedy_fas_score_augmented_topological,qrels_flip,synthetic corruption: qrels-derived edges with flip_prob=0.15,20,82,0.215789,7,14,True,1,14,24.0,18,32.0,19.0,15,8,20,ndcg_at_k,19.0,13,-0.084211,0.127273,0.676778,0.664444,0.25,1.0,0.829268,0.000186,0.000124,1.7e-05,0.001639,4.7e-05,0.001555,0.005754
fiqa,q_fiqa_000138,fas_balance_score_prior_alpha_beta,qrels_flip,synthetic corruption: qrels-derived edges with flip_prob=0.15,20,82,0.215789,7,14,True,1,14,24.0,18,32.0,19.0,15,8,20,ndcg_at_k,34.0,17,0.421053,0.490909,0.875168,0.966667,0.25,1.0,0.97561,0.000186,0.000124,1.7e-05,0.001639,5.1e-05,0.001555,0.005754
fiqa,q_fiqa_000138,hybrid_rrf_fas_regularized,qrels_flip,synthetic corruption: qrels-derived edges with flip_prob=0.15,20,82,0.215789,7,14,True,1,14,24.0,18,32.0,19.0,15,8,20,ndcg_at_k,33.0,16,0.410526,0.454545,0.873274,0.942857,0.25,1.0,0.963415,0.000186,0.000124,1.7e-05,0.001639,4.4e-05,0.001555,0.005754
fiqa,q_fiqa_000138,hybrid_rrf_balance_a05,qrels_flip,synthetic corruption: qrels-derived edges with flip_prob=0.15,20,82,0.215789,7,14,True,1,14,24.0,18,32.0,19.0,15,8,20,ndcg_at_k,33.0,16,0.410526,0.454545,0.873274,0.942857,0.25,1.0,0.963415,0.000186,0.000124,1.7e-05,0.001639,3.9e-05,0.001555,0.005754
fiqa,q_fiqa_000138,hybrid_rrf_copeland_a03,qrels_flip,synthetic corruption: qrels-derived edges with flip_prob=0.15,20,82,0.215789,7,14,True,1,14,24.0,18,32.0,19.0,15,8,20,ndcg_at_k,36.0,19,0.421053,0.418182,0.808814,0.966667,0.25,1.0,0.95122,0.000186,0.000124,1.7e-05,0.001639,3.4e-05,0.001555,0.005754
fiqa,q_fiqa_000138,hybrid_rrf_priority_topo_a03,qrels_flip,synthetic corruption: qrels-derived edges with flip_prob=0.15,20,82,0.215789,7,14,True,1,14,24.0,18,32.0,19.0,15,8,20,ndcg_at_k,19.0,13,0.063158,0.090909,0.676778,0.664444,0.25,1.0,0.829268,0.000186,0.000124,1.7e-05,0.001639,7.6e-05,0.001555,0.005754
fiqa,q_fiqa_000313,score_sum,qrels_flip,synthetic corruption: qrels-derived edges with flip_prob=0.15,20,83,0.218421,9,12,True,1,12,20.0,16,15.0,8.0,9,4,20,ndcg_at_k,15.0,9,0.484211,0.818182,1.0,1.0,0.25,1.0,1.0,0.000166,0.000118,1.6e-05,0.001876,3.6e-05,0.001558,0.005711
fiqa,q_fiqa_000313,borda,qrels_flip,synthetic corruption: qrels-derived edges with flip_prob=0.15,20,83,0.218421,9,12,True,1,12,20.0,16,15.0,8.0,9,4,20,ndcg_at_k,14.0,8,0.526316,0.781818,0.961867,1.0,0.25,1.0,0.987952,0.000166,0.000118,1.6e-05,0.001876,2.1e-05,0.001558,0.005711
fiqa,q_fiqa_000313,pagerank,qrels_flip,synthetic corruption: qrels-derived edges with flip_prob=0.15,20,83,0.218421,9,12,True,1,12,20.0,16,15.0,8.0,9,4,20,ndcg_at_k,22.0,15,0.252632,0.781818,0.971521,0.775397,0.25,1.0,0.903614,0.000166,0.000118,1.6e-05,0.001876,0.001503,0.001558,0.005711
fiqa,q_fiqa_000313,greedy_fas_topological,qrels_flip,synthetic corruption: qrels-derived edges with flip_prob=0.15,20,83,0.218421,9,12,True,1,12,20.0,16,15.0,8.0,9,4,20,ndcg_at_k,15.0,11,0.284211,0.563636,0.717432,0.686667,0.25,1.0,0.855422,0.000166,0.000118,1.6e-05,0.001876,6.2e-05,0.001558,0.005711
fiqa,q_fiqa_000313,greedy_fas_weighted_balance,qrels_flip,synthetic corruption: qrels-derived edges with flip_prob=0.15,20,83,0.218421,9,12,True,1,12,20.0,16,15.0,8.0,9,4,20,ndcg_at_k,15.0,9,0.452632,0.781818,1.0,1.0,0.25,1.0,1.0,0.000166,0.000118,1.6e-05,0.001876,3.6e-05,0.001558,0.005711
fiqa,q_fiqa_000313,greedy_fas_copeland,qrels_flip,synthetic corruption: qrels-derived edges with flip_prob=0.15,20,83,0.218421,9,12,True,1,12,20.0,16,15.0,8.0,9,4,20,ndcg_at_k,15.0,9,0.452632,0.781818,1.0,1.0,0.25,1.0,1.0,0.000166,0.000118,1.6e-05,0.001876,2.6e-05,0.001558,0.005711
fiqa,q_fiqa_000313,greedy_fas_score_augmented_topological,qrels_flip,synthetic corruption: qrels-derived edges with flip_prob=0.15,20,83,0.218421,9,12,True,1,12,20.0,16,15.0,8.0,9,4,20,ndcg_at_k,15.0,11,-0.031579,0.563636,0.717432,0.686667,0.25,1.0,0.855422,0.000166,0.000118,1.6e-05,0.001876,4.7e-05,0.001558,0.005711
fiqa,q_fiqa_000313,fas_balance_score_prior_alpha_beta,qrels_flip,synthetic corruption: qrels-derived edges with flip_prob=0.15,20,83,0.218421,9,12,True,1,12,20.0,16,15.0,8.0,9,4,20,ndcg_at_k,15.0,9,0.452632,0.781818,1.0,1.0,0.25,1.0,1.0,0.000166,0.000118,1.6e-05,0.001876,5.3e-05,0.001558,0.005711
fiqa,q_fiqa_000313,hybrid_rrf_fas_regularized,qrels_flip,synthetic corruption: qrels-derived edges with flip_prob=0.15,20,83,0.218421,9,12,True,1,12,20.0,16,15.0,8.0,9,4,20,ndcg_at_k,15.0,9,0.452632,0.781818,1.0,1.0,0.25,1.0,1.0,0.000166,0.000118,1.6e-05,0.001876,4.4e-05,0.001558,0.005711
fiqa,q_fiqa_000313,hybrid_rrf_balance_a05,qrels_flip,synthetic corruption: qrels-derived edges with flip_prob=0.15,20,83,0.218421,9,12,True,1,12,20.0,16,15.0,8.0,9,4,20,ndcg_at_k,15.0,9,0.452632,0.781818,1.0,1.0,0.25,1.0,1.0,0.000166,0.000118,1.6e-05,0.001876,3.9e-05,0.001558,0.005711
fiqa,q_fiqa_000313,hybrid_rrf_copeland_a03,qrels_flip,synthetic corruption: qrels-derived edges with flip_prob=0.15,20,83,0.218421,9,12,True,1,12,20.0,16,15.0,8.0,9,4,20,ndcg_at_k,15.0,9,0.452632,0.781818,1.0,1.0,0.25,1.0,1.0,0.000166,0.000118,1.6e-05,0.001876,3.4e-05,0.001558,0.005711
fiqa,q_fiqa_000313,hybrid_rrf_priority_topo_a03,qrels_flip,synthetic corruption: qrels-derived edges with flip_prob=0.15,20,83,0.218421,9,12,True,1,12,20.0,16,15.0,8.0,9,4,20,ndcg_at_k,15.0,11,0.021053,0.6,0.717432,0.686667,0.25,1.0,0.855422,0.000166,0.000118,1.6e-05,0.001876,7.6e-05,0.001558,0.005711
fiqa,q_fiqa_000474,score_sum,qrels_flip,synthetic corruption: qrels-derived edges with flip_prob=0.15,20,93,0.244737,4,17,True,1,17,26.0,19,30.0,16.0,15,8,20,ndcg_at_k,30.0,15,0.621053,0.818182,1.0,1.0,0.3,1.0,1.0,0.00023,0.000152,1.7e-05,0.00168,3.5e-05,0.001679,0.006029
fiqa,q_fiqa_000474,borda,qrels_flip,synthetic corruption: qrels-derived edges with flip_prob=0.15,20,93,0.244737,4,17,True,1,17,26.0,19,30.0,16.0,15,8,20,ndcg_at_k,30.0,15,0.757895,0.818182,1.0,1.0,0.3,1.0,1.0,0.00023,0.000152,1.7e-05,0.00168,1.9e-05,0.001679,0.006029
fiqa,q_fiqa_000474,pagerank,qrels_flip,synthetic corruption: qrels-derived edges with flip_prob=0.15,20,93,0.244737,4,17,True,1,17,26.0,19,30.0,16.0,15,8,20,ndcg_at_k,28.0,15,0.452632,0.69697,0.740142,0.734524,0.3,1.0,0.935484,0.00023,0.000152,1.7e-05,0.00168,0.00176,0.001679,0.006029
fiqa,q_fiqa_000474,greedy_fas_topological,qrels_flip,synthetic corruption: qrels-derived edges with flip_prob=0.15,20,93,0.244737,4,17,True,1,17,26.0,19,30.0,16.0,15,8,20,ndcg_at_k,26.0,19,0.357895,0.424242,0.741839,0.754657,0.3,1.0,0.784946,0.00023,0.000152,1.7e-05,0.00168,6.4e-05,0.001679,0.006029
fiqa,q_fiqa_000474,greedy_fas_weighted_balance,qrels_flip,synthetic corruption: qrels-derived edges with flip_prob=0.15,20,93,0.244737,4,17,True,1,17,26.0,19,30.0,16.0,15,8,20,ndcg_at_k,31.0,16,0.6,0.727273,0.885088,0.958333,0.3,1.0,0.967742,0.00023,0.000152,1.7e-05,0.00168,6.2e-05,0.001679,0.006029
fiqa,q_fiqa_000474,greedy_fas_copeland,qrels_flip,synthetic corruption: qrels-derived edges with flip_prob=0.15,20,93,0.244737,4,17,True,1,17,26.0,19,30.0,16.0,15,8,20,ndcg_at_k,38.0,23,0.536842,0.545455,0.80577,0.895833,0.3,1.0,0.849462,0.00023,0.000152,1.7e-05,0.00168,2.8e-05,0.001679,0.006029
fiqa,q_fiqa_000474,greedy_fas_score_augmented_topological,qrels_flip,synthetic corruption: qrels-derived edges with flip_prob=0.15,20,93,0.244737,4,17,True,1,17,26.0,19,30.0,16.0,15,8,20,ndcg_at_k,24.0,17,0.147368,0.484848,0.74261,0.7625,0.3,1.0,0.806452,0.00023,0.000152,1.7e-05,0.00168,4.7e-05,0.001679,0.006029
fiqa,q_fiqa_000474,fas_balance_score_prior_alpha_beta,qrels_flip,synthetic corruption: qrels-derived edges with flip_prob=0.15,20,93,0.244737,4,17,True,1,17,26.0,19,30.0,16.0,15,8,20,ndcg_at_k,31.0,16,0.6,0.818182,0.998267,0.97619,0.3,1.0,0.989247,0.00023,0.000152,1.7e-05,0.00168,5.6e-05,0.001679,0.006029
fiqa,q_fiqa_000474,hybrid_rrf_fas_regularized,qrels_flip,synthetic corruption: qrels-derived edges with flip_prob=0.15,20,93,0.244737,4,17,True,1,17,26.0,19,30.0,16.0,15,8,20,ndcg_at_k,31.0,16,0.6,0.727273,0.885088,0.958333,0.3,1.0,0.967742,0.00023,0.000152,1.7e-05,0.00168,4.7e-05,0.001679,0.006029
fiqa,q_fiqa_000474,hybrid_rrf_balance_a05,qrels_flip,synthetic corruption: qrels-derived edges with flip_prob=0.15,20,93,0.244737,4,17,True,1,17,26.0,19,30.0,16.0,15,8,20,ndcg_at_k,31.0,16,0.6,0.727273,0.885088,0.958333,0.3,1.0,0.967742,0.00023,0.000152,1.7e-05,0.00168,4.2e-05,0.001679,0.006029
fiqa,q_fiqa_000474,hybrid_rrf_copeland_a03,qrels_flip,synthetic corruption: qrels-derived edges with flip_prob=0.15,20,93,0.244737,4,17,True,1,17,26.0,19,30.0,16.0,15,8,20,ndcg_at_k,38.0,23,0.536842,0.545455,0.80577,0.895833,0.3,1.0,0.849462,0.00023,0.000152,1.7e-05,0.00168,3.5e-05,0.001679,0.006029
fiqa,q_fiqa_000474,hybrid_rrf_priority_topo_a03,qrels_flip,synthetic corruption: qrels-derived edges with flip_prob=0.15,20,93,0.244737,4,17,True,1,17,26.0,19,30.0,16.0,15,8,20,ndcg_at_k,26.0,19,0.231579,0.424242,0.741839,0.754657,0.3,1.0,0.784946,0.00023,0.000152,1.7e-05,0.00168,7.6e-05,0.001679,0.006029
fiqa,q_fiqa_000437,score_sum,qrels_flip,synthetic corruption: qrels-derived edges with flip_prob=0.15,20,93,0.244737,5,16,True,1,16,38.0,26,32.0,22.0,16,12,20,ndcg_at_k,32.0,16,0.768421,0.745455,1.0,1.0,0.3,1.0,1.0,0.000178,0.000193,3.4e-05,0.003247,3.5e-05,0.00154,0.007135
fiqa,q_fiqa_000437,borda,qrels_flip,synthetic corruption: qrels-derived edges with flip_prob=0.15,20,93,0.244737,5,16,True,1,16,38.0,26,32.0,22.0,16,12,20,ndcg_at_k,30.0,15,0.757895,0.672727,0.97415,1.0,0.3,1.0,0.989247,0.000178,0.000193,3.4e-05,0.003247,2e-05,0.00154,0.007135
fiqa,q_fiqa_000437,pagerank,qrels_flip,synthetic corruption: qrels-derived edges with flip_prob=0.15,20,93,0.244737,5,16,True,1,16,38.0,26,32.0,22.0,16,12,20,ndcg_at_k,40.0,25,0.6,0.6,0.96327,0.840909,0.3,1.0,0.88172,0.000178,0.000193,3.4e-05,0.003247,0.001463,0.00154,0.007135
fiqa,q_fiqa_000437,greedy_fas_topological,qrels_flip,synthetic corruption: qrels-derived edges with flip_prob=0.15,20,93,0.244737,5,16,True,1,16,38.0,26,32.0,22.0,16,12,20,ndcg_at_k,35.0,25,0.326316,0.345455,0.782756,0.471519,0.3,1.0,0.623656,0.000178,0.000193,3.4e-05,0.003247,6.4e-05,0.00154,0.007135
fiqa,q_fiqa_000437,greedy_fas_weighted_balance,qrels_flip,synthetic corruption: qrels-derived edges with flip_prob=0.15,20,93,0.244737,5,16,True,1,16,38.0,26,32.0,22.0,16,12,20,ndcg_at_k,42.0,26,0.6,0.6,0.987951,0.825758,0.3,1.0,0.870968,0.000178,0.000193,3.4e-05,0.003247,5.3e-05,0.00154,0.007135
fiqa,q_fiqa_000437,greedy_fas_copeland,qrels_flip,synthetic corruption: qrels-derived edges with flip_prob=0.15,20,93,0.244737,5,16,True,1,16,38.0,26,32.0,22.0,16,12,20,ndcg_at_k,40.0,24,0.642105,0.563636,0.988108,0.826923,0.3,1.0,0.870968,0.000178,0.000193,3.4e-05,0.003247,2.8e-05,0.00154,0.007135
fiqa,q_fiqa_000437,greedy_fas_score_augmented_topological,qrels_flip,synthetic corruption: qrels-derived edges with flip_prob=0.15,20,93,0.244737,5,16,True,1,16,38.0,26,32.0,22.0,16,12,20,ndcg_at_k,35.0,25,0.221053,0.309091,0.782756,0.471519,0.3,1.0,0.623656,0.000178,0.000193,3.4e-05,0.003247,4e-05,0.00154,0.007135
fiqa,q_fiqa_000437,fas_balance_score_prior_alpha_beta,qrels_flip,synthetic corruption: qrels-derived edges with flip_prob=0.15,20,93,0.244737,5,16,True,1,16,38.0,26,32.0,22.0,16,12,20,ndcg_at_k,33.0,17,0.705263,0.709091,0.998578,0.97619,0.3,1.0,0.989247,0.000178,0.000193,3.4e-05,0.003247,5.3e-05,0.00154,0.007135
fiqa,q_fiqa_000437,hybrid_rrf_fas_regularized,qrels_flip,synthetic corruption: qrels-derived edges with flip_prob=0.15,20,93,0.244737,5,16,True,1,16,38.0,26,32.0,22.0,16,12,20,ndcg_at_k,42.0,26,0.6,0.6,0.987951,0.825758,0.3,1.0,0.870968,0.000178,0.000193,3.4e-05,0.003247,4.5e-05,0.00154,0.007135
fiqa,q_fiqa_000437,hybrid_rrf_balance_a05,qrels_flip,synthetic corruption: qrels-derived edges with flip_prob=0.15,20,93,0.244737,5,16,True,1,16,38.0,26,32.0,22.0,16,12,20,ndcg_at_k,42.0,26,0.6,0.6,0.987951,0.825758,0.3,1.0,0.870968,0.000178,0.000193,3.4e-05,0.003247,3.9e-05,0.00154,0.007135
fiqa,q_fiqa_000437,hybrid_rrf_copeland_a03,qrels_flip,synthetic corruption: qrels-derived edges with flip_prob=0.15,20,93,0.244737,5,16,True,1,16,38.0,26,32.0,22.0,16,12,20,ndcg_at_k,40.0,24,0.642105,0.563636,0.988108,0.826923,0.3,1.0,0.870968,0.000178,0.000193,3.4e-05,0.003247,3.3e-05,0.00154,0.007135
fiqa,q_fiqa_000437,hybrid_rrf_priority_topo_a03,qrels_flip,synthetic corruption: qrels-derived edges with flip_prob=0.15,20,93,0.244737,5,16,True,1,16,38.0,26,32.0,22.0,16,12,20,ndcg_at_k,35.0,25,0.273684,0.309091,0.808101,0.49513,0.3,1.0,0.645161,0.000178,0.000193,3.4e-05,0.003247,7e-05,0.00154,0.007135
fiqa,q_fiqa_000019,score_sum,qrels_flip,synthetic corruption: qrels-derived edges with flip_prob=0.15,20,92,0.242105,7,14,True,1,14,37.0,21,31.0,16.0,14,6,20,ndcg_at_k,31.0,14,0.684211,0.757576,1.0,1.0,0.3,1.0,1.0,0.000177,0.00013,1.7e-05,0.002508,3.5e-05,0.001636,0.006617
fiqa,q_fiqa_000019,borda,qrels_flip,synthetic corruption: qrels-derived edges with flip_prob=0.15,20,92,0.242105,7,14,True,1,14,37.0,21,31.0,16.0,14,6,20,ndcg_at_k,31.0,14,0.747368,0.818182,1.0,1.0,0.3,1.0,1.0,0.000177,0.00013,1.7e-05,0.002508,1.9e-05,0.001636,0.006617
fiqa,q_fiqa_000019,pagerank,qrels_flip,synthetic corruption: qrels-derived edges with flip_prob=0.15,20,92,0.242105,7,14,True,1,14,37.0,21,31.0,16.0,14,6,20,ndcg_at_k,30.0,14,0.515789,0.69697,0.900797,0.757937,0.3,1.0,0.913043,0.000177,0.00013,1.7e-05,0.002508,0.001659,0.001636,0.006617
fiqa,q_fiqa_000019,greedy_fas_topological,qrels_flip,synthetic corruption: qrels-derived edges with flip_prob=0.15,20,92,0.242105,7,14,True,1,14,37.0,21,31.0,16.0,14,6,20,ndcg_at_k,34.0,18,0.389474,0.424242,0.699158,0.746164,0.3,1.0,0.804348,0.000177,0.00013,1.7e-05,0.002508,6.8e-05,0.001636,0.006617
fiqa,q_fiqa_000019,greedy_fas_weighted_balance,qrels_flip,synthetic corruption: qrels-derived edges with flip_prob=0.15,20,92,0.242105,7,14,True,1,14,37.0,21,31.0,16.0,14,6,20,ndcg_at_k,32.0,15,0.684211,0.787879,0.968139,1.0,0.3,1.0,0.98913,0.000177,0.00013,1.7e-05,0.002508,3.7e-05,0.001636,0.006617
fiqa,q_fiqa_000019,greedy_fas_copeland,qrels_flip,synthetic corruption: qrels-derived edges with flip_prob=0.15,20,92,0.242105,7,14,True,1,14,37.0,21,31.0,16.0,14,6,20,ndcg_at_k,35.0,18,0.631579,0.636364,0.802065,1.0,0.3,1.0,0.934783,0.000177,0.00013,1.7e-05,0.002508,2.7e-05,0.001636,0.006617
fiqa,q_fiqa_000019,greedy_fas_score_augmented_topological,qrels_flip,synthetic corruption: qrels-derived edges with flip_prob=0.15,20,92,0.242105,7,14,True,1,14,37.0,21,31.0,16.0,14,6,20,ndcg_at_k,35.0,19,0.042105,0.30303,0.696246,0.746164,0.3,1.0,0.793478,0.000177,0.00013,1.7e-05,0.002508,4.7e-05,0.001636,0.006617
fiqa,q_fiqa_000019,fas_balance_score_prior_alpha_beta,qrels_flip,synthetic corruption: qrels-derived edges with flip_prob=0.15,20,92,0.242105,7,14,True,1,14,37.0,21,31.0,16.0,14,6,20,ndcg_at_k,31.0,14,0.684211,0.818182,1.0,1.0,0.3,1.0,1.0,0.000177,0.00013,1.7e-05,0.002508,5.4e-05,0.001636,0.006617
fiqa,q_fiqa_000019,hybrid_rrf_fas_regularized,qrels_flip,synthetic corruption: qrels-derived edges with flip_prob=0.15,20,92,0.242105,7,14,True,1,14,37.0,21,31.0,16.0,14,6,20,ndcg_at_k,32.0,15,0.684211,0.787879,0.968139,1.0,0.3,1.0,0.98913,0.000177,0.00013,1.7e-05,0.002508,4.6e-05,0.001636,0.006617
fiqa,q_fiqa_000019,hybrid_rrf_balance_a05,qrels_flip,synthetic corruption: qrels-derived edges with flip_prob=0.15,20,92,0.242105,7,14,True,1,14,37.0,21,31.0,16.0,14,6,20,ndcg_at_k,32.0,15,0.684211,0.787879,0.968139,1.0,0.3,1.0,0.98913,0.000177,0.00013,1.7e-05,0.002508,4.2e-05,0.001636,0.006617
fiqa,q_fiqa_000019,hybrid_rrf_copeland_a03,qrels_flip,synthetic corruption: qrels-derived edges with flip_prob=0.15,20,92,0.242105,7,14,True,1,14,37.0,21,31.0,16.0,14,6,20,ndcg_at_k,35.0,18,0.631579,0.636364,0.802065,1.0,0.3,1.0,0.934783,0.000177,0.00013,1.7e-05,0.002508,3.4e-05,0.001636,0.006617
fiqa,q_fiqa_000019,hybrid_rrf_priority_topo_a03,qrels_flip,synthetic corruption: qrels-derived edges with flip_prob=0.15,20,92,0.242105,7,14,True,1,14,37.0,21,31.0,16.0,14,6,20,ndcg_at_k,34.0,18,0.242105,0.30303,0.699158,0.746164,0.3,1.0,0.804348,0.000177,0.00013,1.7e-05,0.002508,8.1e-05,0.001636,0.006617
fiqa,q_fiqa_000235,score_sum,qrels_flip,synthetic corruption: qrels-derived edges with flip_prob=0.15,20,83,0.218421,6,15,True,1,15,31.0,20,29.0,23.0,14,10,20,ndcg_at_k,29.0,14,0.589474,0.490909,1.0,1.0,0.25,1.0,1.0,0.000166,0.000125,1.7e-05,0.001991,3.3e-05,0.001508,0.0058
fiqa,q_fiqa_000235,borda,qrels_flip,synthetic corruption: qrels-derived edges with flip_prob=0.15,20,83,0.218421,6,15,True,1,15,31.0,20,29.0,23.0,14,10,20,ndcg_at_k,29.0,14,0.6,0.345455,0.89337,1.0,0.25,1.0,0.951807,0.000166,0.000125,1.7e-05,0.001991,1.8e-05,0.001508,0.0058
fiqa,q_fiqa_000235,pagerank,qrels_flip,synthetic corruption: qrels-derived edges with flip_prob=0.15,20,83,0.218421,6,15,True,1,15,31.0,20,29.0,23.0,14,10,20,ndcg_at_k,32.0,17,0.526316,0.418182,0.992912,0.902857,0.25,1.0,0.963855,0.000166,0.000125,1.7e-05,0.001991,0.001517,0.001508,0.0058
fiqa,q_fiqa_000235,greedy_fas_topological,qrels_flip,synthetic corruption: qrels-derived edges with flip_prob=0.15,20,83,0.218421,6,15,True,1,15,31.0,20,29.0,23.0,14,10,20,ndcg_at_k,31.0,20,0.231579,0.090909,0.514428,0.52127,0.25,1.0,0.686747,0.000166,0.000125,1.7e-05,0.001991,6.4e-05,0.001508,0.0058
fiqa,q_fiqa_000235,greedy_fas_weighted_balance,qrels_flip,synthetic corruption: qrels-derived edges with flip_prob=0.15,20,83,0.218421,6,15,True,1,15,31.0,20,29.0,23.0,14,10,20,ndcg_at_k,34.0,19,0.526316,0.454545,0.983656,0.911111,0.25,1.0,0.939759,0.000166,0.000125,1.7e-05,0.001991,3.5e-05,0.001508,0.0058
fiqa,q_fiqa_000235,greedy_fas_copeland,qrels_flip,synthetic corruption: qrels-derived edges with flip_prob=0.15,20,83,0.218421,6,15,True,1,15,31.0,20,29.0,23.0,14,10,20,ndcg_at_k,32.0,17,0.536842,0.381818,0.767573,0.942857,0.25,1.0,0.939759,0.000166,0.000125,1.7e-05,0.001991,2.7e-05,0.001508,0.0058
fiqa,q_fiqa_000235,greedy_fas_score_augmented_topological,qrels_flip,synthetic corruption: qrels-derived edges with flip_prob=0.15,20,83,0.218421,6,15,True,1,15,31.0,20,29.0,23.0,14,10,20,ndcg_at_k,29.0,18,0.0,0.163636,0.515349,0.531526,0.25,1.0,0.710843,0.000166,0.000125,1.7e-05,0.001991,6e-05,0.001508,0.0058
fiqa,q_fiqa_000235,fas_balance_score_prior_alpha_beta,qrels_flip,synthetic corruption: qrels-derived edges with flip_prob=0.15,20,83,0.218421,6,15,True,1,15,31.0,20,29.0,23.0,14,10,20,ndcg_at_k,30.0,15,0.578947,0.490909,0.997769,0.966667,0.25,1.0,0.987952,0.000166,0.000125,1.7e-05,0.001991,5.1e-05,0.001508,0.0058
fiqa,q_fiqa_000235,hybrid_rrf_fas_regularized,qrels_flip,synthetic corruption: qrels-derived edges with flip_prob=0.15,20,83,0.218421,6,15,True,1,15,31.0,20,29.0,23.0,14,10,20,ndcg_at_k,34.0,19,0.526316,0.454545,0.983656,0.911111,0.25,1.0,0.939759,0.000166,0.000125,1.7e-05,0.001991,4.5e-05,0.001508,0.0058
fiqa,q_fiqa_000235,hybrid_rrf_balance_a05,qrels_flip,synthetic corruption: qrels-derived edges with flip_prob=0.15,20,83,0.218421,6,15,True,1,15,31.0,20,29.0,23.0,14,10,20,ndcg_at_k,34.0,19,0.526316,0.454545,0.983656,0.911111,0.25,1.0,0.939759,0.000166,0.000125,1.7e-05,0.001991,3.9e-05,0.001508,0.0058
fiqa,q_fiqa_000235,hybrid_rrf_copeland_a03,qrels_flip,synthetic corruption: qrels-derived edges with flip_prob=0.15,20,83,0.218421,6,15,True,1,15,31.0,20,29.0,23.0,14,10,20,ndcg_at_k,32.0,17,0.536842,0.381818,0.767573,0.942857,0.25,1.0,0.939759,0.000166,0.000125,1.7e-05,0.001991,3.3e-05,0.001508,0.0058
fiqa,q_fiqa_000235,hybrid_rrf_priority_topo_a03,qrels_flip,synthetic corruption: qrels-derived edges with flip_prob=0.15,20,83,0.218421,6,15,True,1,15,31.0,20,29.0,23.0,14,10,20,ndcg_at_k,30.0,19,0.157895,0.2,0.514862,0.526032,0.25,1.0,0.698795,0.000166,0.000125,1.7e-05,0.001991,7.1e-05,0.001508,0.0058
fiqa,q_fiqa_000324,score_sum,qrels_flip,synthetic corruption: qrels-derived edges with flip_prob=0.15,20,125,0.328947,6,15,True,1,15,29.0,20,23.0,12.0,12,8,20,ndcg_at_k,24.0,13,0.652632,0.848485,0.999433,0.988889,0.45,1.0,0.992,0.000228,0.000176,1.6e-05,0.00234,4.1e-05,0.001719,0.006591
fiqa,q_fiqa_000324,borda,qrels_flip,synthetic corruption: qrels-derived edges with flip_prob=0.15,20,125,0.328947,6,15,True,1,15,29.0,20,23.0,12.0,12,8,20,ndcg_at_k,22.0,11,0.684211,0.787879,0.997833,1.0,0.45,1.0,0.992,0.000228,0.000176,1.6e-05,0.00234,1.9e-05,0.001719,0.006591
fiqa,q_fiqa_000324,pagerank,qrels_flip,synthetic corruption: qrels-derived edges with flip_prob=0.15,20,125,0.328947,6,15,True,1,15,29.0,20,23.0,12.0,12,8,20,ndcg_at_k,32.0,19,0.4,0.575758,0.69935,0.731602,0.45,1.0,0.832,0.000228,0.000176,1.6e-05,0.00234,0.00158,0.001719,0.006591
fiqa,q_fiqa_000324,greedy_fas_topological,qrels_flip,synthetic corruption: qrels-derived edges with flip_prob=0.15,20,125,0.328947,6,15,True,1,15,29.0,20,23.0,12.0,12,8,20,ndcg_at_k,22.0,15,0.421053,0.454545,0.845668,0.90463,0.45,1.0,0.848,0.000228,0.000176,1.6e-05,0.00234,6.9e-05,0.001719,0.006591
fiqa,q_fiqa_000324,greedy_fas_weighted_balance,qrels_flip,synthetic corruption: qrels-derived edges with flip_prob=0.15,20,125,0.328947,6,15,True,1,15,29.0,20,23.0,12.0,12,8,20,ndcg_at_k,23.0,12,0.652632,0.818182,1.0,1.0,0.45,1.0,1.0,0.000228,0.000176,1.6e-05,0.00234,4.5e-05,0.001719,0.006591
fiqa,q_fiqa_000324,greedy_fas_copeland,qrels_flip,synthetic corruption: qrels-derived edges with flip_prob=0.15,20,125,0.328947,6,15,True,1,15,29.0,20,23.0,12.0,12,8,20,ndcg_at_k,27.0,16,0.547368,0.484848,0.79819,0.979798,0.45,1.0,0.904,0.000228,0.000176,1.6e-05,0.00234,2.9e-05,0.001719,0.006591
fiqa,q_fiqa_000324,greedy_fas_score_augmented_topological,qrels_flip,synthetic corruption: qrels-derived edges with flip_prob=0.15,20,125,0.328947,6,15,True,1,15,29.0,20,23.0,12.0,12,8,20,ndcg_at_k,22.0,14,0.273684,0.515152,0.890785,0.916126,0.45,1.0,0.856,0.000228,0.000176,1.6e-05,0.00234,4.6e-05,0.001719,0.006591
fiqa,q_fiqa_000324,fas_balance_score_prior_alpha_beta,qrels_flip,synthetic corruption: qrels-derived edges with flip_prob=0.15,20,125,0.328947,6,15,True,1,15,29.0,20,23.0,12.0,12,8,20,ndcg_at_k,23.0,12,0.652632,0.818182,1.0,1.0,0.45,1.0,1.0,0.000228,0.000176,1.6e-05,0.00234,6.3e-05,0.001719,0.006591
fiqa,q_fiqa_000324,hybrid_rrf_fas_regularized,qrels_flip,synthetic corruption: qrels-derived edges with flip_prob=0.15,20,125,0.328947,6,15,True,1,15,29.0,20,23.0,12.0,12,8,20,ndcg_at_k,23.0,12,0.652632,0.818182,1.0,1.0,0.45,1.0,1.0,0.000228,0.000176,1.6e-05,0.00234,5.4e-05,0.001719,0.006591
fiqa,q_fiqa_000324,hybrid_rrf_balance_a05,qrels_flip,synthetic corruption: qrels-derived edges with flip_prob=0.15,20,125,0.328947,6,15,True,1,15,29.0,20,23.0,12.0,12,8,20,ndcg_at_k,23.0,12,0.652632,0.818182,1.0,1.0,0.45,1.0,1.0,0.000228,0.000176,1.6e-05,0.00234,4.9e-05,0.001719,0.006591
fiqa,q_fiqa_000324,hybrid_rrf_copeland_a03,qrels_flip,synthetic corruption: qrels-derived edges with flip_prob=0.15,20,125,0.328947,6,15,True,1,15,29.0,20,23.0,12.0,12,8,20,ndcg_at_k,27.0,16,0.547368,0.484848,0.79819,0.979798,0.45,1.0,0.904,0.000228,0.000176,1.6e-05,0.00234,3.5e-05,0.001719,0.006591
fiqa,q_fiqa_000324,hybrid_rrf_priority_topo_a03,qrels_flip,synthetic corruption: qrels-derived edges with flip_prob=0.15,20,125,0.328947,6,15,True,1,15,29.0,20,23.0,12.0,12,8,20,ndcg_at_k,20.0,13,0.368421,0.575758,0.940409,0.90463,0.45,1.0,0.864,0.000228,0.000176,1.6e-05,0.00234,8.2e-05,0.001719,0.006591
fiqa,q_fiqa_000023,score_sum,qrels_flip,synthetic corruption: qrels-derived edges with flip_prob=0.15,20,105,0.276316,6,15,True,1,15,9.0,9,22.0,16.0,15,9,20,ndcg_at_k,22.0,15,0.642105,0.818182,1.0,1.0,0.35,1.0,1.0,0.000194,0.000173,3.6e-05,0.000964,3.7e-05,0.001699,0.005005
fiqa,q_fiqa_000023,borda,qrels_flip,synthetic corruption: qrels-derived edges with flip_prob=0.15,20,105,0.276316,6,15,True,1,15,9.0,9,22.0,16.0,15,9,20,ndcg_at_k,23.0,16,0.6,0.672727,0.980061,1.0,0.35,1.0,0.971429,0.000194,0.000173,3.6e-05,0.000964,1.9e-05,0.001699,0.005005
fiqa,q_fiqa_000023,pagerank,qrels_flip,synthetic corruption: qrels-derived edges with flip_prob=0.15,20,105,0.276316,6,15,True,1,15,9.0,9,22.0,16.0,15,9,20,ndcg_at_k,25.0,18,0.452632,0.781818,0.983072,0.982143,0.35,1.0,0.971429,0.000194,0.000173,3.6e-05,0.000964,0.001379,0.001699,0.005005
fiqa,q_fiqa_000023,greedy_fas_topological,qrels_flip,synthetic corruption: qrels-derived edges with flip_prob=0.15,20,105,0.276316,6,15,True,1,15,9.0,9,22.0,16.0,15,9,20,ndcg_at_k,9.0,9,0.389474,0.490909,0.878878,0.920068,0.35,1.0,0.885714,0.000194,0.000173,3.6e-05,0.000964,7.3e-05,0.001699,0.005005
fiqa,q_fiqa_000023,greedy_fas_weighted_balance,qrels_flip,synthetic corruption: qrels-derived edges with flip_prob=0.15,20,105,0.276316,6,15,True,1,15,9.0,9,22.0,16.0,15,9,20,ndcg_at_k,24.0,17,0.536842,0.672727,0.97689,1.0,0.35,1.0,0.961905,0.000194,0.000173,3.6e-05,0.000964,4.4e-05,0.001699,0.005005
fiqa,q_fiqa_000023,greedy_fas_copeland,qrels_flip,synthetic corruption: qrels-derived edges with flip_prob=0.15,20,105,0.276316,6,15,True,1,15,9.0,9,22.0,16.0,15,9,20,ndcg_at_k,24.0,17,0.6,0.672727,0.97689,1.0,0.35,1.0,0.961905,0.000194,0.000173,3.6e-05,0.000964,2.8e-05,0.001699,0.005005
fiqa,q_fiqa_000023,greedy_fas_score_augmented_topological,qrels_flip,synthetic corruption: qrels-derived edges with flip_prob=0.15,20,105,0.276316,6,15,True,1,15,9.0,9,22.0,16.0,15,9,20,ndcg_at_k,9.0,9,0.2,0.490909,0.878878,0.920068,0.35,1.0,0.885714,0.000194,0.000173,3.6e-05,0.000964,4.8e-05,0.001699,0.005005
fiqa,q_fiqa_000023,fas_balance_score_prior_alpha_beta,qrels_flip,synthetic corruption: qrels-derived edges with flip_prob=0.15,20,105,0.276316,6,15,True,1,15,9.0,9,22.0,16.0,15,9,20,ndcg_at_k,23.0,16,0.547368,0.709091,0.980061,1.0,0.35,1.0,0.971429,0.000194,0.000173,3.6e-05,0.000964,6.7e-05,0.001699,0.005005
fiqa,q_fiqa_000023,hybrid_rrf_fas_regularized,qrels_flip,synthetic corruption: qrels-derived edges with flip_prob=0.15,20,105,0.276316,6,15,True,1,15,9.0,9,22.0,16.0,15,9,20,ndcg_at_k,24.0,17,0.536842,0.672727,0.97689,1.0,0.35,1.0,0.961905,0.000194,0.000173,3.6e-05,0.000964,5.4e-05,0.001699,0.005005
fiqa,q_fiqa_000023,hybrid_rrf_balance_a05,qrels_flip,synthetic corruption: qrels-derived edges with flip_prob=0.15,20,105,0.276316,6,15,True,1,15,9.0,9,22.0,16.0,15,9,20,ndcg_at_k,24.0,17,0.536842,0.672727,0.97689,1.0,0.35,1.0,0.961905,0.000194,0.000173,3.6e-05,0.000964,4.9e-05,0.001699,0.005005
fiqa,q_fiqa_000023,hybrid_rrf_copeland_a03,qrels_flip,synthetic corruption: qrels-derived edges with flip_prob=0.15,20,105,0.276316,6,15,True,1,15,9.0,9,22.0,16.0,15,9,20,ndcg_at_k,24.0,17,0.6,0.672727,0.97689,1.0,0.35,1.0,0.961905,0.000194,0.000173,3.6e-05,0.000964,5.3e-05,0.001699,0.005005
fiqa,q_fiqa_000023,hybrid_rrf_priority_topo_a03,qrels_flip,synthetic corruption: qrels-derived edges with flip_prob=0.15,20,105,0.276316,6,15,True,1,15,9.0,9,22.0,16.0,15,9,20,ndcg_at_k,9.0,9,0.305263,0.490909,0.878878,0.920068,0.35,1.0,0.885714,0.000194,0.000173,3.6e-05,0.000964,8.8e-05,0.001699,0.005005
fiqa,q_fiqa_000593,score_sum,qrels_flip,synthetic corruption: qrels-derived edges with flip_prob=0.15,20,131,0.344737,1,20,True,1,20,63.0,46,46.0,16.0,23,7,20,ndcg_at_k,46.0,23,0.768421,0.820513,1.0,1.0,0.5,1.0,1.0,0.000245,0.000193,1.6e-05,0.003267,4.1e-05,0.001791,0.007627
fiqa,q_fiqa_000593,borda,qrels_flip,synthetic corruption: qrels-derived edges with flip_prob=0.15,20,131,0.344737,1,20,True,1,20,63.0,46,46.0,16.0,23,7,20,ndcg_at_k,47.0,23,0.8,0.641026,0.987864,1.0,0.5,1.0,0.969466,0.000245,0.000193,1.6e-05,0.003267,1.8e-05,0.001791,0.007627
fiqa,q_fiqa_000593,pagerank,qrels_flip,synthetic corruption: qrels-derived edges with flip_prob=0.15,20,131,0.344737,1,20,True,1,20,63.0,46,46.0,16.0,23,7,20,ndcg_at_k,71.0,38,0.473684,0.333333,0.728205,0.76873,0.5,1.0,0.778626,0.000245,0.000193,1.6e-05,0.003267,0.001616,0.001791,0.007627
fiqa,q_fiqa_000593,greedy_fas_topological,qrels_flip,synthetic corruption: qrels-derived edges with flip_prob=0.15,20,131,0.344737,1,20,True,1,20,63.0,46,46.0,16.0,23,7,20,ndcg_at_k,52.0,37,0.442105,0.282051,0.777074,0.901389,0.5,1.0,0.755725,0.000245,0.000193,1.6e-05,0.003267,6.5e-05,0.001791,0.007627
fiqa,q_fiqa_000593,greedy_fas_weighted_balance,qrels_flip,synthetic corruption: qrels-derived edges with flip_prob=0.15,20,131,0.344737,1,20,True,1,20,63.0,46,46.0,16.0,23,7,20,ndcg_at_k,49.0,26,0.726316,0.769231,0.990752,0.990909,0.5,1.0,0.977099,0.000245,0.000193,1.6e-05,0.003267,3.9e-05,0.001791,0.007627
fiqa,q_fiqa_000593,greedy_fas_copeland,qrels_flip,synthetic corruption: qrels-derived edges with flip_prob=0.15,20,131,0.344737,1,20,True,1,20,63.0,46,46.0,16.0,23,7,20,ndcg_at_k,52.0,30,0.715789,0.589744,0.959034,0.990909,0.5,1.0,0.931298,0.000245,0.000193,1.6e-05,0.003267,2.6e-05,0.001791,0.007627
fiqa,q_fiqa_000593,greedy_fas_score_augmented_topological,qrels_flip,synthetic corruption: qrels-derived edges with flip_prob=0.15,20,131,0.344737,1,20,True,1,20,63.0,46,46.0,16.0,23,7,20,ndcg_at_k,53.0,38,0.252632,0.333333,0.776096,0.901389,0.5,1.0,0.763359,0.000245,0.000193,1.6e-05,0.003267,4.5e-05,0.001791,0.007627
fiqa,q_fiqa_000593,fas_balance_score_prior_alpha_beta,qrels_flip,synthetic corruption: qrels-derived edges with flip_prob=0.15,20,131,0.344737,1,20,True,1,20,63.0,46,46.0,16.0,23,7,20,ndcg_at_k,47.0,24,0.747368,0.820513,0.999583,0.990909,0.5,1.0,0.992366,0.000245,0.000193,1.6e-05,0.003267,6.1e-05,0.001791,0.007627
fiqa,q_fiqa_000593,hybrid_rrf_fas_regularized,qrels_flip,synthetic corruption: qrels-derived edges with flip_prob=0.15,20,131,0.344737,1,20,True,1,20,63.0,46,46.0,16.0,23,7,20,ndcg_at_k,49.0,26,0.726316,0.769231,0.990752,0.990909,0.5,1.0,0.977099,0.000245,0.000193,1.6e-05,0.003267,4.8e-05,0.001791,0.007627
fiqa,q_fiqa_000593,hybrid_rrf_balance_a05,qrels_flip,synthetic corruption: qrels-derived edges with flip_prob=0.15,20,131,0.344737,1,20,True,1,20,63.0,46,46.0,16.0,23,7,20,ndcg_at_k,49.0,26,0.726316,0.769231,0.990752,0.990909,0.5,1.0,0.977099,0.000245,0.000193,1.6e-05,0.003267,4.2e-05,0.001791,0.007627
fiqa,q_fiqa_000593,hybrid_rrf_copeland_a03,qrels_flip,synthetic corruption: qrels-derived edges with flip_prob=0.15,20,131,0.344737,1,20,True,1,20,63.0,46,46.0,16.0,23,7,20,ndcg_at_k,52.0,30,0.715789,0.589744,0.959034,0.990909,0.5,1.0,0.931298,0.000245,0.000193,1.6e-05,0.003267,3.4e-05,0.001791,0.007627
fiqa,q_fiqa_000593,hybrid_rrf_priority_topo_a03,qrels_flip,synthetic corruption: qrels-derived edges with flip_prob=0.15,20,131,0.344737,1,20,True,1,20,63.0,46,46.0,16.0,23,7,20,ndcg_at_k,42.0,27,0.515789,0.512821,0.924564,0.93513,0.5,1.0,0.862595,0.000245,0.000193,1.6e-05,0.003267,8e-05,0.001791,0.007627
fiqa,q_fiqa_000306,score_sum,qrels_flip,synthetic corruption: qrels-derived edges with flip_prob=0.15,20,125,0.328947,4,17,True,1,17,61.0,39,38.0,16.0,22,10,20,ndcg_at_k,38.0,22,0.736842,0.846154,1.0,1.0,0.45,1.0,1.0,0.000223,0.000207,1.6e-05,0.004104,4.1e-05,0.001802,0.008335
fiqa,q_fiqa_000306,borda,qrels_flip,synthetic corruption: qrels-derived edges with flip_prob=0.15,20,125,0.328947,4,17,True,1,17,61.0,39,38.0,16.0,22,10,20,ndcg_at_k,36.0,20,0.694737,0.74359,0.884661,1.0,0.45,1.0,0.968,0.000223,0.000207,1.6e-05,0.004104,2e-05,0.001802,0.008335
fiqa,q_fiqa_000306,pagerank,qrels_flip,synthetic corruption: qrels-derived edges with flip_prob=0.15,20,125,0.328947,4,17,True,1,17,61.0,39,38.0,16.0,22,10,20,ndcg_at_k,47.0,29,0.515789,0.692308,0.965149,0.842787,0.45,1.0,0.864,0.000223,0.000207,1.6e-05,0.004104,0.001466,0.001802,0.008335
fiqa,q_fiqa_000306,greedy_fas_topological,qrels_flip,synthetic corruption: qrels-derived edges with flip_prob=0.15,20,125,0.328947,4,17,True,1,17,61.0,39,38.0,16.0,22,10,20,ndcg_at_k,52.0,30,0.389474,0.512821,0.769672,0.767435,0.45,1.0,0.744,0.000223,0.000207,1.6e-05,0.004104,7.4e-05,0.001802,0.008335
fiqa,q_fiqa_000306,greedy_fas_weighted_balance,qrels_flip,synthetic corruption: qrels-derived edges with flip_prob=0.15,20,125,0.328947,4,17,True,1,17,61.0,39,38.0,16.0,22,10,20,ndcg_at_k,39.0,23,0.642105,0.74359,0.973868,0.938095,0.45,1.0,0.928,0.000223,0.000207,1.6e-05,0.004104,4e-05,0.001802,0.008335
fiqa,q_fiqa_000306,greedy_fas_copeland,qrels_flip,synthetic corruption: qrels-derived edges with flip_prob=0.15,20,125,0.328947,4,17,True,1,17,61.0,39,38.0,16.0,22,10,20,ndcg_at_k,42.0,26,0.536842,0.512821,0.821777,0.910675,0.45,1.0,0.84,0.000223,0.000207,1.6e-05,0.004104,2.7e-05,0.001802,0.008335
fiqa,q_fiqa_000306,greedy_fas_score_augmented_topological,qrels_flip,synthetic corruption: qrels-derived edges with flip_prob=0.15,20,125,0.328947,4,17,True,1,17,61.0,39,38.0,16.0,22,10,20,ndcg_at_k,39.0,23,0.294737,0.564103,0.780001,0.806298,0.45,1.0,0.784,0.000223,0.000207,1.6e-05,0.004104,4.6e-05,0.001802,0.008335
fiqa,q_fiqa_000306,fas_balance_score_prior_alpha_beta,qrels_flip,synthetic corruption: qrels-derived edges with flip_prob=0.15,20,125,0.328947,4,17,True,1,17,61.0,39,38.0,16.0,22,10,20,ndcg_at_k,36.0,20,0.694737,0.794872,0.984352,0.967452,0.45,1.0,0.968,0.000223,0.000207,1.6e-05,0.004104,5.8e-05,0.001802,0.008335
fiqa,q_fiqa_000306,hybrid_rrf_fas_regularized,qrels_flip,synthetic corruption: qrels-derived edges with flip_prob=0.15,20,125,0.328947,4,17,True,1,17,61.0,39,38.0,16.0,22,10,20,ndcg_at_k,39.0,23,0.642105,0.74359,0.973868,0.938095,0.45,1.0,0.928,0.000223,0.000207,1.6e-05,0.004104,5.2e-05,0.001802,0.008335
fiqa,q_fiqa_000306,hybrid_rrf_balance_a05,qrels_flip,synthetic corruption: qrels-derived edges with flip_prob=0.15,20,125,0.328947,4,17,True,1,17,61.0,39,38.0,16.0,22,10,20,ndcg_at_k,39.0,23,0.642105,0.74359,0.973868,0.938095,0.45,1.0,0.928,0.000223,0.000207,1.6e-05,0.004104,4.4e-05,0.001802,0.008335
fiqa,q_fiqa_000306,hybrid_rrf_copeland_a03,qrels_flip,synthetic corruption: qrels-derived edges with flip_prob=0.15,20,125,0.328947,4,17,True,1,17,61.0,39,38.0,16.0,22,10,20,ndcg_at_k,42.0,26,0.536842,0.512821,0.821777,0.910675,0.45,1.0,0.84,0.000223,0.000207,1.6e-05,0.004104,3.4e-05,0.001802,0.008335
fiqa,q_fiqa_000306,hybrid_rrf_priority_topo_a03,qrels_flip,synthetic corruption: qrels-derived edges with flip_prob=0.15,20,125,0.328947,4,17,True,1,17,61.0,39,38.0,16.0,22,10,20,ndcg_at_k,44.0,25,0.410526,0.538462,0.874615,0.785086,0.45,1.0,0.784,0.000223,0.000207,1.6e-05,0.004104,8.1e-05,0.001802,0.008335
fiqa,q_fiqa_000335,score_sum,qrels_flip,synthetic corruption: qrels-derived edges with flip_prob=0.15,20,117,0.307895,4,17,True,1,17,43.0,32,34.0,21.0,18,10,20,ndcg_at_k,34.0,18,0.463158,0.854545,1.0,1.0,0.4,1.0,1.0,0.000223,0.00018,1.5e-05,0.002986,4.1e-05,0.001634,0.007156
fiqa,q_fiqa_000335,borda,qrels_flip,synthetic corruption: qrels-derived edges with flip_prob=0.15,20,117,0.307895,4,17,True,1,17,43.0,32,34.0,21.0,18,10,20,ndcg_at_k,36.0,20,0.484211,0.818182,0.995731,1.0,0.4,1.0,0.982906,0.000223,0.00018,1.5e-05,0.002986,1.9e-05,0.001634,0.007156
fiqa,q_fiqa_000335,pagerank,qrels_flip,synthetic corruption: qrels-derived edges with flip_prob=0.15,20,117,0.307895,4,17,True,1,17,43.0,32,34.0,21.0,18,10,20,ndcg_at_k,44.0,25,0.273684,0.636364,0.759639,0.711645,0.4,1.0,0.854701,0.000223,0.00018,1.5e-05,0.002986,0.001625,0.001634,0.007156
fiqa,q_fiqa_000335,greedy_fas_topological,qrels_flip,synthetic corruption: qrels-derived edges with flip_prob=0.15,20,117,0.307895,4,17,True,1,17,43.0,32,34.0,21.0,18,10,20,ndcg_at_k,36.0,25,0.147368,0.236364,0.735545,0.81805,0.4,1.0,0.769231,0.000223,0.00018,1.5e-05,0.002986,6.4e-05,0.001634,0.007156
fiqa,q_fiqa_000335,greedy_fas_weighted_balance,qrels_flip,synthetic corruption: qrels-derived edges with flip_prob=0.15,20,117,0.307895,4,17,True,1,17,43.0,32,34.0,21.0,18,10,20,ndcg_at_k,38.0,22,0.442105,0.672727,0.969109,0.986111,0.4,1.0,0.965812,0.000223,0.00018,1.5e-05,0.002986,3.9e-05,0.001634,0.007156
fiqa,q_fiqa_000335,greedy_fas_copeland,qrels_flip,synthetic corruption: qrels-derived edges with flip_prob=0.15,20,117,0.307895,4,17,True,1,17,43.0,32,34.0,21.0,18,10,20,ndcg_at_k,41.0,24,0.357895,0.454545,0.789672,0.986111,0.4,1.0,0.91453,0.000223,0.00018,1.5e-05,0.002986,2.6e-05,0.001634,0.007156
fiqa,q_fiqa_000335,greedy_fas_score_augmented_topological,qrels_flip,synthetic corruption: qrels-derived edges with flip_prob=0.15,20,117,0.307895,4,17,True,1,17,43.0,32,34.0,21.0,18,10,20,ndcg_at_k,37.0,26,0.063158,0.2,0.729123,0.81805,0.4,1.0,0.760684,0.000223,0.00018,1.5e-05,0.002986,4.1e-05,0.001634,0.007156
fiqa,q_fiqa_000335,fas_balance_score_prior_alpha_beta,qrels_flip,synthetic corruption: qrels-derived edges with flip_prob=0.15,20,117,0.307895,4,17,True,1,17,43.0,32,34.0,21.0,18,10,20,ndcg_at_k,35.0,19,0.463158,0.818182,0.999244,0.986111,0.4,1.0,0.991453,0.000223,0.00018,1.5e-05,0.002986,6.1e-05,0.001634,0.007156
fiqa,q_fiqa_000335,hybrid_rrf_fas_regularized,qrels_flip,synthetic corruption: qrels-derived edges with flip_prob=0.15,20,117,0.307895,4,17,True,1,17,43.0,32,34.0,21.0,18,10,20,ndcg_at_k,38.0,22,0.442105,0.672727,0.969109,0.986111,0.4,1.0,0.965812,0.000223,0.00018,1.5e-05,0.002986,4.8e-05,0.001634,0.007156
fiqa,q_fiqa_000335,hybrid_rrf_balance_a05,qrels_flip,synthetic corruption: qrels-derived edges with flip_prob=0.15,20,117,0.307895,4,17,True,1,17,43.0,32,34.0,21.0,18,10,20,ndcg_at_k,38.0,22,0.442105,0.672727,0.969109,0.986111,0.4,1.0,0.965812,0.000223,0.00018,1.5e-05,0.002986,4.3e-05,0.001634,0.007156
fiqa,q_fiqa_000335,hybrid_rrf_copeland_a03,qrels_flip,synthetic corruption: qrels-derived edges with flip_prob=0.15,20,117,0.307895,4,17,True,1,17,43.0,32,34.0,21.0,18,10,20,ndcg_at_k,41.0,24,0.357895,0.454545,0.789672,0.986111,0.4,1.0,0.91453,0.000223,0.00018,1.5e-05,0.002986,3.3e-05,0.001634,0.007156
fiqa,q_fiqa_000335,hybrid_rrf_priority_topo_a03,qrels_flip,synthetic corruption: qrels-derived edges with flip_prob=0.15,20,117,0.307895,4,17,True,1,17,43.0,32,34.0,21.0,18,10,20,ndcg_at_k,30.0,21,0.178947,0.272727,0.739584,0.837284,0.4,1.0,0.803419,0.000223,0.00018,1.5e-05,0.002986,7.8e-05,0.001634,0.007156
fiqa,q_fiqa_000106,score_sum,qrels_flip,synthetic corruption: qrels-derived edges with flip_prob=0.15,20,105,0.276316,5,16,True,1,16,40.0,25,40.0,14.0,18,7,20,ndcg_at_k,40.0,18,0.621053,0.854545,1.0,1.0,0.35,1.0,1.0,0.000194,0.000182,1.6e-05,0.002314,3.6e-05,0.00166,0.007349
fiqa,q_fiqa_000106,borda,qrels_flip,synthetic corruption: qrels-derived edges with flip_prob=0.15,20,105,0.276316,5,16,True,1,16,40.0,25,40.0,14.0,18,7,20,ndcg_at_k,40.0,18,0.610526,0.672727,0.950128,1.0,0.35,1.0,0.961905,0.000194,0.000182,1.6e-05,0.002314,1.7e-05,0.00166,0.007349
fiqa,q_fiqa_000106,pagerank,qrels_flip,synthetic corruption: qrels-derived edges with flip_prob=0.15,20,105,0.276316,5,16,True,1,16,40.0,25,40.0,14.0,18,7,20,ndcg_at_k,44.0,22,0.452632,0.781818,0.900292,0.745238,0.35,1.0,0.866667,0.000194,0.000182,1.6e-05,0.002314,0.002499,0.00166,0.007349
fiqa,q_fiqa_000106,greedy_fas_topological,qrels_flip,synthetic corruption: qrels-derived edges with flip_prob=0.15,20,105,0.276316,5,16,True,1,16,40.0,25,40.0,14.0,18,7,20,ndcg_at_k,33.0,20,0.442105,0.563636,0.90375,0.819643,0.35,1.0,0.828571,0.000194,0.000182,1.6e-05,0.002314,6.8e-05,0.00166,0.007349
fiqa,q_fiqa_000106,greedy_fas_weighted_balance,qrels_flip,synthetic corruption: qrels-derived edges with flip_prob=0.15,20,105,0.276316,5,16,True,1,16,40.0,25,40.0,14.0,18,7,20,ndcg_at_k,41.0,19,0.589474,0.818182,0.999128,0.982143,0.35,1.0,0.990476,0.000194,0.000182,1.6e-05,0.002314,4e-05,0.00166,0.007349
fiqa,q_fiqa_000106,greedy_fas_copeland,qrels_flip,synthetic corruption: qrels-derived edges with flip_prob=0.15,20,105,0.276316,5,16,True,1,16,40.0,25,40.0,14.0,18,7,20,ndcg_at_k,44.0,22,0.589474,0.709091,0.971062,0.982143,0.35,1.0,0.961905,0.000194,0.000182,1.6e-05,0.002314,2.7e-05,0.00166,0.007349
fiqa,q_fiqa_000106,greedy_fas_score_augmented_topological,qrels_flip,synthetic corruption: qrels-derived edges with flip_prob=0.15,20,105,0.276316,5,16,True,1,16,40.0,25,40.0,14.0,18,7,20,ndcg_at_k,36.0,21,0.273684,0.672727,0.908681,0.831548,0.35,1.0,0.838095,0.000194,0.000182,1.6e-05,0.002314,4.5e-05,0.00166,0.007349
fiqa,q_fiqa_000106,fas_balance_score_prior_alpha_beta,qrels_flip,synthetic corruption: qrels-derived edges with flip_prob=0.15,20,105,0.276316,5,16,True,1,16,40.0,25,40.0,14.0,18,7,20,ndcg_at_k,41.0,19,0.610526,0.818182,0.999128,0.982143,0.35,1.0,0.990476,0.000194,0.000182,1.6e-05,0.002314,5.3e-05,0.00166,0.007349
fiqa,q_fiqa_000106,hybrid_rrf_fas_regularized,qrels_flip,synthetic corruption: qrels-derived edges with flip_prob=0.15,20,105,0.276316,5,16,True,1,16,40.0,25,40.0,14.0,18,7,20,ndcg_at_k,41.0,19,0.589474,0.818182,0.999128,0.982143,0.35,1.0,0.990476,0.000194,0.000182,1.6e-05,0.002314,4.7e-05,0.00166,0.007349
fiqa,q_fiqa_000106,hybrid_rrf_balance_a05,qrels_flip,synthetic corruption: qrels-derived edges with flip_prob=0.15,20,105,0.276316,5,16,True,1,16,40.0,25,40.0,14.0,18,7,20,ndcg_at_k,41.0,19,0.589474,0.818182,0.999128,0.982143,0.35,1.0,0.990476,0.000194,0.000182,1.6e-05,0.002314,4.2e-05,0.00166,0.007349
fiqa,q_fiqa_000106,hybrid_rrf_copeland_a03,qrels_flip,synthetic corruption: qrels-derived edges with flip_prob=0.15,20,105,0.276316,5,16,True,1,16,40.0,25,40.0,14.0,18,7,20,ndcg_at_k,44.0,22,0.589474,0.709091,0.971062,0.982143,0.35,1.0,0.961905,0.000194,0.000182,1.6e-05,0.002314,3.3e-05,0.00166,0.007349
fiqa,q_fiqa_000106,hybrid_rrf_priority_topo_a03,qrels_flip,synthetic corruption: qrels-derived edges with flip_prob=0.15,20,105,0.276316,5,16,True,1,16,40.0,25,40.0,14.0,18,7,20,ndcg_at_k,35.0,20,0.336842,0.709091,0.934236,0.831548,0.35,1.0,0.847619,0.000194,0.000182,1.6e-05,0.002314,7.6e-05,0.00166,0.007349
fiqa,q_fiqa_000503,score_sum,qrels_flip,synthetic corruption: qrels-derived edges with flip_prob=0.15,20,116,0.305263,4,17,True,1,17,40.0,27,33.0,22.0,15,9,20,ndcg_at_k,33.0,15,0.736842,0.709091,1.0,1.0,0.4,1.0,1.0,0.00021,0.000176,1.6e-05,0.002513,4e-05,0.001666,0.006645
fiqa,q_fiqa_000503,borda,qrels_flip,synthetic corruption: qrels-derived edges with flip_prob=0.15,20,116,0.305263,4,17,True,1,17,40.0,27,33.0,22.0,15,9,20,ndcg_at_k,35.0,17,0.778947,0.709091,0.978251,1.0,0.4,1.0,0.982759,0.00021,0.000176,1.6e-05,0.002513,1.9e-05,0.001666,0.006645
fiqa,q_fiqa_000503,pagerank,qrels_flip,synthetic corruption: qrels-derived edges with flip_prob=0.15,20,116,0.305263,4,17,True,1,17,40.0,27,33.0,22.0,15,9,20,ndcg_at_k,44.0,26,0.547368,0.418182,0.845416,0.841567,0.4,1.0,0.853448,0.00021,0.000176,1.6e-05,0.002513,0.001543,0.001666,0.006645
fiqa,q_fiqa_000503,greedy_fas_topological,qrels_flip,synthetic corruption: qrels-derived edges with flip_prob=0.15,20,116,0.305263,4,17,True,1,17,40.0,27,33.0,22.0,15,9,20,ndcg_at_k,38.0,25,0.389474,0.2,0.848024,0.799048,0.4,1.0,0.758621,0.00021,0.000176,1.6e-05,0.002513,6.7e-05,0.001666,0.006645
fiqa,q_fiqa_000503,greedy_fas_weighted_balance,qrels_flip,synthetic corruption: qrels-derived edges with flip_prob=0.15,20,116,0.305263,4,17,True,1,17,40.0,27,33.0,22.0,15,9,20,ndcg_at_k,37.0,19,0.705263,0.636364,0.984417,0.975,0.4,1.0,0.965517,0.00021,0.000176,1.6e-05,0.002513,4.2e-05,0.001666,0.006645
fiqa,q_fiqa_000503,greedy_fas_copeland,qrels_flip,synthetic corruption: qrels-derived edges with flip_prob=0.15,20,116,0.305263,4,17,True,1,17,40.0,27,33.0,22.0,15,9,20,ndcg_at_k,45.0,25,0.642105,0.418182,0.917856,0.975,0.4,1.0,0.913793,0.00021,0.000176,1.6e-05,0.002513,2.7e-05,0.001666,0.006645
fiqa,q_fiqa_000503,greedy_fas_score_augmented_topological,qrels_flip,synthetic corruption: qrels-derived edges with flip_prob=0.15,20,116,0.305263,4,17,True,1,17,40.0,27,33.0,22.0,15,9,20,ndcg_at_k,38.0,25,0.347368,0.2,0.848024,0.799048,0.4,1.0,0.758621,0.00021,0.000176,1.6e-05,0.002513,4.2e-05,0.001666,0.006645
fiqa,q_fiqa_000503,fas_balance_score_prior_alpha_beta,qrels_flip,synthetic corruption: qrels-derived edges with flip_prob=0.15,20,116,0.305263,4,17,True,1,17,40.0,27,33.0,22.0,15,9,20,ndcg_at_k,35.0,17,0.726316,0.672727,0.990882,0.986111,0.4,1.0,0.982759,0.00021,0.000176,1.6e-05,0.002513,5.9e-05,0.001666,0.006645
fiqa,q_fiqa_000503,hybrid_rrf_fas_regularized,qrels_flip,synthetic corruption: qrels-derived edges with flip_prob=0.15,20,116,0.305263,4,17,True,1,17,40.0,27,33.0,22.0,15,9,20,ndcg_at_k,37.0,19,0.705263,0.636364,0.984417,0.975,0.4,1.0,0.965517,0.00021,0.000176,1.6e-05,0.002513,5e-05,0.001666,0.006645
fiqa,q_fiqa_000503,hybrid_rrf_balance_a05,qrels_flip,synthetic corruption: qrels-derived edges with flip_prob=0.15,20,116,0.305263,4,17,True,1,17,40.0,27,33.0,22.0,15,9,20,ndcg_at_k,37.0,19,0.705263,0.636364,0.984417,0.975,0.4,1.0,0.965517,0.00021,0.000176,1.6e-05,0.002513,6.2e-05,0.001666,0.006645
fiqa,q_fiqa_000503,hybrid_rrf_copeland_a03,qrels_flip,synthetic corruption: qrels-derived edges with flip_prob=0.15,20,116,0.305263,4,17,True,1,17,40.0,27,33.0,22.0,15,9,20,ndcg_at_k,45.0,25,0.642105,0.418182,0.917856,0.975,0.4,1.0,0.913793,0.00021,0.000176,1.6e-05,0.002513,3.3e-05,0.001666,0.006645
fiqa,q_fiqa_000503,hybrid_rrf_priority_topo_a03,qrels_flip,synthetic corruption: qrels-derived edges with flip_prob=0.15,20,116,0.305263,4,17,True,1,17,40.0,27,33.0,22.0,15,9,20,ndcg_at_k,37.0,24,0.389474,0.236364,0.848257,0.802724,0.4,1.0,0.767241,0.00021,0.000176,1.6e-05,0.002513,8e-05,0.001666,0.006645
fiqa,q_fiqa_000002,score_sum,qrels_flip,synthetic corruption: qrels-derived edges with flip_prob=0.15,20,131,0.344737,4,17,True,1,17,45.0,42,21.0,10.0,13,5,20,ndcg_at_k,21.0,13,0.736842,0.794872,1.0,1.0,0.5,1.0,1.0,0.000224,0.000178,2e-05,0.003055,5.4e-05,0.001855,0.007494
fiqa,q_fiqa_000002,borda,qrels_flip,synthetic corruption: qrels-derived edges with flip_prob=0.15,20,131,0.344737,4,17,True,1,17,45.0,42,21.0,10.0,13,5,20,ndcg_at_k,23.0,15,0.778947,0.74359,0.952782,1.0,0.5,1.0,0.984733,0.000224,0.000178,2e-05,0.003055,1.9e-05,0.001855,0.007494
fiqa,q_fiqa_000002,pagerank,qrels_flip,synthetic corruption: qrels-derived edges with flip_prob=0.15,20,131,0.344737,4,17,True,1,17,45.0,42,21.0,10.0,13,5,20,ndcg_at_k,39.0,29,0.463158,0.769231,0.980459,0.844866,0.5,1.0,0.877863,0.000224,0.000178,2e-05,0.003055,0.001607,0.001855,0.007494
fiqa,q_fiqa_000002,greedy_fas_topological,qrels_flip,synthetic corruption: qrels-derived edges with flip_prob=0.15,20,131,0.344737,4,17,True,1,17,45.0,42,21.0,10.0,13,5,20,ndcg_at_k,32.0,29,0.389474,0.589744,0.904566,0.841275,0.5,1.0,0.801527,0.000224,0.000178,2e-05,0.003055,7.1e-05,0.001855,0.007494
fiqa,q_fiqa_000002,greedy_fas_weighted_balance,qrels_flip,synthetic corruption: qrels-derived edges with flip_prob=0.15,20,131,0.344737,4,17,True,1,17,45.0,42,21.0,10.0,13,5,20,ndcg_at_k,23.0,15,0.652632,0.74359,0.952782,1.0,0.5,1.0,0.984733,0.000224,0.000178,2e-05,0.003055,4.2e-05,0.001855,0.007494
fiqa,q_fiqa_000002,greedy_fas_copeland,qrels_flip,synthetic corruption: qrels-derived edges with flip_prob=0.15,20,131,0.344737,4,17,True,1,17,45.0,42,21.0,10.0,13,5,20,ndcg_at_k,32.0,24,0.578947,0.666667,0.935585,0.907341,0.5,1.0,0.885496,0.000224,0.000178,2e-05,0.003055,2.6e-05,0.001855,0.007494
fiqa,q_fiqa_000002,greedy_fas_score_augmented_topological,qrels_flip,synthetic corruption: qrels-derived edges with flip_prob=0.15,20,131,0.344737,4,17,True,1,17,45.0,42,21.0,10.0,13,5,20,ndcg_at_k,28.0,25,0.273684,0.666667,0.900615,0.856457,0.5,1.0,0.832061,0.000224,0.000178,2e-05,0.003055,4.8e-05,0.001855,0.007494
fiqa,q_fiqa_000002,fas_balance_score_prior_alpha_beta,qrels_flip,synthetic corruption: qrels-derived edges with flip_prob=0.15,20,131,0.344737,4,17,True,1,17,45.0,42,21.0,10.0,13,5,20,ndcg_at_k,21.0,13,0.673684,0.794872,1.0,1.0,0.5,1.0,1.0,0.000224,0.000178,2e-05,0.003055,6e-05,0.001855,0.007494
fiqa,q_fiqa_000002,hybrid_rrf_fas_regularized,qrels_flip,synthetic corruption: qrels-derived edges with flip_prob=0.15,20,131,0.344737,4,17,True,1,17,45.0,42,21.0,10.0,13,5,20,ndcg_at_k,23.0,15,0.652632,0.74359,0.952782,1.0,0.5,1.0,0.984733,0.000224,0.000178,2e-05,0.003055,6.8e-05,0.001855,0.007494
fiqa,q_fiqa_000002,hybrid_rrf_balance_a05,qrels_flip,synthetic corruption: qrels-derived edges with flip_prob=0.15,20,131,0.344737,4,17,True,1,17,45.0,42,21.0,10.0,13,5,20,ndcg_at_k,23.0,15,0.652632,0.74359,0.952782,1.0,0.5,1.0,0.984733,0.000224,0.000178,2e-05,0.003055,4.7e-05,0.001855,0.007494
fiqa,q_fiqa_000002,hybrid_rrf_copeland_a03,qrels_flip,synthetic corruption: qrels-derived edges with flip_prob=0.15,20,131,0.344737,4,17,True,1,17,45.0,42,21.0,10.0,13,5,20,ndcg_at_k,32.0,24,0.578947,0.666667,0.935585,0.907341,0.5,1.0,0.885496,0.000224,0.000178,2e-05,0.003055,3.4e-05,0.001855,0.007494
fiqa,q_fiqa_000002,hybrid_rrf_priority_topo_a03,qrels_flip,synthetic corruption: qrels-derived edges with flip_prob=0.15,20,131,0.344737,4,17,True,1,17,45.0,42,21.0,10.0,13,5,20,ndcg_at_k,24.0,21,0.389474,0.717949,0.907124,0.873437,0.5,1.0,0.862595,0.000224,0.000178,2e-05,0.003055,8.6e-05,0.001855,0.007494
fiqa,q_fiqa_000506,score_sum,qrels_flip,synthetic corruption: qrels-derived edges with flip_prob=0.15,20,125,0.328947,2,19,True,1,19,75.0,51,45.0,20.0,20,9,20,ndcg_at_k,45.0,20,0.6,0.974359,1.0,1.0,0.45,1.0,1.0,0.000221,0.000178,1.9e-05,0.00403,4.2e-05,0.001831,0.008422
fiqa,q_fiqa_000506,borda,qrels_flip,synthetic corruption: qrels-derived edges with flip_prob=0.15,20,125,0.328947,2,19,True,1,19,75.0,51,45.0,20.0,20,9,20,ndcg_at_k,49.0,23,0.589474,0.871795,0.980819,1.0,0.45,1.0,0.976,0.000221,0.000178,1.9e-05,0.00403,1.8e-05,0.001831,0.008422
fiqa,q_fiqa_000506,pagerank,qrels_flip,synthetic corruption: qrels-derived edges with flip_prob=0.15,20,125,0.328947,2,19,True,1,19,75.0,51,45.0,20.0,20,9,20,ndcg_at_k,59.0,34,0.463158,0.794872,0.979123,0.846627,0.45,1.0,0.856,0.000221,0.000178,1.9e-05,0.00403,0.00164,0.001831,0.008422
fiqa,q_fiqa_000506,greedy_fas_topological,qrels_flip,synthetic corruption: qrels-derived edges with flip_prob=0.15,20,125,0.328947,2,19,True,1,19,75.0,51,45.0,20.0,20,9,20,ndcg_at_k,65.0,41,0.242105,0.307692,0.798721,0.710395,0.45,1.0,0.672,0.000221,0.000178,1.9e-05,0.00403,8.3e-05,0.001831,0.008422
fiqa,q_fiqa_000506,greedy_fas_weighted_balance,qrels_flip,synthetic corruption: qrels-derived edges with flip_prob=0.15,20,125,0.328947,2,19,True,1,19,75.0,51,45.0,20.0,20,9,20,ndcg_at_k,55.0,30,0.515789,0.74359,0.981122,0.915278,0.45,1.0,0.904,0.000221,0.000178,1.9e-05,0.00403,4.1e-05,0.001831,0.008422
fiqa,q_fiqa_000506,greedy_fas_copeland,qrels_flip,synthetic corruption: qrels-derived edges with flip_prob=0.15,20,125,0.328947,2,19,True,1,19,75.0,51,45.0,20.0,20,9,20,ndcg_at_k,57.0,32,0.452632,0.615385,0.933956,0.900253,0.45,1.0,0.856,0.000221,0.000178,1.9e-05,0.00403,2.6e-05,0.001831,0.008422
fiqa,q_fiqa_000506,greedy_fas_score_augmented_topological,qrels_flip,synthetic corruption: qrels-derived edges with flip_prob=0.15,20,125,0.328947,2,19,True,1,19,75.0,51,45.0,20.0,20,9,20,ndcg_at_k,67.0,43,0.168421,0.333333,0.798239,0.703423,0.45,1.0,0.656,0.000221,0.000178,1.9e-05,0.00403,4.1e-05,0.001831,0.008422
fiqa,q_fiqa_000506,fas_balance_score_prior_alpha_beta,qrels_flip,synthetic corruption: qrels-derived edges with flip_prob=0.15,20,125,0.328947,2,19,True,1,19,75.0,51,45.0,20.0,20,9,20,ndcg_at_k,48.0,23,0.578947,0.846154,0.998541,0.972222,0.45,1.0,0.976,0.000221,0.000178,1.9e-05,0.00403,5.7e-05,0.001831,0.008422
fiqa,q_fiqa_000506,hybrid_rrf_fas_regularized,qrels_flip,synthetic corruption: qrels-derived edges with flip_prob=0.15,20,125,0.328947,2,19,True,1,19,75.0,51,45.0,20.0,20,9,20,ndcg_at_k,55.0,30,0.515789,0.74359,0.981122,0.915278,0.45,1.0,0.904,0.000221,0.000178,1.9e-05,0.00403,4.8e-05,0.001831,0.008422
fiqa,q_fiqa_000506,hybrid_rrf_balance_a05,qrels_flip,synthetic corruption: qrels-derived edges with flip_prob=0.15,20,125,0.328947,2,19,True,1,19,75.0,51,45.0,20.0,20,9,20,ndcg_at_k,55.0,30,0.515789,0.74359,0.981122,0.915278,0.45,1.0,0.904,0.000221,0.000178,1.9e-05,0.00403,4.2e-05,0.001831,0.008422
fiqa,q_fiqa_000506,hybrid_rrf_copeland_a03,qrels_flip,synthetic corruption: qrels-derived edges with flip_prob=0.15,20,125,0.328947,2,19,True,1,19,75.0,51,45.0,20.0,20,9,20,ndcg_at_k,57.0,32,0.452632,0.615385,0.933956,0.900253,0.45,1.0,0.856,0.000221,0.000178,1.9e-05,0.00403,3.2e-05,0.001831,0.008422
fiqa,q_fiqa_000506,hybrid_rrf_priority_topo_a03,qrels_flip,synthetic corruption: qrels-derived edges with flip_prob=0.15,20,125,0.328947,2,19,True,1,19,75.0,51,45.0,20.0,20,9,20,ndcg_at_k,58.0,36,0.273684,0.512821,0.896577,0.723175,0.45,1.0,0.712,0.000221,0.000178,1.9e-05,0.00403,7.3e-05,0.001831,0.008422
fiqa,q_fiqa_000162,score_sum,qrels_flip,synthetic corruption: qrels-derived edges with flip_prob=0.15,20,113,0.297368,3,18,True,1,18,27.0,27,28.0,25.0,21,18,20,ndcg_at_k,28.0,21,0.6,0.794872,1.0,1.0,0.4,1.0,1.0,0.000207,0.000166,1.6e-05,0.002073,3.9e-05,0.001732,0.006233
fiqa,q_fiqa_000162,borda,qrels_flip,synthetic corruption: qrels-derived edges with flip_prob=0.15,20,113,0.297368,3,18,True,1,18,27.0,27,28.0,25.0,21,18,20,ndcg_at_k,28.0,21,0.673684,0.74359,0.836271,1.0,0.4,1.0,0.982301,0.000207,0.000166,1.6e-05,0.002073,1.9e-05,0.001732,0.006233
fiqa,q_fiqa_000162,pagerank,qrels_flip,synthetic corruption: qrels-derived edges with flip_prob=0.15,20,113,0.297368,3,18,True,1,18,27.0,27,28.0,25.0,21,18,20,ndcg_at_k,30.0,23,0.442105,0.794872,0.98851,0.881629,0.4,1.0,0.911504,0.000207,0.000166,1.6e-05,0.002073,0.00153,0.001732,0.006233
fiqa,q_fiqa_000162,greedy_fas_topological,qrels_flip,synthetic corruption: qrels-derived edges with flip_prob=0.15,20,113,0.297368,3,18,True,1,18,27.0,27,28.0,25.0,21,18,20,ndcg_at_k,27.0,27,0.126316,0.230769,0.705608,0.612326,0.4,1.0,0.628319,0.000207,0.000166,1.6e-05,0.002073,8.5e-05,0.001732,0.006233
fiqa,q_fiqa_000162,greedy_fas_weighted_balance,qrels_flip,synthetic corruption: qrels-derived edges with flip_prob=0.15,20,113,0.297368,3,18,True,1,18,27.0,27,28.0,25.0,21,18,20,ndcg_at_k,37.0,30,0.463158,0.589744,0.820759,0.851028,0.4,1.0,0.884956,0.000207,0.000166,1.6e-05,0.002073,4.2e-05,0.001732,0.006233
fiqa,q_fiqa_000162,greedy_fas_copeland,qrels_flip,synthetic corruption: qrels-derived edges with flip_prob=0.15,20,113,0.297368,3,18,True,1,18,27.0,27,28.0,25.0,21,18,20,ndcg_at_k,38.0,31,0.378947,0.487179,0.815579,0.800641,0.4,1.0,0.80531,0.000207,0.000166,1.6e-05,0.002073,2.5e-05,0.001732,0.006233
fiqa,q_fiqa_000162,greedy_fas_score_augmented_topological,qrels_flip,synthetic corruption: qrels-derived edges with flip_prob=0.15,20,113,0.297368,3,18,True,1,18,27.0,27,28.0,25.0,21,18,20,ndcg_at_k,27.0,27,0.094737,0.205128,0.705608,0.612326,0.4,1.0,0.628319,0.000207,0.000166,1.6e-05,0.002073,4e-05,0.001732,0.006233
fiqa,q_fiqa_000162,fas_balance_score_prior_alpha_beta,qrels_flip,synthetic corruption: qrels-derived edges with flip_prob=0.15,20,113,0.297368,3,18,True,1,18,27.0,27,28.0,25.0,21,18,20,ndcg_at_k,30.0,23,0.526316,0.641026,0.830775,0.941518,0.4,1.0,0.946903,0.000207,0.000166,1.6e-05,0.002073,5.7e-05,0.001732,0.006233
fiqa,q_fiqa_000162,hybrid_rrf_fas_regularized,qrels_flip,synthetic corruption: qrels-derived edges with flip_prob=0.15,20,113,0.297368,3,18,True,1,18,27.0,27,28.0,25.0,21,18,20,ndcg_at_k,37.0,30,0.463158,0.589744,0.820759,0.851028,0.4,1.0,0.884956,0.000207,0.000166,1.6e-05,0.002073,4.9e-05,0.001732,0.006233
fiqa,q_fiqa_000162,hybrid_rrf_balance_a05,qrels_flip,synthetic corruption: qrels-derived edges with flip_prob=0.15,20,113,0.297368,3,18,True,1,18,27.0,27,28.0,25.0,21,18,20,ndcg_at_k,37.0,30,0.463158,0.589744,0.820759,0.851028,0.4,1.0,0.884956,0.000207,0.000166,1.6e-05,0.002073,4.3e-05,0.001732,0.006233
fiqa,q_fiqa_000162,hybrid_rrf_copeland_a03,qrels_flip,synthetic corruption: qrels-derived edges with flip_prob=0.15,20,113,0.297368,3,18,True,1,18,27.0,27,28.0,25.0,21,18,20,ndcg_at_k,38.0,31,0.378947,0.487179,0.815579,0.800641,0.4,1.0,0.80531,0.000207,0.000166,1.6e-05,0.002073,3.3e-05,0.001732,0.006233
fiqa,q_fiqa_000162,hybrid_rrf_priority_topo_a03,qrels_flip,synthetic corruption: qrels-derived edges with flip_prob=0.15,20,113,0.297368,3,18,True,1,18,27.0,27,28.0,25.0,21,18,20,ndcg_at_k,27.0,27,0.115789,0.230769,0.705608,0.612326,0.4,1.0,0.628319,0.000207,0.000166,1.6e-05,0.002073,7.7e-05,0.001732,0.006233
fiqa,q_fiqa_000319,score_sum,qrels_flip,synthetic corruption: qrels-derived edges with flip_prob=0.15,20,125,0.328947,3,18,True,1,18,58.0,46,33.0,26.0,16,12,20,ndcg_at_k,33.0,16,0.736842,0.709091,1.0,1.0,0.45,1.0,1.0,0.00022,0.000184,1.6e-05,0.003589,4.2e-05,0.001741,0.007718
fiqa,q_fiqa_000319,borda,qrels_flip,synthetic corruption: qrels-derived edges with flip_prob=0.15,20,125,0.328947,3,18,True,1,18,58.0,46,33.0,26.0,16,12,20,ndcg_at_k,34.0,17,0.768421,0.636364,0.97942,1.0,0.45,1.0,0.976,0.00022,0.000184,1.6e-05,0.003589,1.8e-05,0.001741,0.007718
fiqa,q_fiqa_000319,pagerank,qrels_flip,synthetic corruption: qrels-derived edges with flip_prob=0.15,20,125,0.328947,3,18,True,1,18,58.0,46,33.0,26.0,16,12,20,ndcg_at_k,54.0,36,0.4,0.345455,0.966281,0.745591,0.45,1.0,0.792,0.00022,0.000184,1.6e-05,0.003589,0.001478,0.001741,0.007718
fiqa,q_fiqa_000319,greedy_fas_topological,qrels_flip,synthetic corruption: qrels-derived edges with flip_prob=0.15,20,125,0.328947,3,18,True,1,18,58.0,46,33.0,26.0,16,12,20,ndcg_at_k,50.0,38,0.178947,0.127273,0.695193,0.572952,0.45,1.0,0.632,0.00022,0.000184,1.6e-05,0.003589,7.1e-05,0.001741,0.007718
fiqa,q_fiqa_000319,greedy_fas_weighted_balance,qrels_flip,synthetic corruption: qrels-derived edges with flip_prob=0.15,20,125,0.328947,3,18,True,1,18,58.0,46,33.0,26.0,16,12,20,ndcg_at_k,51.0,34,0.484211,0.454545,0.945533,0.834249,0.45,1.0,0.84,0.00022,0.000184,1.6e-05,0.003589,4e-05,0.001741,0.007718
fiqa,q_fiqa_000319,greedy_fas_copeland,qrels_flip,synthetic corruption: qrels-derived edges with flip_prob=0.15,20,125,0.328947,3,18,True,1,18,58.0,46,33.0,26.0,16,12,20,ndcg_at_k,50.0,33,0.515789,0.454545,0.869118,0.866524,0.45,1.0,0.848,0.00022,0.000184,1.6e-05,0.003589,2.6e-05,0.001741,0.007718
fiqa,q_fiqa_000319,greedy_fas_score_augmented_topological,qrels_flip,synthetic corruption: qrels-derived edges with flip_prob=0.15,20,125,0.328947,3,18,True,1,18,58.0,46,33.0,26.0,16,12,20,ndcg_at_k,53.0,41,0.136842,0.090909,0.691757,0.563628,0.45,1.0,0.608,0.00022,0.000184,1.6e-05,0.003589,3.9e-05,0.001741,0.007718
fiqa,q_fiqa_000319,fas_balance_score_prior_alpha_beta,qrels_flip,synthetic corruption: qrels-derived edges with flip_prob=0.15,20,125,0.328947,3,18,True,1,18,58.0,46,33.0,26.0,16,12,20,ndcg_at_k,37.0,20,0.652632,0.636364,0.995222,0.927814,0.45,1.0,0.952,0.00022,0.000184,1.6e-05,0.003589,5.6e-05,0.001741,0.007718
fiqa,q_fiqa_000319,hybrid_rrf_fas_regularized,qrels_flip,synthetic corruption: qrels-derived edges with flip_prob=0.15,20,125,0.328947,3,18,True,1,18,58.0,46,33.0,26.0,16,12,20,ndcg_at_k,51.0,34,0.484211,0.454545,0.945533,0.834249,0.45,1.0,0.84,0.00022,0.000184,1.6e-05,0.003589,4.8e-05,0.001741,0.007718
fiqa,q_fiqa_000319,hybrid_rrf_balance_a05,qrels_flip,synthetic corruption: qrels-derived edges with flip_prob=0.15,20,125,0.328947,3,18,True,1,18,58.0,46,33.0,26.0,16,12,20,ndcg_at_k,51.0,34,0.484211,0.454545,0.945533,0.834249,0.45,1.0,0.84,0.00022,0.000184,1.6e-05,0.003589,4.3e-05,0.001741,0.007718
fiqa,q_fiqa_000319,hybrid_rrf_copeland_a03,qrels_flip,synthetic corruption: qrels-derived edges with flip_prob=0.15,20,125,0.328947,3,18,True,1,18,58.0,46,33.0,26.0,16,12,20,ndcg_at_k,50.0,33,0.515789,0.454545,0.869118,0.866524,0.45,1.0,0.848,0.00022,0.000184,1.6e-05,0.003589,3.3e-05,0.001741,0.007718
fiqa,q_fiqa_000319,hybrid_rrf_priority_topo_a03,qrels_flip,synthetic corruption: qrels-derived edges with flip_prob=0.15,20,125,0.328947,3,18,True,1,18,58.0,46,33.0,26.0,16,12,20,ndcg_at_k,50.0,38,0.168421,0.127273,0.695193,0.572952,0.45,1.0,0.632,0.00022,0.000184,1.6e-05,0.003589,7.4e-05,0.001741,0.007718
fiqa,q_fiqa_000349,score_sum,qrels_flip,synthetic corruption: qrels-derived edges with flip_prob=0.15,20,131,0.344737,2,19,True,1,19,61.0,44,37.0,16.0,18,8,20,ndcg_at_k,37.0,18,0.673684,0.727273,1.0,1.0,0.5,1.0,1.0,0.000242,0.000196,1.6e-05,0.003658,4.6e-05,0.001781,0.008057
fiqa,q_fiqa_000349,borda,qrels_flip,synthetic corruption: qrels-derived edges with flip_prob=0.15,20,131,0.344737,2,19,True,1,19,61.0,44,37.0,16.0,18,8,20,ndcg_at_k,40.0,21,0.610526,0.666667,0.983511,1.0,0.5,1.0,0.977099,0.000242,0.000196,1.6e-05,0.003658,1.8e-05,0.001781,0.008057
fiqa,q_fiqa_000349,pagerank,qrels_flip,synthetic corruption: qrels-derived edges with flip_prob=0.15,20,131,0.344737,2,19,True,1,19,61.0,44,37.0,16.0,18,8,20,ndcg_at_k,75.0,40,0.347368,0.575758,0.893989,0.725184,0.5,1.0,0.801527,0.000242,0.000196,1.6e-05,0.003658,0.001662,0.001781,0.008057
fiqa,q_fiqa_000349,greedy_fas_topological,qrels_flip,synthetic corruption: qrels-derived edges with flip_prob=0.15,20,131,0.344737,2,19,True,1,19,61.0,44,37.0,16.0,18,8,20,ndcg_at_k,54.0,37,0.326316,0.424242,0.796467,0.797133,0.5,1.0,0.717557,0.000242,0.000196,1.6e-05,0.003658,6.6e-05,0.001781,0.008057
fiqa,q_fiqa_000349,greedy_fas_weighted_balance,qrels_flip,synthetic corruption: qrels-derived edges with flip_prob=0.15,20,131,0.344737,2,19,True,1,19,61.0,44,37.0,16.0,18,8,20,ndcg_at_k,39.0,20,0.610526,0.848485,0.997335,0.94763,0.5,1.0,0.954198,0.000242,0.000196,1.6e-05,0.003658,4.1e-05,0.001781,0.008057
fiqa,q_fiqa_000349,greedy_fas_copeland,qrels_flip,synthetic corruption: qrels-derived edges with flip_prob=0.15,20,131,0.344737,2,19,True,1,19,61.0,44,37.0,16.0,18,8,20,ndcg_at_k,51.0,32,0.431579,0.545455,0.858018,0.910556,0.5,1.0,0.832061,0.000242,0.000196,1.6e-05,0.003658,2.6e-05,0.001781,0.008057
fiqa,q_fiqa_000349,greedy_fas_score_augmented_topological,qrels_flip,synthetic corruption: qrels-derived edges with flip_prob=0.15,20,131,0.344737,2,19,True,1,19,61.0,44,37.0,16.0,18,8,20,ndcg_at_k,51.0,34,0.273684,0.484848,0.881275,0.799064,0.5,1.0,0.740458,0.000242,0.000196,1.6e-05,0.003658,4.3e-05,0.001781,0.008057
fiqa,q_fiqa_000349,fas_balance_score_prior_alpha_beta,qrels_flip,synthetic corruption: qrels-derived edges with flip_prob=0.15,20,131,0.344737,2,19,True,1,19,61.0,44,37.0,16.0,18,8,20,ndcg_at_k,38.0,19,0.621053,0.848485,0.998453,0.969798,0.5,1.0,0.977099,0.000242,0.000196,1.6e-05,0.003658,5.8e-05,0.001781,0.008057
fiqa,q_fiqa_000349,hybrid_rrf_fas_regularized,qrels_flip,synthetic corruption: qrels-derived edges with flip_prob=0.15,20,131,0.344737,2,19,True,1,19,61.0,44,37.0,16.0,18,8,20,ndcg_at_k,39.0,20,0.610526,0.848485,0.997335,0.94763,0.5,1.0,0.954198,0.000242,0.000196,1.6e-05,0.003658,4.9e-05,0.001781,0.008057
fiqa,q_fiqa_000349,hybrid_rrf_balance_a05,qrels_flip,synthetic corruption: qrels-derived edges with flip_prob=0.15,20,131,0.344737,2,19,True,1,19,61.0,44,37.0,16.0,18,8,20,ndcg_at_k,39.0,20,0.610526,0.848485,0.997335,0.94763,0.5,1.0,0.954198,0.000242,0.000196,1.6e-05,0.003658,4.5e-05,0.001781,0.008057
fiqa,q_fiqa_000349,hybrid_rrf_copeland_a03,qrels_flip,synthetic corruption: qrels-derived edges with flip_prob=0.15,20,131,0.344737,2,19,True,1,19,61.0,44,37.0,16.0,18,8,20,ndcg_at_k,51.0,32,0.431579,0.545455,0.858018,0.910556,0.5,1.0,0.832061,0.000242,0.000196,1.6e-05,0.003658,3.4e-05,0.001781,0.008057
fiqa,q_fiqa_000349,hybrid_rrf_priority_topo_a03,qrels_flip,synthetic corruption: qrels-derived edges with flip_prob=0.15,20,131,0.344737,2,19,True,1,19,61.0,44,37.0,16.0,18,8,20,ndcg_at_k,47.0,30,0.357895,0.636364,0.91577,0.808478,0.5,1.0,0.770992,0.000242,0.000196,1.6e-05,0.003658,7.6e-05,0.001781,0.008057
fiqa,q_fiqa_000012,score_sum,qrels_flip,synthetic corruption: qrels-derived edges with flip_prob=0.15,20,103,0.271053,7,14,True,1,14,29.0,20,28.0,27.0,14,13,20,ndcg_at_k,28.0,14,0.726316,0.606061,1.0,1.0,0.35,1.0,1.0,0.000235,0.000159,1.6e-05,0.002596,3.9e-05,0.001639,0.006611
fiqa,q_fiqa_000012,borda,qrels_flip,synthetic corruption: qrels-derived edges with flip_prob=0.15,20,103,0.271053,7,14,True,1,14,29.0,20,28.0,27.0,14,13,20,ndcg_at_k,28.0,14,0.684211,0.545455,0.926842,1.0,0.35,1.0,0.980583,0.000235,0.000159,1.6e-05,0.002596,1.9e-05,0.001639,0.006611
fiqa,q_fiqa_000012,pagerank,qrels_flip,synthetic corruption: qrels-derived edges with flip_prob=0.15,20,103,0.271053,7,14,True,1,14,29.0,20,28.0,27.0,14,13,20,ndcg_at_k,36.0,22,0.463158,0.545455,0.986228,0.812049,0.35,1.0,0.864078,0.000235,0.000159,1.6e-05,0.002596,0.001452,0.001639,0.006611
fiqa,q_fiqa_000012,greedy_fas_topological,qrels_flip,synthetic corruption: qrels-derived edges with flip_prob=0.15,20,103,0.271053,7,14,True,1,14,29.0,20,28.0,27.0,14,13,20,ndcg_at_k,28.0,19,0.347368,0.272727,0.574215,0.563492,0.35,1.0,0.699029,0.000235,0.000159,1.6e-05,0.002596,6.6e-05,0.001639,0.006611
fiqa,q_fiqa_000012,greedy_fas_weighted_balance,qrels_flip,synthetic corruption: qrels-derived edges with flip_prob=0.15,20,103,0.271053,7,14,True,1,14,29.0,20,28.0,27.0,14,13,20,ndcg_at_k,33.0,19,0.663158,0.575758,0.990419,0.863946,0.35,1.0,0.912621,0.000235,0.000159,1.6e-05,0.002596,3.9e-05,0.001639,0.006611
fiqa,q_fiqa_000012,greedy_fas_copeland,qrels_flip,synthetic corruption: qrels-derived edges with flip_prob=0.15,20,103,0.271053,7,14,True,1,14,29.0,20,28.0,27.0,14,13,20,ndcg_at_k,27.0,14,0.673684,0.515152,0.789315,0.957143,0.35,1.0,0.941748,0.000235,0.000159,1.6e-05,0.002596,2.6e-05,0.001639,0.006611
fiqa,q_fiqa_000012,greedy_fas_score_augmented_topological,qrels_flip,synthetic corruption: qrels-derived edges with flip_prob=0.15,20,103,0.271053,7,14,True,1,14,29.0,20,28.0,27.0,14,13,20,ndcg_at_k,29.0,20,0.231579,0.363636,0.573598,0.556999,0.35,1.0,0.68932,0.000235,0.000159,1.6e-05,0.002596,4.2e-05,0.001639,0.006611
fiqa,q_fiqa_000012,fas_balance_score_prior_alpha_beta,qrels_flip,synthetic corruption: qrels-derived edges with flip_prob=0.15,20,103,0.271053,7,14,True,1,14,29.0,20,28.0,27.0,14,13,20,ndcg_at_k,32.0,18,0.684211,0.606061,0.994774,0.924036,0.35,1.0,0.961165,0.000235,0.000159,1.6e-05,0.002596,7.9e-05,0.001639,0.006611
fiqa,q_fiqa_000012,hybrid_rrf_fas_regularized,qrels_flip,synthetic corruption: qrels-derived edges with flip_prob=0.15,20,103,0.271053,7,14,True,1,14,29.0,20,28.0,27.0,14,13,20,ndcg_at_k,33.0,19,0.663158,0.575758,0.990419,0.863946,0.35,1.0,0.912621,0.000235,0.000159,1.6e-05,0.002596,5.3e-05,0.001639,0.006611
fiqa,q_fiqa_000012,hybrid_rrf_balance_a05,qrels_flip,synthetic corruption: qrels-derived edges with flip_prob=0.15,20,103,0.271053,7,14,True,1,14,29.0,20,28.0,27.0,14,13,20,ndcg_at_k,33.0,19,0.663158,0.575758,0.990419,0.863946,0.35,1.0,0.912621,0.000235,0.000159,1.6e-05,0.002596,4.3e-05,0.001639,0.006611
fiqa,q_fiqa_000012,hybrid_rrf_copeland_a03,qrels_flip,synthetic corruption: qrels-derived edges with flip_prob=0.15,20,103,0.271053,7,14,True,1,14,29.0,20,28.0,27.0,14,13,20,ndcg_at_k,27.0,14,0.673684,0.515152,0.789315,0.957143,0.35,1.0,0.941748,0.000235,0.000159,1.6e-05,0.002596,3.3e-05,0.001639,0.006611
fiqa,q_fiqa_000012,hybrid_rrf_priority_topo_a03,qrels_flip,synthetic corruption: qrels-derived edges with flip_prob=0.15,20,103,0.271053,7,14,True,1,14,29.0,20,28.0,27.0,14,13,20,ndcg_at_k,28.0,19,0.263158,0.333333,0.574215,0.563492,0.35,1.0,0.699029,0.000235,0.000159,1.6e-05,0.002596,7.5e-05,0.001639,0.006611
fiqa,q_fiqa_000014,score_sum,qrels_flip,synthetic corruption: qrels-derived edges with flip_prob=0.15,20,106,0.278947,4,17,True,1,17,59.0,33,51.0,14.0,24,6,20,ndcg_at_k,51.0,24,0.515789,0.781818,1.0,1.0,0.35,1.0,1.0,0.0002,0.000161,1.6e-05,0.003682,3.8e-05,0.001676,0.008067
fiqa,q_fiqa_000014,borda,qrels_flip,synthetic corruption: qrels-derived edges with flip_prob=0.15,20,106,0.278947,4,17,True,1,17,59.0,33,51.0,14.0,24,6,20,ndcg_at_k,50.0,24,0.473684,0.563636,0.930882,1.0,0.35,1.0,0.943396,0.0002,0.000161,1.6e-05,0.003682,1.9e-05,0.001676,0.008067
fiqa,q_fiqa_000014,pagerank,qrels_flip,synthetic corruption: qrels-derived edges with flip_prob=0.15,20,106,0.278947,4,17,True,1,17,59.0,33,51.0,14.0,24,6,20,ndcg_at_k,59.0,28,0.347368,0.745455,0.898347,0.827438,0.35,1.0,0.90566,0.0002,0.000161,1.6e-05,0.003682,0.001816,0.001676,0.008067
fiqa,q_fiqa_000014,greedy_fas_topological,qrels_flip,synthetic corruption: qrels-derived edges with flip_prob=0.15,20,106,0.278947,4,17,True,1,17,59.0,33,51.0,14.0,24,6,20,ndcg_at_k,50.0,26,0.336842,0.490909,0.753451,0.867687,0.35,1.0,0.849057,0.0002,0.000161,1.6e-05,0.003682,6.5e-05,0.001676,0.008067
fiqa,q_fiqa_000014,greedy_fas_weighted_balance,qrels_flip,synthetic corruption: qrels-derived edges with flip_prob=0.15,20,106,0.278947,4,17,True,1,17,59.0,33,51.0,14.0,24,6,20,ndcg_at_k,53.0,26,0.547368,0.745455,0.98279,1.0,0.35,1.0,0.981132,0.0002,0.000161,1.6e-05,0.003682,3.8e-05,0.001676,0.008067
fiqa,q_fiqa_000014,greedy_fas_copeland,qrels_flip,synthetic corruption: qrels-derived edges with flip_prob=0.15,20,106,0.278947,4,17,True,1,17,59.0,33,51.0,14.0,24,6,20,ndcg_at_k,57.0,30,0.505263,0.454545,0.880765,1.0,0.35,1.0,0.90566,0.0002,0.000161,1.6e-05,0.003682,2.7e-05,0.001676,0.008067
fiqa,q_fiqa_000014,greedy_fas_score_augmented_topological,qrels_flip,synthetic corruption: qrels-derived edges with flip_prob=0.15,20,106,0.278947,4,17,True,1,17,59.0,33,51.0,14.0,24,6,20,ndcg_at_k,49.0,26,0.263158,0.636364,0.873948,0.867687,0.35,1.0,0.867925,0.0002,0.000161,1.6e-05,0.003682,4.4e-05,0.001676,0.008067
fiqa,q_fiqa_000014,fas_balance_score_prior_alpha_beta,qrels_flip,synthetic corruption: qrels-derived edges with flip_prob=0.15,20,106,0.278947,4,17,True,1,17,59.0,33,51.0,14.0,24,6,20,ndcg_at_k,51.0,24,0.526316,0.854545,1.0,1.0,0.35,1.0,1.0,0.0002,0.000161,1.6e-05,0.003682,6.1e-05,0.001676,0.008067
fiqa,q_fiqa_000014,hybrid_rrf_fas_regularized,qrels_flip,synthetic corruption: qrels-derived edges with flip_prob=0.15,20,106,0.278947,4,17,True,1,17,59.0,33,51.0,14.0,24,6,20,ndcg_at_k,53.0,26,0.547368,0.745455,0.98279,1.0,0.35,1.0,0.981132,0.0002,0.000161,1.6e-05,0.003682,4.8e-05,0.001676,0.008067
fiqa,q_fiqa_000014,hybrid_rrf_balance_a05,qrels_flip,synthetic corruption: qrels-derived edges with flip_prob=0.15,20,106,0.278947,4,17,True,1,17,59.0,33,51.0,14.0,24,6,20,ndcg_at_k,53.0,26,0.547368,0.745455,0.98279,1.0,0.35,1.0,0.981132,0.0002,0.000161,1.6e-05,0.003682,4.2e-05,0.001676,0.008067
fiqa,q_fiqa_000014,hybrid_rrf_copeland_a03,qrels_flip,synthetic corruption: qrels-derived edges with flip_prob=0.15,20,106,0.278947,4,17,True,1,17,59.0,33,51.0,14.0,24,6,20,ndcg_at_k,57.0,30,0.505263,0.454545,0.880765,1.0,0.35,1.0,0.90566,0.0002,0.000161,1.6e-05,0.003682,3.4e-05,0.001676,0.008067
fiqa,q_fiqa_000014,hybrid_rrf_priority_topo_a03,qrels_flip,synthetic corruption: qrels-derived edges with flip_prob=0.15,20,106,0.278947,4,17,True,1,17,59.0,33,51.0,14.0,24,6,20,ndcg_at_k,45.0,24,0.273684,0.672727,0.876957,0.884354,0.35,1.0,0.886792,0.0002,0.000161,1.6e-05,0.003682,0.0001,0.001676,0.008067
fiqa,q_fiqa_000184,score_sum,qrels_flip,synthetic corruption: qrels-derived edges with flip_prob=0.15,20,112,0.294737,2,19,True,1,19,56.0,40,40.0,19.0,20,13,20,ndcg_at_k,40.0,20,0.589474,0.69697,1.0,1.0,0.4,1.0,1.0,0.000207,0.000174,2.3e-05,0.003143,5.1e-05,0.001754,0.007584
fiqa,q_fiqa_000184,borda,qrels_flip,synthetic corruption: qrels-derived edges with flip_prob=0.15,20,112,0.294737,2,19,True,1,19,56.0,40,40.0,19.0,20,13,20,ndcg_at_k,40.0,20,0.684211,0.69697,1.0,1.0,0.4,1.0,1.0,0.000207,0.000174,2.3e-05,0.003143,1.8e-05,0.001754,0.007584
fiqa,q_fiqa_000184,pagerank,qrels_flip,synthetic corruption: qrels-derived edges with flip_prob=0.15,20,112,0.294737,2,19,True,1,19,56.0,40,40.0,19.0,20,13,20,ndcg_at_k,58.0,32,0.284211,0.575758,0.897319,0.690873,0.4,1.0,0.803571,0.000207,0.000174,2.3e-05,0.003143,0.001787,0.001754,0.007584
fiqa,q_fiqa_000184,greedy_fas_topological,qrels_flip,synthetic corruption: qrels-derived edges with flip_prob=0.15,20,112,0.294737,2,19,True,1,19,56.0,40,40.0,19.0,20,13,20,ndcg_at_k,48.0,32,0.178947,0.363636,0.920964,0.644281,0.4,1.0,0.660714,0.000207,0.000174,2.3e-05,0.003143,6.3e-05,0.001754,0.007584
fiqa,q_fiqa_000184,greedy_fas_weighted_balance,qrels_flip,synthetic corruption: qrels-derived edges with flip_prob=0.15,20,112,0.294737,2,19,True,1,19,56.0,40,40.0,19.0,20,13,20,ndcg_at_k,51.0,31,0.326316,0.515152,0.98438,0.769366,0.4,1.0,0.794643,0.000207,0.000174,2.3e-05,0.003143,3.6e-05,0.001754,0.007584
fiqa,q_fiqa_000184,greedy_fas_copeland,qrels_flip,synthetic corruption: qrels-derived edges with flip_prob=0.15,20,112,0.294737,2,19,True,1,19,56.0,40,40.0,19.0,20,13,20,ndcg_at_k,61.0,41,0.210526,0.393939,0.977953,0.692644,0.4,1.0,0.633929,0.000207,0.000174,2.3e-05,0.003143,2.5e-05,0.001754,0.007584
fiqa,q_fiqa_000184,greedy_fas_score_augmented_topological,qrels_flip,synthetic corruption: qrels-derived edges with flip_prob=0.15,20,112,0.294737,2,19,True,1,19,56.0,40,40.0,19.0,20,13,20,ndcg_at_k,54.0,38,-0.063158,0.363636,0.917933,0.611064,0.4,1.0,0.607143,0.000207,0.000174,2.3e-05,0.003143,4.5e-05,0.001754,0.007584
fiqa,q_fiqa_000184,fas_balance_score_prior_alpha_beta,qrels_flip,synthetic corruption: qrels-derived edges with flip_prob=0.15,20,112,0.294737,2,19,True,1,19,56.0,40,40.0,19.0,20,13,20,ndcg_at_k,46.0,26,0.421053,0.575758,0.988295,0.824337,0.4,1.0,0.875,0.000207,0.000174,2.3e-05,0.003143,6.2e-05,0.001754,0.007584
fiqa,q_fiqa_000184,hybrid_rrf_fas_regularized,qrels_flip,synthetic corruption: qrels-derived edges with flip_prob=0.15,20,112,0.294737,2,19,True,1,19,56.0,40,40.0,19.0,20,13,20,ndcg_at_k,51.0,31,0.326316,0.515152,0.98438,0.769366,0.4,1.0,0.794643,0.000207,0.000174,2.3e-05,0.003143,4.6e-05,0.001754,0.007584
fiqa,q_fiqa_000184,hybrid_rrf_balance_a05,qrels_flip,synthetic corruption: qrels-derived edges with flip_prob=0.15,20,112,0.294737,2,19,True,1,19,56.0,40,40.0,19.0,20,13,20,ndcg_at_k,51.0,31,0.326316,0.515152,0.98438,0.769366,0.4,1.0,0.794643,0.000207,0.000174,2.3e-05,0.003143,4.1e-05,0.001754,0.007584
fiqa,q_fiqa_000184,hybrid_rrf_copeland_a03,qrels_flip,synthetic corruption: qrels-derived edges with flip_prob=0.15,20,112,0.294737,2,19,True,1,19,56.0,40,40.0,19.0,20,13,20,ndcg_at_k,61.0,41,0.210526,0.393939,0.977953,0.692644,0.4,1.0,0.633929,0.000207,0.000174,2.3e-05,0.003143,3.3e-05,0.001754,0.007584
fiqa,q_fiqa_000184,hybrid_rrf_priority_topo_a03,qrels_flip,synthetic corruption: qrels-derived edges with flip_prob=0.15,20,112,0.294737,2,19,True,1,19,56.0,40,40.0,19.0,20,13,20,ndcg_at_k,49.0,35,0.094737,0.363636,0.926794,0.629262,0.4,1.0,0.633929,0.000207,0.000174,2.3e-05,0.003143,7.6e-05,0.001754,0.007584
fiqa,q_fiqa_000008,score_sum,qrels_flip,synthetic corruption: qrels-derived edges with flip_prob=0.15,20,119,0.313158,2,19,True,1,19,39.0,29,34.0,9.0,19,4,20,ndcg_at_k,34.0,19,0.663158,0.787879,1.0,1.0,0.45,1.0,1.0,0.000212,0.000177,1.7e-05,0.002239,3.9e-05,0.001736,0.006371
fiqa,q_fiqa_000008,borda,qrels_flip,synthetic corruption: qrels-derived edges with flip_prob=0.15,20,119,0.313158,2,19,True,1,19,39.0,29,34.0,9.0,19,4,20,ndcg_at_k,35.0,20,0.757895,0.69697,0.994094,1.0,0.45,1.0,0.97479,0.000212,0.000177,1.7e-05,0.002239,1.8e-05,0.001736,0.006371
fiqa,q_fiqa_000008,pagerank,qrels_flip,synthetic corruption: qrels-derived edges with flip_prob=0.15,20,119,0.313158,2,19,True,1,19,39.0,29,34.0,9.0,19,4,20,ndcg_at_k,52.0,30,0.505263,0.454545,0.980354,0.88304,0.45,1.0,0.907563,0.000212,0.000177,1.7e-05,0.002239,0.001466,0.001736,0.006371
fiqa,q_fiqa_000008,greedy_fas_topological,qrels_flip,synthetic corruption: qrels-derived edges with flip_prob=0.15,20,119,0.313158,2,19,True,1,19,39.0,29,34.0,9.0,19,4,20,ndcg_at_k,36.0,26,0.515789,0.212121,0.808944,0.905409,0.45,1.0,0.823529,0.000212,0.000177,1.7e-05,0.002239,8.5e-05,0.001736,0.006371
fiqa,q_fiqa_000008,greedy_fas_weighted_balance,qrels_flip,synthetic corruption: qrels-derived edges with flip_prob=0.15,20,119,0.313158,2,19,True,1,19,39.0,29,34.0,9.0,19,4,20,ndcg_at_k,35.0,20,0.663158,0.848485,0.99936,0.988889,0.45,1.0,0.991597,0.000212,0.000177,1.7e-05,0.002239,4.2e-05,0.001736,0.006371
fiqa,q_fiqa_000008,greedy_fas_copeland,qrels_flip,synthetic corruption: qrels-derived edges with flip_prob=0.15,20,119,0.313158,2,19,True,1,19,39.0,29,34.0,9.0,19,4,20,ndcg_at_k,45.0,30,0.589474,0.484848,0.928955,0.944444,0.45,1.0,0.87395,0.000212,0.000177,1.7e-05,0.002239,2.7e-05,0.001736,0.006371
fiqa,q_fiqa_000008,greedy_fas_score_augmented_topological,qrels_flip,synthetic corruption: qrels-derived edges with flip_prob=0.15,20,119,0.313158,2,19,True,1,19,39.0,29,34.0,9.0,19,4,20,ndcg_at_k,37.0,27,0.252632,0.454545,0.916196,0.908333,0.45,1.0,0.848739,0.000212,0.000177,1.7e-05,0.002239,4.7e-05,0.001736,0.006371
fiqa,q_fiqa_000008,fas_balance_score_prior_alpha_beta,qrels_flip,synthetic corruption: qrels-derived edges with flip_prob=0.15,20,119,0.313158,2,19,True,1,19,39.0,29,34.0,9.0,19,4,20,ndcg_at_k,34.0,19,0.663158,0.818182,1.0,1.0,0.45,1.0,1.0,0.000212,0.000177,1.7e-05,0.002239,6.1e-05,0.001736,0.006371
fiqa,q_fiqa_000008,hybrid_rrf_fas_regularized,qrels_flip,synthetic corruption: qrels-derived edges with flip_prob=0.15,20,119,0.313158,2,19,True,1,19,39.0,29,34.0,9.0,19,4,20,ndcg_at_k,35.0,20,0.663158,0.848485,0.99936,0.988889,0.45,1.0,0.991597,0.000212,0.000177,1.7e-05,0.002239,4.8e-05,0.001736,0.006371
fiqa,q_fiqa_000008,hybrid_rrf_balance_a05,qrels_flip,synthetic corruption: qrels-derived edges with flip_prob=0.15,20,119,0.313158,2,19,True,1,19,39.0,29,34.0,9.0,19,4,20,ndcg_at_k,35.0,20,0.663158,0.848485,0.99936,0.988889,0.45,1.0,0.991597,0.000212,0.000177,1.7e-05,0.002239,4.4e-05,0.001736,0.006371
fiqa,q_fiqa_000008,hybrid_rrf_copeland_a03,qrels_flip,synthetic corruption: qrels-derived edges with flip_prob=0.15,20,119,0.313158,2,19,True,1,19,39.0,29,34.0,9.0,19,4,20,ndcg_at_k,45.0,30,0.589474,0.484848,0.928955,0.944444,0.45,1.0,0.87395,0.000212,0.000177,1.7e-05,0.002239,3.3e-05,0.001736,0.006371
fiqa,q_fiqa_000008,hybrid_rrf_priority_topo_a03,qrels_flip,synthetic corruption: qrels-derived edges with flip_prob=0.15,20,119,0.313158,2,19,True,1,19,39.0,29,34.0,9.0,19,4,20,ndcg_at_k,38.0,28,0.347368,0.515152,0.91598,0.905409,0.45,1.0,0.840336,0.000212,0.000177,1.7e-05,0.002239,8e-05,0.001736,0.006371
fiqa,q_fiqa_000358,score_sum,qrels_flip,synthetic corruption: qrels-derived edges with flip_prob=0.15,20,81,0.213158,7,14,True,1,14,22.0,12,36.0,28.0,16,11,20,ndcg_at_k,36.0,16,0.652632,0.709091,1.0,1.0,0.25,1.0,1.0,0.000165,0.000129,1.7e-05,0.001306,3.2e-05,0.00157,0.005021
fiqa,q_fiqa_000358,borda,qrels_flip,synthetic corruption: qrels-derived edges with flip_prob=0.15,20,81,0.213158,7,14,True,1,14,22.0,12,36.0,28.0,16,11,20,ndcg_at_k,36.0,16,0.621053,0.527273,0.81775,1.0,0.25,1.0,0.950617,0.000165,0.000129,1.7e-05,0.001306,1.8e-05,0.00157,0.005021
fiqa,q_fiqa_000358,pagerank,qrels_flip,synthetic corruption: qrels-derived edges with flip_prob=0.15,20,81,0.213158,7,14,True,1,14,22.0,12,36.0,28.0,16,11,20,ndcg_at_k,36.0,16,0.526316,0.636364,1.0,1.0,0.25,1.0,1.0,0.000165,0.000129,1.7e-05,0.001306,0.001349,0.00157,0.005021
fiqa,q_fiqa_000358,greedy_fas_topological,qrels_flip,synthetic corruption: qrels-derived edges with flip_prob=0.15,20,81,0.213158,7,14,True,1,14,22.0,12,36.0,28.0,16,11,20,ndcg_at_k,21.0,11,0.378947,0.381818,0.665251,0.683333,0.25,1.0,0.765432,0.000165,0.000129,1.7e-05,0.001306,6.4e-05,0.00157,0.005021
fiqa,q_fiqa_000358,greedy_fas_weighted_balance,qrels_flip,synthetic corruption: qrels-derived edges with flip_prob=0.15,20,81,0.213158,7,14,True,1,14,22.0,12,36.0,28.0,16,11,20,ndcg_at_k,38.0,18,0.578947,0.527273,0.840421,1.0,0.25,1.0,0.950617,0.000165,0.000129,1.7e-05,0.001306,5.5e-05,0.00157,0.005021
fiqa,q_fiqa_000358,greedy_fas_copeland,qrels_flip,synthetic corruption: qrels-derived edges with flip_prob=0.15,20,81,0.213158,7,14,True,1,14,22.0,12,36.0,28.0,16,11,20,ndcg_at_k,37.0,17,0.589474,0.490909,0.806345,1.0,0.25,1.0,0.938272,0.000165,0.000129,1.7e-05,0.001306,2.6e-05,0.00157,0.005021
fiqa,q_fiqa_000358,greedy_fas_score_augmented_topological,qrels_flip,synthetic corruption: qrels-derived edges with flip_prob=0.15,20,81,0.213158,7,14,True,1,14,22.0,12,36.0,28.0,16,11,20,ndcg_at_k,21.0,11,0.147368,0.381818,0.665251,0.683333,0.25,1.0,0.765432,0.000165,0.000129,1.7e-05,0.001306,4.4e-05,0.00157,0.005021
fiqa,q_fiqa_000358,fas_balance_score_prior_alpha_beta,qrels_flip,synthetic corruption: qrels-derived edges with flip_prob=0.15,20,81,0.213158,7,14,True,1,14,22.0,12,36.0,28.0,16,11,20,ndcg_at_k,37.0,17,0.6,0.563636,0.851826,1.0,0.25,1.0,0.962963,0.000165,0.000129,1.7e-05,0.001306,5.4e-05,0.00157,0.005021
fiqa,q_fiqa_000358,hybrid_rrf_fas_regularized,qrels_flip,synthetic corruption: qrels-derived edges with flip_prob=0.15,20,81,0.213158,7,14,True,1,14,22.0,12,36.0,28.0,16,11,20,ndcg_at_k,38.0,18,0.578947,0.527273,0.840421,1.0,0.25,1.0,0.950617,0.000165,0.000129,1.7e-05,0.001306,4.5e-05,0.00157,0.005021
fiqa,q_fiqa_000358,hybrid_rrf_balance_a05,qrels_flip,synthetic corruption: qrels-derived edges with flip_prob=0.15,20,81,0.213158,7,14,True,1,14,22.0,12,36.0,28.0,16,11,20,ndcg_at_k,38.0,18,0.578947,0.527273,0.840421,1.0,0.25,1.0,0.950617,0.000165,0.000129,1.7e-05,0.001306,4e-05,0.00157,0.005021
fiqa,q_fiqa_000358,hybrid_rrf_copeland_a03,qrels_flip,synthetic corruption: qrels-derived edges with flip_prob=0.15,20,81,0.213158,7,14,True,1,14,22.0,12,36.0,28.0,16,11,20,ndcg_at_k,37.0,17,0.589474,0.490909,0.806345,1.0,0.25,1.0,0.938272,0.000165,0.000129,1.7e-05,0.001306,3.3e-05,0.00157,0.005021
fiqa,q_fiqa_000358,hybrid_rrf_priority_topo_a03,qrels_flip,synthetic corruption: qrels-derived edges with flip_prob=0.15,20,81,0.213158,7,14,True,1,14,22.0,12,36.0,28.0,16,11,20,ndcg_at_k,21.0,11,0.221053,0.381818,0.665251,0.683333,0.25,1.0,0.765432,0.000165,0.000129,1.7e-05,0.001306,7.4e-05,0.00157,0.005021
fiqa,q_fiqa_000525,score_sum,qrels_flip,synthetic corruption: qrels-derived edges with flip_prob=0.15,20,103,0.271053,9,12,True,1,12,19.0,12,22.0,7.0,12,4,20,ndcg_at_k,22.0,12,0.578947,0.363636,1.0,1.0,0.4,1.0,1.0,0.000254,0.000143,1.9e-05,0.001435,3.7e-05,0.001652,0.005605
fiqa,q_fiqa_000525,borda,qrels_flip,synthetic corruption: qrels-derived edges with flip_prob=0.15,20,103,0.271053,9,12,True,1,12,19.0,12,22.0,7.0,12,4,20,ndcg_at_k,22.0,12,0.610526,0.424242,1.0,1.0,0.4,1.0,1.0,0.000254,0.000143,1.9e-05,0.001435,1.7e-05,0.001652,0.005605
fiqa,q_fiqa_000525,pagerank,qrels_flip,synthetic corruption: qrels-derived edges with flip_prob=0.15,20,103,0.271053,9,12,True,1,12,19.0,12,22.0,7.0,12,4,20,ndcg_at_k,32.0,17,0.326316,0.181818,0.895786,0.717,0.4,1.0,0.854369,0.000254,0.000143,1.9e-05,0.001435,0.001598,0.001652,0.005605
fiqa,q_fiqa_000525,greedy_fas_topological,qrels_flip,synthetic corruption: qrels-derived edges with flip_prob=0.15,20,103,0.271053,9,12,True,1,12,19.0,12,22.0,7.0,12,4,20,ndcg_at_k,18.0,11,0.463158,0.393939,0.817609,0.970486,0.4,1.0,0.912621,0.000254,0.000143,1.9e-05,0.001435,6.2e-05,0.001652,0.005605
fiqa,q_fiqa_000525,greedy_fas_weighted_balance,qrels_flip,synthetic corruption: qrels-derived edges with flip_prob=0.15,20,103,0.271053,9,12,True,1,12,19.0,12,22.0,7.0,12,4,20,ndcg_at_k,22.0,12,0.568421,0.363636,1.0,1.0,0.4,1.0,1.0,0.000254,0.000143,1.9e-05,0.001435,4.2e-05,0.001652,0.005605
fiqa,q_fiqa_000525,greedy_fas_copeland,qrels_flip,synthetic corruption: qrels-derived edges with flip_prob=0.15,20,103,0.271053,9,12,True,1,12,19.0,12,22.0,7.0,12,4,20,ndcg_at_k,23.0,13,0.494737,0.151515,0.82736,1.0,0.4,1.0,0.932039,0.000254,0.000143,1.9e-05,0.001435,2.6e-05,0.001652,0.005605
fiqa,q_fiqa_000525,greedy_fas_score_augmented_topological,qrels_flip,synthetic corruption: qrels-derived edges with flip_prob=0.15,20,103,0.271053,9,12,True,1,12,19.0,12,22.0,7.0,12,4,20,ndcg_at_k,18.0,11,0.073684,0.393939,0.817609,0.970486,0.4,1.0,0.912621,0.000254,0.000143,1.9e-05,0.001435,5.1e-05,0.001652,0.005605
fiqa,q_fiqa_000525,fas_balance_score_prior_alpha_beta,qrels_flip,synthetic corruption: qrels-derived edges with flip_prob=0.15,20,103,0.271053,9,12,True,1,12,19.0,12,22.0,7.0,12,4,20,ndcg_at_k,22.0,12,0.568421,0.363636,1.0,1.0,0.4,1.0,1.0,0.000254,0.000143,1.9e-05,0.001435,5.9e-05,0.001652,0.005605
fiqa,q_fiqa_000525,hybrid_rrf_fas_regularized,qrels_flip,synthetic corruption: qrels-derived edges with flip_prob=0.15,20,103,0.271053,9,12,True,1,12,19.0,12,22.0,7.0,12,4,20,ndcg_at_k,22.0,12,0.568421,0.363636,1.0,1.0,0.4,1.0,1.0,0.000254,0.000143,1.9e-05,0.001435,4.8e-05,0.001652,0.005605
fiqa,q_fiqa_000525,hybrid_rrf_balance_a05,qrels_flip,synthetic corruption: qrels-derived edges with flip_prob=0.15,20,103,0.271053,9,12,True,1,12,19.0,12,22.0,7.0,12,4,20,ndcg_at_k,22.0,12,0.568421,0.363636,1.0,1.0,0.4,1.0,1.0,0.000254,0.000143,1.9e-05,0.001435,4.4e-05,0.001652,0.005605
fiqa,q_fiqa_000525,hybrid_rrf_copeland_a03,qrels_flip,synthetic corruption: qrels-derived edges with flip_prob=0.15,20,103,0.271053,9,12,True,1,12,19.0,12,22.0,7.0,12,4,20,ndcg_at_k,23.0,13,0.494737,0.151515,0.82736,1.0,0.4,1.0,0.932039,0.000254,0.000143,1.9e-05,0.001435,3.3e-05,0.001652,0.005605
fiqa,q_fiqa_000525,hybrid_rrf_priority_topo_a03,qrels_flip,synthetic corruption: qrels-derived edges with flip_prob=0.15,20,103,0.271053,9,12,True,1,12,19.0,12,22.0,7.0,12,4,20,ndcg_at_k,18.0,11,0.242105,0.242424,0.817609,0.970486,0.4,1.0,0.912621,0.000254,0.000143,1.9e-05,0.001435,8.5e-05,0.001652,0.005605
fiqa,q_fiqa_000407,score_sum,qrels_flip,synthetic corruption: qrels-derived edges with flip_prob=0.15,20,123,0.323684,8,13,True,1,13,27.0,23,25.0,24.0,12,11,20,ndcg_at_k,24.0,11,0.757895,0.909091,0.999413,0.988889,0.45,1.0,0.99187,0.001113,0.000163,2.4e-05,0.002741,5.3e-05,0.001729,0.007622
fiqa,q_fiqa_000407,borda,qrels_flip,synthetic corruption: qrels-derived edges with flip_prob=0.15,20,123,0.323684,8,13,True,1,13,27.0,23,25.0,24.0,12,11,20,ndcg_at_k,25.0,12,0.768421,0.848485,0.977812,1.0,0.45,1.0,0.98374,0.001113,0.000163,2.4e-05,0.002741,1.9e-05,0.001729,0.007622
fiqa,q_fiqa_000407,pagerank,qrels_flip,synthetic corruption: qrels-derived edges with flip_prob=0.15,20,123,0.323684,8,13,True,1,13,27.0,23,25.0,24.0,12,11,20,ndcg_at_k,35.0,22,0.547368,0.939394,0.990326,0.847212,0.45,1.0,0.869919,0.001113,0.000163,2.4e-05,0.002741,0.001327,0.001729,0.007622
fiqa,q_fiqa_000407,greedy_fas_topological,qrels_flip,synthetic corruption: qrels-derived edges with flip_prob=0.15,20,123,0.323684,8,13,True,1,13,27.0,23,25.0,24.0,12,11,20,ndcg_at_k,26.0,22,0.368421,0.878788,0.89273,0.6684,0.45,1.0,0.739837,0.001113,0.000163,2.4e-05,0.002741,6.7e-05,0.001729,0.007622
fiqa,q_fiqa_000407,greedy_fas_weighted_balance,qrels_flip,synthetic corruption: qrels-derived edges with flip_prob=0.15,20,123,0.323684,8,13,True,1,13,27.0,23,25.0,24.0,12,11,20,ndcg_at_k,31.0,18,0.621053,0.848485,0.985401,0.901355,0.45,1.0,0.918699,0.001113,0.000163,2.4e-05,0.002741,4.3e-05,0.001729,0.007622
fiqa,q_fiqa_000407,greedy_fas_copeland,qrels_flip,synthetic corruption: qrels-derived edges with flip_prob=0.15,20,123,0.323684,8,13,True,1,13,27.0,23,25.0,24.0,12,11,20,ndcg_at_k,27.0,14,0.652632,0.848485,0.98682,0.923704,0.45,1.0,0.934959,0.001113,0.000163,2.4e-05,0.002741,2.8e-05,0.001729,0.007622
fiqa,q_fiqa_000407,greedy_fas_score_augmented_topological,qrels_flip,synthetic corruption: qrels-derived edges with flip_prob=0.15,20,123,0.323684,8,13,True,1,13,27.0,23,25.0,24.0,12,11,20,ndcg_at_k,27.0,23,0.231579,0.727273,0.892402,0.663516,0.45,1.0,0.731707,0.001113,0.000163,2.4e-05,0.002741,4.4e-05,0.001729,0.007622
fiqa,q_fiqa_000407,fas_balance_score_prior_alpha_beta,qrels_flip,synthetic corruption: qrels-derived edges with flip_prob=0.15,20,123,0.323684,8,13,True,1,13,27.0,23,25.0,24.0,12,11,20,ndcg_at_k,27.0,14,0.673684,0.878788,0.995785,0.930115,0.45,1.0,0.95122,0.001113,0.000163,2.4e-05,0.002741,6e-05,0.001729,0.007622
fiqa,q_fiqa_000407,hybrid_rrf_fas_regularized,qrels_flip,synthetic corruption: qrels-derived edges with flip_prob=0.15,20,123,0.323684,8,13,True,1,13,27.0,23,25.0,24.0,12,11,20,ndcg_at_k,31.0,18,0.621053,0.848485,0.985401,0.901355,0.45,1.0,0.918699,0.001113,0.000163,2.4e-05,0.002741,5.2e-05,0.001729,0.007622
fiqa,q_fiqa_000407,hybrid_rrf_balance_a05,qrels_flip,synthetic corruption: qrels-derived edges with flip_prob=0.15,20,123,0.323684,8,13,True,1,13,27.0,23,25.0,24.0,12,11,20,ndcg_at_k,31.0,18,0.621053,0.848485,0.985401,0.901355,0.45,1.0,0.918699,0.001113,0.000163,2.4e-05,0.002741,4.6e-05,0.001729,0.007622
fiqa,q_fiqa_000407,hybrid_rrf_copeland_a03,qrels_flip,synthetic corruption: qrels-derived edges with flip_prob=0.15,20,123,0.323684,8,13,True,1,13,27.0,23,25.0,24.0,12,11,20,ndcg_at_k,27.0,14,0.652632,0.848485,0.98682,0.923704,0.45,1.0,0.934959,0.001113,0.000163,2.4e-05,0.002741,3.3e-05,0.001729,0.007622
fiqa,q_fiqa_000407,hybrid_rrf_priority_topo_a03,qrels_flip,synthetic corruption: qrels-derived edges with flip_prob=0.15,20,123,0.323684,8,13,True,1,13,27.0,23,25.0,24.0,12,11,20,ndcg_at_k,26.0,22,0.263158,0.787879,0.89273,0.6684,0.45,1.0,0.739837,0.001113,0.000163,2.4e-05,0.002741,8e-05,0.001729,0.007622
fiqa,q_fiqa_000515,score_sum,qrels_flip,synthetic corruption: qrels-derived edges with flip_prob=0.15,20,116,0.305263,6,15,True,1,15,26.0,18,21.0,10.0,11,4,20,ndcg_at_k,21.0,11,0.736842,0.854545,1.0,1.0,0.4,1.0,1.0,0.000229,0.000168,1.9e-05,0.001742,4.5e-05,0.001651,0.005733
fiqa,q_fiqa_000515,borda,qrels_flip,synthetic corruption: qrels-derived edges with flip_prob=0.15,20,116,0.305263,6,15,True,1,15,26.0,18,21.0,10.0,11,4,20,ndcg_at_k,19.0,10,0.747368,0.745455,0.97909,1.0,0.4,1.0,0.974138,0.000229,0.000168,1.9e-05,0.001742,2.3e-05,0.001651,0.005733
fiqa,q_fiqa_000515,pagerank,qrels_flip,synthetic corruption: qrels-derived edges with flip_prob=0.15,20,116,0.305263,6,15,True,1,15,26.0,18,21.0,10.0,11,4,20,ndcg_at_k,36.0,19,0.536842,0.636364,0.892863,0.906796,0.4,1.0,0.913793,0.000229,0.000168,1.9e-05,0.001742,0.001365,0.001651,0.005733
fiqa,q_fiqa_000515,greedy_fas_topological,qrels_flip,synthetic corruption: qrels-derived edges with flip_prob=0.15,20,116,0.305263,6,15,True,1,15,26.0,18,21.0,10.0,11,4,20,ndcg_at_k,17.0,11,0.463158,0.454545,0.927876,0.975,0.4,1.0,0.913793,0.000229,0.000168,1.9e-05,0.001742,6.8e-05,0.001651,0.005733
fiqa,q_fiqa_000515,greedy_fas_weighted_balance,qrels_flip,synthetic corruption: qrels-derived edges with flip_prob=0.15,20,116,0.305263,6,15,True,1,15,26.0,18,21.0,10.0,11,4,20,ndcg_at_k,22.0,12,0.715789,0.818182,0.991576,1.0,0.4,1.0,0.991379,0.000229,0.000168,1.9e-05,0.001742,6.1e-05,0.001651,0.005733
fiqa,q_fiqa_000515,greedy_fas_copeland,qrels_flip,synthetic corruption: qrels-derived edges with flip_prob=0.15,20,116,0.305263,6,15,True,1,15,26.0,18,21.0,10.0,11,4,20,ndcg_at_k,24.0,14,0.663158,0.6,0.932499,1.0,0.4,1.0,0.939655,0.000229,0.000168,1.9e-05,0.001742,2.8e-05,0.001651,0.005733
fiqa,q_fiqa_000515,greedy_fas_score_augmented_topological,qrels_flip,synthetic corruption: qrels-derived edges with flip_prob=0.15,20,116,0.305263,6,15,True,1,15,26.0,18,21.0,10.0,11,4,20,ndcg_at_k,16.0,11,0.273684,0.490909,0.933952,0.975,0.4,1.0,0.913793,0.000229,0.000168,1.9e-05,0.001742,4.8e-05,0.001651,0.005733
fiqa,q_fiqa_000515,fas_balance_score_prior_alpha_beta,qrels_flip,synthetic corruption: qrels-derived edges with flip_prob=0.15,20,116,0.305263,6,15,True,1,15,26.0,18,21.0,10.0,11,4,20,ndcg_at_k,21.0,11,0.726316,0.854545,1.0,1.0,0.4,1.0,1.0,0.000229,0.000168,1.9e-05,0.001742,6.2e-05,0.001651,0.005733
fiqa,q_fiqa_000515,hybrid_rrf_fas_regularized,qrels_flip,synthetic corruption: qrels-derived edges with flip_prob=0.15,20,116,0.305263,6,15,True,1,15,26.0,18,21.0,10.0,11,4,20,ndcg_at_k,22.0,12,0.715789,0.818182,0.991576,1.0,0.4,1.0,0.991379,0.000229,0.000168,1.9e-05,0.001742,5.3e-05,0.001651,0.005733
fiqa,q_fiqa_000515,hybrid_rrf_balance_a05,qrels_flip,synthetic corruption: qrels-derived edges with flip_prob=0.15,20,116,0.305263,6,15,True,1,15,26.0,18,21.0,10.0,11,4,20,ndcg_at_k,22.0,12,0.715789,0.818182,0.991576,1.0,0.4,1.0,0.991379,0.000229,0.000168,1.9e-05,0.001742,4.8e-05,0.001651,0.005733
fiqa,q_fiqa_000515,hybrid_rrf_copeland_a03,qrels_flip,synthetic corruption: qrels-derived edges with flip_prob=0.15,20,116,0.305263,6,15,True,1,15,26.0,18,21.0,10.0,11,4,20,ndcg_at_k,24.0,14,0.663158,0.6,0.932499,1.0,0.4,1.0,0.939655,0.000229,0.000168,1.9e-05,0.001742,3.6e-05,0.001651,0.005733
fiqa,q_fiqa_000515,hybrid_rrf_priority_topo_a03,qrels_flip,synthetic corruption: qrels-derived edges with flip_prob=0.15,20,116,0.305263,6,15,True,1,15,26.0,18,21.0,10.0,11,4,20,ndcg_at_k,17.0,11,0.494737,0.490909,0.927876,0.975,0.4,1.0,0.913793,0.000229,0.000168,1.9e-05,0.001742,8.7e-05,0.001651,0.005733
fiqa,q_fiqa_000493,score_sum,qrels_flip,synthetic corruption: qrels-derived edges with flip_prob=0.15,20,131,0.344737,4,17,True,1,17,38.0,28,23.0,12.0,13,6,20,ndcg_at_k,23.0,13,0.736842,0.666667,1.0,1.0,0.5,1.0,1.0,0.000223,0.000178,1.9e-05,0.002707,4.5e-05,0.001742,0.006902
fiqa,q_fiqa_000493,borda,qrels_flip,synthetic corruption: qrels-derived edges with flip_prob=0.15,20,131,0.344737,4,17,True,1,17,38.0,28,23.0,12.0,13,6,20,ndcg_at_k,22.0,12,0.821053,0.727273,0.994944,1.0,0.5,1.0,0.992366,0.000223,0.000178,1.9e-05,0.002707,1.8e-05,0.001742,0.006902
fiqa,q_fiqa_000493,pagerank,qrels_flip,synthetic corruption: qrels-derived edges with flip_prob=0.15,20,131,0.344737,4,17,True,1,17,38.0,28,23.0,12.0,13,6,20,ndcg_at_k,53.0,32,0.473684,0.272727,0.853881,0.845873,0.5,1.0,0.824427,0.000223,0.000178,1.9e-05,0.002707,0.001491,0.001742,0.006902
fiqa,q_fiqa_000493,greedy_fas_topological,qrels_flip,synthetic corruption: qrels-derived edges with flip_prob=0.15,20,131,0.344737,4,17,True,1,17,38.0,28,23.0,12.0,13,6,20,ndcg_at_k,30.0,21,0.463158,0.333333,0.944651,0.906944,0.5,1.0,0.832061,0.000223,0.000178,1.9e-05,0.002707,7.2e-05,0.001742,0.006902
fiqa,q_fiqa_000493,greedy_fas_weighted_balance,qrels_flip,synthetic corruption: qrels-derived edges with flip_prob=0.15,20,131,0.344737,4,17,True,1,17,38.0,28,23.0,12.0,13,6,20,ndcg_at_k,24.0,14,0.705263,0.666667,0.999583,0.990909,0.5,1.0,0.992366,0.000223,0.000178,1.9e-05,0.002707,4.5e-05,0.001742,0.006902
fiqa,q_fiqa_000493,greedy_fas_copeland,qrels_flip,synthetic corruption: qrels-derived edges with flip_prob=0.15,20,131,0.344737,4,17,True,1,17,38.0,28,23.0,12.0,13,6,20,ndcg_at_k,26.0,16,0.642105,0.424242,0.964664,0.990909,0.5,1.0,0.931298,0.000223,0.000178,1.9e-05,0.002707,2.7e-05,0.001742,0.006902
fiqa,q_fiqa_000493,greedy_fas_score_augmented_topological,qrels_flip,synthetic corruption: qrels-derived edges with flip_prob=0.15,20,131,0.344737,4,17,True,1,17,38.0,28,23.0,12.0,13,6,20,ndcg_at_k,32.0,23,0.326316,0.212121,0.938655,0.906944,0.5,1.0,0.816794,0.000223,0.000178,1.9e-05,0.002707,4.3e-05,0.001742,0.006902
fiqa,q_fiqa_000493,fas_balance_score_prior_alpha_beta,qrels_flip,synthetic corruption: qrels-derived edges with flip_prob=0.15,20,131,0.344737,4,17,True,1,17,38.0,28,23.0,12.0,13,6,20,ndcg_at_k,23.0,13,0.715789,0.666667,1.0,1.0,0.5,1.0,1.0,0.000223,0.000178,1.9e-05,0.002707,6.1e-05,0.001742,0.006902
fiqa,q_fiqa_000493,hybrid_rrf_fas_regularized,qrels_flip,synthetic corruption: qrels-derived edges with flip_prob=0.15,20,131,0.344737,4,17,True,1,17,38.0,28,23.0,12.0,13,6,20,ndcg_at_k,24.0,14,0.705263,0.666667,0.999583,0.990909,0.5,1.0,0.992366,0.000223,0.000178,1.9e-05,0.002707,5.2e-05,0.001742,0.006902
fiqa,q_fiqa_000493,hybrid_rrf_balance_a05,qrels_flip,synthetic corruption: qrels-derived edges with flip_prob=0.15,20,131,0.344737,4,17,True,1,17,38.0,28,23.0,12.0,13,6,20,ndcg_at_k,24.0,14,0.705263,0.666667,0.999583,0.990909,0.5,1.0,0.992366,0.000223,0.000178,1.9e-05,0.002707,4.7e-05,0.001742,0.006902
fiqa,q_fiqa_000493,hybrid_rrf_copeland_a03,qrels_flip,synthetic corruption: qrels-derived edges with flip_prob=0.15,20,131,0.344737,4,17,True,1,17,38.0,28,23.0,12.0,13,6,20,ndcg_at_k,26.0,16,0.642105,0.424242,0.964664,0.990909,0.5,1.0,0.931298,0.000223,0.000178,1.9e-05,0.002707,3.4e-05,0.001742,0.006902
fiqa,q_fiqa_000493,hybrid_rrf_priority_topo_a03,qrels_flip,synthetic corruption: qrels-derived edges with flip_prob=0.15,20,131,0.344737,4,17,True,1,17,38.0,28,23.0,12.0,13,6,20,ndcg_at_k,29.0,20,0.431579,0.30303,0.944833,0.910212,0.5,1.0,0.839695,0.000223,0.000178,1.9e-05,0.002707,9.8e-05,0.001742,0.006902
fiqa,q_fiqa_000461,score_sum,qrels_flip,synthetic corruption: qrels-derived edges with flip_prob=0.15,20,117,0.307895,6,15,True,1,15,30.0,23,20.0,12.0,12,6,20,ndcg_at_k,20.0,12,0.631579,0.787879,1.0,1.0,0.4,1.0,1.0,0.00021,0.000176,1.6e-05,0.002307,4.2e-05,0.001772,0.006384
fiqa,q_fiqa_000461,borda,qrels_flip,synthetic corruption: qrels-derived edges with flip_prob=0.15,20,117,0.307895,6,15,True,1,15,30.0,23,20.0,12.0,12,6,20,ndcg_at_k,21.0,13,0.705263,0.757576,0.984908,1.0,0.4,1.0,0.991453,0.00021,0.000176,1.6e-05,0.002307,1.9e-05,0.001772,0.006384
fiqa,q_fiqa_000461,pagerank,qrels_flip,synthetic corruption: qrels-derived edges with flip_prob=0.15,20,117,0.307895,6,15,True,1,15,30.0,23,20.0,12.0,12,6,20,ndcg_at_k,38.0,24,0.389474,0.484848,0.894082,0.77325,0.4,1.0,0.880342,0.00021,0.000176,1.6e-05,0.002307,0.001338,0.001772,0.006384
fiqa,q_fiqa_000461,greedy_fas_topological,qrels_flip,synthetic corruption: qrels-derived edges with flip_prob=0.15,20,117,0.307895,6,15,True,1,15,30.0,23,20.0,12.0,12,6,20,ndcg_at_k,26.0,19,0.326316,0.363636,0.733909,0.896032,0.4,1.0,0.820513,0.00021,0.000176,1.6e-05,0.002307,7.2e-05,0.001772,0.006384
fiqa,q_fiqa_000461,greedy_fas_weighted_balance,qrels_flip,synthetic corruption: qrels-derived edges with flip_prob=0.15,20,117,0.307895,6,15,True,1,15,30.0,23,20.0,12.0,12,6,20,ndcg_at_k,20.0,12,0.610526,0.818182,1.0,1.0,0.4,1.0,1.0,0.00021,0.000176,1.6e-05,0.002307,5e-05,0.001772,0.006384
fiqa,q_fiqa_000461,greedy_fas_copeland,qrels_flip,synthetic corruption: qrels-derived edges with flip_prob=0.15,20,117,0.307895,6,15,True,1,15,30.0,23,20.0,12.0,12,6,20,ndcg_at_k,28.0,19,0.547368,0.545455,0.812095,1.0,0.4,1.0,0.923077,0.00021,0.000176,1.6e-05,0.002307,3.1e-05,0.001772,0.006384
fiqa,q_fiqa_000461,greedy_fas_score_augmented_topological,qrels_flip,synthetic corruption: qrels-derived edges with flip_prob=0.15,20,117,0.307895,6,15,True,1,15,30.0,23,20.0,12.0,12,6,20,ndcg_at_k,26.0,19,0.2,0.363636,0.734749,0.896032,0.4,1.0,0.820513,0.00021,0.000176,1.6e-05,0.002307,4.5e-05,0.001772,0.006384
fiqa,q_fiqa_000461,fas_balance_score_prior_alpha_beta,qrels_flip,synthetic corruption: qrels-derived edges with flip_prob=0.15,20,117,0.307895,6,15,True,1,15,30.0,23,20.0,12.0,12,6,20,ndcg_at_k,20.0,12,0.621053,0.818182,1.0,1.0,0.4,1.0,1.0,0.00021,0.000176,1.6e-05,0.002307,6.1e-05,0.001772,0.006384
fiqa,q_fiqa_000461,hybrid_rrf_fas_regularized,qrels_flip,synthetic corruption: qrels-derived edges with flip_prob=0.15,20,117,0.307895,6,15,True,1,15,30.0,23,20.0,12.0,12,6,20,ndcg_at_k,20.0,12,0.610526,0.818182,1.0,1.0,0.4,1.0,1.0,0.00021,0.000176,1.6e-05,0.002307,5.3e-05,0.001772,0.006384
fiqa,q_fiqa_000461,hybrid_rrf_balance_a05,qrels_flip,synthetic corruption: qrels-derived edges with flip_prob=0.15,20,117,0.307895,6,15,True,1,15,30.0,23,20.0,12.0,12,6,20,ndcg_at_k,20.0,12,0.610526,0.818182,1.0,1.0,0.4,1.0,1.0,0.00021,0.000176,1.6e-05,0.002307,4.9e-05,0.001772,0.006384
fiqa,q_fiqa_000461,hybrid_rrf_copeland_a03,qrels_flip,synthetic corruption: qrels-derived edges with flip_prob=0.15,20,117,0.307895,6,15,True,1,15,30.0,23,20.0,12.0,12,6,20,ndcg_at_k,28.0,19,0.547368,0.545455,0.812095,1.0,0.4,1.0,0.923077,0.00021,0.000176,1.6e-05,0.002307,5.8e-05,0.001772,0.006384
fiqa,q_fiqa_000461,hybrid_rrf_priority_topo_a03,qrels_flip,synthetic corruption: qrels-derived edges with flip_prob=0.15,20,117,0.307895,6,15,True,1,15,30.0,23,20.0,12.0,12,6,20,ndcg_at_k,26.0,19,0.242105,0.393939,0.733909,0.896032,0.4,1.0,0.820513,0.00021,0.000176,1.6e-05,0.002307,8.5e-05,0.001772,0.006384
fiqa,q_fiqa_000486,score_sum,qrels_flip,synthetic corruption: qrels-derived edges with flip_prob=0.15,20,115,0.302632,2,19,True,1,19,56.0,35,40.0,10.0,17,5,20,ndcg_at_k,40.0,17,0.663158,0.848485,1.0,1.0,0.4,1.0,1.0,0.000225,0.000176,1.6e-05,0.002693,4.2e-05,0.001741,0.006781
fiqa,q_fiqa_000486,borda,qrels_flip,synthetic corruption: qrels-derived edges with flip_prob=0.15,20,115,0.302632,2,19,True,1,19,56.0,35,40.0,10.0,17,5,20,ndcg_at_k,43.0,20,0.757895,0.727273,0.973218,1.0,0.4,1.0,0.973913,0.000225,0.000176,1.6e-05,0.002693,1.9e-05,0.001741,0.006781
fiqa,q_fiqa_000486,pagerank,qrels_flip,synthetic corruption: qrels-derived edges with flip_prob=0.15,20,115,0.302632,2,19,True,1,19,56.0,35,40.0,10.0,17,5,20,ndcg_at_k,61.0,29,0.368421,0.575758,0.754063,0.651625,0.4,1.0,0.843478,0.000225,0.000176,1.6e-05,0.002693,0.001431,0.001741,0.006781
fiqa,q_fiqa_000486,greedy_fas_topological,qrels_flip,synthetic corruption: qrels-derived edges with flip_prob=0.15,20,115,0.302632,2,19,True,1,19,56.0,35,40.0,10.0,17,5,20,ndcg_at_k,51.0,31,0.368421,0.272727,0.80274,0.861163,0.4,1.0,0.791304,0.000225,0.000176,1.6e-05,0.002693,6.6e-05,0.001741,0.006781
fiqa,q_fiqa_000486,greedy_fas_weighted_balance,qrels_flip,synthetic corruption: qrels-derived edges with flip_prob=0.15,20,115,0.302632,2,19,True,1,19,56.0,35,40.0,10.0,17,5,20,ndcg_at_k,44.0,21,0.578947,0.727273,0.990137,0.965909,0.4,1.0,0.965217,0.000225,0.000176,1.6e-05,0.002693,4.1e-05,0.001741,0.006781
fiqa,q_fiqa_000486,greedy_fas_copeland,qrels_flip,synthetic corruption: qrels-derived edges with flip_prob=0.15,20,115,0.302632,2,19,True,1,19,56.0,35,40.0,10.0,17,5,20,ndcg_at_k,51.0,28,0.536842,0.454545,0.871914,0.927632,0.4,1.0,0.852174,0.000225,0.000176,1.6e-05,0.002693,2.7e-05,0.001741,0.006781
fiqa,q_fiqa_000486,greedy_fas_score_augmented_topological,qrels_flip,synthetic corruption: qrels-derived edges with flip_prob=0.15,20,115,0.302632,2,19,True,1,19,56.0,35,40.0,10.0,17,5,20,ndcg_at_k,44.0,24,0.168421,0.363636,0.929299,0.867355,0.4,1.0,0.834783,0.000225,0.000176,1.6e-05,0.002693,4.6e-05,0.001741,0.006781
fiqa,q_fiqa_000486,fas_balance_score_prior_alpha_beta,qrels_flip,synthetic corruption: qrels-derived edges with flip_prob=0.15,20,115,0.302632,2,19,True,1,19,56.0,35,40.0,10.0,17,5,20,ndcg_at_k,41.0,18,0.621053,0.757576,0.999328,0.986111,0.4,1.0,0.991304,0.000225,0.000176,1.6e-05,0.002693,5.6e-05,0.001741,0.006781
fiqa,q_fiqa_000486,hybrid_rrf_fas_regularized,qrels_flip,synthetic corruption: qrels-derived edges with flip_prob=0.15,20,115,0.302632,2,19,True,1,19,56.0,35,40.0,10.0,17,5,20,ndcg_at_k,44.0,21,0.578947,0.727273,0.990137,0.965909,0.4,1.0,0.965217,0.000225,0.000176,1.6e-05,0.002693,4.7e-05,0.001741,0.006781
fiqa,q_fiqa_000486,hybrid_rrf_balance_a05,qrels_flip,synthetic corruption: qrels-derived edges with flip_prob=0.15,20,115,0.302632,2,19,True,1,19,56.0,35,40.0,10.0,17,5,20,ndcg_at_k,44.0,21,0.578947,0.727273,0.990137,0.965909,0.4,1.0,0.965217,0.000225,0.000176,1.6e-05,0.002693,4.2e-05,0.001741,0.006781
fiqa,q_fiqa_000486,hybrid_rrf_copeland_a03,qrels_flip,synthetic corruption: qrels-derived edges with flip_prob=0.15,20,115,0.302632,2,19,True,1,19,56.0,35,40.0,10.0,17,5,20,ndcg_at_k,51.0,28,0.536842,0.454545,0.871914,0.927632,0.4,1.0,0.852174,0.000225,0.000176,1.6e-05,0.002693,3.4e-05,0.001741,0.006781
fiqa,q_fiqa_000486,hybrid_rrf_priority_topo_a03,qrels_flip,synthetic corruption: qrels-derived edges with flip_prob=0.15,20,115,0.302632,2,19,True,1,19,56.0,35,40.0,10.0,17,5,20,ndcg_at_k,47.0,27,0.347368,0.424242,0.933166,0.861163,0.4,1.0,0.826087,0.000225,0.000176,1.6e-05,0.002693,7.9e-05,0.001741,0.006781
fiqa,q_fiqa_000465,score_sum,qrels_flip,synthetic corruption: qrels-derived edges with flip_prob=0.15,20,81,0.213158,7,14,True,1,14,23.0,19,20.0,20.0,12,12,20,ndcg_at_k,20.0,12,0.6,0.563636,1.0,1.0,0.25,1.0,1.0,0.000181,0.000137,1.6e-05,0.001979,3.2e-05,0.00155,0.005874
fiqa,q_fiqa_000465,borda,qrels_flip,synthetic corruption: qrels-derived edges with flip_prob=0.15,20,81,0.213158,7,14,True,1,14,23.0,19,20.0,20.0,12,12,20,ndcg_at_k,20.0,12,0.621053,0.6,1.0,1.0,0.25,1.0,1.0,0.000181,0.000137,1.6e-05,0.001979,1.8e-05,0.00155,0.005874
fiqa,q_fiqa_000465,pagerank,qrels_flip,synthetic corruption: qrels-derived edges with flip_prob=0.15,20,81,0.213158,7,14,True,1,14,23.0,19,20.0,20.0,12,12,20,ndcg_at_k,28.0,20,0.315789,0.381818,0.971125,0.696825,0.25,1.0,0.851852,0.000181,0.000137,1.6e-05,0.001979,0.001559,0.00155,0.005874
fiqa,q_fiqa_000465,greedy_fas_topological,qrels_flip,synthetic corruption: qrels-derived edges with flip_prob=0.15,20,81,0.213158,7,14,True,1,14,23.0,19,20.0,20.0,12,12,20,ndcg_at_k,23.0,19,0.157895,0.018182,0.53409,0.3263,0.25,1.0,0.617284,0.000181,0.000137,1.6e-05,0.001979,6.3e-05,0.00155,0.005874
fiqa,q_fiqa_000465,greedy_fas_weighted_balance,qrels_flip,synthetic corruption: qrels-derived edges with flip_prob=0.15,20,81,0.213158,7,14,True,1,14,23.0,19,20.0,20.0,12,12,20,ndcg_at_k,27.0,19,0.515789,0.345455,0.972921,0.711111,0.25,1.0,0.864198,0.000181,0.000137,1.6e-05,0.001979,3.5e-05,0.00155,0.005874
fiqa,q_fiqa_000465,greedy_fas_copeland,qrels_flip,synthetic corruption: qrels-derived edges with flip_prob=0.15,20,81,0.213158,7,14,True,1,14,23.0,19,20.0,20.0,12,12,20,ndcg_at_k,22.0,14,0.610526,0.454545,0.99326,0.911111,0.25,1.0,0.950617,0.000181,0.000137,1.6e-05,0.001979,2.6e-05,0.00155,0.005874
fiqa,q_fiqa_000465,greedy_fas_score_augmented_topological,qrels_flip,synthetic corruption: qrels-derived edges with flip_prob=0.15,20,81,0.213158,7,14,True,1,14,23.0,19,20.0,20.0,12,12,20,ndcg_at_k,23.0,19,0.084211,0.018182,0.53409,0.3263,0.25,1.0,0.617284,0.000181,0.000137,1.6e-05,0.001979,4.1e-05,0.00155,0.005874
fiqa,q_fiqa_000465,fas_balance_score_prior_alpha_beta,qrels_flip,synthetic corruption: qrels-derived edges with flip_prob=0.15,20,81,0.213158,7,14,True,1,14,23.0,19,20.0,20.0,12,12,20,ndcg_at_k,20.0,12,0.6,0.527273,1.0,1.0,0.25,1.0,1.0,0.000181,0.000137,1.6e-05,0.001979,5.1e-05,0.00155,0.005874
fiqa,q_fiqa_000465,hybrid_rrf_fas_regularized,qrels_flip,synthetic corruption: qrels-derived edges with flip_prob=0.15,20,81,0.213158,7,14,True,1,14,23.0,19,20.0,20.0,12,12,20,ndcg_at_k,27.0,19,0.515789,0.345455,0.972921,0.711111,0.25,1.0,0.864198,0.000181,0.000137,1.6e-05,0.001979,4.3e-05,0.00155,0.005874
fiqa,q_fiqa_000465,hybrid_rrf_balance_a05,qrels_flip,synthetic corruption: qrels-derived edges with flip_prob=0.15,20,81,0.213158,7,14,True,1,14,23.0,19,20.0,20.0,12,12,20,ndcg_at_k,27.0,19,0.515789,0.345455,0.972921,0.711111,0.25,1.0,0.864198,0.000181,0.000137,1.6e-05,0.001979,3.9e-05,0.00155,0.005874
fiqa,q_fiqa_000465,hybrid_rrf_copeland_a03,qrels_flip,synthetic corruption: qrels-derived edges with flip_prob=0.15,20,81,0.213158,7,14,True,1,14,23.0,19,20.0,20.0,12,12,20,ndcg_at_k,22.0,14,0.610526,0.454545,0.99326,0.911111,0.25,1.0,0.950617,0.000181,0.000137,1.6e-05,0.001979,3.5e-05,0.00155,0.005874
fiqa,q_fiqa_000465,hybrid_rrf_priority_topo_a03,qrels_flip,synthetic corruption: qrels-derived edges with flip_prob=0.15,20,81,0.213158,7,14,True,1,14,23.0,19,20.0,20.0,12,12,20,ndcg_at_k,22.0,18,0.105263,0.054545,0.534686,0.331429,0.25,1.0,0.62963,0.000181,0.000137,1.6e-05,0.001979,6.9e-05,0.00155,0.005874
fiqa,q_fiqa_000062,score_sum,qrels_flip,synthetic corruption: qrels-derived edges with flip_prob=0.15,20,81,0.213158,11,10,True,1,10,11.0,10,10.0,8.0,7,5,20,ndcg_at_k,10.0,7,0.673684,0.733333,1.0,1.0,0.25,1.0,1.0,0.000162,0.000171,1.7e-05,0.001402,3.6e-05,0.001528,0.005263
fiqa,q_fiqa_000062,borda,qrels_flip,synthetic corruption: qrels-derived edges with flip_prob=0.15,20,81,0.213158,11,10,True,1,10,11.0,10,10.0,8.0,7,5,20,ndcg_at_k,10.0,7,0.673684,0.733333,1.0,1.0,0.25,1.0,1.0,0.000162,0.000171,1.7e-05,0.001402,2.1e-05,0.001528,0.005263
fiqa,q_fiqa_000062,pagerank,qrels_flip,synthetic corruption: qrels-derived edges with flip_prob=0.15,20,81,0.213158,11,10,True,1,10,11.0,10,10.0,8.0,7,5,20,ndcg_at_k,12.0,9,0.326316,0.688889,0.755363,0.885,0.25,1.0,0.925926,0.000162,0.000171,1.7e-05,0.001402,0.001499,0.001528,0.005263
fiqa,q_fiqa_000062,greedy_fas_topological,qrels_flip,synthetic corruption: qrels-derived edges with flip_prob=0.15,20,81,0.213158,11,10,True,1,10,11.0,10,10.0,8.0,7,5,20,ndcg_at_k,7.0,6,0.336842,0.511111,0.715183,0.81,0.25,1.0,0.888889,0.000162,0.000171,1.7e-05,0.001402,6.1e-05,0.001528,0.005263
fiqa,q_fiqa_000062,greedy_fas_weighted_balance,qrels_flip,synthetic corruption: qrels-derived edges with flip_prob=0.15,20,81,0.213158,11,10,True,1,10,11.0,10,10.0,8.0,7,5,20,ndcg_at_k,10.0,7,0.673684,0.733333,1.0,1.0,0.25,1.0,1.0,0.000162,0.000171,1.7e-05,0.001402,3.8e-05,0.001528,0.005263
fiqa,q_fiqa_000062,greedy_fas_copeland,qrels_flip,synthetic corruption: qrels-derived edges with flip_prob=0.15,20,81,0.213158,11,10,True,1,10,11.0,10,10.0,8.0,7,5,20,ndcg_at_k,10.0,7,0.673684,0.733333,1.0,1.0,0.25,1.0,1.0,0.000162,0.000171,1.7e-05,0.001402,3.1e-05,0.001528,0.005263
fiqa,q_fiqa_000062,greedy_fas_score_augmented_topological,qrels_flip,synthetic corruption: qrels-derived edges with flip_prob=0.15,20,81,0.213158,11,10,True,1,10,11.0,10,10.0,8.0,7,5,20,ndcg_at_k,8.0,7,0.031579,0.422222,0.712776,0.783333,0.25,1.0,0.876543,0.000162,0.000171,1.7e-05,0.001402,4.7e-05,0.001528,0.005263
fiqa,q_fiqa_000062,fas_balance_score_prior_alpha_beta,qrels_flip,synthetic corruption: qrels-derived edges with flip_prob=0.15,20,81,0.213158,11,10,True,1,10,11.0,10,10.0,8.0,7,5,20,ndcg_at_k,10.0,7,0.673684,0.733333,1.0,1.0,0.25,1.0,1.0,0.000162,0.000171,1.7e-05,0.001402,5.4e-05,0.001528,0.005263
fiqa,q_fiqa_000062,hybrid_rrf_fas_regularized,qrels_flip,synthetic corruption: qrels-derived edges with flip_prob=0.15,20,81,0.213158,11,10,True,1,10,11.0,10,10.0,8.0,7,5,20,ndcg_at_k,10.0,7,0.673684,0.733333,1.0,1.0,0.25,1.0,1.0,0.000162,0.000171,1.7e-05,0.001402,4.5e-05,0.001528,0.005263
fiqa,q_fiqa_000062,hybrid_rrf_balance_a05,qrels_flip,synthetic corruption: qrels-derived edges with flip_prob=0.15,20,81,0.213158,11,10,True,1,10,11.0,10,10.0,8.0,7,5,20,ndcg_at_k,10.0,7,0.673684,0.733333,1.0,1.0,0.25,1.0,1.0,0.000162,0.000171,1.7e-05,0.001402,4e-05,0.001528,0.005263
fiqa,q_fiqa_000062,hybrid_rrf_copeland_a03,qrels_flip,synthetic corruption: qrels-derived edges with flip_prob=0.15,20,81,0.213158,11,10,True,1,10,11.0,10,10.0,8.0,7,5,20,ndcg_at_k,10.0,7,0.673684,0.733333,1.0,1.0,0.25,1.0,1.0,0.000162,0.000171,1.7e-05,0.001402,3.2e-05,0.001528,0.005263
fiqa,q_fiqa_000062,hybrid_rrf_priority_topo_a03,qrels_flip,synthetic corruption: qrels-derived edges with flip_prob=0.15,20,81,0.213158,11,10,True,1,10,11.0,10,10.0,8.0,7,5,20,ndcg_at_k,7.0,6,0.042105,0.466667,0.715183,0.81,0.25,1.0,0.888889,0.000162,0.000171,1.7e-05,0.001402,7.9e-05,0.001528,0.005263
fiqa,q_fiqa_000213,score_sum,qrels_flip,synthetic corruption: qrels-derived edges with flip_prob=0.15,20,115,0.302632,3,18,True,1,18,68.0,40,43.0,19.0,22,10,20,ndcg_at_k,43.0,22,0.726316,0.777778,1.0,1.0,0.4,1.0,1.0,0.000217,0.000172,3.4e-05,0.003417,4e-05,0.001705,0.0077
fiqa,q_fiqa_000213,borda,qrels_flip,synthetic corruption: qrels-derived edges with flip_prob=0.15,20,115,0.302632,3,18,True,1,18,68.0,40,43.0,19.0,22,10,20,ndcg_at_k,43.0,22,0.694737,0.555556,0.877961,1.0,0.4,1.0,0.965217,0.000217,0.000172,3.4e-05,0.003417,1.9e-05,0.001705,0.0077
fiqa,q_fiqa_000213,pagerank,qrels_flip,synthetic corruption: qrels-derived edges with flip_prob=0.15,20,115,0.302632,3,18,True,1,18,68.0,40,43.0,19.0,22,10,20,ndcg_at_k,49.0,28,0.431579,0.6,0.983072,0.8625,0.4,1.0,0.878261,0.000217,0.000172,3.4e-05,0.003417,0.001665,0.001705,0.0077
fiqa,q_fiqa_000213,greedy_fas_topological,qrels_flip,synthetic corruption: qrels-derived edges with flip_prob=0.15,20,115,0.302632,3,18,True,1,18,68.0,40,43.0,19.0,22,10,20,ndcg_at_k,60.0,35,0.221053,0.466667,0.745535,0.754915,0.4,1.0,0.713043,0.000217,0.000172,3.4e-05,0.003417,6.6e-05,0.001705,0.0077
fiqa,q_fiqa_000213,greedy_fas_weighted_balance,qrels_flip,synthetic corruption: qrels-derived edges with flip_prob=0.15,20,115,0.302632,3,18,True,1,18,68.0,40,43.0,19.0,22,10,20,ndcg_at_k,50.0,28,0.578947,0.777778,0.979167,0.946429,0.4,1.0,0.930435,0.000217,0.000172,3.4e-05,0.003417,3.8e-05,0.001705,0.0077
fiqa,q_fiqa_000213,greedy_fas_copeland,qrels_flip,synthetic corruption: qrels-derived edges with flip_prob=0.15,20,115,0.302632,3,18,True,1,18,68.0,40,43.0,19.0,22,10,20,ndcg_at_k,50.0,28,0.536842,0.555556,0.904966,0.9375,0.4,1.0,0.878261,0.000217,0.000172,3.4e-05,0.003417,2.8e-05,0.001705,0.0077
fiqa,q_fiqa_000213,greedy_fas_score_augmented_topological,qrels_flip,synthetic corruption: qrels-derived edges with flip_prob=0.15,20,115,0.302632,3,18,True,1,18,68.0,40,43.0,19.0,22,10,20,ndcg_at_k,58.0,33,0.136842,0.511111,0.746131,0.76299,0.4,1.0,0.730435,0.000217,0.000172,3.4e-05,0.003417,4.3e-05,0.001705,0.0077
fiqa,q_fiqa_000213,fas_balance_score_prior_alpha_beta,qrels_flip,synthetic corruption: qrels-derived edges with flip_prob=0.15,20,115,0.302632,3,18,True,1,18,68.0,40,43.0,19.0,22,10,20,ndcg_at_k,45.0,24,0.642105,0.866667,0.990559,0.986111,0.4,1.0,0.982609,0.000217,0.000172,3.4e-05,0.003417,5.6e-05,0.001705,0.0077
fiqa,q_fiqa_000213,hybrid_rrf_fas_regularized,qrels_flip,synthetic corruption: qrels-derived edges with flip_prob=0.15,20,115,0.302632,3,18,True,1,18,68.0,40,43.0,19.0,22,10,20,ndcg_at_k,50.0,28,0.578947,0.777778,0.979167,0.946429,0.4,1.0,0.930435,0.000217,0.000172,3.4e-05,0.003417,4.7e-05,0.001705,0.0077
fiqa,q_fiqa_000213,hybrid_rrf_balance_a05,qrels_flip,synthetic corruption: qrels-derived edges with flip_prob=0.15,20,115,0.302632,3,18,True,1,18,68.0,40,43.0,19.0,22,10,20,ndcg_at_k,50.0,28,0.578947,0.777778,0.979167,0.946429,0.4,1.0,0.930435,0.000217,0.000172,3.4e-05,0.003417,4.1e-05,0.001705,0.0077
fiqa,q_fiqa_000213,hybrid_rrf_copeland_a03,qrels_flip,synthetic corruption: qrels-derived edges with flip_prob=0.15,20,115,0.302632,3,18,True,1,18,68.0,40,43.0,19.0,22,10,20,ndcg_at_k,50.0,28,0.536842,0.555556,0.904966,0.9375,0.4,1.0,0.878261,0.000217,0.000172,3.4e-05,0.003417,3.5e-05,0.001705,0.0077
fiqa,q_fiqa_000213,hybrid_rrf_priority_topo_a03,qrels_flip,synthetic corruption: qrels-derived edges with flip_prob=0.15,20,115,0.302632,3,18,True,1,18,68.0,40,43.0,19.0,22,10,20,ndcg_at_k,48.0,28,0.305263,0.511111,0.861967,0.782765,0.4,1.0,0.773913,0.000217,0.000172,3.4e-05,0.003417,7.7e-05,0.001705,0.0077
fiqa,q_fiqa_000439,score_sum,qrels_flip,synthetic corruption: qrels-derived edges with flip_prob=0.15,20,83,0.218421,4,17,True,1,17,48.0,37,31.0,20.0,17,10,20,ndcg_at_k,31.0,17,0.568421,0.527273,1.0,1.0,0.25,1.0,1.0,0.000205,0.000127,1.6e-05,0.00268,3.3e-05,0.001576,0.006677
fiqa,q_fiqa_000439,borda,qrels_flip,synthetic corruption: qrels-derived edges with flip_prob=0.15,20,83,0.218421,4,17,True,1,17,48.0,37,31.0,20.0,17,10,20,ndcg_at_k,32.0,17,0.652632,0.345455,0.758921,1.0,0.25,1.0,0.951807,0.000205,0.000127,1.6e-05,0.00268,1.8e-05,0.001576,0.006677
fiqa,q_fiqa_000439,pagerank,qrels_flip,synthetic corruption: qrels-derived edges with flip_prob=0.15,20,83,0.218421,4,17,True,1,17,48.0,37,31.0,20.0,17,10,20,ndcg_at_k,31.0,17,0.526316,0.527273,1.0,1.0,0.25,1.0,1.0,0.000205,0.000127,1.6e-05,0.00268,0.001616,0.001576,0.006677
fiqa,q_fiqa_000439,greedy_fas_topological,qrels_flip,synthetic corruption: qrels-derived edges with flip_prob=0.15,20,83,0.218421,4,17,True,1,17,48.0,37,31.0,20.0,17,10,20,ndcg_at_k,46.0,35,0.063158,-0.163636,0.524385,0.338311,0.25,1.0,0.542169,0.000205,0.000127,1.6e-05,0.00268,6.3e-05,0.001576,0.006677
fiqa,q_fiqa_000439,greedy_fas_weighted_balance,qrels_flip,synthetic corruption: qrels-derived edges with flip_prob=0.15,20,83,0.218421,4,17,True,1,17,48.0,37,31.0,20.0,17,10,20,ndcg_at_k,37.0,22,0.505263,0.381818,0.971171,0.835,0.25,1.0,0.939759,0.000205,0.000127,1.6e-05,0.00268,3.1e-05,0.001576,0.006677
fiqa,q_fiqa_000439,greedy_fas_copeland,qrels_flip,synthetic corruption: qrels-derived edges with flip_prob=0.15,20,83,0.218421,4,17,True,1,17,48.0,37,31.0,20.0,17,10,20,ndcg_at_k,35.0,20,0.547368,0.381818,0.973171,0.926667,0.25,1.0,0.963855,0.000205,0.000127,1.6e-05,0.00268,2.7e-05,0.001576,0.006677
fiqa,q_fiqa_000439,greedy_fas_score_augmented_topological,qrels_flip,synthetic corruption: qrels-derived edges with flip_prob=0.15,20,83,0.218421,4,17,True,1,17,48.0,37,31.0,20.0,17,10,20,ndcg_at_k,46.0,35,-0.105263,-0.127273,0.524385,0.338311,0.25,1.0,0.542169,0.000205,0.000127,1.6e-05,0.00268,4.1e-05,0.001576,0.006677
fiqa,q_fiqa_000439,fas_balance_score_prior_alpha_beta,qrels_flip,synthetic corruption: qrels-derived edges with flip_prob=0.15,20,83,0.218421,4,17,True,1,17,48.0,37,31.0,20.0,17,10,20,ndcg_at_k,32.0,18,0.547368,0.454545,0.997266,0.966667,0.25,1.0,0.987952,0.000205,0.000127,1.6e-05,0.00268,6.5e-05,0.001576,0.006677
fiqa,q_fiqa_000439,hybrid_rrf_fas_regularized,qrels_flip,synthetic corruption: qrels-derived edges with flip_prob=0.15,20,83,0.218421,4,17,True,1,17,48.0,37,31.0,20.0,17,10,20,ndcg_at_k,37.0,22,0.505263,0.381818,0.971171,0.835,0.25,1.0,0.939759,0.000205,0.000127,1.6e-05,0.00268,4.1e-05,0.001576,0.006677
fiqa,q_fiqa_000439,hybrid_rrf_balance_a05,qrels_flip,synthetic corruption: qrels-derived edges with flip_prob=0.15,20,83,0.218421,4,17,True,1,17,48.0,37,31.0,20.0,17,10,20,ndcg_at_k,37.0,22,0.505263,0.381818,0.971171,0.835,0.25,1.0,0.939759,0.000205,0.000127,1.6e-05,0.00268,3.6e-05,0.001576,0.006677
fiqa,q_fiqa_000439,hybrid_rrf_copeland_a03,qrels_flip,synthetic corruption: qrels-derived edges with flip_prob=0.15,20,83,0.218421,4,17,True,1,17,48.0,37,31.0,20.0,17,10,20,ndcg_at_k,35.0,20,0.547368,0.381818,0.973171,0.926667,0.25,1.0,0.963855,0.000205,0.000127,1.6e-05,0.00268,3.5e-05,0.001576,0.006677
fiqa,q_fiqa_000439,hybrid_rrf_priority_topo_a03,qrels_flip,synthetic corruption: qrels-derived edges with flip_prob=0.15,20,83,0.218421,4,17,True,1,17,48.0,37,31.0,20.0,17,10,20,ndcg_at_k,46.0,35,-0.042105,-0.236364,0.524385,0.338311,0.25,1.0,0.542169,0.000205,0.000127,1.6e-05,0.00268,6.7e-05,0.001576,0.006677
fiqa,q_fiqa_000498,score_sum,qrels_flip,synthetic corruption: qrels-derived edges with flip_prob=0.15,20,131,0.344737,1,20,True,1,20,45.0,36,41.0,28.0,25,16,20,ndcg_at_k,39.0,23,0.778947,0.769231,0.998796,0.980909,0.5,1.0,0.984733,0.000232,0.000188,1.5e-05,0.003134,4.6e-05,0.001787,0.007377
fiqa,q_fiqa_000498,borda,qrels_flip,synthetic corruption: qrels-derived edges with flip_prob=0.15,20,131,0.344737,1,20,True,1,20,45.0,36,41.0,28.0,25,16,20,ndcg_at_k,43.0,27,0.778947,0.692308,0.95189,1.0,0.5,1.0,0.969466,0.000232,0.000188,1.5e-05,0.003134,2e-05,0.001787,0.007377
fiqa,q_fiqa_000498,pagerank,qrels_flip,synthetic corruption: qrels-derived edges with flip_prob=0.15,20,131,0.344737,1,20,True,1,20,45.0,36,41.0,28.0,25,16,20,ndcg_at_k,61.0,36,0.568421,0.794872,0.891585,0.734412,0.5,1.0,0.839695,0.000232,0.000188,1.5e-05,0.003134,0.001489,0.001787,0.007377
fiqa,q_fiqa_000498,greedy_fas_topological,qrels_flip,synthetic corruption: qrels-derived edges with flip_prob=0.15,20,131,0.344737,1,20,True,1,20,45.0,36,41.0,28.0,25,16,20,ndcg_at_k,41.0,32,0.4,0.179487,0.735211,0.817253,0.5,1.0,0.687023,0.000232,0.000188,1.5e-05,0.003134,6.6e-05,0.001787,0.007377
fiqa,q_fiqa_000498,greedy_fas_weighted_balance,qrels_flip,synthetic corruption: qrels-derived edges with flip_prob=0.15,20,131,0.344737,1,20,True,1,20,45.0,36,41.0,28.0,25,16,20,ndcg_at_k,40.0,25,0.684211,0.512821,0.925452,0.941667,0.5,1.0,0.89313,0.000232,0.000188,1.5e-05,0.003134,4.3e-05,0.001787,0.007377
fiqa,q_fiqa_000498,greedy_fas_copeland,qrels_flip,synthetic corruption: qrels-derived edges with flip_prob=0.15,20,131,0.344737,1,20,True,1,20,45.0,36,41.0,28.0,25,16,20,ndcg_at_k,48.0,33,0.526316,0.282051,0.802691,0.9,0.5,1.0,0.770992,0.000232,0.000188,1.5e-05,0.003134,2.7e-05,0.001787,0.007377
fiqa,q_fiqa_000498,greedy_fas_score_augmented_topological,qrels_flip,synthetic corruption: qrels-derived edges with flip_prob=0.15,20,131,0.344737,1,20,True,1,20,45.0,36,41.0,28.0,25,16,20,ndcg_at_k,39.0,31,0.326316,0.25641,0.737168,0.825031,0.5,1.0,0.694656,0.000232,0.000188,1.5e-05,0.003134,6.1e-05,0.001787,0.007377
fiqa,q_fiqa_000498,fas_balance_score_prior_alpha_beta,qrels_flip,synthetic corruption: qrels-derived edges with flip_prob=0.15,20,131,0.344737,1,20,True,1,20,45.0,36,41.0,28.0,25,16,20,ndcg_at_k,42.0,26,0.684211,0.538462,0.931297,0.941667,0.5,1.0,0.900763,0.000232,0.000188,1.5e-05,0.003134,5.8e-05,0.001787,0.007377
fiqa,q_fiqa_000498,hybrid_rrf_fas_regularized,qrels_flip,synthetic corruption: qrels-derived edges with flip_prob=0.15,20,131,0.344737,1,20,True,1,20,45.0,36,41.0,28.0,25,16,20,ndcg_at_k,40.0,25,0.684211,0.512821,0.925452,0.941667,0.5,1.0,0.89313,0.000232,0.000188,1.5e-05,0.003134,5.4e-05,0.001787,0.007377
fiqa,q_fiqa_000498,hybrid_rrf_balance_a05,qrels_flip,synthetic corruption: qrels-derived edges with flip_prob=0.15,20,131,0.344737,1,20,True,1,20,45.0,36,41.0,28.0,25,16,20,ndcg_at_k,40.0,25,0.684211,0.512821,0.925452,0.941667,0.5,1.0,0.89313,0.000232,0.000188,1.5e-05,0.003134,4.6e-05,0.001787,0.007377
fiqa,q_fiqa_000498,hybrid_rrf_copeland_a03,qrels_flip,synthetic corruption: qrels-derived edges with flip_prob=0.15,20,131,0.344737,1,20,True,1,20,45.0,36,41.0,28.0,25,16,20,ndcg_at_k,48.0,33,0.526316,0.282051,0.802691,0.9,0.5,1.0,0.770992,0.000232,0.000188,1.5e-05,0.003134,3.3e-05,0.001787,0.007377
fiqa,q_fiqa_000498,hybrid_rrf_priority_topo_a03,qrels_flip,synthetic corruption: qrels-derived edges with flip_prob=0.15,20,131,0.344737,1,20,True,1,20,45.0,36,41.0,28.0,25,16,20,ndcg_at_k,41.0,32,0.378947,0.230769,0.735211,0.817253,0.5,1.0,0.687023,0.000232,0.000188,1.5e-05,0.003134,7.8e-05,0.001787,0.007377
fiqa,q_fiqa_000070,score_sum,qrels_flip,synthetic corruption: qrels-derived edges with flip_prob=0.15,20,107,0.281579,5,16,True,1,16,29.0,21,34.0,17.0,19,9,20,ndcg_at_k,33.0,18,0.578947,0.709091,0.996183,1.0,0.35,1.0,0.990654,0.0002,0.000166,1.6e-05,0.001899,4.9e-05,0.001631,0.005978
fiqa,q_fiqa_000070,borda,qrels_flip,synthetic corruption: qrels-derived edges with flip_prob=0.15,20,107,0.281579,5,16,True,1,16,29.0,21,34.0,17.0,19,9,20,ndcg_at_k,35.0,20,0.526316,0.563636,0.975426,1.0,0.35,1.0,0.953271,0.0002,0.000166,1.6e-05,0.001899,1.9e-05,0.001631,0.005978
fiqa,q_fiqa_000070,pagerank,qrels_flip,synthetic corruption: qrels-derived edges with flip_prob=0.15,20,107,0.281579,5,16,True,1,16,29.0,21,34.0,17.0,19,9,20,ndcg_at_k,26.0,15,0.389474,0.490909,0.783856,0.93254,0.35,1.0,0.906542,0.0002,0.000166,1.6e-05,0.001899,0.00153,0.001631,0.005978
fiqa,q_fiqa_000070,greedy_fas_topological,qrels_flip,synthetic corruption: qrels-derived edges with flip_prob=0.15,20,107,0.281579,5,16,True,1,16,29.0,21,34.0,17.0,19,9,20,ndcg_at_k,18.0,13,0.273684,0.163636,0.711611,0.913658,0.35,1.0,0.831776,0.0002,0.000166,1.6e-05,0.001899,6.7e-05,0.001631,0.005978
fiqa,q_fiqa_000070,greedy_fas_weighted_balance,qrels_flip,synthetic corruption: qrels-derived edges with flip_prob=0.15,20,107,0.281579,5,16,True,1,16,29.0,21,34.0,17.0,19,9,20,ndcg_at_k,34.0,19,0.557895,0.672727,0.993334,1.0,0.35,1.0,0.981308,0.0002,0.000166,1.6e-05,0.001899,4e-05,0.001631,0.005978
fiqa,q_fiqa_000070,greedy_fas_copeland,qrels_flip,synthetic corruption: qrels-derived edges with flip_prob=0.15,20,107,0.281579,5,16,True,1,16,29.0,21,34.0,17.0,19,9,20,ndcg_at_k,34.0,21,0.452632,0.309091,0.689783,1.0,0.35,1.0,0.88785,0.0002,0.000166,1.6e-05,0.001899,2.7e-05,0.001631,0.005978
fiqa,q_fiqa_000070,greedy_fas_score_augmented_topological,qrels_flip,synthetic corruption: qrels-derived edges with flip_prob=0.15,20,107,0.281579,5,16,True,1,16,29.0,21,34.0,17.0,19,9,20,ndcg_at_k,19.0,14,0.052632,0.127273,0.663364,0.913658,0.35,1.0,0.82243,0.0002,0.000166,1.6e-05,0.001899,4.6e-05,0.001631,0.005978
fiqa,q_fiqa_000070,fas_balance_score_prior_alpha_beta,qrels_flip,synthetic corruption: qrels-derived edges with flip_prob=0.15,20,107,0.281579,5,16,True,1,16,29.0,21,34.0,17.0,19,9,20,ndcg_at_k,34.0,19,0.557895,0.672727,0.993334,1.0,0.35,1.0,0.981308,0.0002,0.000166,1.6e-05,0.001899,5.7e-05,0.001631,0.005978
fiqa,q_fiqa_000070,hybrid_rrf_fas_regularized,qrels_flip,synthetic corruption: qrels-derived edges with flip_prob=0.15,20,107,0.281579,5,16,True,1,16,29.0,21,34.0,17.0,19,9,20,ndcg_at_k,34.0,19,0.557895,0.672727,0.993334,1.0,0.35,1.0,0.981308,0.0002,0.000166,1.6e-05,0.001899,4.8e-05,0.001631,0.005978
fiqa,q_fiqa_000070,hybrid_rrf_balance_a05,qrels_flip,synthetic corruption: qrels-derived edges with flip_prob=0.15,20,107,0.281579,5,16,True,1,16,29.0,21,34.0,17.0,19,9,20,ndcg_at_k,34.0,19,0.557895,0.672727,0.993334,1.0,0.35,1.0,0.981308,0.0002,0.000166,1.6e-05,0.001899,4.4e-05,0.001631,0.005978
fiqa,q_fiqa_000070,hybrid_rrf_copeland_a03,qrels_flip,synthetic corruption: qrels-derived edges with flip_prob=0.15,20,107,0.281579,5,16,True,1,16,29.0,21,34.0,17.0,19,9,20,ndcg_at_k,34.0,21,0.452632,0.309091,0.689783,1.0,0.35,1.0,0.88785,0.0002,0.000166,1.6e-05,0.001899,5.1e-05,0.001631,0.005978
fiqa,q_fiqa_000070,hybrid_rrf_priority_topo_a03,qrels_flip,synthetic corruption: qrels-derived edges with flip_prob=0.15,20,107,0.281579,5,16,True,1,16,29.0,21,34.0,17.0,19,9,20,ndcg_at_k,24.0,16,0.2,0.236364,0.716546,0.936735,0.35,1.0,0.859813,0.0002,0.000166,1.6e-05,0.001899,8.8e-05,0.001631,0.005978
fiqa,q_fiqa_000033,score_sum,qrels_flip,synthetic corruption: qrels-derived edges with flip_prob=0.15,20,125,0.328947,2,19,True,1,19,53.0,34,52.0,30.0,25,14,20,ndcg_at_k,51.0,24,0.684211,0.692308,0.991696,1.0,0.45,1.0,0.992,0.000224,0.000193,1.6e-05,0.002598,4.3e-05,0.00182,0.006882
fiqa,q_fiqa_000033,borda,qrels_flip,synthetic corruption: qrels-derived edges with flip_prob=0.15,20,125,0.328947,2,19,True,1,19,53.0,34,52.0,30.0,25,14,20,ndcg_at_k,47.0,22,0.610526,0.358974,0.816391,1.0,0.45,1.0,0.896,0.000224,0.000193,1.6e-05,0.002598,1.9e-05,0.00182,0.006882
fiqa,q_fiqa_000033,pagerank,qrels_flip,synthetic corruption: qrels-derived edges with flip_prob=0.15,20,125,0.328947,2,19,True,1,19,53.0,34,52.0,30.0,25,14,20,ndcg_at_k,58.0,30,0.452632,0.589744,0.762063,0.739141,0.45,1.0,0.848,0.000224,0.000193,1.6e-05,0.002598,0.001518,0.00182,0.006882
fiqa,q_fiqa_000033,greedy_fas_topological,qrels_flip,synthetic corruption: qrels-derived edges with flip_prob=0.15,20,125,0.328947,2,19,True,1,19,53.0,34,52.0,30.0,25,14,20,ndcg_at_k,38.0,23,0.389474,0.102564,0.673495,0.866204,0.45,1.0,0.728,0.000224,0.000193,1.6e-05,0.002598,7e-05,0.00182,0.006882
fiqa,q_fiqa_000033,greedy_fas_weighted_balance,qrels_flip,synthetic corruption: qrels-derived edges with flip_prob=0.15,20,125,0.328947,2,19,True,1,19,53.0,34,52.0,30.0,25,14,20,ndcg_at_k,52.0,27,0.578947,0.538462,0.951824,0.979798,0.45,1.0,0.936,0.000224,0.000193,1.6e-05,0.002598,4.3e-05,0.00182,0.006882
fiqa,q_fiqa_000033,greedy_fas_copeland,qrels_flip,synthetic corruption: qrels-derived edges with flip_prob=0.15,20,125,0.328947,2,19,True,1,19,53.0,34,52.0,30.0,25,14,20,ndcg_at_k,54.0,27,0.494737,0.230769,0.7057,0.979798,0.45,1.0,0.84,0.000224,0.000193,1.6e-05,0.002598,2.7e-05,0.00182,0.006882
fiqa,q_fiqa_000033,greedy_fas_score_augmented_topological,qrels_flip,synthetic corruption: qrels-derived edges with flip_prob=0.15,20,125,0.328947,2,19,True,1,19,53.0,34,52.0,30.0,25,14,20,ndcg_at_k,44.0,27,0.210526,0.051282,0.656299,0.86676,0.45,1.0,0.712,0.000224,0.000193,1.6e-05,0.002598,4.6e-05,0.00182,0.006882
fiqa,q_fiqa_000033,fas_balance_score_prior_alpha_beta,qrels_flip,synthetic corruption: qrels-derived edges with flip_prob=0.15,20,125,0.328947,2,19,True,1,19,53.0,34,52.0,30.0,25,14,20,ndcg_at_k,49.0,24,0.6,0.615385,0.973743,0.988889,0.45,1.0,0.96,0.000224,0.000193,1.6e-05,0.002598,5.8e-05,0.00182,0.006882
fiqa,q_fiqa_000033,hybrid_rrf_fas_regularized,qrels_flip,synthetic corruption: qrels-derived edges with flip_prob=0.15,20,125,0.328947,2,19,True,1,19,53.0,34,52.0,30.0,25,14,20,ndcg_at_k,52.0,27,0.578947,0.538462,0.951824,0.979798,0.45,1.0,0.936,0.000224,0.000193,1.6e-05,0.002598,5e-05,0.00182,0.006882
fiqa,q_fiqa_000033,hybrid_rrf_balance_a05,qrels_flip,synthetic corruption: qrels-derived edges with flip_prob=0.15,20,125,0.328947,2,19,True,1,19,53.0,34,52.0,30.0,25,14,20,ndcg_at_k,52.0,27,0.578947,0.538462,0.951824,0.979798,0.45,1.0,0.936,0.000224,0.000193,1.6e-05,0.002598,4.4e-05,0.00182,0.006882
fiqa,q_fiqa_000033,hybrid_rrf_copeland_a03,qrels_flip,synthetic corruption: qrels-derived edges with flip_prob=0.15,20,125,0.328947,2,19,True,1,19,53.0,34,52.0,30.0,25,14,20,ndcg_at_k,54.0,27,0.494737,0.230769,0.7057,0.979798,0.45,1.0,0.84,0.000224,0.000193,1.6e-05,0.002598,3.4e-05,0.00182,0.006882
fiqa,q_fiqa_000033,hybrid_rrf_priority_topo_a03,qrels_flip,synthetic corruption: qrels-derived edges with flip_prob=0.15,20,125,0.328947,2,19,True,1,19,53.0,34,52.0,30.0,25,14,20,ndcg_at_k,40.0,23,0.336842,0.179487,0.826139,0.871644,0.45,1.0,0.76,0.000224,0.000193,1.6e-05,0.002598,7.9e-05,0.00182,0.006882
fiqa,q_fiqa_000172,score_sum,qrels_flip,synthetic corruption: qrels-derived edges with flip_prob=0.15,20,128,0.336842,2,19,True,1,19,55.0,33,37.0,13.0,18,6,20,ndcg_at_k,37.0,18,0.684211,0.769231,1.0,1.0,0.5,1.0,1.0,0.000226,0.000213,1.6e-05,0.0026,4.2e-05,0.001744,0.007938
fiqa,q_fiqa_000172,borda,qrels_flip,synthetic corruption: qrels-derived edges with flip_prob=0.15,20,128,0.336842,2,19,True,1,19,55.0,33,37.0,13.0,18,6,20,ndcg_at_k,35.0,17,0.694737,0.692308,0.992136,1.0,0.5,1.0,0.976562,0.000226,0.000213,1.6e-05,0.0026,1.9e-05,0.001744,0.007938
fiqa,q_fiqa_000172,pagerank,qrels_flip,synthetic corruption: qrels-derived edges with flip_prob=0.15,20,128,0.336842,2,19,True,1,19,55.0,33,37.0,13.0,18,6,20,ndcg_at_k,72.0,35,0.347368,0.538462,0.694289,0.746025,0.5,1.0,0.789062,0.000226,0.000213,1.6e-05,0.0026,0.002618,0.001744,0.007938
fiqa,q_fiqa_000172,greedy_fas_topological,qrels_flip,synthetic corruption: qrels-derived edges with flip_prob=0.15,20,128,0.336842,2,19,True,1,19,55.0,33,37.0,13.0,18,6,20,ndcg_at_k,46.0,26,0.347368,0.333333,0.804189,0.973333,0.5,1.0,0.84375,0.000226,0.000213,1.6e-05,0.0026,6.7e-05,0.001744,0.007938
fiqa,q_fiqa_000172,greedy_fas_weighted_balance,qrels_flip,synthetic corruption: qrels-derived edges with flip_prob=0.15,20,128,0.336842,2,19,True,1,19,55.0,33,37.0,13.0,18,6,20,ndcg_at_k,37.0,18,0.621053,0.871795,1.0,1.0,0.5,1.0,1.0,0.000226,0.000213,1.6e-05,0.0026,4.2e-05,0.001744,0.007938
fiqa,q_fiqa_000172,greedy_fas_copeland,qrels_flip,synthetic corruption: qrels-derived edges with flip_prob=0.15,20,128,0.336842,2,19,True,1,19,55.0,33,37.0,13.0,18,6,20,ndcg_at_k,52.0,27,0.484211,0.461538,0.880482,1.0,0.5,1.0,0.882812,0.000226,0.000213,1.6e-05,0.0026,2.7e-05,0.001744,0.007938
fiqa,q_fiqa_000172,greedy_fas_score_augmented_topological,qrels_flip,synthetic corruption: qrels-derived edges with flip_prob=0.15,20,128,0.336842,2,19,True,1,19,55.0,33,37.0,13.0,18,6,20,ndcg_at_k,41.0,23,0.252632,0.358974,0.918277,0.973333,0.5,1.0,0.851562,0.000226,0.000213,1.6e-05,0.0026,4.4e-05,0.001744,0.007938
fiqa,q_fiqa_000172,fas_balance_score_prior_alpha_beta,qrels_flip,synthetic corruption: qrels-derived edges with flip_prob=0.15,20,128,0.336842,2,19,True,1,19,55.0,33,37.0,13.0,18,6,20,ndcg_at_k,37.0,18,0.610526,0.846154,1.0,1.0,0.5,1.0,1.0,0.000226,0.000213,1.6e-05,0.0026,7.4e-05,0.001744,0.007938
fiqa,q_fiqa_000172,hybrid_rrf_fas_regularized,qrels_flip,synthetic corruption: qrels-derived edges with flip_prob=0.15,20,128,0.336842,2,19,True,1,19,55.0,33,37.0,13.0,18,6,20,ndcg_at_k,37.0,18,0.621053,0.871795,1.0,1.0,0.5,1.0,1.0,0.000226,0.000213,1.6e-05,0.0026,4.9e-05,0.001744,0.007938
fiqa,q_fiqa_000172,hybrid_rrf_balance_a05,qrels_flip,synthetic corruption: qrels-derived edges with flip_prob=0.15,20,128,0.336842,2,19,True,1,19,55.0,33,37.0,13.0,18,6,20,ndcg_at_k,37.0,18,0.621053,0.871795,1.0,1.0,0.5,1.0,1.0,0.000226,0.000213,1.6e-05,0.0026,4.5e-05,0.001744,0.007938
fiqa,q_fiqa_000172,hybrid_rrf_copeland_a03,qrels_flip,synthetic corruption: qrels-derived edges with flip_prob=0.15,20,128,0.336842,2,19,True,1,19,55.0,33,37.0,13.0,18,6,20,ndcg_at_k,52.0,27,0.484211,0.461538,0.880482,1.0,0.5,1.0,0.882812,0.000226,0.000213,1.6e-05,0.0026,3.2e-05,0.001744,0.007938
fiqa,q_fiqa_000172,hybrid_rrf_priority_topo_a03,qrels_flip,synthetic corruption: qrels-derived edges with flip_prob=0.15,20,128,0.336842,2,19,True,1,19,55.0,33,37.0,13.0,18,6,20,ndcg_at_k,42.0,24,0.389474,0.384615,0.921061,0.973333,0.5,1.0,0.859375,0.000226,0.000213,1.6e-05,0.0026,8e-05,0.001744,0.007938
fiqa,q_fiqa_000136,score_sum,qrels_flip,synthetic corruption: qrels-derived edges with flip_prob=0.15,20,92,0.242105,5,16,True,1,16,40.0,23,37.0,20.0,16,10,20,ndcg_at_k,37.0,16,0.547368,0.745455,1.0,1.0,0.3,1.0,1.0,0.00018,0.000133,1.6e-05,0.002893,3.6e-05,0.001608,0.046022
fiqa,q_fiqa_000136,borda,qrels_flip,synthetic corruption: qrels-derived edges with flip_prob=0.15,20,92,0.242105,5,16,True,1,16,40.0,23,37.0,20.0,16,10,20,ndcg_at_k,39.0,17,0.578947,0.636364,0.9538,1.0,0.3,1.0,0.967391,0.00018,0.000133,1.6e-05,0.002893,3.1e-05,0.001608,0.046022
fiqa,q_fiqa_000136,pagerank,qrels_flip,synthetic corruption: qrels-derived edges with flip_prob=0.15,20,92,0.242105,5,16,True,1,16,40.0,23,37.0,20.0,16,10,20,ndcg_at_k,41.0,20,0.336842,0.854545,0.763386,0.668056,0.3,1.0,0.891304,0.00018,0.000133,1.6e-05,0.002893,0.040623,0.001608,0.046022
fiqa,q_fiqa_000136,greedy_fas_topological,qrels_flip,synthetic corruption: qrels-derived edges with flip_prob=0.15,20,92,0.242105,5,16,True,1,16,40.0,23,37.0,20.0,16,10,20,ndcg_at_k,37.0,22,0.168421,0.709091,0.880034,0.605357,0.3,1.0,0.695652,0.00018,0.000133,1.6e-05,0.002893,8.3e-05,0.001608,0.046022
fiqa,q_fiqa_000136,greedy_fas_weighted_balance,qrels_flip,synthetic corruption: qrels-derived edges with flip_prob=0.15,20,92,0.242105,5,16,True,1,16,40.0,23,37.0,20.0,16,10,20,ndcg_at_k,45.0,24,0.442105,0.818182,0.990626,0.840909,0.3,1.0,0.891304,0.00018,0.000133,1.6e-05,0.002893,5.4e-05,0.001608,0.046022
fiqa,q_fiqa_000136,greedy_fas_copeland,qrels_flip,synthetic corruption: qrels-derived edges with flip_prob=0.15,20,92,0.242105,5,16,True,1,16,40.0,23,37.0,20.0,16,10,20,ndcg_at_k,40.0,19,0.484211,0.781818,0.993755,0.888889,0.3,1.0,0.923913,0.00018,0.000133,1.6e-05,0.002893,3.3e-05,0.001608,0.046022
fiqa,q_fiqa_000136,greedy_fas_score_augmented_topological,qrels_flip,synthetic corruption: qrels-derived edges with flip_prob=0.15,20,92,0.242105,5,16,True,1,16,40.0,23,37.0,20.0,16,10,20,ndcg_at_k,32.0,19,0.052632,0.745455,0.885164,0.62151,0.3,1.0,0.728261,0.00018,0.000133,1.6e-05,0.002893,6.1e-05,0.001608,0.046022
fiqa,q_fiqa_000136,fas_balance_score_prior_alpha_beta,qrels_flip,synthetic corruption: qrels-derived edges with flip_prob=0.15,20,92,0.242105,5,16,True,1,16,40.0,23,37.0,20.0,16,10,20,ndcg_at_k,37.0,16,0.505263,0.781818,1.0,1.0,0.3,1.0,1.0,0.00018,0.000133,1.6e-05,0.002893,6.3e-05,0.001608,0.046022
fiqa,q_fiqa_000136,hybrid_rrf_fas_regularized,qrels_flip,synthetic corruption: qrels-derived edges with flip_prob=0.15,20,92,0.242105,5,16,True,1,16,40.0,23,37.0,20.0,16,10,20,ndcg_at_k,45.0,24,0.442105,0.818182,0.990626,0.840909,0.3,1.0,0.891304,0.00018,0.000133,1.6e-05,0.002893,5.4e-05,0.001608,0.046022
fiqa,q_fiqa_000136,hybrid_rrf_balance_a05,qrels_flip,synthetic corruption: qrels-derived edges with flip_prob=0.15,20,92,0.242105,5,16,True,1,16,40.0,23,37.0,20.0,16,10,20,ndcg_at_k,45.0,24,0.442105,0.818182,0.990626,0.840909,0.3,1.0,0.891304,0.00018,0.000133,1.6e-05,0.002893,4.3e-05,0.001608,0.046022
fiqa,q_fiqa_000136,hybrid_rrf_copeland_a03,qrels_flip,synthetic corruption: qrels-derived edges with flip_prob=0.15,20,92,0.242105,5,16,True,1,16,40.0,23,37.0,20.0,16,10,20,ndcg_at_k,40.0,19,0.484211,0.781818,0.993755,0.888889,0.3,1.0,0.923913,0.00018,0.000133,1.6e-05,0.002893,3.7e-05,0.001608,0.046022
fiqa,q_fiqa_000136,hybrid_rrf_priority_topo_a03,qrels_flip,synthetic corruption: qrels-derived edges with flip_prob=0.15,20,92,0.242105,5,16,True,1,16,40.0,23,37.0,20.0,16,10,20,ndcg_at_k,37.0,22,0.115789,0.745455,0.880034,0.605357,0.3,1.0,0.695652,0.00018,0.000133,1.6e-05,0.002893,7.4e-05,0.001608,0.046022
