dataset,query_id,method,preference_source,n_candidates,ndcg_at_k,map_at_k,precision_at_k,recall_at_k,backward_edge_weight,pairwise_inconsistency
scidocs,ba69c46c62b525941e91d0788d20b6ef91847cc4,cross_encoder,cross_encoder,20,0.966834,0.9,0.25,1.0,2.0,2
scidocs,7526f88d4ee7a380fecd05c1f92208ad94605cec,cross_encoder,cross_encoder,20,0.829541,0.610324,0.2,1.0,18.0,18
scidocs,dc344ea8e993584b924522d95febaeb74de2ad30,cross_encoder,cross_encoder,20,0.981848,0.942857,0.25,1.0,2.0,2
scidocs,e5adfc2f23602a5256e89b84615e1434e5375f0e,cross_encoder,cross_encoder,20,0.798419,0.574603,0.25,1.0,14.0,14
scidocs,09109a5375d8e2ca752bedde17ba5acad1df61cb,cross_encoder,cross_encoder,20,0.975788,0.925,0.25,1.0,3.0,3
scidocs,6f54a7933235ced5684e3bff18f7e5dc40510018,cross_encoder,cross_encoder,20,0.960449,0.883333,0.25,1.0,3.0,3
scidocs,1312b0d0a957fc2bbfc2612dd89ba9003c57a08c,cross_encoder,cross_encoder,20,1.0,1.0,0.25,1.0,0.0,0
scidocs,b37225fc67e1aeeb7877c4691f9036ed5cc01efa,cross_encoder,cross_encoder,20,0.872295,0.675359,0.25,1.0,14.0,14
scidocs,4ec90b7da43e6438cbdc756624b1083f30288064,cross_encoder,cross_encoder,20,0.454313,0.201111,0.25,1.0,39.0,39
scidocs,78495383450e02c5fe817e408726134b3084905d,cross_encoder,cross_encoder,20,0.78661,0.527778,0.25,1.0,22.0,22
scidocs,28f3343d2419147213e7580934cfc4e0cb88b088,cross_encoder,cross_encoder,20,0.862032,0.655556,0.25,1.0,18.0,18
scidocs,c4e76b318149a106563d53892dde801a37a637cc,cross_encoder,cross_encoder,20,1.0,1.0,0.25,1.0,0.0,0
scidocs,5f1f12015d55c51764be27df92de175d2de8ee0d,cross_encoder,cross_encoder,20,1.0,1.0,0.25,1.0,0.0,0
scidocs,8bb49c0658d7b7cff42c655a6d7e005372ad32ea,cross_encoder,cross_encoder,20,0.966834,0.9,0.25,1.0,4.0,4
scidocs,9e76a700f03ef476b964b27e23c071163e44c232,cross_encoder,cross_encoder,20,1.0,1.0,0.25,1.0,0.0,0
scidocs,7445178858159988f2b17aa21376e13767fce5a6,cross_encoder,cross_encoder,20,0.947269,0.852632,0.25,1.0,8.0,8
scidocs,b47402a9a68f23b548ae6e0349700ea651b7a373,cross_encoder,cross_encoder,20,0.906159,0.747712,0.25,1.0,13.0,13
scidocs,0c3ffd5f1b577e38604f361ee71feb312b5b0cab,cross_encoder,cross_encoder,20,0.895807,0.725359,0.25,1.0,15.0,15
scidocs,ac24b99a5db633ce45f053287ca806157fff9663,cross_encoder,cross_encoder,20,0.399843,0.161468,0.25,1.0,45.0,45
scidocs,4a343313042b654c7d85313de3d88486a1d0e9de,cross_encoder,cross_encoder,20,1.0,1.0,0.2,1.0,0.0,0
scidocs,661a03482f0532b7355188059b2263091ade1bae,cross_encoder,cross_encoder,20,1.0,1.0,0.25,1.0,0.0,0
scidocs,c05ae45c262b270df1e99a32efa35036aae8d950,cross_encoder,cross_encoder,20,0.963401,0.890909,0.25,1.0,6.0,6
scidocs,4d4dc6568e24f283f3c5bcb88f280908a35da0e3,cross_encoder,cross_encoder,20,0.847703,0.653175,0.25,1.0,9.0,9
scidocs,6affd37b83d4fca0d0e54e5d75433a74cb142671,cross_encoder,cross_encoder,20,1.0,1.0,0.25,1.0,0.0,0
scidocs,8d37da5a9f05ee71d06cc6afcc1b14f8ff83147f,cross_encoder,cross_encoder,20,1.0,1.0,0.25,1.0,0.0,0
scidocs,6cdbbced12bff53bcbdde3cdb6d20b4bd02a9d6c,cross_encoder,cross_encoder,20,0.966985,0.902857,0.25,1.0,2.0,2
scidocs,8bb3a478db8951f42198a885d7245d58036ba55c,cross_encoder,cross_encoder,20,0.818671,0.578205,0.25,1.0,22.0,22
scidocs,7dcb308b9292a8bc87d6f7793d2ca5e0e19dfa40,cross_encoder,cross_encoder,20,0.848405,0.628283,0.25,1.0,13.0,13
scidocs,5137d6a245dffe321df34999fa77e190c19b4c37,cross_encoder,cross_encoder,20,0.938144,0.824242,0.25,1.0,4.0,4
scidocs,b8397b4418bb1d576210d9a39d44725d6ffb2a44,cross_encoder,cross_encoder,20,0.812013,0.565797,0.25,1.0,18.0,18
scidocs,9003fb79e7848ced3be975c3d87a9348a4b8d377,cross_encoder,cross_encoder,20,0.904717,0.804167,0.2,1.0,3.0,3
scidocs,eb3d1b885bfa800badfd79c6921a07d01491aedb,cross_encoder,cross_encoder,20,0.842667,0.617076,0.25,1.0,14.0,14
scidocs,c20b4068be640ebaffbc56382c3e4e0bcf62664e,cross_encoder,cross_encoder,20,1.0,1.0,0.25,1.0,0.0,0
scidocs,7323c2d32d6cdc3604dcedc574508d042ce3821e,cross_encoder,cross_encoder,20,0.906936,0.75,0.25,1.0,15.0,15
scidocs,e642d6014a5762128a28f85dae2228826e682974,cross_encoder,cross_encoder,20,1.0,1.0,0.25,1.0,0.0,0
scidocs,51ee97313309157219412b6f5dfb314682b33992,cross_encoder,cross_encoder,20,1.0,1.0,0.25,1.0,0.0,0
scidocs,866b1a9819f662ac2499be231965ded8e0323c7f,cross_encoder,cross_encoder,20,0.792358,0.563889,0.25,1.0,11.0,11
scidocs,a829c1093eb4d78a198ebb9b4a33a8137b0359df,cross_encoder,cross_encoder,20,0.723386,0.555556,0.25,1.0,7.0,7
scidocs,0ce7927d613e66a2062516e9e85e1b9a36d54029,cross_encoder,cross_encoder,20,0.67679,0.369883,0.25,1.0,31.0,31
scidocs,6079719b677d0abda12abcd5cd46582ca91585ad,cross_encoder,cross_encoder,20,0.662076,0.456923,0.25,1.0,11.0,11
scidocs,0daf48d0ce4e4200a753c28519f5761b160944fb,cross_encoder,cross_encoder,20,0.917231,0.781429,0.25,1.0,7.0,7
scidocs,3ad8328b066bedca77c858a399a77521563d5c99,cross_encoder,cross_encoder,20,0.943473,0.852857,0.25,1.0,3.0,3
scidocs,b8eea99bb5345329ea058072133f568f7bdd27bd,cross_encoder,cross_encoder,20,0.955606,0.871429,0.25,1.0,5.0,5
scidocs,29373c5bb0d60320844905916aec09d64c24cd79,cross_encoder,cross_encoder,20,0.911635,0.760317,0.25,1.0,10.0,10
scidocs,6ae4d0b388aa9262e80c3eedc1cb3e5f06842368,cross_encoder,cross_encoder,20,0.918216,0.79619,0.25,1.0,0.0,0
scidocs,bfebba8356c5d20dc6a9b2f72ff66adaf63321b7,cross_encoder,cross_encoder,20,0.748636,0.629524,0.25,1.0,5.0,5
scidocs,2747421989619d293c05b0b82a547009128ebadb,cross_encoder,cross_encoder,20,0.881278,0.697059,0.25,1.0,13.0,13
scidocs,21b1180af3087c1333708a9873f6d473eabe6751,cross_encoder,cross_encoder,20,0.955606,0.871429,0.25,1.0,7.0,7
scidocs,b045f045e331700cdef309e0d40b15a64cdf5b8a,cross_encoder,cross_encoder,20,0.854906,0.642105,0.25,1.0,20.0,20
scidocs,1a66df57f88e689438d505474eff73e3a9180c5b,cross_encoder,cross_encoder,20,0.88238,0.703333,0.25,1.0,10.0,10
scidocs,60f9c8ba8e00e9e03e8bb80640fcfa3889a36327,cross_encoder,cross_encoder,20,1.0,1.0,0.25,1.0,0.0,0
scidocs,f46a2337a9d94d68c2d92f0aa0ca693adafc3346,cross_encoder,cross_encoder,20,0.918065,0.783333,0.25,1.0,8.0,8
scidocs,04e4034344bda5c97015ea634e6eb1b65ef3a898,cross_encoder,cross_encoder,20,0.948636,0.855556,0.25,1.0,9.0,9
scidocs,2a3b696dccb9e31f0321c83a86f26041c72b1bc9,cross_encoder,cross_encoder,20,0.966834,0.9,0.25,1.0,4.0,4
scidocs,5ded1e19eb785dc0707c94f62f552798db9dd2ef,cross_encoder,cross_encoder,20,0.982892,0.95,0.2,1.0,1.0,1
scidocs,853bd61bc48a431b9b1c7cab10c603830c488e39,cross_encoder,cross_encoder,20,0.945635,0.844444,0.25,1.0,5.0,5
scidocs,9a2c20b7b8602d1dd7332f8fb5017e5c846185c4,cross_encoder,cross_encoder,20,0.910261,0.765556,0.25,1.0,9.0,9
scidocs,b59d6a8f4acaa63d773356fe320368b9f76a15cf,cross_encoder,cross_encoder,20,0.88238,0.703333,0.25,1.0,11.0,11
scidocs,3131776d3b838e3a22ed9ccd7b7b92a41410df28,cross_encoder,cross_encoder,20,0.989606,0.966667,0.25,1.0,0.0,0
scidocs,848c3eb292d721e53631c0d6c988f380cbb0e225,cross_encoder,cross_encoder,20,1.0,1.0,0.25,1.0,0.0,0
scidocs,8384094ce1b342da9eabd2ec939e9bb16ca7ff5c,cross_encoder,cross_encoder,20,0.989606,0.966667,0.25,1.0,1.0,1
scidocs,425a2cb778130d0fd57d00eaf3cbe347c4ee7641,cross_encoder,cross_encoder,20,0.953585,0.866667,0.25,1.0,6.0,6
scidocs,92ec85037f5e195c8aa184534a59b356c6ef7599,cross_encoder,cross_encoder,20,0.951771,0.8625,0.25,1.0,5.0,5
scidocs,546b3592f59b3445ef12fba506b729c832198c33,cross_encoder,cross_encoder,20,0.907637,0.76,0.25,1.0,12.0,12
scidocs,51236676c3bba877d82c31b393db1af4846527ac,cross_encoder,cross_encoder,20,0.948636,0.855556,0.25,1.0,8.0,8
scidocs,d6b56cc6e05300426b6194dd3f6a38720678827e,cross_encoder,cross_encoder,20,1.0,1.0,0.25,1.0,0.0,0
scidocs,498aad3cb4d2b8e8ff1e68a40be7dec27e8139f4,cross_encoder,cross_encoder,20,1.0,1.0,0.25,1.0,0.0,0
scidocs,0491b1a097378701dbbab2ce9dcc2e109a95d97e,cross_encoder,cross_encoder,20,1.0,1.0,0.25,1.0,0.0,0
scidocs,2c64233ad8239884cdd410fb63c63124bd9fb515,cross_encoder,cross_encoder,20,1.0,1.0,0.25,1.0,0.0,0
scidocs,012e396b02aa584cb74a65ae14af355e7c897858,cross_encoder,cross_encoder,20,0.95013,0.858824,0.25,1.0,9.0,9
scidocs,0a149bfc3080902dab96a0bfdfe1d4ab2ec0cc2a,cross_encoder,cross_encoder,20,0.731469,0.442632,0.25,1.0,23.0,23
scidocs,40c6b953b5c04b3df4164cd487c4bc00cf0e487d,cross_encoder,cross_encoder,20,0.961999,0.892857,0.2,1.0,1.0,1
scidocs,725ed843566051638d023ebfdb0311def12cba2a,cross_encoder,cross_encoder,20,0.948636,0.855556,0.25,1.0,8.0,8
scidocs,3713243ded59fd9b0a4428bd101616bad7393311,cross_encoder,cross_encoder,20,0.455646,0.199037,0.25,1.0,41.0,41
scidocs,74ff6bd7f70bb2fe17016ded5104614c001f0cef,cross_encoder,cross_encoder,20,0.95583,0.8875,0.2,1.0,2.0,2
scidocs,dc4ed2b22123596bb329221a18c8b92176fc7263,cross_encoder,cross_encoder,20,0.912997,0.764286,0.25,1.0,11.0,11
scidocs,a65e6a974212ed28133c2fe1e3b97a18dbc40cb6,cross_encoder,cross_encoder,20,0.848662,0.628824,0.25,1.0,13.0,13
scidocs,da6629447f61ef8b07ce0698b490e3fe7210c1e3,cross_encoder,cross_encoder,20,0.945635,0.844444,0.25,1.0,2.0,2
scidocs,1134105faa6a16969fede23d16f0c0df129c5888,cross_encoder,cross_encoder,20,0.826255,0.613131,0.25,1.0,7.0,7
scidocs,e0ec382c51a043b1996a74af96d10cda33fdf6eb,cross_encoder,cross_encoder,20,0.920755,0.783333,0.25,1.0,13.0,13
scidocs,c0bbc89889691aca1f81f3727a0587eadfe4e8af,cross_encoder,cross_encoder,20,0.931148,0.81,0.25,1.0,9.0,9
scidocs,756bf25afe8e6ca92ba1795bcb5fb4e93d8ed6b2,cross_encoder,cross_encoder,20,0.935192,0.816667,0.25,1.0,3.0,3
scidocs,27fb7f79c74af0de19b3a9691268f9ca32bdda82,cross_encoder,cross_encoder,20,0.974743,0.926667,0.25,1.0,0.0,0
scidocs,ce7f9b2c6566f21056d0d4bf06a0a172fd1064f1,cross_encoder,cross_encoder,20,0.960449,0.883333,0.25,1.0,3.0,3
scidocs,2b26645a12e3a11f53ae4d31798f1009376962db,cross_encoder,cross_encoder,20,1.0,1.0,0.25,1.0,0.0,0
scidocs,b66bcce42123af3d5384aa32f9b3f1721f7ae5fd,cross_encoder,cross_encoder,20,0.91451,0.766667,0.25,1.0,7.0,7
scidocs,e00ab75a8aa637d9c4c5c020e9f2c54b31528031,cross_encoder,cross_encoder,20,0.951971,0.86,0.25,1.0,4.0,4
scidocs,41a798995d414b0dadb0678cdf6c3107059c0b75,cross_encoder,cross_encoder,20,1.0,1.0,0.25,1.0,0.0,0
scidocs,7a59595f1859b72761b34892be8b6dc43f71d01e,cross_encoder,cross_encoder,20,1.0,1.0,0.25,1.0,0.0,0
scidocs,065985d4d0854c51f52ad7a7507b267d9b88ab1c,cross_encoder,cross_encoder,20,0.897243,0.733333,0.25,1.0,11.0,11
scidocs,a221588fd2d062462254481cfd9563fec2f7c387,cross_encoder,cross_encoder,20,0.930349,0.804762,0.25,1.0,8.0,8
scidocs,2df3b760190470c4af1be87328a20ce607e1ad98,cross_encoder,cross_encoder,20,0.966985,0.902857,0.25,1.0,2.0,2
scidocs,60184fecc57b51fd4f312b77e3817af18643ef8e,cross_encoder,cross_encoder,20,1.0,1.0,0.25,1.0,0.0,0
scidocs,78c00439aac79217675b00810386ff3bd89c86cc,cross_encoder,cross_encoder,20,0.854973,0.6425,0.25,1.0,14.0,14
scidocs,095923857403ebb1578ce82b085c97c75b522fa2,cross_encoder,cross_encoder,20,0.970892,0.911111,0.25,1.0,2.0,2
scidocs,e6be9c497285ece7f32b486c6cc72193b5a1fcb9,cross_encoder,cross_encoder,20,0.974743,0.926667,0.25,1.0,2.0,2
scidocs,58d105a565d27bd23443d257e36543ff7c40d167,cross_encoder,cross_encoder,20,1.0,1.0,0.25,1.0,0.0,0
scidocs,89e58773fa59ef5b57f229832c2a1b3e3efff37e,cross_encoder,cross_encoder,20,0.761353,0.511204,0.25,1.0,13.0,13
scidocs,4249d4c294e5edca091597b3b4f30c10201c1f9a,cross_encoder,cross_encoder,20,0.883048,0.711111,0.25,1.0,5.0,5
scidocs,d059440d92c707c30fd0f297f6c95de57bf92113,cross_encoder,cross_encoder,20,0.894783,0.724038,0.25,1.0,13.0,13
scidocs,9a5fa5e9c10dc40e20610795bad44e7e00391c1f,cross_encoder,cross_encoder,20,0.975788,0.925,0.25,1.0,2.0,2
scidocs,3e95925d2bca43223453010ff8516a492287ce19,cross_encoder,cross_encoder,20,0.839514,0.613824,0.25,1.0,18.0,18
scidocs,eb240f463fa57740986a92ee744c3ad75f8228e9,cross_encoder,cross_encoder,20,0.951771,0.8625,0.25,1.0,6.0,6
scidocs,ecb869b1f3830f7f98ee84bc415ddc97b0e0348b,cross_encoder,cross_encoder,20,0.781651,0.71,0.25,1.0,5.0,5
scidocs,89c8e0ac83e8bac69ca41b63bb887a02950bbe9c,cross_encoder,cross_encoder,20,0.946012,0.85,0.25,1.0,10.0,10
scidocs,f22ae66b083183494f2ab0f5c7758fb03d69b05c,cross_encoder,cross_encoder,20,0.931148,0.81,0.25,1.0,8.0,8
scidocs,e9c313fb4cfb8e31cd5ab80ef692dd30f27b70bf,cross_encoder,cross_encoder,20,0.791558,0.536667,0.25,1.0,18.0,18
scidocs,abe2c411f95a5057652dde7b2611331c8a3b3f14,cross_encoder,cross_encoder,20,0.448232,0.205556,0.15,1.0,14.0,14
scidocs,3f95e155b1c40911149fe994197a502ef44ebbbe,cross_encoder,cross_encoder,20,0.950531,0.858333,0.25,1.0,3.0,3
scidocs,78b6cbcceca106c039c9dc2d757376956882ac64,cross_encoder,cross_encoder,20,0.927019,0.808333,0.25,1.0,5.0,5
scidocs,c48caf1b6404e08cf4606508310c03e5df54d0f7,cross_encoder,cross_encoder,20,0.922124,0.794444,0.25,1.0,4.0,4
scidocs,31d33747d8fff0b7a0c40dcf9944015af9a15b1a,cross_encoder,cross_encoder,20,0.906936,0.75,0.25,1.0,13.0,13
scidocs,6374d969a99cf8da935377750f09f61875c81173,cross_encoder,cross_encoder,20,0.890998,0.716667,0.25,1.0,10.0,10
scidocs,071961fc3d61b893c12f07abfa2906859152e3a9,cross_encoder,cross_encoder,20,0.78719,0.546032,0.25,1.0,15.0,15
scidocs,52c036ba3ba46eadc146ad8e326eeb0c8acd1550,cross_encoder,cross_encoder,20,0.989606,0.966667,0.25,1.0,1.0,1
scidocs,c6e446d78d05c74bad63cf23997c595eebbe6113,cross_encoder,cross_encoder,20,0.975788,0.925,0.25,1.0,2.0,2
scidocs,45e4ed3f616b6177beff78721aaae0a61506be05,cross_encoder,cross_encoder,20,0.932406,0.812632,0.25,1.0,9.0,9
scidocs,7faf5d0915d604821d7ad2ade77f81a751309eee,cross_encoder,cross_encoder,20,1.0,1.0,0.25,1.0,0.0,0
scidocs,3547ac839d02f6efe3f6f76a8289738a22528442,cross_encoder,cross_encoder,20,0.732836,0.445556,0.25,1.0,23.0,23
scidocs,21a3a10bd30461c62140bd7ad0153935ae34ae5b,cross_encoder,cross_encoder,20,0.951771,0.8625,0.25,1.0,3.0,3
scidocs,7707c7aac35a4d206eb061305256452051ae4dcf,cross_encoder,cross_encoder,20,0.989606,0.966667,0.25,1.0,1.0,1
scidocs,5f16572861bf59950894f35aa896e4485868545e,cross_encoder,cross_encoder,20,0.989606,0.966667,0.25,1.0,1.0,1
scidocs,98f2ae796c7702de12174428a945861379665beb,cross_encoder,cross_encoder,20,0.900607,0.735556,0.25,1.0,10.0,10
scidocs,2ad9703a6e039258bc306e46c7eed1208a61f4aa,cross_encoder,cross_encoder,20,0.894783,0.724038,0.25,1.0,10.0,10
scidocs,8485904eddf45f3d221832600d8067d9998321e7,cross_encoder,cross_encoder,20,0.974743,0.926667,0.25,1.0,2.0,2
scidocs,471f97da7975bad68f142980e0dd7dc753388f2c,cross_encoder,cross_encoder,20,0.902101,0.738824,0.25,1.0,9.0,9
scidocs,c7514e9628d90692ccb355fece10d340e03780a2,cross_encoder,cross_encoder,20,0.937413,0.835,0.25,1.0,3.0,3
scidocs,a46d0a41ef1b28ec06a0a849c4c56bbe725b6964,cross_encoder,cross_encoder,20,1.0,1.0,0.25,1.0,0.0,0
scidocs,eecbbb0ba7b513a2fe1e7a0131213e5a94b1868a,cross_encoder,cross_encoder,20,0.946012,0.85,0.25,1.0,9.0,9
scidocs,76dac031066a95715a3b116eb2094ec9bdd15171,cross_encoder,cross_encoder,20,0.567073,0.289087,0.25,1.0,16.0,16
scidocs,d2e4a2d9590b7ae6c34fc59faa34a4217c5cac53,cross_encoder,cross_encoder,20,1.0,1.0,0.25,1.0,0.0,0
scidocs,cab59587e4b2dd441198cd37e0038cace6b6531e,cross_encoder,cross_encoder,20,0.974743,0.926667,0.25,1.0,2.0,2
scidocs,d6649d1eeace7fc7c020b047b22ba79c7481c324,cross_encoder,cross_encoder,20,1.0,1.0,0.25,1.0,0.0,0
scidocs,5056e36419b95411e4c03e9c011bbdd286bbb7a9,cross_encoder,cross_encoder,20,0.966985,0.902857,0.25,1.0,3.0,3
scidocs,863d0b86e5d2877e61f5cce971632abe2a1212cd,cross_encoder,cross_encoder,20,1.0,1.0,0.15,1.0,0.0,0
scidocs,bfd50521466808d022940fbcfe09e1835ae97822,cross_encoder,cross_encoder,20,0.506415,0.282632,0.25,1.0,15.0,15
scidocs,29da485e2e8c78d9646d1efb25986e5753269354,cross_encoder,cross_encoder,20,0.761733,0.498095,0.25,1.0,19.0,19
scidocs,0f9bacfc21069a07bf3135cb0e94d83014933260,cross_encoder,cross_encoder,20,0.600971,0.38549,0.25,1.0,20.0,20
scidocs,4f9b4c1ac6e1b2f417809009aff2fc11300cc855,cross_encoder,cross_encoder,20,1.0,1.0,0.25,1.0,0.0,0
scidocs,c24fc81dcec236527652eab35154ac0fd7a40929,cross_encoder,cross_encoder,20,0.476802,0.234872,0.25,1.0,26.0,26
scidocs,de1cc9b99f95041a1da383b6920cbf2907e0981a,cross_encoder,cross_encoder,20,0.852497,0.635966,0.25,1.0,15.0,15
scidocs,e48e9cf407af2694ecfefd441c2c28faffdf0835,cross_encoder,cross_encoder,20,1.0,1.0,0.25,1.0,0.0,0
scidocs,ebf4ef0701e6f6c2050e5bed0be54fd4d8a1d991,cross_encoder,cross_encoder,20,0.981848,0.942857,0.25,1.0,1.0,1
scidocs,484550334c626a749bada57e51a0db4a29085f87,cross_encoder,cross_encoder,20,0.884733,0.703333,0.25,1.0,21.0,21
scidocs,a9d7e7e918a68d1b95c6c6b29f7fabbbe01010f7,cross_encoder,cross_encoder,20,1.0,1.0,0.25,1.0,0.0,0
scidocs,57ad8dfb71589360810da83efce67b4cab2ff380,cross_encoder,cross_encoder,20,0.888111,0.754444,0.25,1.0,7.0,7
scidocs,6999766629d4103b9a00bc20a8e0df0c9d12d7da,cross_encoder,cross_encoder,20,1.0,1.0,0.25,1.0,0.0,0
scidocs,567909486e73156699a19a2c5e6f44ded727941f,cross_encoder,cross_encoder,20,0.899502,0.745397,0.25,1.0,6.0,6
scidocs,45191391555865feed98e04dde63358dd1111839,cross_encoder,cross_encoder,20,1.0,1.0,0.25,1.0,0.0,0
scidocs,9ddda6862a8eefbb04682b449eefd6f37a45949e,cross_encoder,cross_encoder,20,0.982892,0.95,0.2,1.0,1.0,1
scidocs,b158953a73fc7f023e16b430150968b6f237c806,cross_encoder,cross_encoder,20,0.931148,0.81,0.25,1.0,9.0,9
scidocs,e567e0ae41ac2b757b1e069c6d345c6a7413d9c1,cross_encoder,cross_encoder,20,0.947269,0.852632,0.25,1.0,7.0,7
scidocs,6930ea33403a3518080e819d138047a80618a075,cross_encoder,cross_encoder,20,0.951231,0.876667,0.25,1.0,0.0,0
scidocs,77b47c27f82bf9998fa49a5c4c670d96d43164d0,cross_encoder,cross_encoder,20,0.91943,0.779798,0.25,1.0,4.0,4
scidocs,901a4c9388b3cb9d30edc3e4a7ea7efb0b4e228b,cross_encoder,cross_encoder,20,0.9195,0.786923,0.25,1.0,5.0,5
scidocs,71d4e703201c98c9c9b44079600e289f234f09f2,cross_encoder,cross_encoder,20,0.908305,0.761111,0.25,1.0,6.0,6
scidocs,2a8bcf35e6b5b3910eea160b3a1fb3e6bcb3966e,cross_encoder,cross_encoder,20,0.825633,0.588283,0.25,1.0,18.0,18
scidocs,38ca15193faef0ab90e6cab5b82be5f7f1a83d67,cross_encoder,cross_encoder,20,0.989606,0.966667,0.25,1.0,0.0,0
scidocs,a2081b75867cb8c461530a0e71d4be1b4afe78a2,cross_encoder,cross_encoder,20,0.922124,0.794444,0.25,1.0,2.0,2
scidocs,afa13588cd866ec23cc71d634becbd507ea61093,cross_encoder,cross_encoder,20,1.0,1.0,0.25,1.0,0.0,0
scidocs,831e3f18d25cc65b6cd18f21ca5ad57bdc53cfce,cross_encoder,cross_encoder,20,0.957875,0.876923,0.25,1.0,5.0,5
scidocs,23ce229565447f22d5ef2b6d7cbd6d8003254ac2,cross_encoder,cross_encoder,20,0.902123,0.739394,0.25,1.0,10.0,10
scidocs,8a93cd1b6fbf7c8c86637bae18d979dafeb9a7c1,cross_encoder,cross_encoder,20,0.693505,0.391719,0.25,1.0,35.0,35
scidocs,566e31a4ad34b39b6d8a1953d77d9f74da135a2a,cross_encoder,cross_encoder,20,0.955606,0.871429,0.25,1.0,6.0,6
scidocs,f69885248d17bac47cc3469715fbb93aa7a4aabe,cross_encoder,cross_encoder,20,0.989606,0.966667,0.25,1.0,0.0,0
scidocs,a152205a7d745afa335322587e8f78c8e5e85111,cross_encoder,cross_encoder,20,0.85105,0.637143,0.25,1.0,14.0,14
scidocs,50d388989d9b25754ef9dc5663e85eaf64a17d24,cross_encoder,cross_encoder,20,1.0,1.0,0.25,1.0,0.0,0
scidocs,c6879cc784625e795f0097f479d136dc489104ce,cross_encoder,cross_encoder,20,0.910261,0.765556,0.25,1.0,11.0,11
scidocs,59dca5c15c275f26c7ae34fc940449aeb918c68b,cross_encoder,cross_encoder,20,0.924873,0.792157,0.25,1.0,8.0,8
scidocs,162991b10e2633c237ba2d4220c040f09c1679c1,cross_encoder,cross_encoder,20,0.804233,0.549487,0.25,1.0,23.0,23
scidocs,e2af314b238088588eebb94210535e31d5f647e1,cross_encoder,cross_encoder,20,0.974743,0.926667,0.25,1.0,2.0,2
scidocs,71ac664ca2cbc5c463da3ed07a1573f88e2e28f0,cross_encoder,cross_encoder,20,0.970892,0.911111,0.25,1.0,2.0,2
scidocs,663e06e02a306660ef508aaf2ffaf523c6e96088,cross_encoder,cross_encoder,20,0.654476,0.491429,0.25,1.0,11.0,11
scidocs,37fefbdf740577306928ff2f0c810fb3a96183b2,cross_encoder,cross_encoder,20,0.963401,0.890909,0.25,1.0,4.0,4
scidocs,96dd2785bc42ea77a3afa65701d55212570a76ff,cross_encoder,cross_encoder,20,0.953585,0.866667,0.25,1.0,5.0,5
scidocs,b7d0e2a5229d4ec65182c783259a2eeb67a6a873,cross_encoder,cross_encoder,20,0.808828,0.557143,0.25,1.0,20.0,20
scidocs,9af1f7b6d79e6ce314d1842a8d32402328fcaca7,cross_encoder,cross_encoder,20,0.989606,0.966667,0.25,1.0,0.0,0
scidocs,1e12fb38bfc2c7aa86806f87df4cdaf035f92fb7,cross_encoder,cross_encoder,20,0.974743,0.926667,0.25,1.0,2.0,2
scidocs,92a0cf2085013da3fe1fea2090d1bbabcabbf5be,cross_encoder,cross_encoder,20,0.974743,0.926667,0.25,1.0,0.0,0
scidocs,fdd141a4fffc490fb3ab570c28b8a1f2dd80a15f,cross_encoder,cross_encoder,20,0.966834,0.9,0.25,1.0,2.0,2
scidocs,4b80771429b786ea87740738378ba1eb1504a57f,cross_encoder,cross_encoder,20,0.695555,0.499145,0.25,1.0,12.0,12
scidocs,44872f2260ae42c162c2e8ed428c852f5e05fa24,cross_encoder,cross_encoder,20,0.504938,0.258288,0.25,1.0,26.0,26
scidocs,1f157f2b144528924eec46d9316bd5517352b89a,cross_encoder,cross_encoder,20,0.981848,0.942857,0.25,1.0,1.0,1
scidocs,1475d10a7b5d777fb411cdbb2740f574e32fd2f6,cross_encoder,cross_encoder,20,0.785973,0.547222,0.25,1.0,9.0,9
scidocs,47c7c17b7df3732af69d2702929a65a05c1d3d3f,cross_encoder,cross_encoder,20,0.586001,0.324907,0.25,1.0,22.0,22
scidocs,6c89453c09abde95d998f5acd244f00519472ee0,cross_encoder,cross_encoder,20,0.981848,0.942857,0.25,1.0,0.0,0
scidocs,fa8042d025895e22af2d9df3ffb9f67438610fcc,cross_encoder,cross_encoder,20,0.989606,0.966667,0.25,1.0,0.0,0
scidocs,d145274d03a6374c77de64fb70602ddef393e4d9,cross_encoder,cross_encoder,20,1.0,1.0,0.25,1.0,0.0,0
scidocs,da803152928a3b98ef21a81a6675e7b51852510e,cross_encoder,cross_encoder,20,0.960925,0.885,0.25,1.0,2.0,2
scidocs,52d4649f2840e410b5a6681f094dab5e7d3e1db0,cross_encoder,cross_encoder,20,0.989606,0.966667,0.25,1.0,1.0,1
scidocs,280c96ea1644257069e16660a6a3a3a53f25858e,cross_encoder,cross_encoder,20,0.95013,0.858824,0.25,1.0,8.0,8
scidocs,068a88330c93a41058d6e04e576d7e1a21dc6ee7,cross_encoder,cross_encoder,20,0.910261,0.765556,0.25,1.0,11.0,11
scidocs,4ceb63d79341ba3caa08bd1c6c141478d32a8244,cross_encoder,cross_encoder,20,0.974743,0.926667,0.25,1.0,2.0,2
scidocs,73f38c530a041f81d48cadd067246af448a6a24e,cross_encoder,cross_encoder,20,0.897058,0.730952,0.25,1.0,6.0,6
scidocs,6c88fd5d06ea6e0a2b1ad38b038655f405bc0613,cross_encoder,cross_encoder,20,0.966985,0.902857,0.25,1.0,3.0,3
scidocs,8c872ecd87945e71fcd9fa1b6cb1133cfe805bf2,cross_encoder,cross_encoder,20,0.841083,0.630682,0.2,1.0,12.0,12
scidocs,a29afef550bf4edbf3293a50ef3fdb785ff1e5a3,cross_encoder,cross_encoder,20,0.669299,0.361802,0.25,1.0,22.0,22
scidocs,0c8a029180e8ee5a7a8c886738576b12d3f6530d,cross_encoder,cross_encoder,20,0.917231,0.781429,0.25,1.0,8.0,8
scidocs,2e08d3ec08069ef41059cc3da6bc4d390eaf6e01,cross_encoder,cross_encoder,20,1.0,1.0,0.25,1.0,0.0,0
scidocs,53a124b727d34c56ff3fe335c24ff8ec975516be,cross_encoder,cross_encoder,20,0.974743,0.926667,0.25,1.0,2.0,2
scidocs,d7c0189c35a3ee56b13b0488f925df1152a8cfd4,cross_encoder,cross_encoder,20,0.933773,0.815556,0.25,1.0,5.0,5
scidocs,271a4077c037b86fb7daf6bff3e66682322ff7d7,cross_encoder,cross_encoder,20,0.507383,0.252632,0.25,1.0,29.0,29
scidocs,212d7af298a4bd9090b834293067d2f091a95cfc,cross_encoder,cross_encoder,20,0.936907,0.8225,0.25,1.0,7.0,7
scidocs,5f98a36570d428d510e9de699b97f4e2c63d7980,cross_encoder,cross_encoder,20,1.0,1.0,0.25,1.0,0.0,0
scidocs,f25ba2cbb101685727b646cbdbcddca4ecd465b4,cross_encoder,cross_encoder,20,0.946012,0.85,0.25,1.0,7.0,7
scidocs,2170636d5d31eb461618b5da10f4473c67e74e73,cross_encoder,cross_encoder,20,0.953585,0.866667,0.25,1.0,8.0,8
scidocs,f824f0f5e28e434e1b5897153697816dd906ca8e,cross_encoder,cross_encoder,20,0.915621,0.769841,0.25,1.0,12.0,12
scidocs,120f80b2e2b2ce2fefdf0de644f5ee84c8647bb2,cross_encoder,cross_encoder,20,0.924873,0.792157,0.25,1.0,8.0,8
scidocs,b9d502d98e3bb19f8179a4363e3f28c6b6def7a8,cross_encoder,cross_encoder,20,1.0,1.0,0.25,1.0,0.0,0
scidocs,435a709ae1d1b0bbdcacbd3965a05d56c14e752c,cross_encoder,cross_encoder,20,0.937368,0.833333,0.2,1.0,5.0,5
scidocs,fe5cc6e84dc223580c0e1729614cfaa8320c5728,cross_encoder,cross_encoder,20,0.795664,0.547253,0.25,1.0,16.0,16
scidocs,78878e95797e03d4968b09f40979585b6c56dac3,cross_encoder,cross_encoder,20,0.901348,0.741209,0.25,1.0,5.0,5
scidocs,b9413a51b6865a0a2c21993e87428afa76aba440,cross_encoder,cross_encoder,20,0.470306,0.218296,0.25,1.0,30.0,30
scidocs,335ad0ff82c728aca99fb0059c607cb18129526f,cross_encoder,cross_encoder,20,0.763499,0.659524,0.25,1.0,5.0,5
scidocs,8e85c7ad6cd0986225e63dc1b4264b3e084b3f9b,cross_encoder,cross_encoder,20,0.947269,0.852632,0.25,1.0,7.0,7
scidocs,c28b8b5e57bab5c8fa91654c7137c1dd21b3da18,cross_encoder,cross_encoder,20,0.858168,0.65,0.25,1.0,12.0,12
scidocs,7ff20fc82c95eda6645ff2570279251bb8435ec5,cross_encoder,cross_encoder,20,1.0,1.0,0.2,1.0,0.0,0
scidocs,7600ac55ddd8d955eeb96c12b226f1a2bc9e8817,cross_encoder,cross_encoder,20,0.334633,0.109259,0.15,1.0,32.0,32
scidocs,ccdc79b2aec687beef2cd3526cf47dd79b9ec220,cross_encoder,cross_encoder,20,1.0,1.0,0.25,1.0,0.0,0
scidocs,725f8182eac9bd6f9fa428ba90f43cbce891ac78,cross_encoder,cross_encoder,20,0.854973,0.6425,0.25,1.0,6.0,6
scidocs,1ba7a9c0e658a0d98253f999bf43c2e98c07f4e0,cross_encoder,cross_encoder,20,0.876091,0.691209,0.25,1.0,6.0,6
scidocs,6d1a69023e48422b25202a5ad823d12975291666,cross_encoder,cross_encoder,20,0.894783,0.724038,0.25,1.0,14.0,14
scidocs,20704643278111342011c702aedf66c04a2c8e63,cross_encoder,cross_encoder,20,0.904665,0.744444,0.25,1.0,9.0,9
scidocs,071f47b7bc5830643e31dbed82e0375bf9b26559,cross_encoder,cross_encoder,20,1.0,1.0,0.2,1.0,0.0,0
scidocs,e0a8b67880070624ef8787a08bbbd5aa178d65ac,cross_encoder,cross_encoder,20,1.0,1.0,0.25,1.0,0.0,0
scidocs,1bf06b2bbf53089180fd3676720d80cbaed5975d,cross_encoder,cross_encoder,20,0.974743,0.926667,0.25,1.0,2.0,2
scidocs,89bb989b6ec9fe52fcbcc94bf0923a14ed6bf245,cross_encoder,cross_encoder,20,0.830215,0.617619,0.25,1.0,11.0,11
scidocs,0f10c6f57e7b640a2e89e94b5ca7d2b0d46d3925,cross_encoder,cross_encoder,20,1.0,1.0,0.25,1.0,0.0,0
scidocs,d4d19261e9047b54e14d38cd99cd0f27dc9d0926,cross_encoder,cross_encoder,20,0.989606,0.966667,0.25,1.0,1.0,1
scidocs,81efd70fcc216b6528d48efa758671d9862b21c3,cross_encoder,cross_encoder,20,0.974743,0.926667,0.25,1.0,2.0,2
scidocs,027e7780dbda48d99f3654e77b4a63063224950e,cross_encoder,cross_encoder,20,1.0,1.0,0.25,1.0,0.0,0
scidocs,e66ab9039b49b6dd0ecce124a71f1044750107d2,cross_encoder,cross_encoder,20,0.701519,0.534722,0.2,1.0,8.0,8
scidocs,937d42a0ab3f703e7041e277804e0b34bbe6bacb,cross_encoder,cross_encoder,20,0.946902,0.866667,0.15,1.0,1.0,1
scidocs,63e1dffc19c3b4e99ae22ec60d10eaaafd608bcb,cross_encoder,cross_encoder,20,1.0,1.0,0.25,1.0,0.0,0
scidocs,aa50a595878ee67d0eb0a9b0f17a6132c0552434,cross_encoder,cross_encoder,20,0.888673,0.759524,0.25,1.0,2.0,2
scidocs,2a88541448be2eb1b953ac2c0c54da240b47dd8a,cross_encoder,cross_encoder,20,0.797098,0.556061,0.25,1.0,12.0,12
scidocs,b3c8eeed23cc8b472ceefe64888a2036dd7df4d2,cross_encoder,cross_encoder,20,0.897243,0.733333,0.25,1.0,11.0,11
scidocs,8f03f545ff791a70455ad4624208357e41dcfc0c,cross_encoder,cross_encoder,20,1.0,1.0,0.25,1.0,0.0,0
scidocs,81da438cb67600f6cb2920021e2327bb4c1d482d,cross_encoder,cross_encoder,20,1.0,1.0,0.25,1.0,0.0,0
scidocs,04ca5de59edbdd49a9c0502c58331524d220bc8c,cross_encoder,cross_encoder,20,0.601903,0.334444,0.25,1.0,26.0,26
scidocs,b095b4625733f8521439e54db09bed2b9970a808,cross_encoder,cross_encoder,20,0.932406,0.812632,0.25,1.0,10.0,10
scidocs,e1f53305791150a2109b7070bd7dce8071aafac7,cross_encoder,cross_encoder,20,0.652436,0.422614,0.25,1.0,23.0,23
scidocs,763490c13a138523b98e7646ef0fa81d6b5e5a22,cross_encoder,cross_encoder,20,0.688603,0.38655,0.25,1.0,29.0,29
scidocs,822535c409890de3aae74b49b2bd8d4a59832fba,cross_encoder,cross_encoder,20,0.963401,0.890909,0.25,1.0,3.0,3
scidocs,1f576e4cfe7c5426e383cd06608411e81b509feb,cross_encoder,cross_encoder,20,0.854767,0.640362,0.25,1.0,15.0,15
scidocs,2a6300ea9db239f190cb3d8cba4e45a7c0b1c710,cross_encoder,cross_encoder,20,0.802419,0.546154,0.25,1.0,23.0,23
scidocs,0229829e9a1eed5769a2b5eccddcaa7cd9460b92,cross_encoder,cross_encoder,20,0.970892,0.911111,0.25,1.0,2.0,2
scidocs,64982c97190bbd8b70beeed572392d0f308a93c2,cross_encoder,cross_encoder,20,0.891974,0.724762,0.25,1.0,7.0,7
scidocs,0588053b2cde6414e542c656023ade147397f597,cross_encoder,cross_encoder,20,0.704024,0.41051,0.25,1.0,28.0,28
scidocs,2ecad6cdccc33f707dfe4334883538918de50bb8,cross_encoder,cross_encoder,20,0.88062,0.734242,0.25,1.0,7.0,7
scidocs,0f5d0494c0ddaa32b5072dec141a9a79104d967b,cross_encoder,cross_encoder,20,0.79318,0.531944,0.25,1.0,24.0,24
scidocs,5d3bae2e2d5102187a4abfb3d89da5ad00745f18,cross_encoder,cross_encoder,20,1.0,1.0,0.25,1.0,0.0,0
scidocs,431bbc47ce90f5e0eb8388fa80b0cc4d7c26ab76,cross_encoder,cross_encoder,20,1.0,1.0,0.25,1.0,0.0,0
scidocs,490ec36471275164d104f155ef7ebbc70c5f7eea,cross_encoder,cross_encoder,20,0.960925,0.885,0.25,1.0,4.0,4
scidocs,2a65434d43ffa6554eaf14b728780919ad4f33eb,cross_encoder,cross_encoder,20,0.730591,0.439916,0.25,1.0,23.0,23
scidocs,999c4ffe9ccf530e62c60fac1271a3787b2c20a9,cross_encoder,cross_encoder,20,0.892754,0.770833,0.2,1.0,3.0,3
scidocs,3a63667284dc8b9687ed1620406030bfe39af3c9,cross_encoder,cross_encoder,20,0.757866,0.493997,0.25,1.0,21.0,21
scidocs,958ebc7e24012b419316489515f2c2f908773bd5,cross_encoder,cross_encoder,20,1.0,1.0,0.25,1.0,0.0,0
scidocs,c52a6f0bfca069a0a083ddbc60a3b0d782067cbd,cross_encoder,cross_encoder,20,0.947269,0.852632,0.25,1.0,9.0,9
scidocs,337f48a82d9d2739d35b41cfc4e8cd3dc906639d,cross_encoder,cross_encoder,20,0.804589,0.551746,0.25,1.0,19.0,19
scidocs,c1af0af74d9227591f4464d09d3d4c077e3f53df,cross_encoder,cross_encoder,20,0.818836,0.590476,0.25,1.0,20.0,20
scidocs,9de5cc4b40216b12b4c8fc6c8030bcf5590d03f6,cross_encoder,cross_encoder,20,1.0,1.0,0.25,1.0,0.0,0
scidocs,c3dafc91e315d27933b6420be2a77f5639881213,cross_encoder,cross_encoder,20,0.933819,0.814286,0.25,1.0,6.0,6
scidocs,6f3b604e98cf705c73c8685aae6c0e911a22a26b,cross_encoder,cross_encoder,20,0.989606,0.966667,0.25,1.0,1.0,1
scidocs,505942c5f9b5779bda2859e22e9ed0b1c0c7b54a,cross_encoder,cross_encoder,20,0.974743,0.926667,0.25,1.0,0.0,0
scidocs,cae23343d2efddca3592b08a521a896af5098248,cross_encoder,cross_encoder,20,0.59791,0.369298,0.25,1.0,19.0,19
scidocs,349fd2000d792b53471cfd98decfd2cb5df5ac7d,cross_encoder,cross_encoder,20,1.0,1.0,0.25,1.0,0.0,0
scidocs,8f8e0e4eca7cbc30cddea7f92d1dc0293342e9bb,cross_encoder,cross_encoder,20,0.902041,0.738889,0.25,1.0,10.0,10
scidocs,f14069aaa8b234dfafd3292863c0e610288fbc80,cross_encoder,cross_encoder,20,0.640179,0.391212,0.25,1.0,22.0,22
scidocs,83af09784042dcac564a82f28cfa3a11519db882,cross_encoder,cross_encoder,20,0.839231,0.639298,0.25,1.0,12.0,12
scidocs,3be10c45163c61dfb9f250412699b3f8cb0ada1d,cross_encoder,cross_encoder,20,0.848588,0.629167,0.25,1.0,16.0,16
scidocs,2bd338ef8751b62d23e53fbb44d67042d634da2f,cross_encoder,cross_encoder,20,0.802744,0.579798,0.25,1.0,9.0,9
scidocs,03d23160e7066e5adab0d55779287e3c4982b9d5,cross_encoder,cross_encoder,20,0.982892,0.95,0.2,1.0,1.0,1
scidocs,6097c33a382c62a44379926ee96b23b51dba49c4,cross_encoder,cross_encoder,20,0.963401,0.890909,0.25,1.0,2.0,2
scidocs,350db81caaa9c8dc1572f97d90bb8e13b0100bbb,cross_encoder,cross_encoder,20,0.946012,0.85,0.25,1.0,8.0,8
scidocs,129397ed6557da93db5ba18cf112ee7b0a7927d8,cross_encoder,cross_encoder,20,0.924326,0.790909,0.25,1.0,4.0,4
scidocs,7989208727ceb32b10a51682a116ce762691daa6,cross_encoder,cross_encoder,20,1.0,1.0,0.25,1.0,0.0,0
scidocs,26ebc1b9e21db68d5abf01acd2a0c38d260c65a1,cross_encoder,cross_encoder,20,0.825625,0.610256,0.25,1.0,7.0,7
scidocs,40c3f90f0abf842ee6f6009c414fde4f86b82005,cross_encoder,cross_encoder,20,0.928328,0.8,0.25,1.0,3.0,3
scidocs,703099734f70f0cc00773ee54b4385f89afa7afe,cross_encoder,cross_encoder,20,0.928328,0.8,0.25,1.0,8.0,8
scidocs,4844e73b6f94f81455d1303cdb9621f1cf394e96,cross_encoder,cross_encoder,20,0.970892,0.911111,0.25,1.0,2.0,2
scidocs,9fc4bae3e7ad7c9646c5e38b093d667947bba78d,cross_encoder,cross_encoder,20,0.963401,0.890909,0.25,1.0,4.0,4
scidocs,4649e3279edf653135f1f31da3e242ba451a93de,cross_encoder,cross_encoder,20,0.893442,0.731111,0.25,1.0,7.0,7
scidocs,66ef0f611b2b5b22dd3eb13a144c0e7d3286623a,cross_encoder,cross_encoder,20,1.0,1.0,0.25,1.0,0.0,0
scidocs,375dc2acc3f54cb0d386dbc2d969366e32d2839f,cross_encoder,cross_encoder,20,0.806251,0.552632,0.25,1.0,24.0,24
scidocs,cf9d4048d39c63d96433b6f45fb6a951b0308607,cross_encoder,cross_encoder,20,1.0,1.0,0.25,1.0,0.0,0
scidocs,3d9180d48a6c19eb59f5ba6cef378720758b2ed3,cross_encoder,cross_encoder,20,1.0,1.0,0.25,1.0,0.0,0
scidocs,6745710034803993433dd42001a860d70c99f75c,cross_encoder,cross_encoder,20,0.937413,0.835,0.25,1.0,3.0,3
scidocs,de1505819e145b5c22a6e09002510413019f7228,cross_encoder,cross_encoder,20,0.951771,0.8625,0.25,1.0,7.0,7
scidocs,b489d537d5523ab2351c866835a4d03194eb2414,cross_encoder,cross_encoder,20,1.0,1.0,0.25,1.0,0.0,0
scidocs,7c080093943b2001224ac6608436c83d82a79a83,cross_encoder,cross_encoder,20,1.0,1.0,0.25,1.0,0.0,0
scidocs,281b6888d5df1dddb350fac4e9be5c8272519109,cross_encoder,cross_encoder,20,0.948636,0.855556,0.25,1.0,9.0,9
scidocs,7e3b5f0ffec62944f4b97a50553a12a39f54ba4a,cross_encoder,cross_encoder,20,1.0,1.0,0.25,1.0,0.0,0
scidocs,8fad88b5678bfecab78d0d6389f649ccfb310d22,cross_encoder,cross_encoder,20,1.0,1.0,0.25,1.0,0.0,0
scidocs,600994f3d8caad52145cc65bf1bfcd883b74a813,cross_encoder,cross_encoder,20,0.895135,0.740132,0.2,1.0,9.0,9
scidocs,ceb688c5ed7cca450dd52442edfb5ca2392a8b74,cross_encoder,cross_encoder,20,0.9188,0.776923,0.25,1.0,7.0,7
scidocs,03725753e46ee9b13cbdfa78c9b62700d4cc2956,cross_encoder,cross_encoder,20,0.966985,0.902857,0.25,1.0,3.0,3
scidocs,2b234385356cb10d448908cef49584bece15d94b,cross_encoder,cross_encoder,20,0.58833,0.430357,0.2,1.0,4.0,4
scidocs,603d0764234f5a35036dc9620f13e144a45ffc21,cross_encoder,cross_encoder,20,1.0,1.0,0.25,1.0,0.0,0
scidocs,79e13ff4a21f13d3839422568274ea84a9fe42b5,cross_encoder,cross_encoder,20,0.802762,0.558889,0.25,1.0,18.0,18
scidocs,08c970df2d62d4bc27e65e8c389a0227a41109a5,cross_encoder,cross_encoder,20,0.951771,0.8625,0.25,1.0,4.0,4
scidocs,83591848730f3fc7f208d4646ed4338c237bd161,cross_encoder,cross_encoder,20,0.975788,0.925,0.25,1.0,2.0,2
scidocs,5a4b46ef8898610ab16a1ced6f4a976db0f1962c,cross_encoder,cross_encoder,20,0.893007,0.768333,0.25,1.0,0.0,0
scidocs,3d23666c6d97d6ba3c86044d83c697821084bed6,cross_encoder,cross_encoder,20,0.697189,0.497503,0.25,1.0,18.0,18
scidocs,64abfbc0b66ec8579a92a33dca19e92bc2095ea2,cross_encoder,cross_encoder,20,1.0,1.0,0.15,1.0,0.0,0
scidocs,b8c7a947bda15a4f8a4b2f5e8cb8cd35a193fe4c,cross_encoder,cross_encoder,20,0.755744,0.47619,0.25,1.0,29.0,29
scidocs,522ef548c054fd03109ff1886d243a11ce6d1e2a,cross_encoder,cross_encoder,20,1.0,1.0,0.25,1.0,0.0,0
scidocs,a8a4cf29c7483f5eed5aa808df2225661506e1b4,cross_encoder,cross_encoder,20,0.821461,0.596032,0.25,1.0,13.0,13
scidocs,59aa88a5648e602d4e9aa4e9f12dedd112126bf7,cross_encoder,cross_encoder,20,0.943866,0.854167,0.2,1.0,0.0,0
scidocs,11f7d9b2017abd46c756df533618d2c4326fd3cb,cross_encoder,cross_encoder,20,1.0,1.0,0.25,1.0,0.0,0
scidocs,7a373793804ea9813d64641919e14841f927c38f,cross_encoder,cross_encoder,20,0.966985,0.902857,0.25,1.0,3.0,3
scidocs,824ca251d71258bdac66af55966b8ce39cf3042f,cross_encoder,cross_encoder,20,0.649737,0.416667,0.25,1.0,15.0,15
scidocs,7c88a0f765ce3c9025345cf133251cb947fe6ee5,cross_encoder,cross_encoder,20,0.895807,0.725359,0.25,1.0,14.0,14
scidocs,a644a3ab091cc30897a707997c43fd4e5dc395b5,cross_encoder,cross_encoder,20,0.868989,0.705833,0.25,1.0,10.0,10
scidocs,0b40af1ad2b9781fa14e999db2d7d3270b6d2862,cross_encoder,cross_encoder,20,0.966985,0.902857,0.25,1.0,2.0,2
scidocs,d8643f4ada0b138bcbe210f84735eac87b220a07,cross_encoder,cross_encoder,20,0.947269,0.852632,0.25,1.0,10.0,10
scidocs,901c7f0cbf7701c66921c918e553d2ecfbb4df34,cross_encoder,cross_encoder,20,0.922198,0.802632,0.2,1.0,11.0,11
scidocs,d27272027cd84341070fd4b7eb7e03dcb514d93f,cross_encoder,cross_encoder,20,0.9195,0.786923,0.25,1.0,5.0,5
scidocs,1fd7fc06653723b05abe5f3d1de393ddcf6bdddb,cross_encoder,cross_encoder,20,0.927019,0.808333,0.25,1.0,1.0,1
scidocs,5437b5cfb0f8eda908559a16e7ed7d7b64be641b,cross_encoder,cross_encoder,20,0.951231,0.876667,0.25,1.0,0.0,0
scidocs,67f9f2cf408b2cc593a9ddb17d74d2b3f72ee225,cross_encoder,cross_encoder,20,0.95013,0.858824,0.25,1.0,7.0,7
scidocs,e8cda2c754670850ec722799640c6cb42dfb8199,cross_encoder,cross_encoder,20,0.800531,0.563333,0.25,1.0,14.0,14
scidocs,c5f0a4418c1025ea8a21f0f997dfe7e4ce176594,cross_encoder,cross_encoder,20,1.0,1.0,0.25,1.0,0.0,0
scidocs,1fdec82c846cb843a496e5edfec72787f34d308a,cross_encoder,cross_encoder,20,0.908194,0.752632,0.25,1.0,12.0,12
scidocs,8e35888c532802145288d1b218ac8a684e3a6d0a,cross_encoder,cross_encoder,20,1.0,1.0,0.25,1.0,0.0,0
scidocs,46b5188d0f11fcb62d95516bef94cdc929f0de40,cross_encoder,cross_encoder,20,0.659437,0.424603,0.25,1.0,25.0,25
scidocs,a5f27c9cc188c15c0a7e019d666bed767d3c34d9,cross_encoder,cross_encoder,20,0.893007,0.768333,0.25,1.0,2.0,2
scidocs,689f8d21021c0c9b9678d5a7903f9e9442380113,cross_encoder,cross_encoder,20,0.881278,0.697059,0.25,1.0,16.0,16
scidocs,d535ec1a520ca6e29902fafa85b7ab81ad034c1d,cross_encoder,cross_encoder,20,0.883425,0.7,0.25,1.0,14.0,14
scidocs,472ebd8bc3808530274a49804b38e321cc5b4065,cross_encoder,cross_encoder,20,0.832591,0.624242,0.25,1.0,6.0,6
scidocs,1d8465c3f5aee1b7a790f6eeb44637343861ba47,cross_encoder,cross_encoder,20,0.816674,0.571639,0.25,1.0,20.0,20
scidocs,1e7021eb8e92066b972452a0ce5a54529ca4ba5a,cross_encoder,cross_encoder,20,0.744273,0.458772,0.25,1.0,24.0,24
scidocs,c6c171d2a9be192d60af7b434e4ba2fcbbad7f48,cross_encoder,cross_encoder,20,0.868989,0.705833,0.25,1.0,10.0,10
scidocs,580836f616cbba088996643634363a85e91cccee,cross_encoder,cross_encoder,20,0.891648,0.717094,0.25,1.0,11.0,11
scidocs,e25e514011e2f31a3961aba227ebab437209a6a9,cross_encoder,cross_encoder,20,0.989606,0.966667,0.25,1.0,0.0,0
scidocs,fe2533594e01b374ee12f8d450069b21b572a675,cross_encoder,cross_encoder,20,0.781651,0.71,0.25,1.0,5.0,5
scidocs,5e1b80b4774582b948c6dcd656daaba6724ffc2d,cross_encoder,cross_encoder,20,0.957875,0.876923,0.25,1.0,6.0,6
scidocs,8653934b00dfb802a7dd066f8f52c5dd3b267831,cross_encoder,cross_encoder,20,0.83957,0.655556,0.15,1.0,6.0,6
scidocs,39959bc480d2972d8bb925708e6e8ad59664bcdb,cross_encoder,cross_encoder,20,0.728187,0.476923,0.15,1.0,14.0,14
scidocs,45a875e4bd1ec588997858876756098ef85b3d82,cross_encoder,cross_encoder,20,0.795748,0.558889,0.25,1.0,13.0,13
scidocs,5cba21badc50adb5243662c54471011a4333d35e,cross_encoder,cross_encoder,20,0.945635,0.844444,0.25,1.0,3.0,3
scidocs,2520c3d5d114974167561591a57f80e89650f862,cross_encoder,cross_encoder,20,0.794368,0.558824,0.25,1.0,13.0,13
scidocs,43d547304f9cb0ff192e97c411f4ded9ddc01b5c,cross_encoder,cross_encoder,20,1.0,1.0,0.25,1.0,0.0,0
scidocs,3f64d4fab50db41c0145759b7410fb4c8b977452,cross_encoder,cross_encoder,20,0.946012,0.85,0.25,1.0,11.0,11
scidocs,951450392f1e08b4dc96d814754a90f61d6151ae,cross_encoder,cross_encoder,20,0.925026,0.800909,0.25,1.0,6.0,6
scidocs,924544f503070bb390cc51e4bac9cbb3171aa03f,cross_encoder,cross_encoder,20,0.853272,0.638889,0.25,1.0,14.0,14
scidocs,4e546c43e5642ecdffd000406f0b35c1e3430a2c,cross_encoder,cross_encoder,20,0.899769,0.744242,0.25,1.0,5.0,5
scidocs,101f6808a0244f725979e6e651bbef2f86410c1d,cross_encoder,cross_encoder,20,0.814277,0.600952,0.25,1.0,4.0,4
scidocs,9d15d72485388b8c4a50f84f81a36cbaf912b090,cross_encoder,cross_encoder,20,0.862032,0.655556,0.25,1.0,13.0,13
scidocs,c9dee006f3b6b2b30e422ad2fd8abb86c751376d,cross_encoder,cross_encoder,20,1.0,1.0,0.25,1.0,0.0,0
scidocs,ea41155338edfcbf2891dbfc58698c34b03da068,cross_encoder,cross_encoder,20,0.571934,0.325556,0.25,1.0,24.0,24
scidocs,9d4a4e6f8c14d5d2d0e96ab4893abb8ff706253a,cross_encoder,cross_encoder,20,0.975788,0.925,0.25,1.0,3.0,3
scidocs,a77e9f0bd205a7733431a6d1028f09f57f9f73b0,cross_encoder,cross_encoder,20,0.921374,0.783333,0.25,1.0,7.0,7
scidocs,34cd1723dc4a58217222882f9c6a651ec5bcf7a4,cross_encoder,cross_encoder,20,0.950531,0.858333,0.25,1.0,3.0,3
scidocs,3ae52be664a249f695988575f8affc1f466c1c87,cross_encoder,cross_encoder,20,0.716948,0.430987,0.25,1.0,24.0,24
scidocs,14ee77995be77780bdba07fa7f1613fb5ad09409,cross_encoder,cross_encoder,20,1.0,1.0,0.25,1.0,0.0,0
scidocs,ca464085b3da330f2ea895543a78c446a3af1bb6,cross_encoder,cross_encoder,20,0.970892,0.911111,0.25,1.0,3.0,3
scidocs,d2d001e2a45614528cd014040becb67a80a1af8d,cross_encoder,cross_encoder,20,0.966985,0.902857,0.25,1.0,0.0,0
scidocs,0cf7f818b313a7a16bb33960c6322199a2441e06,cross_encoder,cross_encoder,20,0.951771,0.8625,0.25,1.0,5.0,5
scidocs,979d5c2924eeec9fc98ec9f3e4374ee0c2ddbd24,cross_encoder,cross_encoder,20,0.487224,0.249167,0.25,1.0,21.0,21
scidocs,ebfe1e68abb1782a3d34df61f920375c8b2d6134,cross_encoder,cross_encoder,20,0.974743,0.926667,0.25,1.0,0.0,0
scidocs,5aadc803228b70c3cc6b31e332770d47d7fb1e6e,cross_encoder,cross_encoder,20,1.0,1.0,0.25,1.0,0.0,0
scidocs,5358924a48392d24e28afe850fa6849eaa1665d9,cross_encoder,cross_encoder,20,0.931148,0.81,0.25,1.0,12.0,12
scidocs,1cb77e2a09db58e9e8b37878c7de313d41e6f854,cross_encoder,cross_encoder,20,0.912997,0.764286,0.25,1.0,13.0,13
scidocs,7220d7ec31f6dc6ad7030f601743b5392513a2d9,cross_encoder,cross_encoder,20,0.840276,0.635965,0.25,1.0,15.0,15
scidocs,c2e6fde7addee6983243e487536d089e3b434810,cross_encoder,cross_encoder,20,0.826255,0.613131,0.25,1.0,10.0,10
scidocs,ddbf21ca1de9617894b15d45787a27557f02a494,cross_encoder,cross_encoder,20,0.906936,0.75,0.25,1.0,11.0,11
scidocs,616b7093cfe6ec679f25d63f62c16e937227258f,cross_encoder,cross_encoder,20,1.0,1.0,0.25,1.0,0.0,0
scidocs,ed19aa4eb626c3fc5a64b858bae5f2cdd71e1193,cross_encoder,cross_encoder,20,0.911635,0.760317,0.25,1.0,10.0,10
scidocs,a4f5fd6f54e3a6222fbc5d8e0b7f85ce89d0237e,cross_encoder,cross_encoder,20,0.918216,0.79619,0.25,1.0,3.0,3
scidocs,41b61cca52de9db6dcd6f36700cd0420cc7cd024,cross_encoder,cross_encoder,20,0.922012,0.785965,0.25,1.0,12.0,12
scidocs,d68359c196ed7316b928b9dbeabe556cddbb2427,cross_encoder,cross_encoder,20,0.634558,0.388346,0.25,1.0,23.0,23
scidocs,2ea78e128bec30fb1a623c55ad5d55bb99190bd2,cross_encoder,cross_encoder,20,0.960449,0.883333,0.25,1.0,4.0,4
scidocs,e2f78d2f75a807b89a13115a206da4661361fa71,cross_encoder,cross_encoder,20,0.695967,0.517619,0.25,1.0,3.0,3
scidocs,09d275d72bdd404df1270ca0d23574c10c27e4ac,cross_encoder,cross_encoder,20,0.764705,0.492157,0.25,1.0,23.0,23
scidocs,d2be35d1221c29c3ffba998b91d68dfd7c5c65f0,cross_encoder,cross_encoder,20,0.844502,0.646667,0.25,1.0,7.0,7
scidocs,ddaaf26fe78fa533bfa54e3835844168d688f164,cross_encoder,cross_encoder,20,1.0,1.0,0.25,1.0,0.0,0
scidocs,1d1bc7c5ab704db04a72efb063fb1db6fc07f85c,cross_encoder,cross_encoder,20,0.95013,0.858824,0.25,1.0,7.0,7
scidocs,063c6ae786c34d3722c6d9060df6339e246bbc3b,cross_encoder,cross_encoder,20,0.974743,0.926667,0.25,1.0,0.0,0
scidocs,cb3d6142bfa0938aa6f8cb86697c40a7837c08f0,cross_encoder,cross_encoder,20,1.0,1.0,0.25,1.0,0.0,0
scidocs,f852431fb190fdc6feb95e5bd319a58039519076,cross_encoder,cross_encoder,20,0.886485,0.711209,0.25,1.0,8.0,8
scidocs,18422ae57ec0318fb4c200fdcf7c6e145208d792,cross_encoder,cross_encoder,20,0.989606,0.966667,0.25,1.0,0.0,0
scidocs,1b44df3232099b13e3aac7fc5811a946133d6db6,cross_encoder,cross_encoder,20,0.87874,0.693109,0.25,1.0,10.0,10
scidocs,636e8a004983a26647e11be23165bdae83a68a5a,cross_encoder,cross_encoder,20,0.892966,0.722222,0.25,1.0,7.0,7
scidocs,eed682efa845495dd2563b5cf2797cb32f9bcac7,cross_encoder,cross_encoder,20,1.0,1.0,0.25,1.0,0.0,0
scidocs,1bc5ea91875143e0526ac587b9c4aa6c64ceec98,cross_encoder,cross_encoder,20,0.90726,0.764444,0.25,1.0,1.0,1
scidocs,54356ff0960100e27cf17ff682825bba2662e90c,cross_encoder,cross_encoder,20,0.847605,0.658528,0.25,1.0,4.0,4
scidocs,0bfa2ab02f3c9a9fe06fcebf34bd8f371e206512,cross_encoder,cross_encoder,20,1.0,1.0,0.2,1.0,0.0,0
scidocs,26b90ccf7541fd2cd4235118493e1e49d358c351,cross_encoder,cross_encoder,20,0.781651,0.71,0.25,1.0,5.0,5
scidocs,45fdc73a239e9c6ea65e98c96f6a2d6dc35d6f72,cross_encoder,cross_encoder,20,0.956029,0.871111,0.25,1.0,3.0,3
scidocs,4715401473dca02ebaa5bdd4d4003705ed91c380,cross_encoder,cross_encoder,20,1.0,1.0,0.25,1.0,0.0,0
scidocs,d6be438df373dedf06d6c062596d4e40f59b022c,cross_encoder,cross_encoder,20,0.87268,0.678824,0.25,1.0,12.0,12
scidocs,3aba958809c43b0af8df66e5338d9310549eeb58,cross_encoder,cross_encoder,20,1.0,1.0,0.25,1.0,0.0,0
scidocs,208d2d6ae61955d93b13a5a497c10ba8c7086e87,cross_encoder,cross_encoder,20,0.925026,0.800909,0.25,1.0,5.0,5
scidocs,0bbdd4905f23994e0b5a0d91fc332b2af336f1e8,cross_encoder,cross_encoder,20,0.955606,0.871429,0.25,1.0,6.0,6
scidocs,74c472360ec199703b5e460308bf5ed29e38f67b,cross_encoder,cross_encoder,20,1.0,1.0,0.25,1.0,0.0,0
scidocs,13c47ed140cc36191678a48b3115939cd0aa8314,cross_encoder,cross_encoder,20,0.951771,0.8625,0.25,1.0,5.0,5
scidocs,52d67b1ffaa5a135ff401e1ee0a2ff18571f2ce1,cross_encoder,cross_encoder,20,0.989606,0.966667,0.25,1.0,1.0,1
scidocs,78ed1c69f4f5f5b56cbb9432ee06a2cf71d162e2,cross_encoder,cross_encoder,20,0.913396,0.7725,0.25,1.0,4.0,4
scidocs,fcce89d4b212d5ba5ffd2c84498bad8275505d84,cross_encoder,cross_encoder,20,1.0,1.0,0.25,1.0,0.0,0
scidocs,d15f8891e586a9c19c9fc30fa636e764c9eeaff9,cross_encoder,cross_encoder,20,0.975788,0.925,0.25,1.0,3.0,3
scidocs,4bec8908ef97074b4f9a0f1c1693e58e867ff19d,cross_encoder,cross_encoder,20,0.679924,0.37405,0.25,1.0,27.0,27
scidocs,5a4b138603821d758d5e51c8f8fb0ff1696901d7,cross_encoder,cross_encoder,20,1.0,1.0,0.25,1.0,0.0,0
scidocs,318e36796798d173020e2c92ea4188b60d84a450,cross_encoder,cross_encoder,20,0.975788,0.925,0.25,1.0,2.0,2
scidocs,fd4677e1b2cd0cba66ab4a64cbd1fe015d3a742b,cross_encoder,cross_encoder,20,0.966985,0.902857,0.25,1.0,2.0,2
scidocs,2561aa198e3a7a0b507122f543acafa80481e1b9,cross_encoder,cross_encoder,20,0.902101,0.738824,0.25,1.0,11.0,11
scidocs,49aa693db2d6d6a9486a9c9b6e1ac653fe12ab97,cross_encoder,cross_encoder,20,0.917115,0.773109,0.25,1.0,11.0,11
scidocs,87601a4866373c63b4fd070214cab8b40b50058c,cross_encoder,cross_encoder,20,0.947269,0.852632,0.25,1.0,9.0,9
scidocs,e27aff8fffd4ad43275d355202a135f848be0e76,cross_encoder,cross_encoder,20,0.916478,0.772222,0.25,1.0,9.0,9
scidocs,6c42c5d99cd594da9fd18c5fdb67e015455dde6e,cross_encoder,cross_encoder,20,0.937413,0.835,0.25,1.0,1.0,1
scidocs,64ddfb947878347a30610b6ca2314fe2bac96a4a,cross_encoder,cross_encoder,20,0.982892,0.95,0.2,1.0,1.0,1
scidocs,195a5a538eacb89dcd4cf3fe2c0600ea61dbd15e,cross_encoder,cross_encoder,20,0.981848,0.942857,0.25,1.0,1.0,1
scidocs,d2662c5f2b4aca17f7e9ce70074d2eb829b4f38d,cross_encoder,cross_encoder,20,0.888851,0.712157,0.25,1.0,13.0,13
scidocs,23a7c8d9f142184d28e56b0751e172fef6539275,cross_encoder,cross_encoder,20,0.898618,0.732967,0.25,1.0,8.0,8
scidocs,68cc5038a4937b96f1bf127dd574ac7b713bfa72,cross_encoder,cross_encoder,20,0.781253,0.520362,0.25,1.0,17.0,17
scidocs,3dcc819e642beafccd3f6bffa434767d1a818eb1,cross_encoder,cross_encoder,20,0.920755,0.783333,0.25,1.0,10.0,10
scidocs,2d52f69dd4686a3e66f5a8a1650a24bcea43530e,cross_encoder,cross_encoder,20,0.714548,0.428205,0.25,1.0,19.0,19
scidocs,23386571ed332e4a465c0a6fa899f310caa217c8,cross_encoder,cross_encoder,20,0.911635,0.760317,0.25,1.0,9.0,9
scidocs,849534526c074568abbfd6daf45c3532b0a18133,cross_encoder,cross_encoder,20,0.636547,0.45,0.25,1.0,10.0,10
scidocs,b4333da9831681151015f61b46aff3843eeb5847,cross_encoder,cross_encoder,20,0.546111,0.295022,0.25,1.0,22.0,22
scidocs,fcd16bfffd4131b2f41f90b4c832415aea55038b,cross_encoder,cross_encoder,20,0.981848,0.942857,0.25,1.0,2.0,2
scidocs,542215d9c86220acd32dbe07a4fcd882c3912952,cross_encoder,cross_encoder,20,1.0,1.0,0.25,1.0,0.0,0
scidocs,c2e57b2871fdfd06566820c5329815ac06f66197,cross_encoder,cross_encoder,20,0.721418,0.55,0.25,1.0,10.0,10
scidocs,95a6d727526421dc176cfc831d4413ea3487e4f0,cross_encoder,cross_encoder,20,1.0,1.0,0.25,1.0,0.0,0
scidocs,c46d80f83813fba0e8363a0ab36a19fba062540e,cross_encoder,cross_encoder,20,0.911055,0.758824,0.25,1.0,11.0,11
scidocs,7a26676a07796e2b910dd556c6691d264a7e774c,cross_encoder,cross_encoder,20,1.0,1.0,0.25,1.0,0.0,0
scidocs,74bd4761b373447079c6e5cd31832c00fab2fa77,cross_encoder,cross_encoder,20,0.560056,0.286054,0.25,1.0,25.0,25
scidocs,ae2b67d03512dd0f13a68636d1d7f83cc889318a,cross_encoder,cross_encoder,20,0.95013,0.858824,0.25,1.0,8.0,8
scidocs,7e7f843b9638ee9dc321fcd348ea2185b9126854,cross_encoder,cross_encoder,20,0.989606,0.966667,0.25,1.0,1.0,1
scidocs,7b787a261a82e5488fc972d2b6541f778c81ed78,cross_encoder,cross_encoder,20,0.981848,0.942857,0.25,1.0,2.0,2
scidocs,4fa89f6ffef921580718222c55fa17973a7c366d,cross_encoder,cross_encoder,20,0.90726,0.764444,0.25,1.0,7.0,7
scidocs,2d2f14551b8b7163558e97902e7b456b0ba0a8d0,cross_encoder,cross_encoder,20,0.904144,0.744156,0.25,1.0,13.0,13
scidocs,d8dea89f5c7fb15d5ba16d2edcd2933a25789ee6,cross_encoder,cross_encoder,20,0.886498,0.712157,0.25,1.0,10.0,10
scidocs,8a6080396fa7195c7c627bea4b2aeeb9ca39b5f8,cross_encoder,cross_encoder,20,0.887543,0.708824,0.25,1.0,13.0,13
scidocs,a6500d8800010e79d83800c9e433435efbc4398e,cross_encoder,cross_encoder,20,0.970892,0.911111,0.25,1.0,3.0,3
scidocs,79729be88ecf76e5e964ffb25e8bc3b396feacb4,cross_encoder,cross_encoder,20,0.930349,0.804762,0.25,1.0,7.0,7
scidocs,399acab2bee6eccbfffe4a2ce688b6b1075e9c5e,cross_encoder,cross_encoder,20,0.932517,0.821111,0.25,1.0,4.0,4
scidocs,232427099d4a8acf1dc29efc852f09c5964e6165,cross_encoder,cross_encoder,20,0.90726,0.764444,0.25,1.0,0.0,0
scidocs,d1c0cc34e1b6eaa8bdc2221d83377063be951196,cross_encoder,cross_encoder,20,0.628338,0.371592,0.25,1.0,18.0,18
scidocs,0f2c82218b1858e414df5d50171e97694c60e542,cross_encoder,cross_encoder,20,0.93308,0.82619,0.25,1.0,0.0,0
scidocs,62d588d2200ab2cbee153a8998a7fa98c30cf7bb,cross_encoder,cross_encoder,20,1.0,1.0,0.25,1.0,0.0,0
scidocs,4acb38f96f3f69a443e1684040c14d1cecc4f841,cross_encoder,cross_encoder,20,0.678558,0.463492,0.25,1.0,11.0,11
scidocs,76abf690192e6b6219d7691d0925894c433ddf2a,cross_encoder,cross_encoder,20,0.641345,0.39549,0.25,1.0,17.0,17
scidocs,b2a93309a451eae2b9b40e768a4831e1e3fc6d2b,cross_encoder,cross_encoder,20,0.827174,0.632479,0.15,1.0,7.0,7
scidocs,714c194a2fc326151b905270558aa137f9f22730,cross_encoder,cross_encoder,20,0.981848,0.942857,0.25,1.0,2.0,2
scidocs,785e957937b1d0de27c39c916e74aa02220cc27e,cross_encoder,cross_encoder,20,0.95013,0.858824,0.25,1.0,8.0,8
scidocs,da8fcbcb25d73558752e1d2b1f34c0e5df07ab65,cross_encoder,cross_encoder,20,1.0,1.0,0.25,1.0,0.0,0
scidocs,f072d0363f437fd5ccf359bbe2fc9afaa5cfa831,cross_encoder,cross_encoder,20,0.888139,0.715833,0.25,1.0,12.0,12
scidocs,29378306c07a78cff615f1b2ddea4d5baca4a199,cross_encoder,cross_encoder,20,0.974743,0.926667,0.25,1.0,2.0,2
scidocs,9c4d7805f3724fb7b866950eaa0505952ff25fd0,cross_encoder,cross_encoder,20,0.843137,0.642157,0.25,1.0,10.0,10
scidocs,4b82b3bf2b30d74c083940a86db5b09e4b81f0af,cross_encoder,cross_encoder,20,0.989606,0.966667,0.25,1.0,1.0,1
scidocs,52f8eb239997d9a324d4794529c60522db8d08bf,cross_encoder,cross_encoder,20,0.932406,0.812632,0.25,1.0,7.0,7
scidocs,de6411cb46cf889ba279ffc1a704168d75aae0b1,cross_encoder,cross_encoder,20,0.974743,0.926667,0.25,1.0,0.0,0
scidocs,5157dde17a69f12c51186ffc20a0a6c6847f1a29,cross_encoder,cross_encoder,20,0.830215,0.617619,0.25,1.0,11.0,11
scidocs,80d9843338d07778dac65157a2c881892a28b821,cross_encoder,cross_encoder,20,0.957875,0.876923,0.25,1.0,3.0,3
scidocs,3cfa669b42a1e0e87bf3aca4d491039495ef87f8,cross_encoder,cross_encoder,20,0.951771,0.8625,0.25,1.0,8.0,8
scidocs,a1ac90b17d79e2053ca77808bcf87bcd9c1fddd1,cross_encoder,cross_encoder,20,0.845781,0.622727,0.25,1.0,16.0,16
scidocs,3b198869df03d98b81c0c882753845a3bca36c63,cross_encoder,cross_encoder,20,0.951231,0.876667,0.25,1.0,3.0,3
scidocs,bd185e4f80d1fa2def96815269ec60dff862a7a1,cross_encoder,cross_encoder,20,0.927961,0.8125,0.2,1.0,3.0,3
scidocs,eaf4756c12cfdae09ad3c82696ec1c16271a9348,cross_encoder,cross_encoder,20,0.836019,0.630256,0.25,1.0,8.0,8
scidocs,79b97a68a26c38e8441e3f7902c6f6cf5d975622,cross_encoder,cross_encoder,20,0.873822,0.685714,0.25,1.0,10.0,10
scidocs,05dba74b1ecf7e40b2a904e2d797768ef79832d3,cross_encoder,cross_encoder,20,0.948636,0.855556,0.25,1.0,9.0,9
scidocs,7b49bd891f632ca6e86e5ccccdc3761ceb3fd277,cross_encoder,cross_encoder,20,0.936907,0.8225,0.25,1.0,8.0,8
scidocs,177f06f0b11a911317f500b455adeeadf9d48e00,cross_encoder,cross_encoder,20,1.0,1.0,0.25,1.0,0.0,0
scidocs,41b807511a65feac98485427597f9b45c892595b,cross_encoder,cross_encoder,20,0.773077,0.504872,0.25,1.0,20.0,20
scidocs,68f9901394bf28b5172fbe841709e3e589572052,cross_encoder,cross_encoder,20,0.886102,0.705556,0.25,1.0,10.0,10
scidocs,2ad961db4b9075a33f0725dd5c79074de993c5e4,cross_encoder,cross_encoder,20,0.922591,0.785714,0.25,1.0,5.0,5
scidocs,a5cb9e716b2e3c54518ed0b05a4cc0c4256e53c2,cross_encoder,cross_encoder,20,0.970892,0.911111,0.25,1.0,3.0,3
scidocs,39dba6f22d72853561a4ed684be265e179a39e4f,cross_encoder,cross_encoder,20,0.865485,0.666917,0.25,1.0,13.0,13
scidocs,45182cf235fd8f9dd8a81f61f3efd488f78df75e,cross_encoder,cross_encoder,20,0.790172,0.527399,0.25,1.0,21.0,21
scidocs,fa36e9da13f7a055ce95beb61035c72b6d89e2cb,cross_encoder,cross_encoder,20,1.0,1.0,0.25,1.0,0.0,0
scidocs,2468a43e935adcee0303ba39e348c2bc0c4379a7,cross_encoder,cross_encoder,20,1.0,1.0,0.25,1.0,0.0,0
scidocs,59e2037f5079794cb9128c7f0900a568ced14c2a,cross_encoder,cross_encoder,20,1.0,1.0,0.25,1.0,0.0,0
scidocs,7a5e33718ca81495b2db4a1688bdb5a555816a87,cross_encoder,cross_encoder,20,0.809993,0.561987,0.25,1.0,14.0,14
scidocs,27efc45254159de1a18554ba8cb603ee70a1f266,cross_encoder,cross_encoder,20,0.889184,0.7125,0.25,1.0,4.0,4
scidocs,a98d48b6c4188143dbb2474a1cb27c2f9e3b5c0a,cross_encoder,cross_encoder,20,0.829649,0.592105,0.25,1.0,24.0,24
scidocs,c104626e93e0b8115b4673f63e10f69cdf97801c,cross_encoder,cross_encoder,20,0.922012,0.785965,0.25,1.0,7.0,7
scidocs,c6d97883da23b07a2031ff65076670eeb11b59d6,cross_encoder,cross_encoder,20,0.867762,0.671429,0.25,1.0,5.0,5
scidocs,bb93fdae023ee2978e82f47c1c069b973046ef1e,cross_encoder,cross_encoder,20,0.948538,0.850909,0.25,1.0,5.0,5
scidocs,b42c7b6e9fc032cf70cdcbdab05ce898be0a3a6e,cross_encoder,cross_encoder,20,0.956591,0.87619,0.25,1.0,4.0,4
scidocs,41e5ed6744f1c901a55ee68ea8235d3340e32528,cross_encoder,cross_encoder,20,0.657668,0.350439,0.25,1.0,43.0,43
scidocs,1571f50f52761a7a3537f12a88be487e5a0e7ad4,cross_encoder,cross_encoder,20,1.0,1.0,0.25,1.0,0.0,0
scidocs,e76f37bc17b1b9f2fb4b5296c7282787729523a2,cross_encoder,cross_encoder,20,1.0,1.0,0.25,1.0,0.0,0
scidocs,65a858ca95dcfa032e812a7f1fc7ee5bdac88f5b,cross_encoder,cross_encoder,20,0.924873,0.792157,0.25,1.0,10.0,10
scidocs,9557be29d86add8994b7df670c15eaa872995a10,cross_encoder,cross_encoder,20,1.0,1.0,0.25,1.0,0.0,0
scidocs,0416f5d1564d1f2a597acac04e81b02b2eff67d2,cross_encoder,cross_encoder,20,0.604661,0.349167,0.25,1.0,22.0,22
scidocs,6ec004e4c1171c4c4858eec7c927f567684b80bc,cross_encoder,cross_encoder,20,0.87381,0.729524,0.25,1.0,7.0,7
scidocs,fe63023bb7434e44b4e63dcf918c6a2f9aaba930,cross_encoder,cross_encoder,20,0.974743,0.926667,0.25,1.0,2.0,2
scidocs,d406239de17bbb4f66d4c835f2a5f1be977b4131,cross_encoder,cross_encoder,20,0.913704,0.778409,0.2,1.0,6.0,6
scidocs,6173a5266a044872618fd379bb91bda0406f778a,cross_encoder,cross_encoder,20,1.0,1.0,0.25,1.0,0.0,0
scidocs,a22e737d38a1bc671893a7ed341aba436571097a,cross_encoder,cross_encoder,20,0.974743,0.926667,0.25,1.0,2.0,2
scidocs,7492683af60d02dbd658acdc61249571f8c20fc8,cross_encoder,cross_encoder,20,0.887358,0.708889,0.25,1.0,11.0,11
scidocs,39d428fd8c6b73ed070921a856f03c2c5b5377ba,cross_encoder,cross_encoder,20,0.989606,0.966667,0.25,1.0,0.0,0
scidocs,47fc2c3e290e05fe9d41441b0270f88f6a8543d8,cross_encoder,cross_encoder,20,1.0,1.0,0.25,1.0,0.0,0
scidocs,28115e594c25c99a253557ae96290a9e0d60d3e3,cross_encoder,cross_encoder,20,0.826792,0.587698,0.25,1.0,18.0,18
scidocs,802f3f316f87c6bc675cc55a2a1bf4bb0f12dd1e,cross_encoder,cross_encoder,20,0.930349,0.804762,0.25,1.0,6.0,6
scidocs,573dc953636d90aeb4981e880c4bc0bad7f6cf64,cross_encoder,cross_encoder,20,0.974743,0.926667,0.25,1.0,0.0,0
scidocs,72cf3347ff06226e57214b49801de9fc02df8d52,cross_encoder,cross_encoder,20,0.879785,0.694444,0.25,1.0,20.0,20
scidocs,0963302a589b5476df76040ab22a3315e0f84bb1,cross_encoder,cross_encoder,20,0.870816,0.67381,0.25,1.0,13.0,13
scidocs,648678f1edab0d2139958070744b826d2b24c79e,cross_encoder,cross_encoder,20,0.930386,0.805195,0.25,1.0,2.0,2
scidocs,ba69c46c62b525941e91d0788d20b6ef91847cc4,bt_from_qrels,qrels,25,1.0,1.0,0.25,1.0,0.0,0
scidocs,7526f88d4ee7a380fecd05c1f92208ad94605cec,bt_from_qrels,qrels,24,1.0,1.0,0.2,1.0,0.0,0
scidocs,dc344ea8e993584b924522d95febaeb74de2ad30,bt_from_qrels,qrels,27,1.0,1.0,0.25,1.0,0.0,0
scidocs,e5adfc2f23602a5256e89b84615e1434e5375f0e,bt_from_qrels,qrels,25,1.0,1.0,0.25,1.0,0.0,0
scidocs,09109a5375d8e2ca752bedde17ba5acad1df61cb,bt_from_qrels,qrels,25,1.0,1.0,0.25,1.0,0.0,0
scidocs,6f54a7933235ced5684e3bff18f7e5dc40510018,bt_from_qrels,qrels,27,1.0,1.0,0.25,1.0,0.0,0
scidocs,1312b0d0a957fc2bbfc2612dd89ba9003c57a08c,bt_from_qrels,qrels,26,1.0,1.0,0.25,1.0,0.0,0
scidocs,b37225fc67e1aeeb7877c4691f9036ed5cc01efa,bt_from_qrels,qrels,26,1.0,1.0,0.25,1.0,0.0,0
scidocs,4ec90b7da43e6438cbdc756624b1083f30288064,bt_from_qrels,qrels,25,1.0,1.0,0.25,1.0,0.0,0
scidocs,78495383450e02c5fe817e408726134b3084905d,bt_from_qrels,qrels,25,1.0,1.0,0.25,1.0,0.0,0
scidocs,28f3343d2419147213e7580934cfc4e0cb88b088,bt_from_qrels,qrels,26,1.0,1.0,0.25,1.0,0.0,0
scidocs,c4e76b318149a106563d53892dde801a37a637cc,bt_from_qrels,qrels,27,1.0,1.0,0.25,1.0,0.0,0
scidocs,5f1f12015d55c51764be27df92de175d2de8ee0d,bt_from_qrels,qrels,26,1.0,1.0,0.25,1.0,0.0,0
scidocs,8bb49c0658d7b7cff42c655a6d7e005372ad32ea,bt_from_qrels,qrels,27,1.0,1.0,0.25,1.0,0.0,0
scidocs,9e76a700f03ef476b964b27e23c071163e44c232,bt_from_qrels,qrels,24,1.0,1.0,0.25,1.0,0.0,0
scidocs,7445178858159988f2b17aa21376e13767fce5a6,bt_from_qrels,qrels,26,1.0,1.0,0.25,1.0,0.0,0
scidocs,b47402a9a68f23b548ae6e0349700ea651b7a373,bt_from_qrels,qrels,24,1.0,1.0,0.25,1.0,0.0,0
scidocs,0c3ffd5f1b577e38604f361ee71feb312b5b0cab,bt_from_qrels,qrels,25,1.0,1.0,0.25,1.0,0.0,0
scidocs,ac24b99a5db633ce45f053287ca806157fff9663,bt_from_qrels,qrels,26,1.0,1.0,0.25,1.0,0.0,0
scidocs,4a343313042b654c7d85313de3d88486a1d0e9de,bt_from_qrels,qrels,26,1.0,1.0,0.2,1.0,0.0,0
scidocs,661a03482f0532b7355188059b2263091ade1bae,bt_from_qrels,qrels,27,1.0,1.0,0.25,1.0,0.0,0
scidocs,c05ae45c262b270df1e99a32efa35036aae8d950,bt_from_qrels,qrels,22,1.0,1.0,0.25,1.0,0.0,0
scidocs,4d4dc6568e24f283f3c5bcb88f280908a35da0e3,bt_from_qrels,qrels,26,1.0,1.0,0.25,1.0,0.0,0
scidocs,6affd37b83d4fca0d0e54e5d75433a74cb142671,bt_from_qrels,qrels,25,1.0,1.0,0.25,1.0,0.0,0
scidocs,8d37da5a9f05ee71d06cc6afcc1b14f8ff83147f,bt_from_qrels,qrels,24,1.0,1.0,0.25,1.0,0.0,0
scidocs,6cdbbced12bff53bcbdde3cdb6d20b4bd02a9d6c,bt_from_qrels,qrels,26,1.0,1.0,0.25,1.0,0.0,0
scidocs,8bb3a478db8951f42198a885d7245d58036ba55c,bt_from_qrels,qrels,26,1.0,1.0,0.25,1.0,0.0,0
scidocs,7dcb308b9292a8bc87d6f7793d2ca5e0e19dfa40,bt_from_qrels,qrels,27,1.0,1.0,0.25,1.0,0.0,0
scidocs,5137d6a245dffe321df34999fa77e190c19b4c37,bt_from_qrels,qrels,27,1.0,1.0,0.25,1.0,0.0,0
scidocs,b8397b4418bb1d576210d9a39d44725d6ffb2a44,bt_from_qrels,qrels,27,1.0,1.0,0.25,1.0,0.0,0
scidocs,9003fb79e7848ced3be975c3d87a9348a4b8d377,bt_from_qrels,qrels,25,1.0,1.0,0.2,1.0,0.0,0
scidocs,eb3d1b885bfa800badfd79c6921a07d01491aedb,bt_from_qrels,qrels,28,1.0,1.0,0.25,1.0,0.0,0
scidocs,c20b4068be640ebaffbc56382c3e4e0bcf62664e,bt_from_qrels,qrels,26,1.0,1.0,0.25,1.0,0.0,0
scidocs,7323c2d32d6cdc3604dcedc574508d042ce3821e,bt_from_qrels,qrels,23,1.0,1.0,0.25,1.0,0.0,0
scidocs,e642d6014a5762128a28f85dae2228826e682974,bt_from_qrels,qrels,25,1.0,1.0,0.25,1.0,0.0,0
scidocs,51ee97313309157219412b6f5dfb314682b33992,bt_from_qrels,qrels,25,1.0,1.0,0.25,1.0,0.0,0
scidocs,866b1a9819f662ac2499be231965ded8e0323c7f,bt_from_qrels,qrels,26,1.0,1.0,0.25,1.0,0.0,0
scidocs,a829c1093eb4d78a198ebb9b4a33a8137b0359df,bt_from_qrels,qrels,27,1.0,1.0,0.25,1.0,0.0,0
scidocs,0ce7927d613e66a2062516e9e85e1b9a36d54029,bt_from_qrels,qrels,26,1.0,1.0,0.25,1.0,0.0,0
scidocs,6079719b677d0abda12abcd5cd46582ca91585ad,bt_from_qrels,qrels,27,1.0,1.0,0.25,1.0,0.0,0
scidocs,0daf48d0ce4e4200a753c28519f5761b160944fb,bt_from_qrels,qrels,26,1.0,1.0,0.25,1.0,0.0,0
scidocs,3ad8328b066bedca77c858a399a77521563d5c99,bt_from_qrels,qrels,27,1.0,1.0,0.25,1.0,0.0,0
scidocs,b8eea99bb5345329ea058072133f568f7bdd27bd,bt_from_qrels,qrels,27,1.0,1.0,0.25,1.0,0.0,0
scidocs,29373c5bb0d60320844905916aec09d64c24cd79,bt_from_qrels,qrels,26,1.0,1.0,0.25,1.0,0.0,0
scidocs,6ae4d0b388aa9262e80c3eedc1cb3e5f06842368,bt_from_qrels,qrels,26,1.0,1.0,0.25,1.0,0.0,0
scidocs,bfebba8356c5d20dc6a9b2f72ff66adaf63321b7,bt_from_qrels,qrels,26,1.0,1.0,0.25,1.0,0.0,0
scidocs,2747421989619d293c05b0b82a547009128ebadb,bt_from_qrels,qrels,28,1.0,1.0,0.25,1.0,0.0,0
scidocs,21b1180af3087c1333708a9873f6d473eabe6751,bt_from_qrels,qrels,26,1.0,1.0,0.25,1.0,0.0,0
scidocs,b045f045e331700cdef309e0d40b15a64cdf5b8a,bt_from_qrels,qrels,25,1.0,1.0,0.25,1.0,0.0,0
scidocs,1a66df57f88e689438d505474eff73e3a9180c5b,bt_from_qrels,qrels,27,1.0,1.0,0.25,1.0,0.0,0
scidocs,60f9c8ba8e00e9e03e8bb80640fcfa3889a36327,bt_from_qrels,qrels,24,1.0,1.0,0.25,1.0,0.0,0
scidocs,f46a2337a9d94d68c2d92f0aa0ca693adafc3346,bt_from_qrels,qrels,24,1.0,1.0,0.25,1.0,0.0,0
scidocs,04e4034344bda5c97015ea634e6eb1b65ef3a898,bt_from_qrels,qrels,25,1.0,1.0,0.25,1.0,0.0,0
scidocs,2a3b696dccb9e31f0321c83a86f26041c72b1bc9,bt_from_qrels,qrels,23,1.0,1.0,0.25,1.0,0.0,0
scidocs,5ded1e19eb785dc0707c94f62f552798db9dd2ef,bt_from_qrels,qrels,25,1.0,1.0,0.2,1.0,0.0,0
scidocs,853bd61bc48a431b9b1c7cab10c603830c488e39,bt_from_qrels,qrels,27,1.0,1.0,0.25,1.0,0.0,0
scidocs,9a2c20b7b8602d1dd7332f8fb5017e5c846185c4,bt_from_qrels,qrels,28,1.0,1.0,0.25,1.0,0.0,0
scidocs,b59d6a8f4acaa63d773356fe320368b9f76a15cf,bt_from_qrels,qrels,26,1.0,1.0,0.25,1.0,0.0,0
scidocs,3131776d3b838e3a22ed9ccd7b7b92a41410df28,bt_from_qrels,qrels,26,1.0,1.0,0.25,1.0,0.0,0
scidocs,848c3eb292d721e53631c0d6c988f380cbb0e225,bt_from_qrels,qrels,26,1.0,1.0,0.25,1.0,0.0,0
scidocs,8384094ce1b342da9eabd2ec939e9bb16ca7ff5c,bt_from_qrels,qrels,25,1.0,1.0,0.25,1.0,0.0,0
scidocs,425a2cb778130d0fd57d00eaf3cbe347c4ee7641,bt_from_qrels,qrels,26,1.0,1.0,0.25,1.0,0.0,0
scidocs,92ec85037f5e195c8aa184534a59b356c6ef7599,bt_from_qrels,qrels,27,1.0,1.0,0.25,1.0,0.0,0
scidocs,546b3592f59b3445ef12fba506b729c832198c33,bt_from_qrels,qrels,25,1.0,1.0,0.25,1.0,0.0,0
scidocs,51236676c3bba877d82c31b393db1af4846527ac,bt_from_qrels,qrels,25,1.0,1.0,0.25,1.0,0.0,0
scidocs,d6b56cc6e05300426b6194dd3f6a38720678827e,bt_from_qrels,qrels,27,1.0,1.0,0.25,1.0,0.0,0
scidocs,498aad3cb4d2b8e8ff1e68a40be7dec27e8139f4,bt_from_qrels,qrels,25,1.0,1.0,0.25,1.0,0.0,0
scidocs,0491b1a097378701dbbab2ce9dcc2e109a95d97e,bt_from_qrels,qrels,28,1.0,1.0,0.25,1.0,0.0,0
scidocs,2c64233ad8239884cdd410fb63c63124bd9fb515,bt_from_qrels,qrels,25,1.0,1.0,0.25,1.0,0.0,0
scidocs,012e396b02aa584cb74a65ae14af355e7c897858,bt_from_qrels,qrels,24,1.0,1.0,0.25,1.0,0.0,0
scidocs,0a149bfc3080902dab96a0bfdfe1d4ab2ec0cc2a,bt_from_qrels,qrels,27,1.0,1.0,0.25,1.0,0.0,0
scidocs,40c6b953b5c04b3df4164cd487c4bc00cf0e487d,bt_from_qrels,qrels,25,1.0,1.0,0.2,1.0,0.0,0
scidocs,725ed843566051638d023ebfdb0311def12cba2a,bt_from_qrels,qrels,26,1.0,1.0,0.25,1.0,0.0,0
scidocs,3713243ded59fd9b0a4428bd101616bad7393311,bt_from_qrels,qrels,25,1.0,1.0,0.25,1.0,0.0,0
scidocs,74ff6bd7f70bb2fe17016ded5104614c001f0cef,bt_from_qrels,qrels,25,1.0,1.0,0.2,1.0,0.0,0
scidocs,dc4ed2b22123596bb329221a18c8b92176fc7263,bt_from_qrels,qrels,26,1.0,1.0,0.25,1.0,0.0,0
scidocs,a65e6a974212ed28133c2fe1e3b97a18dbc40cb6,bt_from_qrels,qrels,27,1.0,1.0,0.25,1.0,0.0,0
scidocs,da6629447f61ef8b07ce0698b490e3fe7210c1e3,bt_from_qrels,qrels,26,1.0,1.0,0.25,1.0,0.0,0
scidocs,1134105faa6a16969fede23d16f0c0df129c5888,bt_from_qrels,qrels,27,1.0,1.0,0.25,1.0,0.0,0
scidocs,e0ec382c51a043b1996a74af96d10cda33fdf6eb,bt_from_qrels,qrels,24,1.0,1.0,0.25,1.0,0.0,0
scidocs,c0bbc89889691aca1f81f3727a0587eadfe4e8af,bt_from_qrels,qrels,27,1.0,1.0,0.25,1.0,0.0,0
scidocs,756bf25afe8e6ca92ba1795bcb5fb4e93d8ed6b2,bt_from_qrels,qrels,27,1.0,1.0,0.25,1.0,0.0,0
scidocs,27fb7f79c74af0de19b3a9691268f9ca32bdda82,bt_from_qrels,qrels,27,1.0,1.0,0.25,1.0,0.0,0
scidocs,ce7f9b2c6566f21056d0d4bf06a0a172fd1064f1,bt_from_qrels,qrels,26,1.0,1.0,0.25,1.0,0.0,0
scidocs,2b26645a12e3a11f53ae4d31798f1009376962db,bt_from_qrels,qrels,26,1.0,1.0,0.25,1.0,0.0,0
scidocs,b66bcce42123af3d5384aa32f9b3f1721f7ae5fd,bt_from_qrels,qrels,29,1.0,1.0,0.25,1.0,0.0,0
scidocs,e00ab75a8aa637d9c4c5c020e9f2c54b31528031,bt_from_qrels,qrels,25,1.0,1.0,0.25,1.0,0.0,0
scidocs,41a798995d414b0dadb0678cdf6c3107059c0b75,bt_from_qrels,qrels,27,1.0,1.0,0.25,1.0,0.0,0
scidocs,7a59595f1859b72761b34892be8b6dc43f71d01e,bt_from_qrels,qrels,26,1.0,1.0,0.25,1.0,0.0,0
scidocs,065985d4d0854c51f52ad7a7507b267d9b88ab1c,bt_from_qrels,qrels,26,1.0,1.0,0.25,1.0,0.0,0
scidocs,a221588fd2d062462254481cfd9563fec2f7c387,bt_from_qrels,qrels,28,1.0,1.0,0.25,1.0,0.0,0
scidocs,2df3b760190470c4af1be87328a20ce607e1ad98,bt_from_qrels,qrels,26,1.0,1.0,0.25,1.0,0.0,0
scidocs,60184fecc57b51fd4f312b77e3817af18643ef8e,bt_from_qrels,qrels,26,1.0,1.0,0.25,1.0,0.0,0
scidocs,78c00439aac79217675b00810386ff3bd89c86cc,bt_from_qrels,qrels,25,1.0,1.0,0.25,1.0,0.0,0
scidocs,095923857403ebb1578ce82b085c97c75b522fa2,bt_from_qrels,qrels,26,1.0,1.0,0.25,1.0,0.0,0
scidocs,e6be9c497285ece7f32b486c6cc72193b5a1fcb9,bt_from_qrels,qrels,28,1.0,1.0,0.25,1.0,0.0,0
scidocs,58d105a565d27bd23443d257e36543ff7c40d167,bt_from_qrels,qrels,25,1.0,1.0,0.25,1.0,0.0,0
scidocs,89e58773fa59ef5b57f229832c2a1b3e3efff37e,bt_from_qrels,qrels,27,1.0,1.0,0.25,1.0,0.0,0
scidocs,4249d4c294e5edca091597b3b4f30c10201c1f9a,bt_from_qrels,qrels,25,1.0,1.0,0.25,1.0,0.0,0
scidocs,d059440d92c707c30fd0f297f6c95de57bf92113,bt_from_qrels,qrels,24,1.0,1.0,0.25,1.0,0.0,0
scidocs,9a5fa5e9c10dc40e20610795bad44e7e00391c1f,bt_from_qrels,qrels,26,1.0,1.0,0.25,1.0,0.0,0
scidocs,3e95925d2bca43223453010ff8516a492287ce19,bt_from_qrels,qrels,26,1.0,1.0,0.25,1.0,0.0,0
scidocs,eb240f463fa57740986a92ee744c3ad75f8228e9,bt_from_qrels,qrels,25,1.0,1.0,0.25,1.0,0.0,0
scidocs,ecb869b1f3830f7f98ee84bc415ddc97b0e0348b,bt_from_qrels,qrels,27,1.0,1.0,0.25,1.0,0.0,0
scidocs,89c8e0ac83e8bac69ca41b63bb887a02950bbe9c,bt_from_qrels,qrels,25,1.0,1.0,0.25,1.0,0.0,0
scidocs,f22ae66b083183494f2ab0f5c7758fb03d69b05c,bt_from_qrels,qrels,27,1.0,1.0,0.25,1.0,0.0,0
scidocs,e9c313fb4cfb8e31cd5ab80ef692dd30f27b70bf,bt_from_qrels,qrels,26,1.0,1.0,0.25,1.0,0.0,0
scidocs,abe2c411f95a5057652dde7b2611331c8a3b3f14,bt_from_qrels,qrels,26,1.0,1.0,0.15,1.0,0.0,0
scidocs,3f95e155b1c40911149fe994197a502ef44ebbbe,bt_from_qrels,qrels,25,1.0,1.0,0.25,1.0,0.0,0
scidocs,78b6cbcceca106c039c9dc2d757376956882ac64,bt_from_qrels,qrels,29,1.0,1.0,0.25,1.0,0.0,0
scidocs,c48caf1b6404e08cf4606508310c03e5df54d0f7,bt_from_qrels,qrels,27,1.0,1.0,0.25,1.0,0.0,0
scidocs,31d33747d8fff0b7a0c40dcf9944015af9a15b1a,bt_from_qrels,qrels,25,1.0,1.0,0.25,1.0,0.0,0
scidocs,6374d969a99cf8da935377750f09f61875c81173,bt_from_qrels,qrels,28,1.0,1.0,0.25,1.0,0.0,0
scidocs,071961fc3d61b893c12f07abfa2906859152e3a9,bt_from_qrels,qrels,23,1.0,1.0,0.25,1.0,0.0,0
scidocs,52c036ba3ba46eadc146ad8e326eeb0c8acd1550,bt_from_qrels,qrels,27,1.0,1.0,0.25,1.0,0.0,0
scidocs,c6e446d78d05c74bad63cf23997c595eebbe6113,bt_from_qrels,qrels,26,1.0,1.0,0.25,1.0,0.0,0
scidocs,45e4ed3f616b6177beff78721aaae0a61506be05,bt_from_qrels,qrels,26,1.0,1.0,0.25,1.0,0.0,0
scidocs,7faf5d0915d604821d7ad2ade77f81a751309eee,bt_from_qrels,qrels,25,1.0,1.0,0.25,1.0,0.0,0
scidocs,3547ac839d02f6efe3f6f76a8289738a22528442,bt_from_qrels,qrels,25,1.0,1.0,0.25,1.0,0.0,0
scidocs,21a3a10bd30461c62140bd7ad0153935ae34ae5b,bt_from_qrels,qrels,28,1.0,1.0,0.25,1.0,0.0,0
scidocs,7707c7aac35a4d206eb061305256452051ae4dcf,bt_from_qrels,qrels,25,1.0,1.0,0.25,1.0,0.0,0
scidocs,5f16572861bf59950894f35aa896e4485868545e,bt_from_qrels,qrels,27,1.0,1.0,0.25,1.0,0.0,0
scidocs,98f2ae796c7702de12174428a945861379665beb,bt_from_qrels,qrels,27,1.0,1.0,0.25,1.0,0.0,0
scidocs,2ad9703a6e039258bc306e46c7eed1208a61f4aa,bt_from_qrels,qrels,26,1.0,1.0,0.25,1.0,0.0,0
scidocs,8485904eddf45f3d221832600d8067d9998321e7,bt_from_qrels,qrels,25,1.0,1.0,0.25,1.0,0.0,0
scidocs,471f97da7975bad68f142980e0dd7dc753388f2c,bt_from_qrels,qrels,27,1.0,1.0,0.25,1.0,0.0,0
scidocs,c7514e9628d90692ccb355fece10d340e03780a2,bt_from_qrels,qrels,26,1.0,1.0,0.25,1.0,0.0,0
scidocs,a46d0a41ef1b28ec06a0a849c4c56bbe725b6964,bt_from_qrels,qrels,25,1.0,1.0,0.25,1.0,0.0,0
scidocs,eecbbb0ba7b513a2fe1e7a0131213e5a94b1868a,bt_from_qrels,qrels,26,1.0,1.0,0.25,1.0,0.0,0
scidocs,76dac031066a95715a3b116eb2094ec9bdd15171,bt_from_qrels,qrels,29,1.0,1.0,0.25,1.0,0.0,0
scidocs,d2e4a2d9590b7ae6c34fc59faa34a4217c5cac53,bt_from_qrels,qrels,24,1.0,1.0,0.25,1.0,0.0,0
scidocs,cab59587e4b2dd441198cd37e0038cace6b6531e,bt_from_qrels,qrels,27,1.0,1.0,0.25,1.0,0.0,0
scidocs,d6649d1eeace7fc7c020b047b22ba79c7481c324,bt_from_qrels,qrels,26,1.0,1.0,0.25,1.0,0.0,0
scidocs,5056e36419b95411e4c03e9c011bbdd286bbb7a9,bt_from_qrels,qrels,25,1.0,1.0,0.25,1.0,0.0,0
scidocs,863d0b86e5d2877e61f5cce971632abe2a1212cd,bt_from_qrels,qrels,25,1.0,1.0,0.15,1.0,0.0,0
scidocs,bfd50521466808d022940fbcfe09e1835ae97822,bt_from_qrels,qrels,26,1.0,1.0,0.25,1.0,0.0,0
scidocs,29da485e2e8c78d9646d1efb25986e5753269354,bt_from_qrels,qrels,26,1.0,1.0,0.25,1.0,0.0,0
scidocs,0f9bacfc21069a07bf3135cb0e94d83014933260,bt_from_qrels,qrels,26,1.0,1.0,0.25,1.0,0.0,0
scidocs,4f9b4c1ac6e1b2f417809009aff2fc11300cc855,bt_from_qrels,qrels,27,1.0,1.0,0.25,1.0,0.0,0
scidocs,c24fc81dcec236527652eab35154ac0fd7a40929,bt_from_qrels,qrels,28,1.0,1.0,0.25,1.0,0.0,0
scidocs,de1cc9b99f95041a1da383b6920cbf2907e0981a,bt_from_qrels,qrels,26,1.0,1.0,0.25,1.0,0.0,0
scidocs,e48e9cf407af2694ecfefd441c2c28faffdf0835,bt_from_qrels,qrels,27,1.0,1.0,0.25,1.0,0.0,0
scidocs,ebf4ef0701e6f6c2050e5bed0be54fd4d8a1d991,bt_from_qrels,qrels,25,1.0,1.0,0.25,1.0,0.0,0
scidocs,484550334c626a749bada57e51a0db4a29085f87,bt_from_qrels,qrels,23,1.0,1.0,0.25,1.0,0.0,0
scidocs,a9d7e7e918a68d1b95c6c6b29f7fabbbe01010f7,bt_from_qrels,qrels,26,1.0,1.0,0.25,1.0,0.0,0
scidocs,57ad8dfb71589360810da83efce67b4cab2ff380,bt_from_qrels,qrels,25,1.0,1.0,0.25,1.0,0.0,0
scidocs,6999766629d4103b9a00bc20a8e0df0c9d12d7da,bt_from_qrels,qrels,26,1.0,1.0,0.25,1.0,0.0,0
scidocs,567909486e73156699a19a2c5e6f44ded727941f,bt_from_qrels,qrels,25,1.0,1.0,0.25,1.0,0.0,0
scidocs,45191391555865feed98e04dde63358dd1111839,bt_from_qrels,qrels,25,1.0,1.0,0.25,1.0,0.0,0
scidocs,9ddda6862a8eefbb04682b449eefd6f37a45949e,bt_from_qrels,qrels,24,1.0,1.0,0.2,1.0,0.0,0
scidocs,b158953a73fc7f023e16b430150968b6f237c806,bt_from_qrels,qrels,26,1.0,1.0,0.25,1.0,0.0,0
scidocs,e567e0ae41ac2b757b1e069c6d345c6a7413d9c1,bt_from_qrels,qrels,27,1.0,1.0,0.25,1.0,0.0,0
scidocs,6930ea33403a3518080e819d138047a80618a075,bt_from_qrels,qrels,27,1.0,1.0,0.25,1.0,0.0,0
scidocs,77b47c27f82bf9998fa49a5c4c670d96d43164d0,bt_from_qrels,qrels,27,1.0,1.0,0.25,1.0,0.0,0
scidocs,901a4c9388b3cb9d30edc3e4a7ea7efb0b4e228b,bt_from_qrels,qrels,26,1.0,1.0,0.25,1.0,0.0,0
scidocs,71d4e703201c98c9c9b44079600e289f234f09f2,bt_from_qrels,qrels,28,1.0,1.0,0.25,1.0,0.0,0
scidocs,2a8bcf35e6b5b3910eea160b3a1fb3e6bcb3966e,bt_from_qrels,qrels,26,1.0,1.0,0.25,1.0,0.0,0
scidocs,38ca15193faef0ab90e6cab5b82be5f7f1a83d67,bt_from_qrels,qrels,26,1.0,1.0,0.25,1.0,0.0,0
scidocs,a2081b75867cb8c461530a0e71d4be1b4afe78a2,bt_from_qrels,qrels,26,1.0,1.0,0.25,1.0,0.0,0
scidocs,afa13588cd866ec23cc71d634becbd507ea61093,bt_from_qrels,qrels,25,1.0,1.0,0.25,1.0,0.0,0
scidocs,831e3f18d25cc65b6cd18f21ca5ad57bdc53cfce,bt_from_qrels,qrels,23,1.0,1.0,0.25,1.0,0.0,0
scidocs,23ce229565447f22d5ef2b6d7cbd6d8003254ac2,bt_from_qrels,qrels,26,1.0,1.0,0.25,1.0,0.0,0
scidocs,8a93cd1b6fbf7c8c86637bae18d979dafeb9a7c1,bt_from_qrels,qrels,24,1.0,1.0,0.25,1.0,0.0,0
scidocs,566e31a4ad34b39b6d8a1953d77d9f74da135a2a,bt_from_qrels,qrels,26,1.0,1.0,0.25,1.0,0.0,0
scidocs,f69885248d17bac47cc3469715fbb93aa7a4aabe,bt_from_qrels,qrels,26,1.0,1.0,0.25,1.0,0.0,0
scidocs,a152205a7d745afa335322587e8f78c8e5e85111,bt_from_qrels,qrels,26,1.0,1.0,0.25,1.0,0.0,0
scidocs,50d388989d9b25754ef9dc5663e85eaf64a17d24,bt_from_qrels,qrels,27,1.0,1.0,0.25,1.0,0.0,0
scidocs,c6879cc784625e795f0097f479d136dc489104ce,bt_from_qrels,qrels,25,1.0,1.0,0.25,1.0,0.0,0
scidocs,59dca5c15c275f26c7ae34fc940449aeb918c68b,bt_from_qrels,qrels,26,1.0,1.0,0.25,1.0,0.0,0
scidocs,162991b10e2633c237ba2d4220c040f09c1679c1,bt_from_qrels,qrels,26,1.0,1.0,0.25,1.0,0.0,0
scidocs,e2af314b238088588eebb94210535e31d5f647e1,bt_from_qrels,qrels,25,1.0,1.0,0.25,1.0,0.0,0
scidocs,71ac664ca2cbc5c463da3ed07a1573f88e2e28f0,bt_from_qrels,qrels,26,1.0,1.0,0.25,1.0,0.0,0
scidocs,663e06e02a306660ef508aaf2ffaf523c6e96088,bt_from_qrels,qrels,26,1.0,1.0,0.25,1.0,0.0,0
scidocs,37fefbdf740577306928ff2f0c810fb3a96183b2,bt_from_qrels,qrels,26,1.0,1.0,0.25,1.0,0.0,0
scidocs,96dd2785bc42ea77a3afa65701d55212570a76ff,bt_from_qrels,qrels,25,1.0,1.0,0.25,1.0,0.0,0
scidocs,b7d0e2a5229d4ec65182c783259a2eeb67a6a873,bt_from_qrels,qrels,25,1.0,1.0,0.25,1.0,0.0,0
scidocs,9af1f7b6d79e6ce314d1842a8d32402328fcaca7,bt_from_qrels,qrels,26,1.0,1.0,0.25,1.0,0.0,0
scidocs,1e12fb38bfc2c7aa86806f87df4cdaf035f92fb7,bt_from_qrels,qrels,26,1.0,1.0,0.25,1.0,0.0,0
scidocs,92a0cf2085013da3fe1fea2090d1bbabcabbf5be,bt_from_qrels,qrels,27,1.0,1.0,0.25,1.0,0.0,0
scidocs,fdd141a4fffc490fb3ab570c28b8a1f2dd80a15f,bt_from_qrels,qrels,26,1.0,1.0,0.25,1.0,0.0,0
scidocs,4b80771429b786ea87740738378ba1eb1504a57f,bt_from_qrels,qrels,26,1.0,1.0,0.25,1.0,0.0,0
scidocs,44872f2260ae42c162c2e8ed428c852f5e05fa24,bt_from_qrels,qrels,26,1.0,1.0,0.25,1.0,0.0,0
scidocs,1f157f2b144528924eec46d9316bd5517352b89a,bt_from_qrels,qrels,25,1.0,1.0,0.25,1.0,0.0,0
scidocs,1475d10a7b5d777fb411cdbb2740f574e32fd2f6,bt_from_qrels,qrels,28,1.0,1.0,0.25,1.0,0.0,0
scidocs,47c7c17b7df3732af69d2702929a65a05c1d3d3f,bt_from_qrels,qrels,25,1.0,1.0,0.25,1.0,0.0,0
scidocs,6c89453c09abde95d998f5acd244f00519472ee0,bt_from_qrels,qrels,25,1.0,1.0,0.25,1.0,0.0,0
scidocs,fa8042d025895e22af2d9df3ffb9f67438610fcc,bt_from_qrels,qrels,25,1.0,1.0,0.25,1.0,0.0,0
scidocs,d145274d03a6374c77de64fb70602ddef393e4d9,bt_from_qrels,qrels,27,1.0,1.0,0.25,1.0,0.0,0
scidocs,da803152928a3b98ef21a81a6675e7b51852510e,bt_from_qrels,qrels,26,1.0,1.0,0.25,1.0,0.0,0
scidocs,52d4649f2840e410b5a6681f094dab5e7d3e1db0,bt_from_qrels,qrels,25,1.0,1.0,0.25,1.0,0.0,0
scidocs,280c96ea1644257069e16660a6a3a3a53f25858e,bt_from_qrels,qrels,26,1.0,1.0,0.25,1.0,0.0,0
scidocs,068a88330c93a41058d6e04e576d7e1a21dc6ee7,bt_from_qrels,qrels,25,1.0,1.0,0.25,1.0,0.0,0
scidocs,4ceb63d79341ba3caa08bd1c6c141478d32a8244,bt_from_qrels,qrels,26,1.0,1.0,0.25,1.0,0.0,0
scidocs,73f38c530a041f81d48cadd067246af448a6a24e,bt_from_qrels,qrels,25,1.0,1.0,0.25,1.0,0.0,0
scidocs,6c88fd5d06ea6e0a2b1ad38b038655f405bc0613,bt_from_qrels,qrels,27,1.0,1.0,0.25,1.0,0.0,0
scidocs,8c872ecd87945e71fcd9fa1b6cb1133cfe805bf2,bt_from_qrels,qrels,27,1.0,1.0,0.2,1.0,0.0,0
scidocs,a29afef550bf4edbf3293a50ef3fdb785ff1e5a3,bt_from_qrels,qrels,29,1.0,1.0,0.25,1.0,0.0,0
scidocs,0c8a029180e8ee5a7a8c886738576b12d3f6530d,bt_from_qrels,qrels,23,1.0,1.0,0.25,1.0,0.0,0
scidocs,2e08d3ec08069ef41059cc3da6bc4d390eaf6e01,bt_from_qrels,qrels,25,1.0,1.0,0.25,1.0,0.0,0
scidocs,53a124b727d34c56ff3fe335c24ff8ec975516be,bt_from_qrels,qrels,24,1.0,1.0,0.25,1.0,0.0,0
scidocs,d7c0189c35a3ee56b13b0488f925df1152a8cfd4,bt_from_qrels,qrels,29,1.0,1.0,0.25,1.0,0.0,0
scidocs,271a4077c037b86fb7daf6bff3e66682322ff7d7,bt_from_qrels,qrels,26,1.0,1.0,0.25,1.0,0.0,0
scidocs,212d7af298a4bd9090b834293067d2f091a95cfc,bt_from_qrels,qrels,26,1.0,1.0,0.25,1.0,0.0,0
scidocs,5f98a36570d428d510e9de699b97f4e2c63d7980,bt_from_qrels,qrels,27,1.0,1.0,0.25,1.0,0.0,0
scidocs,f25ba2cbb101685727b646cbdbcddca4ecd465b4,bt_from_qrels,qrels,28,1.0,1.0,0.25,1.0,0.0,0
scidocs,2170636d5d31eb461618b5da10f4473c67e74e73,bt_from_qrels,qrels,26,1.0,1.0,0.25,1.0,0.0,0
scidocs,f824f0f5e28e434e1b5897153697816dd906ca8e,bt_from_qrels,qrels,25,1.0,1.0,0.25,1.0,0.0,0
scidocs,120f80b2e2b2ce2fefdf0de644f5ee84c8647bb2,bt_from_qrels,qrels,26,1.0,1.0,0.25,1.0,0.0,0
scidocs,b9d502d98e3bb19f8179a4363e3f28c6b6def7a8,bt_from_qrels,qrels,27,1.0,1.0,0.25,1.0,0.0,0
scidocs,435a709ae1d1b0bbdcacbd3965a05d56c14e752c,bt_from_qrels,qrels,27,1.0,1.0,0.2,1.0,0.0,0
scidocs,fe5cc6e84dc223580c0e1729614cfaa8320c5728,bt_from_qrels,qrels,25,1.0,1.0,0.25,1.0,0.0,0
scidocs,78878e95797e03d4968b09f40979585b6c56dac3,bt_from_qrels,qrels,25,1.0,1.0,0.25,1.0,0.0,0
scidocs,b9413a51b6865a0a2c21993e87428afa76aba440,bt_from_qrels,qrels,28,1.0,1.0,0.25,1.0,0.0,0
scidocs,335ad0ff82c728aca99fb0059c607cb18129526f,bt_from_qrels,qrels,25,1.0,1.0,0.25,1.0,0.0,0
scidocs,8e85c7ad6cd0986225e63dc1b4264b3e084b3f9b,bt_from_qrels,qrels,28,1.0,1.0,0.25,1.0,0.0,0
scidocs,c28b8b5e57bab5c8fa91654c7137c1dd21b3da18,bt_from_qrels,qrels,27,1.0,1.0,0.25,1.0,0.0,0
scidocs,7ff20fc82c95eda6645ff2570279251bb8435ec5,bt_from_qrels,qrels,27,1.0,1.0,0.2,1.0,0.0,0
scidocs,7600ac55ddd8d955eeb96c12b226f1a2bc9e8817,bt_from_qrels,qrels,25,1.0,1.0,0.15,1.0,0.0,0
scidocs,ccdc79b2aec687beef2cd3526cf47dd79b9ec220,bt_from_qrels,qrels,26,1.0,1.0,0.25,1.0,0.0,0
scidocs,725f8182eac9bd6f9fa428ba90f43cbce891ac78,bt_from_qrels,qrels,28,1.0,1.0,0.25,1.0,0.0,0
scidocs,1ba7a9c0e658a0d98253f999bf43c2e98c07f4e0,bt_from_qrels,qrels,26,1.0,1.0,0.25,1.0,0.0,0
scidocs,6d1a69023e48422b25202a5ad823d12975291666,bt_from_qrels,qrels,24,1.0,1.0,0.25,1.0,0.0,0
scidocs,20704643278111342011c702aedf66c04a2c8e63,bt_from_qrels,qrels,26,1.0,1.0,0.25,1.0,0.0,0
scidocs,071f47b7bc5830643e31dbed82e0375bf9b26559,bt_from_qrels,qrels,25,1.0,1.0,0.2,1.0,0.0,0
scidocs,e0a8b67880070624ef8787a08bbbd5aa178d65ac,bt_from_qrels,qrels,26,1.0,1.0,0.25,1.0,0.0,0
scidocs,1bf06b2bbf53089180fd3676720d80cbaed5975d,bt_from_qrels,qrels,24,1.0,1.0,0.25,1.0,0.0,0
scidocs,89bb989b6ec9fe52fcbcc94bf0923a14ed6bf245,bt_from_qrels,qrels,26,1.0,1.0,0.25,1.0,0.0,0
scidocs,0f10c6f57e7b640a2e89e94b5ca7d2b0d46d3925,bt_from_qrels,qrels,25,1.0,1.0,0.25,1.0,0.0,0
scidocs,d4d19261e9047b54e14d38cd99cd0f27dc9d0926,bt_from_qrels,qrels,27,1.0,1.0,0.25,1.0,0.0,0
scidocs,81efd70fcc216b6528d48efa758671d9862b21c3,bt_from_qrels,qrels,25,1.0,1.0,0.25,1.0,0.0,0
scidocs,027e7780dbda48d99f3654e77b4a63063224950e,bt_from_qrels,qrels,29,1.0,1.0,0.25,1.0,0.0,0
scidocs,e66ab9039b49b6dd0ecce124a71f1044750107d2,bt_from_qrels,qrels,27,1.0,1.0,0.2,1.0,0.0,0
scidocs,937d42a0ab3f703e7041e277804e0b34bbe6bacb,bt_from_qrels,qrels,26,1.0,1.0,0.15,1.0,0.0,0
scidocs,63e1dffc19c3b4e99ae22ec60d10eaaafd608bcb,bt_from_qrels,qrels,25,1.0,1.0,0.25,1.0,0.0,0
scidocs,aa50a595878ee67d0eb0a9b0f17a6132c0552434,bt_from_qrels,qrels,26,1.0,1.0,0.25,1.0,0.0,0
scidocs,2a88541448be2eb1b953ac2c0c54da240b47dd8a,bt_from_qrels,qrels,25,1.0,1.0,0.25,1.0,0.0,0
scidocs,b3c8eeed23cc8b472ceefe64888a2036dd7df4d2,bt_from_qrels,qrels,26,1.0,1.0,0.25,1.0,0.0,0
scidocs,8f03f545ff791a70455ad4624208357e41dcfc0c,bt_from_qrels,qrels,23,1.0,1.0,0.25,1.0,0.0,0
scidocs,81da438cb67600f6cb2920021e2327bb4c1d482d,bt_from_qrels,qrels,27,1.0,1.0,0.25,1.0,0.0,0
scidocs,04ca5de59edbdd49a9c0502c58331524d220bc8c,bt_from_qrels,qrels,26,1.0,1.0,0.25,1.0,0.0,0
scidocs,b095b4625733f8521439e54db09bed2b9970a808,bt_from_qrels,qrels,25,1.0,1.0,0.25,1.0,0.0,0
scidocs,e1f53305791150a2109b7070bd7dce8071aafac7,bt_from_qrels,qrels,26,1.0,1.0,0.25,1.0,0.0,0
scidocs,763490c13a138523b98e7646ef0fa81d6b5e5a22,bt_from_qrels,qrels,26,1.0,1.0,0.25,1.0,0.0,0
scidocs,822535c409890de3aae74b49b2bd8d4a59832fba,bt_from_qrels,qrels,27,1.0,1.0,0.25,1.0,0.0,0
scidocs,1f576e4cfe7c5426e383cd06608411e81b509feb,bt_from_qrels,qrels,24,1.0,1.0,0.25,1.0,0.0,0
scidocs,2a6300ea9db239f190cb3d8cba4e45a7c0b1c710,bt_from_qrels,qrels,25,1.0,1.0,0.25,1.0,0.0,0
scidocs,0229829e9a1eed5769a2b5eccddcaa7cd9460b92,bt_from_qrels,qrels,26,1.0,1.0,0.25,1.0,0.0,0
scidocs,64982c97190bbd8b70beeed572392d0f308a93c2,bt_from_qrels,qrels,28,1.0,1.0,0.25,1.0,0.0,0
scidocs,0588053b2cde6414e542c656023ade147397f597,bt_from_qrels,qrels,25,1.0,1.0,0.25,1.0,0.0,0
scidocs,2ecad6cdccc33f707dfe4334883538918de50bb8,bt_from_qrels,qrels,26,1.0,1.0,0.25,1.0,0.0,0
scidocs,0f5d0494c0ddaa32b5072dec141a9a79104d967b,bt_from_qrels,qrels,26,1.0,1.0,0.25,1.0,0.0,0
scidocs,5d3bae2e2d5102187a4abfb3d89da5ad00745f18,bt_from_qrels,qrels,26,1.0,1.0,0.25,1.0,0.0,0
scidocs,431bbc47ce90f5e0eb8388fa80b0cc4d7c26ab76,bt_from_qrels,qrels,25,1.0,1.0,0.25,1.0,0.0,0
scidocs,490ec36471275164d104f155ef7ebbc70c5f7eea,bt_from_qrels,qrels,25,1.0,1.0,0.25,1.0,0.0,0
scidocs,2a65434d43ffa6554eaf14b728780919ad4f33eb,bt_from_qrels,qrels,26,1.0,1.0,0.25,1.0,0.0,0
scidocs,999c4ffe9ccf530e62c60fac1271a3787b2c20a9,bt_from_qrels,qrels,27,1.0,1.0,0.2,1.0,0.0,0
scidocs,3a63667284dc8b9687ed1620406030bfe39af3c9,bt_from_qrels,qrels,24,1.0,1.0,0.25,1.0,0.0,0
scidocs,958ebc7e24012b419316489515f2c2f908773bd5,bt_from_qrels,qrels,25,1.0,1.0,0.25,1.0,0.0,0
scidocs,c52a6f0bfca069a0a083ddbc60a3b0d782067cbd,bt_from_qrels,qrels,25,1.0,1.0,0.25,1.0,0.0,0
scidocs,337f48a82d9d2739d35b41cfc4e8cd3dc906639d,bt_from_qrels,qrels,26,1.0,1.0,0.25,1.0,0.0,0
scidocs,c1af0af74d9227591f4464d09d3d4c077e3f53df,bt_from_qrels,qrels,23,1.0,1.0,0.25,1.0,0.0,0
scidocs,9de5cc4b40216b12b4c8fc6c8030bcf5590d03f6,bt_from_qrels,qrels,28,1.0,1.0,0.25,1.0,0.0,0
scidocs,c3dafc91e315d27933b6420be2a77f5639881213,bt_from_qrels,qrels,24,1.0,1.0,0.25,1.0,0.0,0
scidocs,6f3b604e98cf705c73c8685aae6c0e911a22a26b,bt_from_qrels,qrels,26,1.0,1.0,0.25,1.0,0.0,0
scidocs,505942c5f9b5779bda2859e22e9ed0b1c0c7b54a,bt_from_qrels,qrels,26,1.0,1.0,0.25,1.0,0.0,0
scidocs,cae23343d2efddca3592b08a521a896af5098248,bt_from_qrels,qrels,26,1.0,1.0,0.25,1.0,0.0,0
scidocs,349fd2000d792b53471cfd98decfd2cb5df5ac7d,bt_from_qrels,qrels,26,1.0,1.0,0.25,1.0,0.0,0
scidocs,8f8e0e4eca7cbc30cddea7f92d1dc0293342e9bb,bt_from_qrels,qrels,27,1.0,1.0,0.25,1.0,0.0,0
scidocs,f14069aaa8b234dfafd3292863c0e610288fbc80,bt_from_qrels,qrels,27,1.0,1.0,0.25,1.0,0.0,0
scidocs,83af09784042dcac564a82f28cfa3a11519db882,bt_from_qrels,qrels,26,1.0,1.0,0.25,1.0,0.0,0
scidocs,3be10c45163c61dfb9f250412699b3f8cb0ada1d,bt_from_qrels,qrels,26,1.0,1.0,0.25,1.0,0.0,0
scidocs,2bd338ef8751b62d23e53fbb44d67042d634da2f,bt_from_qrels,qrels,28,1.0,1.0,0.25,1.0,0.0,0
scidocs,03d23160e7066e5adab0d55779287e3c4982b9d5,bt_from_qrels,qrels,25,1.0,1.0,0.2,1.0,0.0,0
scidocs,6097c33a382c62a44379926ee96b23b51dba49c4,bt_from_qrels,qrels,28,1.0,1.0,0.25,1.0,0.0,0
scidocs,350db81caaa9c8dc1572f97d90bb8e13b0100bbb,bt_from_qrels,qrels,27,1.0,1.0,0.25,1.0,0.0,0
scidocs,129397ed6557da93db5ba18cf112ee7b0a7927d8,bt_from_qrels,qrels,27,1.0,1.0,0.25,1.0,0.0,0
scidocs,7989208727ceb32b10a51682a116ce762691daa6,bt_from_qrels,qrels,27,1.0,1.0,0.25,1.0,0.0,0
scidocs,26ebc1b9e21db68d5abf01acd2a0c38d260c65a1,bt_from_qrels,qrels,25,1.0,1.0,0.25,1.0,0.0,0
scidocs,40c3f90f0abf842ee6f6009c414fde4f86b82005,bt_from_qrels,qrels,28,1.0,1.0,0.25,1.0,0.0,0
scidocs,703099734f70f0cc00773ee54b4385f89afa7afe,bt_from_qrels,qrels,25,1.0,1.0,0.25,1.0,0.0,0
scidocs,4844e73b6f94f81455d1303cdb9621f1cf394e96,bt_from_qrels,qrels,26,1.0,1.0,0.25,1.0,0.0,0
scidocs,9fc4bae3e7ad7c9646c5e38b093d667947bba78d,bt_from_qrels,qrels,27,1.0,1.0,0.25,1.0,0.0,0
scidocs,4649e3279edf653135f1f31da3e242ba451a93de,bt_from_qrels,qrels,24,1.0,1.0,0.25,1.0,0.0,0
scidocs,66ef0f611b2b5b22dd3eb13a144c0e7d3286623a,bt_from_qrels,qrels,27,1.0,1.0,0.25,1.0,0.0,0
scidocs,375dc2acc3f54cb0d386dbc2d969366e32d2839f,bt_from_qrels,qrels,24,1.0,1.0,0.25,1.0,0.0,0
scidocs,cf9d4048d39c63d96433b6f45fb6a951b0308607,bt_from_qrels,qrels,24,1.0,1.0,0.25,1.0,0.0,0
scidocs,3d9180d48a6c19eb59f5ba6cef378720758b2ed3,bt_from_qrels,qrels,25,1.0,1.0,0.25,1.0,0.0,0
scidocs,6745710034803993433dd42001a860d70c99f75c,bt_from_qrels,qrels,26,1.0,1.0,0.25,1.0,0.0,0
scidocs,de1505819e145b5c22a6e09002510413019f7228,bt_from_qrels,qrels,25,1.0,1.0,0.25,1.0,0.0,0
scidocs,b489d537d5523ab2351c866835a4d03194eb2414,bt_from_qrels,qrels,26,1.0,1.0,0.25,1.0,0.0,0
scidocs,7c080093943b2001224ac6608436c83d82a79a83,bt_from_qrels,qrels,27,1.0,1.0,0.25,1.0,0.0,0
scidocs,281b6888d5df1dddb350fac4e9be5c8272519109,bt_from_qrels,qrels,26,1.0,1.0,0.25,1.0,0.0,0
scidocs,7e3b5f0ffec62944f4b97a50553a12a39f54ba4a,bt_from_qrels,qrels,28,1.0,1.0,0.25,1.0,0.0,0
scidocs,8fad88b5678bfecab78d0d6389f649ccfb310d22,bt_from_qrels,qrels,26,1.0,1.0,0.25,1.0,0.0,0
scidocs,600994f3d8caad52145cc65bf1bfcd883b74a813,bt_from_qrels,qrels,27,1.0,1.0,0.2,1.0,0.0,0
scidocs,ceb688c5ed7cca450dd52442edfb5ca2392a8b74,bt_from_qrels,qrels,27,1.0,1.0,0.25,1.0,0.0,0
scidocs,03725753e46ee9b13cbdfa78c9b62700d4cc2956,bt_from_qrels,qrels,26,1.0,1.0,0.25,1.0,0.0,0
scidocs,2b234385356cb10d448908cef49584bece15d94b,bt_from_qrels,qrels,26,1.0,1.0,0.2,1.0,0.0,0
scidocs,603d0764234f5a35036dc9620f13e144a45ffc21,bt_from_qrels,qrels,26,1.0,1.0,0.25,1.0,0.0,0
scidocs,79e13ff4a21f13d3839422568274ea84a9fe42b5,bt_from_qrels,qrels,25,1.0,1.0,0.25,1.0,0.0,0
scidocs,08c970df2d62d4bc27e65e8c389a0227a41109a5,bt_from_qrels,qrels,27,1.0,1.0,0.25,1.0,0.0,0
scidocs,83591848730f3fc7f208d4646ed4338c237bd161,bt_from_qrels,qrels,27,1.0,1.0,0.25,1.0,0.0,0
scidocs,5a4b46ef8898610ab16a1ced6f4a976db0f1962c,bt_from_qrels,qrels,26,1.0,1.0,0.25,1.0,0.0,0
scidocs,3d23666c6d97d6ba3c86044d83c697821084bed6,bt_from_qrels,qrels,26,1.0,1.0,0.25,1.0,0.0,0
scidocs,64abfbc0b66ec8579a92a33dca19e92bc2095ea2,bt_from_qrels,qrels,23,1.0,1.0,0.15,1.0,0.0,0
scidocs,b8c7a947bda15a4f8a4b2f5e8cb8cd35a193fe4c,bt_from_qrels,qrels,25,1.0,1.0,0.25,1.0,0.0,0
scidocs,522ef548c054fd03109ff1886d243a11ce6d1e2a,bt_from_qrels,qrels,26,1.0,1.0,0.25,1.0,0.0,0
scidocs,a8a4cf29c7483f5eed5aa808df2225661506e1b4,bt_from_qrels,qrels,27,1.0,1.0,0.25,1.0,0.0,0
scidocs,59aa88a5648e602d4e9aa4e9f12dedd112126bf7,bt_from_qrels,qrels,26,1.0,1.0,0.2,1.0,0.0,0
scidocs,11f7d9b2017abd46c756df533618d2c4326fd3cb,bt_from_qrels,qrels,26,1.0,1.0,0.25,1.0,0.0,0
scidocs,7a373793804ea9813d64641919e14841f927c38f,bt_from_qrels,qrels,25,1.0,1.0,0.25,1.0,0.0,0
scidocs,824ca251d71258bdac66af55966b8ce39cf3042f,bt_from_qrels,qrels,28,1.0,1.0,0.25,1.0,0.0,0
scidocs,7c88a0f765ce3c9025345cf133251cb947fe6ee5,bt_from_qrels,qrels,25,1.0,1.0,0.25,1.0,0.0,0
scidocs,a644a3ab091cc30897a707997c43fd4e5dc395b5,bt_from_qrels,qrels,25,1.0,1.0,0.25,1.0,0.0,0
scidocs,0b40af1ad2b9781fa14e999db2d7d3270b6d2862,bt_from_qrels,qrels,25,1.0,1.0,0.25,1.0,0.0,0
scidocs,d8643f4ada0b138bcbe210f84735eac87b220a07,bt_from_qrels,qrels,24,1.0,1.0,0.25,1.0,0.0,0
scidocs,901c7f0cbf7701c66921c918e553d2ecfbb4df34,bt_from_qrels,qrels,24,1.0,1.0,0.2,1.0,0.0,0
scidocs,d27272027cd84341070fd4b7eb7e03dcb514d93f,bt_from_qrels,qrels,29,1.0,1.0,0.25,1.0,0.0,0
scidocs,1fd7fc06653723b05abe5f3d1de393ddcf6bdddb,bt_from_qrels,qrels,26,1.0,1.0,0.25,1.0,0.0,0
scidocs,5437b5cfb0f8eda908559a16e7ed7d7b64be641b,bt_from_qrels,qrels,28,1.0,1.0,0.25,1.0,0.0,0
scidocs,67f9f2cf408b2cc593a9ddb17d74d2b3f72ee225,bt_from_qrels,qrels,27,1.0,1.0,0.25,1.0,0.0,0
scidocs,e8cda2c754670850ec722799640c6cb42dfb8199,bt_from_qrels,qrels,27,1.0,1.0,0.25,1.0,0.0,0
scidocs,c5f0a4418c1025ea8a21f0f997dfe7e4ce176594,bt_from_qrels,qrels,23,1.0,1.0,0.25,1.0,0.0,0
scidocs,1fdec82c846cb843a496e5edfec72787f34d308a,bt_from_qrels,qrels,26,1.0,1.0,0.25,1.0,0.0,0
scidocs,8e35888c532802145288d1b218ac8a684e3a6d0a,bt_from_qrels,qrels,28,1.0,1.0,0.25,1.0,0.0,0
scidocs,46b5188d0f11fcb62d95516bef94cdc929f0de40,bt_from_qrels,qrels,25,1.0,1.0,0.25,1.0,0.0,0
scidocs,a5f27c9cc188c15c0a7e019d666bed767d3c34d9,bt_from_qrels,qrels,27,1.0,1.0,0.25,1.0,0.0,0
scidocs,689f8d21021c0c9b9678d5a7903f9e9442380113,bt_from_qrels,qrels,27,1.0,1.0,0.25,1.0,0.0,0
scidocs,d535ec1a520ca6e29902fafa85b7ab81ad034c1d,bt_from_qrels,qrels,25,1.0,1.0,0.25,1.0,0.0,0
scidocs,472ebd8bc3808530274a49804b38e321cc5b4065,bt_from_qrels,qrels,26,1.0,1.0,0.25,1.0,0.0,0
scidocs,1d8465c3f5aee1b7a790f6eeb44637343861ba47,bt_from_qrels,qrels,25,1.0,1.0,0.25,1.0,0.0,0
scidocs,1e7021eb8e92066b972452a0ce5a54529ca4ba5a,bt_from_qrels,qrels,27,1.0,1.0,0.25,1.0,0.0,0
scidocs,c6c171d2a9be192d60af7b434e4ba2fcbbad7f48,bt_from_qrels,qrels,24,1.0,1.0,0.25,1.0,0.0,0
scidocs,580836f616cbba088996643634363a85e91cccee,bt_from_qrels,qrels,26,1.0,1.0,0.25,1.0,0.0,0
scidocs,e25e514011e2f31a3961aba227ebab437209a6a9,bt_from_qrels,qrels,28,1.0,1.0,0.25,1.0,0.0,0
scidocs,fe2533594e01b374ee12f8d450069b21b572a675,bt_from_qrels,qrels,28,1.0,1.0,0.25,1.0,0.0,0
scidocs,5e1b80b4774582b948c6dcd656daaba6724ffc2d,bt_from_qrels,qrels,26,1.0,1.0,0.25,1.0,0.0,0
scidocs,8653934b00dfb802a7dd066f8f52c5dd3b267831,bt_from_qrels,qrels,26,1.0,1.0,0.15,1.0,0.0,0
scidocs,39959bc480d2972d8bb925708e6e8ad59664bcdb,bt_from_qrels,qrels,25,1.0,1.0,0.15,1.0,0.0,0
scidocs,45a875e4bd1ec588997858876756098ef85b3d82,bt_from_qrels,qrels,26,1.0,1.0,0.25,1.0,0.0,0
scidocs,5cba21badc50adb5243662c54471011a4333d35e,bt_from_qrels,qrels,26,1.0,1.0,0.25,1.0,0.0,0
scidocs,2520c3d5d114974167561591a57f80e89650f862,bt_from_qrels,qrels,27,1.0,1.0,0.25,1.0,0.0,0
scidocs,43d547304f9cb0ff192e97c411f4ded9ddc01b5c,bt_from_qrels,qrels,27,1.0,1.0,0.25,1.0,0.0,0
scidocs,3f64d4fab50db41c0145759b7410fb4c8b977452,bt_from_qrels,qrels,24,1.0,1.0,0.25,1.0,0.0,0
scidocs,951450392f1e08b4dc96d814754a90f61d6151ae,bt_from_qrels,qrels,27,1.0,1.0,0.25,1.0,0.0,0
scidocs,924544f503070bb390cc51e4bac9cbb3171aa03f,bt_from_qrels,qrels,26,1.0,1.0,0.25,1.0,0.0,0
scidocs,4e546c43e5642ecdffd000406f0b35c1e3430a2c,bt_from_qrels,qrels,24,1.0,1.0,0.25,1.0,0.0,0
scidocs,101f6808a0244f725979e6e651bbef2f86410c1d,bt_from_qrels,qrels,27,1.0,1.0,0.25,1.0,0.0,0
scidocs,9d15d72485388b8c4a50f84f81a36cbaf912b090,bt_from_qrels,qrels,26,1.0,1.0,0.25,1.0,0.0,0
scidocs,c9dee006f3b6b2b30e422ad2fd8abb86c751376d,bt_from_qrels,qrels,25,1.0,1.0,0.25,1.0,0.0,0
scidocs,ea41155338edfcbf2891dbfc58698c34b03da068,bt_from_qrels,qrels,26,1.0,1.0,0.25,1.0,0.0,0
scidocs,9d4a4e6f8c14d5d2d0e96ab4893abb8ff706253a,bt_from_qrels,qrels,25,1.0,1.0,0.25,1.0,0.0,0
scidocs,a77e9f0bd205a7733431a6d1028f09f57f9f73b0,bt_from_qrels,qrels,26,1.0,1.0,0.25,1.0,0.0,0
scidocs,34cd1723dc4a58217222882f9c6a651ec5bcf7a4,bt_from_qrels,qrels,25,1.0,1.0,0.25,1.0,0.0,0
scidocs,3ae52be664a249f695988575f8affc1f466c1c87,bt_from_qrels,qrels,25,1.0,1.0,0.25,1.0,0.0,0
scidocs,14ee77995be77780bdba07fa7f1613fb5ad09409,bt_from_qrels,qrels,26,1.0,1.0,0.25,1.0,0.0,0
scidocs,ca464085b3da330f2ea895543a78c446a3af1bb6,bt_from_qrels,qrels,25,1.0,1.0,0.25,1.0,0.0,0
scidocs,d2d001e2a45614528cd014040becb67a80a1af8d,bt_from_qrels,qrels,27,1.0,1.0,0.25,1.0,0.0,0
scidocs,0cf7f818b313a7a16bb33960c6322199a2441e06,bt_from_qrels,qrels,27,1.0,1.0,0.25,1.0,0.0,0
scidocs,979d5c2924eeec9fc98ec9f3e4374ee0c2ddbd24,bt_from_qrels,qrels,26,1.0,1.0,0.25,1.0,0.0,0
scidocs,ebfe1e68abb1782a3d34df61f920375c8b2d6134,bt_from_qrels,qrels,26,1.0,1.0,0.25,1.0,0.0,0
scidocs,5aadc803228b70c3cc6b31e332770d47d7fb1e6e,bt_from_qrels,qrels,26,1.0,1.0,0.25,1.0,0.0,0
scidocs,5358924a48392d24e28afe850fa6849eaa1665d9,bt_from_qrels,qrels,24,1.0,1.0,0.25,1.0,0.0,0
scidocs,1cb77e2a09db58e9e8b37878c7de313d41e6f854,bt_from_qrels,qrels,25,1.0,1.0,0.25,1.0,0.0,0
scidocs,7220d7ec31f6dc6ad7030f601743b5392513a2d9,bt_from_qrels,qrels,25,1.0,1.0,0.25,1.0,0.0,0
scidocs,c2e6fde7addee6983243e487536d089e3b434810,bt_from_qrels,qrels,26,1.0,1.0,0.25,1.0,0.0,0
scidocs,ddbf21ca1de9617894b15d45787a27557f02a494,bt_from_qrels,qrels,26,1.0,1.0,0.25,1.0,0.0,0
scidocs,616b7093cfe6ec679f25d63f62c16e937227258f,bt_from_qrels,qrels,25,1.0,1.0,0.25,1.0,0.0,0
scidocs,ed19aa4eb626c3fc5a64b858bae5f2cdd71e1193,bt_from_qrels,qrels,26,1.0,1.0,0.25,1.0,0.0,0
scidocs,a4f5fd6f54e3a6222fbc5d8e0b7f85ce89d0237e,bt_from_qrels,qrels,26,1.0,1.0,0.25,1.0,0.0,0
scidocs,41b61cca52de9db6dcd6f36700cd0420cc7cd024,bt_from_qrels,qrels,25,1.0,1.0,0.25,1.0,0.0,0
scidocs,d68359c196ed7316b928b9dbeabe556cddbb2427,bt_from_qrels,qrels,26,1.0,1.0,0.25,1.0,0.0,0
scidocs,2ea78e128bec30fb1a623c55ad5d55bb99190bd2,bt_from_qrels,qrels,26,1.0,1.0,0.25,1.0,0.0,0
scidocs,e2f78d2f75a807b89a13115a206da4661361fa71,bt_from_qrels,qrels,26,1.0,1.0,0.25,1.0,0.0,0
scidocs,09d275d72bdd404df1270ca0d23574c10c27e4ac,bt_from_qrels,qrels,25,1.0,1.0,0.25,1.0,0.0,0
scidocs,d2be35d1221c29c3ffba998b91d68dfd7c5c65f0,bt_from_qrels,qrels,27,1.0,1.0,0.25,1.0,0.0,0
scidocs,ddaaf26fe78fa533bfa54e3835844168d688f164,bt_from_qrels,qrels,25,1.0,1.0,0.25,1.0,0.0,0
scidocs,1d1bc7c5ab704db04a72efb063fb1db6fc07f85c,bt_from_qrels,qrels,25,1.0,1.0,0.25,1.0,0.0,0
scidocs,063c6ae786c34d3722c6d9060df6339e246bbc3b,bt_from_qrels,qrels,25,1.0,1.0,0.25,1.0,0.0,0
scidocs,cb3d6142bfa0938aa6f8cb86697c40a7837c08f0,bt_from_qrels,qrels,25,1.0,1.0,0.25,1.0,0.0,0
scidocs,f852431fb190fdc6feb95e5bd319a58039519076,bt_from_qrels,qrels,27,1.0,1.0,0.25,1.0,0.0,0
scidocs,18422ae57ec0318fb4c200fdcf7c6e145208d792,bt_from_qrels,qrels,27,1.0,1.0,0.25,1.0,0.0,0
scidocs,1b44df3232099b13e3aac7fc5811a946133d6db6,bt_from_qrels,qrels,25,1.0,1.0,0.25,1.0,0.0,0
scidocs,636e8a004983a26647e11be23165bdae83a68a5a,bt_from_qrels,qrels,25,1.0,1.0,0.25,1.0,0.0,0
scidocs,eed682efa845495dd2563b5cf2797cb32f9bcac7,bt_from_qrels,qrels,25,1.0,1.0,0.25,1.0,0.0,0
scidocs,1bc5ea91875143e0526ac587b9c4aa6c64ceec98,bt_from_qrels,qrels,28,1.0,1.0,0.25,1.0,0.0,0
scidocs,54356ff0960100e27cf17ff682825bba2662e90c,bt_from_qrels,qrels,26,1.0,1.0,0.25,1.0,0.0,0
scidocs,0bfa2ab02f3c9a9fe06fcebf34bd8f371e206512,bt_from_qrels,qrels,25,1.0,1.0,0.2,1.0,0.0,0
scidocs,26b90ccf7541fd2cd4235118493e1e49d358c351,bt_from_qrels,qrels,25,1.0,1.0,0.25,1.0,0.0,0
scidocs,45fdc73a239e9c6ea65e98c96f6a2d6dc35d6f72,bt_from_qrels,qrels,26,1.0,1.0,0.25,1.0,0.0,0
scidocs,4715401473dca02ebaa5bdd4d4003705ed91c380,bt_from_qrels,qrels,27,1.0,1.0,0.25,1.0,0.0,0
scidocs,d6be438df373dedf06d6c062596d4e40f59b022c,bt_from_qrels,qrels,26,1.0,1.0,0.25,1.0,0.0,0
scidocs,3aba958809c43b0af8df66e5338d9310549eeb58,bt_from_qrels,qrels,25,1.0,1.0,0.25,1.0,0.0,0
scidocs,208d2d6ae61955d93b13a5a497c10ba8c7086e87,bt_from_qrels,qrels,27,1.0,1.0,0.25,1.0,0.0,0
scidocs,0bbdd4905f23994e0b5a0d91fc332b2af336f1e8,bt_from_qrels,qrels,27,1.0,1.0,0.25,1.0,0.0,0
scidocs,74c472360ec199703b5e460308bf5ed29e38f67b,bt_from_qrels,qrels,26,1.0,1.0,0.25,1.0,0.0,0
scidocs,13c47ed140cc36191678a48b3115939cd0aa8314,bt_from_qrels,qrels,27,1.0,1.0,0.25,1.0,0.0,0
scidocs,52d67b1ffaa5a135ff401e1ee0a2ff18571f2ce1,bt_from_qrels,qrels,25,1.0,1.0,0.25,1.0,0.0,0
scidocs,78ed1c69f4f5f5b56cbb9432ee06a2cf71d162e2,bt_from_qrels,qrels,29,1.0,1.0,0.25,1.0,0.0,0
scidocs,fcce89d4b212d5ba5ffd2c84498bad8275505d84,bt_from_qrels,qrels,26,1.0,1.0,0.25,1.0,0.0,0
scidocs,d15f8891e586a9c19c9fc30fa636e764c9eeaff9,bt_from_qrels,qrels,27,1.0,1.0,0.25,1.0,0.0,0
scidocs,4bec8908ef97074b4f9a0f1c1693e58e867ff19d,bt_from_qrels,qrels,27,1.0,1.0,0.25,1.0,0.0,0
scidocs,5a4b138603821d758d5e51c8f8fb0ff1696901d7,bt_from_qrels,qrels,25,1.0,1.0,0.25,1.0,0.0,0
scidocs,318e36796798d173020e2c92ea4188b60d84a450,bt_from_qrels,qrels,27,1.0,1.0,0.25,1.0,0.0,0
scidocs,fd4677e1b2cd0cba66ab4a64cbd1fe015d3a742b,bt_from_qrels,qrels,26,1.0,1.0,0.25,1.0,0.0,0
scidocs,2561aa198e3a7a0b507122f543acafa80481e1b9,bt_from_qrels,qrels,26,1.0,1.0,0.25,1.0,0.0,0
scidocs,49aa693db2d6d6a9486a9c9b6e1ac653fe12ab97,bt_from_qrels,qrels,25,1.0,1.0,0.25,1.0,0.0,0
scidocs,87601a4866373c63b4fd070214cab8b40b50058c,bt_from_qrels,qrels,25,1.0,1.0,0.25,1.0,0.0,0
scidocs,e27aff8fffd4ad43275d355202a135f848be0e76,bt_from_qrels,qrels,26,1.0,1.0,0.25,1.0,0.0,0
scidocs,6c42c5d99cd594da9fd18c5fdb67e015455dde6e,bt_from_qrels,qrels,25,1.0,1.0,0.25,1.0,0.0,0
scidocs,64ddfb947878347a30610b6ca2314fe2bac96a4a,bt_from_qrels,qrels,24,1.0,1.0,0.2,1.0,0.0,0
scidocs,195a5a538eacb89dcd4cf3fe2c0600ea61dbd15e,bt_from_qrels,qrels,25,1.0,1.0,0.25,1.0,0.0,0
scidocs,d2662c5f2b4aca17f7e9ce70074d2eb829b4f38d,bt_from_qrels,qrels,26,1.0,1.0,0.25,1.0,0.0,0
scidocs,23a7c8d9f142184d28e56b0751e172fef6539275,bt_from_qrels,qrels,29,1.0,1.0,0.25,1.0,0.0,0
scidocs,68cc5038a4937b96f1bf127dd574ac7b713bfa72,bt_from_qrels,qrels,28,1.0,1.0,0.25,1.0,0.0,0
scidocs,3dcc819e642beafccd3f6bffa434767d1a818eb1,bt_from_qrels,qrels,26,1.0,1.0,0.25,1.0,0.0,0
scidocs,2d52f69dd4686a3e66f5a8a1650a24bcea43530e,bt_from_qrels,qrels,27,1.0,1.0,0.25,1.0,0.0,0
scidocs,23386571ed332e4a465c0a6fa899f310caa217c8,bt_from_qrels,qrels,26,1.0,1.0,0.25,1.0,0.0,0
scidocs,849534526c074568abbfd6daf45c3532b0a18133,bt_from_qrels,qrels,26,1.0,1.0,0.25,1.0,0.0,0
scidocs,b4333da9831681151015f61b46aff3843eeb5847,bt_from_qrels,qrels,26,1.0,1.0,0.25,1.0,0.0,0
scidocs,fcd16bfffd4131b2f41f90b4c832415aea55038b,bt_from_qrels,qrels,26,1.0,1.0,0.25,1.0,0.0,0
scidocs,542215d9c86220acd32dbe07a4fcd882c3912952,bt_from_qrels,qrels,26,1.0,1.0,0.25,1.0,0.0,0
scidocs,c2e57b2871fdfd06566820c5329815ac06f66197,bt_from_qrels,qrels,26,1.0,1.0,0.25,1.0,0.0,0
scidocs,95a6d727526421dc176cfc831d4413ea3487e4f0,bt_from_qrels,qrels,28,1.0,1.0,0.25,1.0,0.0,0
scidocs,c46d80f83813fba0e8363a0ab36a19fba062540e,bt_from_qrels,qrels,25,1.0,1.0,0.25,1.0,0.0,0
scidocs,7a26676a07796e2b910dd556c6691d264a7e774c,bt_from_qrels,qrels,26,1.0,1.0,0.25,1.0,0.0,0
scidocs,74bd4761b373447079c6e5cd31832c00fab2fa77,bt_from_qrels,qrels,28,1.0,1.0,0.25,1.0,0.0,0
scidocs,ae2b67d03512dd0f13a68636d1d7f83cc889318a,bt_from_qrels,qrels,26,1.0,1.0,0.25,1.0,0.0,0
scidocs,7e7f843b9638ee9dc321fcd348ea2185b9126854,bt_from_qrels,qrels,24,1.0,1.0,0.25,1.0,0.0,0
scidocs,7b787a261a82e5488fc972d2b6541f778c81ed78,bt_from_qrels,qrels,25,1.0,1.0,0.25,1.0,0.0,0
scidocs,4fa89f6ffef921580718222c55fa17973a7c366d,bt_from_qrels,qrels,25,1.0,1.0,0.25,1.0,0.0,0
scidocs,2d2f14551b8b7163558e97902e7b456b0ba0a8d0,bt_from_qrels,qrels,26,1.0,1.0,0.25,1.0,0.0,0
scidocs,d8dea89f5c7fb15d5ba16d2edcd2933a25789ee6,bt_from_qrels,qrels,24,1.0,1.0,0.25,1.0,0.0,0
scidocs,8a6080396fa7195c7c627bea4b2aeeb9ca39b5f8,bt_from_qrels,qrels,25,1.0,1.0,0.25,1.0,0.0,0
scidocs,a6500d8800010e79d83800c9e433435efbc4398e,bt_from_qrels,qrels,25,1.0,1.0,0.25,1.0,0.0,0
scidocs,79729be88ecf76e5e964ffb25e8bc3b396feacb4,bt_from_qrels,qrels,25,1.0,1.0,0.25,1.0,0.0,0
scidocs,399acab2bee6eccbfffe4a2ce688b6b1075e9c5e,bt_from_qrels,qrels,27,1.0,1.0,0.25,1.0,0.0,0
scidocs,232427099d4a8acf1dc29efc852f09c5964e6165,bt_from_qrels,qrels,29,1.0,1.0,0.25,1.0,0.0,0
scidocs,d1c0cc34e1b6eaa8bdc2221d83377063be951196,bt_from_qrels,qrels,28,1.0,1.0,0.25,1.0,0.0,0
scidocs,0f2c82218b1858e414df5d50171e97694c60e542,bt_from_qrels,qrels,28,1.0,1.0,0.25,1.0,0.0,0
scidocs,62d588d2200ab2cbee153a8998a7fa98c30cf7bb,bt_from_qrels,qrels,26,1.0,1.0,0.25,1.0,0.0,0
scidocs,4acb38f96f3f69a443e1684040c14d1cecc4f841,bt_from_qrels,qrels,26,1.0,1.0,0.25,1.0,0.0,0
scidocs,76abf690192e6b6219d7691d0925894c433ddf2a,bt_from_qrels,qrels,28,1.0,1.0,0.25,1.0,0.0,0
scidocs,b2a93309a451eae2b9b40e768a4831e1e3fc6d2b,bt_from_qrels,qrels,25,1.0,1.0,0.15,1.0,0.0,0
scidocs,714c194a2fc326151b905270558aa137f9f22730,bt_from_qrels,qrels,26,1.0,1.0,0.25,1.0,0.0,0
scidocs,785e957937b1d0de27c39c916e74aa02220cc27e,bt_from_qrels,qrels,25,1.0,1.0,0.25,1.0,0.0,0
scidocs,da8fcbcb25d73558752e1d2b1f34c0e5df07ab65,bt_from_qrels,qrels,27,1.0,1.0,0.25,1.0,0.0,0
scidocs,f072d0363f437fd5ccf359bbe2fc9afaa5cfa831,bt_from_qrels,qrels,24,1.0,1.0,0.25,1.0,0.0,0
scidocs,29378306c07a78cff615f1b2ddea4d5baca4a199,bt_from_qrels,qrels,26,1.0,1.0,0.25,1.0,0.0,0
scidocs,9c4d7805f3724fb7b866950eaa0505952ff25fd0,bt_from_qrels,qrels,25,1.0,1.0,0.25,1.0,0.0,0
scidocs,4b82b3bf2b30d74c083940a86db5b09e4b81f0af,bt_from_qrels,qrels,26,1.0,1.0,0.25,1.0,0.0,0
scidocs,52f8eb239997d9a324d4794529c60522db8d08bf,bt_from_qrels,qrels,28,1.0,1.0,0.25,1.0,0.0,0
scidocs,de6411cb46cf889ba279ffc1a704168d75aae0b1,bt_from_qrels,qrels,24,1.0,1.0,0.25,1.0,0.0,0
scidocs,5157dde17a69f12c51186ffc20a0a6c6847f1a29,bt_from_qrels,qrels,26,1.0,1.0,0.25,1.0,0.0,0
scidocs,80d9843338d07778dac65157a2c881892a28b821,bt_from_qrels,qrels,28,1.0,1.0,0.25,1.0,0.0,0
scidocs,3cfa669b42a1e0e87bf3aca4d491039495ef87f8,bt_from_qrels,qrels,24,1.0,1.0,0.25,1.0,0.0,0
scidocs,a1ac90b17d79e2053ca77808bcf87bcd9c1fddd1,bt_from_qrels,qrels,25,1.0,1.0,0.25,1.0,0.0,0
scidocs,3b198869df03d98b81c0c882753845a3bca36c63,bt_from_qrels,qrels,26,1.0,1.0,0.25,1.0,0.0,0
scidocs,bd185e4f80d1fa2def96815269ec60dff862a7a1,bt_from_qrels,qrels,26,1.0,1.0,0.2,1.0,0.0,0
scidocs,eaf4756c12cfdae09ad3c82696ec1c16271a9348,bt_from_qrels,qrels,26,1.0,1.0,0.25,1.0,0.0,0
scidocs,79b97a68a26c38e8441e3f7902c6f6cf5d975622,bt_from_qrels,qrels,26,1.0,1.0,0.25,1.0,0.0,0
scidocs,05dba74b1ecf7e40b2a904e2d797768ef79832d3,bt_from_qrels,qrels,24,1.0,1.0,0.25,1.0,0.0,0
scidocs,7b49bd891f632ca6e86e5ccccdc3761ceb3fd277,bt_from_qrels,qrels,25,1.0,1.0,0.25,1.0,0.0,0
scidocs,177f06f0b11a911317f500b455adeeadf9d48e00,bt_from_qrels,qrels,26,1.0,1.0,0.25,1.0,0.0,0
scidocs,41b807511a65feac98485427597f9b45c892595b,bt_from_qrels,qrels,25,1.0,1.0,0.25,1.0,0.0,0
scidocs,68f9901394bf28b5172fbe841709e3e589572052,bt_from_qrels,qrels,26,1.0,1.0,0.25,1.0,0.0,0
scidocs,2ad961db4b9075a33f0725dd5c79074de993c5e4,bt_from_qrels,qrels,26,1.0,1.0,0.25,1.0,0.0,0
scidocs,a5cb9e716b2e3c54518ed0b05a4cc0c4256e53c2,bt_from_qrels,qrels,24,1.0,1.0,0.25,1.0,0.0,0
scidocs,39dba6f22d72853561a4ed684be265e179a39e4f,bt_from_qrels,qrels,26,1.0,1.0,0.25,1.0,0.0,0
scidocs,45182cf235fd8f9dd8a81f61f3efd488f78df75e,bt_from_qrels,qrels,28,1.0,1.0,0.25,1.0,0.0,0
scidocs,fa36e9da13f7a055ce95beb61035c72b6d89e2cb,bt_from_qrels,qrels,26,1.0,1.0,0.25,1.0,0.0,0
scidocs,2468a43e935adcee0303ba39e348c2bc0c4379a7,bt_from_qrels,qrels,28,1.0,1.0,0.25,1.0,0.0,0
scidocs,59e2037f5079794cb9128c7f0900a568ced14c2a,bt_from_qrels,qrels,26,1.0,1.0,0.25,1.0,0.0,0
scidocs,7a5e33718ca81495b2db4a1688bdb5a555816a87,bt_from_qrels,qrels,27,1.0,1.0,0.25,1.0,0.0,0
scidocs,27efc45254159de1a18554ba8cb603ee70a1f266,bt_from_qrels,qrels,28,1.0,1.0,0.25,1.0,0.0,0
scidocs,a98d48b6c4188143dbb2474a1cb27c2f9e3b5c0a,bt_from_qrels,qrels,24,1.0,1.0,0.25,1.0,0.0,0
scidocs,c104626e93e0b8115b4673f63e10f69cdf97801c,bt_from_qrels,qrels,27,1.0,1.0,0.25,1.0,0.0,0
scidocs,c6d97883da23b07a2031ff65076670eeb11b59d6,bt_from_qrels,qrels,27,1.0,1.0,0.25,1.0,0.0,0
scidocs,bb93fdae023ee2978e82f47c1c069b973046ef1e,bt_from_qrels,qrels,28,1.0,1.0,0.25,1.0,0.0,0
scidocs,b42c7b6e9fc032cf70cdcbdab05ce898be0a3a6e,bt_from_qrels,qrels,27,1.0,1.0,0.25,1.0,0.0,0
scidocs,41e5ed6744f1c901a55ee68ea8235d3340e32528,bt_from_qrels,qrels,24,1.0,1.0,0.25,1.0,0.0,0
scidocs,1571f50f52761a7a3537f12a88be487e5a0e7ad4,bt_from_qrels,qrels,26,1.0,1.0,0.25,1.0,0.0,0
scidocs,e76f37bc17b1b9f2fb4b5296c7282787729523a2,bt_from_qrels,qrels,28,1.0,1.0,0.25,1.0,0.0,0
scidocs,65a858ca95dcfa032e812a7f1fc7ee5bdac88f5b,bt_from_qrels,qrels,26,1.0,1.0,0.25,1.0,0.0,0
scidocs,9557be29d86add8994b7df670c15eaa872995a10,bt_from_qrels,qrels,27,1.0,1.0,0.25,1.0,0.0,0
scidocs,0416f5d1564d1f2a597acac04e81b02b2eff67d2,bt_from_qrels,qrels,26,1.0,1.0,0.25,1.0,0.0,0
scidocs,6ec004e4c1171c4c4858eec7c927f567684b80bc,bt_from_qrels,qrels,24,1.0,1.0,0.25,1.0,0.0,0
scidocs,fe63023bb7434e44b4e63dcf918c6a2f9aaba930,bt_from_qrels,qrels,27,1.0,1.0,0.25,1.0,0.0,0
scidocs,d406239de17bbb4f66d4c835f2a5f1be977b4131,bt_from_qrels,qrels,25,1.0,1.0,0.2,1.0,0.0,0
scidocs,6173a5266a044872618fd379bb91bda0406f778a,bt_from_qrels,qrels,28,1.0,1.0,0.25,1.0,0.0,0
scidocs,a22e737d38a1bc671893a7ed341aba436571097a,bt_from_qrels,qrels,27,1.0,1.0,0.25,1.0,0.0,0
scidocs,7492683af60d02dbd658acdc61249571f8c20fc8,bt_from_qrels,qrels,28,1.0,1.0,0.25,1.0,0.0,0
scidocs,39d428fd8c6b73ed070921a856f03c2c5b5377ba,bt_from_qrels,qrels,27,1.0,1.0,0.25,1.0,0.0,0
scidocs,47fc2c3e290e05fe9d41441b0270f88f6a8543d8,bt_from_qrels,qrels,27,1.0,1.0,0.25,1.0,0.0,0
scidocs,28115e594c25c99a253557ae96290a9e0d60d3e3,bt_from_qrels,qrels,26,1.0,1.0,0.25,1.0,0.0,0
scidocs,802f3f316f87c6bc675cc55a2a1bf4bb0f12dd1e,bt_from_qrels,qrels,26,1.0,1.0,0.25,1.0,0.0,0
scidocs,573dc953636d90aeb4981e880c4bc0bad7f6cf64,bt_from_qrels,qrels,25,1.0,1.0,0.25,1.0,0.0,0
scidocs,72cf3347ff06226e57214b49801de9fc02df8d52,bt_from_qrels,qrels,25,1.0,1.0,0.25,1.0,0.0,0
scidocs,0963302a589b5476df76040ab22a3315e0f84bb1,bt_from_qrels,qrels,27,1.0,1.0,0.25,1.0,0.0,0
scidocs,648678f1edab0d2139958070744b826d2b24c79e,bt_from_qrels,qrels,29,1.0,1.0,0.25,1.0,0.0,0
scidocs,ba69c46c62b525941e91d0788d20b6ef91847cc4,win_rate_from_qrels,qrels,25,1.0,1.0,0.25,1.0,0.0,0
scidocs,7526f88d4ee7a380fecd05c1f92208ad94605cec,win_rate_from_qrels,qrels,24,1.0,1.0,0.2,1.0,0.0,0
scidocs,dc344ea8e993584b924522d95febaeb74de2ad30,win_rate_from_qrels,qrels,27,1.0,1.0,0.25,1.0,0.0,0
scidocs,e5adfc2f23602a5256e89b84615e1434e5375f0e,win_rate_from_qrels,qrels,25,1.0,1.0,0.25,1.0,0.0,0
scidocs,09109a5375d8e2ca752bedde17ba5acad1df61cb,win_rate_from_qrels,qrels,25,1.0,1.0,0.25,1.0,0.0,0
scidocs,6f54a7933235ced5684e3bff18f7e5dc40510018,win_rate_from_qrels,qrels,27,1.0,1.0,0.25,1.0,0.0,0
scidocs,1312b0d0a957fc2bbfc2612dd89ba9003c57a08c,win_rate_from_qrels,qrels,26,1.0,1.0,0.25,1.0,0.0,0
scidocs,b37225fc67e1aeeb7877c4691f9036ed5cc01efa,win_rate_from_qrels,qrels,26,1.0,1.0,0.25,1.0,0.0,0
scidocs,4ec90b7da43e6438cbdc756624b1083f30288064,win_rate_from_qrels,qrels,25,1.0,1.0,0.25,1.0,0.0,0
scidocs,78495383450e02c5fe817e408726134b3084905d,win_rate_from_qrels,qrels,25,1.0,1.0,0.25,1.0,0.0,0
scidocs,28f3343d2419147213e7580934cfc4e0cb88b088,win_rate_from_qrels,qrels,26,1.0,1.0,0.25,1.0,0.0,0
scidocs,c4e76b318149a106563d53892dde801a37a637cc,win_rate_from_qrels,qrels,27,1.0,1.0,0.25,1.0,0.0,0
scidocs,5f1f12015d55c51764be27df92de175d2de8ee0d,win_rate_from_qrels,qrels,26,1.0,1.0,0.25,1.0,0.0,0
scidocs,8bb49c0658d7b7cff42c655a6d7e005372ad32ea,win_rate_from_qrels,qrels,27,1.0,1.0,0.25,1.0,0.0,0
scidocs,9e76a700f03ef476b964b27e23c071163e44c232,win_rate_from_qrels,qrels,24,1.0,1.0,0.25,1.0,0.0,0
scidocs,7445178858159988f2b17aa21376e13767fce5a6,win_rate_from_qrels,qrels,26,1.0,1.0,0.25,1.0,0.0,0
scidocs,b47402a9a68f23b548ae6e0349700ea651b7a373,win_rate_from_qrels,qrels,24,1.0,1.0,0.25,1.0,0.0,0
scidocs,0c3ffd5f1b577e38604f361ee71feb312b5b0cab,win_rate_from_qrels,qrels,25,1.0,1.0,0.25,1.0,0.0,0
scidocs,ac24b99a5db633ce45f053287ca806157fff9663,win_rate_from_qrels,qrels,26,1.0,1.0,0.25,1.0,0.0,0
scidocs,4a343313042b654c7d85313de3d88486a1d0e9de,win_rate_from_qrels,qrels,26,1.0,1.0,0.2,1.0,0.0,0
scidocs,661a03482f0532b7355188059b2263091ade1bae,win_rate_from_qrels,qrels,27,1.0,1.0,0.25,1.0,0.0,0
scidocs,c05ae45c262b270df1e99a32efa35036aae8d950,win_rate_from_qrels,qrels,22,1.0,1.0,0.25,1.0,0.0,0
scidocs,4d4dc6568e24f283f3c5bcb88f280908a35da0e3,win_rate_from_qrels,qrels,26,1.0,1.0,0.25,1.0,0.0,0
scidocs,6affd37b83d4fca0d0e54e5d75433a74cb142671,win_rate_from_qrels,qrels,25,1.0,1.0,0.25,1.0,0.0,0
scidocs,8d37da5a9f05ee71d06cc6afcc1b14f8ff83147f,win_rate_from_qrels,qrels,24,1.0,1.0,0.25,1.0,0.0,0
scidocs,6cdbbced12bff53bcbdde3cdb6d20b4bd02a9d6c,win_rate_from_qrels,qrels,26,1.0,1.0,0.25,1.0,0.0,0
scidocs,8bb3a478db8951f42198a885d7245d58036ba55c,win_rate_from_qrels,qrels,26,1.0,1.0,0.25,1.0,0.0,0
scidocs,7dcb308b9292a8bc87d6f7793d2ca5e0e19dfa40,win_rate_from_qrels,qrels,27,1.0,1.0,0.25,1.0,0.0,0
scidocs,5137d6a245dffe321df34999fa77e190c19b4c37,win_rate_from_qrels,qrels,27,1.0,1.0,0.25,1.0,0.0,0
scidocs,b8397b4418bb1d576210d9a39d44725d6ffb2a44,win_rate_from_qrels,qrels,27,1.0,1.0,0.25,1.0,0.0,0
scidocs,9003fb79e7848ced3be975c3d87a9348a4b8d377,win_rate_from_qrels,qrels,25,1.0,1.0,0.2,1.0,0.0,0
scidocs,eb3d1b885bfa800badfd79c6921a07d01491aedb,win_rate_from_qrels,qrels,28,1.0,1.0,0.25,1.0,0.0,0
scidocs,c20b4068be640ebaffbc56382c3e4e0bcf62664e,win_rate_from_qrels,qrels,26,1.0,1.0,0.25,1.0,0.0,0
scidocs,7323c2d32d6cdc3604dcedc574508d042ce3821e,win_rate_from_qrels,qrels,23,1.0,1.0,0.25,1.0,0.0,0
scidocs,e642d6014a5762128a28f85dae2228826e682974,win_rate_from_qrels,qrels,25,1.0,1.0,0.25,1.0,0.0,0
scidocs,51ee97313309157219412b6f5dfb314682b33992,win_rate_from_qrels,qrels,25,1.0,1.0,0.25,1.0,0.0,0
scidocs,866b1a9819f662ac2499be231965ded8e0323c7f,win_rate_from_qrels,qrels,26,1.0,1.0,0.25,1.0,0.0,0
scidocs,a829c1093eb4d78a198ebb9b4a33a8137b0359df,win_rate_from_qrels,qrels,27,1.0,1.0,0.25,1.0,0.0,0
scidocs,0ce7927d613e66a2062516e9e85e1b9a36d54029,win_rate_from_qrels,qrels,26,1.0,1.0,0.25,1.0,0.0,0
scidocs,6079719b677d0abda12abcd5cd46582ca91585ad,win_rate_from_qrels,qrels,27,1.0,1.0,0.25,1.0,0.0,0
scidocs,0daf48d0ce4e4200a753c28519f5761b160944fb,win_rate_from_qrels,qrels,26,1.0,1.0,0.25,1.0,0.0,0
scidocs,3ad8328b066bedca77c858a399a77521563d5c99,win_rate_from_qrels,qrels,27,1.0,1.0,0.25,1.0,0.0,0
scidocs,b8eea99bb5345329ea058072133f568f7bdd27bd,win_rate_from_qrels,qrels,27,1.0,1.0,0.25,1.0,0.0,0
scidocs,29373c5bb0d60320844905916aec09d64c24cd79,win_rate_from_qrels,qrels,26,1.0,1.0,0.25,1.0,0.0,0
scidocs,6ae4d0b388aa9262e80c3eedc1cb3e5f06842368,win_rate_from_qrels,qrels,26,1.0,1.0,0.25,1.0,0.0,0
scidocs,bfebba8356c5d20dc6a9b2f72ff66adaf63321b7,win_rate_from_qrels,qrels,26,1.0,1.0,0.25,1.0,0.0,0
scidocs,2747421989619d293c05b0b82a547009128ebadb,win_rate_from_qrels,qrels,28,1.0,1.0,0.25,1.0,0.0,0
scidocs,21b1180af3087c1333708a9873f6d473eabe6751,win_rate_from_qrels,qrels,26,1.0,1.0,0.25,1.0,0.0,0
scidocs,b045f045e331700cdef309e0d40b15a64cdf5b8a,win_rate_from_qrels,qrels,25,1.0,1.0,0.25,1.0,0.0,0
scidocs,1a66df57f88e689438d505474eff73e3a9180c5b,win_rate_from_qrels,qrels,27,1.0,1.0,0.25,1.0,0.0,0
scidocs,60f9c8ba8e00e9e03e8bb80640fcfa3889a36327,win_rate_from_qrels,qrels,24,1.0,1.0,0.25,1.0,0.0,0
scidocs,f46a2337a9d94d68c2d92f0aa0ca693adafc3346,win_rate_from_qrels,qrels,24,1.0,1.0,0.25,1.0,0.0,0
scidocs,04e4034344bda5c97015ea634e6eb1b65ef3a898,win_rate_from_qrels,qrels,25,1.0,1.0,0.25,1.0,0.0,0
scidocs,2a3b696dccb9e31f0321c83a86f26041c72b1bc9,win_rate_from_qrels,qrels,23,1.0,1.0,0.25,1.0,0.0,0
scidocs,5ded1e19eb785dc0707c94f62f552798db9dd2ef,win_rate_from_qrels,qrels,25,1.0,1.0,0.2,1.0,0.0,0
scidocs,853bd61bc48a431b9b1c7cab10c603830c488e39,win_rate_from_qrels,qrels,27,1.0,1.0,0.25,1.0,0.0,0
scidocs,9a2c20b7b8602d1dd7332f8fb5017e5c846185c4,win_rate_from_qrels,qrels,28,1.0,1.0,0.25,1.0,0.0,0
scidocs,b59d6a8f4acaa63d773356fe320368b9f76a15cf,win_rate_from_qrels,qrels,26,1.0,1.0,0.25,1.0,0.0,0
scidocs,3131776d3b838e3a22ed9ccd7b7b92a41410df28,win_rate_from_qrels,qrels,26,1.0,1.0,0.25,1.0,0.0,0
scidocs,848c3eb292d721e53631c0d6c988f380cbb0e225,win_rate_from_qrels,qrels,26,1.0,1.0,0.25,1.0,0.0,0
scidocs,8384094ce1b342da9eabd2ec939e9bb16ca7ff5c,win_rate_from_qrels,qrels,25,1.0,1.0,0.25,1.0,0.0,0
scidocs,425a2cb778130d0fd57d00eaf3cbe347c4ee7641,win_rate_from_qrels,qrels,26,1.0,1.0,0.25,1.0,0.0,0
scidocs,92ec85037f5e195c8aa184534a59b356c6ef7599,win_rate_from_qrels,qrels,27,1.0,1.0,0.25,1.0,0.0,0
scidocs,546b3592f59b3445ef12fba506b729c832198c33,win_rate_from_qrels,qrels,25,1.0,1.0,0.25,1.0,0.0,0
scidocs,51236676c3bba877d82c31b393db1af4846527ac,win_rate_from_qrels,qrels,25,1.0,1.0,0.25,1.0,0.0,0
scidocs,d6b56cc6e05300426b6194dd3f6a38720678827e,win_rate_from_qrels,qrels,27,1.0,1.0,0.25,1.0,0.0,0
scidocs,498aad3cb4d2b8e8ff1e68a40be7dec27e8139f4,win_rate_from_qrels,qrels,25,1.0,1.0,0.25,1.0,0.0,0
scidocs,0491b1a097378701dbbab2ce9dcc2e109a95d97e,win_rate_from_qrels,qrels,28,1.0,1.0,0.25,1.0,0.0,0
scidocs,2c64233ad8239884cdd410fb63c63124bd9fb515,win_rate_from_qrels,qrels,25,1.0,1.0,0.25,1.0,0.0,0
scidocs,012e396b02aa584cb74a65ae14af355e7c897858,win_rate_from_qrels,qrels,24,1.0,1.0,0.25,1.0,0.0,0
scidocs,0a149bfc3080902dab96a0bfdfe1d4ab2ec0cc2a,win_rate_from_qrels,qrels,27,1.0,1.0,0.25,1.0,0.0,0
scidocs,40c6b953b5c04b3df4164cd487c4bc00cf0e487d,win_rate_from_qrels,qrels,25,1.0,1.0,0.2,1.0,0.0,0
scidocs,725ed843566051638d023ebfdb0311def12cba2a,win_rate_from_qrels,qrels,26,1.0,1.0,0.25,1.0,0.0,0
scidocs,3713243ded59fd9b0a4428bd101616bad7393311,win_rate_from_qrels,qrels,25,1.0,1.0,0.25,1.0,0.0,0
scidocs,74ff6bd7f70bb2fe17016ded5104614c001f0cef,win_rate_from_qrels,qrels,25,1.0,1.0,0.2,1.0,0.0,0
scidocs,dc4ed2b22123596bb329221a18c8b92176fc7263,win_rate_from_qrels,qrels,26,1.0,1.0,0.25,1.0,0.0,0
scidocs,a65e6a974212ed28133c2fe1e3b97a18dbc40cb6,win_rate_from_qrels,qrels,27,1.0,1.0,0.25,1.0,0.0,0
scidocs,da6629447f61ef8b07ce0698b490e3fe7210c1e3,win_rate_from_qrels,qrels,26,1.0,1.0,0.25,1.0,0.0,0
scidocs,1134105faa6a16969fede23d16f0c0df129c5888,win_rate_from_qrels,qrels,27,1.0,1.0,0.25,1.0,0.0,0
scidocs,e0ec382c51a043b1996a74af96d10cda33fdf6eb,win_rate_from_qrels,qrels,24,1.0,1.0,0.25,1.0,0.0,0
scidocs,c0bbc89889691aca1f81f3727a0587eadfe4e8af,win_rate_from_qrels,qrels,27,1.0,1.0,0.25,1.0,0.0,0
scidocs,756bf25afe8e6ca92ba1795bcb5fb4e93d8ed6b2,win_rate_from_qrels,qrels,27,1.0,1.0,0.25,1.0,0.0,0
scidocs,27fb7f79c74af0de19b3a9691268f9ca32bdda82,win_rate_from_qrels,qrels,27,1.0,1.0,0.25,1.0,0.0,0
scidocs,ce7f9b2c6566f21056d0d4bf06a0a172fd1064f1,win_rate_from_qrels,qrels,26,1.0,1.0,0.25,1.0,0.0,0
scidocs,2b26645a12e3a11f53ae4d31798f1009376962db,win_rate_from_qrels,qrels,26,1.0,1.0,0.25,1.0,0.0,0
scidocs,b66bcce42123af3d5384aa32f9b3f1721f7ae5fd,win_rate_from_qrels,qrels,29,1.0,1.0,0.25,1.0,0.0,0
scidocs,e00ab75a8aa637d9c4c5c020e9f2c54b31528031,win_rate_from_qrels,qrels,25,1.0,1.0,0.25,1.0,0.0,0
scidocs,41a798995d414b0dadb0678cdf6c3107059c0b75,win_rate_from_qrels,qrels,27,1.0,1.0,0.25,1.0,0.0,0
scidocs,7a59595f1859b72761b34892be8b6dc43f71d01e,win_rate_from_qrels,qrels,26,1.0,1.0,0.25,1.0,0.0,0
scidocs,065985d4d0854c51f52ad7a7507b267d9b88ab1c,win_rate_from_qrels,qrels,26,1.0,1.0,0.25,1.0,0.0,0
scidocs,a221588fd2d062462254481cfd9563fec2f7c387,win_rate_from_qrels,qrels,28,1.0,1.0,0.25,1.0,0.0,0
scidocs,2df3b760190470c4af1be87328a20ce607e1ad98,win_rate_from_qrels,qrels,26,1.0,1.0,0.25,1.0,0.0,0
scidocs,60184fecc57b51fd4f312b77e3817af18643ef8e,win_rate_from_qrels,qrels,26,1.0,1.0,0.25,1.0,0.0,0
scidocs,78c00439aac79217675b00810386ff3bd89c86cc,win_rate_from_qrels,qrels,25,1.0,1.0,0.25,1.0,0.0,0
scidocs,095923857403ebb1578ce82b085c97c75b522fa2,win_rate_from_qrels,qrels,26,1.0,1.0,0.25,1.0,0.0,0
scidocs,e6be9c497285ece7f32b486c6cc72193b5a1fcb9,win_rate_from_qrels,qrels,28,1.0,1.0,0.25,1.0,0.0,0
scidocs,58d105a565d27bd23443d257e36543ff7c40d167,win_rate_from_qrels,qrels,25,1.0,1.0,0.25,1.0,0.0,0
scidocs,89e58773fa59ef5b57f229832c2a1b3e3efff37e,win_rate_from_qrels,qrels,27,1.0,1.0,0.25,1.0,0.0,0
scidocs,4249d4c294e5edca091597b3b4f30c10201c1f9a,win_rate_from_qrels,qrels,25,1.0,1.0,0.25,1.0,0.0,0
scidocs,d059440d92c707c30fd0f297f6c95de57bf92113,win_rate_from_qrels,qrels,24,1.0,1.0,0.25,1.0,0.0,0
scidocs,9a5fa5e9c10dc40e20610795bad44e7e00391c1f,win_rate_from_qrels,qrels,26,1.0,1.0,0.25,1.0,0.0,0
scidocs,3e95925d2bca43223453010ff8516a492287ce19,win_rate_from_qrels,qrels,26,1.0,1.0,0.25,1.0,0.0,0
scidocs,eb240f463fa57740986a92ee744c3ad75f8228e9,win_rate_from_qrels,qrels,25,1.0,1.0,0.25,1.0,0.0,0
scidocs,ecb869b1f3830f7f98ee84bc415ddc97b0e0348b,win_rate_from_qrels,qrels,27,1.0,1.0,0.25,1.0,0.0,0
scidocs,89c8e0ac83e8bac69ca41b63bb887a02950bbe9c,win_rate_from_qrels,qrels,25,1.0,1.0,0.25,1.0,0.0,0
scidocs,f22ae66b083183494f2ab0f5c7758fb03d69b05c,win_rate_from_qrels,qrels,27,1.0,1.0,0.25,1.0,0.0,0
scidocs,e9c313fb4cfb8e31cd5ab80ef692dd30f27b70bf,win_rate_from_qrels,qrels,26,1.0,1.0,0.25,1.0,0.0,0
scidocs,abe2c411f95a5057652dde7b2611331c8a3b3f14,win_rate_from_qrels,qrels,26,1.0,1.0,0.15,1.0,0.0,0
scidocs,3f95e155b1c40911149fe994197a502ef44ebbbe,win_rate_from_qrels,qrels,25,1.0,1.0,0.25,1.0,0.0,0
scidocs,78b6cbcceca106c039c9dc2d757376956882ac64,win_rate_from_qrels,qrels,29,1.0,1.0,0.25,1.0,0.0,0
scidocs,c48caf1b6404e08cf4606508310c03e5df54d0f7,win_rate_from_qrels,qrels,27,1.0,1.0,0.25,1.0,0.0,0
scidocs,31d33747d8fff0b7a0c40dcf9944015af9a15b1a,win_rate_from_qrels,qrels,25,1.0,1.0,0.25,1.0,0.0,0
scidocs,6374d969a99cf8da935377750f09f61875c81173,win_rate_from_qrels,qrels,28,1.0,1.0,0.25,1.0,0.0,0
scidocs,071961fc3d61b893c12f07abfa2906859152e3a9,win_rate_from_qrels,qrels,23,1.0,1.0,0.25,1.0,0.0,0
scidocs,52c036ba3ba46eadc146ad8e326eeb0c8acd1550,win_rate_from_qrels,qrels,27,1.0,1.0,0.25,1.0,0.0,0
scidocs,c6e446d78d05c74bad63cf23997c595eebbe6113,win_rate_from_qrels,qrels,26,1.0,1.0,0.25,1.0,0.0,0
scidocs,45e4ed3f616b6177beff78721aaae0a61506be05,win_rate_from_qrels,qrels,26,1.0,1.0,0.25,1.0,0.0,0
scidocs,7faf5d0915d604821d7ad2ade77f81a751309eee,win_rate_from_qrels,qrels,25,1.0,1.0,0.25,1.0,0.0,0
scidocs,3547ac839d02f6efe3f6f76a8289738a22528442,win_rate_from_qrels,qrels,25,1.0,1.0,0.25,1.0,0.0,0
scidocs,21a3a10bd30461c62140bd7ad0153935ae34ae5b,win_rate_from_qrels,qrels,28,1.0,1.0,0.25,1.0,0.0,0
scidocs,7707c7aac35a4d206eb061305256452051ae4dcf,win_rate_from_qrels,qrels,25,1.0,1.0,0.25,1.0,0.0,0
scidocs,5f16572861bf59950894f35aa896e4485868545e,win_rate_from_qrels,qrels,27,1.0,1.0,0.25,1.0,0.0,0
scidocs,98f2ae796c7702de12174428a945861379665beb,win_rate_from_qrels,qrels,27,1.0,1.0,0.25,1.0,0.0,0
scidocs,2ad9703a6e039258bc306e46c7eed1208a61f4aa,win_rate_from_qrels,qrels,26,1.0,1.0,0.25,1.0,0.0,0
scidocs,8485904eddf45f3d221832600d8067d9998321e7,win_rate_from_qrels,qrels,25,1.0,1.0,0.25,1.0,0.0,0
scidocs,471f97da7975bad68f142980e0dd7dc753388f2c,win_rate_from_qrels,qrels,27,1.0,1.0,0.25,1.0,0.0,0
scidocs,c7514e9628d90692ccb355fece10d340e03780a2,win_rate_from_qrels,qrels,26,1.0,1.0,0.25,1.0,0.0,0
scidocs,a46d0a41ef1b28ec06a0a849c4c56bbe725b6964,win_rate_from_qrels,qrels,25,1.0,1.0,0.25,1.0,0.0,0
scidocs,eecbbb0ba7b513a2fe1e7a0131213e5a94b1868a,win_rate_from_qrels,qrels,26,1.0,1.0,0.25,1.0,0.0,0
scidocs,76dac031066a95715a3b116eb2094ec9bdd15171,win_rate_from_qrels,qrels,29,1.0,1.0,0.25,1.0,0.0,0
scidocs,d2e4a2d9590b7ae6c34fc59faa34a4217c5cac53,win_rate_from_qrels,qrels,24,1.0,1.0,0.25,1.0,0.0,0
scidocs,cab59587e4b2dd441198cd37e0038cace6b6531e,win_rate_from_qrels,qrels,27,1.0,1.0,0.25,1.0,0.0,0
scidocs,d6649d1eeace7fc7c020b047b22ba79c7481c324,win_rate_from_qrels,qrels,26,1.0,1.0,0.25,1.0,0.0,0
scidocs,5056e36419b95411e4c03e9c011bbdd286bbb7a9,win_rate_from_qrels,qrels,25,1.0,1.0,0.25,1.0,0.0,0
scidocs,863d0b86e5d2877e61f5cce971632abe2a1212cd,win_rate_from_qrels,qrels,25,1.0,1.0,0.15,1.0,0.0,0
scidocs,bfd50521466808d022940fbcfe09e1835ae97822,win_rate_from_qrels,qrels,26,1.0,1.0,0.25,1.0,0.0,0
scidocs,29da485e2e8c78d9646d1efb25986e5753269354,win_rate_from_qrels,qrels,26,1.0,1.0,0.25,1.0,0.0,0
scidocs,0f9bacfc21069a07bf3135cb0e94d83014933260,win_rate_from_qrels,qrels,26,1.0,1.0,0.25,1.0,0.0,0
scidocs,4f9b4c1ac6e1b2f417809009aff2fc11300cc855,win_rate_from_qrels,qrels,27,1.0,1.0,0.25,1.0,0.0,0
scidocs,c24fc81dcec236527652eab35154ac0fd7a40929,win_rate_from_qrels,qrels,28,1.0,1.0,0.25,1.0,0.0,0
scidocs,de1cc9b99f95041a1da383b6920cbf2907e0981a,win_rate_from_qrels,qrels,26,1.0,1.0,0.25,1.0,0.0,0
scidocs,e48e9cf407af2694ecfefd441c2c28faffdf0835,win_rate_from_qrels,qrels,27,1.0,1.0,0.25,1.0,0.0,0
scidocs,ebf4ef0701e6f6c2050e5bed0be54fd4d8a1d991,win_rate_from_qrels,qrels,25,1.0,1.0,0.25,1.0,0.0,0
scidocs,484550334c626a749bada57e51a0db4a29085f87,win_rate_from_qrels,qrels,23,1.0,1.0,0.25,1.0,0.0,0
scidocs,a9d7e7e918a68d1b95c6c6b29f7fabbbe01010f7,win_rate_from_qrels,qrels,26,1.0,1.0,0.25,1.0,0.0,0
scidocs,57ad8dfb71589360810da83efce67b4cab2ff380,win_rate_from_qrels,qrels,25,1.0,1.0,0.25,1.0,0.0,0
scidocs,6999766629d4103b9a00bc20a8e0df0c9d12d7da,win_rate_from_qrels,qrels,26,1.0,1.0,0.25,1.0,0.0,0
scidocs,567909486e73156699a19a2c5e6f44ded727941f,win_rate_from_qrels,qrels,25,1.0,1.0,0.25,1.0,0.0,0
scidocs,45191391555865feed98e04dde63358dd1111839,win_rate_from_qrels,qrels,25,1.0,1.0,0.25,1.0,0.0,0
scidocs,9ddda6862a8eefbb04682b449eefd6f37a45949e,win_rate_from_qrels,qrels,24,1.0,1.0,0.2,1.0,0.0,0
scidocs,b158953a73fc7f023e16b430150968b6f237c806,win_rate_from_qrels,qrels,26,1.0,1.0,0.25,1.0,0.0,0
scidocs,e567e0ae41ac2b757b1e069c6d345c6a7413d9c1,win_rate_from_qrels,qrels,27,1.0,1.0,0.25,1.0,0.0,0
scidocs,6930ea33403a3518080e819d138047a80618a075,win_rate_from_qrels,qrels,27,1.0,1.0,0.25,1.0,0.0,0
scidocs,77b47c27f82bf9998fa49a5c4c670d96d43164d0,win_rate_from_qrels,qrels,27,1.0,1.0,0.25,1.0,0.0,0
scidocs,901a4c9388b3cb9d30edc3e4a7ea7efb0b4e228b,win_rate_from_qrels,qrels,26,1.0,1.0,0.25,1.0,0.0,0
scidocs,71d4e703201c98c9c9b44079600e289f234f09f2,win_rate_from_qrels,qrels,28,1.0,1.0,0.25,1.0,0.0,0
scidocs,2a8bcf35e6b5b3910eea160b3a1fb3e6bcb3966e,win_rate_from_qrels,qrels,26,1.0,1.0,0.25,1.0,0.0,0
scidocs,38ca15193faef0ab90e6cab5b82be5f7f1a83d67,win_rate_from_qrels,qrels,26,1.0,1.0,0.25,1.0,0.0,0
scidocs,a2081b75867cb8c461530a0e71d4be1b4afe78a2,win_rate_from_qrels,qrels,26,1.0,1.0,0.25,1.0,0.0,0
scidocs,afa13588cd866ec23cc71d634becbd507ea61093,win_rate_from_qrels,qrels,25,1.0,1.0,0.25,1.0,0.0,0
scidocs,831e3f18d25cc65b6cd18f21ca5ad57bdc53cfce,win_rate_from_qrels,qrels,23,1.0,1.0,0.25,1.0,0.0,0
scidocs,23ce229565447f22d5ef2b6d7cbd6d8003254ac2,win_rate_from_qrels,qrels,26,1.0,1.0,0.25,1.0,0.0,0
scidocs,8a93cd1b6fbf7c8c86637bae18d979dafeb9a7c1,win_rate_from_qrels,qrels,24,1.0,1.0,0.25,1.0,0.0,0
scidocs,566e31a4ad34b39b6d8a1953d77d9f74da135a2a,win_rate_from_qrels,qrels,26,1.0,1.0,0.25,1.0,0.0,0
scidocs,f69885248d17bac47cc3469715fbb93aa7a4aabe,win_rate_from_qrels,qrels,26,1.0,1.0,0.25,1.0,0.0,0
scidocs,a152205a7d745afa335322587e8f78c8e5e85111,win_rate_from_qrels,qrels,26,1.0,1.0,0.25,1.0,0.0,0
scidocs,50d388989d9b25754ef9dc5663e85eaf64a17d24,win_rate_from_qrels,qrels,27,1.0,1.0,0.25,1.0,0.0,0
scidocs,c6879cc784625e795f0097f479d136dc489104ce,win_rate_from_qrels,qrels,25,1.0,1.0,0.25,1.0,0.0,0
scidocs,59dca5c15c275f26c7ae34fc940449aeb918c68b,win_rate_from_qrels,qrels,26,1.0,1.0,0.25,1.0,0.0,0
scidocs,162991b10e2633c237ba2d4220c040f09c1679c1,win_rate_from_qrels,qrels,26,1.0,1.0,0.25,1.0,0.0,0
scidocs,e2af314b238088588eebb94210535e31d5f647e1,win_rate_from_qrels,qrels,25,1.0,1.0,0.25,1.0,0.0,0
scidocs,71ac664ca2cbc5c463da3ed07a1573f88e2e28f0,win_rate_from_qrels,qrels,26,1.0,1.0,0.25,1.0,0.0,0
scidocs,663e06e02a306660ef508aaf2ffaf523c6e96088,win_rate_from_qrels,qrels,26,1.0,1.0,0.25,1.0,0.0,0
scidocs,37fefbdf740577306928ff2f0c810fb3a96183b2,win_rate_from_qrels,qrels,26,1.0,1.0,0.25,1.0,0.0,0
scidocs,96dd2785bc42ea77a3afa65701d55212570a76ff,win_rate_from_qrels,qrels,25,1.0,1.0,0.25,1.0,0.0,0
scidocs,b7d0e2a5229d4ec65182c783259a2eeb67a6a873,win_rate_from_qrels,qrels,25,1.0,1.0,0.25,1.0,0.0,0
scidocs,9af1f7b6d79e6ce314d1842a8d32402328fcaca7,win_rate_from_qrels,qrels,26,1.0,1.0,0.25,1.0,0.0,0
scidocs,1e12fb38bfc2c7aa86806f87df4cdaf035f92fb7,win_rate_from_qrels,qrels,26,1.0,1.0,0.25,1.0,0.0,0
scidocs,92a0cf2085013da3fe1fea2090d1bbabcabbf5be,win_rate_from_qrels,qrels,27,1.0,1.0,0.25,1.0,0.0,0
scidocs,fdd141a4fffc490fb3ab570c28b8a1f2dd80a15f,win_rate_from_qrels,qrels,26,1.0,1.0,0.25,1.0,0.0,0
scidocs,4b80771429b786ea87740738378ba1eb1504a57f,win_rate_from_qrels,qrels,26,1.0,1.0,0.25,1.0,0.0,0
scidocs,44872f2260ae42c162c2e8ed428c852f5e05fa24,win_rate_from_qrels,qrels,26,1.0,1.0,0.25,1.0,0.0,0
scidocs,1f157f2b144528924eec46d9316bd5517352b89a,win_rate_from_qrels,qrels,25,1.0,1.0,0.25,1.0,0.0,0
scidocs,1475d10a7b5d777fb411cdbb2740f574e32fd2f6,win_rate_from_qrels,qrels,28,1.0,1.0,0.25,1.0,0.0,0
scidocs,47c7c17b7df3732af69d2702929a65a05c1d3d3f,win_rate_from_qrels,qrels,25,1.0,1.0,0.25,1.0,0.0,0
scidocs,6c89453c09abde95d998f5acd244f00519472ee0,win_rate_from_qrels,qrels,25,1.0,1.0,0.25,1.0,0.0,0
scidocs,fa8042d025895e22af2d9df3ffb9f67438610fcc,win_rate_from_qrels,qrels,25,1.0,1.0,0.25,1.0,0.0,0
scidocs,d145274d03a6374c77de64fb70602ddef393e4d9,win_rate_from_qrels,qrels,27,1.0,1.0,0.25,1.0,0.0,0
scidocs,da803152928a3b98ef21a81a6675e7b51852510e,win_rate_from_qrels,qrels,26,1.0,1.0,0.25,1.0,0.0,0
scidocs,52d4649f2840e410b5a6681f094dab5e7d3e1db0,win_rate_from_qrels,qrels,25,1.0,1.0,0.25,1.0,0.0,0
scidocs,280c96ea1644257069e16660a6a3a3a53f25858e,win_rate_from_qrels,qrels,26,1.0,1.0,0.25,1.0,0.0,0
scidocs,068a88330c93a41058d6e04e576d7e1a21dc6ee7,win_rate_from_qrels,qrels,25,1.0,1.0,0.25,1.0,0.0,0
scidocs,4ceb63d79341ba3caa08bd1c6c141478d32a8244,win_rate_from_qrels,qrels,26,1.0,1.0,0.25,1.0,0.0,0
scidocs,73f38c530a041f81d48cadd067246af448a6a24e,win_rate_from_qrels,qrels,25,1.0,1.0,0.25,1.0,0.0,0
scidocs,6c88fd5d06ea6e0a2b1ad38b038655f405bc0613,win_rate_from_qrels,qrels,27,1.0,1.0,0.25,1.0,0.0,0
scidocs,8c872ecd87945e71fcd9fa1b6cb1133cfe805bf2,win_rate_from_qrels,qrels,27,1.0,1.0,0.2,1.0,0.0,0
scidocs,a29afef550bf4edbf3293a50ef3fdb785ff1e5a3,win_rate_from_qrels,qrels,29,1.0,1.0,0.25,1.0,0.0,0
scidocs,0c8a029180e8ee5a7a8c886738576b12d3f6530d,win_rate_from_qrels,qrels,23,1.0,1.0,0.25,1.0,0.0,0
scidocs,2e08d3ec08069ef41059cc3da6bc4d390eaf6e01,win_rate_from_qrels,qrels,25,1.0,1.0,0.25,1.0,0.0,0
scidocs,53a124b727d34c56ff3fe335c24ff8ec975516be,win_rate_from_qrels,qrels,24,1.0,1.0,0.25,1.0,0.0,0
scidocs,d7c0189c35a3ee56b13b0488f925df1152a8cfd4,win_rate_from_qrels,qrels,29,1.0,1.0,0.25,1.0,0.0,0
scidocs,271a4077c037b86fb7daf6bff3e66682322ff7d7,win_rate_from_qrels,qrels,26,1.0,1.0,0.25,1.0,0.0,0
scidocs,212d7af298a4bd9090b834293067d2f091a95cfc,win_rate_from_qrels,qrels,26,1.0,1.0,0.25,1.0,0.0,0
scidocs,5f98a36570d428d510e9de699b97f4e2c63d7980,win_rate_from_qrels,qrels,27,1.0,1.0,0.25,1.0,0.0,0
scidocs,f25ba2cbb101685727b646cbdbcddca4ecd465b4,win_rate_from_qrels,qrels,28,1.0,1.0,0.25,1.0,0.0,0
scidocs,2170636d5d31eb461618b5da10f4473c67e74e73,win_rate_from_qrels,qrels,26,1.0,1.0,0.25,1.0,0.0,0
scidocs,f824f0f5e28e434e1b5897153697816dd906ca8e,win_rate_from_qrels,qrels,25,1.0,1.0,0.25,1.0,0.0,0
scidocs,120f80b2e2b2ce2fefdf0de644f5ee84c8647bb2,win_rate_from_qrels,qrels,26,1.0,1.0,0.25,1.0,0.0,0
scidocs,b9d502d98e3bb19f8179a4363e3f28c6b6def7a8,win_rate_from_qrels,qrels,27,1.0,1.0,0.25,1.0,0.0,0
scidocs,435a709ae1d1b0bbdcacbd3965a05d56c14e752c,win_rate_from_qrels,qrels,27,1.0,1.0,0.2,1.0,0.0,0
scidocs,fe5cc6e84dc223580c0e1729614cfaa8320c5728,win_rate_from_qrels,qrels,25,1.0,1.0,0.25,1.0,0.0,0
scidocs,78878e95797e03d4968b09f40979585b6c56dac3,win_rate_from_qrels,qrels,25,1.0,1.0,0.25,1.0,0.0,0
scidocs,b9413a51b6865a0a2c21993e87428afa76aba440,win_rate_from_qrels,qrels,28,1.0,1.0,0.25,1.0,0.0,0
scidocs,335ad0ff82c728aca99fb0059c607cb18129526f,win_rate_from_qrels,qrels,25,1.0,1.0,0.25,1.0,0.0,0
scidocs,8e85c7ad6cd0986225e63dc1b4264b3e084b3f9b,win_rate_from_qrels,qrels,28,1.0,1.0,0.25,1.0,0.0,0
scidocs,c28b8b5e57bab5c8fa91654c7137c1dd21b3da18,win_rate_from_qrels,qrels,27,1.0,1.0,0.25,1.0,0.0,0
scidocs,7ff20fc82c95eda6645ff2570279251bb8435ec5,win_rate_from_qrels,qrels,27,1.0,1.0,0.2,1.0,0.0,0
scidocs,7600ac55ddd8d955eeb96c12b226f1a2bc9e8817,win_rate_from_qrels,qrels,25,1.0,1.0,0.15,1.0,0.0,0
scidocs,ccdc79b2aec687beef2cd3526cf47dd79b9ec220,win_rate_from_qrels,qrels,26,1.0,1.0,0.25,1.0,0.0,0
scidocs,725f8182eac9bd6f9fa428ba90f43cbce891ac78,win_rate_from_qrels,qrels,28,1.0,1.0,0.25,1.0,0.0,0
scidocs,1ba7a9c0e658a0d98253f999bf43c2e98c07f4e0,win_rate_from_qrels,qrels,26,1.0,1.0,0.25,1.0,0.0,0
scidocs,6d1a69023e48422b25202a5ad823d12975291666,win_rate_from_qrels,qrels,24,1.0,1.0,0.25,1.0,0.0,0
scidocs,20704643278111342011c702aedf66c04a2c8e63,win_rate_from_qrels,qrels,26,1.0,1.0,0.25,1.0,0.0,0
scidocs,071f47b7bc5830643e31dbed82e0375bf9b26559,win_rate_from_qrels,qrels,25,1.0,1.0,0.2,1.0,0.0,0
scidocs,e0a8b67880070624ef8787a08bbbd5aa178d65ac,win_rate_from_qrels,qrels,26,1.0,1.0,0.25,1.0,0.0,0
scidocs,1bf06b2bbf53089180fd3676720d80cbaed5975d,win_rate_from_qrels,qrels,24,1.0,1.0,0.25,1.0,0.0,0
scidocs,89bb989b6ec9fe52fcbcc94bf0923a14ed6bf245,win_rate_from_qrels,qrels,26,1.0,1.0,0.25,1.0,0.0,0
scidocs,0f10c6f57e7b640a2e89e94b5ca7d2b0d46d3925,win_rate_from_qrels,qrels,25,1.0,1.0,0.25,1.0,0.0,0
scidocs,d4d19261e9047b54e14d38cd99cd0f27dc9d0926,win_rate_from_qrels,qrels,27,1.0,1.0,0.25,1.0,0.0,0
scidocs,81efd70fcc216b6528d48efa758671d9862b21c3,win_rate_from_qrels,qrels,25,1.0,1.0,0.25,1.0,0.0,0
scidocs,027e7780dbda48d99f3654e77b4a63063224950e,win_rate_from_qrels,qrels,29,1.0,1.0,0.25,1.0,0.0,0
scidocs,e66ab9039b49b6dd0ecce124a71f1044750107d2,win_rate_from_qrels,qrels,27,1.0,1.0,0.2,1.0,0.0,0
scidocs,937d42a0ab3f703e7041e277804e0b34bbe6bacb,win_rate_from_qrels,qrels,26,1.0,1.0,0.15,1.0,0.0,0
scidocs,63e1dffc19c3b4e99ae22ec60d10eaaafd608bcb,win_rate_from_qrels,qrels,25,1.0,1.0,0.25,1.0,0.0,0
scidocs,aa50a595878ee67d0eb0a9b0f17a6132c0552434,win_rate_from_qrels,qrels,26,1.0,1.0,0.25,1.0,0.0,0
scidocs,2a88541448be2eb1b953ac2c0c54da240b47dd8a,win_rate_from_qrels,qrels,25,1.0,1.0,0.25,1.0,0.0,0
scidocs,b3c8eeed23cc8b472ceefe64888a2036dd7df4d2,win_rate_from_qrels,qrels,26,1.0,1.0,0.25,1.0,0.0,0
scidocs,8f03f545ff791a70455ad4624208357e41dcfc0c,win_rate_from_qrels,qrels,23,1.0,1.0,0.25,1.0,0.0,0
scidocs,81da438cb67600f6cb2920021e2327bb4c1d482d,win_rate_from_qrels,qrels,27,1.0,1.0,0.25,1.0,0.0,0
scidocs,04ca5de59edbdd49a9c0502c58331524d220bc8c,win_rate_from_qrels,qrels,26,1.0,1.0,0.25,1.0,0.0,0
scidocs,b095b4625733f8521439e54db09bed2b9970a808,win_rate_from_qrels,qrels,25,1.0,1.0,0.25,1.0,0.0,0
scidocs,e1f53305791150a2109b7070bd7dce8071aafac7,win_rate_from_qrels,qrels,26,1.0,1.0,0.25,1.0,0.0,0
scidocs,763490c13a138523b98e7646ef0fa81d6b5e5a22,win_rate_from_qrels,qrels,26,1.0,1.0,0.25,1.0,0.0,0
scidocs,822535c409890de3aae74b49b2bd8d4a59832fba,win_rate_from_qrels,qrels,27,1.0,1.0,0.25,1.0,0.0,0
scidocs,1f576e4cfe7c5426e383cd06608411e81b509feb,win_rate_from_qrels,qrels,24,1.0,1.0,0.25,1.0,0.0,0
scidocs,2a6300ea9db239f190cb3d8cba4e45a7c0b1c710,win_rate_from_qrels,qrels,25,1.0,1.0,0.25,1.0,0.0,0
scidocs,0229829e9a1eed5769a2b5eccddcaa7cd9460b92,win_rate_from_qrels,qrels,26,1.0,1.0,0.25,1.0,0.0,0
scidocs,64982c97190bbd8b70beeed572392d0f308a93c2,win_rate_from_qrels,qrels,28,1.0,1.0,0.25,1.0,0.0,0
scidocs,0588053b2cde6414e542c656023ade147397f597,win_rate_from_qrels,qrels,25,1.0,1.0,0.25,1.0,0.0,0
scidocs,2ecad6cdccc33f707dfe4334883538918de50bb8,win_rate_from_qrels,qrels,26,1.0,1.0,0.25,1.0,0.0,0
scidocs,0f5d0494c0ddaa32b5072dec141a9a79104d967b,win_rate_from_qrels,qrels,26,1.0,1.0,0.25,1.0,0.0,0
scidocs,5d3bae2e2d5102187a4abfb3d89da5ad00745f18,win_rate_from_qrels,qrels,26,1.0,1.0,0.25,1.0,0.0,0
scidocs,431bbc47ce90f5e0eb8388fa80b0cc4d7c26ab76,win_rate_from_qrels,qrels,25,1.0,1.0,0.25,1.0,0.0,0
scidocs,490ec36471275164d104f155ef7ebbc70c5f7eea,win_rate_from_qrels,qrels,25,1.0,1.0,0.25,1.0,0.0,0
scidocs,2a65434d43ffa6554eaf14b728780919ad4f33eb,win_rate_from_qrels,qrels,26,1.0,1.0,0.25,1.0,0.0,0
scidocs,999c4ffe9ccf530e62c60fac1271a3787b2c20a9,win_rate_from_qrels,qrels,27,1.0,1.0,0.2,1.0,0.0,0
scidocs,3a63667284dc8b9687ed1620406030bfe39af3c9,win_rate_from_qrels,qrels,24,1.0,1.0,0.25,1.0,0.0,0
scidocs,958ebc7e24012b419316489515f2c2f908773bd5,win_rate_from_qrels,qrels,25,1.0,1.0,0.25,1.0,0.0,0
scidocs,c52a6f0bfca069a0a083ddbc60a3b0d782067cbd,win_rate_from_qrels,qrels,25,1.0,1.0,0.25,1.0,0.0,0
scidocs,337f48a82d9d2739d35b41cfc4e8cd3dc906639d,win_rate_from_qrels,qrels,26,1.0,1.0,0.25,1.0,0.0,0
scidocs,c1af0af74d9227591f4464d09d3d4c077e3f53df,win_rate_from_qrels,qrels,23,1.0,1.0,0.25,1.0,0.0,0
scidocs,9de5cc4b40216b12b4c8fc6c8030bcf5590d03f6,win_rate_from_qrels,qrels,28,1.0,1.0,0.25,1.0,0.0,0
scidocs,c3dafc91e315d27933b6420be2a77f5639881213,win_rate_from_qrels,qrels,24,1.0,1.0,0.25,1.0,0.0,0
scidocs,6f3b604e98cf705c73c8685aae6c0e911a22a26b,win_rate_from_qrels,qrels,26,1.0,1.0,0.25,1.0,0.0,0
scidocs,505942c5f9b5779bda2859e22e9ed0b1c0c7b54a,win_rate_from_qrels,qrels,26,1.0,1.0,0.25,1.0,0.0,0
scidocs,cae23343d2efddca3592b08a521a896af5098248,win_rate_from_qrels,qrels,26,1.0,1.0,0.25,1.0,0.0,0
scidocs,349fd2000d792b53471cfd98decfd2cb5df5ac7d,win_rate_from_qrels,qrels,26,1.0,1.0,0.25,1.0,0.0,0
scidocs,8f8e0e4eca7cbc30cddea7f92d1dc0293342e9bb,win_rate_from_qrels,qrels,27,1.0,1.0,0.25,1.0,0.0,0
scidocs,f14069aaa8b234dfafd3292863c0e610288fbc80,win_rate_from_qrels,qrels,27,1.0,1.0,0.25,1.0,0.0,0
scidocs,83af09784042dcac564a82f28cfa3a11519db882,win_rate_from_qrels,qrels,26,1.0,1.0,0.25,1.0,0.0,0
scidocs,3be10c45163c61dfb9f250412699b3f8cb0ada1d,win_rate_from_qrels,qrels,26,1.0,1.0,0.25,1.0,0.0,0
scidocs,2bd338ef8751b62d23e53fbb44d67042d634da2f,win_rate_from_qrels,qrels,28,1.0,1.0,0.25,1.0,0.0,0
scidocs,03d23160e7066e5adab0d55779287e3c4982b9d5,win_rate_from_qrels,qrels,25,1.0,1.0,0.2,1.0,0.0,0
scidocs,6097c33a382c62a44379926ee96b23b51dba49c4,win_rate_from_qrels,qrels,28,1.0,1.0,0.25,1.0,0.0,0
scidocs,350db81caaa9c8dc1572f97d90bb8e13b0100bbb,win_rate_from_qrels,qrels,27,1.0,1.0,0.25,1.0,0.0,0
scidocs,129397ed6557da93db5ba18cf112ee7b0a7927d8,win_rate_from_qrels,qrels,27,1.0,1.0,0.25,1.0,0.0,0
scidocs,7989208727ceb32b10a51682a116ce762691daa6,win_rate_from_qrels,qrels,27,1.0,1.0,0.25,1.0,0.0,0
scidocs,26ebc1b9e21db68d5abf01acd2a0c38d260c65a1,win_rate_from_qrels,qrels,25,1.0,1.0,0.25,1.0,0.0,0
scidocs,40c3f90f0abf842ee6f6009c414fde4f86b82005,win_rate_from_qrels,qrels,28,1.0,1.0,0.25,1.0,0.0,0
scidocs,703099734f70f0cc00773ee54b4385f89afa7afe,win_rate_from_qrels,qrels,25,1.0,1.0,0.25,1.0,0.0,0
scidocs,4844e73b6f94f81455d1303cdb9621f1cf394e96,win_rate_from_qrels,qrels,26,1.0,1.0,0.25,1.0,0.0,0
scidocs,9fc4bae3e7ad7c9646c5e38b093d667947bba78d,win_rate_from_qrels,qrels,27,1.0,1.0,0.25,1.0,0.0,0
scidocs,4649e3279edf653135f1f31da3e242ba451a93de,win_rate_from_qrels,qrels,24,1.0,1.0,0.25,1.0,0.0,0
scidocs,66ef0f611b2b5b22dd3eb13a144c0e7d3286623a,win_rate_from_qrels,qrels,27,1.0,1.0,0.25,1.0,0.0,0
scidocs,375dc2acc3f54cb0d386dbc2d969366e32d2839f,win_rate_from_qrels,qrels,24,1.0,1.0,0.25,1.0,0.0,0
scidocs,cf9d4048d39c63d96433b6f45fb6a951b0308607,win_rate_from_qrels,qrels,24,1.0,1.0,0.25,1.0,0.0,0
scidocs,3d9180d48a6c19eb59f5ba6cef378720758b2ed3,win_rate_from_qrels,qrels,25,1.0,1.0,0.25,1.0,0.0,0
scidocs,6745710034803993433dd42001a860d70c99f75c,win_rate_from_qrels,qrels,26,1.0,1.0,0.25,1.0,0.0,0
scidocs,de1505819e145b5c22a6e09002510413019f7228,win_rate_from_qrels,qrels,25,1.0,1.0,0.25,1.0,0.0,0
scidocs,b489d537d5523ab2351c866835a4d03194eb2414,win_rate_from_qrels,qrels,26,1.0,1.0,0.25,1.0,0.0,0
scidocs,7c080093943b2001224ac6608436c83d82a79a83,win_rate_from_qrels,qrels,27,1.0,1.0,0.25,1.0,0.0,0
scidocs,281b6888d5df1dddb350fac4e9be5c8272519109,win_rate_from_qrels,qrels,26,1.0,1.0,0.25,1.0,0.0,0
scidocs,7e3b5f0ffec62944f4b97a50553a12a39f54ba4a,win_rate_from_qrels,qrels,28,1.0,1.0,0.25,1.0,0.0,0
scidocs,8fad88b5678bfecab78d0d6389f649ccfb310d22,win_rate_from_qrels,qrels,26,1.0,1.0,0.25,1.0,0.0,0
scidocs,600994f3d8caad52145cc65bf1bfcd883b74a813,win_rate_from_qrels,qrels,27,1.0,1.0,0.2,1.0,0.0,0
scidocs,ceb688c5ed7cca450dd52442edfb5ca2392a8b74,win_rate_from_qrels,qrels,27,1.0,1.0,0.25,1.0,0.0,0
scidocs,03725753e46ee9b13cbdfa78c9b62700d4cc2956,win_rate_from_qrels,qrels,26,1.0,1.0,0.25,1.0,0.0,0
scidocs,2b234385356cb10d448908cef49584bece15d94b,win_rate_from_qrels,qrels,26,1.0,1.0,0.2,1.0,0.0,0
scidocs,603d0764234f5a35036dc9620f13e144a45ffc21,win_rate_from_qrels,qrels,26,1.0,1.0,0.25,1.0,0.0,0
scidocs,79e13ff4a21f13d3839422568274ea84a9fe42b5,win_rate_from_qrels,qrels,25,1.0,1.0,0.25,1.0,0.0,0
scidocs,08c970df2d62d4bc27e65e8c389a0227a41109a5,win_rate_from_qrels,qrels,27,1.0,1.0,0.25,1.0,0.0,0
scidocs,83591848730f3fc7f208d4646ed4338c237bd161,win_rate_from_qrels,qrels,27,1.0,1.0,0.25,1.0,0.0,0
scidocs,5a4b46ef8898610ab16a1ced6f4a976db0f1962c,win_rate_from_qrels,qrels,26,1.0,1.0,0.25,1.0,0.0,0
scidocs,3d23666c6d97d6ba3c86044d83c697821084bed6,win_rate_from_qrels,qrels,26,1.0,1.0,0.25,1.0,0.0,0
scidocs,64abfbc0b66ec8579a92a33dca19e92bc2095ea2,win_rate_from_qrels,qrels,23,1.0,1.0,0.15,1.0,0.0,0
scidocs,b8c7a947bda15a4f8a4b2f5e8cb8cd35a193fe4c,win_rate_from_qrels,qrels,25,1.0,1.0,0.25,1.0,0.0,0
scidocs,522ef548c054fd03109ff1886d243a11ce6d1e2a,win_rate_from_qrels,qrels,26,1.0,1.0,0.25,1.0,0.0,0
scidocs,a8a4cf29c7483f5eed5aa808df2225661506e1b4,win_rate_from_qrels,qrels,27,1.0,1.0,0.25,1.0,0.0,0
scidocs,59aa88a5648e602d4e9aa4e9f12dedd112126bf7,win_rate_from_qrels,qrels,26,1.0,1.0,0.2,1.0,0.0,0
scidocs,11f7d9b2017abd46c756df533618d2c4326fd3cb,win_rate_from_qrels,qrels,26,1.0,1.0,0.25,1.0,0.0,0
scidocs,7a373793804ea9813d64641919e14841f927c38f,win_rate_from_qrels,qrels,25,1.0,1.0,0.25,1.0,0.0,0
scidocs,824ca251d71258bdac66af55966b8ce39cf3042f,win_rate_from_qrels,qrels,28,1.0,1.0,0.25,1.0,0.0,0
scidocs,7c88a0f765ce3c9025345cf133251cb947fe6ee5,win_rate_from_qrels,qrels,25,1.0,1.0,0.25,1.0,0.0,0
scidocs,a644a3ab091cc30897a707997c43fd4e5dc395b5,win_rate_from_qrels,qrels,25,1.0,1.0,0.25,1.0,0.0,0
scidocs,0b40af1ad2b9781fa14e999db2d7d3270b6d2862,win_rate_from_qrels,qrels,25,1.0,1.0,0.25,1.0,0.0,0
scidocs,d8643f4ada0b138bcbe210f84735eac87b220a07,win_rate_from_qrels,qrels,24,1.0,1.0,0.25,1.0,0.0,0
scidocs,901c7f0cbf7701c66921c918e553d2ecfbb4df34,win_rate_from_qrels,qrels,24,1.0,1.0,0.2,1.0,0.0,0
scidocs,d27272027cd84341070fd4b7eb7e03dcb514d93f,win_rate_from_qrels,qrels,29,1.0,1.0,0.25,1.0,0.0,0
scidocs,1fd7fc06653723b05abe5f3d1de393ddcf6bdddb,win_rate_from_qrels,qrels,26,1.0,1.0,0.25,1.0,0.0,0
scidocs,5437b5cfb0f8eda908559a16e7ed7d7b64be641b,win_rate_from_qrels,qrels,28,1.0,1.0,0.25,1.0,0.0,0
scidocs,67f9f2cf408b2cc593a9ddb17d74d2b3f72ee225,win_rate_from_qrels,qrels,27,1.0,1.0,0.25,1.0,0.0,0
scidocs,e8cda2c754670850ec722799640c6cb42dfb8199,win_rate_from_qrels,qrels,27,1.0,1.0,0.25,1.0,0.0,0
scidocs,c5f0a4418c1025ea8a21f0f997dfe7e4ce176594,win_rate_from_qrels,qrels,23,1.0,1.0,0.25,1.0,0.0,0
scidocs,1fdec82c846cb843a496e5edfec72787f34d308a,win_rate_from_qrels,qrels,26,1.0,1.0,0.25,1.0,0.0,0
scidocs,8e35888c532802145288d1b218ac8a684e3a6d0a,win_rate_from_qrels,qrels,28,1.0,1.0,0.25,1.0,0.0,0
scidocs,46b5188d0f11fcb62d95516bef94cdc929f0de40,win_rate_from_qrels,qrels,25,1.0,1.0,0.25,1.0,0.0,0
scidocs,a5f27c9cc188c15c0a7e019d666bed767d3c34d9,win_rate_from_qrels,qrels,27,1.0,1.0,0.25,1.0,0.0,0
scidocs,689f8d21021c0c9b9678d5a7903f9e9442380113,win_rate_from_qrels,qrels,27,1.0,1.0,0.25,1.0,0.0,0
scidocs,d535ec1a520ca6e29902fafa85b7ab81ad034c1d,win_rate_from_qrels,qrels,25,1.0,1.0,0.25,1.0,0.0,0
scidocs,472ebd8bc3808530274a49804b38e321cc5b4065,win_rate_from_qrels,qrels,26,1.0,1.0,0.25,1.0,0.0,0
scidocs,1d8465c3f5aee1b7a790f6eeb44637343861ba47,win_rate_from_qrels,qrels,25,1.0,1.0,0.25,1.0,0.0,0
scidocs,1e7021eb8e92066b972452a0ce5a54529ca4ba5a,win_rate_from_qrels,qrels,27,1.0,1.0,0.25,1.0,0.0,0
scidocs,c6c171d2a9be192d60af7b434e4ba2fcbbad7f48,win_rate_from_qrels,qrels,24,1.0,1.0,0.25,1.0,0.0,0
scidocs,580836f616cbba088996643634363a85e91cccee,win_rate_from_qrels,qrels,26,1.0,1.0,0.25,1.0,0.0,0
scidocs,e25e514011e2f31a3961aba227ebab437209a6a9,win_rate_from_qrels,qrels,28,1.0,1.0,0.25,1.0,0.0,0
scidocs,fe2533594e01b374ee12f8d450069b21b572a675,win_rate_from_qrels,qrels,28,1.0,1.0,0.25,1.0,0.0,0
scidocs,5e1b80b4774582b948c6dcd656daaba6724ffc2d,win_rate_from_qrels,qrels,26,1.0,1.0,0.25,1.0,0.0,0
scidocs,8653934b00dfb802a7dd066f8f52c5dd3b267831,win_rate_from_qrels,qrels,26,1.0,1.0,0.15,1.0,0.0,0
scidocs,39959bc480d2972d8bb925708e6e8ad59664bcdb,win_rate_from_qrels,qrels,25,1.0,1.0,0.15,1.0,0.0,0
scidocs,45a875e4bd1ec588997858876756098ef85b3d82,win_rate_from_qrels,qrels,26,1.0,1.0,0.25,1.0,0.0,0
scidocs,5cba21badc50adb5243662c54471011a4333d35e,win_rate_from_qrels,qrels,26,1.0,1.0,0.25,1.0,0.0,0
scidocs,2520c3d5d114974167561591a57f80e89650f862,win_rate_from_qrels,qrels,27,1.0,1.0,0.25,1.0,0.0,0
scidocs,43d547304f9cb0ff192e97c411f4ded9ddc01b5c,win_rate_from_qrels,qrels,27,1.0,1.0,0.25,1.0,0.0,0
scidocs,3f64d4fab50db41c0145759b7410fb4c8b977452,win_rate_from_qrels,qrels,24,1.0,1.0,0.25,1.0,0.0,0
scidocs,951450392f1e08b4dc96d814754a90f61d6151ae,win_rate_from_qrels,qrels,27,1.0,1.0,0.25,1.0,0.0,0
scidocs,924544f503070bb390cc51e4bac9cbb3171aa03f,win_rate_from_qrels,qrels,26,1.0,1.0,0.25,1.0,0.0,0
scidocs,4e546c43e5642ecdffd000406f0b35c1e3430a2c,win_rate_from_qrels,qrels,24,1.0,1.0,0.25,1.0,0.0,0
scidocs,101f6808a0244f725979e6e651bbef2f86410c1d,win_rate_from_qrels,qrels,27,1.0,1.0,0.25,1.0,0.0,0
scidocs,9d15d72485388b8c4a50f84f81a36cbaf912b090,win_rate_from_qrels,qrels,26,1.0,1.0,0.25,1.0,0.0,0
scidocs,c9dee006f3b6b2b30e422ad2fd8abb86c751376d,win_rate_from_qrels,qrels,25,1.0,1.0,0.25,1.0,0.0,0
scidocs,ea41155338edfcbf2891dbfc58698c34b03da068,win_rate_from_qrels,qrels,26,1.0,1.0,0.25,1.0,0.0,0
scidocs,9d4a4e6f8c14d5d2d0e96ab4893abb8ff706253a,win_rate_from_qrels,qrels,25,1.0,1.0,0.25,1.0,0.0,0
scidocs,a77e9f0bd205a7733431a6d1028f09f57f9f73b0,win_rate_from_qrels,qrels,26,1.0,1.0,0.25,1.0,0.0,0
scidocs,34cd1723dc4a58217222882f9c6a651ec5bcf7a4,win_rate_from_qrels,qrels,25,1.0,1.0,0.25,1.0,0.0,0
scidocs,3ae52be664a249f695988575f8affc1f466c1c87,win_rate_from_qrels,qrels,25,1.0,1.0,0.25,1.0,0.0,0
scidocs,14ee77995be77780bdba07fa7f1613fb5ad09409,win_rate_from_qrels,qrels,26,1.0,1.0,0.25,1.0,0.0,0
scidocs,ca464085b3da330f2ea895543a78c446a3af1bb6,win_rate_from_qrels,qrels,25,1.0,1.0,0.25,1.0,0.0,0
scidocs,d2d001e2a45614528cd014040becb67a80a1af8d,win_rate_from_qrels,qrels,27,1.0,1.0,0.25,1.0,0.0,0
scidocs,0cf7f818b313a7a16bb33960c6322199a2441e06,win_rate_from_qrels,qrels,27,1.0,1.0,0.25,1.0,0.0,0
scidocs,979d5c2924eeec9fc98ec9f3e4374ee0c2ddbd24,win_rate_from_qrels,qrels,26,1.0,1.0,0.25,1.0,0.0,0
scidocs,ebfe1e68abb1782a3d34df61f920375c8b2d6134,win_rate_from_qrels,qrels,26,1.0,1.0,0.25,1.0,0.0,0
scidocs,5aadc803228b70c3cc6b31e332770d47d7fb1e6e,win_rate_from_qrels,qrels,26,1.0,1.0,0.25,1.0,0.0,0
scidocs,5358924a48392d24e28afe850fa6849eaa1665d9,win_rate_from_qrels,qrels,24,1.0,1.0,0.25,1.0,0.0,0
scidocs,1cb77e2a09db58e9e8b37878c7de313d41e6f854,win_rate_from_qrels,qrels,25,1.0,1.0,0.25,1.0,0.0,0
scidocs,7220d7ec31f6dc6ad7030f601743b5392513a2d9,win_rate_from_qrels,qrels,25,1.0,1.0,0.25,1.0,0.0,0
scidocs,c2e6fde7addee6983243e487536d089e3b434810,win_rate_from_qrels,qrels,26,1.0,1.0,0.25,1.0,0.0,0
scidocs,ddbf21ca1de9617894b15d45787a27557f02a494,win_rate_from_qrels,qrels,26,1.0,1.0,0.25,1.0,0.0,0
scidocs,616b7093cfe6ec679f25d63f62c16e937227258f,win_rate_from_qrels,qrels,25,1.0,1.0,0.25,1.0,0.0,0
scidocs,ed19aa4eb626c3fc5a64b858bae5f2cdd71e1193,win_rate_from_qrels,qrels,26,1.0,1.0,0.25,1.0,0.0,0
scidocs,a4f5fd6f54e3a6222fbc5d8e0b7f85ce89d0237e,win_rate_from_qrels,qrels,26,1.0,1.0,0.25,1.0,0.0,0
scidocs,41b61cca52de9db6dcd6f36700cd0420cc7cd024,win_rate_from_qrels,qrels,25,1.0,1.0,0.25,1.0,0.0,0
scidocs,d68359c196ed7316b928b9dbeabe556cddbb2427,win_rate_from_qrels,qrels,26,1.0,1.0,0.25,1.0,0.0,0
scidocs,2ea78e128bec30fb1a623c55ad5d55bb99190bd2,win_rate_from_qrels,qrels,26,1.0,1.0,0.25,1.0,0.0,0
scidocs,e2f78d2f75a807b89a13115a206da4661361fa71,win_rate_from_qrels,qrels,26,1.0,1.0,0.25,1.0,0.0,0
scidocs,09d275d72bdd404df1270ca0d23574c10c27e4ac,win_rate_from_qrels,qrels,25,1.0,1.0,0.25,1.0,0.0,0
scidocs,d2be35d1221c29c3ffba998b91d68dfd7c5c65f0,win_rate_from_qrels,qrels,27,1.0,1.0,0.25,1.0,0.0,0
scidocs,ddaaf26fe78fa533bfa54e3835844168d688f164,win_rate_from_qrels,qrels,25,1.0,1.0,0.25,1.0,0.0,0
scidocs,1d1bc7c5ab704db04a72efb063fb1db6fc07f85c,win_rate_from_qrels,qrels,25,1.0,1.0,0.25,1.0,0.0,0
scidocs,063c6ae786c34d3722c6d9060df6339e246bbc3b,win_rate_from_qrels,qrels,25,1.0,1.0,0.25,1.0,0.0,0
scidocs,cb3d6142bfa0938aa6f8cb86697c40a7837c08f0,win_rate_from_qrels,qrels,25,1.0,1.0,0.25,1.0,0.0,0
scidocs,f852431fb190fdc6feb95e5bd319a58039519076,win_rate_from_qrels,qrels,27,1.0,1.0,0.25,1.0,0.0,0
scidocs,18422ae57ec0318fb4c200fdcf7c6e145208d792,win_rate_from_qrels,qrels,27,1.0,1.0,0.25,1.0,0.0,0
scidocs,1b44df3232099b13e3aac7fc5811a946133d6db6,win_rate_from_qrels,qrels,25,1.0,1.0,0.25,1.0,0.0,0
scidocs,636e8a004983a26647e11be23165bdae83a68a5a,win_rate_from_qrels,qrels,25,1.0,1.0,0.25,1.0,0.0,0
scidocs,eed682efa845495dd2563b5cf2797cb32f9bcac7,win_rate_from_qrels,qrels,25,1.0,1.0,0.25,1.0,0.0,0
scidocs,1bc5ea91875143e0526ac587b9c4aa6c64ceec98,win_rate_from_qrels,qrels,28,1.0,1.0,0.25,1.0,0.0,0
scidocs,54356ff0960100e27cf17ff682825bba2662e90c,win_rate_from_qrels,qrels,26,1.0,1.0,0.25,1.0,0.0,0
scidocs,0bfa2ab02f3c9a9fe06fcebf34bd8f371e206512,win_rate_from_qrels,qrels,25,1.0,1.0,0.2,1.0,0.0,0
scidocs,26b90ccf7541fd2cd4235118493e1e49d358c351,win_rate_from_qrels,qrels,25,1.0,1.0,0.25,1.0,0.0,0
scidocs,45fdc73a239e9c6ea65e98c96f6a2d6dc35d6f72,win_rate_from_qrels,qrels,26,1.0,1.0,0.25,1.0,0.0,0
scidocs,4715401473dca02ebaa5bdd4d4003705ed91c380,win_rate_from_qrels,qrels,27,1.0,1.0,0.25,1.0,0.0,0
scidocs,d6be438df373dedf06d6c062596d4e40f59b022c,win_rate_from_qrels,qrels,26,1.0,1.0,0.25,1.0,0.0,0
scidocs,3aba958809c43b0af8df66e5338d9310549eeb58,win_rate_from_qrels,qrels,25,1.0,1.0,0.25,1.0,0.0,0
scidocs,208d2d6ae61955d93b13a5a497c10ba8c7086e87,win_rate_from_qrels,qrels,27,1.0,1.0,0.25,1.0,0.0,0
scidocs,0bbdd4905f23994e0b5a0d91fc332b2af336f1e8,win_rate_from_qrels,qrels,27,1.0,1.0,0.25,1.0,0.0,0
scidocs,74c472360ec199703b5e460308bf5ed29e38f67b,win_rate_from_qrels,qrels,26,1.0,1.0,0.25,1.0,0.0,0
scidocs,13c47ed140cc36191678a48b3115939cd0aa8314,win_rate_from_qrels,qrels,27,1.0,1.0,0.25,1.0,0.0,0
scidocs,52d67b1ffaa5a135ff401e1ee0a2ff18571f2ce1,win_rate_from_qrels,qrels,25,1.0,1.0,0.25,1.0,0.0,0
scidocs,78ed1c69f4f5f5b56cbb9432ee06a2cf71d162e2,win_rate_from_qrels,qrels,29,1.0,1.0,0.25,1.0,0.0,0
scidocs,fcce89d4b212d5ba5ffd2c84498bad8275505d84,win_rate_from_qrels,qrels,26,1.0,1.0,0.25,1.0,0.0,0
scidocs,d15f8891e586a9c19c9fc30fa636e764c9eeaff9,win_rate_from_qrels,qrels,27,1.0,1.0,0.25,1.0,0.0,0
scidocs,4bec8908ef97074b4f9a0f1c1693e58e867ff19d,win_rate_from_qrels,qrels,27,1.0,1.0,0.25,1.0,0.0,0
scidocs,5a4b138603821d758d5e51c8f8fb0ff1696901d7,win_rate_from_qrels,qrels,25,1.0,1.0,0.25,1.0,0.0,0
scidocs,318e36796798d173020e2c92ea4188b60d84a450,win_rate_from_qrels,qrels,27,1.0,1.0,0.25,1.0,0.0,0
scidocs,fd4677e1b2cd0cba66ab4a64cbd1fe015d3a742b,win_rate_from_qrels,qrels,26,1.0,1.0,0.25,1.0,0.0,0
scidocs,2561aa198e3a7a0b507122f543acafa80481e1b9,win_rate_from_qrels,qrels,26,1.0,1.0,0.25,1.0,0.0,0
scidocs,49aa693db2d6d6a9486a9c9b6e1ac653fe12ab97,win_rate_from_qrels,qrels,25,1.0,1.0,0.25,1.0,0.0,0
scidocs,87601a4866373c63b4fd070214cab8b40b50058c,win_rate_from_qrels,qrels,25,1.0,1.0,0.25,1.0,0.0,0
scidocs,e27aff8fffd4ad43275d355202a135f848be0e76,win_rate_from_qrels,qrels,26,1.0,1.0,0.25,1.0,0.0,0
scidocs,6c42c5d99cd594da9fd18c5fdb67e015455dde6e,win_rate_from_qrels,qrels,25,1.0,1.0,0.25,1.0,0.0,0
scidocs,64ddfb947878347a30610b6ca2314fe2bac96a4a,win_rate_from_qrels,qrels,24,1.0,1.0,0.2,1.0,0.0,0
scidocs,195a5a538eacb89dcd4cf3fe2c0600ea61dbd15e,win_rate_from_qrels,qrels,25,1.0,1.0,0.25,1.0,0.0,0
scidocs,d2662c5f2b4aca17f7e9ce70074d2eb829b4f38d,win_rate_from_qrels,qrels,26,1.0,1.0,0.25,1.0,0.0,0
scidocs,23a7c8d9f142184d28e56b0751e172fef6539275,win_rate_from_qrels,qrels,29,1.0,1.0,0.25,1.0,0.0,0
scidocs,68cc5038a4937b96f1bf127dd574ac7b713bfa72,win_rate_from_qrels,qrels,28,1.0,1.0,0.25,1.0,0.0,0
scidocs,3dcc819e642beafccd3f6bffa434767d1a818eb1,win_rate_from_qrels,qrels,26,1.0,1.0,0.25,1.0,0.0,0
scidocs,2d52f69dd4686a3e66f5a8a1650a24bcea43530e,win_rate_from_qrels,qrels,27,1.0,1.0,0.25,1.0,0.0,0
scidocs,23386571ed332e4a465c0a6fa899f310caa217c8,win_rate_from_qrels,qrels,26,1.0,1.0,0.25,1.0,0.0,0
scidocs,849534526c074568abbfd6daf45c3532b0a18133,win_rate_from_qrels,qrels,26,1.0,1.0,0.25,1.0,0.0,0
scidocs,b4333da9831681151015f61b46aff3843eeb5847,win_rate_from_qrels,qrels,26,1.0,1.0,0.25,1.0,0.0,0
scidocs,fcd16bfffd4131b2f41f90b4c832415aea55038b,win_rate_from_qrels,qrels,26,1.0,1.0,0.25,1.0,0.0,0
scidocs,542215d9c86220acd32dbe07a4fcd882c3912952,win_rate_from_qrels,qrels,26,1.0,1.0,0.25,1.0,0.0,0
scidocs,c2e57b2871fdfd06566820c5329815ac06f66197,win_rate_from_qrels,qrels,26,1.0,1.0,0.25,1.0,0.0,0
scidocs,95a6d727526421dc176cfc831d4413ea3487e4f0,win_rate_from_qrels,qrels,28,1.0,1.0,0.25,1.0,0.0,0
scidocs,c46d80f83813fba0e8363a0ab36a19fba062540e,win_rate_from_qrels,qrels,25,1.0,1.0,0.25,1.0,0.0,0
scidocs,7a26676a07796e2b910dd556c6691d264a7e774c,win_rate_from_qrels,qrels,26,1.0,1.0,0.25,1.0,0.0,0
scidocs,74bd4761b373447079c6e5cd31832c00fab2fa77,win_rate_from_qrels,qrels,28,1.0,1.0,0.25,1.0,0.0,0
scidocs,ae2b67d03512dd0f13a68636d1d7f83cc889318a,win_rate_from_qrels,qrels,26,1.0,1.0,0.25,1.0,0.0,0
scidocs,7e7f843b9638ee9dc321fcd348ea2185b9126854,win_rate_from_qrels,qrels,24,1.0,1.0,0.25,1.0,0.0,0
scidocs,7b787a261a82e5488fc972d2b6541f778c81ed78,win_rate_from_qrels,qrels,25,1.0,1.0,0.25,1.0,0.0,0
scidocs,4fa89f6ffef921580718222c55fa17973a7c366d,win_rate_from_qrels,qrels,25,1.0,1.0,0.25,1.0,0.0,0
scidocs,2d2f14551b8b7163558e97902e7b456b0ba0a8d0,win_rate_from_qrels,qrels,26,1.0,1.0,0.25,1.0,0.0,0
scidocs,d8dea89f5c7fb15d5ba16d2edcd2933a25789ee6,win_rate_from_qrels,qrels,24,1.0,1.0,0.25,1.0,0.0,0
scidocs,8a6080396fa7195c7c627bea4b2aeeb9ca39b5f8,win_rate_from_qrels,qrels,25,1.0,1.0,0.25,1.0,0.0,0
scidocs,a6500d8800010e79d83800c9e433435efbc4398e,win_rate_from_qrels,qrels,25,1.0,1.0,0.25,1.0,0.0,0
scidocs,79729be88ecf76e5e964ffb25e8bc3b396feacb4,win_rate_from_qrels,qrels,25,1.0,1.0,0.25,1.0,0.0,0
scidocs,399acab2bee6eccbfffe4a2ce688b6b1075e9c5e,win_rate_from_qrels,qrels,27,1.0,1.0,0.25,1.0,0.0,0
scidocs,232427099d4a8acf1dc29efc852f09c5964e6165,win_rate_from_qrels,qrels,29,1.0,1.0,0.25,1.0,0.0,0
scidocs,d1c0cc34e1b6eaa8bdc2221d83377063be951196,win_rate_from_qrels,qrels,28,1.0,1.0,0.25,1.0,0.0,0
scidocs,0f2c82218b1858e414df5d50171e97694c60e542,win_rate_from_qrels,qrels,28,1.0,1.0,0.25,1.0,0.0,0
scidocs,62d588d2200ab2cbee153a8998a7fa98c30cf7bb,win_rate_from_qrels,qrels,26,1.0,1.0,0.25,1.0,0.0,0
scidocs,4acb38f96f3f69a443e1684040c14d1cecc4f841,win_rate_from_qrels,qrels,26,1.0,1.0,0.25,1.0,0.0,0
scidocs,76abf690192e6b6219d7691d0925894c433ddf2a,win_rate_from_qrels,qrels,28,1.0,1.0,0.25,1.0,0.0,0
scidocs,b2a93309a451eae2b9b40e768a4831e1e3fc6d2b,win_rate_from_qrels,qrels,25,1.0,1.0,0.15,1.0,0.0,0
scidocs,714c194a2fc326151b905270558aa137f9f22730,win_rate_from_qrels,qrels,26,1.0,1.0,0.25,1.0,0.0,0
scidocs,785e957937b1d0de27c39c916e74aa02220cc27e,win_rate_from_qrels,qrels,25,1.0,1.0,0.25,1.0,0.0,0
scidocs,da8fcbcb25d73558752e1d2b1f34c0e5df07ab65,win_rate_from_qrels,qrels,27,1.0,1.0,0.25,1.0,0.0,0
scidocs,f072d0363f437fd5ccf359bbe2fc9afaa5cfa831,win_rate_from_qrels,qrels,24,1.0,1.0,0.25,1.0,0.0,0
scidocs,29378306c07a78cff615f1b2ddea4d5baca4a199,win_rate_from_qrels,qrels,26,1.0,1.0,0.25,1.0,0.0,0
scidocs,9c4d7805f3724fb7b866950eaa0505952ff25fd0,win_rate_from_qrels,qrels,25,1.0,1.0,0.25,1.0,0.0,0
scidocs,4b82b3bf2b30d74c083940a86db5b09e4b81f0af,win_rate_from_qrels,qrels,26,1.0,1.0,0.25,1.0,0.0,0
scidocs,52f8eb239997d9a324d4794529c60522db8d08bf,win_rate_from_qrels,qrels,28,1.0,1.0,0.25,1.0,0.0,0
scidocs,de6411cb46cf889ba279ffc1a704168d75aae0b1,win_rate_from_qrels,qrels,24,1.0,1.0,0.25,1.0,0.0,0
scidocs,5157dde17a69f12c51186ffc20a0a6c6847f1a29,win_rate_from_qrels,qrels,26,1.0,1.0,0.25,1.0,0.0,0
scidocs,80d9843338d07778dac65157a2c881892a28b821,win_rate_from_qrels,qrels,28,1.0,1.0,0.25,1.0,0.0,0
scidocs,3cfa669b42a1e0e87bf3aca4d491039495ef87f8,win_rate_from_qrels,qrels,24,1.0,1.0,0.25,1.0,0.0,0
scidocs,a1ac90b17d79e2053ca77808bcf87bcd9c1fddd1,win_rate_from_qrels,qrels,25,1.0,1.0,0.25,1.0,0.0,0
scidocs,3b198869df03d98b81c0c882753845a3bca36c63,win_rate_from_qrels,qrels,26,1.0,1.0,0.25,1.0,0.0,0
scidocs,bd185e4f80d1fa2def96815269ec60dff862a7a1,win_rate_from_qrels,qrels,26,1.0,1.0,0.2,1.0,0.0,0
scidocs,eaf4756c12cfdae09ad3c82696ec1c16271a9348,win_rate_from_qrels,qrels,26,1.0,1.0,0.25,1.0,0.0,0
scidocs,79b97a68a26c38e8441e3f7902c6f6cf5d975622,win_rate_from_qrels,qrels,26,1.0,1.0,0.25,1.0,0.0,0
scidocs,05dba74b1ecf7e40b2a904e2d797768ef79832d3,win_rate_from_qrels,qrels,24,1.0,1.0,0.25,1.0,0.0,0
scidocs,7b49bd891f632ca6e86e5ccccdc3761ceb3fd277,win_rate_from_qrels,qrels,25,1.0,1.0,0.25,1.0,0.0,0
scidocs,177f06f0b11a911317f500b455adeeadf9d48e00,win_rate_from_qrels,qrels,26,1.0,1.0,0.25,1.0,0.0,0
scidocs,41b807511a65feac98485427597f9b45c892595b,win_rate_from_qrels,qrels,25,1.0,1.0,0.25,1.0,0.0,0
scidocs,68f9901394bf28b5172fbe841709e3e589572052,win_rate_from_qrels,qrels,26,1.0,1.0,0.25,1.0,0.0,0
scidocs,2ad961db4b9075a33f0725dd5c79074de993c5e4,win_rate_from_qrels,qrels,26,1.0,1.0,0.25,1.0,0.0,0
scidocs,a5cb9e716b2e3c54518ed0b05a4cc0c4256e53c2,win_rate_from_qrels,qrels,24,1.0,1.0,0.25,1.0,0.0,0
scidocs,39dba6f22d72853561a4ed684be265e179a39e4f,win_rate_from_qrels,qrels,26,1.0,1.0,0.25,1.0,0.0,0
scidocs,45182cf235fd8f9dd8a81f61f3efd488f78df75e,win_rate_from_qrels,qrels,28,1.0,1.0,0.25,1.0,0.0,0
scidocs,fa36e9da13f7a055ce95beb61035c72b6d89e2cb,win_rate_from_qrels,qrels,26,1.0,1.0,0.25,1.0,0.0,0
scidocs,2468a43e935adcee0303ba39e348c2bc0c4379a7,win_rate_from_qrels,qrels,28,1.0,1.0,0.25,1.0,0.0,0
scidocs,59e2037f5079794cb9128c7f0900a568ced14c2a,win_rate_from_qrels,qrels,26,1.0,1.0,0.25,1.0,0.0,0
scidocs,7a5e33718ca81495b2db4a1688bdb5a555816a87,win_rate_from_qrels,qrels,27,1.0,1.0,0.25,1.0,0.0,0
scidocs,27efc45254159de1a18554ba8cb603ee70a1f266,win_rate_from_qrels,qrels,28,1.0,1.0,0.25,1.0,0.0,0
scidocs,a98d48b6c4188143dbb2474a1cb27c2f9e3b5c0a,win_rate_from_qrels,qrels,24,1.0,1.0,0.25,1.0,0.0,0
scidocs,c104626e93e0b8115b4673f63e10f69cdf97801c,win_rate_from_qrels,qrels,27,1.0,1.0,0.25,1.0,0.0,0
scidocs,c6d97883da23b07a2031ff65076670eeb11b59d6,win_rate_from_qrels,qrels,27,1.0,1.0,0.25,1.0,0.0,0
scidocs,bb93fdae023ee2978e82f47c1c069b973046ef1e,win_rate_from_qrels,qrels,28,1.0,1.0,0.25,1.0,0.0,0
scidocs,b42c7b6e9fc032cf70cdcbdab05ce898be0a3a6e,win_rate_from_qrels,qrels,27,1.0,1.0,0.25,1.0,0.0,0
scidocs,41e5ed6744f1c901a55ee68ea8235d3340e32528,win_rate_from_qrels,qrels,24,1.0,1.0,0.25,1.0,0.0,0
scidocs,1571f50f52761a7a3537f12a88be487e5a0e7ad4,win_rate_from_qrels,qrels,26,1.0,1.0,0.25,1.0,0.0,0
scidocs,e76f37bc17b1b9f2fb4b5296c7282787729523a2,win_rate_from_qrels,qrels,28,1.0,1.0,0.25,1.0,0.0,0
scidocs,65a858ca95dcfa032e812a7f1fc7ee5bdac88f5b,win_rate_from_qrels,qrels,26,1.0,1.0,0.25,1.0,0.0,0
scidocs,9557be29d86add8994b7df670c15eaa872995a10,win_rate_from_qrels,qrels,27,1.0,1.0,0.25,1.0,0.0,0
scidocs,0416f5d1564d1f2a597acac04e81b02b2eff67d2,win_rate_from_qrels,qrels,26,1.0,1.0,0.25,1.0,0.0,0
scidocs,6ec004e4c1171c4c4858eec7c927f567684b80bc,win_rate_from_qrels,qrels,24,1.0,1.0,0.25,1.0,0.0,0
scidocs,fe63023bb7434e44b4e63dcf918c6a2f9aaba930,win_rate_from_qrels,qrels,27,1.0,1.0,0.25,1.0,0.0,0
scidocs,d406239de17bbb4f66d4c835f2a5f1be977b4131,win_rate_from_qrels,qrels,25,1.0,1.0,0.2,1.0,0.0,0
scidocs,6173a5266a044872618fd379bb91bda0406f778a,win_rate_from_qrels,qrels,28,1.0,1.0,0.25,1.0,0.0,0
scidocs,a22e737d38a1bc671893a7ed341aba436571097a,win_rate_from_qrels,qrels,27,1.0,1.0,0.25,1.0,0.0,0
scidocs,7492683af60d02dbd658acdc61249571f8c20fc8,win_rate_from_qrels,qrels,28,1.0,1.0,0.25,1.0,0.0,0
scidocs,39d428fd8c6b73ed070921a856f03c2c5b5377ba,win_rate_from_qrels,qrels,27,1.0,1.0,0.25,1.0,0.0,0
scidocs,47fc2c3e290e05fe9d41441b0270f88f6a8543d8,win_rate_from_qrels,qrels,27,1.0,1.0,0.25,1.0,0.0,0
scidocs,28115e594c25c99a253557ae96290a9e0d60d3e3,win_rate_from_qrels,qrels,26,1.0,1.0,0.25,1.0,0.0,0
scidocs,802f3f316f87c6bc675cc55a2a1bf4bb0f12dd1e,win_rate_from_qrels,qrels,26,1.0,1.0,0.25,1.0,0.0,0
scidocs,573dc953636d90aeb4981e880c4bc0bad7f6cf64,win_rate_from_qrels,qrels,25,1.0,1.0,0.25,1.0,0.0,0
scidocs,72cf3347ff06226e57214b49801de9fc02df8d52,win_rate_from_qrels,qrels,25,1.0,1.0,0.25,1.0,0.0,0
scidocs,0963302a589b5476df76040ab22a3315e0f84bb1,win_rate_from_qrels,qrels,27,1.0,1.0,0.25,1.0,0.0,0
scidocs,648678f1edab0d2139958070744b826d2b24c79e,win_rate_from_qrels,qrels,29,1.0,1.0,0.25,1.0,0.0,0
scidocs,ba69c46c62b525941e91d0788d20b6ef91847cc4,markov_from_qrels,qrels,25,1.0,1.0,0.25,1.0,0.0,0
scidocs,7526f88d4ee7a380fecd05c1f92208ad94605cec,markov_from_qrels,qrels,24,1.0,1.0,0.2,1.0,0.0,0
scidocs,dc344ea8e993584b924522d95febaeb74de2ad30,markov_from_qrels,qrels,27,1.0,1.0,0.25,1.0,0.0,0
scidocs,e5adfc2f23602a5256e89b84615e1434e5375f0e,markov_from_qrels,qrels,25,1.0,1.0,0.25,1.0,0.0,0
scidocs,09109a5375d8e2ca752bedde17ba5acad1df61cb,markov_from_qrels,qrels,25,1.0,1.0,0.25,1.0,0.0,0
scidocs,6f54a7933235ced5684e3bff18f7e5dc40510018,markov_from_qrels,qrels,27,1.0,1.0,0.25,1.0,0.0,0
scidocs,1312b0d0a957fc2bbfc2612dd89ba9003c57a08c,markov_from_qrels,qrels,26,1.0,1.0,0.25,1.0,0.0,0
scidocs,b37225fc67e1aeeb7877c4691f9036ed5cc01efa,markov_from_qrels,qrels,26,1.0,1.0,0.25,1.0,0.0,0
scidocs,4ec90b7da43e6438cbdc756624b1083f30288064,markov_from_qrels,qrels,25,1.0,1.0,0.25,1.0,0.0,0
scidocs,78495383450e02c5fe817e408726134b3084905d,markov_from_qrels,qrels,25,1.0,1.0,0.25,1.0,0.0,0
scidocs,28f3343d2419147213e7580934cfc4e0cb88b088,markov_from_qrels,qrels,26,1.0,1.0,0.25,1.0,0.0,0
scidocs,c4e76b318149a106563d53892dde801a37a637cc,markov_from_qrels,qrels,27,1.0,1.0,0.25,1.0,0.0,0
scidocs,5f1f12015d55c51764be27df92de175d2de8ee0d,markov_from_qrels,qrels,26,1.0,1.0,0.25,1.0,0.0,0
scidocs,8bb49c0658d7b7cff42c655a6d7e005372ad32ea,markov_from_qrels,qrels,27,1.0,1.0,0.25,1.0,0.0,0
scidocs,9e76a700f03ef476b964b27e23c071163e44c232,markov_from_qrels,qrels,24,1.0,1.0,0.25,1.0,0.0,0
scidocs,7445178858159988f2b17aa21376e13767fce5a6,markov_from_qrels,qrels,26,1.0,1.0,0.25,1.0,0.0,0
scidocs,b47402a9a68f23b548ae6e0349700ea651b7a373,markov_from_qrels,qrels,24,1.0,1.0,0.25,1.0,0.0,0
scidocs,0c3ffd5f1b577e38604f361ee71feb312b5b0cab,markov_from_qrels,qrels,25,1.0,1.0,0.25,1.0,0.0,0
scidocs,ac24b99a5db633ce45f053287ca806157fff9663,markov_from_qrels,qrels,26,1.0,1.0,0.25,1.0,0.0,0
scidocs,4a343313042b654c7d85313de3d88486a1d0e9de,markov_from_qrels,qrels,26,1.0,1.0,0.2,1.0,0.0,0
scidocs,661a03482f0532b7355188059b2263091ade1bae,markov_from_qrels,qrels,27,1.0,1.0,0.25,1.0,0.0,0
scidocs,c05ae45c262b270df1e99a32efa35036aae8d950,markov_from_qrels,qrels,22,1.0,1.0,0.25,1.0,0.0,0
scidocs,4d4dc6568e24f283f3c5bcb88f280908a35da0e3,markov_from_qrels,qrels,26,1.0,1.0,0.25,1.0,0.0,0
scidocs,6affd37b83d4fca0d0e54e5d75433a74cb142671,markov_from_qrels,qrels,25,1.0,1.0,0.25,1.0,0.0,0
scidocs,8d37da5a9f05ee71d06cc6afcc1b14f8ff83147f,markov_from_qrels,qrels,24,1.0,1.0,0.25,1.0,0.0,0
scidocs,6cdbbced12bff53bcbdde3cdb6d20b4bd02a9d6c,markov_from_qrels,qrels,26,1.0,1.0,0.25,1.0,0.0,0
scidocs,8bb3a478db8951f42198a885d7245d58036ba55c,markov_from_qrels,qrels,26,1.0,1.0,0.25,1.0,0.0,0
scidocs,7dcb308b9292a8bc87d6f7793d2ca5e0e19dfa40,markov_from_qrels,qrels,27,1.0,1.0,0.25,1.0,0.0,0
scidocs,5137d6a245dffe321df34999fa77e190c19b4c37,markov_from_qrels,qrels,27,1.0,1.0,0.25,1.0,0.0,0
scidocs,b8397b4418bb1d576210d9a39d44725d6ffb2a44,markov_from_qrels,qrels,27,1.0,1.0,0.25,1.0,0.0,0
scidocs,9003fb79e7848ced3be975c3d87a9348a4b8d377,markov_from_qrels,qrels,25,1.0,1.0,0.2,1.0,0.0,0
scidocs,eb3d1b885bfa800badfd79c6921a07d01491aedb,markov_from_qrels,qrels,28,1.0,1.0,0.25,1.0,0.0,0
scidocs,c20b4068be640ebaffbc56382c3e4e0bcf62664e,markov_from_qrels,qrels,26,1.0,1.0,0.25,1.0,0.0,0
scidocs,7323c2d32d6cdc3604dcedc574508d042ce3821e,markov_from_qrels,qrels,23,1.0,1.0,0.25,1.0,0.0,0
scidocs,e642d6014a5762128a28f85dae2228826e682974,markov_from_qrels,qrels,25,1.0,1.0,0.25,1.0,0.0,0
scidocs,51ee97313309157219412b6f5dfb314682b33992,markov_from_qrels,qrels,25,1.0,1.0,0.25,1.0,0.0,0
scidocs,866b1a9819f662ac2499be231965ded8e0323c7f,markov_from_qrels,qrels,26,1.0,1.0,0.25,1.0,0.0,0
scidocs,a829c1093eb4d78a198ebb9b4a33a8137b0359df,markov_from_qrels,qrels,27,1.0,1.0,0.25,1.0,0.0,0
scidocs,0ce7927d613e66a2062516e9e85e1b9a36d54029,markov_from_qrels,qrels,26,1.0,1.0,0.25,1.0,0.0,0
scidocs,6079719b677d0abda12abcd5cd46582ca91585ad,markov_from_qrels,qrels,27,1.0,1.0,0.25,1.0,0.0,0
scidocs,0daf48d0ce4e4200a753c28519f5761b160944fb,markov_from_qrels,qrels,26,1.0,1.0,0.25,1.0,0.0,0
scidocs,3ad8328b066bedca77c858a399a77521563d5c99,markov_from_qrels,qrels,27,1.0,1.0,0.25,1.0,0.0,0
scidocs,b8eea99bb5345329ea058072133f568f7bdd27bd,markov_from_qrels,qrels,27,1.0,1.0,0.25,1.0,0.0,0
scidocs,29373c5bb0d60320844905916aec09d64c24cd79,markov_from_qrels,qrels,26,1.0,1.0,0.25,1.0,0.0,0
scidocs,6ae4d0b388aa9262e80c3eedc1cb3e5f06842368,markov_from_qrels,qrels,26,1.0,1.0,0.25,1.0,0.0,0
scidocs,bfebba8356c5d20dc6a9b2f72ff66adaf63321b7,markov_from_qrels,qrels,26,1.0,1.0,0.25,1.0,0.0,0
scidocs,2747421989619d293c05b0b82a547009128ebadb,markov_from_qrels,qrels,28,1.0,1.0,0.25,1.0,0.0,0
scidocs,21b1180af3087c1333708a9873f6d473eabe6751,markov_from_qrels,qrels,26,1.0,1.0,0.25,1.0,0.0,0
scidocs,b045f045e331700cdef309e0d40b15a64cdf5b8a,markov_from_qrels,qrels,25,1.0,1.0,0.25,1.0,0.0,0
scidocs,1a66df57f88e689438d505474eff73e3a9180c5b,markov_from_qrels,qrels,27,1.0,1.0,0.25,1.0,0.0,0
scidocs,60f9c8ba8e00e9e03e8bb80640fcfa3889a36327,markov_from_qrels,qrels,24,1.0,1.0,0.25,1.0,0.0,0
scidocs,f46a2337a9d94d68c2d92f0aa0ca693adafc3346,markov_from_qrels,qrels,24,1.0,1.0,0.25,1.0,0.0,0
scidocs,04e4034344bda5c97015ea634e6eb1b65ef3a898,markov_from_qrels,qrels,25,1.0,1.0,0.25,1.0,0.0,0
scidocs,2a3b696dccb9e31f0321c83a86f26041c72b1bc9,markov_from_qrels,qrels,23,1.0,1.0,0.25,1.0,0.0,0
scidocs,5ded1e19eb785dc0707c94f62f552798db9dd2ef,markov_from_qrels,qrels,25,1.0,1.0,0.2,1.0,0.0,0
scidocs,853bd61bc48a431b9b1c7cab10c603830c488e39,markov_from_qrels,qrels,27,1.0,1.0,0.25,1.0,0.0,0
scidocs,9a2c20b7b8602d1dd7332f8fb5017e5c846185c4,markov_from_qrels,qrels,28,1.0,1.0,0.25,1.0,0.0,0
scidocs,b59d6a8f4acaa63d773356fe320368b9f76a15cf,markov_from_qrels,qrels,26,1.0,1.0,0.25,1.0,0.0,0
scidocs,3131776d3b838e3a22ed9ccd7b7b92a41410df28,markov_from_qrels,qrels,26,1.0,1.0,0.25,1.0,0.0,0
scidocs,848c3eb292d721e53631c0d6c988f380cbb0e225,markov_from_qrels,qrels,26,1.0,1.0,0.25,1.0,0.0,0
scidocs,8384094ce1b342da9eabd2ec939e9bb16ca7ff5c,markov_from_qrels,qrels,25,1.0,1.0,0.25,1.0,0.0,0
scidocs,425a2cb778130d0fd57d00eaf3cbe347c4ee7641,markov_from_qrels,qrels,26,1.0,1.0,0.25,1.0,0.0,0
scidocs,92ec85037f5e195c8aa184534a59b356c6ef7599,markov_from_qrels,qrels,27,1.0,1.0,0.25,1.0,0.0,0
scidocs,546b3592f59b3445ef12fba506b729c832198c33,markov_from_qrels,qrels,25,1.0,1.0,0.25,1.0,0.0,0
scidocs,51236676c3bba877d82c31b393db1af4846527ac,markov_from_qrels,qrels,25,1.0,1.0,0.25,1.0,0.0,0
scidocs,d6b56cc6e05300426b6194dd3f6a38720678827e,markov_from_qrels,qrels,27,1.0,1.0,0.25,1.0,0.0,0
scidocs,498aad3cb4d2b8e8ff1e68a40be7dec27e8139f4,markov_from_qrels,qrels,25,1.0,1.0,0.25,1.0,0.0,0
scidocs,0491b1a097378701dbbab2ce9dcc2e109a95d97e,markov_from_qrels,qrels,28,1.0,1.0,0.25,1.0,0.0,0
scidocs,2c64233ad8239884cdd410fb63c63124bd9fb515,markov_from_qrels,qrels,25,1.0,1.0,0.25,1.0,0.0,0
scidocs,012e396b02aa584cb74a65ae14af355e7c897858,markov_from_qrels,qrels,24,1.0,1.0,0.25,1.0,0.0,0
scidocs,0a149bfc3080902dab96a0bfdfe1d4ab2ec0cc2a,markov_from_qrels,qrels,27,1.0,1.0,0.25,1.0,0.0,0
scidocs,40c6b953b5c04b3df4164cd487c4bc00cf0e487d,markov_from_qrels,qrels,25,1.0,1.0,0.2,1.0,0.0,0
scidocs,725ed843566051638d023ebfdb0311def12cba2a,markov_from_qrels,qrels,26,1.0,1.0,0.25,1.0,0.0,0
scidocs,3713243ded59fd9b0a4428bd101616bad7393311,markov_from_qrels,qrels,25,1.0,1.0,0.25,1.0,0.0,0
scidocs,74ff6bd7f70bb2fe17016ded5104614c001f0cef,markov_from_qrels,qrels,25,1.0,1.0,0.2,1.0,0.0,0
scidocs,dc4ed2b22123596bb329221a18c8b92176fc7263,markov_from_qrels,qrels,26,1.0,1.0,0.25,1.0,0.0,0
scidocs,a65e6a974212ed28133c2fe1e3b97a18dbc40cb6,markov_from_qrels,qrels,27,1.0,1.0,0.25,1.0,0.0,0
scidocs,da6629447f61ef8b07ce0698b490e3fe7210c1e3,markov_from_qrels,qrels,26,1.0,1.0,0.25,1.0,0.0,0
scidocs,1134105faa6a16969fede23d16f0c0df129c5888,markov_from_qrels,qrels,27,1.0,1.0,0.25,1.0,0.0,0
scidocs,e0ec382c51a043b1996a74af96d10cda33fdf6eb,markov_from_qrels,qrels,24,1.0,1.0,0.25,1.0,0.0,0
scidocs,c0bbc89889691aca1f81f3727a0587eadfe4e8af,markov_from_qrels,qrels,27,1.0,1.0,0.25,1.0,0.0,0
scidocs,756bf25afe8e6ca92ba1795bcb5fb4e93d8ed6b2,markov_from_qrels,qrels,27,1.0,1.0,0.25,1.0,0.0,0
scidocs,27fb7f79c74af0de19b3a9691268f9ca32bdda82,markov_from_qrels,qrels,27,1.0,1.0,0.25,1.0,0.0,0
scidocs,ce7f9b2c6566f21056d0d4bf06a0a172fd1064f1,markov_from_qrels,qrels,26,1.0,1.0,0.25,1.0,0.0,0
scidocs,2b26645a12e3a11f53ae4d31798f1009376962db,markov_from_qrels,qrels,26,1.0,1.0,0.25,1.0,0.0,0
scidocs,b66bcce42123af3d5384aa32f9b3f1721f7ae5fd,markov_from_qrels,qrels,29,1.0,1.0,0.25,1.0,0.0,0
scidocs,e00ab75a8aa637d9c4c5c020e9f2c54b31528031,markov_from_qrels,qrels,25,1.0,1.0,0.25,1.0,0.0,0
scidocs,41a798995d414b0dadb0678cdf6c3107059c0b75,markov_from_qrels,qrels,27,1.0,1.0,0.25,1.0,0.0,0
scidocs,7a59595f1859b72761b34892be8b6dc43f71d01e,markov_from_qrels,qrels,26,1.0,1.0,0.25,1.0,0.0,0
scidocs,065985d4d0854c51f52ad7a7507b267d9b88ab1c,markov_from_qrels,qrels,26,1.0,1.0,0.25,1.0,0.0,0
scidocs,a221588fd2d062462254481cfd9563fec2f7c387,markov_from_qrels,qrels,28,1.0,1.0,0.25,1.0,0.0,0
scidocs,2df3b760190470c4af1be87328a20ce607e1ad98,markov_from_qrels,qrels,26,1.0,1.0,0.25,1.0,0.0,0
scidocs,60184fecc57b51fd4f312b77e3817af18643ef8e,markov_from_qrels,qrels,26,1.0,1.0,0.25,1.0,0.0,0
scidocs,78c00439aac79217675b00810386ff3bd89c86cc,markov_from_qrels,qrels,25,1.0,1.0,0.25,1.0,0.0,0
scidocs,095923857403ebb1578ce82b085c97c75b522fa2,markov_from_qrels,qrels,26,1.0,1.0,0.25,1.0,0.0,0
scidocs,e6be9c497285ece7f32b486c6cc72193b5a1fcb9,markov_from_qrels,qrels,28,1.0,1.0,0.25,1.0,0.0,0
scidocs,58d105a565d27bd23443d257e36543ff7c40d167,markov_from_qrels,qrels,25,1.0,1.0,0.25,1.0,0.0,0
scidocs,89e58773fa59ef5b57f229832c2a1b3e3efff37e,markov_from_qrels,qrels,27,1.0,1.0,0.25,1.0,0.0,0
scidocs,4249d4c294e5edca091597b3b4f30c10201c1f9a,markov_from_qrels,qrels,25,1.0,1.0,0.25,1.0,0.0,0
scidocs,d059440d92c707c30fd0f297f6c95de57bf92113,markov_from_qrels,qrels,24,1.0,1.0,0.25,1.0,0.0,0
scidocs,9a5fa5e9c10dc40e20610795bad44e7e00391c1f,markov_from_qrels,qrels,26,1.0,1.0,0.25,1.0,0.0,0
scidocs,3e95925d2bca43223453010ff8516a492287ce19,markov_from_qrels,qrels,26,1.0,1.0,0.25,1.0,0.0,0
scidocs,eb240f463fa57740986a92ee744c3ad75f8228e9,markov_from_qrels,qrels,25,1.0,1.0,0.25,1.0,0.0,0
scidocs,ecb869b1f3830f7f98ee84bc415ddc97b0e0348b,markov_from_qrels,qrels,27,1.0,1.0,0.25,1.0,0.0,0
scidocs,89c8e0ac83e8bac69ca41b63bb887a02950bbe9c,markov_from_qrels,qrels,25,1.0,1.0,0.25,1.0,0.0,0
scidocs,f22ae66b083183494f2ab0f5c7758fb03d69b05c,markov_from_qrels,qrels,27,1.0,1.0,0.25,1.0,0.0,0
scidocs,e9c313fb4cfb8e31cd5ab80ef692dd30f27b70bf,markov_from_qrels,qrels,26,1.0,1.0,0.25,1.0,0.0,0
scidocs,abe2c411f95a5057652dde7b2611331c8a3b3f14,markov_from_qrels,qrels,26,1.0,1.0,0.15,1.0,0.0,0
scidocs,3f95e155b1c40911149fe994197a502ef44ebbbe,markov_from_qrels,qrels,25,1.0,1.0,0.25,1.0,0.0,0
scidocs,78b6cbcceca106c039c9dc2d757376956882ac64,markov_from_qrels,qrels,29,1.0,1.0,0.25,1.0,0.0,0
scidocs,c48caf1b6404e08cf4606508310c03e5df54d0f7,markov_from_qrels,qrels,27,1.0,1.0,0.25,1.0,0.0,0
scidocs,31d33747d8fff0b7a0c40dcf9944015af9a15b1a,markov_from_qrels,qrels,25,1.0,1.0,0.25,1.0,0.0,0
scidocs,6374d969a99cf8da935377750f09f61875c81173,markov_from_qrels,qrels,28,1.0,1.0,0.25,1.0,0.0,0
scidocs,071961fc3d61b893c12f07abfa2906859152e3a9,markov_from_qrels,qrels,23,1.0,1.0,0.25,1.0,0.0,0
scidocs,52c036ba3ba46eadc146ad8e326eeb0c8acd1550,markov_from_qrels,qrels,27,1.0,1.0,0.25,1.0,0.0,0
scidocs,c6e446d78d05c74bad63cf23997c595eebbe6113,markov_from_qrels,qrels,26,1.0,1.0,0.25,1.0,0.0,0
scidocs,45e4ed3f616b6177beff78721aaae0a61506be05,markov_from_qrels,qrels,26,1.0,1.0,0.25,1.0,0.0,0
scidocs,7faf5d0915d604821d7ad2ade77f81a751309eee,markov_from_qrels,qrels,25,1.0,1.0,0.25,1.0,0.0,0
scidocs,3547ac839d02f6efe3f6f76a8289738a22528442,markov_from_qrels,qrels,25,1.0,1.0,0.25,1.0,0.0,0
scidocs,21a3a10bd30461c62140bd7ad0153935ae34ae5b,markov_from_qrels,qrels,28,1.0,1.0,0.25,1.0,0.0,0
scidocs,7707c7aac35a4d206eb061305256452051ae4dcf,markov_from_qrels,qrels,25,1.0,1.0,0.25,1.0,0.0,0
scidocs,5f16572861bf59950894f35aa896e4485868545e,markov_from_qrels,qrels,27,1.0,1.0,0.25,1.0,0.0,0
scidocs,98f2ae796c7702de12174428a945861379665beb,markov_from_qrels,qrels,27,1.0,1.0,0.25,1.0,0.0,0
scidocs,2ad9703a6e039258bc306e46c7eed1208a61f4aa,markov_from_qrels,qrels,26,1.0,1.0,0.25,1.0,0.0,0
scidocs,8485904eddf45f3d221832600d8067d9998321e7,markov_from_qrels,qrels,25,1.0,1.0,0.25,1.0,0.0,0
scidocs,471f97da7975bad68f142980e0dd7dc753388f2c,markov_from_qrels,qrels,27,1.0,1.0,0.25,1.0,0.0,0
scidocs,c7514e9628d90692ccb355fece10d340e03780a2,markov_from_qrels,qrels,26,1.0,1.0,0.25,1.0,0.0,0
scidocs,a46d0a41ef1b28ec06a0a849c4c56bbe725b6964,markov_from_qrels,qrels,25,1.0,1.0,0.25,1.0,0.0,0
scidocs,eecbbb0ba7b513a2fe1e7a0131213e5a94b1868a,markov_from_qrels,qrels,26,1.0,1.0,0.25,1.0,0.0,0
scidocs,76dac031066a95715a3b116eb2094ec9bdd15171,markov_from_qrels,qrels,29,1.0,1.0,0.25,1.0,0.0,0
scidocs,d2e4a2d9590b7ae6c34fc59faa34a4217c5cac53,markov_from_qrels,qrels,24,1.0,1.0,0.25,1.0,0.0,0
scidocs,cab59587e4b2dd441198cd37e0038cace6b6531e,markov_from_qrels,qrels,27,1.0,1.0,0.25,1.0,0.0,0
scidocs,d6649d1eeace7fc7c020b047b22ba79c7481c324,markov_from_qrels,qrels,26,1.0,1.0,0.25,1.0,0.0,0
scidocs,5056e36419b95411e4c03e9c011bbdd286bbb7a9,markov_from_qrels,qrels,25,1.0,1.0,0.25,1.0,0.0,0
scidocs,863d0b86e5d2877e61f5cce971632abe2a1212cd,markov_from_qrels,qrels,25,1.0,1.0,0.15,1.0,0.0,0
scidocs,bfd50521466808d022940fbcfe09e1835ae97822,markov_from_qrels,qrels,26,1.0,1.0,0.25,1.0,0.0,0
scidocs,29da485e2e8c78d9646d1efb25986e5753269354,markov_from_qrels,qrels,26,1.0,1.0,0.25,1.0,0.0,0
scidocs,0f9bacfc21069a07bf3135cb0e94d83014933260,markov_from_qrels,qrels,26,1.0,1.0,0.25,1.0,0.0,0
scidocs,4f9b4c1ac6e1b2f417809009aff2fc11300cc855,markov_from_qrels,qrels,27,1.0,1.0,0.25,1.0,0.0,0
scidocs,c24fc81dcec236527652eab35154ac0fd7a40929,markov_from_qrels,qrels,28,1.0,1.0,0.25,1.0,0.0,0
scidocs,de1cc9b99f95041a1da383b6920cbf2907e0981a,markov_from_qrels,qrels,26,1.0,1.0,0.25,1.0,0.0,0
scidocs,e48e9cf407af2694ecfefd441c2c28faffdf0835,markov_from_qrels,qrels,27,1.0,1.0,0.25,1.0,0.0,0
scidocs,ebf4ef0701e6f6c2050e5bed0be54fd4d8a1d991,markov_from_qrels,qrels,25,1.0,1.0,0.25,1.0,0.0,0
scidocs,484550334c626a749bada57e51a0db4a29085f87,markov_from_qrels,qrels,23,1.0,1.0,0.25,1.0,0.0,0
scidocs,a9d7e7e918a68d1b95c6c6b29f7fabbbe01010f7,markov_from_qrels,qrels,26,1.0,1.0,0.25,1.0,0.0,0
scidocs,57ad8dfb71589360810da83efce67b4cab2ff380,markov_from_qrels,qrels,25,1.0,1.0,0.25,1.0,0.0,0
scidocs,6999766629d4103b9a00bc20a8e0df0c9d12d7da,markov_from_qrels,qrels,26,1.0,1.0,0.25,1.0,0.0,0
scidocs,567909486e73156699a19a2c5e6f44ded727941f,markov_from_qrels,qrels,25,1.0,1.0,0.25,1.0,0.0,0
scidocs,45191391555865feed98e04dde63358dd1111839,markov_from_qrels,qrels,25,1.0,1.0,0.25,1.0,0.0,0
scidocs,9ddda6862a8eefbb04682b449eefd6f37a45949e,markov_from_qrels,qrels,24,1.0,1.0,0.2,1.0,0.0,0
scidocs,b158953a73fc7f023e16b430150968b6f237c806,markov_from_qrels,qrels,26,1.0,1.0,0.25,1.0,0.0,0
scidocs,e567e0ae41ac2b757b1e069c6d345c6a7413d9c1,markov_from_qrels,qrels,27,1.0,1.0,0.25,1.0,0.0,0
scidocs,6930ea33403a3518080e819d138047a80618a075,markov_from_qrels,qrels,27,1.0,1.0,0.25,1.0,0.0,0
scidocs,77b47c27f82bf9998fa49a5c4c670d96d43164d0,markov_from_qrels,qrels,27,1.0,1.0,0.25,1.0,0.0,0
scidocs,901a4c9388b3cb9d30edc3e4a7ea7efb0b4e228b,markov_from_qrels,qrels,26,1.0,1.0,0.25,1.0,0.0,0
scidocs,71d4e703201c98c9c9b44079600e289f234f09f2,markov_from_qrels,qrels,28,1.0,1.0,0.25,1.0,0.0,0
scidocs,2a8bcf35e6b5b3910eea160b3a1fb3e6bcb3966e,markov_from_qrels,qrels,26,1.0,1.0,0.25,1.0,0.0,0
scidocs,38ca15193faef0ab90e6cab5b82be5f7f1a83d67,markov_from_qrels,qrels,26,1.0,1.0,0.25,1.0,0.0,0
scidocs,a2081b75867cb8c461530a0e71d4be1b4afe78a2,markov_from_qrels,qrels,26,1.0,1.0,0.25,1.0,0.0,0
scidocs,afa13588cd866ec23cc71d634becbd507ea61093,markov_from_qrels,qrels,25,1.0,1.0,0.25,1.0,0.0,0
scidocs,831e3f18d25cc65b6cd18f21ca5ad57bdc53cfce,markov_from_qrels,qrels,23,1.0,1.0,0.25,1.0,0.0,0
scidocs,23ce229565447f22d5ef2b6d7cbd6d8003254ac2,markov_from_qrels,qrels,26,1.0,1.0,0.25,1.0,0.0,0
scidocs,8a93cd1b6fbf7c8c86637bae18d979dafeb9a7c1,markov_from_qrels,qrels,24,1.0,1.0,0.25,1.0,0.0,0
scidocs,566e31a4ad34b39b6d8a1953d77d9f74da135a2a,markov_from_qrels,qrels,26,1.0,1.0,0.25,1.0,0.0,0
scidocs,f69885248d17bac47cc3469715fbb93aa7a4aabe,markov_from_qrels,qrels,26,1.0,1.0,0.25,1.0,0.0,0
scidocs,a152205a7d745afa335322587e8f78c8e5e85111,markov_from_qrels,qrels,26,1.0,1.0,0.25,1.0,0.0,0
scidocs,50d388989d9b25754ef9dc5663e85eaf64a17d24,markov_from_qrels,qrels,27,1.0,1.0,0.25,1.0,0.0,0
scidocs,c6879cc784625e795f0097f479d136dc489104ce,markov_from_qrels,qrels,25,1.0,1.0,0.25,1.0,0.0,0
scidocs,59dca5c15c275f26c7ae34fc940449aeb918c68b,markov_from_qrels,qrels,26,1.0,1.0,0.25,1.0,0.0,0
scidocs,162991b10e2633c237ba2d4220c040f09c1679c1,markov_from_qrels,qrels,26,1.0,1.0,0.25,1.0,0.0,0
scidocs,e2af314b238088588eebb94210535e31d5f647e1,markov_from_qrels,qrels,25,1.0,1.0,0.25,1.0,0.0,0
scidocs,71ac664ca2cbc5c463da3ed07a1573f88e2e28f0,markov_from_qrels,qrels,26,1.0,1.0,0.25,1.0,0.0,0
scidocs,663e06e02a306660ef508aaf2ffaf523c6e96088,markov_from_qrels,qrels,26,1.0,1.0,0.25,1.0,0.0,0
scidocs,37fefbdf740577306928ff2f0c810fb3a96183b2,markov_from_qrels,qrels,26,1.0,1.0,0.25,1.0,0.0,0
scidocs,96dd2785bc42ea77a3afa65701d55212570a76ff,markov_from_qrels,qrels,25,1.0,1.0,0.25,1.0,0.0,0
scidocs,b7d0e2a5229d4ec65182c783259a2eeb67a6a873,markov_from_qrels,qrels,25,1.0,1.0,0.25,1.0,0.0,0
scidocs,9af1f7b6d79e6ce314d1842a8d32402328fcaca7,markov_from_qrels,qrels,26,1.0,1.0,0.25,1.0,0.0,0
scidocs,1e12fb38bfc2c7aa86806f87df4cdaf035f92fb7,markov_from_qrels,qrels,26,1.0,1.0,0.25,1.0,0.0,0
scidocs,92a0cf2085013da3fe1fea2090d1bbabcabbf5be,markov_from_qrels,qrels,27,1.0,1.0,0.25,1.0,0.0,0
scidocs,fdd141a4fffc490fb3ab570c28b8a1f2dd80a15f,markov_from_qrels,qrels,26,1.0,1.0,0.25,1.0,0.0,0
scidocs,4b80771429b786ea87740738378ba1eb1504a57f,markov_from_qrels,qrels,26,1.0,1.0,0.25,1.0,0.0,0
scidocs,44872f2260ae42c162c2e8ed428c852f5e05fa24,markov_from_qrels,qrels,26,1.0,1.0,0.25,1.0,0.0,0
scidocs,1f157f2b144528924eec46d9316bd5517352b89a,markov_from_qrels,qrels,25,1.0,1.0,0.25,1.0,0.0,0
scidocs,1475d10a7b5d777fb411cdbb2740f574e32fd2f6,markov_from_qrels,qrels,28,1.0,1.0,0.25,1.0,0.0,0
scidocs,47c7c17b7df3732af69d2702929a65a05c1d3d3f,markov_from_qrels,qrels,25,1.0,1.0,0.25,1.0,0.0,0
scidocs,6c89453c09abde95d998f5acd244f00519472ee0,markov_from_qrels,qrels,25,1.0,1.0,0.25,1.0,0.0,0
scidocs,fa8042d025895e22af2d9df3ffb9f67438610fcc,markov_from_qrels,qrels,25,1.0,1.0,0.25,1.0,0.0,0
scidocs,d145274d03a6374c77de64fb70602ddef393e4d9,markov_from_qrels,qrels,27,1.0,1.0,0.25,1.0,0.0,0
scidocs,da803152928a3b98ef21a81a6675e7b51852510e,markov_from_qrels,qrels,26,1.0,1.0,0.25,1.0,0.0,0
scidocs,52d4649f2840e410b5a6681f094dab5e7d3e1db0,markov_from_qrels,qrels,25,1.0,1.0,0.25,1.0,0.0,0
scidocs,280c96ea1644257069e16660a6a3a3a53f25858e,markov_from_qrels,qrels,26,1.0,1.0,0.25,1.0,0.0,0
scidocs,068a88330c93a41058d6e04e576d7e1a21dc6ee7,markov_from_qrels,qrels,25,1.0,1.0,0.25,1.0,0.0,0
scidocs,4ceb63d79341ba3caa08bd1c6c141478d32a8244,markov_from_qrels,qrels,26,1.0,1.0,0.25,1.0,0.0,0
scidocs,73f38c530a041f81d48cadd067246af448a6a24e,markov_from_qrels,qrels,25,1.0,1.0,0.25,1.0,0.0,0
scidocs,6c88fd5d06ea6e0a2b1ad38b038655f405bc0613,markov_from_qrels,qrels,27,1.0,1.0,0.25,1.0,0.0,0
scidocs,8c872ecd87945e71fcd9fa1b6cb1133cfe805bf2,markov_from_qrels,qrels,27,1.0,1.0,0.2,1.0,0.0,0
scidocs,a29afef550bf4edbf3293a50ef3fdb785ff1e5a3,markov_from_qrels,qrels,29,1.0,1.0,0.25,1.0,0.0,0
scidocs,0c8a029180e8ee5a7a8c886738576b12d3f6530d,markov_from_qrels,qrels,23,1.0,1.0,0.25,1.0,0.0,0
scidocs,2e08d3ec08069ef41059cc3da6bc4d390eaf6e01,markov_from_qrels,qrels,25,1.0,1.0,0.25,1.0,0.0,0
scidocs,53a124b727d34c56ff3fe335c24ff8ec975516be,markov_from_qrels,qrels,24,1.0,1.0,0.25,1.0,0.0,0
scidocs,d7c0189c35a3ee56b13b0488f925df1152a8cfd4,markov_from_qrels,qrels,29,1.0,1.0,0.25,1.0,0.0,0
scidocs,271a4077c037b86fb7daf6bff3e66682322ff7d7,markov_from_qrels,qrels,26,1.0,1.0,0.25,1.0,0.0,0
scidocs,212d7af298a4bd9090b834293067d2f091a95cfc,markov_from_qrels,qrels,26,1.0,1.0,0.25,1.0,0.0,0
scidocs,5f98a36570d428d510e9de699b97f4e2c63d7980,markov_from_qrels,qrels,27,1.0,1.0,0.25,1.0,0.0,0
scidocs,f25ba2cbb101685727b646cbdbcddca4ecd465b4,markov_from_qrels,qrels,28,1.0,1.0,0.25,1.0,0.0,0
scidocs,2170636d5d31eb461618b5da10f4473c67e74e73,markov_from_qrels,qrels,26,1.0,1.0,0.25,1.0,0.0,0
scidocs,f824f0f5e28e434e1b5897153697816dd906ca8e,markov_from_qrels,qrels,25,1.0,1.0,0.25,1.0,0.0,0
scidocs,120f80b2e2b2ce2fefdf0de644f5ee84c8647bb2,markov_from_qrels,qrels,26,1.0,1.0,0.25,1.0,0.0,0
scidocs,b9d502d98e3bb19f8179a4363e3f28c6b6def7a8,markov_from_qrels,qrels,27,1.0,1.0,0.25,1.0,0.0,0
scidocs,435a709ae1d1b0bbdcacbd3965a05d56c14e752c,markov_from_qrels,qrels,27,1.0,1.0,0.2,1.0,0.0,0
scidocs,fe5cc6e84dc223580c0e1729614cfaa8320c5728,markov_from_qrels,qrels,25,1.0,1.0,0.25,1.0,0.0,0
scidocs,78878e95797e03d4968b09f40979585b6c56dac3,markov_from_qrels,qrels,25,1.0,1.0,0.25,1.0,0.0,0
scidocs,b9413a51b6865a0a2c21993e87428afa76aba440,markov_from_qrels,qrels,28,1.0,1.0,0.25,1.0,0.0,0
scidocs,335ad0ff82c728aca99fb0059c607cb18129526f,markov_from_qrels,qrels,25,1.0,1.0,0.25,1.0,0.0,0
scidocs,8e85c7ad6cd0986225e63dc1b4264b3e084b3f9b,markov_from_qrels,qrels,28,1.0,1.0,0.25,1.0,0.0,0
scidocs,c28b8b5e57bab5c8fa91654c7137c1dd21b3da18,markov_from_qrels,qrels,27,1.0,1.0,0.25,1.0,0.0,0
scidocs,7ff20fc82c95eda6645ff2570279251bb8435ec5,markov_from_qrels,qrels,27,1.0,1.0,0.2,1.0,0.0,0
scidocs,7600ac55ddd8d955eeb96c12b226f1a2bc9e8817,markov_from_qrels,qrels,25,1.0,1.0,0.15,1.0,0.0,0
scidocs,ccdc79b2aec687beef2cd3526cf47dd79b9ec220,markov_from_qrels,qrels,26,1.0,1.0,0.25,1.0,0.0,0
scidocs,725f8182eac9bd6f9fa428ba90f43cbce891ac78,markov_from_qrels,qrels,28,1.0,1.0,0.25,1.0,0.0,0
scidocs,1ba7a9c0e658a0d98253f999bf43c2e98c07f4e0,markov_from_qrels,qrels,26,1.0,1.0,0.25,1.0,0.0,0
scidocs,6d1a69023e48422b25202a5ad823d12975291666,markov_from_qrels,qrels,24,1.0,1.0,0.25,1.0,0.0,0
scidocs,20704643278111342011c702aedf66c04a2c8e63,markov_from_qrels,qrels,26,1.0,1.0,0.25,1.0,0.0,0
scidocs,071f47b7bc5830643e31dbed82e0375bf9b26559,markov_from_qrels,qrels,25,1.0,1.0,0.2,1.0,0.0,0
scidocs,e0a8b67880070624ef8787a08bbbd5aa178d65ac,markov_from_qrels,qrels,26,1.0,1.0,0.25,1.0,0.0,0
scidocs,1bf06b2bbf53089180fd3676720d80cbaed5975d,markov_from_qrels,qrels,24,1.0,1.0,0.25,1.0,0.0,0
scidocs,89bb989b6ec9fe52fcbcc94bf0923a14ed6bf245,markov_from_qrels,qrels,26,1.0,1.0,0.25,1.0,0.0,0
scidocs,0f10c6f57e7b640a2e89e94b5ca7d2b0d46d3925,markov_from_qrels,qrels,25,1.0,1.0,0.25,1.0,0.0,0
scidocs,d4d19261e9047b54e14d38cd99cd0f27dc9d0926,markov_from_qrels,qrels,27,1.0,1.0,0.25,1.0,0.0,0
scidocs,81efd70fcc216b6528d48efa758671d9862b21c3,markov_from_qrels,qrels,25,1.0,1.0,0.25,1.0,0.0,0
scidocs,027e7780dbda48d99f3654e77b4a63063224950e,markov_from_qrels,qrels,29,1.0,1.0,0.25,1.0,0.0,0
scidocs,e66ab9039b49b6dd0ecce124a71f1044750107d2,markov_from_qrels,qrels,27,1.0,1.0,0.2,1.0,0.0,0
scidocs,937d42a0ab3f703e7041e277804e0b34bbe6bacb,markov_from_qrels,qrels,26,1.0,1.0,0.15,1.0,0.0,0
scidocs,63e1dffc19c3b4e99ae22ec60d10eaaafd608bcb,markov_from_qrels,qrels,25,1.0,1.0,0.25,1.0,0.0,0
scidocs,aa50a595878ee67d0eb0a9b0f17a6132c0552434,markov_from_qrels,qrels,26,1.0,1.0,0.25,1.0,0.0,0
scidocs,2a88541448be2eb1b953ac2c0c54da240b47dd8a,markov_from_qrels,qrels,25,1.0,1.0,0.25,1.0,0.0,0
scidocs,b3c8eeed23cc8b472ceefe64888a2036dd7df4d2,markov_from_qrels,qrels,26,1.0,1.0,0.25,1.0,0.0,0
scidocs,8f03f545ff791a70455ad4624208357e41dcfc0c,markov_from_qrels,qrels,23,1.0,1.0,0.25,1.0,0.0,0
scidocs,81da438cb67600f6cb2920021e2327bb4c1d482d,markov_from_qrels,qrels,27,1.0,1.0,0.25,1.0,0.0,0
scidocs,04ca5de59edbdd49a9c0502c58331524d220bc8c,markov_from_qrels,qrels,26,1.0,1.0,0.25,1.0,0.0,0
scidocs,b095b4625733f8521439e54db09bed2b9970a808,markov_from_qrels,qrels,25,1.0,1.0,0.25,1.0,0.0,0
scidocs,e1f53305791150a2109b7070bd7dce8071aafac7,markov_from_qrels,qrels,26,1.0,1.0,0.25,1.0,0.0,0
scidocs,763490c13a138523b98e7646ef0fa81d6b5e5a22,markov_from_qrels,qrels,26,1.0,1.0,0.25,1.0,0.0,0
scidocs,822535c409890de3aae74b49b2bd8d4a59832fba,markov_from_qrels,qrels,27,1.0,1.0,0.25,1.0,0.0,0
scidocs,1f576e4cfe7c5426e383cd06608411e81b509feb,markov_from_qrels,qrels,24,1.0,1.0,0.25,1.0,0.0,0
scidocs,2a6300ea9db239f190cb3d8cba4e45a7c0b1c710,markov_from_qrels,qrels,25,1.0,1.0,0.25,1.0,0.0,0
scidocs,0229829e9a1eed5769a2b5eccddcaa7cd9460b92,markov_from_qrels,qrels,26,1.0,1.0,0.25,1.0,0.0,0
scidocs,64982c97190bbd8b70beeed572392d0f308a93c2,markov_from_qrels,qrels,28,1.0,1.0,0.25,1.0,0.0,0
scidocs,0588053b2cde6414e542c656023ade147397f597,markov_from_qrels,qrels,25,1.0,1.0,0.25,1.0,0.0,0
scidocs,2ecad6cdccc33f707dfe4334883538918de50bb8,markov_from_qrels,qrels,26,1.0,1.0,0.25,1.0,0.0,0
scidocs,0f5d0494c0ddaa32b5072dec141a9a79104d967b,markov_from_qrels,qrels,26,1.0,1.0,0.25,1.0,0.0,0
scidocs,5d3bae2e2d5102187a4abfb3d89da5ad00745f18,markov_from_qrels,qrels,26,1.0,1.0,0.25,1.0,0.0,0
scidocs,431bbc47ce90f5e0eb8388fa80b0cc4d7c26ab76,markov_from_qrels,qrels,25,1.0,1.0,0.25,1.0,0.0,0
scidocs,490ec36471275164d104f155ef7ebbc70c5f7eea,markov_from_qrels,qrels,25,1.0,1.0,0.25,1.0,0.0,0
scidocs,2a65434d43ffa6554eaf14b728780919ad4f33eb,markov_from_qrels,qrels,26,1.0,1.0,0.25,1.0,0.0,0
scidocs,999c4ffe9ccf530e62c60fac1271a3787b2c20a9,markov_from_qrels,qrels,27,1.0,1.0,0.2,1.0,0.0,0
scidocs,3a63667284dc8b9687ed1620406030bfe39af3c9,markov_from_qrels,qrels,24,1.0,1.0,0.25,1.0,0.0,0
scidocs,958ebc7e24012b419316489515f2c2f908773bd5,markov_from_qrels,qrels,25,1.0,1.0,0.25,1.0,0.0,0
scidocs,c52a6f0bfca069a0a083ddbc60a3b0d782067cbd,markov_from_qrels,qrels,25,1.0,1.0,0.25,1.0,0.0,0
scidocs,337f48a82d9d2739d35b41cfc4e8cd3dc906639d,markov_from_qrels,qrels,26,1.0,1.0,0.25,1.0,0.0,0
scidocs,c1af0af74d9227591f4464d09d3d4c077e3f53df,markov_from_qrels,qrels,23,1.0,1.0,0.25,1.0,0.0,0
scidocs,9de5cc4b40216b12b4c8fc6c8030bcf5590d03f6,markov_from_qrels,qrels,28,1.0,1.0,0.25,1.0,0.0,0
scidocs,c3dafc91e315d27933b6420be2a77f5639881213,markov_from_qrels,qrels,24,1.0,1.0,0.25,1.0,0.0,0
scidocs,6f3b604e98cf705c73c8685aae6c0e911a22a26b,markov_from_qrels,qrels,26,1.0,1.0,0.25,1.0,0.0,0
scidocs,505942c5f9b5779bda2859e22e9ed0b1c0c7b54a,markov_from_qrels,qrels,26,1.0,1.0,0.25,1.0,0.0,0
scidocs,cae23343d2efddca3592b08a521a896af5098248,markov_from_qrels,qrels,26,1.0,1.0,0.25,1.0,0.0,0
scidocs,349fd2000d792b53471cfd98decfd2cb5df5ac7d,markov_from_qrels,qrels,26,1.0,1.0,0.25,1.0,0.0,0
scidocs,8f8e0e4eca7cbc30cddea7f92d1dc0293342e9bb,markov_from_qrels,qrels,27,1.0,1.0,0.25,1.0,0.0,0
scidocs,f14069aaa8b234dfafd3292863c0e610288fbc80,markov_from_qrels,qrels,27,1.0,1.0,0.25,1.0,0.0,0
scidocs,83af09784042dcac564a82f28cfa3a11519db882,markov_from_qrels,qrels,26,1.0,1.0,0.25,1.0,0.0,0
scidocs,3be10c45163c61dfb9f250412699b3f8cb0ada1d,markov_from_qrels,qrels,26,1.0,1.0,0.25,1.0,0.0,0
scidocs,2bd338ef8751b62d23e53fbb44d67042d634da2f,markov_from_qrels,qrels,28,1.0,1.0,0.25,1.0,0.0,0
scidocs,03d23160e7066e5adab0d55779287e3c4982b9d5,markov_from_qrels,qrels,25,1.0,1.0,0.2,1.0,0.0,0
scidocs,6097c33a382c62a44379926ee96b23b51dba49c4,markov_from_qrels,qrels,28,1.0,1.0,0.25,1.0,0.0,0
scidocs,350db81caaa9c8dc1572f97d90bb8e13b0100bbb,markov_from_qrels,qrels,27,1.0,1.0,0.25,1.0,0.0,0
scidocs,129397ed6557da93db5ba18cf112ee7b0a7927d8,markov_from_qrels,qrels,27,1.0,1.0,0.25,1.0,0.0,0
scidocs,7989208727ceb32b10a51682a116ce762691daa6,markov_from_qrels,qrels,27,1.0,1.0,0.25,1.0,0.0,0
scidocs,26ebc1b9e21db68d5abf01acd2a0c38d260c65a1,markov_from_qrels,qrels,25,1.0,1.0,0.25,1.0,0.0,0
scidocs,40c3f90f0abf842ee6f6009c414fde4f86b82005,markov_from_qrels,qrels,28,1.0,1.0,0.25,1.0,0.0,0
scidocs,703099734f70f0cc00773ee54b4385f89afa7afe,markov_from_qrels,qrels,25,1.0,1.0,0.25,1.0,0.0,0
scidocs,4844e73b6f94f81455d1303cdb9621f1cf394e96,markov_from_qrels,qrels,26,1.0,1.0,0.25,1.0,0.0,0
scidocs,9fc4bae3e7ad7c9646c5e38b093d667947bba78d,markov_from_qrels,qrels,27,1.0,1.0,0.25,1.0,0.0,0
scidocs,4649e3279edf653135f1f31da3e242ba451a93de,markov_from_qrels,qrels,24,1.0,1.0,0.25,1.0,0.0,0
scidocs,66ef0f611b2b5b22dd3eb13a144c0e7d3286623a,markov_from_qrels,qrels,27,1.0,1.0,0.25,1.0,0.0,0
scidocs,375dc2acc3f54cb0d386dbc2d969366e32d2839f,markov_from_qrels,qrels,24,1.0,1.0,0.25,1.0,0.0,0
scidocs,cf9d4048d39c63d96433b6f45fb6a951b0308607,markov_from_qrels,qrels,24,1.0,1.0,0.25,1.0,0.0,0
scidocs,3d9180d48a6c19eb59f5ba6cef378720758b2ed3,markov_from_qrels,qrels,25,1.0,1.0,0.25,1.0,0.0,0
scidocs,6745710034803993433dd42001a860d70c99f75c,markov_from_qrels,qrels,26,1.0,1.0,0.25,1.0,0.0,0
scidocs,de1505819e145b5c22a6e09002510413019f7228,markov_from_qrels,qrels,25,1.0,1.0,0.25,1.0,0.0,0
scidocs,b489d537d5523ab2351c866835a4d03194eb2414,markov_from_qrels,qrels,26,1.0,1.0,0.25,1.0,0.0,0
scidocs,7c080093943b2001224ac6608436c83d82a79a83,markov_from_qrels,qrels,27,1.0,1.0,0.25,1.0,0.0,0
scidocs,281b6888d5df1dddb350fac4e9be5c8272519109,markov_from_qrels,qrels,26,1.0,1.0,0.25,1.0,0.0,0
scidocs,7e3b5f0ffec62944f4b97a50553a12a39f54ba4a,markov_from_qrels,qrels,28,1.0,1.0,0.25,1.0,0.0,0
scidocs,8fad88b5678bfecab78d0d6389f649ccfb310d22,markov_from_qrels,qrels,26,1.0,1.0,0.25,1.0,0.0,0
scidocs,600994f3d8caad52145cc65bf1bfcd883b74a813,markov_from_qrels,qrels,27,1.0,1.0,0.2,1.0,0.0,0
scidocs,ceb688c5ed7cca450dd52442edfb5ca2392a8b74,markov_from_qrels,qrels,27,1.0,1.0,0.25,1.0,0.0,0
scidocs,03725753e46ee9b13cbdfa78c9b62700d4cc2956,markov_from_qrels,qrels,26,1.0,1.0,0.25,1.0,0.0,0
scidocs,2b234385356cb10d448908cef49584bece15d94b,markov_from_qrels,qrels,26,1.0,1.0,0.2,1.0,0.0,0
scidocs,603d0764234f5a35036dc9620f13e144a45ffc21,markov_from_qrels,qrels,26,1.0,1.0,0.25,1.0,0.0,0
scidocs,79e13ff4a21f13d3839422568274ea84a9fe42b5,markov_from_qrels,qrels,25,1.0,1.0,0.25,1.0,0.0,0
scidocs,08c970df2d62d4bc27e65e8c389a0227a41109a5,markov_from_qrels,qrels,27,1.0,1.0,0.25,1.0,0.0,0
scidocs,83591848730f3fc7f208d4646ed4338c237bd161,markov_from_qrels,qrels,27,1.0,1.0,0.25,1.0,0.0,0
scidocs,5a4b46ef8898610ab16a1ced6f4a976db0f1962c,markov_from_qrels,qrels,26,1.0,1.0,0.25,1.0,0.0,0
scidocs,3d23666c6d97d6ba3c86044d83c697821084bed6,markov_from_qrels,qrels,26,1.0,1.0,0.25,1.0,0.0,0
scidocs,64abfbc0b66ec8579a92a33dca19e92bc2095ea2,markov_from_qrels,qrels,23,1.0,1.0,0.15,1.0,0.0,0
scidocs,b8c7a947bda15a4f8a4b2f5e8cb8cd35a193fe4c,markov_from_qrels,qrels,25,1.0,1.0,0.25,1.0,0.0,0
scidocs,522ef548c054fd03109ff1886d243a11ce6d1e2a,markov_from_qrels,qrels,26,1.0,1.0,0.25,1.0,0.0,0
scidocs,a8a4cf29c7483f5eed5aa808df2225661506e1b4,markov_from_qrels,qrels,27,1.0,1.0,0.25,1.0,0.0,0
scidocs,59aa88a5648e602d4e9aa4e9f12dedd112126bf7,markov_from_qrels,qrels,26,1.0,1.0,0.2,1.0,0.0,0
scidocs,11f7d9b2017abd46c756df533618d2c4326fd3cb,markov_from_qrels,qrels,26,1.0,1.0,0.25,1.0,0.0,0
scidocs,7a373793804ea9813d64641919e14841f927c38f,markov_from_qrels,qrels,25,1.0,1.0,0.25,1.0,0.0,0
scidocs,824ca251d71258bdac66af55966b8ce39cf3042f,markov_from_qrels,qrels,28,1.0,1.0,0.25,1.0,0.0,0
scidocs,7c88a0f765ce3c9025345cf133251cb947fe6ee5,markov_from_qrels,qrels,25,1.0,1.0,0.25,1.0,0.0,0
scidocs,a644a3ab091cc30897a707997c43fd4e5dc395b5,markov_from_qrels,qrels,25,1.0,1.0,0.25,1.0,0.0,0
scidocs,0b40af1ad2b9781fa14e999db2d7d3270b6d2862,markov_from_qrels,qrels,25,1.0,1.0,0.25,1.0,0.0,0
scidocs,d8643f4ada0b138bcbe210f84735eac87b220a07,markov_from_qrels,qrels,24,1.0,1.0,0.25,1.0,0.0,0
scidocs,901c7f0cbf7701c66921c918e553d2ecfbb4df34,markov_from_qrels,qrels,24,1.0,1.0,0.2,1.0,0.0,0
scidocs,d27272027cd84341070fd4b7eb7e03dcb514d93f,markov_from_qrels,qrels,29,1.0,1.0,0.25,1.0,0.0,0
scidocs,1fd7fc06653723b05abe5f3d1de393ddcf6bdddb,markov_from_qrels,qrels,26,1.0,1.0,0.25,1.0,0.0,0
scidocs,5437b5cfb0f8eda908559a16e7ed7d7b64be641b,markov_from_qrels,qrels,28,1.0,1.0,0.25,1.0,0.0,0
scidocs,67f9f2cf408b2cc593a9ddb17d74d2b3f72ee225,markov_from_qrels,qrels,27,1.0,1.0,0.25,1.0,0.0,0
scidocs,e8cda2c754670850ec722799640c6cb42dfb8199,markov_from_qrels,qrels,27,1.0,1.0,0.25,1.0,0.0,0
scidocs,c5f0a4418c1025ea8a21f0f997dfe7e4ce176594,markov_from_qrels,qrels,23,1.0,1.0,0.25,1.0,0.0,0
scidocs,1fdec82c846cb843a496e5edfec72787f34d308a,markov_from_qrels,qrels,26,1.0,1.0,0.25,1.0,0.0,0
scidocs,8e35888c532802145288d1b218ac8a684e3a6d0a,markov_from_qrels,qrels,28,1.0,1.0,0.25,1.0,0.0,0
scidocs,46b5188d0f11fcb62d95516bef94cdc929f0de40,markov_from_qrels,qrels,25,1.0,1.0,0.25,1.0,0.0,0
scidocs,a5f27c9cc188c15c0a7e019d666bed767d3c34d9,markov_from_qrels,qrels,27,1.0,1.0,0.25,1.0,0.0,0
scidocs,689f8d21021c0c9b9678d5a7903f9e9442380113,markov_from_qrels,qrels,27,1.0,1.0,0.25,1.0,0.0,0
scidocs,d535ec1a520ca6e29902fafa85b7ab81ad034c1d,markov_from_qrels,qrels,25,1.0,1.0,0.25,1.0,0.0,0
scidocs,472ebd8bc3808530274a49804b38e321cc5b4065,markov_from_qrels,qrels,26,1.0,1.0,0.25,1.0,0.0,0
scidocs,1d8465c3f5aee1b7a790f6eeb44637343861ba47,markov_from_qrels,qrels,25,1.0,1.0,0.25,1.0,0.0,0
scidocs,1e7021eb8e92066b972452a0ce5a54529ca4ba5a,markov_from_qrels,qrels,27,1.0,1.0,0.25,1.0,0.0,0
scidocs,c6c171d2a9be192d60af7b434e4ba2fcbbad7f48,markov_from_qrels,qrels,24,1.0,1.0,0.25,1.0,0.0,0
scidocs,580836f616cbba088996643634363a85e91cccee,markov_from_qrels,qrels,26,1.0,1.0,0.25,1.0,0.0,0
scidocs,e25e514011e2f31a3961aba227ebab437209a6a9,markov_from_qrels,qrels,28,1.0,1.0,0.25,1.0,0.0,0
scidocs,fe2533594e01b374ee12f8d450069b21b572a675,markov_from_qrels,qrels,28,1.0,1.0,0.25,1.0,0.0,0
scidocs,5e1b80b4774582b948c6dcd656daaba6724ffc2d,markov_from_qrels,qrels,26,1.0,1.0,0.25,1.0,0.0,0
scidocs,8653934b00dfb802a7dd066f8f52c5dd3b267831,markov_from_qrels,qrels,26,1.0,1.0,0.15,1.0,0.0,0
scidocs,39959bc480d2972d8bb925708e6e8ad59664bcdb,markov_from_qrels,qrels,25,1.0,1.0,0.15,1.0,0.0,0
scidocs,45a875e4bd1ec588997858876756098ef85b3d82,markov_from_qrels,qrels,26,1.0,1.0,0.25,1.0,0.0,0
scidocs,5cba21badc50adb5243662c54471011a4333d35e,markov_from_qrels,qrels,26,1.0,1.0,0.25,1.0,0.0,0
scidocs,2520c3d5d114974167561591a57f80e89650f862,markov_from_qrels,qrels,27,1.0,1.0,0.25,1.0,0.0,0
scidocs,43d547304f9cb0ff192e97c411f4ded9ddc01b5c,markov_from_qrels,qrels,27,1.0,1.0,0.25,1.0,0.0,0
scidocs,3f64d4fab50db41c0145759b7410fb4c8b977452,markov_from_qrels,qrels,24,1.0,1.0,0.25,1.0,0.0,0
scidocs,951450392f1e08b4dc96d814754a90f61d6151ae,markov_from_qrels,qrels,27,1.0,1.0,0.25,1.0,0.0,0
scidocs,924544f503070bb390cc51e4bac9cbb3171aa03f,markov_from_qrels,qrels,26,1.0,1.0,0.25,1.0,0.0,0
scidocs,4e546c43e5642ecdffd000406f0b35c1e3430a2c,markov_from_qrels,qrels,24,1.0,1.0,0.25,1.0,0.0,0
scidocs,101f6808a0244f725979e6e651bbef2f86410c1d,markov_from_qrels,qrels,27,1.0,1.0,0.25,1.0,0.0,0
scidocs,9d15d72485388b8c4a50f84f81a36cbaf912b090,markov_from_qrels,qrels,26,1.0,1.0,0.25,1.0,0.0,0
scidocs,c9dee006f3b6b2b30e422ad2fd8abb86c751376d,markov_from_qrels,qrels,25,1.0,1.0,0.25,1.0,0.0,0
scidocs,ea41155338edfcbf2891dbfc58698c34b03da068,markov_from_qrels,qrels,26,1.0,1.0,0.25,1.0,0.0,0
scidocs,9d4a4e6f8c14d5d2d0e96ab4893abb8ff706253a,markov_from_qrels,qrels,25,1.0,1.0,0.25,1.0,0.0,0
scidocs,a77e9f0bd205a7733431a6d1028f09f57f9f73b0,markov_from_qrels,qrels,26,1.0,1.0,0.25,1.0,0.0,0
scidocs,34cd1723dc4a58217222882f9c6a651ec5bcf7a4,markov_from_qrels,qrels,25,1.0,1.0,0.25,1.0,0.0,0
scidocs,3ae52be664a249f695988575f8affc1f466c1c87,markov_from_qrels,qrels,25,1.0,1.0,0.25,1.0,0.0,0
scidocs,14ee77995be77780bdba07fa7f1613fb5ad09409,markov_from_qrels,qrels,26,1.0,1.0,0.25,1.0,0.0,0
scidocs,ca464085b3da330f2ea895543a78c446a3af1bb6,markov_from_qrels,qrels,25,1.0,1.0,0.25,1.0,0.0,0
scidocs,d2d001e2a45614528cd014040becb67a80a1af8d,markov_from_qrels,qrels,27,1.0,1.0,0.25,1.0,0.0,0
scidocs,0cf7f818b313a7a16bb33960c6322199a2441e06,markov_from_qrels,qrels,27,1.0,1.0,0.25,1.0,0.0,0
scidocs,979d5c2924eeec9fc98ec9f3e4374ee0c2ddbd24,markov_from_qrels,qrels,26,1.0,1.0,0.25,1.0,0.0,0
scidocs,ebfe1e68abb1782a3d34df61f920375c8b2d6134,markov_from_qrels,qrels,26,1.0,1.0,0.25,1.0,0.0,0
scidocs,5aadc803228b70c3cc6b31e332770d47d7fb1e6e,markov_from_qrels,qrels,26,1.0,1.0,0.25,1.0,0.0,0
scidocs,5358924a48392d24e28afe850fa6849eaa1665d9,markov_from_qrels,qrels,24,1.0,1.0,0.25,1.0,0.0,0
scidocs,1cb77e2a09db58e9e8b37878c7de313d41e6f854,markov_from_qrels,qrels,25,1.0,1.0,0.25,1.0,0.0,0
scidocs,7220d7ec31f6dc6ad7030f601743b5392513a2d9,markov_from_qrels,qrels,25,1.0,1.0,0.25,1.0,0.0,0
scidocs,c2e6fde7addee6983243e487536d089e3b434810,markov_from_qrels,qrels,26,1.0,1.0,0.25,1.0,0.0,0
scidocs,ddbf21ca1de9617894b15d45787a27557f02a494,markov_from_qrels,qrels,26,1.0,1.0,0.25,1.0,0.0,0
scidocs,616b7093cfe6ec679f25d63f62c16e937227258f,markov_from_qrels,qrels,25,1.0,1.0,0.25,1.0,0.0,0
scidocs,ed19aa4eb626c3fc5a64b858bae5f2cdd71e1193,markov_from_qrels,qrels,26,1.0,1.0,0.25,1.0,0.0,0
scidocs,a4f5fd6f54e3a6222fbc5d8e0b7f85ce89d0237e,markov_from_qrels,qrels,26,1.0,1.0,0.25,1.0,0.0,0
scidocs,41b61cca52de9db6dcd6f36700cd0420cc7cd024,markov_from_qrels,qrels,25,1.0,1.0,0.25,1.0,0.0,0
scidocs,d68359c196ed7316b928b9dbeabe556cddbb2427,markov_from_qrels,qrels,26,1.0,1.0,0.25,1.0,0.0,0
scidocs,2ea78e128bec30fb1a623c55ad5d55bb99190bd2,markov_from_qrels,qrels,26,1.0,1.0,0.25,1.0,0.0,0
scidocs,e2f78d2f75a807b89a13115a206da4661361fa71,markov_from_qrels,qrels,26,1.0,1.0,0.25,1.0,0.0,0
scidocs,09d275d72bdd404df1270ca0d23574c10c27e4ac,markov_from_qrels,qrels,25,1.0,1.0,0.25,1.0,0.0,0
scidocs,d2be35d1221c29c3ffba998b91d68dfd7c5c65f0,markov_from_qrels,qrels,27,1.0,1.0,0.25,1.0,0.0,0
scidocs,ddaaf26fe78fa533bfa54e3835844168d688f164,markov_from_qrels,qrels,25,1.0,1.0,0.25,1.0,0.0,0
scidocs,1d1bc7c5ab704db04a72efb063fb1db6fc07f85c,markov_from_qrels,qrels,25,1.0,1.0,0.25,1.0,0.0,0
scidocs,063c6ae786c34d3722c6d9060df6339e246bbc3b,markov_from_qrels,qrels,25,1.0,1.0,0.25,1.0,0.0,0
scidocs,cb3d6142bfa0938aa6f8cb86697c40a7837c08f0,markov_from_qrels,qrels,25,1.0,1.0,0.25,1.0,0.0,0
scidocs,f852431fb190fdc6feb95e5bd319a58039519076,markov_from_qrels,qrels,27,1.0,1.0,0.25,1.0,0.0,0
scidocs,18422ae57ec0318fb4c200fdcf7c6e145208d792,markov_from_qrels,qrels,27,1.0,1.0,0.25,1.0,0.0,0
scidocs,1b44df3232099b13e3aac7fc5811a946133d6db6,markov_from_qrels,qrels,25,1.0,1.0,0.25,1.0,0.0,0
scidocs,636e8a004983a26647e11be23165bdae83a68a5a,markov_from_qrels,qrels,25,1.0,1.0,0.25,1.0,0.0,0
scidocs,eed682efa845495dd2563b5cf2797cb32f9bcac7,markov_from_qrels,qrels,25,1.0,1.0,0.25,1.0,0.0,0
scidocs,1bc5ea91875143e0526ac587b9c4aa6c64ceec98,markov_from_qrels,qrels,28,1.0,1.0,0.25,1.0,0.0,0
scidocs,54356ff0960100e27cf17ff682825bba2662e90c,markov_from_qrels,qrels,26,1.0,1.0,0.25,1.0,0.0,0
scidocs,0bfa2ab02f3c9a9fe06fcebf34bd8f371e206512,markov_from_qrels,qrels,25,1.0,1.0,0.2,1.0,0.0,0
scidocs,26b90ccf7541fd2cd4235118493e1e49d358c351,markov_from_qrels,qrels,25,1.0,1.0,0.25,1.0,0.0,0
scidocs,45fdc73a239e9c6ea65e98c96f6a2d6dc35d6f72,markov_from_qrels,qrels,26,1.0,1.0,0.25,1.0,0.0,0
scidocs,4715401473dca02ebaa5bdd4d4003705ed91c380,markov_from_qrels,qrels,27,1.0,1.0,0.25,1.0,0.0,0
scidocs,d6be438df373dedf06d6c062596d4e40f59b022c,markov_from_qrels,qrels,26,1.0,1.0,0.25,1.0,0.0,0
scidocs,3aba958809c43b0af8df66e5338d9310549eeb58,markov_from_qrels,qrels,25,1.0,1.0,0.25,1.0,0.0,0
scidocs,208d2d6ae61955d93b13a5a497c10ba8c7086e87,markov_from_qrels,qrels,27,1.0,1.0,0.25,1.0,0.0,0
scidocs,0bbdd4905f23994e0b5a0d91fc332b2af336f1e8,markov_from_qrels,qrels,27,1.0,1.0,0.25,1.0,0.0,0
scidocs,74c472360ec199703b5e460308bf5ed29e38f67b,markov_from_qrels,qrels,26,1.0,1.0,0.25,1.0,0.0,0
scidocs,13c47ed140cc36191678a48b3115939cd0aa8314,markov_from_qrels,qrels,27,1.0,1.0,0.25,1.0,0.0,0
scidocs,52d67b1ffaa5a135ff401e1ee0a2ff18571f2ce1,markov_from_qrels,qrels,25,1.0,1.0,0.25,1.0,0.0,0
scidocs,78ed1c69f4f5f5b56cbb9432ee06a2cf71d162e2,markov_from_qrels,qrels,29,1.0,1.0,0.25,1.0,0.0,0
scidocs,fcce89d4b212d5ba5ffd2c84498bad8275505d84,markov_from_qrels,qrels,26,1.0,1.0,0.25,1.0,0.0,0
scidocs,d15f8891e586a9c19c9fc30fa636e764c9eeaff9,markov_from_qrels,qrels,27,1.0,1.0,0.25,1.0,0.0,0
scidocs,4bec8908ef97074b4f9a0f1c1693e58e867ff19d,markov_from_qrels,qrels,27,1.0,1.0,0.25,1.0,0.0,0
scidocs,5a4b138603821d758d5e51c8f8fb0ff1696901d7,markov_from_qrels,qrels,25,1.0,1.0,0.25,1.0,0.0,0
scidocs,318e36796798d173020e2c92ea4188b60d84a450,markov_from_qrels,qrels,27,1.0,1.0,0.25,1.0,0.0,0
scidocs,fd4677e1b2cd0cba66ab4a64cbd1fe015d3a742b,markov_from_qrels,qrels,26,1.0,1.0,0.25,1.0,0.0,0
scidocs,2561aa198e3a7a0b507122f543acafa80481e1b9,markov_from_qrels,qrels,26,1.0,1.0,0.25,1.0,0.0,0
scidocs,49aa693db2d6d6a9486a9c9b6e1ac653fe12ab97,markov_from_qrels,qrels,25,1.0,1.0,0.25,1.0,0.0,0
scidocs,87601a4866373c63b4fd070214cab8b40b50058c,markov_from_qrels,qrels,25,1.0,1.0,0.25,1.0,0.0,0
scidocs,e27aff8fffd4ad43275d355202a135f848be0e76,markov_from_qrels,qrels,26,1.0,1.0,0.25,1.0,0.0,0
scidocs,6c42c5d99cd594da9fd18c5fdb67e015455dde6e,markov_from_qrels,qrels,25,1.0,1.0,0.25,1.0,0.0,0
scidocs,64ddfb947878347a30610b6ca2314fe2bac96a4a,markov_from_qrels,qrels,24,1.0,1.0,0.2,1.0,0.0,0
scidocs,195a5a538eacb89dcd4cf3fe2c0600ea61dbd15e,markov_from_qrels,qrels,25,1.0,1.0,0.25,1.0,0.0,0
scidocs,d2662c5f2b4aca17f7e9ce70074d2eb829b4f38d,markov_from_qrels,qrels,26,1.0,1.0,0.25,1.0,0.0,0
scidocs,23a7c8d9f142184d28e56b0751e172fef6539275,markov_from_qrels,qrels,29,1.0,1.0,0.25,1.0,0.0,0
scidocs,68cc5038a4937b96f1bf127dd574ac7b713bfa72,markov_from_qrels,qrels,28,1.0,1.0,0.25,1.0,0.0,0
scidocs,3dcc819e642beafccd3f6bffa434767d1a818eb1,markov_from_qrels,qrels,26,1.0,1.0,0.25,1.0,0.0,0
scidocs,2d52f69dd4686a3e66f5a8a1650a24bcea43530e,markov_from_qrels,qrels,27,1.0,1.0,0.25,1.0,0.0,0
scidocs,23386571ed332e4a465c0a6fa899f310caa217c8,markov_from_qrels,qrels,26,1.0,1.0,0.25,1.0,0.0,0
scidocs,849534526c074568abbfd6daf45c3532b0a18133,markov_from_qrels,qrels,26,1.0,1.0,0.25,1.0,0.0,0
scidocs,b4333da9831681151015f61b46aff3843eeb5847,markov_from_qrels,qrels,26,1.0,1.0,0.25,1.0,0.0,0
scidocs,fcd16bfffd4131b2f41f90b4c832415aea55038b,markov_from_qrels,qrels,26,1.0,1.0,0.25,1.0,0.0,0
scidocs,542215d9c86220acd32dbe07a4fcd882c3912952,markov_from_qrels,qrels,26,1.0,1.0,0.25,1.0,0.0,0
scidocs,c2e57b2871fdfd06566820c5329815ac06f66197,markov_from_qrels,qrels,26,1.0,1.0,0.25,1.0,0.0,0
scidocs,95a6d727526421dc176cfc831d4413ea3487e4f0,markov_from_qrels,qrels,28,1.0,1.0,0.25,1.0,0.0,0
scidocs,c46d80f83813fba0e8363a0ab36a19fba062540e,markov_from_qrels,qrels,25,1.0,1.0,0.25,1.0,0.0,0
scidocs,7a26676a07796e2b910dd556c6691d264a7e774c,markov_from_qrels,qrels,26,1.0,1.0,0.25,1.0,0.0,0
scidocs,74bd4761b373447079c6e5cd31832c00fab2fa77,markov_from_qrels,qrels,28,1.0,1.0,0.25,1.0,0.0,0
scidocs,ae2b67d03512dd0f13a68636d1d7f83cc889318a,markov_from_qrels,qrels,26,1.0,1.0,0.25,1.0,0.0,0
scidocs,7e7f843b9638ee9dc321fcd348ea2185b9126854,markov_from_qrels,qrels,24,1.0,1.0,0.25,1.0,0.0,0
scidocs,7b787a261a82e5488fc972d2b6541f778c81ed78,markov_from_qrels,qrels,25,1.0,1.0,0.25,1.0,0.0,0
scidocs,4fa89f6ffef921580718222c55fa17973a7c366d,markov_from_qrels,qrels,25,1.0,1.0,0.25,1.0,0.0,0
scidocs,2d2f14551b8b7163558e97902e7b456b0ba0a8d0,markov_from_qrels,qrels,26,1.0,1.0,0.25,1.0,0.0,0
scidocs,d8dea89f5c7fb15d5ba16d2edcd2933a25789ee6,markov_from_qrels,qrels,24,1.0,1.0,0.25,1.0,0.0,0
scidocs,8a6080396fa7195c7c627bea4b2aeeb9ca39b5f8,markov_from_qrels,qrels,25,1.0,1.0,0.25,1.0,0.0,0
scidocs,a6500d8800010e79d83800c9e433435efbc4398e,markov_from_qrels,qrels,25,1.0,1.0,0.25,1.0,0.0,0
scidocs,79729be88ecf76e5e964ffb25e8bc3b396feacb4,markov_from_qrels,qrels,25,1.0,1.0,0.25,1.0,0.0,0
scidocs,399acab2bee6eccbfffe4a2ce688b6b1075e9c5e,markov_from_qrels,qrels,27,1.0,1.0,0.25,1.0,0.0,0
scidocs,232427099d4a8acf1dc29efc852f09c5964e6165,markov_from_qrels,qrels,29,1.0,1.0,0.25,1.0,0.0,0
scidocs,d1c0cc34e1b6eaa8bdc2221d83377063be951196,markov_from_qrels,qrels,28,1.0,1.0,0.25,1.0,0.0,0
scidocs,0f2c82218b1858e414df5d50171e97694c60e542,markov_from_qrels,qrels,28,1.0,1.0,0.25,1.0,0.0,0
scidocs,62d588d2200ab2cbee153a8998a7fa98c30cf7bb,markov_from_qrels,qrels,26,1.0,1.0,0.25,1.0,0.0,0
scidocs,4acb38f96f3f69a443e1684040c14d1cecc4f841,markov_from_qrels,qrels,26,1.0,1.0,0.25,1.0,0.0,0
scidocs,76abf690192e6b6219d7691d0925894c433ddf2a,markov_from_qrels,qrels,28,1.0,1.0,0.25,1.0,0.0,0
scidocs,b2a93309a451eae2b9b40e768a4831e1e3fc6d2b,markov_from_qrels,qrels,25,1.0,1.0,0.15,1.0,0.0,0
scidocs,714c194a2fc326151b905270558aa137f9f22730,markov_from_qrels,qrels,26,1.0,1.0,0.25,1.0,0.0,0
scidocs,785e957937b1d0de27c39c916e74aa02220cc27e,markov_from_qrels,qrels,25,1.0,1.0,0.25,1.0,0.0,0
scidocs,da8fcbcb25d73558752e1d2b1f34c0e5df07ab65,markov_from_qrels,qrels,27,1.0,1.0,0.25,1.0,0.0,0
scidocs,f072d0363f437fd5ccf359bbe2fc9afaa5cfa831,markov_from_qrels,qrels,24,1.0,1.0,0.25,1.0,0.0,0
scidocs,29378306c07a78cff615f1b2ddea4d5baca4a199,markov_from_qrels,qrels,26,1.0,1.0,0.25,1.0,0.0,0
scidocs,9c4d7805f3724fb7b866950eaa0505952ff25fd0,markov_from_qrels,qrels,25,1.0,1.0,0.25,1.0,0.0,0
scidocs,4b82b3bf2b30d74c083940a86db5b09e4b81f0af,markov_from_qrels,qrels,26,1.0,1.0,0.25,1.0,0.0,0
scidocs,52f8eb239997d9a324d4794529c60522db8d08bf,markov_from_qrels,qrels,28,1.0,1.0,0.25,1.0,0.0,0
scidocs,de6411cb46cf889ba279ffc1a704168d75aae0b1,markov_from_qrels,qrels,24,1.0,1.0,0.25,1.0,0.0,0
scidocs,5157dde17a69f12c51186ffc20a0a6c6847f1a29,markov_from_qrels,qrels,26,1.0,1.0,0.25,1.0,0.0,0
scidocs,80d9843338d07778dac65157a2c881892a28b821,markov_from_qrels,qrels,28,1.0,1.0,0.25,1.0,0.0,0
scidocs,3cfa669b42a1e0e87bf3aca4d491039495ef87f8,markov_from_qrels,qrels,24,1.0,1.0,0.25,1.0,0.0,0
scidocs,a1ac90b17d79e2053ca77808bcf87bcd9c1fddd1,markov_from_qrels,qrels,25,1.0,1.0,0.25,1.0,0.0,0
scidocs,3b198869df03d98b81c0c882753845a3bca36c63,markov_from_qrels,qrels,26,1.0,1.0,0.25,1.0,0.0,0
scidocs,bd185e4f80d1fa2def96815269ec60dff862a7a1,markov_from_qrels,qrels,26,1.0,1.0,0.2,1.0,0.0,0
scidocs,eaf4756c12cfdae09ad3c82696ec1c16271a9348,markov_from_qrels,qrels,26,1.0,1.0,0.25,1.0,0.0,0
scidocs,79b97a68a26c38e8441e3f7902c6f6cf5d975622,markov_from_qrels,qrels,26,1.0,1.0,0.25,1.0,0.0,0
scidocs,05dba74b1ecf7e40b2a904e2d797768ef79832d3,markov_from_qrels,qrels,24,1.0,1.0,0.25,1.0,0.0,0
scidocs,7b49bd891f632ca6e86e5ccccdc3761ceb3fd277,markov_from_qrels,qrels,25,1.0,1.0,0.25,1.0,0.0,0
scidocs,177f06f0b11a911317f500b455adeeadf9d48e00,markov_from_qrels,qrels,26,1.0,1.0,0.25,1.0,0.0,0
scidocs,41b807511a65feac98485427597f9b45c892595b,markov_from_qrels,qrels,25,1.0,1.0,0.25,1.0,0.0,0
scidocs,68f9901394bf28b5172fbe841709e3e589572052,markov_from_qrels,qrels,26,1.0,1.0,0.25,1.0,0.0,0
scidocs,2ad961db4b9075a33f0725dd5c79074de993c5e4,markov_from_qrels,qrels,26,1.0,1.0,0.25,1.0,0.0,0
scidocs,a5cb9e716b2e3c54518ed0b05a4cc0c4256e53c2,markov_from_qrels,qrels,24,1.0,1.0,0.25,1.0,0.0,0
scidocs,39dba6f22d72853561a4ed684be265e179a39e4f,markov_from_qrels,qrels,26,1.0,1.0,0.25,1.0,0.0,0
scidocs,45182cf235fd8f9dd8a81f61f3efd488f78df75e,markov_from_qrels,qrels,28,1.0,1.0,0.25,1.0,0.0,0
scidocs,fa36e9da13f7a055ce95beb61035c72b6d89e2cb,markov_from_qrels,qrels,26,1.0,1.0,0.25,1.0,0.0,0
scidocs,2468a43e935adcee0303ba39e348c2bc0c4379a7,markov_from_qrels,qrels,28,1.0,1.0,0.25,1.0,0.0,0
scidocs,59e2037f5079794cb9128c7f0900a568ced14c2a,markov_from_qrels,qrels,26,1.0,1.0,0.25,1.0,0.0,0
scidocs,7a5e33718ca81495b2db4a1688bdb5a555816a87,markov_from_qrels,qrels,27,1.0,1.0,0.25,1.0,0.0,0
scidocs,27efc45254159de1a18554ba8cb603ee70a1f266,markov_from_qrels,qrels,28,1.0,1.0,0.25,1.0,0.0,0
scidocs,a98d48b6c4188143dbb2474a1cb27c2f9e3b5c0a,markov_from_qrels,qrels,24,1.0,1.0,0.25,1.0,0.0,0
scidocs,c104626e93e0b8115b4673f63e10f69cdf97801c,markov_from_qrels,qrels,27,1.0,1.0,0.25,1.0,0.0,0
scidocs,c6d97883da23b07a2031ff65076670eeb11b59d6,markov_from_qrels,qrels,27,1.0,1.0,0.25,1.0,0.0,0
scidocs,bb93fdae023ee2978e82f47c1c069b973046ef1e,markov_from_qrels,qrels,28,1.0,1.0,0.25,1.0,0.0,0
scidocs,b42c7b6e9fc032cf70cdcbdab05ce898be0a3a6e,markov_from_qrels,qrels,27,1.0,1.0,0.25,1.0,0.0,0
scidocs,41e5ed6744f1c901a55ee68ea8235d3340e32528,markov_from_qrels,qrels,24,1.0,1.0,0.25,1.0,0.0,0
scidocs,1571f50f52761a7a3537f12a88be487e5a0e7ad4,markov_from_qrels,qrels,26,1.0,1.0,0.25,1.0,0.0,0
scidocs,e76f37bc17b1b9f2fb4b5296c7282787729523a2,markov_from_qrels,qrels,28,1.0,1.0,0.25,1.0,0.0,0
scidocs,65a858ca95dcfa032e812a7f1fc7ee5bdac88f5b,markov_from_qrels,qrels,26,1.0,1.0,0.25,1.0,0.0,0
scidocs,9557be29d86add8994b7df670c15eaa872995a10,markov_from_qrels,qrels,27,1.0,1.0,0.25,1.0,0.0,0
scidocs,0416f5d1564d1f2a597acac04e81b02b2eff67d2,markov_from_qrels,qrels,26,1.0,1.0,0.25,1.0,0.0,0
scidocs,6ec004e4c1171c4c4858eec7c927f567684b80bc,markov_from_qrels,qrels,24,1.0,1.0,0.25,1.0,0.0,0
scidocs,fe63023bb7434e44b4e63dcf918c6a2f9aaba930,markov_from_qrels,qrels,27,1.0,1.0,0.25,1.0,0.0,0
scidocs,d406239de17bbb4f66d4c835f2a5f1be977b4131,markov_from_qrels,qrels,25,1.0,1.0,0.2,1.0,0.0,0
scidocs,6173a5266a044872618fd379bb91bda0406f778a,markov_from_qrels,qrels,28,1.0,1.0,0.25,1.0,0.0,0
scidocs,a22e737d38a1bc671893a7ed341aba436571097a,markov_from_qrels,qrels,27,1.0,1.0,0.25,1.0,0.0,0
scidocs,7492683af60d02dbd658acdc61249571f8c20fc8,markov_from_qrels,qrels,28,1.0,1.0,0.25,1.0,0.0,0
scidocs,39d428fd8c6b73ed070921a856f03c2c5b5377ba,markov_from_qrels,qrels,27,1.0,1.0,0.25,1.0,0.0,0
scidocs,47fc2c3e290e05fe9d41441b0270f88f6a8543d8,markov_from_qrels,qrels,27,1.0,1.0,0.25,1.0,0.0,0
scidocs,28115e594c25c99a253557ae96290a9e0d60d3e3,markov_from_qrels,qrels,26,1.0,1.0,0.25,1.0,0.0,0
scidocs,802f3f316f87c6bc675cc55a2a1bf4bb0f12dd1e,markov_from_qrels,qrels,26,1.0,1.0,0.25,1.0,0.0,0
scidocs,573dc953636d90aeb4981e880c4bc0bad7f6cf64,markov_from_qrels,qrels,25,1.0,1.0,0.25,1.0,0.0,0
scidocs,72cf3347ff06226e57214b49801de9fc02df8d52,markov_from_qrels,qrels,25,1.0,1.0,0.25,1.0,0.0,0
scidocs,0963302a589b5476df76040ab22a3315e0f84bb1,markov_from_qrels,qrels,27,1.0,1.0,0.25,1.0,0.0,0
scidocs,648678f1edab0d2139958070744b826d2b24c79e,markov_from_qrels,qrels,29,1.0,1.0,0.25,1.0,0.0,0
scidocs,ba69c46c62b525941e91d0788d20b6ef91847cc4,tournament_sort_from_qrels,qrels,25,0.951231,0.876667,0.25,1.0,0.0,0
scidocs,7526f88d4ee7a380fecd05c1f92208ad94605cec,tournament_sort_from_qrels,qrels,24,1.0,1.0,0.2,1.0,0.0,0
scidocs,dc344ea8e993584b924522d95febaeb74de2ad30,tournament_sort_from_qrels,qrels,27,0.706677,0.544242,0.25,1.0,3.0,3
scidocs,e5adfc2f23602a5256e89b84615e1434e5375f0e,tournament_sort_from_qrels,qrels,25,0.904398,0.759286,0.25,1.0,3.0,3
scidocs,09109a5375d8e2ca752bedde17ba5acad1df61cb,tournament_sort_from_qrels,qrels,25,0.960925,0.885,0.25,1.0,1.0,1
scidocs,6f54a7933235ced5684e3bff18f7e5dc40510018,tournament_sort_from_qrels,qrels,27,0.925026,0.800909,0.25,1.0,1.0,1
scidocs,1312b0d0a957fc2bbfc2612dd89ba9003c57a08c,tournament_sort_from_qrels,qrels,26,0.874855,0.722619,0.25,1.0,0.0,0
scidocs,b37225fc67e1aeeb7877c4691f9036ed5cc01efa,tournament_sort_from_qrels,qrels,26,0.906825,0.81,0.25,1.0,0.0,0
scidocs,4ec90b7da43e6438cbdc756624b1083f30288064,tournament_sort_from_qrels,qrels,25,0.963401,0.890909,0.25,1.0,3.0,3
scidocs,78495383450e02c5fe817e408726134b3084905d,tournament_sort_from_qrels,qrels,25,0.615985,0.419776,0.25,1.0,7.0,7
scidocs,28f3343d2419147213e7580934cfc4e0cb88b088,tournament_sort_from_qrels,qrels,26,0.551388,0.361032,0.25,1.0,0.0,0
scidocs,c4e76b318149a106563d53892dde801a37a637cc,tournament_sort_from_qrels,qrels,27,0.864228,0.664286,0.25,1.0,10.0,10
scidocs,5f1f12015d55c51764be27df92de175d2de8ee0d,tournament_sort_from_qrels,qrels,26,0.641643,0.485952,0.25,1.0,0.0,0
scidocs,8bb49c0658d7b7cff42c655a6d7e005372ad32ea,tournament_sort_from_qrels,qrels,27,0.49945,0.289076,0.25,1.0,5.0,5
scidocs,9e76a700f03ef476b964b27e23c071163e44c232,tournament_sort_from_qrels,qrels,24,0.963401,0.890909,0.25,1.0,4.0,4
scidocs,7445178858159988f2b17aa21376e13767fce5a6,tournament_sort_from_qrels,qrels,26,0.700912,0.539286,0.25,1.0,0.0,0
scidocs,b47402a9a68f23b548ae6e0349700ea651b7a373,tournament_sort_from_qrels,qrels,24,0.989606,0.966667,0.25,1.0,0.0,0
scidocs,0c3ffd5f1b577e38604f361ee71feb312b5b0cab,tournament_sort_from_qrels,qrels,25,0.942773,0.839286,0.25,1.0,0.0,0
scidocs,ac24b99a5db633ce45f053287ca806157fff9663,tournament_sort_from_qrels,qrels,26,0.779972,0.537576,0.25,1.0,9.0,9
scidocs,4a343313042b654c7d85313de3d88486a1d0e9de,tournament_sort_from_qrels,qrels,26,0.619833,0.441667,0.2,1.0,4.0,4
scidocs,661a03482f0532b7355188059b2263091ade1bae,tournament_sort_from_qrels,qrels,27,0.796305,0.549854,0.25,1.0,12.0,12
scidocs,c05ae45c262b270df1e99a32efa35036aae8d950,tournament_sort_from_qrels,qrels,22,0.951231,0.876667,0.25,1.0,0.0,0
scidocs,4d4dc6568e24f283f3c5bcb88f280908a35da0e3,tournament_sort_from_qrels,qrels,26,0.814439,0.589957,0.25,1.0,3.0,3
scidocs,6affd37b83d4fca0d0e54e5d75433a74cb142671,tournament_sort_from_qrels,qrels,25,0.612535,0.430159,0.25,1.0,0.0,0
scidocs,8d37da5a9f05ee71d06cc6afcc1b14f8ff83147f,tournament_sort_from_qrels,qrels,24,0.686049,0.519286,0.25,1.0,0.0,0
scidocs,6cdbbced12bff53bcbdde3cdb6d20b4bd02a9d6c,tournament_sort_from_qrels,qrels,26,0.957875,0.876923,0.25,1.0,6.0,6
scidocs,8bb3a478db8951f42198a885d7245d58036ba55c,tournament_sort_from_qrels,qrels,26,0.932517,0.821111,0.25,1.0,2.0,2
scidocs,7dcb308b9292a8bc87d6f7793d2ca5e0e19dfa40,tournament_sort_from_qrels,qrels,27,0.915372,0.770909,0.25,1.0,0.0,0
scidocs,5137d6a245dffe321df34999fa77e190c19b4c37,tournament_sort_from_qrels,qrels,27,1.0,1.0,0.25,1.0,0.0,0
scidocs,b8397b4418bb1d576210d9a39d44725d6ffb2a44,tournament_sort_from_qrels,qrels,27,0.635395,0.398135,0.25,1.0,6.0,6
scidocs,9003fb79e7848ced3be975c3d87a9348a4b8d377,tournament_sort_from_qrels,qrels,25,0.560712,0.326389,0.2,1.0,15.0,15
scidocs,eb3d1b885bfa800badfd79c6921a07d01491aedb,tournament_sort_from_qrels,qrels,28,0.819822,0.597619,0.25,1.0,7.0,7
scidocs,c20b4068be640ebaffbc56382c3e4e0bcf62664e,tournament_sort_from_qrels,qrels,26,0.957875,0.876923,0.25,1.0,3.0,3
scidocs,7323c2d32d6cdc3604dcedc574508d042ce3821e,tournament_sort_from_qrels,qrels,23,0.906825,0.81,0.25,1.0,0.0,0
scidocs,e642d6014a5762128a28f85dae2228826e682974,tournament_sort_from_qrels,qrels,25,0.680718,0.562857,0.25,1.0,0.0,0
scidocs,51ee97313309157219412b6f5dfb314682b33992,tournament_sort_from_qrels,qrels,25,0.816401,0.57381,0.25,1.0,18.0,18
scidocs,866b1a9819f662ac2499be231965ded8e0323c7f,tournament_sort_from_qrels,qrels,26,0.778482,0.531061,0.25,1.0,2.0,2
scidocs,a829c1093eb4d78a198ebb9b4a33a8137b0359df,tournament_sort_from_qrels,qrels,27,0.715424,0.542222,0.25,1.0,6.0,6
scidocs,0ce7927d613e66a2062516e9e85e1b9a36d54029,tournament_sort_from_qrels,qrels,26,0.725124,0.59619,0.25,1.0,0.0,0
scidocs,6079719b677d0abda12abcd5cd46582ca91585ad,tournament_sort_from_qrels,qrels,27,1.0,1.0,0.25,1.0,0.0,0
scidocs,0daf48d0ce4e4200a753c28519f5761b160944fb,tournament_sort_from_qrels,qrels,26,0.875106,0.682967,0.25,1.0,8.0,8
scidocs,3ad8328b066bedca77c858a399a77521563d5c99,tournament_sort_from_qrels,qrels,27,0.960449,0.883333,0.25,1.0,3.0,3
scidocs,b8eea99bb5345329ea058072133f568f7bdd27bd,tournament_sort_from_qrels,qrels,27,0.739677,0.465079,0.25,1.0,15.0,15
scidocs,29373c5bb0d60320844905916aec09d64c24cd79,tournament_sort_from_qrels,qrels,26,0.724424,0.572619,0.25,1.0,0.0,0
scidocs,6ae4d0b388aa9262e80c3eedc1cb3e5f06842368,tournament_sort_from_qrels,qrels,26,0.948636,0.855556,0.25,1.0,7.0,7
scidocs,bfebba8356c5d20dc6a9b2f72ff66adaf63321b7,tournament_sort_from_qrels,qrels,26,0.951771,0.8625,0.25,1.0,5.0,5
scidocs,2747421989619d293c05b0b82a547009128ebadb,tournament_sort_from_qrels,qrels,28,0.852411,0.67,0.25,1.0,3.0,3
scidocs,21b1180af3087c1333708a9873f6d473eabe6751,tournament_sort_from_qrels,qrels,26,0.88238,0.703333,0.25,1.0,11.0,11
scidocs,b045f045e331700cdef309e0d40b15a64cdf5b8a,tournament_sort_from_qrels,qrels,25,0.865086,0.66359,0.25,1.0,8.0,8
scidocs,1a66df57f88e689438d505474eff73e3a9180c5b,tournament_sort_from_qrels,qrels,27,0.866853,0.669841,0.25,1.0,9.0,9
scidocs,60f9c8ba8e00e9e03e8bb80640fcfa3889a36327,tournament_sort_from_qrels,qrels,24,1.0,1.0,0.25,1.0,0.0,0
scidocs,f46a2337a9d94d68c2d92f0aa0ca693adafc3346,tournament_sort_from_qrels,qrels,24,0.951231,0.876667,0.25,1.0,0.0,0
scidocs,04e4034344bda5c97015ea634e6eb1b65ef3a898,tournament_sort_from_qrels,qrels,25,0.917231,0.781429,0.25,1.0,5.0,5
scidocs,2a3b696dccb9e31f0321c83a86f26041c72b1bc9,tournament_sort_from_qrels,qrels,23,0.811223,0.619286,0.25,1.0,0.0,0
scidocs,5ded1e19eb785dc0707c94f62f552798db9dd2ef,tournament_sort_from_qrels,qrels,25,0.559139,0.323465,0.2,1.0,16.0,16
scidocs,853bd61bc48a431b9b1c7cab10c603830c488e39,tournament_sort_from_qrels,qrels,27,0.762156,0.51,0.25,1.0,0.0,0
scidocs,9a2c20b7b8602d1dd7332f8fb5017e5c846185c4,tournament_sort_from_qrels,qrels,28,0.930349,0.804762,0.25,1.0,4.0,4
scidocs,b59d6a8f4acaa63d773356fe320368b9f76a15cf,tournament_sort_from_qrels,qrels,26,0.781651,0.71,0.25,1.0,0.0,0
scidocs,3131776d3b838e3a22ed9ccd7b7b92a41410df28,tournament_sort_from_qrels,qrels,26,0.602954,0.349237,0.25,1.0,16.0,16
scidocs,848c3eb292d721e53631c0d6c988f380cbb0e225,tournament_sort_from_qrels,qrels,26,0.595528,0.384242,0.25,1.0,3.0,3
scidocs,8384094ce1b342da9eabd2ec939e9bb16ca7ff5c,tournament_sort_from_qrels,qrels,25,0.809328,0.589841,0.25,1.0,8.0,8
scidocs,425a2cb778130d0fd57d00eaf3cbe347c4ee7641,tournament_sort_from_qrels,qrels,26,0.865855,0.698889,0.25,1.0,8.0,8
scidocs,92ec85037f5e195c8aa184534a59b356c6ef7599,tournament_sort_from_qrels,qrels,27,0.966834,0.9,0.25,1.0,3.0,3
scidocs,546b3592f59b3445ef12fba506b729c832198c33,tournament_sort_from_qrels,qrels,25,0.696861,0.52,0.25,1.0,6.0,6
scidocs,51236676c3bba877d82c31b393db1af4846527ac,tournament_sort_from_qrels,qrels,25,0.906825,0.81,0.25,1.0,0.0,0
scidocs,d6b56cc6e05300426b6194dd3f6a38720678827e,tournament_sort_from_qrels,qrels,27,0.740896,0.487576,0.25,1.0,0.0,0
scidocs,498aad3cb4d2b8e8ff1e68a40be7dec27e8139f4,tournament_sort_from_qrels,qrels,25,0.710369,0.526923,0.25,1.0,8.0,8
scidocs,0491b1a097378701dbbab2ce9dcc2e109a95d97e,tournament_sort_from_qrels,qrels,28,0.595587,0.325439,0.25,1.0,21.0,21
scidocs,2c64233ad8239884cdd410fb63c63124bd9fb515,tournament_sort_from_qrels,qrels,25,0.907637,0.76,0.25,1.0,10.0,10
scidocs,012e396b02aa584cb74a65ae14af355e7c897858,tournament_sort_from_qrels,qrels,24,0.989606,0.966667,0.25,1.0,0.0,0
scidocs,0a149bfc3080902dab96a0bfdfe1d4ab2ec0cc2a,tournament_sort_from_qrels,qrels,27,0.866853,0.669841,0.25,1.0,8.0,8
scidocs,40c6b953b5c04b3df4164cd487c4bc00cf0e487d,tournament_sort_from_qrels,qrels,25,0.661482,0.367251,0.2,1.0,33.0,33
scidocs,725ed843566051638d023ebfdb0311def12cba2a,tournament_sort_from_qrels,qrels,26,0.83648,0.659286,0.25,1.0,0.0,0
scidocs,3713243ded59fd9b0a4428bd101616bad7393311,tournament_sort_from_qrels,qrels,25,0.800267,0.591111,0.25,1.0,0.0,0
scidocs,74ff6bd7f70bb2fe17016ded5104614c001f0cef,tournament_sort_from_qrels,qrels,25,0.78935,0.565909,0.2,1.0,4.0,4
scidocs,dc4ed2b22123596bb329221a18c8b92176fc7263,tournament_sort_from_qrels,qrels,26,0.950531,0.858333,0.25,1.0,0.0,0
scidocs,a65e6a974212ed28133c2fe1e3b97a18dbc40cb6,tournament_sort_from_qrels,qrels,27,0.926514,0.795833,0.25,1.0,5.0,5
scidocs,da6629447f61ef8b07ce0698b490e3fe7210c1e3,tournament_sort_from_qrels,qrels,26,0.762937,0.654444,0.25,1.0,2.0,2
scidocs,1134105faa6a16969fede23d16f0c0df129c5888,tournament_sort_from_qrels,qrels,27,0.611339,0.373203,0.25,1.0,0.0,0
scidocs,e0ec382c51a043b1996a74af96d10cda33fdf6eb,tournament_sort_from_qrels,qrels,24,0.935192,0.816667,0.25,1.0,5.0,5
scidocs,c0bbc89889691aca1f81f3727a0587eadfe4e8af,tournament_sort_from_qrels,qrels,27,0.948636,0.855556,0.25,1.0,7.0,7
scidocs,756bf25afe8e6ca92ba1795bcb5fb4e93d8ed6b2,tournament_sort_from_qrels,qrels,27,0.86963,0.670362,0.25,1.0,9.0,9
scidocs,27fb7f79c74af0de19b3a9691268f9ca32bdda82,tournament_sort_from_qrels,qrels,27,0.663083,0.442727,0.25,1.0,11.0,11
scidocs,ce7f9b2c6566f21056d0d4bf06a0a172fd1064f1,tournament_sort_from_qrels,qrels,26,0.793862,0.542157,0.25,1.0,15.0,15
scidocs,2b26645a12e3a11f53ae4d31798f1009376962db,tournament_sort_from_qrels,qrels,26,0.622929,0.443492,0.25,1.0,0.0,0
scidocs,b66bcce42123af3d5384aa32f9b3f1721f7ae5fd,tournament_sort_from_qrels,qrels,29,0.712799,0.536667,0.25,1.0,6.0,6
scidocs,e00ab75a8aa637d9c4c5c020e9f2c54b31528031,tournament_sort_from_qrels,qrels,25,0.922863,0.788889,0.25,1.0,8.0,8
scidocs,41a798995d414b0dadb0678cdf6c3107059c0b75,tournament_sort_from_qrels,qrels,27,0.701151,0.530256,0.25,1.0,4.0,4
scidocs,7a59595f1859b72761b34892be8b6dc43f71d01e,tournament_sort_from_qrels,qrels,26,0.906825,0.81,0.25,1.0,0.0,0
scidocs,065985d4d0854c51f52ad7a7507b267d9b88ab1c,tournament_sort_from_qrels,qrels,26,1.0,1.0,0.25,1.0,0.0,0
scidocs,a221588fd2d062462254481cfd9563fec2f7c387,tournament_sort_from_qrels,qrels,28,0.875094,0.720256,0.25,1.0,1.0,1
scidocs,2df3b760190470c4af1be87328a20ce607e1ad98,tournament_sort_from_qrels,qrels,26,0.710369,0.526923,0.25,1.0,8.0,8
scidocs,60184fecc57b51fd4f312b77e3817af18643ef8e,tournament_sort_from_qrels,qrels,26,0.646139,0.472632,0.25,1.0,8.0,8
scidocs,78c00439aac79217675b00810386ff3bd89c86cc,tournament_sort_from_qrels,qrels,25,0.989606,0.966667,0.25,1.0,0.0,0
scidocs,095923857403ebb1578ce82b085c97c75b522fa2,tournament_sort_from_qrels,qrels,26,0.906825,0.81,0.25,1.0,0.0,0
scidocs,e6be9c497285ece7f32b486c6cc72193b5a1fcb9,tournament_sort_from_qrels,qrels,28,0.748636,0.629524,0.25,1.0,0.0,0
scidocs,58d105a565d27bd23443d257e36543ff7c40d167,tournament_sort_from_qrels,qrels,25,0.930386,0.805195,0.25,1.0,4.0,4
scidocs,89e58773fa59ef5b57f229832c2a1b3e3efff37e,tournament_sort_from_qrels,qrels,27,0.697023,0.504242,0.25,1.0,4.0,4
scidocs,4249d4c294e5edca091597b3b4f30c10201c1f9a,tournament_sort_from_qrels,qrels,25,0.724424,0.572619,0.25,1.0,0.0,0
scidocs,d059440d92c707c30fd0f297f6c95de57bf92113,tournament_sort_from_qrels,qrels,24,1.0,1.0,0.25,1.0,0.0,0
scidocs,9a5fa5e9c10dc40e20610795bad44e7e00391c1f,tournament_sort_from_qrels,qrels,26,0.906825,0.81,0.25,1.0,0.0,0
scidocs,3e95925d2bca43223453010ff8516a492287ce19,tournament_sort_from_qrels,qrels,26,0.629105,0.437576,0.25,1.0,4.0,4
scidocs,eb240f463fa57740986a92ee744c3ad75f8228e9,tournament_sort_from_qrels,qrels,25,0.690545,0.505965,0.25,1.0,9.0,9
scidocs,ecb869b1f3830f7f98ee84bc415ddc97b0e0348b,tournament_sort_from_qrels,qrels,27,0.641927,0.430556,0.25,1.0,4.0,4
scidocs,89c8e0ac83e8bac69ca41b63bb887a02950bbe9c,tournament_sort_from_qrels,qrels,25,0.953585,0.866667,0.25,1.0,6.0,6
scidocs,f22ae66b083183494f2ab0f5c7758fb03d69b05c,tournament_sort_from_qrels,qrels,27,0.897174,0.728283,0.25,1.0,8.0,8
scidocs,e9c313fb4cfb8e31cd5ab80ef692dd30f27b70bf,tournament_sort_from_qrels,qrels,26,0.847889,0.637576,0.25,1.0,9.0,9
scidocs,abe2c411f95a5057652dde7b2611331c8a3b3f14,tournament_sort_from_qrels,qrels,26,0.560003,0.354701,0.15,1.0,6.0,6
scidocs,3f95e155b1c40911149fe994197a502ef44ebbbe,tournament_sort_from_qrels,qrels,25,0.850298,0.69619,0.25,1.0,0.0,0
scidocs,78b6cbcceca106c039c9dc2d757376956882ac64,tournament_sort_from_qrels,qrels,29,0.609871,0.367399,0.25,1.0,0.0,0
scidocs,c48caf1b6404e08cf4606508310c03e5df54d0f7,tournament_sort_from_qrels,qrels,27,0.614408,0.400837,0.25,1.0,11.0,11
scidocs,31d33747d8fff0b7a0c40dcf9944015af9a15b1a,tournament_sort_from_qrels,qrels,25,0.963401,0.890909,0.25,1.0,4.0,4
scidocs,6374d969a99cf8da935377750f09f61875c81173,tournament_sort_from_qrels,qrels,28,0.642883,0.463452,0.25,1.0,4.0,4
scidocs,071961fc3d61b893c12f07abfa2906859152e3a9,tournament_sort_from_qrels,qrels,23,1.0,1.0,0.25,1.0,0.0,0
scidocs,52c036ba3ba46eadc146ad8e326eeb0c8acd1550,tournament_sort_from_qrels,qrels,27,0.656745,0.496923,0.25,1.0,3.0,3
scidocs,c6e446d78d05c74bad63cf23997c595eebbe6113,tournament_sort_from_qrels,qrels,26,0.667866,0.449394,0.25,1.0,9.0,9
scidocs,45e4ed3f616b6177beff78721aaae0a61506be05,tournament_sort_from_qrels,qrels,26,0.608902,0.397727,0.25,1.0,3.0,3
scidocs,7faf5d0915d604821d7ad2ade77f81a751309eee,tournament_sort_from_qrels,qrels,25,0.782115,0.563492,0.25,1.0,4.0,4
scidocs,3547ac839d02f6efe3f6f76a8289738a22528442,tournament_sort_from_qrels,qrels,25,0.925026,0.800909,0.25,1.0,4.0,4
scidocs,21a3a10bd30461c62140bd7ad0153935ae34ae5b,tournament_sort_from_qrels,qrels,28,0.690811,0.485948,0.25,1.0,12.0,12
scidocs,7707c7aac35a4d206eb061305256452051ae4dcf,tournament_sort_from_qrels,qrels,25,0.906936,0.75,0.25,1.0,12.0,12
scidocs,5f16572861bf59950894f35aa896e4485868545e,tournament_sort_from_qrels,qrels,27,0.8105,0.575439,0.25,1.0,16.0,16
scidocs,98f2ae796c7702de12174428a945861379665beb,tournament_sort_from_qrels,qrels,27,1.0,1.0,0.25,1.0,0.0,0
scidocs,2ad9703a6e039258bc306e46c7eed1208a61f4aa,tournament_sort_from_qrels,qrels,26,0.989606,0.966667,0.25,1.0,0.0,0
scidocs,8485904eddf45f3d221832600d8067d9998321e7,tournament_sort_from_qrels,qrels,25,0.748636,0.629524,0.25,1.0,0.0,0
scidocs,471f97da7975bad68f142980e0dd7dc753388f2c,tournament_sort_from_qrels,qrels,27,0.771911,0.52359,0.25,1.0,6.0,6
scidocs,c7514e9628d90692ccb355fece10d340e03780a2,tournament_sort_from_qrels,qrels,26,1.0,1.0,0.25,1.0,0.0,0
scidocs,a46d0a41ef1b28ec06a0a849c4c56bbe725b6964,tournament_sort_from_qrels,qrels,25,0.641927,0.430556,0.25,1.0,4.0,4
scidocs,eecbbb0ba7b513a2fe1e7a0131213e5a94b1868a,tournament_sort_from_qrels,qrels,26,0.686049,0.519286,0.25,1.0,0.0,0
scidocs,76dac031066a95715a3b116eb2094ec9bdd15171,tournament_sort_from_qrels,qrels,29,1.0,1.0,0.25,1.0,0.0,0
scidocs,d2e4a2d9590b7ae6c34fc59faa34a4217c5cac53,tournament_sort_from_qrels,qrels,24,0.758879,0.643333,0.25,1.0,3.0,3
scidocs,cab59587e4b2dd441198cd37e0038cace6b6531e,tournament_sort_from_qrels,qrels,27,0.957875,0.876923,0.25,1.0,4.0,4
scidocs,d6649d1eeace7fc7c020b047b22ba79c7481c324,tournament_sort_from_qrels,qrels,26,0.57416,0.403492,0.25,1.0,0.0,0
scidocs,5056e36419b95411e4c03e9c011bbdd286bbb7a9,tournament_sort_from_qrels,qrels,25,0.826086,0.639286,0.25,1.0,4.0,4
scidocs,863d0b86e5d2877e61f5cce971632abe2a1212cd,tournament_sort_from_qrels,qrels,25,0.583342,0.411111,0.15,1.0,0.0,0
scidocs,bfd50521466808d022940fbcfe09e1835ae97822,tournament_sort_from_qrels,qrels,26,0.859992,0.692619,0.25,1.0,0.0,0
scidocs,29da485e2e8c78d9646d1efb25986e5753269354,tournament_sort_from_qrels,qrels,26,0.668136,0.471209,0.25,1.0,3.0,3
scidocs,0f9bacfc21069a07bf3135cb0e94d83014933260,tournament_sort_from_qrels,qrels,26,1.0,1.0,0.25,1.0,0.0,0
scidocs,4f9b4c1ac6e1b2f417809009aff2fc11300cc855,tournament_sort_from_qrels,qrels,27,0.518164,0.306537,0.25,1.0,8.0,8
scidocs,c24fc81dcec236527652eab35154ac0fd7a40929,tournament_sort_from_qrels,qrels,28,0.506994,0.296667,0.25,1.0,2.0,2
scidocs,de1cc9b99f95041a1da383b6920cbf2907e0981a,tournament_sort_from_qrels,qrels,26,0.748636,0.629524,0.25,1.0,0.0,0
scidocs,e48e9cf407af2694ecfefd441c2c28faffdf0835,tournament_sort_from_qrels,qrels,27,0.495387,0.276707,0.25,1.0,18.0,18
scidocs,ebf4ef0701e6f6c2050e5bed0be54fd4d8a1d991,tournament_sort_from_qrels,qrels,25,0.896817,0.736667,0.25,1.0,2.0,2
scidocs,484550334c626a749bada57e51a0db4a29085f87,tournament_sort_from_qrels,qrels,23,1.0,1.0,0.25,1.0,0.0,0
scidocs,a9d7e7e918a68d1b95c6c6b29f7fabbbe01010f7,tournament_sort_from_qrels,qrels,26,0.850298,0.69619,0.25,1.0,0.0,0
scidocs,57ad8dfb71589360810da83efce67b4cab2ff380,tournament_sort_from_qrels,qrels,25,0.956591,0.87619,0.25,1.0,0.0,0
scidocs,6999766629d4103b9a00bc20a8e0df0c9d12d7da,tournament_sort_from_qrels,qrels,26,0.532465,0.310505,0.25,1.0,9.0,9
scidocs,567909486e73156699a19a2c5e6f44ded727941f,tournament_sort_from_qrels,qrels,25,0.87381,0.729524,0.25,1.0,0.0,0
scidocs,45191391555865feed98e04dde63358dd1111839,tournament_sort_from_qrels,qrels,25,0.673761,0.469841,0.25,1.0,8.0,8
scidocs,9ddda6862a8eefbb04682b449eefd6f37a45949e,tournament_sort_from_qrels,qrels,24,0.698498,0.529167,0.2,1.0,12.0,12
scidocs,b158953a73fc7f023e16b430150968b6f237c806,tournament_sort_from_qrels,qrels,26,0.698766,0.506443,0.25,1.0,6.0,6
scidocs,e567e0ae41ac2b757b1e069c6d345c6a7413d9c1,tournament_sort_from_qrels,qrels,27,0.946012,0.85,0.25,1.0,8.0,8
scidocs,6930ea33403a3518080e819d138047a80618a075,tournament_sort_from_qrels,qrels,27,0.683454,0.474603,0.25,1.0,9.0,9
scidocs,77b47c27f82bf9998fa49a5c4c670d96d43164d0,tournament_sort_from_qrels,qrels,27,0.54296,0.304802,0.25,1.0,4.0,4
scidocs,901a4c9388b3cb9d30edc3e4a7ea7efb0b4e228b,tournament_sort_from_qrels,qrels,26,0.951231,0.876667,0.25,1.0,0.0,0
scidocs,71d4e703201c98c9c9b44079600e289f234f09f2,tournament_sort_from_qrels,qrels,28,0.723439,0.554762,0.25,1.0,2.0,2
scidocs,2a8bcf35e6b5b3910eea160b3a1fb3e6bcb3966e,tournament_sort_from_qrels,qrels,26,0.904398,0.759286,0.25,1.0,3.0,3
scidocs,38ca15193faef0ab90e6cab5b82be5f7f1a83d67,tournament_sort_from_qrels,qrels,26,0.720812,0.549145,0.25,1.0,6.0,6
scidocs,a2081b75867cb8c461530a0e71d4be1b4afe78a2,tournament_sort_from_qrels,qrels,26,0.942773,0.839286,0.25,1.0,0.0,0
scidocs,afa13588cd866ec23cc71d634becbd507ea61093,tournament_sort_from_qrels,qrels,25,0.878665,0.697619,0.25,1.0,5.0,5
scidocs,831e3f18d25cc65b6cd18f21ca5ad57bdc53cfce,tournament_sort_from_qrels,qrels,23,0.903202,0.753333,0.25,1.0,4.0,4
scidocs,23ce229565447f22d5ef2b6d7cbd6d8003254ac2,tournament_sort_from_qrels,qrels,26,0.884053,0.743333,0.25,1.0,2.0,2
scidocs,8a93cd1b6fbf7c8c86637bae18d979dafeb9a7c1,tournament_sort_from_qrels,qrels,24,0.906825,0.81,0.25,1.0,0.0,0
scidocs,566e31a4ad34b39b6d8a1953d77d9f74da135a2a,tournament_sort_from_qrels,qrels,26,0.590979,0.399841,0.25,1.0,7.0,7
scidocs,f69885248d17bac47cc3469715fbb93aa7a4aabe,tournament_sort_from_qrels,qrels,26,0.893142,0.720362,0.25,1.0,11.0,11
scidocs,a152205a7d745afa335322587e8f78c8e5e85111,tournament_sort_from_qrels,qrels,26,0.839882,0.634722,0.25,1.0,8.0,8
scidocs,50d388989d9b25754ef9dc5663e85eaf64a17d24,tournament_sort_from_qrels,qrels,27,0.710801,0.530119,0.25,1.0,5.0,5
scidocs,c6879cc784625e795f0097f479d136dc489104ce,tournament_sort_from_qrels,qrels,25,0.974743,0.926667,0.25,1.0,0.0,0
scidocs,59dca5c15c275f26c7ae34fc940449aeb918c68b,tournament_sort_from_qrels,qrels,26,0.837446,0.616061,0.25,1.0,9.0,9
scidocs,162991b10e2633c237ba2d4220c040f09c1679c1,tournament_sort_from_qrels,qrels,26,1.0,1.0,0.25,1.0,0.0,0
scidocs,e2af314b238088588eebb94210535e31d5f647e1,tournament_sort_from_qrels,qrels,25,0.937877,0.825397,0.25,1.0,0.0,0
scidocs,71ac664ca2cbc5c463da3ed07a1573f88e2e28f0,tournament_sort_from_qrels,qrels,26,0.811223,0.619286,0.25,1.0,0.0,0
scidocs,663e06e02a306660ef508aaf2ffaf523c6e96088,tournament_sort_from_qrels,qrels,26,0.781651,0.71,0.25,1.0,0.0,0
scidocs,37fefbdf740577306928ff2f0c810fb3a96183b2,tournament_sort_from_qrels,qrels,26,0.734818,0.592619,0.25,1.0,0.0,0
scidocs,96dd2785bc42ea77a3afa65701d55212570a76ff,tournament_sort_from_qrels,qrels,25,0.589763,0.387698,0.25,1.0,0.0,0
scidocs,b7d0e2a5229d4ec65182c783259a2eeb67a6a873,tournament_sort_from_qrels,qrels,25,0.725124,0.59619,0.25,1.0,0.0,0
scidocs,9af1f7b6d79e6ce314d1842a8d32402328fcaca7,tournament_sort_from_qrels,qrels,26,0.715895,0.539394,0.25,1.0,4.0,4
scidocs,1e12fb38bfc2c7aa86806f87df4cdaf035f92fb7,tournament_sort_from_qrels,qrels,26,0.647506,0.475556,0.25,1.0,7.0,7
scidocs,92a0cf2085013da3fe1fea2090d1bbabcabbf5be,tournament_sort_from_qrels,qrels,27,0.658897,0.449841,0.25,1.0,7.0,7
scidocs,fdd141a4fffc490fb3ab570c28b8a1f2dd80a15f,tournament_sort_from_qrels,qrels,26,0.974743,0.926667,0.25,1.0,0.0,0
scidocs,4b80771429b786ea87740738378ba1eb1504a57f,tournament_sort_from_qrels,qrels,26,0.835978,0.610256,0.25,1.0,9.0,9
scidocs,44872f2260ae42c162c2e8ed428c852f5e05fa24,tournament_sort_from_qrels,qrels,26,0.781651,0.71,0.25,1.0,0.0,0
scidocs,1f157f2b144528924eec46d9316bd5517352b89a,tournament_sort_from_qrels,qrels,25,0.89186,0.720909,0.25,1.0,2.0,2
scidocs,1475d10a7b5d777fb411cdbb2740f574e32fd2f6,tournament_sort_from_qrels,qrels,28,1.0,1.0,0.25,1.0,0.0,0
scidocs,47c7c17b7df3732af69d2702929a65a05c1d3d3f,tournament_sort_from_qrels,qrels,25,0.87381,0.729524,0.25,1.0,0.0,0
scidocs,6c89453c09abde95d998f5acd244f00519472ee0,tournament_sort_from_qrels,qrels,25,0.725124,0.59619,0.25,1.0,0.0,0
scidocs,fa8042d025895e22af2d9df3ffb9f67438610fcc,tournament_sort_from_qrels,qrels,25,0.652436,0.422614,0.25,1.0,16.0,16
scidocs,d145274d03a6374c77de64fb70602ddef393e4d9,tournament_sort_from_qrels,qrels,27,0.933773,0.815556,0.25,1.0,7.0,7
scidocs,da803152928a3b98ef21a81a6675e7b51852510e,tournament_sort_from_qrels,qrels,26,0.566933,0.33987,0.25,1.0,8.0,8
scidocs,52d4649f2840e410b5a6681f094dab5e7d3e1db0,tournament_sort_from_qrels,qrels,25,0.836584,0.608333,0.25,1.0,13.0,13
scidocs,280c96ea1644257069e16660a6a3a3a53f25858e,tournament_sort_from_qrels,qrels,26,0.57416,0.403492,0.25,1.0,0.0,0
scidocs,068a88330c93a41058d6e04e576d7e1a21dc6ee7,tournament_sort_from_qrels,qrels,25,0.811223,0.619286,0.25,1.0,0.0,0
scidocs,4ceb63d79341ba3caa08bd1c6c141478d32a8244,tournament_sort_from_qrels,qrels,26,0.910261,0.765556,0.25,1.0,7.0,7
scidocs,73f38c530a041f81d48cadd067246af448a6a24e,tournament_sort_from_qrels,qrels,25,0.811763,0.581548,0.25,1.0,9.0,9
scidocs,6c88fd5d06ea6e0a2b1ad38b038655f405bc0613,tournament_sort_from_qrels,qrels,27,0.886485,0.711209,0.25,1.0,5.0,5
scidocs,8c872ecd87945e71fcd9fa1b6cb1133cfe805bf2,tournament_sort_from_qrels,qrels,27,0.76064,0.679167,0.2,1.0,0.0,0
scidocs,a29afef550bf4edbf3293a50ef3fdb785ff1e5a3,tournament_sort_from_qrels,qrels,29,0.853332,0.638824,0.25,1.0,9.0,9
scidocs,0c8a029180e8ee5a7a8c886738576b12d3f6530d,tournament_sort_from_qrels,qrels,23,0.946012,0.85,0.25,1.0,12.0,12
scidocs,2e08d3ec08069ef41059cc3da6bc4d390eaf6e01,tournament_sort_from_qrels,qrels,25,0.71254,0.438135,0.25,1.0,16.0,16
scidocs,53a124b727d34c56ff3fe335c24ff8ec975516be,tournament_sort_from_qrels,qrels,24,0.925026,0.800909,0.25,1.0,3.0,3
scidocs,d7c0189c35a3ee56b13b0488f925df1152a8cfd4,tournament_sort_from_qrels,qrels,29,0.60766,0.352071,0.25,1.0,10.0,10
scidocs,271a4077c037b86fb7daf6bff3e66682322ff7d7,tournament_sort_from_qrels,qrels,26,0.93308,0.82619,0.25,1.0,0.0,0
scidocs,212d7af298a4bd9090b834293067d2f091a95cfc,tournament_sort_from_qrels,qrels,26,0.830884,0.630159,0.25,1.0,0.0,0
scidocs,5f98a36570d428d510e9de699b97f4e2c63d7980,tournament_sort_from_qrels,qrels,27,0.617465,0.379855,0.25,1.0,5.0,5
scidocs,f25ba2cbb101685727b646cbdbcddca4ecd465b4,tournament_sort_from_qrels,qrels,28,0.846947,0.62549,0.25,1.0,8.0,8
scidocs,2170636d5d31eb461618b5da10f4473c67e74e73,tournament_sort_from_qrels,qrels,26,0.70571,0.530159,0.25,1.0,3.0,3
scidocs,f824f0f5e28e434e1b5897153697816dd906ca8e,tournament_sort_from_qrels,qrels,25,0.924873,0.792157,0.25,1.0,8.0,8
scidocs,120f80b2e2b2ce2fefdf0de644f5ee84c8647bb2,tournament_sort_from_qrels,qrels,26,0.906825,0.81,0.25,1.0,0.0,0
scidocs,b9d502d98e3bb19f8179a4363e3f28c6b6def7a8,tournament_sort_from_qrels,qrels,27,0.649751,0.4093,0.25,1.0,14.0,14
scidocs,435a709ae1d1b0bbdcacbd3965a05d56c14e752c,tournament_sort_from_qrels,qrels,27,0.847777,0.666667,0.2,1.0,0.0,0
scidocs,fe5cc6e84dc223580c0e1729614cfaa8320c5728,tournament_sort_from_qrels,qrels,25,0.956591,0.87619,0.25,1.0,2.0,2
scidocs,78878e95797e03d4968b09f40979585b6c56dac3,tournament_sort_from_qrels,qrels,25,0.913396,0.7725,0.25,1.0,6.0,6
scidocs,b9413a51b6865a0a2c21993e87428afa76aba440,tournament_sort_from_qrels,qrels,28,0.725124,0.59619,0.25,1.0,0.0,0
scidocs,335ad0ff82c728aca99fb0059c607cb18129526f,tournament_sort_from_qrels,qrels,25,0.87381,0.729524,0.25,1.0,0.0,0
scidocs,8e85c7ad6cd0986225e63dc1b4264b3e084b3f9b,tournament_sort_from_qrels,qrels,28,0.888908,0.713333,0.25,1.0,4.0,4
scidocs,c28b8b5e57bab5c8fa91654c7137c1dd21b3da18,tournament_sort_from_qrels,qrels,27,0.576138,0.319331,0.25,1.0,8.0,8
scidocs,7ff20fc82c95eda6645ff2570279251bb8435ec5,tournament_sort_from_qrels,qrels,27,0.547056,0.320671,0.2,1.0,5.0,5
scidocs,7600ac55ddd8d955eeb96c12b226f1a2bc9e8817,tournament_sort_from_qrels,qrels,25,0.913402,0.791667,0.15,1.0,4.0,4
scidocs,ccdc79b2aec687beef2cd3526cf47dd79b9ec220,tournament_sort_from_qrels,qrels,26,0.765671,0.52329,0.25,1.0,6.0,6
scidocs,725f8182eac9bd6f9fa428ba90f43cbce891ac78,tournament_sort_from_qrels,qrels,28,0.83192,0.60359,0.25,1.0,6.0,6
scidocs,1ba7a9c0e658a0d98253f999bf43c2e98c07f4e0,tournament_sort_from_qrels,qrels,26,0.874855,0.722619,0.25,1.0,0.0,0
scidocs,6d1a69023e48422b25202a5ad823d12975291666,tournament_sort_from_qrels,qrels,24,0.957875,0.876923,0.25,1.0,6.0,6
scidocs,20704643278111342011c702aedf66c04a2c8e63,tournament_sort_from_qrels,qrels,26,0.755446,0.634242,0.25,1.0,2.0,2
scidocs,071f47b7bc5830643e31dbed82e0375bf9b26559,tournament_sort_from_qrels,qrels,25,0.76064,0.679167,0.2,1.0,0.0,0
scidocs,e0a8b67880070624ef8787a08bbbd5aa178d65ac,tournament_sort_from_qrels,qrels,26,0.612535,0.430159,0.25,1.0,0.0,0
scidocs,1bf06b2bbf53089180fd3676720d80cbaed5975d,tournament_sort_from_qrels,qrels,24,0.641643,0.485952,0.25,1.0,0.0,0
scidocs,89bb989b6ec9fe52fcbcc94bf0923a14ed6bf245,tournament_sort_from_qrels,qrels,26,0.923379,0.788889,0.25,1.0,9.0,9
scidocs,0f10c6f57e7b640a2e89e94b5ca7d2b0d46d3925,tournament_sort_from_qrels,qrels,25,0.876091,0.691209,0.25,1.0,6.0,6
scidocs,d4d19261e9047b54e14d38cd99cd0f27dc9d0926,tournament_sort_from_qrels,qrels,27,0.781651,0.71,0.25,1.0,0.0,0
scidocs,81efd70fcc216b6528d48efa758671d9862b21c3,tournament_sort_from_qrels,qrels,25,0.91943,0.779798,0.25,1.0,4.0,4
scidocs,027e7780dbda48d99f3654e77b4a63063224950e,tournament_sort_from_qrels,qrels,29,0.611867,0.410952,0.25,1.0,6.0,6
scidocs,e66ab9039b49b6dd0ecce124a71f1044750107d2,tournament_sort_from_qrels,qrels,27,0.81206,0.601923,0.2,1.0,4.0,4
scidocs,937d42a0ab3f703e7041e277804e0b34bbe6bacb,tournament_sort_from_qrels,qrels,26,0.547219,0.333333,0.15,1.0,9.0,9
scidocs,63e1dffc19c3b4e99ae22ec60d10eaaafd608bcb,tournament_sort_from_qrels,qrels,25,0.888673,0.759524,0.25,1.0,0.0,0
scidocs,aa50a595878ee67d0eb0a9b0f17a6132c0552434,tournament_sort_from_qrels,qrels,26,0.963401,0.890909,0.25,1.0,3.0,3
scidocs,2a88541448be2eb1b953ac2c0c54da240b47dd8a,tournament_sort_from_qrels,qrels,25,0.974743,0.926667,0.25,1.0,0.0,0
scidocs,b3c8eeed23cc8b472ceefe64888a2036dd7df4d2,tournament_sort_from_qrels,qrels,26,0.671994,0.46359,0.25,1.0,8.0,8
scidocs,8f03f545ff791a70455ad4624208357e41dcfc0c,tournament_sort_from_qrels,qrels,23,0.953585,0.866667,0.25,1.0,7.0,7
scidocs,81da438cb67600f6cb2920021e2327bb4c1d482d,tournament_sort_from_qrels,qrels,27,0.532465,0.310505,0.25,1.0,4.0,4
scidocs,04ca5de59edbdd49a9c0502c58331524d220bc8c,tournament_sort_from_qrels,qrels,26,0.893007,0.768333,0.25,1.0,1.0,1
scidocs,b095b4625733f8521439e54db09bed2b9970a808,tournament_sort_from_qrels,qrels,25,0.906825,0.81,0.25,1.0,0.0,0
scidocs,e1f53305791150a2109b7070bd7dce8071aafac7,tournament_sort_from_qrels,qrels,26,0.576061,0.330409,0.25,1.0,18.0,18
scidocs,763490c13a138523b98e7646ef0fa81d6b5e5a22,tournament_sort_from_qrels,qrels,26,0.947269,0.852632,0.25,1.0,8.0,8
scidocs,822535c409890de3aae74b49b2bd8d4a59832fba,tournament_sort_from_qrels,qrels,27,0.966834,0.9,0.25,1.0,0.0,0
scidocs,1f576e4cfe7c5426e383cd06608411e81b509feb,tournament_sort_from_qrels,qrels,24,1.0,1.0,0.25,1.0,0.0,0
scidocs,2a6300ea9db239f190cb3d8cba4e45a7c0b1c710,tournament_sort_from_qrels,qrels,25,1.0,1.0,0.25,1.0,0.0,0
scidocs,0229829e9a1eed5769a2b5eccddcaa7cd9460b92,tournament_sort_from_qrels,qrels,26,0.951231,0.876667,0.25,1.0,0.0,0
scidocs,64982c97190bbd8b70beeed572392d0f308a93c2,tournament_sort_from_qrels,qrels,28,0.593092,0.368889,0.25,1.0,7.0,7
scidocs,0588053b2cde6414e542c656023ade147397f597,tournament_sort_from_qrels,qrels,25,0.893442,0.731111,0.25,1.0,5.0,5
scidocs,2ecad6cdccc33f707dfe4334883538918de50bb8,tournament_sort_from_qrels,qrels,26,0.662271,0.510909,0.25,1.0,2.0,2
scidocs,0f5d0494c0ddaa32b5072dec141a9a79104d967b,tournament_sort_from_qrels,qrels,26,0.725124,0.59619,0.25,1.0,0.0,0
scidocs,5d3bae2e2d5102187a4abfb3d89da5ad00745f18,tournament_sort_from_qrels,qrels,26,0.496168,0.246781,0.25,1.0,21.0,21
scidocs,431bbc47ce90f5e0eb8388fa80b0cc4d7c26ab76,tournament_sort_from_qrels,qrels,25,0.633768,0.395833,0.25,1.0,12.0,12
scidocs,490ec36471275164d104f155ef7ebbc70c5f7eea,tournament_sort_from_qrels,qrels,25,0.701032,0.509394,0.25,1.0,4.0,4
scidocs,2a65434d43ffa6554eaf14b728780919ad4f33eb,tournament_sort_from_qrels,qrels,26,0.682199,0.496825,0.25,1.0,0.0,0
scidocs,999c4ffe9ccf530e62c60fac1271a3787b2c20a9,tournament_sort_from_qrels,qrels,27,0.95583,0.8875,0.2,1.0,0.0,0
scidocs,3a63667284dc8b9687ed1620406030bfe39af3c9,tournament_sort_from_qrels,qrels,24,0.87381,0.729524,0.25,1.0,0.0,0
scidocs,958ebc7e24012b419316489515f2c2f908773bd5,tournament_sort_from_qrels,qrels,25,0.706677,0.544242,0.25,1.0,3.0,3
scidocs,c52a6f0bfca069a0a083ddbc60a3b0d782067cbd,tournament_sort_from_qrels,qrels,25,0.60803,0.389281,0.25,1.0,16.0,16
scidocs,337f48a82d9d2739d35b41cfc4e8cd3dc906639d,tournament_sort_from_qrels,qrels,26,0.90726,0.764444,0.25,1.0,1.0,1
scidocs,c1af0af74d9227591f4464d09d3d4c077e3f53df,tournament_sort_from_qrels,qrels,23,1.0,1.0,0.25,1.0,0.0,0
scidocs,9de5cc4b40216b12b4c8fc6c8030bcf5590d03f6,tournament_sort_from_qrels,qrels,28,0.665554,0.435948,0.25,1.0,11.0,11
scidocs,c3dafc91e315d27933b6420be2a77f5639881213,tournament_sort_from_qrels,qrels,24,0.938722,0.826667,0.25,1.0,7.0,7
scidocs,6f3b604e98cf705c73c8685aae6c0e911a22a26b,tournament_sort_from_qrels,qrels,26,0.589024,0.413492,0.25,1.0,0.0,0
scidocs,505942c5f9b5779bda2859e22e9ed0b1c0c7b54a,tournament_sort_from_qrels,qrels,26,0.634688,0.385014,0.25,1.0,21.0,21
scidocs,cae23343d2efddca3592b08a521a896af5098248,tournament_sort_from_qrels,qrels,26,0.956591,0.87619,0.25,1.0,2.0,2
scidocs,349fd2000d792b53471cfd98decfd2cb5df5ac7d,tournament_sort_from_qrels,qrels,26,0.889109,0.725397,0.25,1.0,3.0,3
scidocs,8f8e0e4eca7cbc30cddea7f92d1dc0293342e9bb,tournament_sort_from_qrels,qrels,27,0.718558,0.549167,0.25,1.0,4.0,4
scidocs,f14069aaa8b234dfafd3292863c0e610288fbc80,tournament_sort_from_qrels,qrels,27,0.781651,0.71,0.25,1.0,0.0,0
scidocs,83af09784042dcac564a82f28cfa3a11519db882,tournament_sort_from_qrels,qrels,26,0.746957,0.494719,0.25,1.0,12.0,12
scidocs,3be10c45163c61dfb9f250412699b3f8cb0ada1d,tournament_sort_from_qrels,qrels,26,0.893007,0.768333,0.25,1.0,1.0,1
scidocs,2bd338ef8751b62d23e53fbb44d67042d634da2f,tournament_sort_from_qrels,qrels,28,0.909561,0.755556,0.25,1.0,8.0,8
scidocs,03d23160e7066e5adab0d55779287e3c4982b9d5,tournament_sort_from_qrels,qrels,25,0.970929,0.916667,0.2,1.0,1.0,1
scidocs,6097c33a382c62a44379926ee96b23b51dba49c4,tournament_sort_from_qrels,qrels,28,0.619907,0.376419,0.25,1.0,7.0,7
scidocs,350db81caaa9c8dc1572f97d90bb8e13b0100bbb,tournament_sort_from_qrels,qrels,27,0.704514,0.522222,0.25,1.0,0.0,0
scidocs,129397ed6557da93db5ba18cf112ee7b0a7927d8,tournament_sort_from_qrels,qrels,27,0.81858,0.612157,0.25,1.0,5.0,5
scidocs,7989208727ceb32b10a51682a116ce762691daa6,tournament_sort_from_qrels,qrels,27,0.672044,0.465812,0.25,1.0,2.0,2
scidocs,26ebc1b9e21db68d5abf01acd2a0c38d260c65a1,tournament_sort_from_qrels,qrels,25,1.0,1.0,0.25,1.0,0.0,0
scidocs,40c3f90f0abf842ee6f6009c414fde4f86b82005,tournament_sort_from_qrels,qrels,28,0.758492,0.505013,0.25,1.0,7.0,7
scidocs,703099734f70f0cc00773ee54b4385f89afa7afe,tournament_sort_from_qrels,qrels,25,0.9188,0.776923,0.25,1.0,4.0,4
scidocs,4844e73b6f94f81455d1303cdb9621f1cf394e96,tournament_sort_from_qrels,qrels,26,0.915372,0.770909,0.25,1.0,6.0,6
scidocs,9fc4bae3e7ad7c9646c5e38b093d667947bba78d,tournament_sort_from_qrels,qrels,27,0.656745,0.496923,0.25,1.0,3.0,3
scidocs,4649e3279edf653135f1f31da3e242ba451a93de,tournament_sort_from_qrels,qrels,24,0.812362,0.562614,0.25,1.0,23.0,23
scidocs,66ef0f611b2b5b22dd3eb13a144c0e7d3286623a,tournament_sort_from_qrels,qrels,27,0.569039,0.321644,0.25,1.0,14.0,14
scidocs,375dc2acc3f54cb0d386dbc2d969366e32d2839f,tournament_sort_from_qrels,qrels,24,0.725124,0.59619,0.25,1.0,0.0,0
scidocs,cf9d4048d39c63d96433b6f45fb6a951b0308607,tournament_sort_from_qrels,qrels,24,0.88062,0.734242,0.25,1.0,3.0,3
scidocs,3d9180d48a6c19eb59f5ba6cef378720758b2ed3,tournament_sort_from_qrels,qrels,25,0.612535,0.430159,0.25,1.0,0.0,0
scidocs,6745710034803993433dd42001a860d70c99f75c,tournament_sort_from_qrels,qrels,26,0.724424,0.572619,0.25,1.0,0.0,0
scidocs,de1505819e145b5c22a6e09002510413019f7228,tournament_sort_from_qrels,qrels,25,0.686049,0.519286,0.25,1.0,0.0,0
scidocs,b489d537d5523ab2351c866835a4d03194eb2414,tournament_sort_from_qrels,qrels,26,0.792325,0.552967,0.25,1.0,6.0,6
scidocs,7c080093943b2001224ac6608436c83d82a79a83,tournament_sort_from_qrels,qrels,27,0.739314,0.595965,0.25,1.0,7.0,7
scidocs,281b6888d5df1dddb350fac4e9be5c8272519109,tournament_sort_from_qrels,qrels,26,0.974743,0.926667,0.25,1.0,0.0,0
scidocs,7e3b5f0ffec62944f4b97a50553a12a39f54ba4a,tournament_sort_from_qrels,qrels,28,0.87268,0.678824,0.25,1.0,7.0,7
scidocs,8fad88b5678bfecab78d0d6389f649ccfb310d22,tournament_sort_from_qrels,qrels,26,0.551388,0.361032,0.25,1.0,0.0,0
scidocs,600994f3d8caad52145cc65bf1bfcd883b74a813,tournament_sort_from_qrels,qrels,27,0.523548,0.293182,0.2,1.0,9.0,9
scidocs,ceb688c5ed7cca450dd52442edfb5ca2392a8b74,tournament_sort_from_qrels,qrels,27,0.655944,0.497778,0.25,1.0,2.0,2
scidocs,03725753e46ee9b13cbdfa78c9b62700d4cc2956,tournament_sort_from_qrels,qrels,26,0.811223,0.619286,0.25,1.0,0.0,0
scidocs,2b234385356cb10d448908cef49584bece15d94b,tournament_sort_from_qrels,qrels,26,0.851072,0.651515,0.2,1.0,4.0,4
scidocs,603d0764234f5a35036dc9620f13e144a45ffc21,tournament_sort_from_qrels,qrels,26,0.781651,0.71,0.25,1.0,0.0,0
scidocs,79e13ff4a21f13d3839422568274ea84a9fe42b5,tournament_sort_from_qrels,qrels,25,0.789824,0.563333,0.25,1.0,6.0,6
scidocs,08c970df2d62d4bc27e65e8c389a0227a41109a5,tournament_sort_from_qrels,qrels,27,0.89186,0.720909,0.25,1.0,0.0,0
scidocs,83591848730f3fc7f208d4646ed4338c237bd161,tournament_sort_from_qrels,qrels,27,0.706677,0.544242,0.25,1.0,2.0,2
scidocs,5a4b46ef8898610ab16a1ced6f4a976db0f1962c,tournament_sort_from_qrels,qrels,26,0.803483,0.570909,0.25,1.0,6.0,6
scidocs,3d23666c6d97d6ba3c86044d83c697821084bed6,tournament_sort_from_qrels,qrels,26,0.956591,0.87619,0.25,1.0,0.0,0
scidocs,64abfbc0b66ec8579a92a33dca19e92bc2095ea2,tournament_sort_from_qrels,qrels,23,1.0,1.0,0.15,1.0,0.0,0
scidocs,b8c7a947bda15a4f8a4b2f5e8cb8cd35a193fe4c,tournament_sort_from_qrels,qrels,25,0.825524,0.631111,0.25,1.0,0.0,0
scidocs,522ef548c054fd03109ff1886d243a11ce6d1e2a,tournament_sort_from_qrels,qrels,26,0.908894,0.762632,0.25,1.0,8.0,8
scidocs,a8a4cf29c7483f5eed5aa808df2225661506e1b4,tournament_sort_from_qrels,qrels,27,0.792509,0.576825,0.25,1.0,0.0,0
scidocs,59aa88a5648e602d4e9aa4e9f12dedd112126bf7,tournament_sort_from_qrels,qrels,26,0.869357,0.683824,0.2,1.0,8.0,8
scidocs,11f7d9b2017abd46c756df533618d2c4326fd3cb,tournament_sort_from_qrels,qrels,26,0.700912,0.539286,0.25,1.0,0.0,0
scidocs,7a373793804ea9813d64641919e14841f927c38f,tournament_sort_from_qrels,qrels,25,0.906825,0.81,0.25,1.0,0.0,0
scidocs,824ca251d71258bdac66af55966b8ce39cf3042f,tournament_sort_from_qrels,qrels,28,0.832826,0.601894,0.25,1.0,6.0,6
scidocs,7c88a0f765ce3c9025345cf133251cb947fe6ee5,tournament_sort_from_qrels,qrels,25,1.0,1.0,0.25,1.0,0.0,0
scidocs,a644a3ab091cc30897a707997c43fd4e5dc395b5,tournament_sort_from_qrels,qrels,25,0.725124,0.59619,0.25,1.0,0.0,0
scidocs,0b40af1ad2b9781fa14e999db2d7d3270b6d2862,tournament_sort_from_qrels,qrels,25,0.710369,0.526923,0.25,1.0,8.0,8
scidocs,d8643f4ada0b138bcbe210f84735eac87b220a07,tournament_sort_from_qrels,qrels,24,0.925026,0.800909,0.25,1.0,2.0,2
scidocs,901c7f0cbf7701c66921c918e553d2ecfbb4df34,tournament_sort_from_qrels,qrels,24,1.0,1.0,0.2,1.0,0.0,0
scidocs,d27272027cd84341070fd4b7eb7e03dcb514d93f,tournament_sort_from_qrels,qrels,29,0.9188,0.776923,0.25,1.0,3.0,3
scidocs,1fd7fc06653723b05abe5f3d1de393ddcf6bdddb,tournament_sort_from_qrels,qrels,26,0.725124,0.59619,0.25,1.0,0.0,0
scidocs,5437b5cfb0f8eda908559a16e7ed7d7b64be641b,tournament_sort_from_qrels,qrels,28,0.667184,0.463889,0.25,1.0,0.0,0
scidocs,67f9f2cf408b2cc593a9ddb17d74d2b3f72ee225,tournament_sort_from_qrels,qrels,27,0.903202,0.753333,0.25,1.0,2.0,2
scidocs,e8cda2c754670850ec722799640c6cb42dfb8199,tournament_sort_from_qrels,qrels,27,0.974743,0.926667,0.25,1.0,0.0,0
scidocs,c5f0a4418c1025ea8a21f0f997dfe7e4ce176594,tournament_sort_from_qrels,qrels,23,0.680718,0.562857,0.25,1.0,0.0,0
scidocs,1fdec82c846cb843a496e5edfec72787f34d308a,tournament_sort_from_qrels,qrels,26,0.878418,0.692105,0.25,1.0,18.0,18
scidocs,8e35888c532802145288d1b218ac8a684e3a6d0a,tournament_sort_from_qrels,qrels,28,0.852785,0.645909,0.25,1.0,3.0,3
scidocs,46b5188d0f11fcb62d95516bef94cdc929f0de40,tournament_sort_from_qrels,qrels,25,0.942773,0.839286,0.25,1.0,0.0,0
scidocs,a5f27c9cc188c15c0a7e019d666bed767d3c34d9,tournament_sort_from_qrels,qrels,27,0.81587,0.597222,0.25,1.0,0.0,0
scidocs,689f8d21021c0c9b9678d5a7903f9e9442380113,tournament_sort_from_qrels,qrels,27,0.960925,0.885,0.25,1.0,1.0,1
scidocs,d535ec1a520ca6e29902fafa85b7ab81ad034c1d,tournament_sort_from_qrels,qrels,25,0.888673,0.759524,0.25,1.0,0.0,0
scidocs,472ebd8bc3808530274a49804b38e321cc5b4065,tournament_sort_from_qrels,qrels,26,0.942773,0.839286,0.25,1.0,2.0,2
scidocs,1d8465c3f5aee1b7a790f6eeb44637343861ba47,tournament_sort_from_qrels,qrels,25,0.858596,0.679167,0.25,1.0,6.0,6
scidocs,1e7021eb8e92066b972452a0ce5a54529ca4ba5a,tournament_sort_from_qrels,qrels,27,0.849036,0.664444,0.25,1.0,0.0,0
scidocs,c6c171d2a9be192d60af7b434e4ba2fcbbad7f48,tournament_sort_from_qrels,qrels,24,0.834205,0.622727,0.25,1.0,10.0,10
scidocs,580836f616cbba088996643634363a85e91cccee,tournament_sort_from_qrels,qrels,26,0.888673,0.759524,0.25,1.0,0.0,0
scidocs,e25e514011e2f31a3961aba227ebab437209a6a9,tournament_sort_from_qrels,qrels,28,0.639349,0.390493,0.25,1.0,13.0,13
scidocs,fe2533594e01b374ee12f8d450069b21b572a675,tournament_sort_from_qrels,qrels,28,0.865512,0.661538,0.25,1.0,12.0,12
scidocs,5e1b80b4774582b948c6dcd656daaba6724ffc2d,tournament_sort_from_qrels,qrels,26,1.0,1.0,0.25,1.0,0.0,0
scidocs,8653934b00dfb802a7dd066f8f52c5dd3b267831,tournament_sort_from_qrels,qrels,26,0.666373,0.488889,0.15,1.0,2.0,2
scidocs,39959bc480d2972d8bb925708e6e8ad59664bcdb,tournament_sort_from_qrels,qrels,25,0.572399,0.377778,0.15,1.0,4.0,4
scidocs,45a875e4bd1ec588997858876756098ef85b3d82,tournament_sort_from_qrels,qrels,26,0.951231,0.876667,0.25,1.0,0.0,0
scidocs,5cba21badc50adb5243662c54471011a4333d35e,tournament_sort_from_qrels,qrels,26,0.702715,0.508692,0.25,1.0,12.0,12
scidocs,2520c3d5d114974167561591a57f80e89650f862,tournament_sort_from_qrels,qrels,27,0.682199,0.496825,0.25,1.0,0.0,0
scidocs,43d547304f9cb0ff192e97c411f4ded9ddc01b5c,tournament_sort_from_qrels,qrels,27,0.906825,0.81,0.25,1.0,0.0,0
scidocs,3f64d4fab50db41c0145759b7410fb4c8b977452,tournament_sort_from_qrels,qrels,24,0.646139,0.472632,0.25,1.0,10.0,10
scidocs,951450392f1e08b4dc96d814754a90f61d6151ae,tournament_sort_from_qrels,qrels,27,0.758879,0.643333,0.25,1.0,2.0,2
scidocs,924544f503070bb390cc51e4bac9cbb3171aa03f,tournament_sort_from_qrels,qrels,26,0.850298,0.69619,0.25,1.0,0.0,0
scidocs,4e546c43e5642ecdffd000406f0b35c1e3430a2c,tournament_sort_from_qrels,qrels,24,0.908305,0.761111,0.25,1.0,4.0,4
scidocs,101f6808a0244f725979e6e651bbef2f86410c1d,tournament_sort_from_qrels,qrels,27,0.873663,0.678283,0.25,1.0,9.0,9
scidocs,9d15d72485388b8c4a50f84f81a36cbaf912b090,tournament_sort_from_qrels,qrels,26,0.639499,0.457576,0.25,1.0,2.0,2
scidocs,c9dee006f3b6b2b30e422ad2fd8abb86c751376d,tournament_sort_from_qrels,qrels,25,0.712802,0.419281,0.25,1.0,23.0,23
scidocs,ea41155338edfcbf2891dbfc58698c34b03da068,tournament_sort_from_qrels,qrels,26,0.67752,0.476061,0.25,1.0,4.0,4
scidocs,9d4a4e6f8c14d5d2d0e96ab4893abb8ff706253a,tournament_sort_from_qrels,qrels,25,0.927759,0.8,0.25,1.0,2.0,2
scidocs,a77e9f0bd205a7733431a6d1028f09f57f9f73b0,tournament_sort_from_qrels,qrels,26,0.935192,0.816667,0.25,1.0,1.0,1
scidocs,34cd1723dc4a58217222882f9c6a651ec5bcf7a4,tournament_sort_from_qrels,qrels,25,0.70035,0.531111,0.25,1.0,2.0,2
scidocs,3ae52be664a249f695988575f8affc1f466c1c87,tournament_sort_from_qrels,qrels,25,0.966985,0.902857,0.25,1.0,0.0,0
scidocs,14ee77995be77780bdba07fa7f1613fb5ad09409,tournament_sort_from_qrels,qrels,26,0.749681,0.622619,0.25,1.0,0.0,0
scidocs,ca464085b3da330f2ea895543a78c446a3af1bb6,tournament_sort_from_qrels,qrels,25,0.784071,0.549841,0.25,1.0,15.0,15
scidocs,d2d001e2a45614528cd014040becb67a80a1af8d,tournament_sort_from_qrels,qrels,27,0.989606,0.966667,0.25,1.0,0.0,0
scidocs,0cf7f818b313a7a16bb33960c6322199a2441e06,tournament_sort_from_qrels,qrels,27,0.951231,0.876667,0.25,1.0,0.0,0
scidocs,979d5c2924eeec9fc98ec9f3e4374ee0c2ddbd24,tournament_sort_from_qrels,qrels,26,0.989606,0.966667,0.25,1.0,0.0,0
scidocs,ebfe1e68abb1782a3d34df61f920375c8b2d6134,tournament_sort_from_qrels,qrels,26,0.715895,0.539394,0.25,1.0,8.0,8
scidocs,5aadc803228b70c3cc6b31e332770d47d7fb1e6e,tournament_sort_from_qrels,qrels,26,0.817086,0.608889,0.25,1.0,8.0,8
scidocs,5358924a48392d24e28afe850fa6849eaa1665d9,tournament_sort_from_qrels,qrels,24,0.724424,0.572619,0.25,1.0,0.0,0
scidocs,1cb77e2a09db58e9e8b37878c7de313d41e6f854,tournament_sort_from_qrels,qrels,25,0.951231,0.876667,0.25,1.0,0.0,0
scidocs,7220d7ec31f6dc6ad7030f601743b5392513a2d9,tournament_sort_from_qrels,qrels,25,0.854945,0.672222,0.25,1.0,6.0,6
scidocs,c2e6fde7addee6983243e487536d089e3b434810,tournament_sort_from_qrels,qrels,26,0.8464,0.631061,0.25,1.0,8.0,8
scidocs,ddbf21ca1de9617894b15d45787a27557f02a494,tournament_sort_from_qrels,qrels,26,0.599417,0.426825,0.25,1.0,0.0,0
scidocs,616b7093cfe6ec679f25d63f62c16e937227258f,tournament_sort_from_qrels,qrels,25,0.956591,0.87619,0.25,1.0,2.0,2
scidocs,ed19aa4eb626c3fc5a64b858bae5f2cdd71e1193,tournament_sort_from_qrels,qrels,26,0.913904,0.765812,0.25,1.0,5.0,5
scidocs,a4f5fd6f54e3a6222fbc5d8e0b7f85ce89d0237e,tournament_sort_from_qrels,qrels,26,0.658907,0.431469,0.25,1.0,12.0,12
scidocs,41b61cca52de9db6dcd6f36700cd0420cc7cd024,tournament_sort_from_qrels,qrels,25,0.74992,0.620256,0.25,1.0,4.0,4
scidocs,d68359c196ed7316b928b9dbeabe556cddbb2427,tournament_sort_from_qrels,qrels,26,0.531732,0.285997,0.25,1.0,12.0,12
scidocs,2ea78e128bec30fb1a623c55ad5d55bb99190bd2,tournament_sort_from_qrels,qrels,26,0.826086,0.639286,0.25,1.0,0.0,0
scidocs,e2f78d2f75a807b89a13115a206da4661361fa71,tournament_sort_from_qrels,qrels,26,0.875094,0.720256,0.25,1.0,3.0,3
scidocs,09d275d72bdd404df1270ca0d23574c10c27e4ac,tournament_sort_from_qrels,qrels,25,0.904398,0.759286,0.25,1.0,0.0,0
scidocs,d2be35d1221c29c3ffba998b91d68dfd7c5c65f0,tournament_sort_from_qrels,qrels,27,0.815812,0.589394,0.25,1.0,5.0,5
scidocs,ddaaf26fe78fa533bfa54e3835844168d688f164,tournament_sort_from_qrels,qrels,25,0.951231,0.876667,0.25,1.0,0.0,0
scidocs,1d1bc7c5ab704db04a72efb063fb1db6fc07f85c,tournament_sort_from_qrels,qrels,25,0.886498,0.712157,0.25,1.0,10.0,10
scidocs,063c6ae786c34d3722c6d9060df6339e246bbc3b,tournament_sort_from_qrels,qrels,25,0.818033,0.610909,0.25,1.0,3.0,3
scidocs,cb3d6142bfa0938aa6f8cb86697c40a7837c08f0,tournament_sort_from_qrels,qrels,25,0.644354,0.416061,0.25,1.0,6.0,6
scidocs,f852431fb190fdc6feb95e5bd319a58039519076,tournament_sort_from_qrels,qrels,27,0.931817,0.811111,0.25,1.0,0.0,0
scidocs,18422ae57ec0318fb4c200fdcf7c6e145208d792,tournament_sort_from_qrels,qrels,27,1.0,1.0,0.25,1.0,0.0,0
scidocs,1b44df3232099b13e3aac7fc5811a946133d6db6,tournament_sort_from_qrels,qrels,25,0.847454,0.654242,0.25,1.0,4.0,4
scidocs,636e8a004983a26647e11be23165bdae83a68a5a,tournament_sort_from_qrels,qrels,25,0.678309,0.470909,0.25,1.0,6.0,6
scidocs,eed682efa845495dd2563b5cf2797cb32f9bcac7,tournament_sort_from_qrels,qrels,25,0.641643,0.485952,0.25,1.0,0.0,0
scidocs,1bc5ea91875143e0526ac587b9c4aa6c64ceec98,tournament_sort_from_qrels,qrels,28,0.654476,0.491429,0.25,1.0,4.0,4
scidocs,54356ff0960100e27cf17ff682825bba2662e90c,tournament_sort_from_qrels,qrels,26,0.880425,0.696923,0.25,1.0,7.0,7
scidocs,0bfa2ab02f3c9a9fe06fcebf34bd8f371e206512,tournament_sort_from_qrels,qrels,25,0.854753,0.684524,0.2,1.0,0.0,0
scidocs,26b90ccf7541fd2cd4235118493e1e49d358c351,tournament_sort_from_qrels,qrels,25,0.742175,0.602157,0.25,1.0,8.0,8
scidocs,45fdc73a239e9c6ea65e98c96f6a2d6dc35d6f72,tournament_sort_from_qrels,qrels,26,0.906825,0.81,0.25,1.0,0.0,0
scidocs,4715401473dca02ebaa5bdd4d4003705ed91c380,tournament_sort_from_qrels,qrels,27,0.642927,0.46359,0.25,1.0,5.0,5
scidocs,d6be438df373dedf06d6c062596d4e40f59b022c,tournament_sort_from_qrels,qrels,26,0.849598,0.672619,0.25,1.0,0.0,0
scidocs,3aba958809c43b0af8df66e5338d9310549eeb58,tournament_sort_from_qrels,qrels,25,0.70113,0.505556,0.25,1.0,13.0,13
scidocs,208d2d6ae61955d93b13a5a497c10ba8c7086e87,tournament_sort_from_qrels,qrels,27,0.948636,0.855556,0.25,1.0,6.0,6
scidocs,0bbdd4905f23994e0b5a0d91fc332b2af336f1e8,tournament_sort_from_qrels,qrels,27,0.878418,0.692105,0.25,1.0,16.0,16
scidocs,74c472360ec199703b5e460308bf5ed29e38f67b,tournament_sort_from_qrels,qrels,26,0.849598,0.672619,0.25,1.0,0.0,0
scidocs,13c47ed140cc36191678a48b3115939cd0aa8314,tournament_sort_from_qrels,qrels,27,0.636397,0.385948,0.25,1.0,16.0,16
scidocs,52d67b1ffaa5a135ff401e1ee0a2ff18571f2ce1,tournament_sort_from_qrels,qrels,25,0.960449,0.883333,0.25,1.0,3.0,3
scidocs,78ed1c69f4f5f5b56cbb9432ee06a2cf71d162e2,tournament_sort_from_qrels,qrels,29,0.888012,0.709774,0.25,1.0,10.0,10
scidocs,fcce89d4b212d5ba5ffd2c84498bad8275505d84,tournament_sort_from_qrels,qrels,26,0.781651,0.71,0.25,1.0,0.0,0
scidocs,d15f8891e586a9c19c9fc30fa636e764c9eeaff9,tournament_sort_from_qrels,qrels,27,0.769528,0.516061,0.25,1.0,3.0,3
scidocs,4bec8908ef97074b4f9a0f1c1693e58e867ff19d,tournament_sort_from_qrels,qrels,27,0.918216,0.79619,0.25,1.0,0.0,0
scidocs,5a4b138603821d758d5e51c8f8fb0ff1696901d7,tournament_sort_from_qrels,qrels,25,0.835965,0.603333,0.25,1.0,18.0,18
scidocs,318e36796798d173020e2c92ea4188b60d84a450,tournament_sort_from_qrels,qrels,27,0.893007,0.768333,0.25,1.0,1.0,1
scidocs,fd4677e1b2cd0cba66ab4a64cbd1fe015d3a742b,tournament_sort_from_qrels,qrels,26,0.787206,0.556786,0.25,1.0,6.0,6
scidocs,2561aa198e3a7a0b507122f543acafa80481e1b9,tournament_sort_from_qrels,qrels,26,0.918216,0.79619,0.25,1.0,0.0,0
scidocs,49aa693db2d6d6a9486a9c9b6e1ac653fe12ab97,tournament_sort_from_qrels,qrels,25,0.915372,0.770909,0.25,1.0,6.0,6
scidocs,87601a4866373c63b4fd070214cab8b40b50058c,tournament_sort_from_qrels,qrels,25,0.754715,0.504242,0.25,1.0,3.0,3
scidocs,e27aff8fffd4ad43275d355202a135f848be0e76,tournament_sort_from_qrels,qrels,26,0.580817,0.356046,0.25,1.0,9.0,9
scidocs,6c42c5d99cd594da9fd18c5fdb67e015455dde6e,tournament_sort_from_qrels,qrels,25,0.894004,0.739286,0.25,1.0,3.0,3
scidocs,64ddfb947878347a30610b6ca2314fe2bac96a4a,tournament_sort_from_qrels,qrels,24,0.715116,0.5625,0.2,1.0,5.0,5
scidocs,195a5a538eacb89dcd4cf3fe2c0600ea61dbd15e,tournament_sort_from_qrels,qrels,25,0.769528,0.516061,0.25,1.0,12.0,12
scidocs,d2662c5f2b4aca17f7e9ce70074d2eb829b4f38d,tournament_sort_from_qrels,qrels,26,0.874855,0.722619,0.25,1.0,0.0,0
scidocs,23a7c8d9f142184d28e56b0751e172fef6539275,tournament_sort_from_qrels,qrels,29,0.617194,0.410256,0.25,1.0,4.0,4
scidocs,68cc5038a4937b96f1bf127dd574ac7b713bfa72,tournament_sort_from_qrels,qrels,28,0.801284,0.571429,0.25,1.0,4.0,4
scidocs,3dcc819e642beafccd3f6bffa434767d1a818eb1,tournament_sort_from_qrels,qrels,26,0.922012,0.785965,0.25,1.0,8.0,8
scidocs,2d52f69dd4686a3e66f5a8a1650a24bcea43530e,tournament_sort_from_qrels,qrels,27,1.0,1.0,0.25,1.0,0.0,0
scidocs,23386571ed332e4a465c0a6fa899f310caa217c8,tournament_sort_from_qrels,qrels,26,1.0,1.0,0.25,1.0,0.0,0
scidocs,849534526c074568abbfd6daf45c3532b0a18133,tournament_sort_from_qrels,qrels,26,0.762937,0.654444,0.25,1.0,2.0,2
scidocs,b4333da9831681151015f61b46aff3843eeb5847,tournament_sort_from_qrels,qrels,26,0.951231,0.876667,0.25,1.0,0.0,0
scidocs,fcd16bfffd4131b2f41f90b4c832415aea55038b,tournament_sort_from_qrels,qrels,26,0.723862,0.564444,0.25,1.0,0.0,0
scidocs,542215d9c86220acd32dbe07a4fcd882c3912952,tournament_sort_from_qrels,qrels,26,0.8307,0.6163,0.25,1.0,8.0,8
scidocs,c2e57b2871fdfd06566820c5329815ac06f66197,tournament_sort_from_qrels,qrels,26,0.970892,0.911111,0.25,1.0,2.0,2
scidocs,95a6d727526421dc176cfc831d4413ea3487e4f0,tournament_sort_from_qrels,qrels,28,0.811223,0.619286,0.25,1.0,0.0,0
scidocs,c46d80f83813fba0e8363a0ab36a19fba062540e,tournament_sort_from_qrels,qrels,25,0.781651,0.71,0.25,1.0,0.0,0
scidocs,7a26676a07796e2b910dd556c6691d264a7e774c,tournament_sort_from_qrels,qrels,26,0.725124,0.59619,0.25,1.0,0.0,0
scidocs,74bd4761b373447079c6e5cd31832c00fab2fa77,tournament_sort_from_qrels,qrels,28,0.819822,0.597619,0.25,1.0,7.0,7
scidocs,ae2b67d03512dd0f13a68636d1d7f83cc889318a,tournament_sort_from_qrels,qrels,26,0.691396,0.508889,0.25,1.0,2.0,2
scidocs,7e7f843b9638ee9dc321fcd348ea2185b9126854,tournament_sort_from_qrels,qrels,24,0.951231,0.876667,0.25,1.0,0.0,0
scidocs,7b787a261a82e5488fc972d2b6541f778c81ed78,tournament_sort_from_qrels,qrels,25,0.700912,0.539286,0.25,1.0,0.0,0
scidocs,4fa89f6ffef921580718222c55fa17973a7c366d,tournament_sort_from_qrels,qrels,25,0.701312,0.419331,0.25,1.0,16.0,16
scidocs,2d2f14551b8b7163558e97902e7b456b0ba0a8d0,tournament_sort_from_qrels,qrels,26,0.698882,0.524762,0.25,1.0,5.0,5
scidocs,d8dea89f5c7fb15d5ba16d2edcd2933a25789ee6,tournament_sort_from_qrels,qrels,24,0.865855,0.698889,0.25,1.0,9.0,9
scidocs,8a6080396fa7195c7c627bea4b2aeeb9ca39b5f8,tournament_sort_from_qrels,qrels,25,0.767101,0.530556,0.25,1.0,0.0,0
scidocs,a6500d8800010e79d83800c9e433435efbc4398e,tournament_sort_from_qrels,qrels,25,0.951231,0.876667,0.25,1.0,0.0,0
scidocs,79729be88ecf76e5e964ffb25e8bc3b396feacb4,tournament_sort_from_qrels,qrels,25,0.767101,0.530556,0.25,1.0,4.0,4
scidocs,399acab2bee6eccbfffe4a2ce688b6b1075e9c5e,tournament_sort_from_qrels,qrels,27,0.951231,0.876667,0.25,1.0,0.0,0
scidocs,232427099d4a8acf1dc29efc852f09c5964e6165,tournament_sort_from_qrels,qrels,29,0.879785,0.694444,0.25,1.0,12.0,12
scidocs,d1c0cc34e1b6eaa8bdc2221d83377063be951196,tournament_sort_from_qrels,qrels,28,0.937413,0.835,0.25,1.0,1.0,1
scidocs,0f2c82218b1858e414df5d50171e97694c60e542,tournament_sort_from_qrels,qrels,28,0.906825,0.81,0.25,1.0,0.0,0
scidocs,62d588d2200ab2cbee153a8998a7fa98c30cf7bb,tournament_sort_from_qrels,qrels,26,0.951231,0.876667,0.25,1.0,0.0,0
scidocs,4acb38f96f3f69a443e1684040c14d1cecc4f841,tournament_sort_from_qrels,qrels,26,0.807372,0.596825,0.25,1.0,0.0,0
scidocs,76abf690192e6b6219d7691d0925894c433ddf2a,tournament_sort_from_qrels,qrels,28,0.783555,0.554603,0.25,1.0,0.0,0
scidocs,b2a93309a451eae2b9b40e768a4831e1e3fc6d2b,tournament_sort_from_qrels,qrels,25,0.583342,0.411111,0.15,1.0,0.0,0
scidocs,714c194a2fc326151b905270558aa137f9f22730,tournament_sort_from_qrels,qrels,26,0.792509,0.576825,0.25,1.0,0.0,0
scidocs,785e957937b1d0de27c39c916e74aa02220cc27e,tournament_sort_from_qrels,qrels,25,0.64699,0.475556,0.25,1.0,4.0,4
scidocs,da8fcbcb25d73558752e1d2b1f34c0e5df07ab65,tournament_sort_from_qrels,qrels,27,0.540995,0.354365,0.25,1.0,0.0,0
scidocs,f072d0363f437fd5ccf359bbe2fc9afaa5cfa831,tournament_sort_from_qrels,qrels,24,0.887358,0.708889,0.25,1.0,17.0,17
scidocs,29378306c07a78cff615f1b2ddea4d5baca4a199,tournament_sort_from_qrels,qrels,26,0.904665,0.744444,0.25,1.0,11.0,11
scidocs,9c4d7805f3724fb7b866950eaa0505952ff25fd0,tournament_sort_from_qrels,qrels,25,0.926514,0.795833,0.25,1.0,7.0,7
scidocs,4b82b3bf2b30d74c083940a86db5b09e4b81f0af,tournament_sort_from_qrels,qrels,26,0.951231,0.876667,0.25,1.0,0.0,0
scidocs,52f8eb239997d9a324d4794529c60522db8d08bf,tournament_sort_from_qrels,qrels,28,0.906875,0.755195,0.25,1.0,2.0,2
scidocs,de6411cb46cf889ba279ffc1a704168d75aae0b1,tournament_sort_from_qrels,qrels,24,1.0,1.0,0.25,1.0,0.0,0
scidocs,5157dde17a69f12c51186ffc20a0a6c6847f1a29,tournament_sort_from_qrels,qrels,26,0.727554,0.455278,0.25,1.0,11.0,11
scidocs,80d9843338d07778dac65157a2c881892a28b821,tournament_sort_from_qrels,qrels,28,0.722529,0.553175,0.25,1.0,7.0,7
scidocs,3cfa669b42a1e0e87bf3aca4d491039495ef87f8,tournament_sort_from_qrels,qrels,24,0.752494,0.626667,0.25,1.0,3.0,3
scidocs,a1ac90b17d79e2053ca77808bcf87bcd9c1fddd1,tournament_sort_from_qrels,qrels,25,0.951231,0.876667,0.25,1.0,0.0,0
scidocs,3b198869df03d98b81c0c882753845a3bca36c63,tournament_sort_from_qrels,qrels,26,0.680718,0.562857,0.25,1.0,0.0,0
scidocs,bd185e4f80d1fa2def96815269ec60dff862a7a1,tournament_sort_from_qrels,qrels,26,0.623717,0.385965,0.2,1.0,18.0,18
scidocs,eaf4756c12cfdae09ad3c82696ec1c16271a9348,tournament_sort_from_qrels,qrels,26,0.84856,0.655556,0.25,1.0,4.0,4
scidocs,79b97a68a26c38e8441e3f7902c6f6cf5d975622,tournament_sort_from_qrels,qrels,26,0.646139,0.472632,0.25,1.0,8.0,8
scidocs,05dba74b1ecf7e40b2a904e2d797768ef79832d3,tournament_sort_from_qrels,qrels,24,0.951231,0.876667,0.25,1.0,0.0,0
scidocs,7b49bd891f632ca6e86e5ccccdc3761ceb3fd277,tournament_sort_from_qrels,qrels,25,0.67752,0.476061,0.25,1.0,6.0,6
scidocs,177f06f0b11a911317f500b455adeeadf9d48e00,tournament_sort_from_qrels,qrels,26,0.779972,0.537576,0.25,1.0,3.0,3
scidocs,41b807511a65feac98485427597f9b45c892595b,tournament_sort_from_qrels,qrels,25,0.738056,0.593333,0.25,1.0,10.0,10
scidocs,68f9901394bf28b5172fbe841709e3e589572052,tournament_sort_from_qrels,qrels,26,0.641517,0.394872,0.25,1.0,19.0,19
scidocs,2ad961db4b9075a33f0725dd5c79074de993c5e4,tournament_sort_from_qrels,qrels,26,0.81657,0.608889,0.25,1.0,4.0,4
scidocs,a5cb9e716b2e3c54518ed0b05a4cc0c4256e53c2,tournament_sort_from_qrels,qrels,24,0.915372,0.770909,0.25,1.0,4.0,4
scidocs,39dba6f22d72853561a4ed684be265e179a39e4f,tournament_sort_from_qrels,qrels,26,0.631063,0.436667,0.25,1.0,10.0,10
scidocs,45182cf235fd8f9dd8a81f61f3efd488f78df75e,tournament_sort_from_qrels,qrels,28,0.876135,0.686667,0.25,1.0,3.0,3
scidocs,fa36e9da13f7a055ce95beb61035c72b6d89e2cb,tournament_sort_from_qrels,qrels,26,0.589763,0.387698,0.25,1.0,0.0,0
scidocs,2468a43e935adcee0303ba39e348c2bc0c4379a7,tournament_sort_from_qrels,qrels,28,0.637792,0.463492,0.25,1.0,0.0,0
scidocs,59e2037f5079794cb9128c7f0900a568ced14c2a,tournament_sort_from_qrels,qrels,26,0.974743,0.926667,0.25,1.0,0.0,0
scidocs,7a5e33718ca81495b2db4a1688bdb5a555816a87,tournament_sort_from_qrels,qrels,27,0.901191,0.738095,0.25,1.0,8.0,8
scidocs,27efc45254159de1a18554ba8cb603ee70a1f266,tournament_sort_from_qrels,qrels,28,0.531639,0.285928,0.25,1.0,14.0,14
scidocs,a98d48b6c4188143dbb2474a1cb27c2f9e3b5c0a,tournament_sort_from_qrels,qrels,24,0.715895,0.539394,0.25,1.0,8.0,8
scidocs,c104626e93e0b8115b4673f63e10f69cdf97801c,tournament_sort_from_qrels,qrels,27,0.937877,0.825397,0.25,1.0,2.0,2
scidocs,c6d97883da23b07a2031ff65076670eeb11b59d6,tournament_sort_from_qrels,qrels,27,0.911755,0.768824,0.25,1.0,6.0,6
scidocs,bb93fdae023ee2978e82f47c1c069b973046ef1e,tournament_sort_from_qrels,qrels,28,0.893142,0.720362,0.25,1.0,8.0,8
scidocs,b42c7b6e9fc032cf70cdcbdab05ce898be0a3a6e,tournament_sort_from_qrels,qrels,27,0.682199,0.496825,0.25,1.0,0.0,0
scidocs,41e5ed6744f1c901a55ee68ea8235d3340e32528,tournament_sort_from_qrels,qrels,24,0.700912,0.539286,0.25,1.0,0.0,0
scidocs,1571f50f52761a7a3537f12a88be487e5a0e7ad4,tournament_sort_from_qrels,qrels,26,0.752774,0.482967,0.25,1.0,9.0,9
scidocs,e76f37bc17b1b9f2fb4b5296c7282787729523a2,tournament_sort_from_qrels,qrels,28,0.738521,0.471032,0.25,1.0,7.0,7
scidocs,65a858ca95dcfa032e812a7f1fc7ee5bdac88f5b,tournament_sort_from_qrels,qrels,26,0.83284,0.623175,0.25,1.0,7.0,7
scidocs,9557be29d86add8994b7df670c15eaa872995a10,tournament_sort_from_qrels,qrels,27,0.641643,0.485952,0.25,1.0,0.0,0
scidocs,0416f5d1564d1f2a597acac04e81b02b2eff67d2,tournament_sort_from_qrels,qrels,26,1.0,1.0,0.25,1.0,0.0,0
scidocs,6ec004e4c1171c4c4858eec7c927f567684b80bc,tournament_sort_from_qrels,qrels,24,0.970892,0.911111,0.25,1.0,2.0,2
scidocs,fe63023bb7434e44b4e63dcf918c6a2f9aaba930,tournament_sort_from_qrels,qrels,27,0.756348,0.485359,0.25,1.0,13.0,13
scidocs,d406239de17bbb4f66d4c835f2a5f1be977b4131,tournament_sort_from_qrels,qrels,25,1.0,1.0,0.2,1.0,0.0,0
scidocs,6173a5266a044872618fd379bb91bda0406f778a,tournament_sort_from_qrels,qrels,28,0.70571,0.530159,0.25,1.0,0.0,0
scidocs,a22e737d38a1bc671893a7ed341aba436571097a,tournament_sort_from_qrels,qrels,27,0.870612,0.676061,0.25,1.0,4.0,4
scidocs,7492683af60d02dbd658acdc61249571f8c20fc8,tournament_sort_from_qrels,qrels,28,0.886334,0.706923,0.25,1.0,5.0,5
scidocs,39d428fd8c6b73ed070921a856f03c2c5b5377ba,tournament_sort_from_qrels,qrels,27,0.540995,0.354365,0.25,1.0,0.0,0
scidocs,47fc2c3e290e05fe9d41441b0270f88f6a8543d8,tournament_sort_from_qrels,qrels,27,0.948636,0.855556,0.25,1.0,6.0,6
scidocs,28115e594c25c99a253557ae96290a9e0d60d3e3,tournament_sort_from_qrels,qrels,26,0.622929,0.443492,0.25,1.0,0.0,0
scidocs,802f3f316f87c6bc675cc55a2a1bf4bb0f12dd1e,tournament_sort_from_qrels,qrels,26,0.865855,0.698889,0.25,1.0,9.0,9
scidocs,573dc953636d90aeb4981e880c4bc0bad7f6cf64,tournament_sort_from_qrels,qrels,25,0.858596,0.679167,0.25,1.0,6.0,6
scidocs,72cf3347ff06226e57214b49801de9fc02df8d52,tournament_sort_from_qrels,qrels,25,0.951231,0.876667,0.25,1.0,0.0,0
scidocs,0963302a589b5476df76040ab22a3315e0f84bb1,tournament_sort_from_qrels,qrels,27,0.742576,0.611667,0.25,1.0,0.0,0
scidocs,648678f1edab0d2139958070744b826d2b24c79e,tournament_sort_from_qrels,qrels,29,0.827376,0.588329,0.25,1.0,9.0,9
