dataset,query_id,method,preference_source,preference_source_note,n_nodes,n_edges,graph_density,n_sccs,largest_scc,is_cyclic,n_non_trivial_sccs,scc_cycle_burden,fas_weight_removed,fas_n_edges_removed,graph_ref_bew_pre,graph_ref_bew_post,graph_ref_pic_pre,graph_ref_pic_post,n_eval_candidates,primary_metric,backward_edge_weight,pairwise_inconsistency,kendall_tau,kendall_tau_legacy,ndcg_at_k,map_at_k,precision_at_k,recall_at_k,pairwise_accuracy,runtime_pref_gen_s,runtime_graph_build_s,runtime_cycle_detect_s,runtime_fas_solver_s,runtime_ranking_s,runtime_evaluation_s,runtime_total_s
scidocs,q_sci_000164,score_sum,qrels,label-derived pairwise preferences from qrels,20,51,0.134211,20,1,False,0,0,0,0,0.0,0.0,0,0,20,ndcg_at_k,0.0,0,1.0,0.288889,1.0,1.0,0.15,1.0,1.0,0.000146,0.000397,4.1e-05,0.000953,3.2e-05,0.001393,0.188114
scidocs,q_sci_000164,borda,qrels,label-derived pairwise preferences from qrels,20,51,0.134211,20,1,False,0,0,0,0,0.0,0.0,0,0,20,ndcg_at_k,0.0,0,1.0,0.288889,1.0,1.0,0.15,1.0,1.0,0.000146,0.000397,4.1e-05,0.000953,2.7e-05,0.001393,0.188114
scidocs,q_sci_000164,pagerank,qrels,label-derived pairwise preferences from qrels,20,51,0.134211,20,1,False,0,0,0,0,0.0,0.0,0,0,20,ndcg_at_k,0.0,0,0.357895,0.422222,1.0,1.0,0.15,1.0,1.0,0.000146,0.000397,4.1e-05,0.000953,0.184607,0.001393,0.188114
scidocs,q_sci_000164,greedy_fas_topological,qrels,label-derived pairwise preferences from qrels,20,51,0.134211,20,1,False,0,0,0,0,0.0,0.0,0,0,20,ndcg_at_k,0.0,0,0.357895,0.422222,1.0,1.0,0.15,1.0,1.0,0.000146,0.000397,4.1e-05,0.000953,7.9e-05,0.001393,0.188114
scidocs,q_sci_000164,greedy_fas_weighted_balance,qrels,label-derived pairwise preferences from qrels,20,51,0.134211,20,1,False,0,0,0,0,0.0,0.0,0,0,20,ndcg_at_k,0.0,0,1.0,0.288889,1.0,1.0,0.15,1.0,1.0,0.000146,0.000397,4.1e-05,0.000953,4.4e-05,0.001393,0.188114
scidocs,q_sci_000164,greedy_fas_copeland,qrels,label-derived pairwise preferences from qrels,20,51,0.134211,20,1,False,0,0,0,0,0.0,0.0,0,0,20,ndcg_at_k,0.0,0,1.0,0.288889,1.0,1.0,0.15,1.0,1.0,0.000146,0.000397,4.1e-05,0.000953,3.5e-05,0.001393,0.188114
scidocs,q_sci_000164,greedy_fas_score_augmented_topological,qrels,label-derived pairwise preferences from qrels,20,51,0.134211,20,1,False,0,0,0,0,0.0,0.0,0,0,20,ndcg_at_k,0.0,0,-0.463158,0.644444,1.0,1.0,0.15,1.0,1.0,0.000146,0.000397,4.1e-05,0.000953,6.4e-05,0.001393,0.188114
scidocs,q_sci_000164,fas_balance_score_prior_alpha_beta,qrels,label-derived pairwise preferences from qrels,20,51,0.134211,20,1,False,0,0,0,0,0.0,0.0,0,0,20,ndcg_at_k,0.0,0,1.0,0.288889,1.0,1.0,0.15,1.0,1.0,0.000146,0.000397,4.1e-05,0.000953,6.5e-05,0.001393,0.188114
scidocs,q_sci_000164,hybrid_rrf_fas_regularized,qrels,label-derived pairwise preferences from qrels,20,51,0.134211,20,1,False,0,0,0,0,0.0,0.0,0,0,20,ndcg_at_k,0.0,0,1.0,0.288889,1.0,1.0,0.15,1.0,1.0,0.000146,0.000397,4.1e-05,0.000953,4.9e-05,0.001393,0.188114
scidocs,q_sci_000164,hybrid_rrf_balance_a05,qrels,label-derived pairwise preferences from qrels,20,51,0.134211,20,1,False,0,0,0,0,0.0,0.0,0,0,20,ndcg_at_k,0.0,0,1.0,0.288889,1.0,1.0,0.15,1.0,1.0,0.000146,0.000397,4.1e-05,0.000953,4e-05,0.001393,0.188114
scidocs,q_sci_000164,hybrid_rrf_copeland_a03,qrels,label-derived pairwise preferences from qrels,20,51,0.134211,20,1,False,0,0,0,0,0.0,0.0,0,0,20,ndcg_at_k,0.0,0,1.0,0.288889,1.0,1.0,0.15,1.0,1.0,0.000146,0.000397,4.1e-05,0.000953,3.7e-05,0.001393,0.188114
scidocs,q_sci_000164,hybrid_rrf_priority_topo_a03,qrels,label-derived pairwise preferences from qrels,20,51,0.134211,20,1,False,0,0,0,0,0.0,0.0,0,0,20,ndcg_at_k,0.0,0,-0.463158,0.644444,1.0,1.0,0.15,1.0,1.0,0.000146,0.000397,4.1e-05,0.000953,0.000105,0.001393,0.188114
scidocs,q_sci_000383,score_sum,qrels,label-derived pairwise preferences from qrels,20,51,0.134211,20,1,False,0,0,0,0,0.0,0.0,0,0,20,ndcg_at_k,0.0,0,1.0,0.6,1.0,1.0,0.15,1.0,1.0,0.000118,0.000147,3.1e-05,0.000503,2.7e-05,0.001356,0.004808
scidocs,q_sci_000383,borda,qrels,label-derived pairwise preferences from qrels,20,51,0.134211,20,1,False,0,0,0,0,0.0,0.0,0,0,20,ndcg_at_k,0.0,0,1.0,0.6,1.0,1.0,0.15,1.0,1.0,0.000118,0.000147,3.1e-05,0.000503,2e-05,0.001356,0.004808
scidocs,q_sci_000383,pagerank,qrels,label-derived pairwise preferences from qrels,20,51,0.134211,20,1,False,0,0,0,0,0.0,0.0,0,0,20,ndcg_at_k,0.0,0,0.442105,0.466667,1.0,1.0,0.15,1.0,1.0,0.000118,0.000147,3.1e-05,0.000503,0.002177,0.001356,0.004808
scidocs,q_sci_000383,greedy_fas_topological,qrels,label-derived pairwise preferences from qrels,20,51,0.134211,20,1,False,0,0,0,0,0.0,0.0,0,0,20,ndcg_at_k,0.0,0,0.442105,0.466667,1.0,1.0,0.15,1.0,1.0,0.000118,0.000147,3.1e-05,0.000503,6e-05,0.001356,0.004808
scidocs,q_sci_000383,greedy_fas_weighted_balance,qrels,label-derived pairwise preferences from qrels,20,51,0.134211,20,1,False,0,0,0,0,0.0,0.0,0,0,20,ndcg_at_k,0.0,0,1.0,0.6,1.0,1.0,0.15,1.0,1.0,0.000118,0.000147,3.1e-05,0.000503,3.2e-05,0.001356,0.004808
scidocs,q_sci_000383,greedy_fas_copeland,qrels,label-derived pairwise preferences from qrels,20,51,0.134211,20,1,False,0,0,0,0,0.0,0.0,0,0,20,ndcg_at_k,0.0,0,1.0,0.6,1.0,1.0,0.15,1.0,1.0,0.000118,0.000147,3.1e-05,0.000503,2.7e-05,0.001356,0.004808
scidocs,q_sci_000383,greedy_fas_score_augmented_topological,qrels,label-derived pairwise preferences from qrels,20,51,0.134211,20,1,False,0,0,0,0,0.0,0.0,0,0,20,ndcg_at_k,0.0,0,-0.463158,0.333333,1.0,1.0,0.15,1.0,1.0,0.000118,0.000147,3.1e-05,0.000503,5.9e-05,0.001356,0.004808
scidocs,q_sci_000383,fas_balance_score_prior_alpha_beta,qrels,label-derived pairwise preferences from qrels,20,51,0.134211,20,1,False,0,0,0,0,0.0,0.0,0,0,20,ndcg_at_k,0.0,0,1.0,0.6,1.0,1.0,0.15,1.0,1.0,0.000118,0.000147,3.1e-05,0.000503,5.2e-05,0.001356,0.004808
scidocs,q_sci_000383,hybrid_rrf_fas_regularized,qrels,label-derived pairwise preferences from qrels,20,51,0.134211,20,1,False,0,0,0,0,0.0,0.0,0,0,20,ndcg_at_k,0.0,0,1.0,0.6,1.0,1.0,0.15,1.0,1.0,0.000118,0.000147,3.1e-05,0.000503,4e-05,0.001356,0.004808
scidocs,q_sci_000383,hybrid_rrf_balance_a05,qrels,label-derived pairwise preferences from qrels,20,51,0.134211,20,1,False,0,0,0,0,0.0,0.0,0,0,20,ndcg_at_k,0.0,0,1.0,0.6,1.0,1.0,0.15,1.0,1.0,0.000118,0.000147,3.1e-05,0.000503,3.6e-05,0.001356,0.004808
scidocs,q_sci_000383,hybrid_rrf_copeland_a03,qrels,label-derived pairwise preferences from qrels,20,51,0.134211,20,1,False,0,0,0,0,0.0,0.0,0,0,20,ndcg_at_k,0.0,0,1.0,0.6,1.0,1.0,0.15,1.0,1.0,0.000118,0.000147,3.1e-05,0.000503,3.4e-05,0.001356,0.004808
scidocs,q_sci_000383,hybrid_rrf_priority_topo_a03,qrels,label-derived pairwise preferences from qrels,20,51,0.134211,20,1,False,0,0,0,0,0.0,0.0,0,0,20,ndcg_at_k,0.0,0,-0.463158,0.333333,1.0,1.0,0.15,1.0,1.0,0.000118,0.000147,3.1e-05,0.000503,8.9e-05,0.001356,0.004808
scidocs,q_sci_000045,score_sum,qrels,label-derived pairwise preferences from qrels,20,51,0.134211,20,1,False,0,0,0,0,0.0,0.0,0,0,20,ndcg_at_k,0.0,0,1.0,0.377778,1.0,1.0,0.15,1.0,1.0,0.000109,9.6e-05,2.9e-05,0.000507,2.6e-05,0.001405,0.004651
scidocs,q_sci_000045,borda,qrels,label-derived pairwise preferences from qrels,20,51,0.134211,20,1,False,0,0,0,0,0.0,0.0,0,0,20,ndcg_at_k,0.0,0,1.0,0.377778,1.0,1.0,0.15,1.0,1.0,0.000109,9.6e-05,2.9e-05,0.000507,1.9e-05,0.001405,0.004651
scidocs,q_sci_000045,pagerank,qrels,label-derived pairwise preferences from qrels,20,51,0.134211,20,1,False,0,0,0,0,0.0,0.0,0,0,20,ndcg_at_k,0.0,0,0.294737,0.511111,1.0,1.0,0.15,1.0,1.0,0.000109,9.6e-05,2.9e-05,0.000507,0.002025,0.001405,0.004651
scidocs,q_sci_000045,greedy_fas_topological,qrels,label-derived pairwise preferences from qrels,20,51,0.134211,20,1,False,0,0,0,0,0.0,0.0,0,0,20,ndcg_at_k,0.0,0,0.294737,0.511111,1.0,1.0,0.15,1.0,1.0,0.000109,9.6e-05,2.9e-05,0.000507,6e-05,0.001405,0.004651
scidocs,q_sci_000045,greedy_fas_weighted_balance,qrels,label-derived pairwise preferences from qrels,20,51,0.134211,20,1,False,0,0,0,0,0.0,0.0,0,0,20,ndcg_at_k,0.0,0,1.0,0.377778,1.0,1.0,0.15,1.0,1.0,0.000109,9.6e-05,2.9e-05,0.000507,3.3e-05,0.001405,0.004651
scidocs,q_sci_000045,greedy_fas_copeland,qrels,label-derived pairwise preferences from qrels,20,51,0.134211,20,1,False,0,0,0,0,0.0,0.0,0,0,20,ndcg_at_k,0.0,0,1.0,0.377778,1.0,1.0,0.15,1.0,1.0,0.000109,9.6e-05,2.9e-05,0.000507,2.8e-05,0.001405,0.004651
scidocs,q_sci_000045,greedy_fas_score_augmented_topological,qrels,label-derived pairwise preferences from qrels,20,51,0.134211,20,1,False,0,0,0,0,0.0,0.0,0,0,20,ndcg_at_k,0.0,0,-0.463158,0.555556,1.0,1.0,0.15,1.0,1.0,0.000109,9.6e-05,2.9e-05,0.000507,5.9e-05,0.001405,0.004651
scidocs,q_sci_000045,fas_balance_score_prior_alpha_beta,qrels,label-derived pairwise preferences from qrels,20,51,0.134211,20,1,False,0,0,0,0,0.0,0.0,0,0,20,ndcg_at_k,0.0,0,1.0,0.377778,1.0,1.0,0.15,1.0,1.0,0.000109,9.6e-05,2.9e-05,0.000507,5.4e-05,0.001405,0.004651
scidocs,q_sci_000045,hybrid_rrf_fas_regularized,qrels,label-derived pairwise preferences from qrels,20,51,0.134211,20,1,False,0,0,0,0,0.0,0.0,0,0,20,ndcg_at_k,0.0,0,1.0,0.377778,1.0,1.0,0.15,1.0,1.0,0.000109,9.6e-05,2.9e-05,0.000507,4.3e-05,0.001405,0.004651
scidocs,q_sci_000045,hybrid_rrf_balance_a05,qrels,label-derived pairwise preferences from qrels,20,51,0.134211,20,1,False,0,0,0,0,0.0,0.0,0,0,20,ndcg_at_k,0.0,0,1.0,0.377778,1.0,1.0,0.15,1.0,1.0,0.000109,9.6e-05,2.9e-05,0.000507,3.7e-05,0.001405,0.004651
scidocs,q_sci_000045,hybrid_rrf_copeland_a03,qrels,label-derived pairwise preferences from qrels,20,51,0.134211,20,1,False,0,0,0,0,0.0,0.0,0,0,20,ndcg_at_k,0.0,0,1.0,0.377778,1.0,1.0,0.15,1.0,1.0,0.000109,9.6e-05,2.9e-05,0.000507,3.4e-05,0.001405,0.004651
scidocs,q_sci_000045,hybrid_rrf_priority_topo_a03,qrels,label-derived pairwise preferences from qrels,20,51,0.134211,20,1,False,0,0,0,0,0.0,0.0,0,0,20,ndcg_at_k,0.0,0,-0.463158,0.555556,1.0,1.0,0.15,1.0,1.0,0.000109,9.6e-05,2.9e-05,0.000507,8.7e-05,0.001405,0.004651
scidocs,q_sci_000156,score_sum,qrels,label-derived pairwise preferences from qrels,20,51,0.134211,20,1,False,0,0,0,0,0.0,0.0,0,0,20,ndcg_at_k,0.0,0,1.0,0.244444,1.0,1.0,0.15,1.0,1.0,0.000113,8.9e-05,4.7e-05,0.00051,2.5e-05,0.001327,0.00464
scidocs,q_sci_000156,borda,qrels,label-derived pairwise preferences from qrels,20,51,0.134211,20,1,False,0,0,0,0,0.0,0.0,0,0,20,ndcg_at_k,0.0,0,1.0,0.244444,1.0,1.0,0.15,1.0,1.0,0.000113,8.9e-05,4.7e-05,0.00051,1.9e-05,0.001327,0.00464
scidocs,q_sci_000156,pagerank,qrels,label-derived pairwise preferences from qrels,20,51,0.134211,20,1,False,0,0,0,0,0.0,0.0,0,0,20,ndcg_at_k,0.0,0,0.189474,0.422222,1.0,1.0,0.15,1.0,1.0,0.000113,8.9e-05,4.7e-05,0.00051,0.002075,0.001327,0.00464
scidocs,q_sci_000156,greedy_fas_topological,qrels,label-derived pairwise preferences from qrels,20,51,0.134211,20,1,False,0,0,0,0,0.0,0.0,0,0,20,ndcg_at_k,0.0,0,0.189474,0.422222,1.0,1.0,0.15,1.0,1.0,0.000113,8.9e-05,4.7e-05,0.00051,5.7e-05,0.001327,0.00464
scidocs,q_sci_000156,greedy_fas_weighted_balance,qrels,label-derived pairwise preferences from qrels,20,51,0.134211,20,1,False,0,0,0,0,0.0,0.0,0,0,20,ndcg_at_k,0.0,0,1.0,0.244444,1.0,1.0,0.15,1.0,1.0,0.000113,8.9e-05,4.7e-05,0.00051,3.3e-05,0.001327,0.00464
scidocs,q_sci_000156,greedy_fas_copeland,qrels,label-derived pairwise preferences from qrels,20,51,0.134211,20,1,False,0,0,0,0,0.0,0.0,0,0,20,ndcg_at_k,0.0,0,1.0,0.244444,1.0,1.0,0.15,1.0,1.0,0.000113,8.9e-05,4.7e-05,0.00051,2.6e-05,0.001327,0.00464
scidocs,q_sci_000156,greedy_fas_score_augmented_topological,qrels,label-derived pairwise preferences from qrels,20,51,0.134211,20,1,False,0,0,0,0,0.0,0.0,0,0,20,ndcg_at_k,0.0,0,-0.463158,0.688889,1.0,1.0,0.15,1.0,1.0,0.000113,8.9e-05,4.7e-05,0.00051,7.5e-05,0.001327,0.00464
scidocs,q_sci_000156,fas_balance_score_prior_alpha_beta,qrels,label-derived pairwise preferences from qrels,20,51,0.134211,20,1,False,0,0,0,0,0.0,0.0,0,0,20,ndcg_at_k,0.0,0,1.0,0.244444,1.0,1.0,0.15,1.0,1.0,0.000113,8.9e-05,4.7e-05,0.00051,4.8e-05,0.001327,0.00464
scidocs,q_sci_000156,hybrid_rrf_fas_regularized,qrels,label-derived pairwise preferences from qrels,20,51,0.134211,20,1,False,0,0,0,0,0.0,0.0,0,0,20,ndcg_at_k,0.0,0,1.0,0.244444,1.0,1.0,0.15,1.0,1.0,0.000113,8.9e-05,4.7e-05,0.00051,4.1e-05,0.001327,0.00464
scidocs,q_sci_000156,hybrid_rrf_balance_a05,qrels,label-derived pairwise preferences from qrels,20,51,0.134211,20,1,False,0,0,0,0,0.0,0.0,0,0,20,ndcg_at_k,0.0,0,1.0,0.244444,1.0,1.0,0.15,1.0,1.0,0.000113,8.9e-05,4.7e-05,0.00051,3.6e-05,0.001327,0.00464
scidocs,q_sci_000156,hybrid_rrf_copeland_a03,qrels,label-derived pairwise preferences from qrels,20,51,0.134211,20,1,False,0,0,0,0,0.0,0.0,0,0,20,ndcg_at_k,0.0,0,1.0,0.244444,1.0,1.0,0.15,1.0,1.0,0.000113,8.9e-05,4.7e-05,0.00051,3.3e-05,0.001327,0.00464
scidocs,q_sci_000156,hybrid_rrf_priority_topo_a03,qrels,label-derived pairwise preferences from qrels,20,51,0.134211,20,1,False,0,0,0,0,0.0,0.0,0,0,20,ndcg_at_k,0.0,0,-0.463158,0.688889,1.0,1.0,0.15,1.0,1.0,0.000113,8.9e-05,4.7e-05,0.00051,8.6e-05,0.001327,0.00464
scidocs,q_sci_000053,score_sum,qrels,label-derived pairwise preferences from qrels,20,51,0.134211,20,1,False,0,0,0,0,0.0,0.0,0,0,20,ndcg_at_k,0.0,0,1.0,0.377778,1.0,1.0,0.15,1.0,1.0,0.00012,8.9e-05,2.9e-05,0.000475,2.5e-05,0.001331,0.004495
scidocs,q_sci_000053,borda,qrels,label-derived pairwise preferences from qrels,20,51,0.134211,20,1,False,0,0,0,0,0.0,0.0,0,0,20,ndcg_at_k,0.0,0,1.0,0.377778,1.0,1.0,0.15,1.0,1.0,0.00012,8.9e-05,2.9e-05,0.000475,1.9e-05,0.001331,0.004495
scidocs,q_sci_000053,pagerank,qrels,label-derived pairwise preferences from qrels,20,51,0.134211,20,1,False,0,0,0,0,0.0,0.0,0,0,20,ndcg_at_k,0.0,0,0.315789,0.511111,1.0,1.0,0.15,1.0,1.0,0.00012,8.9e-05,2.9e-05,0.000475,0.00199,0.001331,0.004495
scidocs,q_sci_000053,greedy_fas_topological,qrels,label-derived pairwise preferences from qrels,20,51,0.134211,20,1,False,0,0,0,0,0.0,0.0,0,0,20,ndcg_at_k,0.0,0,0.315789,0.511111,1.0,1.0,0.15,1.0,1.0,0.00012,8.9e-05,2.9e-05,0.000475,5.6e-05,0.001331,0.004495
scidocs,q_sci_000053,greedy_fas_weighted_balance,qrels,label-derived pairwise preferences from qrels,20,51,0.134211,20,1,False,0,0,0,0,0.0,0.0,0,0,20,ndcg_at_k,0.0,0,1.0,0.377778,1.0,1.0,0.15,1.0,1.0,0.00012,8.9e-05,2.9e-05,0.000475,3.1e-05,0.001331,0.004495
scidocs,q_sci_000053,greedy_fas_copeland,qrels,label-derived pairwise preferences from qrels,20,51,0.134211,20,1,False,0,0,0,0,0.0,0.0,0,0,20,ndcg_at_k,0.0,0,1.0,0.377778,1.0,1.0,0.15,1.0,1.0,0.00012,8.9e-05,2.9e-05,0.000475,2.6e-05,0.001331,0.004495
scidocs,q_sci_000053,greedy_fas_score_augmented_topological,qrels,label-derived pairwise preferences from qrels,20,51,0.134211,20,1,False,0,0,0,0,0.0,0.0,0,0,20,ndcg_at_k,0.0,0,-0.463158,0.555556,1.0,1.0,0.15,1.0,1.0,0.00012,8.9e-05,2.9e-05,0.000475,5.8e-05,0.001331,0.004495
scidocs,q_sci_000053,fas_balance_score_prior_alpha_beta,qrels,label-derived pairwise preferences from qrels,20,51,0.134211,20,1,False,0,0,0,0,0.0,0.0,0,0,20,ndcg_at_k,0.0,0,1.0,0.377778,1.0,1.0,0.15,1.0,1.0,0.00012,8.9e-05,2.9e-05,0.000475,5.3e-05,0.001331,0.004495
scidocs,q_sci_000053,hybrid_rrf_fas_regularized,qrels,label-derived pairwise preferences from qrels,20,51,0.134211,20,1,False,0,0,0,0,0.0,0.0,0,0,20,ndcg_at_k,0.0,0,1.0,0.377778,1.0,1.0,0.15,1.0,1.0,0.00012,8.9e-05,2.9e-05,0.000475,4e-05,0.001331,0.004495
scidocs,q_sci_000053,hybrid_rrf_balance_a05,qrels,label-derived pairwise preferences from qrels,20,51,0.134211,20,1,False,0,0,0,0,0.0,0.0,0,0,20,ndcg_at_k,0.0,0,1.0,0.377778,1.0,1.0,0.15,1.0,1.0,0.00012,8.9e-05,2.9e-05,0.000475,3.6e-05,0.001331,0.004495
scidocs,q_sci_000053,hybrid_rrf_copeland_a03,qrels,label-derived pairwise preferences from qrels,20,51,0.134211,20,1,False,0,0,0,0,0.0,0.0,0,0,20,ndcg_at_k,0.0,0,1.0,0.377778,1.0,1.0,0.15,1.0,1.0,0.00012,8.9e-05,2.9e-05,0.000475,3.5e-05,0.001331,0.004495
scidocs,q_sci_000053,hybrid_rrf_priority_topo_a03,qrels,label-derived pairwise preferences from qrels,20,51,0.134211,20,1,False,0,0,0,0,0.0,0.0,0,0,20,ndcg_at_k,0.0,0,-0.463158,0.555556,1.0,1.0,0.15,1.0,1.0,0.00012,8.9e-05,2.9e-05,0.000475,8.2e-05,0.001331,0.004495
scidocs,q_sci_000072,score_sum,qrels,label-derived pairwise preferences from qrels,20,75,0.197368,20,1,False,0,0,0,0,0.0,0.0,0,0,20,ndcg_at_k,0.0,0,1.0,0.866667,1.0,1.0,0.25,1.0,1.0,0.000133,0.000156,2.9e-05,0.000622,3.1e-05,0.001509,0.004895
scidocs,q_sci_000072,borda,qrels,label-derived pairwise preferences from qrels,20,75,0.197368,20,1,False,0,0,0,0,0.0,0.0,0,0,20,ndcg_at_k,0.0,0,1.0,0.866667,1.0,1.0,0.25,1.0,1.0,0.000133,0.000156,2.9e-05,0.000622,1.8e-05,0.001509,0.004895
scidocs,q_sci_000072,pagerank,qrels,label-derived pairwise preferences from qrels,20,75,0.197368,20,1,False,0,0,0,0,0.0,0.0,0,0,20,ndcg_at_k,0.0,0,0.4,0.511111,1.0,1.0,0.25,1.0,1.0,0.000133,0.000156,2.9e-05,0.000622,0.001956,0.001509,0.004895
scidocs,q_sci_000072,greedy_fas_topological,qrels,label-derived pairwise preferences from qrels,20,75,0.197368,20,1,False,0,0,0,0,0.0,0.0,0,0,20,ndcg_at_k,0.0,0,0.4,0.511111,1.0,1.0,0.25,1.0,1.0,0.000133,0.000156,2.9e-05,0.000622,6e-05,0.001509,0.004895
scidocs,q_sci_000072,greedy_fas_weighted_balance,qrels,label-derived pairwise preferences from qrels,20,75,0.197368,20,1,False,0,0,0,0,0.0,0.0,0,0,20,ndcg_at_k,0.0,0,1.0,0.866667,1.0,1.0,0.25,1.0,1.0,0.000133,0.000156,2.9e-05,0.000622,3.8e-05,0.001509,0.004895
scidocs,q_sci_000072,greedy_fas_copeland,qrels,label-derived pairwise preferences from qrels,20,75,0.197368,20,1,False,0,0,0,0,0.0,0.0,0,0,20,ndcg_at_k,0.0,0,1.0,0.866667,1.0,1.0,0.25,1.0,1.0,0.000133,0.000156,2.9e-05,0.000622,2.6e-05,0.001509,0.004895
scidocs,q_sci_000072,greedy_fas_score_augmented_topological,qrels,label-derived pairwise preferences from qrels,20,75,0.197368,20,1,False,0,0,0,0,0.0,0.0,0,0,20,ndcg_at_k,0.0,0,-0.210526,0.244444,1.0,1.0,0.25,1.0,1.0,0.000133,0.000156,2.9e-05,0.000622,5.7e-05,0.001509,0.004895
scidocs,q_sci_000072,fas_balance_score_prior_alpha_beta,qrels,label-derived pairwise preferences from qrels,20,75,0.197368,20,1,False,0,0,0,0,0.0,0.0,0,0,20,ndcg_at_k,0.0,0,1.0,0.866667,1.0,1.0,0.25,1.0,1.0,0.000133,0.000156,2.9e-05,0.000622,5.5e-05,0.001509,0.004895
scidocs,q_sci_000072,hybrid_rrf_fas_regularized,qrels,label-derived pairwise preferences from qrels,20,75,0.197368,20,1,False,0,0,0,0,0.0,0.0,0,0,20,ndcg_at_k,0.0,0,1.0,0.866667,1.0,1.0,0.25,1.0,1.0,0.000133,0.000156,2.9e-05,0.000622,4.6e-05,0.001509,0.004895
scidocs,q_sci_000072,hybrid_rrf_balance_a05,qrels,label-derived pairwise preferences from qrels,20,75,0.197368,20,1,False,0,0,0,0,0.0,0.0,0,0,20,ndcg_at_k,0.0,0,1.0,0.866667,1.0,1.0,0.25,1.0,1.0,0.000133,0.000156,2.9e-05,0.000622,4.2e-05,0.001509,0.004895
scidocs,q_sci_000072,hybrid_rrf_copeland_a03,qrels,label-derived pairwise preferences from qrels,20,75,0.197368,20,1,False,0,0,0,0,0.0,0.0,0,0,20,ndcg_at_k,0.0,0,1.0,0.866667,1.0,1.0,0.25,1.0,1.0,0.000133,0.000156,2.9e-05,0.000622,3.2e-05,0.001509,0.004895
scidocs,q_sci_000072,hybrid_rrf_priority_topo_a03,qrels,label-derived pairwise preferences from qrels,20,75,0.197368,20,1,False,0,0,0,0,0.0,0.0,0,0,20,ndcg_at_k,0.0,0,-0.210526,0.244444,1.0,1.0,0.25,1.0,1.0,0.000133,0.000156,2.9e-05,0.000622,8.5e-05,0.001509,0.004895
scidocs,q_sci_000315,score_sum,qrels,label-derived pairwise preferences from qrels,20,64,0.168421,20,1,False,0,0,0,0,0.0,0.0,0,0,20,ndcg_at_k,0.0,0,1.0,0.644444,1.0,1.0,0.2,1.0,1.0,0.000119,0.000106,2.9e-05,0.00135,2.8e-05,0.001449,0.005397
scidocs,q_sci_000315,borda,qrels,label-derived pairwise preferences from qrels,20,64,0.168421,20,1,False,0,0,0,0,0.0,0.0,0,0,20,ndcg_at_k,0.0,0,1.0,0.644444,1.0,1.0,0.2,1.0,1.0,0.000119,0.000106,2.9e-05,0.00135,1.9e-05,0.001449,0.005397
scidocs,q_sci_000315,pagerank,qrels,label-derived pairwise preferences from qrels,20,64,0.168421,20,1,False,0,0,0,0,0.0,0.0,0,0,20,ndcg_at_k,0.0,0,0.505263,0.555556,1.0,1.0,0.2,1.0,1.0,0.000119,0.000106,2.9e-05,0.00135,0.001862,0.001449,0.005397
scidocs,q_sci_000315,greedy_fas_topological,qrels,label-derived pairwise preferences from qrels,20,64,0.168421,20,1,False,0,0,0,0,0.0,0.0,0,0,20,ndcg_at_k,0.0,0,0.505263,0.555556,1.0,1.0,0.2,1.0,1.0,0.000119,0.000106,2.9e-05,0.00135,6e-05,0.001449,0.005397
scidocs,q_sci_000315,greedy_fas_weighted_balance,qrels,label-derived pairwise preferences from qrels,20,64,0.168421,20,1,False,0,0,0,0,0.0,0.0,0,0,20,ndcg_at_k,0.0,0,1.0,0.644444,1.0,1.0,0.2,1.0,1.0,0.000119,0.000106,2.9e-05,0.00135,3.6e-05,0.001449,0.005397
scidocs,q_sci_000315,greedy_fas_copeland,qrels,label-derived pairwise preferences from qrels,20,64,0.168421,20,1,False,0,0,0,0,0.0,0.0,0,0,20,ndcg_at_k,0.0,0,1.0,0.644444,1.0,1.0,0.2,1.0,1.0,0.000119,0.000106,2.9e-05,0.00135,2.8e-05,0.001449,0.005397
scidocs,q_sci_000315,greedy_fas_score_augmented_topological,qrels,label-derived pairwise preferences from qrels,20,64,0.168421,20,1,False,0,0,0,0,0.0,0.0,0,0,20,ndcg_at_k,0.0,0,-0.326316,0.422222,1.0,1.0,0.2,1.0,1.0,0.000119,0.000106,2.9e-05,0.00135,5.9e-05,0.001449,0.005397
scidocs,q_sci_000315,fas_balance_score_prior_alpha_beta,qrels,label-derived pairwise preferences from qrels,20,64,0.168421,20,1,False,0,0,0,0,0.0,0.0,0,0,20,ndcg_at_k,0.0,0,1.0,0.644444,1.0,1.0,0.2,1.0,1.0,0.000119,0.000106,2.9e-05,0.00135,5.1e-05,0.001449,0.005397
scidocs,q_sci_000315,hybrid_rrf_fas_regularized,qrels,label-derived pairwise preferences from qrels,20,64,0.168421,20,1,False,0,0,0,0,0.0,0.0,0,0,20,ndcg_at_k,0.0,0,1.0,0.644444,1.0,1.0,0.2,1.0,1.0,0.000119,0.000106,2.9e-05,0.00135,4.3e-05,0.001449,0.005397
scidocs,q_sci_000315,hybrid_rrf_balance_a05,qrels,label-derived pairwise preferences from qrels,20,64,0.168421,20,1,False,0,0,0,0,0.0,0.0,0,0,20,ndcg_at_k,0.0,0,1.0,0.644444,1.0,1.0,0.2,1.0,1.0,0.000119,0.000106,2.9e-05,0.00135,3.9e-05,0.001449,0.005397
scidocs,q_sci_000315,hybrid_rrf_copeland_a03,qrels,label-derived pairwise preferences from qrels,20,64,0.168421,20,1,False,0,0,0,0,0.0,0.0,0,0,20,ndcg_at_k,0.0,0,1.0,0.644444,1.0,1.0,0.2,1.0,1.0,0.000119,0.000106,2.9e-05,0.00135,3.3e-05,0.001449,0.005397
scidocs,q_sci_000315,hybrid_rrf_priority_topo_a03,qrels,label-derived pairwise preferences from qrels,20,64,0.168421,20,1,False,0,0,0,0,0.0,0.0,0,0,20,ndcg_at_k,0.0,0,-0.326316,0.422222,1.0,1.0,0.2,1.0,1.0,0.000119,0.000106,2.9e-05,0.00135,8.6e-05,0.001449,0.005397
scidocs,q_sci_000209,score_sum,qrels,label-derived pairwise preferences from qrels,20,51,0.134211,20,1,False,0,0,0,0,0.0,0.0,0,0,20,ndcg_at_k,0.0,0,1.0,0.666667,1.0,1.0,0.15,1.0,1.0,0.000108,8.9e-05,2.7e-05,0.000475,2.6e-05,0.001278,0.004467
scidocs,q_sci_000209,borda,qrels,label-derived pairwise preferences from qrels,20,51,0.134211,20,1,False,0,0,0,0,0.0,0.0,0,0,20,ndcg_at_k,0.0,0,1.0,0.666667,1.0,1.0,0.15,1.0,1.0,0.000108,8.9e-05,2.7e-05,0.000475,1.9e-05,0.001278,0.004467
scidocs,q_sci_000209,pagerank,qrels,label-derived pairwise preferences from qrels,20,51,0.134211,20,1,False,0,0,0,0,0.0,0.0,0,0,20,ndcg_at_k,0.0,0,0.231579,0.555556,1.0,1.0,0.15,1.0,1.0,0.000108,8.9e-05,2.7e-05,0.000475,0.00202,0.001278,0.004467
scidocs,q_sci_000209,greedy_fas_topological,qrels,label-derived pairwise preferences from qrels,20,51,0.134211,20,1,False,0,0,0,0,0.0,0.0,0,0,20,ndcg_at_k,0.0,0,0.231579,0.555556,1.0,1.0,0.15,1.0,1.0,0.000108,8.9e-05,2.7e-05,0.000475,5.4e-05,0.001278,0.004467
scidocs,q_sci_000209,greedy_fas_weighted_balance,qrels,label-derived pairwise preferences from qrels,20,51,0.134211,20,1,False,0,0,0,0,0.0,0.0,0,0,20,ndcg_at_k,0.0,0,1.0,0.666667,1.0,1.0,0.15,1.0,1.0,0.000108,8.9e-05,2.7e-05,0.000475,3.2e-05,0.001278,0.004467
scidocs,q_sci_000209,greedy_fas_copeland,qrels,label-derived pairwise preferences from qrels,20,51,0.134211,20,1,False,0,0,0,0,0.0,0.0,0,0,20,ndcg_at_k,0.0,0,1.0,0.666667,1.0,1.0,0.15,1.0,1.0,0.000108,8.9e-05,2.7e-05,0.000475,2.7e-05,0.001278,0.004467
scidocs,q_sci_000209,greedy_fas_score_augmented_topological,qrels,label-derived pairwise preferences from qrels,20,51,0.134211,20,1,False,0,0,0,0,0.0,0.0,0,0,20,ndcg_at_k,0.0,0,-0.463158,0.333333,1.0,1.0,0.15,1.0,1.0,0.000108,8.9e-05,2.7e-05,0.000475,5.7e-05,0.001278,0.004467
scidocs,q_sci_000209,fas_balance_score_prior_alpha_beta,qrels,label-derived pairwise preferences from qrels,20,51,0.134211,20,1,False,0,0,0,0,0.0,0.0,0,0,20,ndcg_at_k,0.0,0,1.0,0.666667,1.0,1.0,0.15,1.0,1.0,0.000108,8.9e-05,2.7e-05,0.000475,4.7e-05,0.001278,0.004467
scidocs,q_sci_000209,hybrid_rrf_fas_regularized,qrels,label-derived pairwise preferences from qrels,20,51,0.134211,20,1,False,0,0,0,0,0.0,0.0,0,0,20,ndcg_at_k,0.0,0,1.0,0.666667,1.0,1.0,0.15,1.0,1.0,0.000108,8.9e-05,2.7e-05,0.000475,4e-05,0.001278,0.004467
scidocs,q_sci_000209,hybrid_rrf_balance_a05,qrels,label-derived pairwise preferences from qrels,20,51,0.134211,20,1,False,0,0,0,0,0.0,0.0,0,0,20,ndcg_at_k,0.0,0,1.0,0.666667,1.0,1.0,0.15,1.0,1.0,0.000108,8.9e-05,2.7e-05,0.000475,3.5e-05,0.001278,0.004467
scidocs,q_sci_000209,hybrid_rrf_copeland_a03,qrels,label-derived pairwise preferences from qrels,20,51,0.134211,20,1,False,0,0,0,0,0.0,0.0,0,0,20,ndcg_at_k,0.0,0,1.0,0.666667,1.0,1.0,0.15,1.0,1.0,0.000108,8.9e-05,2.7e-05,0.000475,3.5e-05,0.001278,0.004467
scidocs,q_sci_000209,hybrid_rrf_priority_topo_a03,qrels,label-derived pairwise preferences from qrels,20,51,0.134211,20,1,False,0,0,0,0,0.0,0.0,0,0,20,ndcg_at_k,0.0,0,-0.463158,0.333333,1.0,1.0,0.15,1.0,1.0,0.000108,8.9e-05,2.7e-05,0.000475,9.8e-05,0.001278,0.004467
scidocs,q_sci_000074,score_sum,qrels,label-derived pairwise preferences from qrels,20,51,0.134211,20,1,False,0,0,0,0,0.0,0.0,0,0,20,ndcg_at_k,0.0,0,1.0,0.722222,1.0,1.0,0.15,1.0,1.0,0.000106,0.000131,2.9e-05,0.000469,2.6e-05,0.001325,0.004537
scidocs,q_sci_000074,borda,qrels,label-derived pairwise preferences from qrels,20,51,0.134211,20,1,False,0,0,0,0,0.0,0.0,0,0,20,ndcg_at_k,0.0,0,1.0,0.722222,1.0,1.0,0.15,1.0,1.0,0.000106,0.000131,2.9e-05,0.000469,1.8e-05,0.001325,0.004537
scidocs,q_sci_000074,pagerank,qrels,label-derived pairwise preferences from qrels,20,51,0.134211,20,1,False,0,0,0,0,0.0,0.0,0,0,20,ndcg_at_k,0.0,0,0.168421,0.555556,1.0,1.0,0.15,1.0,1.0,0.000106,0.000131,2.9e-05,0.000469,0.001994,0.001325,0.004537
scidocs,q_sci_000074,greedy_fas_topological,qrels,label-derived pairwise preferences from qrels,20,51,0.134211,20,1,False,0,0,0,0,0.0,0.0,0,0,20,ndcg_at_k,0.0,0,0.168421,0.555556,1.0,1.0,0.15,1.0,1.0,0.000106,0.000131,2.9e-05,0.000469,5.6e-05,0.001325,0.004537
scidocs,q_sci_000074,greedy_fas_weighted_balance,qrels,label-derived pairwise preferences from qrels,20,51,0.134211,20,1,False,0,0,0,0,0.0,0.0,0,0,20,ndcg_at_k,0.0,0,1.0,0.722222,1.0,1.0,0.15,1.0,1.0,0.000106,0.000131,2.9e-05,0.000469,3.2e-05,0.001325,0.004537
scidocs,q_sci_000074,greedy_fas_copeland,qrels,label-derived pairwise preferences from qrels,20,51,0.134211,20,1,False,0,0,0,0,0.0,0.0,0,0,20,ndcg_at_k,0.0,0,1.0,0.722222,1.0,1.0,0.15,1.0,1.0,0.000106,0.000131,2.9e-05,0.000469,2.7e-05,0.001325,0.004537
scidocs,q_sci_000074,greedy_fas_score_augmented_topological,qrels,label-derived pairwise preferences from qrels,20,51,0.134211,20,1,False,0,0,0,0,0.0,0.0,0,0,20,ndcg_at_k,0.0,0,-0.463158,0.277778,1.0,1.0,0.15,1.0,1.0,0.000106,0.000131,2.9e-05,0.000469,5.9e-05,0.001325,0.004537
scidocs,q_sci_000074,fas_balance_score_prior_alpha_beta,qrels,label-derived pairwise preferences from qrels,20,51,0.134211,20,1,False,0,0,0,0,0.0,0.0,0,0,20,ndcg_at_k,0.0,0,1.0,0.722222,1.0,1.0,0.15,1.0,1.0,0.000106,0.000131,2.9e-05,0.000469,4.9e-05,0.001325,0.004537
scidocs,q_sci_000074,hybrid_rrf_fas_regularized,qrels,label-derived pairwise preferences from qrels,20,51,0.134211,20,1,False,0,0,0,0,0.0,0.0,0,0,20,ndcg_at_k,0.0,0,1.0,0.722222,1.0,1.0,0.15,1.0,1.0,0.000106,0.000131,2.9e-05,0.000469,5.7e-05,0.001325,0.004537
scidocs,q_sci_000074,hybrid_rrf_balance_a05,qrels,label-derived pairwise preferences from qrels,20,51,0.134211,20,1,False,0,0,0,0,0.0,0.0,0,0,20,ndcg_at_k,0.0,0,1.0,0.722222,1.0,1.0,0.15,1.0,1.0,0.000106,0.000131,2.9e-05,0.000469,3.9e-05,0.001325,0.004537
scidocs,q_sci_000074,hybrid_rrf_copeland_a03,qrels,label-derived pairwise preferences from qrels,20,51,0.134211,20,1,False,0,0,0,0,0.0,0.0,0,0,20,ndcg_at_k,0.0,0,1.0,0.722222,1.0,1.0,0.15,1.0,1.0,0.000106,0.000131,2.9e-05,0.000469,3.5e-05,0.001325,0.004537
scidocs,q_sci_000074,hybrid_rrf_priority_topo_a03,qrels,label-derived pairwise preferences from qrels,20,51,0.134211,20,1,False,0,0,0,0,0.0,0.0,0,0,20,ndcg_at_k,0.0,0,-0.463158,0.277778,1.0,1.0,0.15,1.0,1.0,0.000106,0.000131,2.9e-05,0.000469,8.5e-05,0.001325,0.004537
scidocs,q_sci_000333,score_sum,qrels,label-derived pairwise preferences from qrels,20,51,0.134211,20,1,False,0,0,0,0,0.0,0.0,0,0,20,ndcg_at_k,0.0,0,1.0,0.277778,1.0,1.0,0.15,1.0,1.0,0.000104,9.9e-05,2.8e-05,0.000485,2.6e-05,0.001363,0.004582
scidocs,q_sci_000333,borda,qrels,label-derived pairwise preferences from qrels,20,51,0.134211,20,1,False,0,0,0,0,0.0,0.0,0,0,20,ndcg_at_k,0.0,0,1.0,0.277778,1.0,1.0,0.15,1.0,1.0,0.000104,9.9e-05,2.8e-05,0.000485,1.9e-05,0.001363,0.004582
scidocs,q_sci_000333,pagerank,qrels,label-derived pairwise preferences from qrels,20,51,0.134211,20,1,False,0,0,0,0,0.0,0.0,0,0,20,ndcg_at_k,0.0,0,0.231579,0.611111,1.0,1.0,0.15,1.0,1.0,0.000104,9.9e-05,2.8e-05,0.000485,0.002036,0.001363,0.004582
scidocs,q_sci_000333,greedy_fas_topological,qrels,label-derived pairwise preferences from qrels,20,51,0.134211,20,1,False,0,0,0,0,0.0,0.0,0,0,20,ndcg_at_k,0.0,0,0.231579,0.611111,1.0,1.0,0.15,1.0,1.0,0.000104,9.9e-05,2.8e-05,0.000485,5.5e-05,0.001363,0.004582
scidocs,q_sci_000333,greedy_fas_weighted_balance,qrels,label-derived pairwise preferences from qrels,20,51,0.134211,20,1,False,0,0,0,0,0.0,0.0,0,0,20,ndcg_at_k,0.0,0,1.0,0.277778,1.0,1.0,0.15,1.0,1.0,0.000104,9.9e-05,2.8e-05,0.000485,3.2e-05,0.001363,0.004582
scidocs,q_sci_000333,greedy_fas_copeland,qrels,label-derived pairwise preferences from qrels,20,51,0.134211,20,1,False,0,0,0,0,0.0,0.0,0,0,20,ndcg_at_k,0.0,0,1.0,0.277778,1.0,1.0,0.15,1.0,1.0,0.000104,9.9e-05,2.8e-05,0.000485,2.7e-05,0.001363,0.004582
scidocs,q_sci_000333,greedy_fas_score_augmented_topological,qrels,label-derived pairwise preferences from qrels,20,51,0.134211,20,1,False,0,0,0,0,0.0,0.0,0,0,20,ndcg_at_k,0.0,0,-0.463158,0.722222,1.0,1.0,0.15,1.0,1.0,0.000104,9.9e-05,2.8e-05,0.000485,5.9e-05,0.001363,0.004582
scidocs,q_sci_000333,fas_balance_score_prior_alpha_beta,qrels,label-derived pairwise preferences from qrels,20,51,0.134211,20,1,False,0,0,0,0,0.0,0.0,0,0,20,ndcg_at_k,0.0,0,1.0,0.277778,1.0,1.0,0.15,1.0,1.0,0.000104,9.9e-05,2.8e-05,0.000485,5.3e-05,0.001363,0.004582
scidocs,q_sci_000333,hybrid_rrf_fas_regularized,qrels,label-derived pairwise preferences from qrels,20,51,0.134211,20,1,False,0,0,0,0,0.0,0.0,0,0,20,ndcg_at_k,0.0,0,1.0,0.277778,1.0,1.0,0.15,1.0,1.0,0.000104,9.9e-05,2.8e-05,0.000485,4.2e-05,0.001363,0.004582
scidocs,q_sci_000333,hybrid_rrf_balance_a05,qrels,label-derived pairwise preferences from qrels,20,51,0.134211,20,1,False,0,0,0,0,0.0,0.0,0,0,20,ndcg_at_k,0.0,0,1.0,0.277778,1.0,1.0,0.15,1.0,1.0,0.000104,9.9e-05,2.8e-05,0.000485,3.6e-05,0.001363,0.004582
scidocs,q_sci_000333,hybrid_rrf_copeland_a03,qrels,label-derived pairwise preferences from qrels,20,51,0.134211,20,1,False,0,0,0,0,0.0,0.0,0,0,20,ndcg_at_k,0.0,0,1.0,0.277778,1.0,1.0,0.15,1.0,1.0,0.000104,9.9e-05,2.8e-05,0.000485,3.3e-05,0.001363,0.004582
scidocs,q_sci_000333,hybrid_rrf_priority_topo_a03,qrels,label-derived pairwise preferences from qrels,20,51,0.134211,20,1,False,0,0,0,0,0.0,0.0,0,0,20,ndcg_at_k,0.0,0,-0.463158,0.722222,1.0,1.0,0.15,1.0,1.0,0.000104,9.9e-05,2.8e-05,0.000485,8.5e-05,0.001363,0.004582
scidocs,q_sci_000403,score_sum,qrels,label-derived pairwise preferences from qrels,20,75,0.197368,20,1,False,0,0,0,0,0.0,0.0,0,0,20,ndcg_at_k,0.0,0,1.0,0.422222,1.0,1.0,0.25,1.0,1.0,0.000151,0.000112,3e-05,0.000637,3.2e-05,0.001492,0.004679
scidocs,q_sci_000403,borda,qrels,label-derived pairwise preferences from qrels,20,75,0.197368,20,1,False,0,0,0,0,0.0,0.0,0,0,20,ndcg_at_k,0.0,0,1.0,0.422222,1.0,1.0,0.25,1.0,1.0,0.000151,0.000112,3e-05,0.000637,1.9e-05,0.001492,0.004679
scidocs,q_sci_000403,pagerank,qrels,label-derived pairwise preferences from qrels,20,75,0.197368,20,1,False,0,0,0,0,0.0,0.0,0,0,20,ndcg_at_k,0.0,0,0.294737,0.555556,1.0,1.0,0.25,1.0,1.0,0.000151,0.000112,3e-05,0.000637,0.001753,0.001492,0.004679
scidocs,q_sci_000403,greedy_fas_topological,qrels,label-derived pairwise preferences from qrels,20,75,0.197368,20,1,False,0,0,0,0,0.0,0.0,0,0,20,ndcg_at_k,0.0,0,0.294737,0.555556,1.0,1.0,0.25,1.0,1.0,0.000151,0.000112,3e-05,0.000637,6e-05,0.001492,0.004679
scidocs,q_sci_000403,greedy_fas_weighted_balance,qrels,label-derived pairwise preferences from qrels,20,75,0.197368,20,1,False,0,0,0,0,0.0,0.0,0,0,20,ndcg_at_k,0.0,0,1.0,0.422222,1.0,1.0,0.25,1.0,1.0,0.000151,0.000112,3e-05,0.000637,3.9e-05,0.001492,0.004679
scidocs,q_sci_000403,greedy_fas_copeland,qrels,label-derived pairwise preferences from qrels,20,75,0.197368,20,1,False,0,0,0,0,0.0,0.0,0,0,20,ndcg_at_k,0.0,0,1.0,0.422222,1.0,1.0,0.25,1.0,1.0,0.000151,0.000112,3e-05,0.000637,2.7e-05,0.001492,0.004679
scidocs,q_sci_000403,greedy_fas_score_augmented_topological,qrels,label-derived pairwise preferences from qrels,20,75,0.197368,20,1,False,0,0,0,0,0.0,0.0,0,0,20,ndcg_at_k,0.0,0,-0.210526,0.688889,1.0,1.0,0.25,1.0,1.0,0.000151,0.000112,3e-05,0.000637,5.6e-05,0.001492,0.004679
scidocs,q_sci_000403,fas_balance_score_prior_alpha_beta,qrels,label-derived pairwise preferences from qrels,20,75,0.197368,20,1,False,0,0,0,0,0.0,0.0,0,0,20,ndcg_at_k,0.0,0,1.0,0.422222,1.0,1.0,0.25,1.0,1.0,0.000151,0.000112,3e-05,0.000637,6e-05,0.001492,0.004679
scidocs,q_sci_000403,hybrid_rrf_fas_regularized,qrels,label-derived pairwise preferences from qrels,20,75,0.197368,20,1,False,0,0,0,0,0.0,0.0,0,0,20,ndcg_at_k,0.0,0,1.0,0.422222,1.0,1.0,0.25,1.0,1.0,0.000151,0.000112,3e-05,0.000637,4.8e-05,0.001492,0.004679
scidocs,q_sci_000403,hybrid_rrf_balance_a05,qrels,label-derived pairwise preferences from qrels,20,75,0.197368,20,1,False,0,0,0,0,0.0,0.0,0,0,20,ndcg_at_k,0.0,0,1.0,0.422222,1.0,1.0,0.25,1.0,1.0,0.000151,0.000112,3e-05,0.000637,4.2e-05,0.001492,0.004679
scidocs,q_sci_000403,hybrid_rrf_copeland_a03,qrels,label-derived pairwise preferences from qrels,20,75,0.197368,20,1,False,0,0,0,0,0.0,0.0,0,0,20,ndcg_at_k,0.0,0,1.0,0.422222,1.0,1.0,0.25,1.0,1.0,0.000151,0.000112,3e-05,0.000637,3.3e-05,0.001492,0.004679
scidocs,q_sci_000403,hybrid_rrf_priority_topo_a03,qrels,label-derived pairwise preferences from qrels,20,75,0.197368,20,1,False,0,0,0,0,0.0,0.0,0,0,20,ndcg_at_k,0.0,0,-0.210526,0.688889,1.0,1.0,0.25,1.0,1.0,0.000151,0.000112,3e-05,0.000637,8.8e-05,0.001492,0.004679
scidocs,q_sci_000415,score_sum,qrels,label-derived pairwise preferences from qrels,20,64,0.168421,20,1,False,0,0,0,0,0.0,0.0,0,0,20,ndcg_at_k,0.0,0,1.0,0.672727,1.0,1.0,0.2,1.0,1.0,0.000121,0.000161,2.9e-05,0.000549,2.9e-05,0.001433,0.004718
scidocs,q_sci_000415,borda,qrels,label-derived pairwise preferences from qrels,20,64,0.168421,20,1,False,0,0,0,0,0.0,0.0,0,0,20,ndcg_at_k,0.0,0,1.0,0.672727,1.0,1.0,0.2,1.0,1.0,0.000121,0.000161,2.9e-05,0.000549,1.8e-05,0.001433,0.004718
scidocs,q_sci_000415,pagerank,qrels,label-derived pairwise preferences from qrels,20,64,0.168421,20,1,False,0,0,0,0,0.0,0.0,0,0,20,ndcg_at_k,0.0,0,0.178947,0.454545,1.0,1.0,0.2,1.0,1.0,0.000121,0.000161,2.9e-05,0.000549,0.001924,0.001433,0.004718
scidocs,q_sci_000415,greedy_fas_topological,qrels,label-derived pairwise preferences from qrels,20,64,0.168421,20,1,False,0,0,0,0,0.0,0.0,0,0,20,ndcg_at_k,0.0,0,0.178947,0.454545,1.0,1.0,0.2,1.0,1.0,0.000121,0.000161,2.9e-05,0.000549,5.9e-05,0.001433,0.004718
scidocs,q_sci_000415,greedy_fas_weighted_balance,qrels,label-derived pairwise preferences from qrels,20,64,0.168421,20,1,False,0,0,0,0,0.0,0.0,0,0,20,ndcg_at_k,0.0,0,1.0,0.672727,1.0,1.0,0.2,1.0,1.0,0.000121,0.000161,2.9e-05,0.000549,3.6e-05,0.001433,0.004718
scidocs,q_sci_000415,greedy_fas_copeland,qrels,label-derived pairwise preferences from qrels,20,64,0.168421,20,1,False,0,0,0,0,0.0,0.0,0,0,20,ndcg_at_k,0.0,0,1.0,0.672727,1.0,1.0,0.2,1.0,1.0,0.000121,0.000161,2.9e-05,0.000549,2.7e-05,0.001433,0.004718
scidocs,q_sci_000415,greedy_fas_score_augmented_topological,qrels,label-derived pairwise preferences from qrels,20,64,0.168421,20,1,False,0,0,0,0,0.0,0.0,0,0,20,ndcg_at_k,0.0,0,-0.326316,0.345455,1.0,1.0,0.2,1.0,1.0,0.000121,0.000161,2.9e-05,0.000549,5.8e-05,0.001433,0.004718
scidocs,q_sci_000415,fas_balance_score_prior_alpha_beta,qrels,label-derived pairwise preferences from qrels,20,64,0.168421,20,1,False,0,0,0,0,0.0,0.0,0,0,20,ndcg_at_k,0.0,0,1.0,0.672727,1.0,1.0,0.2,1.0,1.0,0.000121,0.000161,2.9e-05,0.000549,5.3e-05,0.001433,0.004718
scidocs,q_sci_000415,hybrid_rrf_fas_regularized,qrels,label-derived pairwise preferences from qrels,20,64,0.168421,20,1,False,0,0,0,0,0.0,0.0,0,0,20,ndcg_at_k,0.0,0,1.0,0.672727,1.0,1.0,0.2,1.0,1.0,0.000121,0.000161,2.9e-05,0.000549,4.4e-05,0.001433,0.004718
scidocs,q_sci_000415,hybrid_rrf_balance_a05,qrels,label-derived pairwise preferences from qrels,20,64,0.168421,20,1,False,0,0,0,0,0.0,0.0,0,0,20,ndcg_at_k,0.0,0,1.0,0.672727,1.0,1.0,0.2,1.0,1.0,0.000121,0.000161,2.9e-05,0.000549,4e-05,0.001433,0.004718
scidocs,q_sci_000415,hybrid_rrf_copeland_a03,qrels,label-derived pairwise preferences from qrels,20,64,0.168421,20,1,False,0,0,0,0,0.0,0.0,0,0,20,ndcg_at_k,0.0,0,1.0,0.672727,1.0,1.0,0.2,1.0,1.0,0.000121,0.000161,2.9e-05,0.000549,5e-05,0.001433,0.004718
scidocs,q_sci_000415,hybrid_rrf_priority_topo_a03,qrels,label-derived pairwise preferences from qrels,20,64,0.168421,20,1,False,0,0,0,0,0.0,0.0,0,0,20,ndcg_at_k,0.0,0,-0.326316,0.345455,1.0,1.0,0.2,1.0,1.0,0.000121,0.000161,2.9e-05,0.000549,8.7e-05,0.001433,0.004718
scidocs,q_sci_000092,score_sum,qrels,label-derived pairwise preferences from qrels,20,75,0.197368,20,1,False,0,0,0,0,0.0,0.0,0,0,20,ndcg_at_k,0.0,0,1.0,0.444444,1.0,1.0,0.25,1.0,1.0,0.000149,0.000117,2.9e-05,0.000718,3.2e-05,0.001391,0.004664
scidocs,q_sci_000092,borda,qrels,label-derived pairwise preferences from qrels,20,75,0.197368,20,1,False,0,0,0,0,0.0,0.0,0,0,20,ndcg_at_k,0.0,0,1.0,0.444444,1.0,1.0,0.25,1.0,1.0,0.000149,0.000117,2.9e-05,0.000718,2e-05,0.001391,0.004664
scidocs,q_sci_000092,pagerank,qrels,label-derived pairwise preferences from qrels,20,75,0.197368,20,1,False,0,0,0,0,0.0,0.0,0,0,20,ndcg_at_k,0.0,0,0.147368,0.777778,1.0,1.0,0.25,1.0,1.0,0.000149,0.000117,2.9e-05,0.000718,0.001757,0.001391,0.004664
scidocs,q_sci_000092,greedy_fas_topological,qrels,label-derived pairwise preferences from qrels,20,75,0.197368,20,1,False,0,0,0,0,0.0,0.0,0,0,20,ndcg_at_k,0.0,0,0.147368,0.777778,1.0,1.0,0.25,1.0,1.0,0.000149,0.000117,2.9e-05,0.000718,7.8e-05,0.001391,0.004664
scidocs,q_sci_000092,greedy_fas_weighted_balance,qrels,label-derived pairwise preferences from qrels,20,75,0.197368,20,1,False,0,0,0,0,0.0,0.0,0,0,20,ndcg_at_k,0.0,0,1.0,0.444444,1.0,1.0,0.25,1.0,1.0,0.000149,0.000117,2.9e-05,0.000718,3.7e-05,0.001391,0.004664
scidocs,q_sci_000092,greedy_fas_copeland,qrels,label-derived pairwise preferences from qrels,20,75,0.197368,20,1,False,0,0,0,0,0.0,0.0,0,0,20,ndcg_at_k,0.0,0,1.0,0.444444,1.0,1.0,0.25,1.0,1.0,0.000149,0.000117,2.9e-05,0.000718,2.7e-05,0.001391,0.004664
scidocs,q_sci_000092,greedy_fas_score_augmented_topological,qrels,label-derived pairwise preferences from qrels,20,75,0.197368,20,1,False,0,0,0,0,0.0,0.0,0,0,20,ndcg_at_k,0.0,0,-0.210526,0.666667,1.0,1.0,0.25,1.0,1.0,0.000149,0.000117,2.9e-05,0.000718,5.5e-05,0.001391,0.004664
scidocs,q_sci_000092,fas_balance_score_prior_alpha_beta,qrels,label-derived pairwise preferences from qrels,20,75,0.197368,20,1,False,0,0,0,0,0.0,0.0,0,0,20,ndcg_at_k,0.0,0,1.0,0.444444,1.0,1.0,0.25,1.0,1.0,0.000149,0.000117,2.9e-05,0.000718,5.3e-05,0.001391,0.004664
scidocs,q_sci_000092,hybrid_rrf_fas_regularized,qrels,label-derived pairwise preferences from qrels,20,75,0.197368,20,1,False,0,0,0,0,0.0,0.0,0,0,20,ndcg_at_k,0.0,0,1.0,0.444444,1.0,1.0,0.25,1.0,1.0,0.000149,0.000117,2.9e-05,0.000718,4.5e-05,0.001391,0.004664
scidocs,q_sci_000092,hybrid_rrf_balance_a05,qrels,label-derived pairwise preferences from qrels,20,75,0.197368,20,1,False,0,0,0,0,0.0,0.0,0,0,20,ndcg_at_k,0.0,0,1.0,0.444444,1.0,1.0,0.25,1.0,1.0,0.000149,0.000117,2.9e-05,0.000718,3.9e-05,0.001391,0.004664
scidocs,q_sci_000092,hybrid_rrf_copeland_a03,qrels,label-derived pairwise preferences from qrels,20,75,0.197368,20,1,False,0,0,0,0,0.0,0.0,0,0,20,ndcg_at_k,0.0,0,1.0,0.444444,1.0,1.0,0.25,1.0,1.0,0.000149,0.000117,2.9e-05,0.000718,3.2e-05,0.001391,0.004664
scidocs,q_sci_000092,hybrid_rrf_priority_topo_a03,qrels,label-derived pairwise preferences from qrels,20,75,0.197368,20,1,False,0,0,0,0,0.0,0.0,0,0,20,ndcg_at_k,0.0,0,-0.210526,0.666667,1.0,1.0,0.25,1.0,1.0,0.000149,0.000117,2.9e-05,0.000718,8.5e-05,0.001391,0.004664
scidocs,q_sci_000215,score_sum,qrels,label-derived pairwise preferences from qrels,20,64,0.168421,20,1,False,0,0,0,0,0.0,0.0,0,0,20,ndcg_at_k,0.0,0,1.0,0.155556,1.0,1.0,0.2,1.0,1.0,0.000125,0.000106,3e-05,0.00058,4.7e-05,0.001422,0.004651
scidocs,q_sci_000215,borda,qrels,label-derived pairwise preferences from qrels,20,64,0.168421,20,1,False,0,0,0,0,0.0,0.0,0,0,20,ndcg_at_k,0.0,0,1.0,0.155556,1.0,1.0,0.2,1.0,1.0,0.000125,0.000106,3e-05,0.00058,2.2e-05,0.001422,0.004651
scidocs,q_sci_000215,pagerank,qrels,label-derived pairwise preferences from qrels,20,64,0.168421,20,1,False,0,0,0,0,0.0,0.0,0,0,20,ndcg_at_k,0.0,0,0.242105,0.466667,1.0,1.0,0.2,1.0,1.0,0.000125,0.000106,3e-05,0.00058,0.001877,0.001422,0.004651
scidocs,q_sci_000215,greedy_fas_topological,qrels,label-derived pairwise preferences from qrels,20,64,0.168421,20,1,False,0,0,0,0,0.0,0.0,0,0,20,ndcg_at_k,0.0,0,0.242105,0.466667,1.0,1.0,0.2,1.0,1.0,0.000125,0.000106,3e-05,0.00058,6e-05,0.001422,0.004651
scidocs,q_sci_000215,greedy_fas_weighted_balance,qrels,label-derived pairwise preferences from qrels,20,64,0.168421,20,1,False,0,0,0,0,0.0,0.0,0,0,20,ndcg_at_k,0.0,0,1.0,0.155556,1.0,1.0,0.2,1.0,1.0,0.000125,0.000106,3e-05,0.00058,3.9e-05,0.001422,0.004651
scidocs,q_sci_000215,greedy_fas_copeland,qrels,label-derived pairwise preferences from qrels,20,64,0.168421,20,1,False,0,0,0,0,0.0,0.0,0,0,20,ndcg_at_k,0.0,0,1.0,0.155556,1.0,1.0,0.2,1.0,1.0,0.000125,0.000106,3e-05,0.00058,2.6e-05,0.001422,0.004651
scidocs,q_sci_000215,greedy_fas_score_augmented_topological,qrels,label-derived pairwise preferences from qrels,20,64,0.168421,20,1,False,0,0,0,0,0.0,0.0,0,0,20,ndcg_at_k,0.0,0,-0.326316,0.911111,1.0,1.0,0.2,1.0,1.0,0.000125,0.000106,3e-05,0.00058,5.7e-05,0.001422,0.004651
scidocs,q_sci_000215,fas_balance_score_prior_alpha_beta,qrels,label-derived pairwise preferences from qrels,20,64,0.168421,20,1,False,0,0,0,0,0.0,0.0,0,0,20,ndcg_at_k,0.0,0,1.0,0.155556,1.0,1.0,0.2,1.0,1.0,0.000125,0.000106,3e-05,0.00058,5.6e-05,0.001422,0.004651
scidocs,q_sci_000215,hybrid_rrf_fas_regularized,qrels,label-derived pairwise preferences from qrels,20,64,0.168421,20,1,False,0,0,0,0,0.0,0.0,0,0,20,ndcg_at_k,0.0,0,1.0,0.155556,1.0,1.0,0.2,1.0,1.0,0.000125,0.000106,3e-05,0.00058,4.5e-05,0.001422,0.004651
scidocs,q_sci_000215,hybrid_rrf_balance_a05,qrels,label-derived pairwise preferences from qrels,20,64,0.168421,20,1,False,0,0,0,0,0.0,0.0,0,0,20,ndcg_at_k,0.0,0,1.0,0.155556,1.0,1.0,0.2,1.0,1.0,0.000125,0.000106,3e-05,0.00058,3.9e-05,0.001422,0.004651
scidocs,q_sci_000215,hybrid_rrf_copeland_a03,qrels,label-derived pairwise preferences from qrels,20,64,0.168421,20,1,False,0,0,0,0,0.0,0.0,0,0,20,ndcg_at_k,0.0,0,1.0,0.155556,1.0,1.0,0.2,1.0,1.0,0.000125,0.000106,3e-05,0.00058,3.4e-05,0.001422,0.004651
scidocs,q_sci_000215,hybrid_rrf_priority_topo_a03,qrels,label-derived pairwise preferences from qrels,20,64,0.168421,20,1,False,0,0,0,0,0.0,0.0,0,0,20,ndcg_at_k,0.0,0,-0.326316,0.911111,1.0,1.0,0.2,1.0,1.0,0.000125,0.000106,3e-05,0.00058,8.6e-05,0.001422,0.004651
scidocs,q_sci_000479,score_sum,qrels,label-derived pairwise preferences from qrels,20,64,0.168421,20,1,False,0,0,0,0,0.0,0.0,0,0,20,ndcg_at_k,0.0,0,1.0,0.822222,1.0,1.0,0.2,1.0,1.0,0.000121,0.000156,3e-05,0.000564,2.8e-05,0.001426,0.004726
scidocs,q_sci_000479,borda,qrels,label-derived pairwise preferences from qrels,20,64,0.168421,20,1,False,0,0,0,0,0.0,0.0,0,0,20,ndcg_at_k,0.0,0,1.0,0.822222,1.0,1.0,0.2,1.0,1.0,0.000121,0.000156,3e-05,0.000564,1.8e-05,0.001426,0.004726
scidocs,q_sci_000479,pagerank,qrels,label-derived pairwise preferences from qrels,20,64,0.168421,20,1,False,0,0,0,0,0.0,0.0,0,0,20,ndcg_at_k,0.0,0,0.263158,0.555556,1.0,1.0,0.2,1.0,1.0,0.000121,0.000156,3e-05,0.000564,0.001926,0.001426,0.004726
scidocs,q_sci_000479,greedy_fas_topological,qrels,label-derived pairwise preferences from qrels,20,64,0.168421,20,1,False,0,0,0,0,0.0,0.0,0,0,20,ndcg_at_k,0.0,0,0.263158,0.555556,1.0,1.0,0.2,1.0,1.0,0.000121,0.000156,3e-05,0.000564,6.1e-05,0.001426,0.004726
scidocs,q_sci_000479,greedy_fas_weighted_balance,qrels,label-derived pairwise preferences from qrels,20,64,0.168421,20,1,False,0,0,0,0,0.0,0.0,0,0,20,ndcg_at_k,0.0,0,1.0,0.822222,1.0,1.0,0.2,1.0,1.0,0.000121,0.000156,3e-05,0.000564,3.5e-05,0.001426,0.004726
scidocs,q_sci_000479,greedy_fas_copeland,qrels,label-derived pairwise preferences from qrels,20,64,0.168421,20,1,False,0,0,0,0,0.0,0.0,0,0,20,ndcg_at_k,0.0,0,1.0,0.822222,1.0,1.0,0.2,1.0,1.0,0.000121,0.000156,3e-05,0.000564,2.7e-05,0.001426,0.004726
scidocs,q_sci_000479,greedy_fas_score_augmented_topological,qrels,label-derived pairwise preferences from qrels,20,64,0.168421,20,1,False,0,0,0,0,0.0,0.0,0,0,20,ndcg_at_k,0.0,0,-0.326316,0.244444,1.0,1.0,0.2,1.0,1.0,0.000121,0.000156,3e-05,0.000564,5.8e-05,0.001426,0.004726
scidocs,q_sci_000479,fas_balance_score_prior_alpha_beta,qrels,label-derived pairwise preferences from qrels,20,64,0.168421,20,1,False,0,0,0,0,0.0,0.0,0,0,20,ndcg_at_k,0.0,0,1.0,0.822222,1.0,1.0,0.2,1.0,1.0,0.000121,0.000156,3e-05,0.000564,5.3e-05,0.001426,0.004726
scidocs,q_sci_000479,hybrid_rrf_fas_regularized,qrels,label-derived pairwise preferences from qrels,20,64,0.168421,20,1,False,0,0,0,0,0.0,0.0,0,0,20,ndcg_at_k,0.0,0,1.0,0.822222,1.0,1.0,0.2,1.0,1.0,0.000121,0.000156,3e-05,0.000564,4.5e-05,0.001426,0.004726
scidocs,q_sci_000479,hybrid_rrf_balance_a05,qrels,label-derived pairwise preferences from qrels,20,64,0.168421,20,1,False,0,0,0,0,0.0,0.0,0,0,20,ndcg_at_k,0.0,0,1.0,0.822222,1.0,1.0,0.2,1.0,1.0,0.000121,0.000156,3e-05,0.000564,3.9e-05,0.001426,0.004726
scidocs,q_sci_000479,hybrid_rrf_copeland_a03,qrels,label-derived pairwise preferences from qrels,20,64,0.168421,20,1,False,0,0,0,0,0.0,0.0,0,0,20,ndcg_at_k,0.0,0,1.0,0.822222,1.0,1.0,0.2,1.0,1.0,0.000121,0.000156,3e-05,0.000564,5.1e-05,0.001426,0.004726
scidocs,q_sci_000479,hybrid_rrf_priority_topo_a03,qrels,label-derived pairwise preferences from qrels,20,64,0.168421,20,1,False,0,0,0,0,0.0,0.0,0,0,20,ndcg_at_k,0.0,0,-0.326316,0.244444,1.0,1.0,0.2,1.0,1.0,0.000121,0.000156,3e-05,0.000564,8.8e-05,0.001426,0.004726
scidocs,q_sci_000059,score_sum,qrels,label-derived pairwise preferences from qrels,20,51,0.134211,20,1,False,0,0,0,0,0.0,0.0,0,0,20,ndcg_at_k,0.0,0,1.0,0.666667,1.0,1.0,0.15,1.0,1.0,0.000122,8.9e-05,2.7e-05,0.000479,2.6e-05,0.001315,0.00472
scidocs,q_sci_000059,borda,qrels,label-derived pairwise preferences from qrels,20,51,0.134211,20,1,False,0,0,0,0,0.0,0.0,0,0,20,ndcg_at_k,0.0,0,1.0,0.666667,1.0,1.0,0.15,1.0,1.0,0.000122,8.9e-05,2.7e-05,0.000479,1.9e-05,0.001315,0.00472
scidocs,q_sci_000059,pagerank,qrels,label-derived pairwise preferences from qrels,20,51,0.134211,20,1,False,0,0,0,0,0.0,0.0,0,0,20,ndcg_at_k,0.0,0,0.315789,0.5,1.0,1.0,0.15,1.0,1.0,0.000122,8.9e-05,2.7e-05,0.000479,0.002235,0.001315,0.00472
scidocs,q_sci_000059,greedy_fas_topological,qrels,label-derived pairwise preferences from qrels,20,51,0.134211,20,1,False,0,0,0,0,0.0,0.0,0,0,20,ndcg_at_k,0.0,0,0.315789,0.5,1.0,1.0,0.15,1.0,1.0,0.000122,8.9e-05,2.7e-05,0.000479,5.6e-05,0.001315,0.00472
scidocs,q_sci_000059,greedy_fas_weighted_balance,qrels,label-derived pairwise preferences from qrels,20,51,0.134211,20,1,False,0,0,0,0,0.0,0.0,0,0,20,ndcg_at_k,0.0,0,1.0,0.666667,1.0,1.0,0.15,1.0,1.0,0.000122,8.9e-05,2.7e-05,0.000479,3.1e-05,0.001315,0.00472
scidocs,q_sci_000059,greedy_fas_copeland,qrels,label-derived pairwise preferences from qrels,20,51,0.134211,20,1,False,0,0,0,0,0.0,0.0,0,0,20,ndcg_at_k,0.0,0,1.0,0.666667,1.0,1.0,0.15,1.0,1.0,0.000122,8.9e-05,2.7e-05,0.000479,2.7e-05,0.001315,0.00472
scidocs,q_sci_000059,greedy_fas_score_augmented_topological,qrels,label-derived pairwise preferences from qrels,20,51,0.134211,20,1,False,0,0,0,0,0.0,0.0,0,0,20,ndcg_at_k,0.0,0,-0.463158,0.333333,1.0,1.0,0.15,1.0,1.0,0.000122,8.9e-05,2.7e-05,0.000479,5.7e-05,0.001315,0.00472
scidocs,q_sci_000059,fas_balance_score_prior_alpha_beta,qrels,label-derived pairwise preferences from qrels,20,51,0.134211,20,1,False,0,0,0,0,0.0,0.0,0,0,20,ndcg_at_k,0.0,0,1.0,0.666667,1.0,1.0,0.15,1.0,1.0,0.000122,8.9e-05,2.7e-05,0.000479,4.8e-05,0.001315,0.00472
scidocs,q_sci_000059,hybrid_rrf_fas_regularized,qrels,label-derived pairwise preferences from qrels,20,51,0.134211,20,1,False,0,0,0,0,0.0,0.0,0,0,20,ndcg_at_k,0.0,0,1.0,0.666667,1.0,1.0,0.15,1.0,1.0,0.000122,8.9e-05,2.7e-05,0.000479,4e-05,0.001315,0.00472
scidocs,q_sci_000059,hybrid_rrf_balance_a05,qrels,label-derived pairwise preferences from qrels,20,51,0.134211,20,1,False,0,0,0,0,0.0,0.0,0,0,20,ndcg_at_k,0.0,0,1.0,0.666667,1.0,1.0,0.15,1.0,1.0,0.000122,8.9e-05,2.7e-05,0.000479,3.5e-05,0.001315,0.00472
scidocs,q_sci_000059,hybrid_rrf_copeland_a03,qrels,label-derived pairwise preferences from qrels,20,51,0.134211,20,1,False,0,0,0,0,0.0,0.0,0,0,20,ndcg_at_k,0.0,0,1.0,0.666667,1.0,1.0,0.15,1.0,1.0,0.000122,8.9e-05,2.7e-05,0.000479,3.2e-05,0.001315,0.00472
scidocs,q_sci_000059,hybrid_rrf_priority_topo_a03,qrels,label-derived pairwise preferences from qrels,20,51,0.134211,20,1,False,0,0,0,0,0.0,0.0,0,0,20,ndcg_at_k,0.0,0,-0.463158,0.333333,1.0,1.0,0.15,1.0,1.0,0.000122,8.9e-05,2.7e-05,0.000479,8.2e-05,0.001315,0.00472
scidocs,q_sci_000368,score_sum,qrels,label-derived pairwise preferences from qrels,20,51,0.134211,20,1,False,0,0,0,0,0.0,0.0,0,0,20,ndcg_at_k,0.0,0,1.0,0.444444,1.0,1.0,0.15,1.0,1.0,0.000109,8.6e-05,2.8e-05,0.000498,2.6e-05,0.001314,0.004539
scidocs,q_sci_000368,borda,qrels,label-derived pairwise preferences from qrels,20,51,0.134211,20,1,False,0,0,0,0,0.0,0.0,0,0,20,ndcg_at_k,0.0,0,1.0,0.444444,1.0,1.0,0.15,1.0,1.0,0.000109,8.6e-05,2.8e-05,0.000498,1.9e-05,0.001314,0.004539
scidocs,q_sci_000368,pagerank,qrels,label-derived pairwise preferences from qrels,20,51,0.134211,20,1,False,0,0,0,0,0.0,0.0,0,0,20,ndcg_at_k,0.0,0,0.284211,0.5,1.0,1.0,0.15,1.0,1.0,0.000109,8.6e-05,2.8e-05,0.000498,0.00205,0.001314,0.004539
scidocs,q_sci_000368,greedy_fas_topological,qrels,label-derived pairwise preferences from qrels,20,51,0.134211,20,1,False,0,0,0,0,0.0,0.0,0,0,20,ndcg_at_k,0.0,0,0.284211,0.5,1.0,1.0,0.15,1.0,1.0,0.000109,8.6e-05,2.8e-05,0.000498,5.6e-05,0.001314,0.004539
scidocs,q_sci_000368,greedy_fas_weighted_balance,qrels,label-derived pairwise preferences from qrels,20,51,0.134211,20,1,False,0,0,0,0,0.0,0.0,0,0,20,ndcg_at_k,0.0,0,1.0,0.444444,1.0,1.0,0.15,1.0,1.0,0.000109,8.6e-05,2.8e-05,0.000498,3.2e-05,0.001314,0.004539
scidocs,q_sci_000368,greedy_fas_copeland,qrels,label-derived pairwise preferences from qrels,20,51,0.134211,20,1,False,0,0,0,0,0.0,0.0,0,0,20,ndcg_at_k,0.0,0,1.0,0.444444,1.0,1.0,0.15,1.0,1.0,0.000109,8.6e-05,2.8e-05,0.000498,2.7e-05,0.001314,0.004539
scidocs,q_sci_000368,greedy_fas_score_augmented_topological,qrels,label-derived pairwise preferences from qrels,20,51,0.134211,20,1,False,0,0,0,0,0.0,0.0,0,0,20,ndcg_at_k,0.0,0,-0.463158,0.555556,1.0,1.0,0.15,1.0,1.0,0.000109,8.6e-05,2.8e-05,0.000498,5.6e-05,0.001314,0.004539
scidocs,q_sci_000368,fas_balance_score_prior_alpha_beta,qrels,label-derived pairwise preferences from qrels,20,51,0.134211,20,1,False,0,0,0,0,0.0,0.0,0,0,20,ndcg_at_k,0.0,0,1.0,0.444444,1.0,1.0,0.15,1.0,1.0,0.000109,8.6e-05,2.8e-05,0.000498,4.8e-05,0.001314,0.004539
scidocs,q_sci_000368,hybrid_rrf_fas_regularized,qrels,label-derived pairwise preferences from qrels,20,51,0.134211,20,1,False,0,0,0,0,0.0,0.0,0,0,20,ndcg_at_k,0.0,0,1.0,0.444444,1.0,1.0,0.15,1.0,1.0,0.000109,8.6e-05,2.8e-05,0.000498,4e-05,0.001314,0.004539
scidocs,q_sci_000368,hybrid_rrf_balance_a05,qrels,label-derived pairwise preferences from qrels,20,51,0.134211,20,1,False,0,0,0,0,0.0,0.0,0,0,20,ndcg_at_k,0.0,0,1.0,0.444444,1.0,1.0,0.15,1.0,1.0,0.000109,8.6e-05,2.8e-05,0.000498,3.5e-05,0.001314,0.004539
scidocs,q_sci_000368,hybrid_rrf_copeland_a03,qrels,label-derived pairwise preferences from qrels,20,51,0.134211,20,1,False,0,0,0,0,0.0,0.0,0,0,20,ndcg_at_k,0.0,0,1.0,0.444444,1.0,1.0,0.15,1.0,1.0,0.000109,8.6e-05,2.8e-05,0.000498,3.3e-05,0.001314,0.004539
scidocs,q_sci_000368,hybrid_rrf_priority_topo_a03,qrels,label-derived pairwise preferences from qrels,20,51,0.134211,20,1,False,0,0,0,0,0.0,0.0,0,0,20,ndcg_at_k,0.0,0,-0.463158,0.555556,1.0,1.0,0.15,1.0,1.0,0.000109,8.6e-05,2.8e-05,0.000498,8.2e-05,0.001314,0.004539
scidocs,q_sci_000163,score_sum,qrels,label-derived pairwise preferences from qrels,20,64,0.168421,20,1,False,0,0,0,0,0.0,0.0,0,0,20,ndcg_at_k,0.0,0,1.0,0.722222,1.0,1.0,0.2,1.0,1.0,0.000124,0.000114,2.9e-05,0.000605,3.1e-05,0.001379,0.00459
scidocs,q_sci_000163,borda,qrels,label-derived pairwise preferences from qrels,20,64,0.168421,20,1,False,0,0,0,0,0.0,0.0,0,0,20,ndcg_at_k,0.0,0,1.0,0.722222,1.0,1.0,0.2,1.0,1.0,0.000124,0.000114,2.9e-05,0.000605,2.1e-05,0.001379,0.00459
scidocs,q_sci_000163,pagerank,qrels,label-derived pairwise preferences from qrels,20,64,0.168421,20,1,False,0,0,0,0,0.0,0.0,0,0,20,ndcg_at_k,0.0,0,0.494737,0.722222,1.0,1.0,0.2,1.0,1.0,0.000124,0.000114,2.9e-05,0.000605,0.001865,0.001379,0.00459
scidocs,q_sci_000163,greedy_fas_topological,qrels,label-derived pairwise preferences from qrels,20,64,0.168421,20,1,False,0,0,0,0,0.0,0.0,0,0,20,ndcg_at_k,0.0,0,0.494737,0.722222,1.0,1.0,0.2,1.0,1.0,0.000124,0.000114,2.9e-05,0.000605,5.6e-05,0.001379,0.00459
scidocs,q_sci_000163,greedy_fas_weighted_balance,qrels,label-derived pairwise preferences from qrels,20,64,0.168421,20,1,False,0,0,0,0,0.0,0.0,0,0,20,ndcg_at_k,0.0,0,1.0,0.722222,1.0,1.0,0.2,1.0,1.0,0.000124,0.000114,2.9e-05,0.000605,3.6e-05,0.001379,0.00459
scidocs,q_sci_000163,greedy_fas_copeland,qrels,label-derived pairwise preferences from qrels,20,64,0.168421,20,1,False,0,0,0,0,0.0,0.0,0,0,20,ndcg_at_k,0.0,0,1.0,0.722222,1.0,1.0,0.2,1.0,1.0,0.000124,0.000114,2.9e-05,0.000605,2.6e-05,0.001379,0.00459
scidocs,q_sci_000163,greedy_fas_score_augmented_topological,qrels,label-derived pairwise preferences from qrels,20,64,0.168421,20,1,False,0,0,0,0,0.0,0.0,0,0,20,ndcg_at_k,0.0,0,-0.326316,0.388889,1.0,1.0,0.2,1.0,1.0,0.000124,0.000114,2.9e-05,0.000605,5.7e-05,0.001379,0.00459
scidocs,q_sci_000163,fas_balance_score_prior_alpha_beta,qrels,label-derived pairwise preferences from qrels,20,64,0.168421,20,1,False,0,0,0,0,0.0,0.0,0,0,20,ndcg_at_k,0.0,0,1.0,0.722222,1.0,1.0,0.2,1.0,1.0,0.000124,0.000114,2.9e-05,0.000605,5e-05,0.001379,0.00459
scidocs,q_sci_000163,hybrid_rrf_fas_regularized,qrels,label-derived pairwise preferences from qrels,20,64,0.168421,20,1,False,0,0,0,0,0.0,0.0,0,0,20,ndcg_at_k,0.0,0,1.0,0.722222,1.0,1.0,0.2,1.0,1.0,0.000124,0.000114,2.9e-05,0.000605,4.3e-05,0.001379,0.00459
scidocs,q_sci_000163,hybrid_rrf_balance_a05,qrels,label-derived pairwise preferences from qrels,20,64,0.168421,20,1,False,0,0,0,0,0.0,0.0,0,0,20,ndcg_at_k,0.0,0,1.0,0.722222,1.0,1.0,0.2,1.0,1.0,0.000124,0.000114,2.9e-05,0.000605,3.8e-05,0.001379,0.00459
scidocs,q_sci_000163,hybrid_rrf_copeland_a03,qrels,label-derived pairwise preferences from qrels,20,64,0.168421,20,1,False,0,0,0,0,0.0,0.0,0,0,20,ndcg_at_k,0.0,0,1.0,0.722222,1.0,1.0,0.2,1.0,1.0,0.000124,0.000114,2.9e-05,0.000605,3.2e-05,0.001379,0.00459
scidocs,q_sci_000163,hybrid_rrf_priority_topo_a03,qrels,label-derived pairwise preferences from qrels,20,64,0.168421,20,1,False,0,0,0,0,0.0,0.0,0,0,20,ndcg_at_k,0.0,0,-0.326316,0.388889,1.0,1.0,0.2,1.0,1.0,0.000124,0.000114,2.9e-05,0.000605,8.4e-05,0.001379,0.00459
scidocs,q_sci_000210,score_sum,qrels,label-derived pairwise preferences from qrels,20,75,0.197368,20,1,False,0,0,0,0,0.0,0.0,0,0,20,ndcg_at_k,0.0,0,1.0,0.555556,1.0,1.0,0.25,1.0,1.0,0.00013,0.000119,2.9e-05,0.000615,3.5e-05,0.001411,0.004581
scidocs,q_sci_000210,borda,qrels,label-derived pairwise preferences from qrels,20,75,0.197368,20,1,False,0,0,0,0,0.0,0.0,0,0,20,ndcg_at_k,0.0,0,1.0,0.555556,1.0,1.0,0.25,1.0,1.0,0.00013,0.000119,2.9e-05,0.000615,1.9e-05,0.001411,0.004581
scidocs,q_sci_000210,pagerank,qrels,label-derived pairwise preferences from qrels,20,75,0.197368,20,1,False,0,0,0,0,0.0,0.0,0,0,20,ndcg_at_k,0.0,0,0.347368,0.422222,1.0,1.0,0.25,1.0,1.0,0.00013,0.000119,2.9e-05,0.000615,0.001753,0.001411,0.004581
scidocs,q_sci_000210,greedy_fas_topological,qrels,label-derived pairwise preferences from qrels,20,75,0.197368,20,1,False,0,0,0,0,0.0,0.0,0,0,20,ndcg_at_k,0.0,0,0.347368,0.422222,1.0,1.0,0.25,1.0,1.0,0.00013,0.000119,2.9e-05,0.000615,5.5e-05,0.001411,0.004581
scidocs,q_sci_000210,greedy_fas_weighted_balance,qrels,label-derived pairwise preferences from qrels,20,75,0.197368,20,1,False,0,0,0,0,0.0,0.0,0,0,20,ndcg_at_k,0.0,0,1.0,0.555556,1.0,1.0,0.25,1.0,1.0,0.00013,0.000119,2.9e-05,0.000615,4.7e-05,0.001411,0.004581
scidocs,q_sci_000210,greedy_fas_copeland,qrels,label-derived pairwise preferences from qrels,20,75,0.197368,20,1,False,0,0,0,0,0.0,0.0,0,0,20,ndcg_at_k,0.0,0,1.0,0.555556,1.0,1.0,0.25,1.0,1.0,0.00013,0.000119,2.9e-05,0.000615,2.7e-05,0.001411,0.004581
scidocs,q_sci_000210,greedy_fas_score_augmented_topological,qrels,label-derived pairwise preferences from qrels,20,75,0.197368,20,1,False,0,0,0,0,0.0,0.0,0,0,20,ndcg_at_k,0.0,0,-0.210526,0.555556,1.0,1.0,0.25,1.0,1.0,0.00013,0.000119,2.9e-05,0.000615,5.4e-05,0.001411,0.004581
scidocs,q_sci_000210,fas_balance_score_prior_alpha_beta,qrels,label-derived pairwise preferences from qrels,20,75,0.197368,20,1,False,0,0,0,0,0.0,0.0,0,0,20,ndcg_at_k,0.0,0,1.0,0.555556,1.0,1.0,0.25,1.0,1.0,0.00013,0.000119,2.9e-05,0.000615,5.3e-05,0.001411,0.004581
scidocs,q_sci_000210,hybrid_rrf_fas_regularized,qrels,label-derived pairwise preferences from qrels,20,75,0.197368,20,1,False,0,0,0,0,0.0,0.0,0,0,20,ndcg_at_k,0.0,0,1.0,0.555556,1.0,1.0,0.25,1.0,1.0,0.00013,0.000119,2.9e-05,0.000615,4.6e-05,0.001411,0.004581
scidocs,q_sci_000210,hybrid_rrf_balance_a05,qrels,label-derived pairwise preferences from qrels,20,75,0.197368,20,1,False,0,0,0,0,0.0,0.0,0,0,20,ndcg_at_k,0.0,0,1.0,0.555556,1.0,1.0,0.25,1.0,1.0,0.00013,0.000119,2.9e-05,0.000615,4.1e-05,0.001411,0.004581
scidocs,q_sci_000210,hybrid_rrf_copeland_a03,qrels,label-derived pairwise preferences from qrels,20,75,0.197368,20,1,False,0,0,0,0,0.0,0.0,0,0,20,ndcg_at_k,0.0,0,1.0,0.555556,1.0,1.0,0.25,1.0,1.0,0.00013,0.000119,2.9e-05,0.000615,3.1e-05,0.001411,0.004581
scidocs,q_sci_000210,hybrid_rrf_priority_topo_a03,qrels,label-derived pairwise preferences from qrels,20,75,0.197368,20,1,False,0,0,0,0,0.0,0.0,0,0,20,ndcg_at_k,0.0,0,-0.210526,0.555556,1.0,1.0,0.25,1.0,1.0,0.00013,0.000119,2.9e-05,0.000615,0.000116,0.001411,0.004581
scidocs,q_sci_000251,score_sum,qrels,label-derived pairwise preferences from qrels,20,75,0.197368,20,1,False,0,0,0,0,0.0,0.0,0,0,20,ndcg_at_k,0.0,0,1.0,0.644444,1.0,1.0,0.25,1.0,1.0,0.000135,0.000145,3.1e-05,0.000636,3.1e-05,0.001369,0.004479
scidocs,q_sci_000251,borda,qrels,label-derived pairwise preferences from qrels,20,75,0.197368,20,1,False,0,0,0,0,0.0,0.0,0,0,20,ndcg_at_k,0.0,0,1.0,0.644444,1.0,1.0,0.25,1.0,1.0,0.000135,0.000145,3.1e-05,0.000636,1.8e-05,0.001369,0.004479
scidocs,q_sci_000251,pagerank,qrels,label-derived pairwise preferences from qrels,20,75,0.197368,20,1,False,0,0,0,0,0.0,0.0,0,0,20,ndcg_at_k,0.0,0,0.336842,0.511111,1.0,1.0,0.25,1.0,1.0,0.000135,0.000145,3.1e-05,0.000636,0.001676,0.001369,0.004479
scidocs,q_sci_000251,greedy_fas_topological,qrels,label-derived pairwise preferences from qrels,20,75,0.197368,20,1,False,0,0,0,0,0.0,0.0,0,0,20,ndcg_at_k,0.0,0,0.336842,0.511111,1.0,1.0,0.25,1.0,1.0,0.000135,0.000145,3.1e-05,0.000636,5.6e-05,0.001369,0.004479
scidocs,q_sci_000251,greedy_fas_weighted_balance,qrels,label-derived pairwise preferences from qrels,20,75,0.197368,20,1,False,0,0,0,0,0.0,0.0,0,0,20,ndcg_at_k,0.0,0,1.0,0.644444,1.0,1.0,0.25,1.0,1.0,0.000135,0.000145,3.1e-05,0.000636,3.8e-05,0.001369,0.004479
scidocs,q_sci_000251,greedy_fas_copeland,qrels,label-derived pairwise preferences from qrels,20,75,0.197368,20,1,False,0,0,0,0,0.0,0.0,0,0,20,ndcg_at_k,0.0,0,1.0,0.644444,1.0,1.0,0.25,1.0,1.0,0.000135,0.000145,3.1e-05,0.000636,2.5e-05,0.001369,0.004479
scidocs,q_sci_000251,greedy_fas_score_augmented_topological,qrels,label-derived pairwise preferences from qrels,20,75,0.197368,20,1,False,0,0,0,0,0.0,0.0,0,0,20,ndcg_at_k,0.0,0,-0.210526,0.466667,1.0,1.0,0.25,1.0,1.0,0.000135,0.000145,3.1e-05,0.000636,5.5e-05,0.001369,0.004479
scidocs,q_sci_000251,fas_balance_score_prior_alpha_beta,qrels,label-derived pairwise preferences from qrels,20,75,0.197368,20,1,False,0,0,0,0,0.0,0.0,0,0,20,ndcg_at_k,0.0,0,1.0,0.644444,1.0,1.0,0.25,1.0,1.0,0.000135,0.000145,3.1e-05,0.000636,5.9e-05,0.001369,0.004479
scidocs,q_sci_000251,hybrid_rrf_fas_regularized,qrels,label-derived pairwise preferences from qrels,20,75,0.197368,20,1,False,0,0,0,0,0.0,0.0,0,0,20,ndcg_at_k,0.0,0,1.0,0.644444,1.0,1.0,0.25,1.0,1.0,0.000135,0.000145,3.1e-05,0.000636,4.6e-05,0.001369,0.004479
scidocs,q_sci_000251,hybrid_rrf_balance_a05,qrels,label-derived pairwise preferences from qrels,20,75,0.197368,20,1,False,0,0,0,0,0.0,0.0,0,0,20,ndcg_at_k,0.0,0,1.0,0.644444,1.0,1.0,0.25,1.0,1.0,0.000135,0.000145,3.1e-05,0.000636,4.4e-05,0.001369,0.004479
scidocs,q_sci_000251,hybrid_rrf_copeland_a03,qrels,label-derived pairwise preferences from qrels,20,75,0.197368,20,1,False,0,0,0,0,0.0,0.0,0,0,20,ndcg_at_k,0.0,0,1.0,0.644444,1.0,1.0,0.25,1.0,1.0,0.000135,0.000145,3.1e-05,0.000636,3.1e-05,0.001369,0.004479
scidocs,q_sci_000251,hybrid_rrf_priority_topo_a03,qrels,label-derived pairwise preferences from qrels,20,75,0.197368,20,1,False,0,0,0,0,0.0,0.0,0,0,20,ndcg_at_k,0.0,0,-0.210526,0.466667,1.0,1.0,0.25,1.0,1.0,0.000135,0.000145,3.1e-05,0.000636,8.4e-05,0.001369,0.004479
scidocs,q_sci_000443,score_sum,qrels,label-derived pairwise preferences from qrels,20,75,0.197368,20,1,False,0,0,0,0,0.0,0.0,0,0,20,ndcg_at_k,0.0,0,1.0,0.6,1.0,1.0,0.25,1.0,1.0,0.000152,0.000164,3e-05,0.000618,3.2e-05,0.001448,0.00463
scidocs,q_sci_000443,borda,qrels,label-derived pairwise preferences from qrels,20,75,0.197368,20,1,False,0,0,0,0,0.0,0.0,0,0,20,ndcg_at_k,0.0,0,1.0,0.6,1.0,1.0,0.25,1.0,1.0,0.000152,0.000164,3e-05,0.000618,1.8e-05,0.001448,0.00463
scidocs,q_sci_000443,pagerank,qrels,label-derived pairwise preferences from qrels,20,75,0.197368,20,1,False,0,0,0,0,0.0,0.0,0,0,20,ndcg_at_k,0.0,0,0.357895,0.527273,1.0,1.0,0.25,1.0,1.0,0.000152,0.000164,3e-05,0.000618,0.001732,0.001448,0.00463
scidocs,q_sci_000443,greedy_fas_topological,qrels,label-derived pairwise preferences from qrels,20,75,0.197368,20,1,False,0,0,0,0,0.0,0.0,0,0,20,ndcg_at_k,0.0,0,0.357895,0.527273,1.0,1.0,0.25,1.0,1.0,0.000152,0.000164,3e-05,0.000618,5.9e-05,0.001448,0.00463
scidocs,q_sci_000443,greedy_fas_weighted_balance,qrels,label-derived pairwise preferences from qrels,20,75,0.197368,20,1,False,0,0,0,0,0.0,0.0,0,0,20,ndcg_at_k,0.0,0,1.0,0.6,1.0,1.0,0.25,1.0,1.0,0.000152,0.000164,3e-05,0.000618,3.9e-05,0.001448,0.00463
scidocs,q_sci_000443,greedy_fas_copeland,qrels,label-derived pairwise preferences from qrels,20,75,0.197368,20,1,False,0,0,0,0,0.0,0.0,0,0,20,ndcg_at_k,0.0,0,1.0,0.6,1.0,1.0,0.25,1.0,1.0,0.000152,0.000164,3e-05,0.000618,2.6e-05,0.001448,0.00463
scidocs,q_sci_000443,greedy_fas_score_augmented_topological,qrels,label-derived pairwise preferences from qrels,20,75,0.197368,20,1,False,0,0,0,0,0.0,0.0,0,0,20,ndcg_at_k,0.0,0,-0.210526,0.490909,1.0,1.0,0.25,1.0,1.0,0.000152,0.000164,3e-05,0.000618,5.5e-05,0.001448,0.00463
scidocs,q_sci_000443,fas_balance_score_prior_alpha_beta,qrels,label-derived pairwise preferences from qrels,20,75,0.197368,20,1,False,0,0,0,0,0.0,0.0,0,0,20,ndcg_at_k,0.0,0,1.0,0.6,1.0,1.0,0.25,1.0,1.0,0.000152,0.000164,3e-05,0.000618,5.4e-05,0.001448,0.00463
scidocs,q_sci_000443,hybrid_rrf_fas_regularized,qrels,label-derived pairwise preferences from qrels,20,75,0.197368,20,1,False,0,0,0,0,0.0,0.0,0,0,20,ndcg_at_k,0.0,0,1.0,0.6,1.0,1.0,0.25,1.0,1.0,0.000152,0.000164,3e-05,0.000618,4.5e-05,0.001448,0.00463
scidocs,q_sci_000443,hybrid_rrf_balance_a05,qrels,label-derived pairwise preferences from qrels,20,75,0.197368,20,1,False,0,0,0,0,0.0,0.0,0,0,20,ndcg_at_k,0.0,0,1.0,0.6,1.0,1.0,0.25,1.0,1.0,0.000152,0.000164,3e-05,0.000618,4e-05,0.001448,0.00463
scidocs,q_sci_000443,hybrid_rrf_copeland_a03,qrels,label-derived pairwise preferences from qrels,20,75,0.197368,20,1,False,0,0,0,0,0.0,0.0,0,0,20,ndcg_at_k,0.0,0,1.0,0.6,1.0,1.0,0.25,1.0,1.0,0.000152,0.000164,3e-05,0.000618,3.2e-05,0.001448,0.00463
scidocs,q_sci_000443,hybrid_rrf_priority_topo_a03,qrels,label-derived pairwise preferences from qrels,20,75,0.197368,20,1,False,0,0,0,0,0.0,0.0,0,0,20,ndcg_at_k,0.0,0,-0.210526,0.490909,1.0,1.0,0.25,1.0,1.0,0.000152,0.000164,3e-05,0.000618,8.6e-05,0.001448,0.00463
scidocs,q_sci_000320,score_sum,qrels,label-derived pairwise preferences from qrels,20,51,0.134211,20,1,False,0,0,0,0,0.0,0.0,0,0,20,ndcg_at_k,0.0,0,1.0,0.5,1.0,1.0,0.15,1.0,1.0,0.000103,9.2e-05,2.8e-05,0.00049,2.5e-05,0.001333,0.004553
scidocs,q_sci_000320,borda,qrels,label-derived pairwise preferences from qrels,20,51,0.134211,20,1,False,0,0,0,0,0.0,0.0,0,0,20,ndcg_at_k,0.0,0,1.0,0.5,1.0,1.0,0.15,1.0,1.0,0.000103,9.2e-05,2.8e-05,0.00049,1.9e-05,0.001333,0.004553
scidocs,q_sci_000320,pagerank,qrels,label-derived pairwise preferences from qrels,20,51,0.134211,20,1,False,0,0,0,0,0.0,0.0,0,0,20,ndcg_at_k,0.0,0,0.315789,0.444444,1.0,1.0,0.15,1.0,1.0,0.000103,9.2e-05,2.8e-05,0.00049,0.002049,0.001333,0.004553
scidocs,q_sci_000320,greedy_fas_topological,qrels,label-derived pairwise preferences from qrels,20,51,0.134211,20,1,False,0,0,0,0,0.0,0.0,0,0,20,ndcg_at_k,0.0,0,0.315789,0.444444,1.0,1.0,0.15,1.0,1.0,0.000103,9.2e-05,2.8e-05,0.00049,5.4e-05,0.001333,0.004553
scidocs,q_sci_000320,greedy_fas_weighted_balance,qrels,label-derived pairwise preferences from qrels,20,51,0.134211,20,1,False,0,0,0,0,0.0,0.0,0,0,20,ndcg_at_k,0.0,0,1.0,0.5,1.0,1.0,0.15,1.0,1.0,0.000103,9.2e-05,2.8e-05,0.00049,3.3e-05,0.001333,0.004553
scidocs,q_sci_000320,greedy_fas_copeland,qrels,label-derived pairwise preferences from qrels,20,51,0.134211,20,1,False,0,0,0,0,0.0,0.0,0,0,20,ndcg_at_k,0.0,0,1.0,0.5,1.0,1.0,0.15,1.0,1.0,0.000103,9.2e-05,2.8e-05,0.00049,2.7e-05,0.001333,0.004553
scidocs,q_sci_000320,greedy_fas_score_augmented_topological,qrels,label-derived pairwise preferences from qrels,20,51,0.134211,20,1,False,0,0,0,0,0.0,0.0,0,0,20,ndcg_at_k,0.0,0,-0.463158,0.5,1.0,1.0,0.15,1.0,1.0,0.000103,9.2e-05,2.8e-05,0.00049,5.8e-05,0.001333,0.004553
scidocs,q_sci_000320,fas_balance_score_prior_alpha_beta,qrels,label-derived pairwise preferences from qrels,20,51,0.134211,20,1,False,0,0,0,0,0.0,0.0,0,0,20,ndcg_at_k,0.0,0,1.0,0.5,1.0,1.0,0.15,1.0,1.0,0.000103,9.2e-05,2.8e-05,0.00049,4.9e-05,0.001333,0.004553
scidocs,q_sci_000320,hybrid_rrf_fas_regularized,qrels,label-derived pairwise preferences from qrels,20,51,0.134211,20,1,False,0,0,0,0,0.0,0.0,0,0,20,ndcg_at_k,0.0,0,1.0,0.5,1.0,1.0,0.15,1.0,1.0,0.000103,9.2e-05,2.8e-05,0.00049,4.1e-05,0.001333,0.004553
scidocs,q_sci_000320,hybrid_rrf_balance_a05,qrels,label-derived pairwise preferences from qrels,20,51,0.134211,20,1,False,0,0,0,0,0.0,0.0,0,0,20,ndcg_at_k,0.0,0,1.0,0.5,1.0,1.0,0.15,1.0,1.0,0.000103,9.2e-05,2.8e-05,0.00049,3.6e-05,0.001333,0.004553
scidocs,q_sci_000320,hybrid_rrf_copeland_a03,qrels,label-derived pairwise preferences from qrels,20,51,0.134211,20,1,False,0,0,0,0,0.0,0.0,0,0,20,ndcg_at_k,0.0,0,1.0,0.5,1.0,1.0,0.15,1.0,1.0,0.000103,9.2e-05,2.8e-05,0.00049,3.2e-05,0.001333,0.004553
scidocs,q_sci_000320,hybrid_rrf_priority_topo_a03,qrels,label-derived pairwise preferences from qrels,20,51,0.134211,20,1,False,0,0,0,0,0.0,0.0,0,0,20,ndcg_at_k,0.0,0,-0.463158,0.5,1.0,1.0,0.15,1.0,1.0,0.000103,9.2e-05,2.8e-05,0.00049,8.4e-05,0.001333,0.004553
scidocs,q_sci_000289,score_sum,qrels,label-derived pairwise preferences from qrels,20,75,0.197368,20,1,False,0,0,0,0,0.0,0.0,0,0,20,ndcg_at_k,0.0,0,1.0,0.666667,1.0,1.0,0.25,1.0,1.0,0.000131,0.00011,2.9e-05,0.00061,3e-05,0.001405,0.004449
scidocs,q_sci_000289,borda,qrels,label-derived pairwise preferences from qrels,20,75,0.197368,20,1,False,0,0,0,0,0.0,0.0,0,0,20,ndcg_at_k,0.0,0,1.0,0.666667,1.0,1.0,0.25,1.0,1.0,0.000131,0.00011,2.9e-05,0.00061,1.8e-05,0.001405,0.004449
scidocs,q_sci_000289,pagerank,qrels,label-derived pairwise preferences from qrels,20,75,0.197368,20,1,False,0,0,0,0,0.0,0.0,0,0,20,ndcg_at_k,0.0,0,0.052632,0.555556,1.0,1.0,0.25,1.0,1.0,0.000131,0.00011,2.9e-05,0.00061,0.001679,0.001405,0.004449
scidocs,q_sci_000289,greedy_fas_topological,qrels,label-derived pairwise preferences from qrels,20,75,0.197368,20,1,False,0,0,0,0,0.0,0.0,0,0,20,ndcg_at_k,0.0,0,0.052632,0.555556,1.0,1.0,0.25,1.0,1.0,0.000131,0.00011,2.9e-05,0.00061,5.7e-05,0.001405,0.004449
scidocs,q_sci_000289,greedy_fas_weighted_balance,qrels,label-derived pairwise preferences from qrels,20,75,0.197368,20,1,False,0,0,0,0,0.0,0.0,0,0,20,ndcg_at_k,0.0,0,1.0,0.666667,1.0,1.0,0.25,1.0,1.0,0.000131,0.00011,2.9e-05,0.00061,4e-05,0.001405,0.004449
scidocs,q_sci_000289,greedy_fas_copeland,qrels,label-derived pairwise preferences from qrels,20,75,0.197368,20,1,False,0,0,0,0,0.0,0.0,0,0,20,ndcg_at_k,0.0,0,1.0,0.666667,1.0,1.0,0.25,1.0,1.0,0.000131,0.00011,2.9e-05,0.00061,2.4e-05,0.001405,0.004449
scidocs,q_sci_000289,greedy_fas_score_augmented_topological,qrels,label-derived pairwise preferences from qrels,20,75,0.197368,20,1,False,0,0,0,0,0.0,0.0,0,0,20,ndcg_at_k,0.0,0,-0.210526,0.444444,1.0,1.0,0.25,1.0,1.0,0.000131,0.00011,2.9e-05,0.00061,5.3e-05,0.001405,0.004449
scidocs,q_sci_000289,fas_balance_score_prior_alpha_beta,qrels,label-derived pairwise preferences from qrels,20,75,0.197368,20,1,False,0,0,0,0,0.0,0.0,0,0,20,ndcg_at_k,0.0,0,1.0,0.666667,1.0,1.0,0.25,1.0,1.0,0.000131,0.00011,2.9e-05,0.00061,5.3e-05,0.001405,0.004449
scidocs,q_sci_000289,hybrid_rrf_fas_regularized,qrels,label-derived pairwise preferences from qrels,20,75,0.197368,20,1,False,0,0,0,0,0.0,0.0,0,0,20,ndcg_at_k,0.0,0,1.0,0.666667,1.0,1.0,0.25,1.0,1.0,0.000131,0.00011,2.9e-05,0.00061,4.5e-05,0.001405,0.004449
scidocs,q_sci_000289,hybrid_rrf_balance_a05,qrels,label-derived pairwise preferences from qrels,20,75,0.197368,20,1,False,0,0,0,0,0.0,0.0,0,0,20,ndcg_at_k,0.0,0,1.0,0.666667,1.0,1.0,0.25,1.0,1.0,0.000131,0.00011,2.9e-05,0.00061,4.2e-05,0.001405,0.004449
scidocs,q_sci_000289,hybrid_rrf_copeland_a03,qrels,label-derived pairwise preferences from qrels,20,75,0.197368,20,1,False,0,0,0,0,0.0,0.0,0,0,20,ndcg_at_k,0.0,0,1.0,0.666667,1.0,1.0,0.25,1.0,1.0,0.000131,0.00011,2.9e-05,0.00061,3.7e-05,0.001405,0.004449
scidocs,q_sci_000289,hybrid_rrf_priority_topo_a03,qrels,label-derived pairwise preferences from qrels,20,75,0.197368,20,1,False,0,0,0,0,0.0,0.0,0,0,20,ndcg_at_k,0.0,0,-0.210526,0.444444,1.0,1.0,0.25,1.0,1.0,0.000131,0.00011,2.9e-05,0.00061,8.6e-05,0.001405,0.004449
scidocs,q_sci_000389,score_sum,qrels,label-derived pairwise preferences from qrels,20,64,0.168421,20,1,False,0,0,0,0,0.0,0.0,0,0,20,ndcg_at_k,0.0,0,1.0,0.6,1.0,1.0,0.2,1.0,1.0,0.000119,0.000146,3e-05,0.000541,2.8e-05,0.00133,0.004437
scidocs,q_sci_000389,borda,qrels,label-derived pairwise preferences from qrels,20,64,0.168421,20,1,False,0,0,0,0,0.0,0.0,0,0,20,ndcg_at_k,0.0,0,1.0,0.6,1.0,1.0,0.2,1.0,1.0,0.000119,0.000146,3e-05,0.000541,1.8e-05,0.00133,0.004437
scidocs,q_sci_000389,pagerank,qrels,label-derived pairwise preferences from qrels,20,64,0.168421,20,1,False,0,0,0,0,0.0,0.0,0,0,20,ndcg_at_k,0.0,0,0.336842,0.555556,1.0,1.0,0.2,1.0,1.0,0.000119,0.000146,3e-05,0.000541,0.001795,0.00133,0.004437
scidocs,q_sci_000389,greedy_fas_topological,qrels,label-derived pairwise preferences from qrels,20,64,0.168421,20,1,False,0,0,0,0,0.0,0.0,0,0,20,ndcg_at_k,0.0,0,0.336842,0.555556,1.0,1.0,0.2,1.0,1.0,0.000119,0.000146,3e-05,0.000541,5.4e-05,0.00133,0.004437
scidocs,q_sci_000389,greedy_fas_weighted_balance,qrels,label-derived pairwise preferences from qrels,20,64,0.168421,20,1,False,0,0,0,0,0.0,0.0,0,0,20,ndcg_at_k,0.0,0,1.0,0.6,1.0,1.0,0.2,1.0,1.0,0.000119,0.000146,3e-05,0.000541,3.5e-05,0.00133,0.004437
scidocs,q_sci_000389,greedy_fas_copeland,qrels,label-derived pairwise preferences from qrels,20,64,0.168421,20,1,False,0,0,0,0,0.0,0.0,0,0,20,ndcg_at_k,0.0,0,1.0,0.6,1.0,1.0,0.2,1.0,1.0,0.000119,0.000146,3e-05,0.000541,2.5e-05,0.00133,0.004437
scidocs,q_sci_000389,greedy_fas_score_augmented_topological,qrels,label-derived pairwise preferences from qrels,20,64,0.168421,20,1,False,0,0,0,0,0.0,0.0,0,0,20,ndcg_at_k,0.0,0,-0.326316,0.466667,1.0,1.0,0.2,1.0,1.0,0.000119,0.000146,3e-05,0.000541,5.6e-05,0.00133,0.004437
scidocs,q_sci_000389,fas_balance_score_prior_alpha_beta,qrels,label-derived pairwise preferences from qrels,20,64,0.168421,20,1,False,0,0,0,0,0.0,0.0,0,0,20,ndcg_at_k,0.0,0,1.0,0.6,1.0,1.0,0.2,1.0,1.0,0.000119,0.000146,3e-05,0.000541,5e-05,0.00133,0.004437
scidocs,q_sci_000389,hybrid_rrf_fas_regularized,qrels,label-derived pairwise preferences from qrels,20,64,0.168421,20,1,False,0,0,0,0,0.0,0.0,0,0,20,ndcg_at_k,0.0,0,1.0,0.6,1.0,1.0,0.2,1.0,1.0,0.000119,0.000146,3e-05,0.000541,4.4e-05,0.00133,0.004437
scidocs,q_sci_000389,hybrid_rrf_balance_a05,qrels,label-derived pairwise preferences from qrels,20,64,0.168421,20,1,False,0,0,0,0,0.0,0.0,0,0,20,ndcg_at_k,0.0,0,1.0,0.6,1.0,1.0,0.2,1.0,1.0,0.000119,0.000146,3e-05,0.000541,3.7e-05,0.00133,0.004437
scidocs,q_sci_000389,hybrid_rrf_copeland_a03,qrels,label-derived pairwise preferences from qrels,20,64,0.168421,20,1,False,0,0,0,0,0.0,0.0,0,0,20,ndcg_at_k,0.0,0,1.0,0.6,1.0,1.0,0.2,1.0,1.0,0.000119,0.000146,3e-05,0.000541,3.1e-05,0.00133,0.004437
scidocs,q_sci_000389,hybrid_rrf_priority_topo_a03,qrels,label-derived pairwise preferences from qrels,20,64,0.168421,20,1,False,0,0,0,0,0.0,0.0,0,0,20,ndcg_at_k,0.0,0,-0.326316,0.466667,1.0,1.0,0.2,1.0,1.0,0.000119,0.000146,3e-05,0.000541,9.8e-05,0.00133,0.004437
scidocs,q_sci_000007,score_sum,qrels,label-derived pairwise preferences from qrels,20,51,0.134211,20,1,False,0,0,0,0,0.0,0.0,0,0,20,ndcg_at_k,0.0,0,1.0,0.466667,1.0,1.0,0.15,1.0,1.0,0.000113,8.1e-05,2.6e-05,0.000478,2.5e-05,0.001333,0.004878
scidocs,q_sci_000007,borda,qrels,label-derived pairwise preferences from qrels,20,51,0.134211,20,1,False,0,0,0,0,0.0,0.0,0,0,20,ndcg_at_k,0.0,0,1.0,0.466667,1.0,1.0,0.15,1.0,1.0,0.000113,8.1e-05,2.6e-05,0.000478,1.8e-05,0.001333,0.004878
scidocs,q_sci_000007,pagerank,qrels,label-derived pairwise preferences from qrels,20,51,0.134211,20,1,False,0,0,0,0,0.0,0.0,0,0,20,ndcg_at_k,0.0,0,0.357895,0.377778,1.0,1.0,0.15,1.0,1.0,0.000113,8.1e-05,2.6e-05,0.000478,0.002395,0.001333,0.004878
scidocs,q_sci_000007,greedy_fas_topological,qrels,label-derived pairwise preferences from qrels,20,51,0.134211,20,1,False,0,0,0,0,0.0,0.0,0,0,20,ndcg_at_k,0.0,0,0.357895,0.377778,1.0,1.0,0.15,1.0,1.0,0.000113,8.1e-05,2.6e-05,0.000478,5.3e-05,0.001333,0.004878
scidocs,q_sci_000007,greedy_fas_weighted_balance,qrels,label-derived pairwise preferences from qrels,20,51,0.134211,20,1,False,0,0,0,0,0.0,0.0,0,0,20,ndcg_at_k,0.0,0,1.0,0.466667,1.0,1.0,0.15,1.0,1.0,0.000113,8.1e-05,2.6e-05,0.000478,3.3e-05,0.001333,0.004878
scidocs,q_sci_000007,greedy_fas_copeland,qrels,label-derived pairwise preferences from qrels,20,51,0.134211,20,1,False,0,0,0,0,0.0,0.0,0,0,20,ndcg_at_k,0.0,0,1.0,0.466667,1.0,1.0,0.15,1.0,1.0,0.000113,8.1e-05,2.6e-05,0.000478,2.5e-05,0.001333,0.004878
scidocs,q_sci_000007,greedy_fas_score_augmented_topological,qrels,label-derived pairwise preferences from qrels,20,51,0.134211,20,1,False,0,0,0,0,0.0,0.0,0,0,20,ndcg_at_k,0.0,0,-0.463158,0.466667,1.0,1.0,0.15,1.0,1.0,0.000113,8.1e-05,2.6e-05,0.000478,6.2e-05,0.001333,0.004878
scidocs,q_sci_000007,fas_balance_score_prior_alpha_beta,qrels,label-derived pairwise preferences from qrels,20,51,0.134211,20,1,False,0,0,0,0,0.0,0.0,0,0,20,ndcg_at_k,0.0,0,1.0,0.466667,1.0,1.0,0.15,1.0,1.0,0.000113,8.1e-05,2.6e-05,0.000478,4.7e-05,0.001333,0.004878
scidocs,q_sci_000007,hybrid_rrf_fas_regularized,qrels,label-derived pairwise preferences from qrels,20,51,0.134211,20,1,False,0,0,0,0,0.0,0.0,0,0,20,ndcg_at_k,0.0,0,1.0,0.466667,1.0,1.0,0.15,1.0,1.0,0.000113,8.1e-05,2.6e-05,0.000478,4e-05,0.001333,0.004878
scidocs,q_sci_000007,hybrid_rrf_balance_a05,qrels,label-derived pairwise preferences from qrels,20,51,0.134211,20,1,False,0,0,0,0,0.0,0.0,0,0,20,ndcg_at_k,0.0,0,1.0,0.466667,1.0,1.0,0.15,1.0,1.0,0.000113,8.1e-05,2.6e-05,0.000478,3.6e-05,0.001333,0.004878
scidocs,q_sci_000007,hybrid_rrf_copeland_a03,qrels,label-derived pairwise preferences from qrels,20,51,0.134211,20,1,False,0,0,0,0,0.0,0.0,0,0,20,ndcg_at_k,0.0,0,1.0,0.466667,1.0,1.0,0.15,1.0,1.0,0.000113,8.1e-05,2.6e-05,0.000478,3.2e-05,0.001333,0.004878
scidocs,q_sci_000007,hybrid_rrf_priority_topo_a03,qrels,label-derived pairwise preferences from qrels,20,51,0.134211,20,1,False,0,0,0,0,0.0,0.0,0,0,20,ndcg_at_k,0.0,0,-0.463158,0.466667,1.0,1.0,0.15,1.0,1.0,0.000113,8.1e-05,2.6e-05,0.000478,8.1e-05,0.001333,0.004878
scidocs,q_sci_000462,score_sum,qrels,label-derived pairwise preferences from qrels,20,75,0.197368,20,1,False,0,0,0,0,0.0,0.0,0,0,20,ndcg_at_k,0.0,0,1.0,0.418182,1.0,1.0,0.25,1.0,1.0,0.000132,0.000109,2.9e-05,0.00061,3.1e-05,0.001451,0.004491
scidocs,q_sci_000462,borda,qrels,label-derived pairwise preferences from qrels,20,75,0.197368,20,1,False,0,0,0,0,0.0,0.0,0,0,20,ndcg_at_k,0.0,0,1.0,0.418182,1.0,1.0,0.25,1.0,1.0,0.000132,0.000109,2.9e-05,0.00061,1.9e-05,0.001451,0.004491
scidocs,q_sci_000462,pagerank,qrels,label-derived pairwise preferences from qrels,20,75,0.197368,20,1,False,0,0,0,0,0.0,0.0,0,0,20,ndcg_at_k,0.0,0,0.442105,0.490909,1.0,1.0,0.25,1.0,1.0,0.000132,0.000109,2.9e-05,0.00061,0.001674,0.001451,0.004491
scidocs,q_sci_000462,greedy_fas_topological,qrels,label-derived pairwise preferences from qrels,20,75,0.197368,20,1,False,0,0,0,0,0.0,0.0,0,0,20,ndcg_at_k,0.0,0,0.442105,0.490909,1.0,1.0,0.25,1.0,1.0,0.000132,0.000109,2.9e-05,0.00061,5.8e-05,0.001451,0.004491
scidocs,q_sci_000462,greedy_fas_weighted_balance,qrels,label-derived pairwise preferences from qrels,20,75,0.197368,20,1,False,0,0,0,0,0.0,0.0,0,0,20,ndcg_at_k,0.0,0,1.0,0.418182,1.0,1.0,0.25,1.0,1.0,0.000132,0.000109,2.9e-05,0.00061,3.9e-05,0.001451,0.004491
scidocs,q_sci_000462,greedy_fas_copeland,qrels,label-derived pairwise preferences from qrels,20,75,0.197368,20,1,False,0,0,0,0,0.0,0.0,0,0,20,ndcg_at_k,0.0,0,1.0,0.418182,1.0,1.0,0.25,1.0,1.0,0.000132,0.000109,2.9e-05,0.00061,2.6e-05,0.001451,0.004491
scidocs,q_sci_000462,greedy_fas_score_augmented_topological,qrels,label-derived pairwise preferences from qrels,20,75,0.197368,20,1,False,0,0,0,0,0.0,0.0,0,0,20,ndcg_at_k,0.0,0,-0.210526,0.672727,1.0,1.0,0.25,1.0,1.0,0.000132,0.000109,2.9e-05,0.00061,5.4e-05,0.001451,0.004491
scidocs,q_sci_000462,fas_balance_score_prior_alpha_beta,qrels,label-derived pairwise preferences from qrels,20,75,0.197368,20,1,False,0,0,0,0,0.0,0.0,0,0,20,ndcg_at_k,0.0,0,1.0,0.418182,1.0,1.0,0.25,1.0,1.0,0.000132,0.000109,2.9e-05,0.00061,5.4e-05,0.001451,0.004491
scidocs,q_sci_000462,hybrid_rrf_fas_regularized,qrels,label-derived pairwise preferences from qrels,20,75,0.197368,20,1,False,0,0,0,0,0.0,0.0,0,0,20,ndcg_at_k,0.0,0,1.0,0.418182,1.0,1.0,0.25,1.0,1.0,0.000132,0.000109,2.9e-05,0.00061,4.6e-05,0.001451,0.004491
scidocs,q_sci_000462,hybrid_rrf_balance_a05,qrels,label-derived pairwise preferences from qrels,20,75,0.197368,20,1,False,0,0,0,0,0.0,0.0,0,0,20,ndcg_at_k,0.0,0,1.0,0.418182,1.0,1.0,0.25,1.0,1.0,0.000132,0.000109,2.9e-05,0.00061,4e-05,0.001451,0.004491
scidocs,q_sci_000462,hybrid_rrf_copeland_a03,qrels,label-derived pairwise preferences from qrels,20,75,0.197368,20,1,False,0,0,0,0,0.0,0.0,0,0,20,ndcg_at_k,0.0,0,1.0,0.418182,1.0,1.0,0.25,1.0,1.0,0.000132,0.000109,2.9e-05,0.00061,3.3e-05,0.001451,0.004491
scidocs,q_sci_000462,hybrid_rrf_priority_topo_a03,qrels,label-derived pairwise preferences from qrels,20,75,0.197368,20,1,False,0,0,0,0,0.0,0.0,0,0,20,ndcg_at_k,0.0,0,-0.210526,0.672727,1.0,1.0,0.25,1.0,1.0,0.000132,0.000109,2.9e-05,0.00061,8.6e-05,0.001451,0.004491
scidocs,q_sci_000249,score_sum,qrels,label-derived pairwise preferences from qrels,20,51,0.134211,20,1,False,0,0,0,0,0.0,0.0,0,0,20,ndcg_at_k,0.0,0,1.0,0.422222,1.0,1.0,0.15,1.0,1.0,0.000115,0.029127,3.6e-05,0.000624,3.8e-05,0.001354,0.034048
scidocs,q_sci_000249,borda,qrels,label-derived pairwise preferences from qrels,20,51,0.134211,20,1,False,0,0,0,0,0.0,0.0,0,0,20,ndcg_at_k,0.0,0,1.0,0.422222,1.0,1.0,0.15,1.0,1.0,0.000115,0.029127,3.6e-05,0.000624,2.4e-05,0.001354,0.034048
scidocs,q_sci_000249,pagerank,qrels,label-derived pairwise preferences from qrels,20,51,0.134211,20,1,False,0,0,0,0,0.0,0.0,0,0,20,ndcg_at_k,0.0,0,0.252632,0.422222,1.0,1.0,0.15,1.0,1.0,0.000115,0.029127,3.6e-05,0.000624,0.002268,0.001354,0.034048
scidocs,q_sci_000249,greedy_fas_topological,qrels,label-derived pairwise preferences from qrels,20,51,0.134211,20,1,False,0,0,0,0,0.0,0.0,0,0,20,ndcg_at_k,0.0,0,0.252632,0.422222,1.0,1.0,0.15,1.0,1.0,0.000115,0.029127,3.6e-05,0.000624,7.7e-05,0.001354,0.034048
scidocs,q_sci_000249,greedy_fas_weighted_balance,qrels,label-derived pairwise preferences from qrels,20,51,0.134211,20,1,False,0,0,0,0,0.0,0.0,0,0,20,ndcg_at_k,0.0,0,1.0,0.422222,1.0,1.0,0.15,1.0,1.0,0.000115,0.029127,3.6e-05,0.000624,4e-05,0.001354,0.034048
scidocs,q_sci_000249,greedy_fas_copeland,qrels,label-derived pairwise preferences from qrels,20,51,0.134211,20,1,False,0,0,0,0,0.0,0.0,0,0,20,ndcg_at_k,0.0,0,1.0,0.422222,1.0,1.0,0.15,1.0,1.0,0.000115,0.029127,3.6e-05,0.000624,3e-05,0.001354,0.034048
scidocs,q_sci_000249,greedy_fas_score_augmented_topological,qrels,label-derived pairwise preferences from qrels,20,51,0.134211,20,1,False,0,0,0,0,0.0,0.0,0,0,20,ndcg_at_k,0.0,0,-0.463158,0.511111,1.0,1.0,0.15,1.0,1.0,0.000115,0.029127,3.6e-05,0.000624,6e-05,0.001354,0.034048
scidocs,q_sci_000249,fas_balance_score_prior_alpha_beta,qrels,label-derived pairwise preferences from qrels,20,51,0.134211,20,1,False,0,0,0,0,0.0,0.0,0,0,20,ndcg_at_k,0.0,0,1.0,0.422222,1.0,1.0,0.15,1.0,1.0,0.000115,0.029127,3.6e-05,0.000624,5.2e-05,0.001354,0.034048
scidocs,q_sci_000249,hybrid_rrf_fas_regularized,qrels,label-derived pairwise preferences from qrels,20,51,0.134211,20,1,False,0,0,0,0,0.0,0.0,0,0,20,ndcg_at_k,0.0,0,1.0,0.422222,1.0,1.0,0.15,1.0,1.0,0.000115,0.029127,3.6e-05,0.000624,4.3e-05,0.001354,0.034048
scidocs,q_sci_000249,hybrid_rrf_balance_a05,qrels,label-derived pairwise preferences from qrels,20,51,0.134211,20,1,False,0,0,0,0,0.0,0.0,0,0,20,ndcg_at_k,0.0,0,1.0,0.422222,1.0,1.0,0.15,1.0,1.0,0.000115,0.029127,3.6e-05,0.000624,3.5e-05,0.001354,0.034048
scidocs,q_sci_000249,hybrid_rrf_copeland_a03,qrels,label-derived pairwise preferences from qrels,20,51,0.134211,20,1,False,0,0,0,0,0.0,0.0,0,0,20,ndcg_at_k,0.0,0,1.0,0.422222,1.0,1.0,0.15,1.0,1.0,0.000115,0.029127,3.6e-05,0.000624,4e-05,0.001354,0.034048
scidocs,q_sci_000249,hybrid_rrf_priority_topo_a03,qrels,label-derived pairwise preferences from qrels,20,51,0.134211,20,1,False,0,0,0,0,0.0,0.0,0,0,20,ndcg_at_k,0.0,0,-0.463158,0.511111,1.0,1.0,0.15,1.0,1.0,0.000115,0.029127,3.6e-05,0.000624,8.5e-05,0.001354,0.034048
scidocs,q_sci_000228,score_sum,qrels,label-derived pairwise preferences from qrels,20,51,0.134211,20,1,False,0,0,0,0,0.0,0.0,0,0,20,ndcg_at_k,0.0,0,1.0,0.277778,1.0,1.0,0.15,1.0,1.0,0.000116,0.000101,3e-05,0.000584,2.9e-05,0.001349,0.004775
scidocs,q_sci_000228,borda,qrels,label-derived pairwise preferences from qrels,20,51,0.134211,20,1,False,0,0,0,0,0.0,0.0,0,0,20,ndcg_at_k,0.0,0,1.0,0.277778,1.0,1.0,0.15,1.0,1.0,0.000116,0.000101,3e-05,0.000584,2e-05,0.001349,0.004775
scidocs,q_sci_000228,pagerank,qrels,label-derived pairwise preferences from qrels,20,51,0.134211,20,1,False,0,0,0,0,0.0,0.0,0,0,20,ndcg_at_k,0.0,0,0.557895,0.333333,1.0,1.0,0.15,1.0,1.0,0.000116,0.000101,3e-05,0.000584,0.002113,0.001349,0.004775
scidocs,q_sci_000228,greedy_fas_topological,qrels,label-derived pairwise preferences from qrels,20,51,0.134211,20,1,False,0,0,0,0,0.0,0.0,0,0,20,ndcg_at_k,0.0,0,0.557895,0.333333,1.0,1.0,0.15,1.0,1.0,0.000116,0.000101,3e-05,0.000584,6.1e-05,0.001349,0.004775
scidocs,q_sci_000228,greedy_fas_weighted_balance,qrels,label-derived pairwise preferences from qrels,20,51,0.134211,20,1,False,0,0,0,0,0.0,0.0,0,0,20,ndcg_at_k,0.0,0,1.0,0.277778,1.0,1.0,0.15,1.0,1.0,0.000116,0.000101,3e-05,0.000584,3.6e-05,0.001349,0.004775
scidocs,q_sci_000228,greedy_fas_copeland,qrels,label-derived pairwise preferences from qrels,20,51,0.134211,20,1,False,0,0,0,0,0.0,0.0,0,0,20,ndcg_at_k,0.0,0,1.0,0.277778,1.0,1.0,0.15,1.0,1.0,0.000116,0.000101,3e-05,0.000584,2.8e-05,0.001349,0.004775
scidocs,q_sci_000228,greedy_fas_score_augmented_topological,qrels,label-derived pairwise preferences from qrels,20,51,0.134211,20,1,False,0,0,0,0,0.0,0.0,0,0,20,ndcg_at_k,0.0,0,-0.463158,0.722222,1.0,1.0,0.15,1.0,1.0,0.000116,0.000101,3e-05,0.000584,6e-05,0.001349,0.004775
scidocs,q_sci_000228,fas_balance_score_prior_alpha_beta,qrels,label-derived pairwise preferences from qrels,20,51,0.134211,20,1,False,0,0,0,0,0.0,0.0,0,0,20,ndcg_at_k,0.0,0,1.0,0.277778,1.0,1.0,0.15,1.0,1.0,0.000116,0.000101,3e-05,0.000584,5.2e-05,0.001349,0.004775
scidocs,q_sci_000228,hybrid_rrf_fas_regularized,qrels,label-derived pairwise preferences from qrels,20,51,0.134211,20,1,False,0,0,0,0,0.0,0.0,0,0,20,ndcg_at_k,0.0,0,1.0,0.277778,1.0,1.0,0.15,1.0,1.0,0.000116,0.000101,3e-05,0.000584,4.2e-05,0.001349,0.004775
scidocs,q_sci_000228,hybrid_rrf_balance_a05,qrels,label-derived pairwise preferences from qrels,20,51,0.134211,20,1,False,0,0,0,0,0.0,0.0,0,0,20,ndcg_at_k,0.0,0,1.0,0.277778,1.0,1.0,0.15,1.0,1.0,0.000116,0.000101,3e-05,0.000584,3.6e-05,0.001349,0.004775
scidocs,q_sci_000228,hybrid_rrf_copeland_a03,qrels,label-derived pairwise preferences from qrels,20,51,0.134211,20,1,False,0,0,0,0,0.0,0.0,0,0,20,ndcg_at_k,0.0,0,1.0,0.277778,1.0,1.0,0.15,1.0,1.0,0.000116,0.000101,3e-05,0.000584,3.3e-05,0.001349,0.004775
scidocs,q_sci_000228,hybrid_rrf_priority_topo_a03,qrels,label-derived pairwise preferences from qrels,20,51,0.134211,20,1,False,0,0,0,0,0.0,0.0,0,0,20,ndcg_at_k,0.0,0,-0.463158,0.722222,1.0,1.0,0.15,1.0,1.0,0.000116,0.000101,3e-05,0.000584,8.5e-05,0.001349,0.004775
scidocs,q_sci_000245,score_sum,qrels,label-derived pairwise preferences from qrels,20,64,0.168421,20,1,False,0,0,0,0,0.0,0.0,0,0,20,ndcg_at_k,0.0,0,1.0,0.555556,1.0,1.0,0.2,1.0,1.0,0.000132,0.000117,3.2e-05,0.000574,3.1e-05,0.001432,0.004794
scidocs,q_sci_000245,borda,qrels,label-derived pairwise preferences from qrels,20,64,0.168421,20,1,False,0,0,0,0,0.0,0.0,0,0,20,ndcg_at_k,0.0,0,1.0,0.555556,1.0,1.0,0.2,1.0,1.0,0.000132,0.000117,3.2e-05,0.000574,2.1e-05,0.001432,0.004794
scidocs,q_sci_000245,pagerank,qrels,label-derived pairwise preferences from qrels,20,64,0.168421,20,1,False,0,0,0,0,0.0,0.0,0,0,20,ndcg_at_k,0.0,0,0.452632,0.466667,1.0,1.0,0.2,1.0,1.0,0.000132,0.000117,3.2e-05,0.000574,0.00199,0.001432,0.004794
scidocs,q_sci_000245,greedy_fas_topological,qrels,label-derived pairwise preferences from qrels,20,64,0.168421,20,1,False,0,0,0,0,0.0,0.0,0,0,20,ndcg_at_k,0.0,0,0.452632,0.466667,1.0,1.0,0.2,1.0,1.0,0.000132,0.000117,3.2e-05,0.000574,6.2e-05,0.001432,0.004794
scidocs,q_sci_000245,greedy_fas_weighted_balance,qrels,label-derived pairwise preferences from qrels,20,64,0.168421,20,1,False,0,0,0,0,0.0,0.0,0,0,20,ndcg_at_k,0.0,0,1.0,0.555556,1.0,1.0,0.2,1.0,1.0,0.000132,0.000117,3.2e-05,0.000574,3.7e-05,0.001432,0.004794
scidocs,q_sci_000245,greedy_fas_copeland,qrels,label-derived pairwise preferences from qrels,20,64,0.168421,20,1,False,0,0,0,0,0.0,0.0,0,0,20,ndcg_at_k,0.0,0,1.0,0.555556,1.0,1.0,0.2,1.0,1.0,0.000132,0.000117,3.2e-05,0.000574,2.7e-05,0.001432,0.004794
scidocs,q_sci_000245,greedy_fas_score_augmented_topological,qrels,label-derived pairwise preferences from qrels,20,64,0.168421,20,1,False,0,0,0,0,0.0,0.0,0,0,20,ndcg_at_k,0.0,0,-0.326316,0.511111,1.0,1.0,0.2,1.0,1.0,0.000132,0.000117,3.2e-05,0.000574,5.9e-05,0.001432,0.004794
scidocs,q_sci_000245,fas_balance_score_prior_alpha_beta,qrels,label-derived pairwise preferences from qrels,20,64,0.168421,20,1,False,0,0,0,0,0.0,0.0,0,0,20,ndcg_at_k,0.0,0,1.0,0.555556,1.0,1.0,0.2,1.0,1.0,0.000132,0.000117,3.2e-05,0.000574,7.2e-05,0.001432,0.004794
scidocs,q_sci_000245,hybrid_rrf_fas_regularized,qrels,label-derived pairwise preferences from qrels,20,64,0.168421,20,1,False,0,0,0,0,0.0,0.0,0,0,20,ndcg_at_k,0.0,0,1.0,0.555556,1.0,1.0,0.2,1.0,1.0,0.000132,0.000117,3.2e-05,0.000574,4.6e-05,0.001432,0.004794
scidocs,q_sci_000245,hybrid_rrf_balance_a05,qrels,label-derived pairwise preferences from qrels,20,64,0.168421,20,1,False,0,0,0,0,0.0,0.0,0,0,20,ndcg_at_k,0.0,0,1.0,0.555556,1.0,1.0,0.2,1.0,1.0,0.000132,0.000117,3.2e-05,0.000574,4e-05,0.001432,0.004794
scidocs,q_sci_000245,hybrid_rrf_copeland_a03,qrels,label-derived pairwise preferences from qrels,20,64,0.168421,20,1,False,0,0,0,0,0.0,0.0,0,0,20,ndcg_at_k,0.0,0,1.0,0.555556,1.0,1.0,0.2,1.0,1.0,0.000132,0.000117,3.2e-05,0.000574,3.3e-05,0.001432,0.004794
scidocs,q_sci_000245,hybrid_rrf_priority_topo_a03,qrels,label-derived pairwise preferences from qrels,20,64,0.168421,20,1,False,0,0,0,0,0.0,0.0,0,0,20,ndcg_at_k,0.0,0,-0.326316,0.511111,1.0,1.0,0.2,1.0,1.0,0.000132,0.000117,3.2e-05,0.000574,8.9e-05,0.001432,0.004794
scidocs,q_sci_000211,score_sum,qrels,label-derived pairwise preferences from qrels,20,51,0.134211,20,1,False,0,0,0,0,0.0,0.0,0,0,20,ndcg_at_k,0.0,0,1.0,0.511111,1.0,1.0,0.15,1.0,1.0,0.00011,9.7e-05,2.8e-05,0.000508,2.7e-05,0.001331,0.00457
scidocs,q_sci_000211,borda,qrels,label-derived pairwise preferences from qrels,20,51,0.134211,20,1,False,0,0,0,0,0.0,0.0,0,0,20,ndcg_at_k,0.0,0,1.0,0.511111,1.0,1.0,0.15,1.0,1.0,0.00011,9.7e-05,2.8e-05,0.000508,1.9e-05,0.001331,0.00457
scidocs,q_sci_000211,pagerank,qrels,label-derived pairwise preferences from qrels,20,51,0.134211,20,1,False,0,0,0,0,0.0,0.0,0,0,20,ndcg_at_k,0.0,0,0.357895,0.466667,1.0,1.0,0.15,1.0,1.0,0.00011,9.7e-05,2.8e-05,0.000508,0.002026,0.001331,0.00457
scidocs,q_sci_000211,greedy_fas_topological,qrels,label-derived pairwise preferences from qrels,20,51,0.134211,20,1,False,0,0,0,0,0.0,0.0,0,0,20,ndcg_at_k,0.0,0,0.357895,0.466667,1.0,1.0,0.15,1.0,1.0,0.00011,9.7e-05,2.8e-05,0.000508,5.8e-05,0.001331,0.00457
scidocs,q_sci_000211,greedy_fas_weighted_balance,qrels,label-derived pairwise preferences from qrels,20,51,0.134211,20,1,False,0,0,0,0,0.0,0.0,0,0,20,ndcg_at_k,0.0,0,1.0,0.511111,1.0,1.0,0.15,1.0,1.0,0.00011,9.7e-05,2.8e-05,0.000508,3.3e-05,0.001331,0.00457
scidocs,q_sci_000211,greedy_fas_copeland,qrels,label-derived pairwise preferences from qrels,20,51,0.134211,20,1,False,0,0,0,0,0.0,0.0,0,0,20,ndcg_at_k,0.0,0,1.0,0.511111,1.0,1.0,0.15,1.0,1.0,0.00011,9.7e-05,2.8e-05,0.000508,2.8e-05,0.001331,0.00457
scidocs,q_sci_000211,greedy_fas_score_augmented_topological,qrels,label-derived pairwise preferences from qrels,20,51,0.134211,20,1,False,0,0,0,0,0.0,0.0,0,0,20,ndcg_at_k,0.0,0,-0.463158,0.422222,1.0,1.0,0.15,1.0,1.0,0.00011,9.7e-05,2.8e-05,0.000508,6e-05,0.001331,0.00457
scidocs,q_sci_000211,fas_balance_score_prior_alpha_beta,qrels,label-derived pairwise preferences from qrels,20,51,0.134211,20,1,False,0,0,0,0,0.0,0.0,0,0,20,ndcg_at_k,0.0,0,1.0,0.511111,1.0,1.0,0.15,1.0,1.0,0.00011,9.7e-05,2.8e-05,0.000508,5e-05,0.001331,0.00457
scidocs,q_sci_000211,hybrid_rrf_fas_regularized,qrels,label-derived pairwise preferences from qrels,20,51,0.134211,20,1,False,0,0,0,0,0.0,0.0,0,0,20,ndcg_at_k,0.0,0,1.0,0.511111,1.0,1.0,0.15,1.0,1.0,0.00011,9.7e-05,2.8e-05,0.000508,4.2e-05,0.001331,0.00457
scidocs,q_sci_000211,hybrid_rrf_balance_a05,qrels,label-derived pairwise preferences from qrels,20,51,0.134211,20,1,False,0,0,0,0,0.0,0.0,0,0,20,ndcg_at_k,0.0,0,1.0,0.511111,1.0,1.0,0.15,1.0,1.0,0.00011,9.7e-05,2.8e-05,0.000508,3.6e-05,0.001331,0.00457
scidocs,q_sci_000211,hybrid_rrf_copeland_a03,qrels,label-derived pairwise preferences from qrels,20,51,0.134211,20,1,False,0,0,0,0,0.0,0.0,0,0,20,ndcg_at_k,0.0,0,1.0,0.511111,1.0,1.0,0.15,1.0,1.0,0.00011,9.7e-05,2.8e-05,0.000508,3.3e-05,0.001331,0.00457
scidocs,q_sci_000211,hybrid_rrf_priority_topo_a03,qrels,label-derived pairwise preferences from qrels,20,51,0.134211,20,1,False,0,0,0,0,0.0,0.0,0,0,20,ndcg_at_k,0.0,0,-0.463158,0.422222,1.0,1.0,0.15,1.0,1.0,0.00011,9.7e-05,2.8e-05,0.000508,8.4e-05,0.001331,0.00457
scidocs,q_sci_000129,score_sum,qrels,label-derived pairwise preferences from qrels,20,75,0.197368,20,1,False,0,0,0,0,0.0,0.0,0,0,20,ndcg_at_k,0.0,0,1.0,0.6,1.0,1.0,0.25,1.0,1.0,0.000157,0.000173,2.9e-05,0.000617,3.2e-05,0.001426,0.004705
scidocs,q_sci_000129,borda,qrels,label-derived pairwise preferences from qrels,20,75,0.197368,20,1,False,0,0,0,0,0.0,0.0,0,0,20,ndcg_at_k,0.0,0,1.0,0.6,1.0,1.0,0.25,1.0,1.0,0.000157,0.000173,2.9e-05,0.000617,2e-05,0.001426,0.004705
scidocs,q_sci_000129,pagerank,qrels,label-derived pairwise preferences from qrels,20,75,0.197368,20,1,False,0,0,0,0,0.0,0.0,0,0,20,ndcg_at_k,0.0,0,0.284211,0.490909,1.0,1.0,0.25,1.0,1.0,0.000157,0.000173,2.9e-05,0.000617,0.001785,0.001426,0.004705
scidocs,q_sci_000129,greedy_fas_topological,qrels,label-derived pairwise preferences from qrels,20,75,0.197368,20,1,False,0,0,0,0,0.0,0.0,0,0,20,ndcg_at_k,0.0,0,0.284211,0.490909,1.0,1.0,0.25,1.0,1.0,0.000157,0.000173,2.9e-05,0.000617,5.8e-05,0.001426,0.004705
scidocs,q_sci_000129,greedy_fas_weighted_balance,qrels,label-derived pairwise preferences from qrels,20,75,0.197368,20,1,False,0,0,0,0,0.0,0.0,0,0,20,ndcg_at_k,0.0,0,1.0,0.6,1.0,1.0,0.25,1.0,1.0,0.000157,0.000173,2.9e-05,0.000617,4e-05,0.001426,0.004705
scidocs,q_sci_000129,greedy_fas_copeland,qrels,label-derived pairwise preferences from qrels,20,75,0.197368,20,1,False,0,0,0,0,0.0,0.0,0,0,20,ndcg_at_k,0.0,0,1.0,0.6,1.0,1.0,0.25,1.0,1.0,0.000157,0.000173,2.9e-05,0.000617,2.8e-05,0.001426,0.004705
scidocs,q_sci_000129,greedy_fas_score_augmented_topological,qrels,label-derived pairwise preferences from qrels,20,75,0.197368,20,1,False,0,0,0,0,0.0,0.0,0,0,20,ndcg_at_k,0.0,0,-0.210526,0.490909,1.0,1.0,0.25,1.0,1.0,0.000157,0.000173,2.9e-05,0.000617,5.7e-05,0.001426,0.004705
scidocs,q_sci_000129,fas_balance_score_prior_alpha_beta,qrels,label-derived pairwise preferences from qrels,20,75,0.197368,20,1,False,0,0,0,0,0.0,0.0,0,0,20,ndcg_at_k,0.0,0,1.0,0.6,1.0,1.0,0.25,1.0,1.0,0.000157,0.000173,2.9e-05,0.000617,5.6e-05,0.001426,0.004705
scidocs,q_sci_000129,hybrid_rrf_fas_regularized,qrels,label-derived pairwise preferences from qrels,20,75,0.197368,20,1,False,0,0,0,0,0.0,0.0,0,0,20,ndcg_at_k,0.0,0,1.0,0.6,1.0,1.0,0.25,1.0,1.0,0.000157,0.000173,2.9e-05,0.000617,4.7e-05,0.001426,0.004705
scidocs,q_sci_000129,hybrid_rrf_balance_a05,qrels,label-derived pairwise preferences from qrels,20,75,0.197368,20,1,False,0,0,0,0,0.0,0.0,0,0,20,ndcg_at_k,0.0,0,1.0,0.6,1.0,1.0,0.25,1.0,1.0,0.000157,0.000173,2.9e-05,0.000617,4.2e-05,0.001426,0.004705
scidocs,q_sci_000129,hybrid_rrf_copeland_a03,qrels,label-derived pairwise preferences from qrels,20,75,0.197368,20,1,False,0,0,0,0,0.0,0.0,0,0,20,ndcg_at_k,0.0,0,1.0,0.6,1.0,1.0,0.25,1.0,1.0,0.000157,0.000173,2.9e-05,0.000617,3.4e-05,0.001426,0.004705
scidocs,q_sci_000129,hybrid_rrf_priority_topo_a03,qrels,label-derived pairwise preferences from qrels,20,75,0.197368,20,1,False,0,0,0,0,0.0,0.0,0,0,20,ndcg_at_k,0.0,0,-0.210526,0.490909,1.0,1.0,0.25,1.0,1.0,0.000157,0.000173,2.9e-05,0.000617,0.000104,0.001426,0.004705
scidocs,q_sci_000162,score_sum,qrels,label-derived pairwise preferences from qrels,20,64,0.168421,20,1,False,0,0,0,0,0.0,0.0,0,0,20,ndcg_at_k,0.0,0,1.0,0.511111,1.0,1.0,0.2,1.0,1.0,0.000121,0.00012,2.8e-05,0.000613,2.9e-05,0.001342,0.004619
scidocs,q_sci_000162,borda,qrels,label-derived pairwise preferences from qrels,20,64,0.168421,20,1,False,0,0,0,0,0.0,0.0,0,0,20,ndcg_at_k,0.0,0,1.0,0.511111,1.0,1.0,0.2,1.0,1.0,0.000121,0.00012,2.8e-05,0.000613,1.9e-05,0.001342,0.004619
scidocs,q_sci_000162,pagerank,qrels,label-derived pairwise preferences from qrels,20,64,0.168421,20,1,False,0,0,0,0,0.0,0.0,0,0,20,ndcg_at_k,0.0,0,0.484211,0.511111,1.0,1.0,0.2,1.0,1.0,0.000121,0.00012,2.8e-05,0.000613,0.001876,0.001342,0.004619
scidocs,q_sci_000162,greedy_fas_topological,qrels,label-derived pairwise preferences from qrels,20,64,0.168421,20,1,False,0,0,0,0,0.0,0.0,0,0,20,ndcg_at_k,0.0,0,0.484211,0.511111,1.0,1.0,0.2,1.0,1.0,0.000121,0.00012,2.8e-05,0.000613,5.5e-05,0.001342,0.004619
scidocs,q_sci_000162,greedy_fas_weighted_balance,qrels,label-derived pairwise preferences from qrels,20,64,0.168421,20,1,False,0,0,0,0,0.0,0.0,0,0,20,ndcg_at_k,0.0,0,1.0,0.511111,1.0,1.0,0.2,1.0,1.0,0.000121,0.00012,2.8e-05,0.000613,3.6e-05,0.001342,0.004619
scidocs,q_sci_000162,greedy_fas_copeland,qrels,label-derived pairwise preferences from qrels,20,64,0.168421,20,1,False,0,0,0,0,0.0,0.0,0,0,20,ndcg_at_k,0.0,0,1.0,0.511111,1.0,1.0,0.2,1.0,1.0,0.000121,0.00012,2.8e-05,0.000613,2.7e-05,0.001342,0.004619
scidocs,q_sci_000162,greedy_fas_score_augmented_topological,qrels,label-derived pairwise preferences from qrels,20,64,0.168421,20,1,False,0,0,0,0,0.0,0.0,0,0,20,ndcg_at_k,0.0,0,-0.326316,0.555556,1.0,1.0,0.2,1.0,1.0,0.000121,0.00012,2.8e-05,0.000613,5.7e-05,0.001342,0.004619
scidocs,q_sci_000162,fas_balance_score_prior_alpha_beta,qrels,label-derived pairwise preferences from qrels,20,64,0.168421,20,1,False,0,0,0,0,0.0,0.0,0,0,20,ndcg_at_k,0.0,0,1.0,0.511111,1.0,1.0,0.2,1.0,1.0,0.000121,0.00012,2.8e-05,0.000613,9.2e-05,0.001342,0.004619
scidocs,q_sci_000162,hybrid_rrf_fas_regularized,qrels,label-derived pairwise preferences from qrels,20,64,0.168421,20,1,False,0,0,0,0,0.0,0.0,0,0,20,ndcg_at_k,0.0,0,1.0,0.511111,1.0,1.0,0.2,1.0,1.0,0.000121,0.00012,2.8e-05,0.000613,4.5e-05,0.001342,0.004619
scidocs,q_sci_000162,hybrid_rrf_balance_a05,qrels,label-derived pairwise preferences from qrels,20,64,0.168421,20,1,False,0,0,0,0,0.0,0.0,0,0,20,ndcg_at_k,0.0,0,1.0,0.511111,1.0,1.0,0.2,1.0,1.0,0.000121,0.00012,2.8e-05,0.000613,3.9e-05,0.001342,0.004619
scidocs,q_sci_000162,hybrid_rrf_copeland_a03,qrels,label-derived pairwise preferences from qrels,20,64,0.168421,20,1,False,0,0,0,0,0.0,0.0,0,0,20,ndcg_at_k,0.0,0,1.0,0.511111,1.0,1.0,0.2,1.0,1.0,0.000121,0.00012,2.8e-05,0.000613,3.5e-05,0.001342,0.004619
scidocs,q_sci_000162,hybrid_rrf_priority_topo_a03,qrels,label-derived pairwise preferences from qrels,20,64,0.168421,20,1,False,0,0,0,0,0.0,0.0,0,0,20,ndcg_at_k,0.0,0,-0.326316,0.555556,1.0,1.0,0.2,1.0,1.0,0.000121,0.00012,2.8e-05,0.000613,8.5e-05,0.001342,0.004619
scidocs,q_sci_000223,score_sum,qrels,label-derived pairwise preferences from qrels,20,51,0.134211,20,1,False,0,0,0,0,0.0,0.0,0,0,20,ndcg_at_k,0.0,0,1.0,0.422222,1.0,1.0,0.15,1.0,1.0,0.000111,8.7e-05,2.7e-05,0.00049,5e-05,0.001314,0.004566
scidocs,q_sci_000223,borda,qrels,label-derived pairwise preferences from qrels,20,51,0.134211,20,1,False,0,0,0,0,0.0,0.0,0,0,20,ndcg_at_k,0.0,0,1.0,0.422222,1.0,1.0,0.15,1.0,1.0,0.000111,8.7e-05,2.7e-05,0.00049,1.9e-05,0.001314,0.004566
scidocs,q_sci_000223,pagerank,qrels,label-derived pairwise preferences from qrels,20,51,0.134211,20,1,False,0,0,0,0,0.0,0.0,0,0,20,ndcg_at_k,0.0,0,0.189474,0.377778,1.0,1.0,0.15,1.0,1.0,0.000111,8.7e-05,2.7e-05,0.00049,0.002056,0.001314,0.004566
scidocs,q_sci_000223,greedy_fas_topological,qrels,label-derived pairwise preferences from qrels,20,51,0.134211,20,1,False,0,0,0,0,0.0,0.0,0,0,20,ndcg_at_k,0.0,0,0.189474,0.377778,1.0,1.0,0.15,1.0,1.0,0.000111,8.7e-05,2.7e-05,0.00049,5.4e-05,0.001314,0.004566
scidocs,q_sci_000223,greedy_fas_weighted_balance,qrels,label-derived pairwise preferences from qrels,20,51,0.134211,20,1,False,0,0,0,0,0.0,0.0,0,0,20,ndcg_at_k,0.0,0,1.0,0.422222,1.0,1.0,0.15,1.0,1.0,0.000111,8.7e-05,2.7e-05,0.00049,3.3e-05,0.001314,0.004566
scidocs,q_sci_000223,greedy_fas_copeland,qrels,label-derived pairwise preferences from qrels,20,51,0.134211,20,1,False,0,0,0,0,0.0,0.0,0,0,20,ndcg_at_k,0.0,0,1.0,0.422222,1.0,1.0,0.15,1.0,1.0,0.000111,8.7e-05,2.7e-05,0.00049,2.5e-05,0.001314,0.004566
scidocs,q_sci_000223,greedy_fas_score_augmented_topological,qrels,label-derived pairwise preferences from qrels,20,51,0.134211,20,1,False,0,0,0,0,0.0,0.0,0,0,20,ndcg_at_k,0.0,0,-0.463158,0.511111,1.0,1.0,0.15,1.0,1.0,0.000111,8.7e-05,2.7e-05,0.00049,5.7e-05,0.001314,0.004566
scidocs,q_sci_000223,fas_balance_score_prior_alpha_beta,qrels,label-derived pairwise preferences from qrels,20,51,0.134211,20,1,False,0,0,0,0,0.0,0.0,0,0,20,ndcg_at_k,0.0,0,1.0,0.422222,1.0,1.0,0.15,1.0,1.0,0.000111,8.7e-05,2.7e-05,0.00049,4.7e-05,0.001314,0.004566
scidocs,q_sci_000223,hybrid_rrf_fas_regularized,qrels,label-derived pairwise preferences from qrels,20,51,0.134211,20,1,False,0,0,0,0,0.0,0.0,0,0,20,ndcg_at_k,0.0,0,1.0,0.422222,1.0,1.0,0.15,1.0,1.0,0.000111,8.7e-05,2.7e-05,0.00049,4e-05,0.001314,0.004566
scidocs,q_sci_000223,hybrid_rrf_balance_a05,qrels,label-derived pairwise preferences from qrels,20,51,0.134211,20,1,False,0,0,0,0,0.0,0.0,0,0,20,ndcg_at_k,0.0,0,1.0,0.422222,1.0,1.0,0.15,1.0,1.0,0.000111,8.7e-05,2.7e-05,0.00049,3.4e-05,0.001314,0.004566
scidocs,q_sci_000223,hybrid_rrf_copeland_a03,qrels,label-derived pairwise preferences from qrels,20,51,0.134211,20,1,False,0,0,0,0,0.0,0.0,0,0,20,ndcg_at_k,0.0,0,1.0,0.422222,1.0,1.0,0.15,1.0,1.0,0.000111,8.7e-05,2.7e-05,0.00049,3.2e-05,0.001314,0.004566
scidocs,q_sci_000223,hybrid_rrf_priority_topo_a03,qrels,label-derived pairwise preferences from qrels,20,51,0.134211,20,1,False,0,0,0,0,0.0,0.0,0,0,20,ndcg_at_k,0.0,0,-0.463158,0.511111,1.0,1.0,0.15,1.0,1.0,0.000111,8.7e-05,2.7e-05,0.00049,9e-05,0.001314,0.004566
scidocs,q_sci_000041,score_sum,qrels,label-derived pairwise preferences from qrels,20,75,0.197368,20,1,False,0,0,0,0,0.0,0.0,0,0,20,ndcg_at_k,0.0,0,1.0,0.527273,1.0,1.0,0.25,1.0,1.0,0.000132,0.000166,2.8e-05,0.000625,3.1e-05,0.001476,0.004569
scidocs,q_sci_000041,borda,qrels,label-derived pairwise preferences from qrels,20,75,0.197368,20,1,False,0,0,0,0,0.0,0.0,0,0,20,ndcg_at_k,0.0,0,1.0,0.527273,1.0,1.0,0.25,1.0,1.0,0.000132,0.000166,2.8e-05,0.000625,1.8e-05,0.001476,0.004569
scidocs,q_sci_000041,pagerank,qrels,label-derived pairwise preferences from qrels,20,75,0.197368,20,1,False,0,0,0,0,0.0,0.0,0,0,20,ndcg_at_k,0.0,0,0.484211,0.418182,1.0,1.0,0.25,1.0,1.0,0.000132,0.000166,2.8e-05,0.000625,0.001662,0.001476,0.004569
scidocs,q_sci_000041,greedy_fas_topological,qrels,label-derived pairwise preferences from qrels,20,75,0.197368,20,1,False,0,0,0,0,0.0,0.0,0,0,20,ndcg_at_k,0.0,0,0.484211,0.418182,1.0,1.0,0.25,1.0,1.0,0.000132,0.000166,2.8e-05,0.000625,5.6e-05,0.001476,0.004569
scidocs,q_sci_000041,greedy_fas_weighted_balance,qrels,label-derived pairwise preferences from qrels,20,75,0.197368,20,1,False,0,0,0,0,0.0,0.0,0,0,20,ndcg_at_k,0.0,0,1.0,0.527273,1.0,1.0,0.25,1.0,1.0,0.000132,0.000166,2.8e-05,0.000625,4e-05,0.001476,0.004569
scidocs,q_sci_000041,greedy_fas_copeland,qrels,label-derived pairwise preferences from qrels,20,75,0.197368,20,1,False,0,0,0,0,0.0,0.0,0,0,20,ndcg_at_k,0.0,0,1.0,0.527273,1.0,1.0,0.25,1.0,1.0,0.000132,0.000166,2.8e-05,0.000625,2.7e-05,0.001476,0.004569
scidocs,q_sci_000041,greedy_fas_score_augmented_topological,qrels,label-derived pairwise preferences from qrels,20,75,0.197368,20,1,False,0,0,0,0,0.0,0.0,0,0,20,ndcg_at_k,0.0,0,-0.210526,0.563636,1.0,1.0,0.25,1.0,1.0,0.000132,0.000166,2.8e-05,0.000625,5.5e-05,0.001476,0.004569
scidocs,q_sci_000041,fas_balance_score_prior_alpha_beta,qrels,label-derived pairwise preferences from qrels,20,75,0.197368,20,1,False,0,0,0,0,0.0,0.0,0,0,20,ndcg_at_k,0.0,0,1.0,0.527273,1.0,1.0,0.25,1.0,1.0,0.000132,0.000166,2.8e-05,0.000625,5.3e-05,0.001476,0.004569
scidocs,q_sci_000041,hybrid_rrf_fas_regularized,qrels,label-derived pairwise preferences from qrels,20,75,0.197368,20,1,False,0,0,0,0,0.0,0.0,0,0,20,ndcg_at_k,0.0,0,1.0,0.527273,1.0,1.0,0.25,1.0,1.0,0.000132,0.000166,2.8e-05,0.000625,4.5e-05,0.001476,0.004569
scidocs,q_sci_000041,hybrid_rrf_balance_a05,qrels,label-derived pairwise preferences from qrels,20,75,0.197368,20,1,False,0,0,0,0,0.0,0.0,0,0,20,ndcg_at_k,0.0,0,1.0,0.527273,1.0,1.0,0.25,1.0,1.0,0.000132,0.000166,2.8e-05,0.000625,4e-05,0.001476,0.004569
scidocs,q_sci_000041,hybrid_rrf_copeland_a03,qrels,label-derived pairwise preferences from qrels,20,75,0.197368,20,1,False,0,0,0,0,0.0,0.0,0,0,20,ndcg_at_k,0.0,0,1.0,0.527273,1.0,1.0,0.25,1.0,1.0,0.000132,0.000166,2.8e-05,0.000625,3.1e-05,0.001476,0.004569
scidocs,q_sci_000041,hybrid_rrf_priority_topo_a03,qrels,label-derived pairwise preferences from qrels,20,75,0.197368,20,1,False,0,0,0,0,0.0,0.0,0,0,20,ndcg_at_k,0.0,0,-0.210526,0.563636,1.0,1.0,0.25,1.0,1.0,0.000132,0.000166,2.8e-05,0.000625,8.4e-05,0.001476,0.004569
scidocs,q_sci_000278,score_sum,qrels,label-derived pairwise preferences from qrels,20,51,0.134211,20,1,False,0,0,0,0,0.0,0.0,0,0,20,ndcg_at_k,0.0,0,1.0,0.444444,1.0,1.0,0.15,1.0,1.0,0.000103,8.6e-05,2.8e-05,0.000558,3.3e-05,0.001342,0.004617
scidocs,q_sci_000278,borda,qrels,label-derived pairwise preferences from qrels,20,51,0.134211,20,1,False,0,0,0,0,0.0,0.0,0,0,20,ndcg_at_k,0.0,0,1.0,0.444444,1.0,1.0,0.15,1.0,1.0,0.000103,8.6e-05,2.8e-05,0.000558,2e-05,0.001342,0.004617
scidocs,q_sci_000278,pagerank,qrels,label-derived pairwise preferences from qrels,20,51,0.134211,20,1,False,0,0,0,0,0.0,0.0,0,0,20,ndcg_at_k,0.0,0,0.305263,0.5,1.0,1.0,0.15,1.0,1.0,0.000103,8.6e-05,2.8e-05,0.000558,0.002038,0.001342,0.004617
scidocs,q_sci_000278,greedy_fas_topological,qrels,label-derived pairwise preferences from qrels,20,51,0.134211,20,1,False,0,0,0,0,0.0,0.0,0,0,20,ndcg_at_k,0.0,0,0.305263,0.5,1.0,1.0,0.15,1.0,1.0,0.000103,8.6e-05,2.8e-05,0.000558,5.5e-05,0.001342,0.004617
scidocs,q_sci_000278,greedy_fas_weighted_balance,qrels,label-derived pairwise preferences from qrels,20,51,0.134211,20,1,False,0,0,0,0,0.0,0.0,0,0,20,ndcg_at_k,0.0,0,1.0,0.444444,1.0,1.0,0.15,1.0,1.0,0.000103,8.6e-05,2.8e-05,0.000558,3.2e-05,0.001342,0.004617
scidocs,q_sci_000278,greedy_fas_copeland,qrels,label-derived pairwise preferences from qrels,20,51,0.134211,20,1,False,0,0,0,0,0.0,0.0,0,0,20,ndcg_at_k,0.0,0,1.0,0.444444,1.0,1.0,0.15,1.0,1.0,0.000103,8.6e-05,2.8e-05,0.000558,2.5e-05,0.001342,0.004617
scidocs,q_sci_000278,greedy_fas_score_augmented_topological,qrels,label-derived pairwise preferences from qrels,20,51,0.134211,20,1,False,0,0,0,0,0.0,0.0,0,0,20,ndcg_at_k,0.0,0,-0.463158,0.555556,1.0,1.0,0.15,1.0,1.0,0.000103,8.6e-05,2.8e-05,0.000558,5.7e-05,0.001342,0.004617
scidocs,q_sci_000278,fas_balance_score_prior_alpha_beta,qrels,label-derived pairwise preferences from qrels,20,51,0.134211,20,1,False,0,0,0,0,0.0,0.0,0,0,20,ndcg_at_k,0.0,0,1.0,0.444444,1.0,1.0,0.15,1.0,1.0,0.000103,8.6e-05,2.8e-05,0.000558,4.7e-05,0.001342,0.004617
scidocs,q_sci_000278,hybrid_rrf_fas_regularized,qrels,label-derived pairwise preferences from qrels,20,51,0.134211,20,1,False,0,0,0,0,0.0,0.0,0,0,20,ndcg_at_k,0.0,0,1.0,0.444444,1.0,1.0,0.15,1.0,1.0,0.000103,8.6e-05,2.8e-05,0.000558,4e-05,0.001342,0.004617
scidocs,q_sci_000278,hybrid_rrf_balance_a05,qrels,label-derived pairwise preferences from qrels,20,51,0.134211,20,1,False,0,0,0,0,0.0,0.0,0,0,20,ndcg_at_k,0.0,0,1.0,0.444444,1.0,1.0,0.15,1.0,1.0,0.000103,8.6e-05,2.8e-05,0.000558,3.6e-05,0.001342,0.004617
scidocs,q_sci_000278,hybrid_rrf_copeland_a03,qrels,label-derived pairwise preferences from qrels,20,51,0.134211,20,1,False,0,0,0,0,0.0,0.0,0,0,20,ndcg_at_k,0.0,0,1.0,0.444444,1.0,1.0,0.15,1.0,1.0,0.000103,8.6e-05,2.8e-05,0.000558,3.3e-05,0.001342,0.004617
scidocs,q_sci_000278,hybrid_rrf_priority_topo_a03,qrels,label-derived pairwise preferences from qrels,20,51,0.134211,20,1,False,0,0,0,0,0.0,0.0,0,0,20,ndcg_at_k,0.0,0,-0.463158,0.555556,1.0,1.0,0.15,1.0,1.0,0.000103,8.6e-05,2.8e-05,0.000558,8.4e-05,0.001342,0.004617
scidocs,q_sci_000021,score_sum,qrels,label-derived pairwise preferences from qrels,20,64,0.168421,20,1,False,0,0,0,0,0.0,0.0,0,0,20,ndcg_at_k,0.0,0,1.0,0.555556,1.0,1.0,0.2,1.0,1.0,0.000117,9.5e-05,4.2e-05,0.000544,2.9e-05,0.00137,0.004489
scidocs,q_sci_000021,borda,qrels,label-derived pairwise preferences from qrels,20,64,0.168421,20,1,False,0,0,0,0,0.0,0.0,0,0,20,ndcg_at_k,0.0,0,1.0,0.555556,1.0,1.0,0.2,1.0,1.0,0.000117,9.5e-05,4.2e-05,0.000544,1.7e-05,0.00137,0.004489
scidocs,q_sci_000021,pagerank,qrels,label-derived pairwise preferences from qrels,20,64,0.168421,20,1,False,0,0,0,0,0.0,0.0,0,0,20,ndcg_at_k,0.0,0,0.210526,0.555556,1.0,1.0,0.2,1.0,1.0,0.000117,9.5e-05,4.2e-05,0.000544,0.00184,0.00137,0.004489
scidocs,q_sci_000021,greedy_fas_topological,qrels,label-derived pairwise preferences from qrels,20,64,0.168421,20,1,False,0,0,0,0,0.0,0.0,0,0,20,ndcg_at_k,0.0,0,0.210526,0.555556,1.0,1.0,0.2,1.0,1.0,0.000117,9.5e-05,4.2e-05,0.000544,5.4e-05,0.00137,0.004489
scidocs,q_sci_000021,greedy_fas_weighted_balance,qrels,label-derived pairwise preferences from qrels,20,64,0.168421,20,1,False,0,0,0,0,0.0,0.0,0,0,20,ndcg_at_k,0.0,0,1.0,0.555556,1.0,1.0,0.2,1.0,1.0,0.000117,9.5e-05,4.2e-05,0.000544,3.8e-05,0.00137,0.004489
scidocs,q_sci_000021,greedy_fas_copeland,qrels,label-derived pairwise preferences from qrels,20,64,0.168421,20,1,False,0,0,0,0,0.0,0.0,0,0,20,ndcg_at_k,0.0,0,1.0,0.555556,1.0,1.0,0.2,1.0,1.0,0.000117,9.5e-05,4.2e-05,0.000544,2.6e-05,0.00137,0.004489
scidocs,q_sci_000021,greedy_fas_score_augmented_topological,qrels,label-derived pairwise preferences from qrels,20,64,0.168421,20,1,False,0,0,0,0,0.0,0.0,0,0,20,ndcg_at_k,0.0,0,-0.326316,0.511111,1.0,1.0,0.2,1.0,1.0,0.000117,9.5e-05,4.2e-05,0.000544,5.6e-05,0.00137,0.004489
scidocs,q_sci_000021,fas_balance_score_prior_alpha_beta,qrels,label-derived pairwise preferences from qrels,20,64,0.168421,20,1,False,0,0,0,0,0.0,0.0,0,0,20,ndcg_at_k,0.0,0,1.0,0.555556,1.0,1.0,0.2,1.0,1.0,0.000117,9.5e-05,4.2e-05,0.000544,5.1e-05,0.00137,0.004489
scidocs,q_sci_000021,hybrid_rrf_fas_regularized,qrels,label-derived pairwise preferences from qrels,20,64,0.168421,20,1,False,0,0,0,0,0.0,0.0,0,0,20,ndcg_at_k,0.0,0,1.0,0.555556,1.0,1.0,0.2,1.0,1.0,0.000117,9.5e-05,4.2e-05,0.000544,4.3e-05,0.00137,0.004489
scidocs,q_sci_000021,hybrid_rrf_balance_a05,qrels,label-derived pairwise preferences from qrels,20,64,0.168421,20,1,False,0,0,0,0,0.0,0.0,0,0,20,ndcg_at_k,0.0,0,1.0,0.555556,1.0,1.0,0.2,1.0,1.0,0.000117,9.5e-05,4.2e-05,0.000544,3.8e-05,0.00137,0.004489
scidocs,q_sci_000021,hybrid_rrf_copeland_a03,qrels,label-derived pairwise preferences from qrels,20,64,0.168421,20,1,False,0,0,0,0,0.0,0.0,0,0,20,ndcg_at_k,0.0,0,1.0,0.555556,1.0,1.0,0.2,1.0,1.0,0.000117,9.5e-05,4.2e-05,0.000544,3.1e-05,0.00137,0.004489
scidocs,q_sci_000021,hybrid_rrf_priority_topo_a03,qrels,label-derived pairwise preferences from qrels,20,64,0.168421,20,1,False,0,0,0,0,0.0,0.0,0,0,20,ndcg_at_k,0.0,0,-0.326316,0.511111,1.0,1.0,0.2,1.0,1.0,0.000117,9.5e-05,4.2e-05,0.000544,9.8e-05,0.00137,0.004489
scidocs,q_sci_000434,score_sum,qrels,label-derived pairwise preferences from qrels,20,51,0.134211,20,1,False,0,0,0,0,0.0,0.0,0,0,20,ndcg_at_k,0.0,0,1.0,0.6,1.0,1.0,0.15,1.0,1.0,0.000109,9.2e-05,2.8e-05,0.000531,2.9e-05,0.001318,0.004503
scidocs,q_sci_000434,borda,qrels,label-derived pairwise preferences from qrels,20,51,0.134211,20,1,False,0,0,0,0,0.0,0.0,0,0,20,ndcg_at_k,0.0,0,1.0,0.6,1.0,1.0,0.15,1.0,1.0,0.000109,9.2e-05,2.8e-05,0.000531,1.8e-05,0.001318,0.004503
scidocs,q_sci_000434,pagerank,qrels,label-derived pairwise preferences from qrels,20,51,0.134211,20,1,False,0,0,0,0,0.0,0.0,0,0,20,ndcg_at_k,0.0,0,0.294737,0.422222,1.0,1.0,0.15,1.0,1.0,0.000109,9.2e-05,2.8e-05,0.000531,0.001947,0.001318,0.004503
scidocs,q_sci_000434,greedy_fas_topological,qrels,label-derived pairwise preferences from qrels,20,51,0.134211,20,1,False,0,0,0,0,0.0,0.0,0,0,20,ndcg_at_k,0.0,0,0.294737,0.422222,1.0,1.0,0.15,1.0,1.0,0.000109,9.2e-05,2.8e-05,0.000531,5.5e-05,0.001318,0.004503
scidocs,q_sci_000434,greedy_fas_weighted_balance,qrels,label-derived pairwise preferences from qrels,20,51,0.134211,20,1,False,0,0,0,0,0.0,0.0,0,0,20,ndcg_at_k,0.0,0,1.0,0.6,1.0,1.0,0.15,1.0,1.0,0.000109,9.2e-05,2.8e-05,0.000531,3.2e-05,0.001318,0.004503
scidocs,q_sci_000434,greedy_fas_copeland,qrels,label-derived pairwise preferences from qrels,20,51,0.134211,20,1,False,0,0,0,0,0.0,0.0,0,0,20,ndcg_at_k,0.0,0,1.0,0.6,1.0,1.0,0.15,1.0,1.0,0.000109,9.2e-05,2.8e-05,0.000531,2.6e-05,0.001318,0.004503
scidocs,q_sci_000434,greedy_fas_score_augmented_topological,qrels,label-derived pairwise preferences from qrels,20,51,0.134211,20,1,False,0,0,0,0,0.0,0.0,0,0,20,ndcg_at_k,0.0,0,-0.463158,0.333333,1.0,1.0,0.15,1.0,1.0,0.000109,9.2e-05,2.8e-05,0.000531,5.8e-05,0.001318,0.004503
scidocs,q_sci_000434,fas_balance_score_prior_alpha_beta,qrels,label-derived pairwise preferences from qrels,20,51,0.134211,20,1,False,0,0,0,0,0.0,0.0,0,0,20,ndcg_at_k,0.0,0,1.0,0.6,1.0,1.0,0.15,1.0,1.0,0.000109,9.2e-05,2.8e-05,0.000531,4.8e-05,0.001318,0.004503
scidocs,q_sci_000434,hybrid_rrf_fas_regularized,qrels,label-derived pairwise preferences from qrels,20,51,0.134211,20,1,False,0,0,0,0,0.0,0.0,0,0,20,ndcg_at_k,0.0,0,1.0,0.6,1.0,1.0,0.15,1.0,1.0,0.000109,9.2e-05,2.8e-05,0.000531,5.8e-05,0.001318,0.004503
scidocs,q_sci_000434,hybrid_rrf_balance_a05,qrels,label-derived pairwise preferences from qrels,20,51,0.134211,20,1,False,0,0,0,0,0.0,0.0,0,0,20,ndcg_at_k,0.0,0,1.0,0.6,1.0,1.0,0.15,1.0,1.0,0.000109,9.2e-05,2.8e-05,0.000531,3.7e-05,0.001318,0.004503
scidocs,q_sci_000434,hybrid_rrf_copeland_a03,qrels,label-derived pairwise preferences from qrels,20,51,0.134211,20,1,False,0,0,0,0,0.0,0.0,0,0,20,ndcg_at_k,0.0,0,1.0,0.6,1.0,1.0,0.15,1.0,1.0,0.000109,9.2e-05,2.8e-05,0.000531,3.3e-05,0.001318,0.004503
scidocs,q_sci_000434,hybrid_rrf_priority_topo_a03,qrels,label-derived pairwise preferences from qrels,20,51,0.134211,20,1,False,0,0,0,0,0.0,0.0,0,0,20,ndcg_at_k,0.0,0,-0.463158,0.333333,1.0,1.0,0.15,1.0,1.0,0.000109,9.2e-05,2.8e-05,0.000531,8.4e-05,0.001318,0.004503
scidocs,q_sci_000068,score_sum,qrels,label-derived pairwise preferences from qrels,20,51,0.134211,20,1,False,0,0,0,0,0.0,0.0,0,0,20,ndcg_at_k,0.0,0,1.0,0.333333,1.0,1.0,0.15,1.0,1.0,0.000103,9.8e-05,2.8e-05,0.000476,2.6e-05,0.001317,0.004442
scidocs,q_sci_000068,borda,qrels,label-derived pairwise preferences from qrels,20,51,0.134211,20,1,False,0,0,0,0,0.0,0.0,0,0,20,ndcg_at_k,0.0,0,1.0,0.333333,1.0,1.0,0.15,1.0,1.0,0.000103,9.8e-05,2.8e-05,0.000476,1.8e-05,0.001317,0.004442
scidocs,q_sci_000068,pagerank,qrels,label-derived pairwise preferences from qrels,20,51,0.134211,20,1,False,0,0,0,0,0.0,0.0,0,0,20,ndcg_at_k,0.0,0,0.294737,0.444444,1.0,1.0,0.15,1.0,1.0,0.000103,9.8e-05,2.8e-05,0.000476,0.001947,0.001317,0.004442
scidocs,q_sci_000068,greedy_fas_topological,qrels,label-derived pairwise preferences from qrels,20,51,0.134211,20,1,False,0,0,0,0,0.0,0.0,0,0,20,ndcg_at_k,0.0,0,0.294737,0.444444,1.0,1.0,0.15,1.0,1.0,0.000103,9.8e-05,2.8e-05,0.000476,5.4e-05,0.001317,0.004442
scidocs,q_sci_000068,greedy_fas_weighted_balance,qrels,label-derived pairwise preferences from qrels,20,51,0.134211,20,1,False,0,0,0,0,0.0,0.0,0,0,20,ndcg_at_k,0.0,0,1.0,0.333333,1.0,1.0,0.15,1.0,1.0,0.000103,9.8e-05,2.8e-05,0.000476,3.2e-05,0.001317,0.004442
scidocs,q_sci_000068,greedy_fas_copeland,qrels,label-derived pairwise preferences from qrels,20,51,0.134211,20,1,False,0,0,0,0,0.0,0.0,0,0,20,ndcg_at_k,0.0,0,1.0,0.333333,1.0,1.0,0.15,1.0,1.0,0.000103,9.8e-05,2.8e-05,0.000476,2.6e-05,0.001317,0.004442
scidocs,q_sci_000068,greedy_fas_score_augmented_topological,qrels,label-derived pairwise preferences from qrels,20,51,0.134211,20,1,False,0,0,0,0,0.0,0.0,0,0,20,ndcg_at_k,0.0,0,-0.463158,0.666667,1.0,1.0,0.15,1.0,1.0,0.000103,9.8e-05,2.8e-05,0.000476,7.3e-05,0.001317,0.004442
scidocs,q_sci_000068,fas_balance_score_prior_alpha_beta,qrels,label-derived pairwise preferences from qrels,20,51,0.134211,20,1,False,0,0,0,0,0.0,0.0,0,0,20,ndcg_at_k,0.0,0,1.0,0.333333,1.0,1.0,0.15,1.0,1.0,0.000103,9.8e-05,2.8e-05,0.000476,4.8e-05,0.001317,0.004442
scidocs,q_sci_000068,hybrid_rrf_fas_regularized,qrels,label-derived pairwise preferences from qrels,20,51,0.134211,20,1,False,0,0,0,0,0.0,0.0,0,0,20,ndcg_at_k,0.0,0,1.0,0.333333,1.0,1.0,0.15,1.0,1.0,0.000103,9.8e-05,2.8e-05,0.000476,4.3e-05,0.001317,0.004442
scidocs,q_sci_000068,hybrid_rrf_balance_a05,qrels,label-derived pairwise preferences from qrels,20,51,0.134211,20,1,False,0,0,0,0,0.0,0.0,0,0,20,ndcg_at_k,0.0,0,1.0,0.333333,1.0,1.0,0.15,1.0,1.0,0.000103,9.8e-05,2.8e-05,0.000476,3.6e-05,0.001317,0.004442
scidocs,q_sci_000068,hybrid_rrf_copeland_a03,qrels,label-derived pairwise preferences from qrels,20,51,0.134211,20,1,False,0,0,0,0,0.0,0.0,0,0,20,ndcg_at_k,0.0,0,1.0,0.333333,1.0,1.0,0.15,1.0,1.0,0.000103,9.8e-05,2.8e-05,0.000476,3.3e-05,0.001317,0.004442
scidocs,q_sci_000068,hybrid_rrf_priority_topo_a03,qrels,label-derived pairwise preferences from qrels,20,51,0.134211,20,1,False,0,0,0,0,0.0,0.0,0,0,20,ndcg_at_k,0.0,0,-0.463158,0.666667,1.0,1.0,0.15,1.0,1.0,0.000103,9.8e-05,2.8e-05,0.000476,8.4e-05,0.001317,0.004442
scidocs,q_sci_000227,score_sum,qrels,label-derived pairwise preferences from qrels,20,75,0.197368,20,1,False,0,0,0,0,0.0,0.0,0,0,20,ndcg_at_k,0.0,0,1.0,0.381818,1.0,1.0,0.25,1.0,1.0,0.000171,0.000163,3e-05,0.000621,3.2e-05,0.001431,0.004583
scidocs,q_sci_000227,borda,qrels,label-derived pairwise preferences from qrels,20,75,0.197368,20,1,False,0,0,0,0,0.0,0.0,0,0,20,ndcg_at_k,0.0,0,1.0,0.381818,1.0,1.0,0.25,1.0,1.0,0.000171,0.000163,3e-05,0.000621,1.8e-05,0.001431,0.004583
scidocs,q_sci_000227,pagerank,qrels,label-derived pairwise preferences from qrels,20,75,0.197368,20,1,False,0,0,0,0,0.0,0.0,0,0,20,ndcg_at_k,0.0,0,0.326316,0.490909,1.0,1.0,0.25,1.0,1.0,0.000171,0.000163,3e-05,0.000621,0.001676,0.001431,0.004583
scidocs,q_sci_000227,greedy_fas_topological,qrels,label-derived pairwise preferences from qrels,20,75,0.197368,20,1,False,0,0,0,0,0.0,0.0,0,0,20,ndcg_at_k,0.0,0,0.326316,0.490909,1.0,1.0,0.25,1.0,1.0,0.000171,0.000163,3e-05,0.000621,5.9e-05,0.001431,0.004583
scidocs,q_sci_000227,greedy_fas_weighted_balance,qrels,label-derived pairwise preferences from qrels,20,75,0.197368,20,1,False,0,0,0,0,0.0,0.0,0,0,20,ndcg_at_k,0.0,0,1.0,0.381818,1.0,1.0,0.25,1.0,1.0,0.000171,0.000163,3e-05,0.000621,3.8e-05,0.001431,0.004583
scidocs,q_sci_000227,greedy_fas_copeland,qrels,label-derived pairwise preferences from qrels,20,75,0.197368,20,1,False,0,0,0,0,0.0,0.0,0,0,20,ndcg_at_k,0.0,0,1.0,0.381818,1.0,1.0,0.25,1.0,1.0,0.000171,0.000163,3e-05,0.000621,2.6e-05,0.001431,0.004583
scidocs,q_sci_000227,greedy_fas_score_augmented_topological,qrels,label-derived pairwise preferences from qrels,20,75,0.197368,20,1,False,0,0,0,0,0.0,0.0,0,0,20,ndcg_at_k,0.0,0,-0.210526,0.709091,1.0,1.0,0.25,1.0,1.0,0.000171,0.000163,3e-05,0.000621,5.5e-05,0.001431,0.004583
scidocs,q_sci_000227,fas_balance_score_prior_alpha_beta,qrels,label-derived pairwise preferences from qrels,20,75,0.197368,20,1,False,0,0,0,0,0.0,0.0,0,0,20,ndcg_at_k,0.0,0,1.0,0.381818,1.0,1.0,0.25,1.0,1.0,0.000171,0.000163,3e-05,0.000621,5.6e-05,0.001431,0.004583
scidocs,q_sci_000227,hybrid_rrf_fas_regularized,qrels,label-derived pairwise preferences from qrels,20,75,0.197368,20,1,False,0,0,0,0,0.0,0.0,0,0,20,ndcg_at_k,0.0,0,1.0,0.381818,1.0,1.0,0.25,1.0,1.0,0.000171,0.000163,3e-05,0.000621,4.7e-05,0.001431,0.004583
scidocs,q_sci_000227,hybrid_rrf_balance_a05,qrels,label-derived pairwise preferences from qrels,20,75,0.197368,20,1,False,0,0,0,0,0.0,0.0,0,0,20,ndcg_at_k,0.0,0,1.0,0.381818,1.0,1.0,0.25,1.0,1.0,0.000171,0.000163,3e-05,0.000621,4.1e-05,0.001431,0.004583
scidocs,q_sci_000227,hybrid_rrf_copeland_a03,qrels,label-derived pairwise preferences from qrels,20,75,0.197368,20,1,False,0,0,0,0,0.0,0.0,0,0,20,ndcg_at_k,0.0,0,1.0,0.381818,1.0,1.0,0.25,1.0,1.0,0.000171,0.000163,3e-05,0.000621,3.1e-05,0.001431,0.004583
scidocs,q_sci_000227,hybrid_rrf_priority_topo_a03,qrels,label-derived pairwise preferences from qrels,20,75,0.197368,20,1,False,0,0,0,0,0.0,0.0,0,0,20,ndcg_at_k,0.0,0,-0.210526,0.709091,1.0,1.0,0.25,1.0,1.0,0.000171,0.000163,3e-05,0.000621,8.8e-05,0.001431,0.004583
scidocs,q_sci_000151,score_sum,qrels,label-derived pairwise preferences from qrels,20,64,0.168421,20,1,False,0,0,0,0,0.0,0.0,0,0,20,ndcg_at_k,0.0,0,1.0,0.563636,1.0,1.0,0.2,1.0,1.0,0.000119,0.000105,2.8e-05,0.000623,3e-05,0.00139,0.004562
scidocs,q_sci_000151,borda,qrels,label-derived pairwise preferences from qrels,20,64,0.168421,20,1,False,0,0,0,0,0.0,0.0,0,0,20,ndcg_at_k,0.0,0,1.0,0.563636,1.0,1.0,0.2,1.0,1.0,0.000119,0.000105,2.8e-05,0.000623,1.8e-05,0.00139,0.004562
scidocs,q_sci_000151,pagerank,qrels,label-derived pairwise preferences from qrels,20,64,0.168421,20,1,False,0,0,0,0,0.0,0.0,0,0,20,ndcg_at_k,0.0,0,0.378947,0.381818,1.0,1.0,0.2,1.0,1.0,0.000119,0.000105,2.8e-05,0.000623,0.001827,0.00139,0.004562
scidocs,q_sci_000151,greedy_fas_topological,qrels,label-derived pairwise preferences from qrels,20,64,0.168421,20,1,False,0,0,0,0,0.0,0.0,0,0,20,ndcg_at_k,0.0,0,0.378947,0.381818,1.0,1.0,0.2,1.0,1.0,0.000119,0.000105,2.8e-05,0.000623,5.6e-05,0.00139,0.004562
scidocs,q_sci_000151,greedy_fas_weighted_balance,qrels,label-derived pairwise preferences from qrels,20,64,0.168421,20,1,False,0,0,0,0,0.0,0.0,0,0,20,ndcg_at_k,0.0,0,1.0,0.563636,1.0,1.0,0.2,1.0,1.0,0.000119,0.000105,2.8e-05,0.000623,3.5e-05,0.00139,0.004562
scidocs,q_sci_000151,greedy_fas_copeland,qrels,label-derived pairwise preferences from qrels,20,64,0.168421,20,1,False,0,0,0,0,0.0,0.0,0,0,20,ndcg_at_k,0.0,0,1.0,0.563636,1.0,1.0,0.2,1.0,1.0,0.000119,0.000105,2.8e-05,0.000623,2.6e-05,0.00139,0.004562
scidocs,q_sci_000151,greedy_fas_score_augmented_topological,qrels,label-derived pairwise preferences from qrels,20,64,0.168421,20,1,False,0,0,0,0,0.0,0.0,0,0,20,ndcg_at_k,0.0,0,-0.326316,0.454545,1.0,1.0,0.2,1.0,1.0,0.000119,0.000105,2.8e-05,0.000623,5.6e-05,0.00139,0.004562
scidocs,q_sci_000151,fas_balance_score_prior_alpha_beta,qrels,label-derived pairwise preferences from qrels,20,64,0.168421,20,1,False,0,0,0,0,0.0,0.0,0,0,20,ndcg_at_k,0.0,0,1.0,0.563636,1.0,1.0,0.2,1.0,1.0,0.000119,0.000105,2.8e-05,0.000623,5.1e-05,0.00139,0.004562
scidocs,q_sci_000151,hybrid_rrf_fas_regularized,qrels,label-derived pairwise preferences from qrels,20,64,0.168421,20,1,False,0,0,0,0,0.0,0.0,0,0,20,ndcg_at_k,0.0,0,1.0,0.563636,1.0,1.0,0.2,1.0,1.0,0.000119,0.000105,2.8e-05,0.000623,4.3e-05,0.00139,0.004562
scidocs,q_sci_000151,hybrid_rrf_balance_a05,qrels,label-derived pairwise preferences from qrels,20,64,0.168421,20,1,False,0,0,0,0,0.0,0.0,0,0,20,ndcg_at_k,0.0,0,1.0,0.563636,1.0,1.0,0.2,1.0,1.0,0.000119,0.000105,2.8e-05,0.000623,3.8e-05,0.00139,0.004562
scidocs,q_sci_000151,hybrid_rrf_copeland_a03,qrels,label-derived pairwise preferences from qrels,20,64,0.168421,20,1,False,0,0,0,0,0.0,0.0,0,0,20,ndcg_at_k,0.0,0,1.0,0.563636,1.0,1.0,0.2,1.0,1.0,0.000119,0.000105,2.8e-05,0.000623,3.2e-05,0.00139,0.004562
scidocs,q_sci_000151,hybrid_rrf_priority_topo_a03,qrels,label-derived pairwise preferences from qrels,20,64,0.168421,20,1,False,0,0,0,0,0.0,0.0,0,0,20,ndcg_at_k,0.0,0,-0.326316,0.454545,1.0,1.0,0.2,1.0,1.0,0.000119,0.000105,2.8e-05,0.000623,8.5e-05,0.00139,0.004562
scidocs,q_sci_000369,score_sum,qrels,label-derived pairwise preferences from qrels,20,75,0.197368,20,1,False,0,0,0,0,0.0,0.0,0,0,20,ndcg_at_k,0.0,0,1.0,0.418182,1.0,1.0,0.25,1.0,1.0,0.000148,0.000113,3e-05,0.000636,3.2e-05,0.001496,0.004648
scidocs,q_sci_000369,borda,qrels,label-derived pairwise preferences from qrels,20,75,0.197368,20,1,False,0,0,0,0,0.0,0.0,0,0,20,ndcg_at_k,0.0,0,1.0,0.418182,1.0,1.0,0.25,1.0,1.0,0.000148,0.000113,3e-05,0.000636,1.9e-05,0.001496,0.004648
scidocs,q_sci_000369,pagerank,qrels,label-derived pairwise preferences from qrels,20,75,0.197368,20,1,False,0,0,0,0,0.0,0.0,0,0,20,ndcg_at_k,0.0,0,0.515789,0.490909,1.0,1.0,0.25,1.0,1.0,0.000148,0.000113,3e-05,0.000636,0.001724,0.001496,0.004648
scidocs,q_sci_000369,greedy_fas_topological,qrels,label-derived pairwise preferences from qrels,20,75,0.197368,20,1,False,0,0,0,0,0.0,0.0,0,0,20,ndcg_at_k,0.0,0,0.515789,0.490909,1.0,1.0,0.25,1.0,1.0,0.000148,0.000113,3e-05,0.000636,6.1e-05,0.001496,0.004648
scidocs,q_sci_000369,greedy_fas_weighted_balance,qrels,label-derived pairwise preferences from qrels,20,75,0.197368,20,1,False,0,0,0,0,0.0,0.0,0,0,20,ndcg_at_k,0.0,0,1.0,0.418182,1.0,1.0,0.25,1.0,1.0,0.000148,0.000113,3e-05,0.000636,3.9e-05,0.001496,0.004648
scidocs,q_sci_000369,greedy_fas_copeland,qrels,label-derived pairwise preferences from qrels,20,75,0.197368,20,1,False,0,0,0,0,0.0,0.0,0,0,20,ndcg_at_k,0.0,0,1.0,0.418182,1.0,1.0,0.25,1.0,1.0,0.000148,0.000113,3e-05,0.000636,2.7e-05,0.001496,0.004648
scidocs,q_sci_000369,greedy_fas_score_augmented_topological,qrels,label-derived pairwise preferences from qrels,20,75,0.197368,20,1,False,0,0,0,0,0.0,0.0,0,0,20,ndcg_at_k,0.0,0,-0.210526,0.672727,1.0,1.0,0.25,1.0,1.0,0.000148,0.000113,3e-05,0.000636,5.7e-05,0.001496,0.004648
scidocs,q_sci_000369,fas_balance_score_prior_alpha_beta,qrels,label-derived pairwise preferences from qrels,20,75,0.197368,20,1,False,0,0,0,0,0.0,0.0,0,0,20,ndcg_at_k,0.0,0,1.0,0.418182,1.0,1.0,0.25,1.0,1.0,0.000148,0.000113,3e-05,0.000636,5.5e-05,0.001496,0.004648
scidocs,q_sci_000369,hybrid_rrf_fas_regularized,qrels,label-derived pairwise preferences from qrels,20,75,0.197368,20,1,False,0,0,0,0,0.0,0.0,0,0,20,ndcg_at_k,0.0,0,1.0,0.418182,1.0,1.0,0.25,1.0,1.0,0.000148,0.000113,3e-05,0.000636,4.7e-05,0.001496,0.004648
scidocs,q_sci_000369,hybrid_rrf_balance_a05,qrels,label-derived pairwise preferences from qrels,20,75,0.197368,20,1,False,0,0,0,0,0.0,0.0,0,0,20,ndcg_at_k,0.0,0,1.0,0.418182,1.0,1.0,0.25,1.0,1.0,0.000148,0.000113,3e-05,0.000636,4.2e-05,0.001496,0.004648
scidocs,q_sci_000369,hybrid_rrf_copeland_a03,qrels,label-derived pairwise preferences from qrels,20,75,0.197368,20,1,False,0,0,0,0,0.0,0.0,0,0,20,ndcg_at_k,0.0,0,1.0,0.418182,1.0,1.0,0.25,1.0,1.0,0.000148,0.000113,3e-05,0.000636,3.4e-05,0.001496,0.004648
scidocs,q_sci_000369,hybrid_rrf_priority_topo_a03,qrels,label-derived pairwise preferences from qrels,20,75,0.197368,20,1,False,0,0,0,0,0.0,0.0,0,0,20,ndcg_at_k,0.0,0,-0.210526,0.672727,1.0,1.0,0.25,1.0,1.0,0.000148,0.000113,3e-05,0.000636,8.8e-05,0.001496,0.004648
scidocs,q_sci_000217,score_sum,qrels,label-derived pairwise preferences from qrels,20,64,0.168421,20,1,False,0,0,0,0,0.0,0.0,0,0,20,ndcg_at_k,0.0,0,1.0,0.511111,1.0,1.0,0.2,1.0,1.0,0.000125,9.8e-05,2.9e-05,0.000553,2.9e-05,0.001348,0.004482
scidocs,q_sci_000217,borda,qrels,label-derived pairwise preferences from qrels,20,64,0.168421,20,1,False,0,0,0,0,0.0,0.0,0,0,20,ndcg_at_k,0.0,0,1.0,0.511111,1.0,1.0,0.2,1.0,1.0,0.000125,9.8e-05,2.9e-05,0.000553,1.8e-05,0.001348,0.004482
scidocs,q_sci_000217,pagerank,qrels,label-derived pairwise preferences from qrels,20,64,0.168421,20,1,False,0,0,0,0,0.0,0.0,0,0,20,ndcg_at_k,0.0,0,0.431579,0.466667,1.0,1.0,0.2,1.0,1.0,0.000125,9.8e-05,2.9e-05,0.000553,0.001846,0.001348,0.004482
scidocs,q_sci_000217,greedy_fas_topological,qrels,label-derived pairwise preferences from qrels,20,64,0.168421,20,1,False,0,0,0,0,0.0,0.0,0,0,20,ndcg_at_k,0.0,0,0.431579,0.466667,1.0,1.0,0.2,1.0,1.0,0.000125,9.8e-05,2.9e-05,0.000553,5.5e-05,0.001348,0.004482
scidocs,q_sci_000217,greedy_fas_weighted_balance,qrels,label-derived pairwise preferences from qrels,20,64,0.168421,20,1,False,0,0,0,0,0.0,0.0,0,0,20,ndcg_at_k,0.0,0,1.0,0.511111,1.0,1.0,0.2,1.0,1.0,0.000125,9.8e-05,2.9e-05,0.000553,3.4e-05,0.001348,0.004482
scidocs,q_sci_000217,greedy_fas_copeland,qrels,label-derived pairwise preferences from qrels,20,64,0.168421,20,1,False,0,0,0,0,0.0,0.0,0,0,20,ndcg_at_k,0.0,0,1.0,0.511111,1.0,1.0,0.2,1.0,1.0,0.000125,9.8e-05,2.9e-05,0.000553,2.6e-05,0.001348,0.004482
scidocs,q_sci_000217,greedy_fas_score_augmented_topological,qrels,label-derived pairwise preferences from qrels,20,64,0.168421,20,1,False,0,0,0,0,0.0,0.0,0,0,20,ndcg_at_k,0.0,0,-0.326316,0.555556,1.0,1.0,0.2,1.0,1.0,0.000125,9.8e-05,2.9e-05,0.000553,5.6e-05,0.001348,0.004482
scidocs,q_sci_000217,fas_balance_score_prior_alpha_beta,qrels,label-derived pairwise preferences from qrels,20,64,0.168421,20,1,False,0,0,0,0,0.0,0.0,0,0,20,ndcg_at_k,0.0,0,1.0,0.511111,1.0,1.0,0.2,1.0,1.0,0.000125,9.8e-05,2.9e-05,0.000553,5.1e-05,0.001348,0.004482
scidocs,q_sci_000217,hybrid_rrf_fas_regularized,qrels,label-derived pairwise preferences from qrels,20,64,0.168421,20,1,False,0,0,0,0,0.0,0.0,0,0,20,ndcg_at_k,0.0,0,1.0,0.511111,1.0,1.0,0.2,1.0,1.0,0.000125,9.8e-05,2.9e-05,0.000553,4.2e-05,0.001348,0.004482
scidocs,q_sci_000217,hybrid_rrf_balance_a05,qrels,label-derived pairwise preferences from qrels,20,64,0.168421,20,1,False,0,0,0,0,0.0,0.0,0,0,20,ndcg_at_k,0.0,0,1.0,0.511111,1.0,1.0,0.2,1.0,1.0,0.000125,9.8e-05,2.9e-05,0.000553,5.4e-05,0.001348,0.004482
scidocs,q_sci_000217,hybrid_rrf_copeland_a03,qrels,label-derived pairwise preferences from qrels,20,64,0.168421,20,1,False,0,0,0,0,0.0,0.0,0,0,20,ndcg_at_k,0.0,0,1.0,0.511111,1.0,1.0,0.2,1.0,1.0,0.000125,9.8e-05,2.9e-05,0.000553,3.4e-05,0.001348,0.004482
scidocs,q_sci_000217,hybrid_rrf_priority_topo_a03,qrels,label-derived pairwise preferences from qrels,20,64,0.168421,20,1,False,0,0,0,0,0.0,0.0,0,0,20,ndcg_at_k,0.0,0,-0.326316,0.555556,1.0,1.0,0.2,1.0,1.0,0.000125,9.8e-05,2.9e-05,0.000553,8.4e-05,0.001348,0.004482
scidocs,q_sci_000154,score_sum,qrels,label-derived pairwise preferences from qrels,20,51,0.134211,20,1,False,0,0,0,0,0.0,0.0,0,0,20,ndcg_at_k,0.0,0,1.0,0.822222,1.0,1.0,0.15,1.0,1.0,0.000102,0.000117,2.7e-05,0.000528,3e-05,0.001345,0.004584
scidocs,q_sci_000154,borda,qrels,label-derived pairwise preferences from qrels,20,51,0.134211,20,1,False,0,0,0,0,0.0,0.0,0,0,20,ndcg_at_k,0.0,0,1.0,0.822222,1.0,1.0,0.15,1.0,1.0,0.000102,0.000117,2.7e-05,0.000528,2e-05,0.001345,0.004584
scidocs,q_sci_000154,pagerank,qrels,label-derived pairwise preferences from qrels,20,51,0.134211,20,1,False,0,0,0,0,0.0,0.0,0,0,20,ndcg_at_k,0.0,0,0.431579,0.466667,1.0,1.0,0.15,1.0,1.0,0.000102,0.000117,2.7e-05,0.000528,0.001978,0.001345,0.004584
scidocs,q_sci_000154,greedy_fas_topological,qrels,label-derived pairwise preferences from qrels,20,51,0.134211,20,1,False,0,0,0,0,0.0,0.0,0,0,20,ndcg_at_k,0.0,0,0.431579,0.466667,1.0,1.0,0.15,1.0,1.0,0.000102,0.000117,2.7e-05,0.000528,5.7e-05,0.001345,0.004584
scidocs,q_sci_000154,greedy_fas_weighted_balance,qrels,label-derived pairwise preferences from qrels,20,51,0.134211,20,1,False,0,0,0,0,0.0,0.0,0,0,20,ndcg_at_k,0.0,0,1.0,0.822222,1.0,1.0,0.15,1.0,1.0,0.000102,0.000117,2.7e-05,0.000528,3.3e-05,0.001345,0.004584
scidocs,q_sci_000154,greedy_fas_copeland,qrels,label-derived pairwise preferences from qrels,20,51,0.134211,20,1,False,0,0,0,0,0.0,0.0,0,0,20,ndcg_at_k,0.0,0,1.0,0.822222,1.0,1.0,0.15,1.0,1.0,0.000102,0.000117,2.7e-05,0.000528,2.6e-05,0.001345,0.004584
scidocs,q_sci_000154,greedy_fas_score_augmented_topological,qrels,label-derived pairwise preferences from qrels,20,51,0.134211,20,1,False,0,0,0,0,0.0,0.0,0,0,20,ndcg_at_k,0.0,0,-0.463158,0.111111,1.0,1.0,0.15,1.0,1.0,0.000102,0.000117,2.7e-05,0.000528,5.9e-05,0.001345,0.004584
scidocs,q_sci_000154,fas_balance_score_prior_alpha_beta,qrels,label-derived pairwise preferences from qrels,20,51,0.134211,20,1,False,0,0,0,0,0.0,0.0,0,0,20,ndcg_at_k,0.0,0,1.0,0.822222,1.0,1.0,0.15,1.0,1.0,0.000102,0.000117,2.7e-05,0.000528,6.5e-05,0.001345,0.004584
scidocs,q_sci_000154,hybrid_rrf_fas_regularized,qrels,label-derived pairwise preferences from qrels,20,51,0.134211,20,1,False,0,0,0,0,0.0,0.0,0,0,20,ndcg_at_k,0.0,0,1.0,0.822222,1.0,1.0,0.15,1.0,1.0,0.000102,0.000117,2.7e-05,0.000528,4.2e-05,0.001345,0.004584
scidocs,q_sci_000154,hybrid_rrf_balance_a05,qrels,label-derived pairwise preferences from qrels,20,51,0.134211,20,1,False,0,0,0,0,0.0,0.0,0,0,20,ndcg_at_k,0.0,0,1.0,0.822222,1.0,1.0,0.15,1.0,1.0,0.000102,0.000117,2.7e-05,0.000528,3.7e-05,0.001345,0.004584
scidocs,q_sci_000154,hybrid_rrf_copeland_a03,qrels,label-derived pairwise preferences from qrels,20,51,0.134211,20,1,False,0,0,0,0,0.0,0.0,0,0,20,ndcg_at_k,0.0,0,1.0,0.822222,1.0,1.0,0.15,1.0,1.0,0.000102,0.000117,2.7e-05,0.000528,3.3e-05,0.001345,0.004584
scidocs,q_sci_000154,hybrid_rrf_priority_topo_a03,qrels,label-derived pairwise preferences from qrels,20,51,0.134211,20,1,False,0,0,0,0,0.0,0.0,0,0,20,ndcg_at_k,0.0,0,-0.463158,0.111111,1.0,1.0,0.15,1.0,1.0,0.000102,0.000117,2.7e-05,0.000528,8.5e-05,0.001345,0.004584
scidocs,q_sci_000177,score_sum,qrels,label-derived pairwise preferences from qrels,20,64,0.168421,20,1,False,0,0,0,0,0.0,0.0,0,0,20,ndcg_at_k,0.0,0,1.0,0.563636,1.0,1.0,0.2,1.0,1.0,0.000137,9.8e-05,3e-05,0.000546,2.9e-05,0.001409,0.004862
scidocs,q_sci_000177,borda,qrels,label-derived pairwise preferences from qrels,20,64,0.168421,20,1,False,0,0,0,0,0.0,0.0,0,0,20,ndcg_at_k,0.0,0,1.0,0.563636,1.0,1.0,0.2,1.0,1.0,0.000137,9.8e-05,3e-05,0.000546,1.8e-05,0.001409,0.004862
scidocs,q_sci_000177,pagerank,qrels,label-derived pairwise preferences from qrels,20,64,0.168421,20,1,False,0,0,0,0,0.0,0.0,0,0,20,ndcg_at_k,0.0,0,0.536842,0.490909,1.0,1.0,0.2,1.0,1.0,0.000137,9.8e-05,3e-05,0.000546,0.002173,0.001409,0.004862
scidocs,q_sci_000177,greedy_fas_topological,qrels,label-derived pairwise preferences from qrels,20,64,0.168421,20,1,False,0,0,0,0,0.0,0.0,0,0,20,ndcg_at_k,0.0,0,0.536842,0.490909,1.0,1.0,0.2,1.0,1.0,0.000137,9.8e-05,3e-05,0.000546,5.6e-05,0.001409,0.004862
scidocs,q_sci_000177,greedy_fas_weighted_balance,qrels,label-derived pairwise preferences from qrels,20,64,0.168421,20,1,False,0,0,0,0,0.0,0.0,0,0,20,ndcg_at_k,0.0,0,1.0,0.563636,1.0,1.0,0.2,1.0,1.0,0.000137,9.8e-05,3e-05,0.000546,3.6e-05,0.001409,0.004862
scidocs,q_sci_000177,greedy_fas_copeland,qrels,label-derived pairwise preferences from qrels,20,64,0.168421,20,1,False,0,0,0,0,0.0,0.0,0,0,20,ndcg_at_k,0.0,0,1.0,0.563636,1.0,1.0,0.2,1.0,1.0,0.000137,9.8e-05,3e-05,0.000546,2.5e-05,0.001409,0.004862
scidocs,q_sci_000177,greedy_fas_score_augmented_topological,qrels,label-derived pairwise preferences from qrels,20,64,0.168421,20,1,False,0,0,0,0,0.0,0.0,0,0,20,ndcg_at_k,0.0,0,-0.326316,0.454545,1.0,1.0,0.2,1.0,1.0,0.000137,9.8e-05,3e-05,0.000546,5.6e-05,0.001409,0.004862
scidocs,q_sci_000177,fas_balance_score_prior_alpha_beta,qrels,label-derived pairwise preferences from qrels,20,64,0.168421,20,1,False,0,0,0,0,0.0,0.0,0,0,20,ndcg_at_k,0.0,0,1.0,0.563636,1.0,1.0,0.2,1.0,1.0,0.000137,9.8e-05,3e-05,0.000546,5.1e-05,0.001409,0.004862
scidocs,q_sci_000177,hybrid_rrf_fas_regularized,qrels,label-derived pairwise preferences from qrels,20,64,0.168421,20,1,False,0,0,0,0,0.0,0.0,0,0,20,ndcg_at_k,0.0,0,1.0,0.563636,1.0,1.0,0.2,1.0,1.0,0.000137,9.8e-05,3e-05,0.000546,4.3e-05,0.001409,0.004862
scidocs,q_sci_000177,hybrid_rrf_balance_a05,qrels,label-derived pairwise preferences from qrels,20,64,0.168421,20,1,False,0,0,0,0,0.0,0.0,0,0,20,ndcg_at_k,0.0,0,1.0,0.563636,1.0,1.0,0.2,1.0,1.0,0.000137,9.8e-05,3e-05,0.000546,3.8e-05,0.001409,0.004862
scidocs,q_sci_000177,hybrid_rrf_copeland_a03,qrels,label-derived pairwise preferences from qrels,20,64,0.168421,20,1,False,0,0,0,0,0.0,0.0,0,0,20,ndcg_at_k,0.0,0,1.0,0.563636,1.0,1.0,0.2,1.0,1.0,0.000137,9.8e-05,3e-05,0.000546,3.2e-05,0.001409,0.004862
scidocs,q_sci_000177,hybrid_rrf_priority_topo_a03,qrels,label-derived pairwise preferences from qrels,20,64,0.168421,20,1,False,0,0,0,0,0.0,0.0,0,0,20,ndcg_at_k,0.0,0,-0.326316,0.454545,1.0,1.0,0.2,1.0,1.0,0.000137,9.8e-05,3e-05,0.000546,8.5e-05,0.001409,0.004862
scidocs,q_sci_000397,score_sum,qrels,label-derived pairwise preferences from qrels,20,75,0.197368,20,1,False,0,0,0,0,0.0,0.0,0,0,20,ndcg_at_k,0.0,0,1.0,0.466667,1.0,1.0,0.25,1.0,1.0,0.000131,0.000106,2.9e-05,0.000623,3.1e-05,0.001464,0.004532
scidocs,q_sci_000397,borda,qrels,label-derived pairwise preferences from qrels,20,75,0.197368,20,1,False,0,0,0,0,0.0,0.0,0,0,20,ndcg_at_k,0.0,0,1.0,0.466667,1.0,1.0,0.25,1.0,1.0,0.000131,0.000106,2.9e-05,0.000623,1.7e-05,0.001464,0.004532
scidocs,q_sci_000397,pagerank,qrels,label-derived pairwise preferences from qrels,20,75,0.197368,20,1,False,0,0,0,0,0.0,0.0,0,0,20,ndcg_at_k,0.0,0,0.294737,0.511111,1.0,1.0,0.25,1.0,1.0,0.000131,0.000106,2.9e-05,0.000623,0.001694,0.001464,0.004532
scidocs,q_sci_000397,greedy_fas_topological,qrels,label-derived pairwise preferences from qrels,20,75,0.197368,20,1,False,0,0,0,0,0.0,0.0,0,0,20,ndcg_at_k,0.0,0,0.294737,0.511111,1.0,1.0,0.25,1.0,1.0,0.000131,0.000106,2.9e-05,0.000623,5.9e-05,0.001464,0.004532
scidocs,q_sci_000397,greedy_fas_weighted_balance,qrels,label-derived pairwise preferences from qrels,20,75,0.197368,20,1,False,0,0,0,0,0.0,0.0,0,0,20,ndcg_at_k,0.0,0,1.0,0.466667,1.0,1.0,0.25,1.0,1.0,0.000131,0.000106,2.9e-05,0.000623,3.8e-05,0.001464,0.004532
scidocs,q_sci_000397,greedy_fas_copeland,qrels,label-derived pairwise preferences from qrels,20,75,0.197368,20,1,False,0,0,0,0,0.0,0.0,0,0,20,ndcg_at_k,0.0,0,1.0,0.466667,1.0,1.0,0.25,1.0,1.0,0.000131,0.000106,2.9e-05,0.000623,2.6e-05,0.001464,0.004532
scidocs,q_sci_000397,greedy_fas_score_augmented_topological,qrels,label-derived pairwise preferences from qrels,20,75,0.197368,20,1,False,0,0,0,0,0.0,0.0,0,0,20,ndcg_at_k,0.0,0,-0.210526,0.644444,1.0,1.0,0.25,1.0,1.0,0.000131,0.000106,2.9e-05,0.000623,5.6e-05,0.001464,0.004532
scidocs,q_sci_000397,fas_balance_score_prior_alpha_beta,qrels,label-derived pairwise preferences from qrels,20,75,0.197368,20,1,False,0,0,0,0,0.0,0.0,0,0,20,ndcg_at_k,0.0,0,1.0,0.466667,1.0,1.0,0.25,1.0,1.0,0.000131,0.000106,2.9e-05,0.000623,5.4e-05,0.001464,0.004532
scidocs,q_sci_000397,hybrid_rrf_fas_regularized,qrels,label-derived pairwise preferences from qrels,20,75,0.197368,20,1,False,0,0,0,0,0.0,0.0,0,0,20,ndcg_at_k,0.0,0,1.0,0.466667,1.0,1.0,0.25,1.0,1.0,0.000131,0.000106,2.9e-05,0.000623,4.5e-05,0.001464,0.004532
scidocs,q_sci_000397,hybrid_rrf_balance_a05,qrels,label-derived pairwise preferences from qrels,20,75,0.197368,20,1,False,0,0,0,0,0.0,0.0,0,0,20,ndcg_at_k,0.0,0,1.0,0.466667,1.0,1.0,0.25,1.0,1.0,0.000131,0.000106,2.9e-05,0.000623,4.1e-05,0.001464,0.004532
scidocs,q_sci_000397,hybrid_rrf_copeland_a03,qrels,label-derived pairwise preferences from qrels,20,75,0.197368,20,1,False,0,0,0,0,0.0,0.0,0,0,20,ndcg_at_k,0.0,0,1.0,0.466667,1.0,1.0,0.25,1.0,1.0,0.000131,0.000106,2.9e-05,0.000623,3.2e-05,0.001464,0.004532
scidocs,q_sci_000397,hybrid_rrf_priority_topo_a03,qrels,label-derived pairwise preferences from qrels,20,75,0.197368,20,1,False,0,0,0,0,0.0,0.0,0,0,20,ndcg_at_k,0.0,0,-0.210526,0.644444,1.0,1.0,0.25,1.0,1.0,0.000131,0.000106,2.9e-05,0.000623,8.6e-05,0.001464,0.004532
scidocs,q_sci_000139,score_sum,qrels,label-derived pairwise preferences from qrels,20,64,0.168421,20,1,False,0,0,0,0,0.0,0.0,0,0,20,ndcg_at_k,0.0,0,1.0,0.6,1.0,1.0,0.2,1.0,1.0,0.000123,0.000139,2.8e-05,0.000604,2.9e-05,0.001418,0.004679
scidocs,q_sci_000139,borda,qrels,label-derived pairwise preferences from qrels,20,64,0.168421,20,1,False,0,0,0,0,0.0,0.0,0,0,20,ndcg_at_k,0.0,0,1.0,0.6,1.0,1.0,0.2,1.0,1.0,0.000123,0.000139,2.8e-05,0.000604,1.9e-05,0.001418,0.004679
scidocs,q_sci_000139,pagerank,qrels,label-derived pairwise preferences from qrels,20,64,0.168421,20,1,False,0,0,0,0,0.0,0.0,0,0,20,ndcg_at_k,0.0,0,0.421053,0.555556,1.0,1.0,0.2,1.0,1.0,0.000123,0.000139,2.8e-05,0.000604,0.00188,0.001418,0.004679
scidocs,q_sci_000139,greedy_fas_topological,qrels,label-derived pairwise preferences from qrels,20,64,0.168421,20,1,False,0,0,0,0,0.0,0.0,0,0,20,ndcg_at_k,0.0,0,0.421053,0.555556,1.0,1.0,0.2,1.0,1.0,0.000123,0.000139,2.8e-05,0.000604,5.6e-05,0.001418,0.004679
scidocs,q_sci_000139,greedy_fas_weighted_balance,qrels,label-derived pairwise preferences from qrels,20,64,0.168421,20,1,False,0,0,0,0,0.0,0.0,0,0,20,ndcg_at_k,0.0,0,1.0,0.6,1.0,1.0,0.2,1.0,1.0,0.000123,0.000139,2.8e-05,0.000604,3.7e-05,0.001418,0.004679
scidocs,q_sci_000139,greedy_fas_copeland,qrels,label-derived pairwise preferences from qrels,20,64,0.168421,20,1,False,0,0,0,0,0.0,0.0,0,0,20,ndcg_at_k,0.0,0,1.0,0.6,1.0,1.0,0.2,1.0,1.0,0.000123,0.000139,2.8e-05,0.000604,3.2e-05,0.001418,0.004679
scidocs,q_sci_000139,greedy_fas_score_augmented_topological,qrels,label-derived pairwise preferences from qrels,20,64,0.168421,20,1,False,0,0,0,0,0.0,0.0,0,0,20,ndcg_at_k,0.0,0,-0.326316,0.466667,1.0,1.0,0.2,1.0,1.0,0.000123,0.000139,2.8e-05,0.000604,5.8e-05,0.001418,0.004679
scidocs,q_sci_000139,fas_balance_score_prior_alpha_beta,qrels,label-derived pairwise preferences from qrels,20,64,0.168421,20,1,False,0,0,0,0,0.0,0.0,0,0,20,ndcg_at_k,0.0,0,1.0,0.6,1.0,1.0,0.2,1.0,1.0,0.000123,0.000139,2.8e-05,0.000604,5.1e-05,0.001418,0.004679
scidocs,q_sci_000139,hybrid_rrf_fas_regularized,qrels,label-derived pairwise preferences from qrels,20,64,0.168421,20,1,False,0,0,0,0,0.0,0.0,0,0,20,ndcg_at_k,0.0,0,1.0,0.6,1.0,1.0,0.2,1.0,1.0,0.000123,0.000139,2.8e-05,0.000604,4.6e-05,0.001418,0.004679
scidocs,q_sci_000139,hybrid_rrf_balance_a05,qrels,label-derived pairwise preferences from qrels,20,64,0.168421,20,1,False,0,0,0,0,0.0,0.0,0,0,20,ndcg_at_k,0.0,0,1.0,0.6,1.0,1.0,0.2,1.0,1.0,0.000123,0.000139,2.8e-05,0.000604,3.9e-05,0.001418,0.004679
scidocs,q_sci_000139,hybrid_rrf_copeland_a03,qrels,label-derived pairwise preferences from qrels,20,64,0.168421,20,1,False,0,0,0,0,0.0,0.0,0,0,20,ndcg_at_k,0.0,0,1.0,0.6,1.0,1.0,0.2,1.0,1.0,0.000123,0.000139,2.8e-05,0.000604,3.4e-05,0.001418,0.004679
scidocs,q_sci_000139,hybrid_rrf_priority_topo_a03,qrels,label-derived pairwise preferences from qrels,20,64,0.168421,20,1,False,0,0,0,0,0.0,0.0,0,0,20,ndcg_at_k,0.0,0,-0.326316,0.466667,1.0,1.0,0.2,1.0,1.0,0.000123,0.000139,2.8e-05,0.000604,8.6e-05,0.001418,0.004679
scidocs,q_sci_000141,score_sum,qrels,label-derived pairwise preferences from qrels,20,64,0.168421,20,1,False,0,0,0,0,0.0,0.0,0,0,20,ndcg_at_k,0.0,0,1.0,0.466667,1.0,1.0,0.2,1.0,1.0,0.000133,9.8e-05,2.8e-05,0.000616,3.2e-05,0.001348,0.00465
scidocs,q_sci_000141,borda,qrels,label-derived pairwise preferences from qrels,20,64,0.168421,20,1,False,0,0,0,0,0.0,0.0,0,0,20,ndcg_at_k,0.0,0,1.0,0.466667,1.0,1.0,0.2,1.0,1.0,0.000133,9.8e-05,2.8e-05,0.000616,2e-05,0.001348,0.00465
scidocs,q_sci_000141,pagerank,qrels,label-derived pairwise preferences from qrels,20,64,0.168421,20,1,False,0,0,0,0,0.0,0.0,0,0,20,ndcg_at_k,0.0,0,0.505263,0.511111,1.0,1.0,0.2,1.0,1.0,0.000133,9.8e-05,2.8e-05,0.000616,0.001952,0.001348,0.00465
scidocs,q_sci_000141,greedy_fas_topological,qrels,label-derived pairwise preferences from qrels,20,64,0.168421,20,1,False,0,0,0,0,0.0,0.0,0,0,20,ndcg_at_k,0.0,0,0.505263,0.511111,1.0,1.0,0.2,1.0,1.0,0.000133,9.8e-05,2.8e-05,0.000616,5.7e-05,0.001348,0.00465
scidocs,q_sci_000141,greedy_fas_weighted_balance,qrels,label-derived pairwise preferences from qrels,20,64,0.168421,20,1,False,0,0,0,0,0.0,0.0,0,0,20,ndcg_at_k,0.0,0,1.0,0.466667,1.0,1.0,0.2,1.0,1.0,0.000133,9.8e-05,2.8e-05,0.000616,3.6e-05,0.001348,0.00465
scidocs,q_sci_000141,greedy_fas_copeland,qrels,label-derived pairwise preferences from qrels,20,64,0.168421,20,1,False,0,0,0,0,0.0,0.0,0,0,20,ndcg_at_k,0.0,0,1.0,0.466667,1.0,1.0,0.2,1.0,1.0,0.000133,9.8e-05,2.8e-05,0.000616,2.6e-05,0.001348,0.00465
scidocs,q_sci_000141,greedy_fas_score_augmented_topological,qrels,label-derived pairwise preferences from qrels,20,64,0.168421,20,1,False,0,0,0,0,0.0,0.0,0,0,20,ndcg_at_k,0.0,0,-0.326316,0.6,1.0,1.0,0.2,1.0,1.0,0.000133,9.8e-05,2.8e-05,0.000616,5.7e-05,0.001348,0.00465
scidocs,q_sci_000141,fas_balance_score_prior_alpha_beta,qrels,label-derived pairwise preferences from qrels,20,64,0.168421,20,1,False,0,0,0,0,0.0,0.0,0,0,20,ndcg_at_k,0.0,0,1.0,0.466667,1.0,1.0,0.2,1.0,1.0,0.000133,9.8e-05,2.8e-05,0.000616,5e-05,0.001348,0.00465
scidocs,q_sci_000141,hybrid_rrf_fas_regularized,qrels,label-derived pairwise preferences from qrels,20,64,0.168421,20,1,False,0,0,0,0,0.0,0.0,0,0,20,ndcg_at_k,0.0,0,1.0,0.466667,1.0,1.0,0.2,1.0,1.0,0.000133,9.8e-05,2.8e-05,0.000616,4.3e-05,0.001348,0.00465
scidocs,q_sci_000141,hybrid_rrf_balance_a05,qrels,label-derived pairwise preferences from qrels,20,64,0.168421,20,1,False,0,0,0,0,0.0,0.0,0,0,20,ndcg_at_k,0.0,0,1.0,0.466667,1.0,1.0,0.2,1.0,1.0,0.000133,9.8e-05,2.8e-05,0.000616,3.8e-05,0.001348,0.00465
scidocs,q_sci_000141,hybrid_rrf_copeland_a03,qrels,label-derived pairwise preferences from qrels,20,64,0.168421,20,1,False,0,0,0,0,0.0,0.0,0,0,20,ndcg_at_k,0.0,0,1.0,0.466667,1.0,1.0,0.2,1.0,1.0,0.000133,9.8e-05,2.8e-05,0.000616,3.2e-05,0.001348,0.00465
scidocs,q_sci_000141,hybrid_rrf_priority_topo_a03,qrels,label-derived pairwise preferences from qrels,20,64,0.168421,20,1,False,0,0,0,0,0.0,0.0,0,0,20,ndcg_at_k,0.0,0,-0.326316,0.6,1.0,1.0,0.2,1.0,1.0,0.000133,9.8e-05,2.8e-05,0.000616,8.4e-05,0.001348,0.00465
scidocs,q_sci_000326,score_sum,qrels,label-derived pairwise preferences from qrels,20,64,0.168421,20,1,False,0,0,0,0,0.0,0.0,0,0,20,ndcg_at_k,0.0,0,1.0,0.333333,1.0,1.0,0.2,1.0,1.0,0.000127,9.9e-05,2.8e-05,0.000566,2.8e-05,0.001352,0.004456
scidocs,q_sci_000326,borda,qrels,label-derived pairwise preferences from qrels,20,64,0.168421,20,1,False,0,0,0,0,0.0,0.0,0,0,20,ndcg_at_k,0.0,0,1.0,0.333333,1.0,1.0,0.2,1.0,1.0,0.000127,9.9e-05,2.8e-05,0.000566,1.8e-05,0.001352,0.004456
scidocs,q_sci_000326,pagerank,qrels,label-derived pairwise preferences from qrels,20,64,0.168421,20,1,False,0,0,0,0,0.0,0.0,0,0,20,ndcg_at_k,0.0,0,0.378947,0.422222,1.0,1.0,0.2,1.0,1.0,0.000127,9.9e-05,2.8e-05,0.000566,0.001809,0.001352,0.004456
scidocs,q_sci_000326,greedy_fas_topological,qrels,label-derived pairwise preferences from qrels,20,64,0.168421,20,1,False,0,0,0,0,0.0,0.0,0,0,20,ndcg_at_k,0.0,0,0.378947,0.422222,1.0,1.0,0.2,1.0,1.0,0.000127,9.9e-05,2.8e-05,0.000566,5.6e-05,0.001352,0.004456
scidocs,q_sci_000326,greedy_fas_weighted_balance,qrels,label-derived pairwise preferences from qrels,20,64,0.168421,20,1,False,0,0,0,0,0.0,0.0,0,0,20,ndcg_at_k,0.0,0,1.0,0.333333,1.0,1.0,0.2,1.0,1.0,0.000127,9.9e-05,2.8e-05,0.000566,3.6e-05,0.001352,0.004456
scidocs,q_sci_000326,greedy_fas_copeland,qrels,label-derived pairwise preferences from qrels,20,64,0.168421,20,1,False,0,0,0,0,0.0,0.0,0,0,20,ndcg_at_k,0.0,0,1.0,0.333333,1.0,1.0,0.2,1.0,1.0,0.000127,9.9e-05,2.8e-05,0.000566,2.6e-05,0.001352,0.004456
scidocs,q_sci_000326,greedy_fas_score_augmented_topological,qrels,label-derived pairwise preferences from qrels,20,64,0.168421,20,1,False,0,0,0,0,0.0,0.0,0,0,20,ndcg_at_k,0.0,0,-0.326316,0.733333,1.0,1.0,0.2,1.0,1.0,0.000127,9.9e-05,2.8e-05,0.000566,5.6e-05,0.001352,0.004456
scidocs,q_sci_000326,fas_balance_score_prior_alpha_beta,qrels,label-derived pairwise preferences from qrels,20,64,0.168421,20,1,False,0,0,0,0,0.0,0.0,0,0,20,ndcg_at_k,0.0,0,1.0,0.333333,1.0,1.0,0.2,1.0,1.0,0.000127,9.9e-05,2.8e-05,0.000566,5.6e-05,0.001352,0.004456
scidocs,q_sci_000326,hybrid_rrf_fas_regularized,qrels,label-derived pairwise preferences from qrels,20,64,0.168421,20,1,False,0,0,0,0,0.0,0.0,0,0,20,ndcg_at_k,0.0,0,1.0,0.333333,1.0,1.0,0.2,1.0,1.0,0.000127,9.9e-05,2.8e-05,0.000566,4.5e-05,0.001352,0.004456
scidocs,q_sci_000326,hybrid_rrf_balance_a05,qrels,label-derived pairwise preferences from qrels,20,64,0.168421,20,1,False,0,0,0,0,0.0,0.0,0,0,20,ndcg_at_k,0.0,0,1.0,0.333333,1.0,1.0,0.2,1.0,1.0,0.000127,9.9e-05,2.8e-05,0.000566,3.8e-05,0.001352,0.004456
scidocs,q_sci_000326,hybrid_rrf_copeland_a03,qrels,label-derived pairwise preferences from qrels,20,64,0.168421,20,1,False,0,0,0,0,0.0,0.0,0,0,20,ndcg_at_k,0.0,0,1.0,0.333333,1.0,1.0,0.2,1.0,1.0,0.000127,9.9e-05,2.8e-05,0.000566,3.2e-05,0.001352,0.004456
scidocs,q_sci_000326,hybrid_rrf_priority_topo_a03,qrels,label-derived pairwise preferences from qrels,20,64,0.168421,20,1,False,0,0,0,0,0.0,0.0,0,0,20,ndcg_at_k,0.0,0,-0.326316,0.733333,1.0,1.0,0.2,1.0,1.0,0.000127,9.9e-05,2.8e-05,0.000566,8.4e-05,0.001352,0.004456
scidocs,q_sci_000175,score_sum,qrels,label-derived pairwise preferences from qrels,20,64,0.168421,20,1,False,0,0,0,0,0.0,0.0,0,0,20,ndcg_at_k,0.0,0,1.0,0.466667,1.0,1.0,0.2,1.0,1.0,0.000119,0.000155,2.8e-05,0.00056,2.9e-05,0.001391,0.004536
scidocs,q_sci_000175,borda,qrels,label-derived pairwise preferences from qrels,20,64,0.168421,20,1,False,0,0,0,0,0.0,0.0,0,0,20,ndcg_at_k,0.0,0,1.0,0.466667,1.0,1.0,0.2,1.0,1.0,0.000119,0.000155,2.8e-05,0.00056,1.8e-05,0.001391,0.004536
scidocs,q_sci_000175,pagerank,qrels,label-derived pairwise preferences from qrels,20,64,0.168421,20,1,False,0,0,0,0,0.0,0.0,0,0,20,ndcg_at_k,0.0,0,0.410526,0.511111,1.0,1.0,0.2,1.0,1.0,0.000119,0.000155,2.8e-05,0.00056,0.001816,0.001391,0.004536
scidocs,q_sci_000175,greedy_fas_topological,qrels,label-derived pairwise preferences from qrels,20,64,0.168421,20,1,False,0,0,0,0,0.0,0.0,0,0,20,ndcg_at_k,0.0,0,0.410526,0.511111,1.0,1.0,0.2,1.0,1.0,0.000119,0.000155,2.8e-05,0.00056,5.6e-05,0.001391,0.004536
scidocs,q_sci_000175,greedy_fas_weighted_balance,qrels,label-derived pairwise preferences from qrels,20,64,0.168421,20,1,False,0,0,0,0,0.0,0.0,0,0,20,ndcg_at_k,0.0,0,1.0,0.466667,1.0,1.0,0.2,1.0,1.0,0.000119,0.000155,2.8e-05,0.00056,3.5e-05,0.001391,0.004536
scidocs,q_sci_000175,greedy_fas_copeland,qrels,label-derived pairwise preferences from qrels,20,64,0.168421,20,1,False,0,0,0,0,0.0,0.0,0,0,20,ndcg_at_k,0.0,0,1.0,0.466667,1.0,1.0,0.2,1.0,1.0,0.000119,0.000155,2.8e-05,0.00056,2.7e-05,0.001391,0.004536
scidocs,q_sci_000175,greedy_fas_score_augmented_topological,qrels,label-derived pairwise preferences from qrels,20,64,0.168421,20,1,False,0,0,0,0,0.0,0.0,0,0,20,ndcg_at_k,0.0,0,-0.326316,0.6,1.0,1.0,0.2,1.0,1.0,0.000119,0.000155,2.8e-05,0.00056,5.6e-05,0.001391,0.004536
scidocs,q_sci_000175,fas_balance_score_prior_alpha_beta,qrels,label-derived pairwise preferences from qrels,20,64,0.168421,20,1,False,0,0,0,0,0.0,0.0,0,0,20,ndcg_at_k,0.0,0,1.0,0.466667,1.0,1.0,0.2,1.0,1.0,0.000119,0.000155,2.8e-05,0.00056,5e-05,0.001391,0.004536
scidocs,q_sci_000175,hybrid_rrf_fas_regularized,qrels,label-derived pairwise preferences from qrels,20,64,0.168421,20,1,False,0,0,0,0,0.0,0.0,0,0,20,ndcg_at_k,0.0,0,1.0,0.466667,1.0,1.0,0.2,1.0,1.0,0.000119,0.000155,2.8e-05,0.00056,4.3e-05,0.001391,0.004536
scidocs,q_sci_000175,hybrid_rrf_balance_a05,qrels,label-derived pairwise preferences from qrels,20,64,0.168421,20,1,False,0,0,0,0,0.0,0.0,0,0,20,ndcg_at_k,0.0,0,1.0,0.466667,1.0,1.0,0.2,1.0,1.0,0.000119,0.000155,2.8e-05,0.00056,3.7e-05,0.001391,0.004536
scidocs,q_sci_000175,hybrid_rrf_copeland_a03,qrels,label-derived pairwise preferences from qrels,20,64,0.168421,20,1,False,0,0,0,0,0.0,0.0,0,0,20,ndcg_at_k,0.0,0,1.0,0.466667,1.0,1.0,0.2,1.0,1.0,0.000119,0.000155,2.8e-05,0.00056,3.1e-05,0.001391,0.004536
scidocs,q_sci_000175,hybrid_rrf_priority_topo_a03,qrels,label-derived pairwise preferences from qrels,20,64,0.168421,20,1,False,0,0,0,0,0.0,0.0,0,0,20,ndcg_at_k,0.0,0,-0.326316,0.6,1.0,1.0,0.2,1.0,1.0,0.000119,0.000155,2.8e-05,0.00056,8.5e-05,0.001391,0.004536
scidocs,q_sci_000170,score_sum,qrels,label-derived pairwise preferences from qrels,20,51,0.134211,20,1,False,0,0,0,0,0.0,0.0,0,0,20,ndcg_at_k,0.0,0,1.0,0.466667,1.0,1.0,0.15,1.0,1.0,0.000108,8.2e-05,2.7e-05,0.000489,2.6e-05,0.001351,0.004532
scidocs,q_sci_000170,borda,qrels,label-derived pairwise preferences from qrels,20,51,0.134211,20,1,False,0,0,0,0,0.0,0.0,0,0,20,ndcg_at_k,0.0,0,1.0,0.466667,1.0,1.0,0.15,1.0,1.0,0.000108,8.2e-05,2.7e-05,0.000489,1.8e-05,0.001351,0.004532
scidocs,q_sci_000170,pagerank,qrels,label-derived pairwise preferences from qrels,20,51,0.134211,20,1,False,0,0,0,0,0.0,0.0,0,0,20,ndcg_at_k,0.0,0,0.336842,0.422222,1.0,1.0,0.15,1.0,1.0,0.000108,8.2e-05,2.7e-05,0.000489,0.002024,0.001351,0.004532
scidocs,q_sci_000170,greedy_fas_topological,qrels,label-derived pairwise preferences from qrels,20,51,0.134211,20,1,False,0,0,0,0,0.0,0.0,0,0,20,ndcg_at_k,0.0,0,0.336842,0.422222,1.0,1.0,0.15,1.0,1.0,0.000108,8.2e-05,2.7e-05,0.000489,5.5e-05,0.001351,0.004532
scidocs,q_sci_000170,greedy_fas_weighted_balance,qrels,label-derived pairwise preferences from qrels,20,51,0.134211,20,1,False,0,0,0,0,0.0,0.0,0,0,20,ndcg_at_k,0.0,0,1.0,0.466667,1.0,1.0,0.15,1.0,1.0,0.000108,8.2e-05,2.7e-05,0.000489,3.2e-05,0.001351,0.004532
scidocs,q_sci_000170,greedy_fas_copeland,qrels,label-derived pairwise preferences from qrels,20,51,0.134211,20,1,False,0,0,0,0,0.0,0.0,0,0,20,ndcg_at_k,0.0,0,1.0,0.466667,1.0,1.0,0.15,1.0,1.0,0.000108,8.2e-05,2.7e-05,0.000489,2.5e-05,0.001351,0.004532
scidocs,q_sci_000170,greedy_fas_score_augmented_topological,qrels,label-derived pairwise preferences from qrels,20,51,0.134211,20,1,False,0,0,0,0,0.0,0.0,0,0,20,ndcg_at_k,0.0,0,-0.463158,0.466667,1.0,1.0,0.15,1.0,1.0,0.000108,8.2e-05,2.7e-05,0.000489,5.7e-05,0.001351,0.004532
scidocs,q_sci_000170,fas_balance_score_prior_alpha_beta,qrels,label-derived pairwise preferences from qrels,20,51,0.134211,20,1,False,0,0,0,0,0.0,0.0,0,0,20,ndcg_at_k,0.0,0,1.0,0.466667,1.0,1.0,0.15,1.0,1.0,0.000108,8.2e-05,2.7e-05,0.000489,4.6e-05,0.001351,0.004532
scidocs,q_sci_000170,hybrid_rrf_fas_regularized,qrels,label-derived pairwise preferences from qrels,20,51,0.134211,20,1,False,0,0,0,0,0.0,0.0,0,0,20,ndcg_at_k,0.0,0,1.0,0.466667,1.0,1.0,0.15,1.0,1.0,0.000108,8.2e-05,2.7e-05,0.000489,4e-05,0.001351,0.004532
scidocs,q_sci_000170,hybrid_rrf_balance_a05,qrels,label-derived pairwise preferences from qrels,20,51,0.134211,20,1,False,0,0,0,0,0.0,0.0,0,0,20,ndcg_at_k,0.0,0,1.0,0.466667,1.0,1.0,0.15,1.0,1.0,0.000108,8.2e-05,2.7e-05,0.000489,3.5e-05,0.001351,0.004532
scidocs,q_sci_000170,hybrid_rrf_copeland_a03,qrels,label-derived pairwise preferences from qrels,20,51,0.134211,20,1,False,0,0,0,0,0.0,0.0,0,0,20,ndcg_at_k,0.0,0,1.0,0.466667,1.0,1.0,0.15,1.0,1.0,0.000108,8.2e-05,2.7e-05,0.000489,3.3e-05,0.001351,0.004532
scidocs,q_sci_000170,hybrid_rrf_priority_topo_a03,qrels,label-derived pairwise preferences from qrels,20,51,0.134211,20,1,False,0,0,0,0,0.0,0.0,0,0,20,ndcg_at_k,0.0,0,-0.463158,0.466667,1.0,1.0,0.15,1.0,1.0,0.000108,8.2e-05,2.7e-05,0.000489,8.4e-05,0.001351,0.004532
