dataset,query_id,method,preference_source,preference_source_note,n_nodes,n_edges,graph_density,n_sccs,largest_scc,is_cyclic,n_non_trivial_sccs,scc_cycle_burden,fas_weight_removed,fas_n_edges_removed,graph_ref_bew_pre,graph_ref_bew_post,graph_ref_pic_pre,graph_ref_pic_post,n_eval_candidates,primary_metric,backward_edge_weight,pairwise_inconsistency,kendall_tau,kendall_tau_legacy,ndcg_at_k,map_at_k,precision_at_k,recall_at_k,pairwise_accuracy,runtime_pref_gen_s,runtime_graph_build_s,runtime_cycle_detect_s,runtime_fas_solver_s,runtime_ranking_s,runtime_evaluation_s,runtime_total_s
scidocs,ba69c46c62b525941e91d0788d20b6ef91847cc4,score_sum,qrels,label-derived pairwise preferences from qrels,20,75,0.197368,20,1,False,0,0,0,0,0.0,0.0,0,0,20,ndcg_at_k,0.0,0,1.0,0.580952,1.0,1.0,0.25,1.0,1.0,0.000131,0.000291,2.5e-05,0.000719,2.3e-05,0.000972,0.136914
scidocs,ba69c46c62b525941e91d0788d20b6ef91847cc4,borda,qrels,label-derived pairwise preferences from qrels,20,75,0.197368,20,1,False,0,0,0,0,0.0,0.0,0,0,20,ndcg_at_k,0.0,0,1.0,0.580952,1.0,1.0,0.25,1.0,1.0,0.000131,0.000291,2.5e-05,0.000719,1.8e-05,0.000972,0.136914
scidocs,ba69c46c62b525941e91d0788d20b6ef91847cc4,pagerank,qrels,label-derived pairwise preferences from qrels,20,75,0.197368,20,1,False,0,0,0,0,0.0,0.0,0,0,20,ndcg_at_k,0.0,0,0.442105,0.485714,1.0,1.0,0.25,1.0,1.0,0.000131,0.000291,2.5e-05,0.000719,0.134377,0.000972,0.136914
scidocs,ba69c46c62b525941e91d0788d20b6ef91847cc4,greedy_fas_topological,qrels,label-derived pairwise preferences from qrels,20,75,0.197368,20,1,False,0,0,0,0,0.0,0.0,0,0,20,ndcg_at_k,0.0,0,0.442105,0.485714,1.0,1.0,0.25,1.0,1.0,0.000131,0.000291,2.5e-05,0.000719,5.3e-05,0.000972,0.136914
scidocs,ba69c46c62b525941e91d0788d20b6ef91847cc4,greedy_fas_weighted_balance,qrels,label-derived pairwise preferences from qrels,20,75,0.197368,20,1,False,0,0,0,0,0.0,0.0,0,0,20,ndcg_at_k,0.0,0,1.0,0.580952,1.0,1.0,0.25,1.0,1.0,0.000131,0.000291,2.5e-05,0.000719,3.3e-05,0.000972,0.136914
scidocs,ba69c46c62b525941e91d0788d20b6ef91847cc4,greedy_fas_copeland,qrels,label-derived pairwise preferences from qrels,20,75,0.197368,20,1,False,0,0,0,0,0.0,0.0,0,0,20,ndcg_at_k,0.0,0,1.0,0.580952,1.0,1.0,0.25,1.0,1.0,0.000131,0.000291,2.5e-05,0.000719,2.4e-05,0.000972,0.136914
scidocs,ba69c46c62b525941e91d0788d20b6ef91847cc4,greedy_fas_score_augmented_topological,qrels,label-derived pairwise preferences from qrels,20,75,0.197368,20,1,False,0,0,0,0,0.0,0.0,0,0,20,ndcg_at_k,0.0,0,-0.210526,0.371429,1.0,1.0,0.25,1.0,1.0,0.000131,0.000291,2.5e-05,0.000719,4e-05,0.000972,0.136914
scidocs,ba69c46c62b525941e91d0788d20b6ef91847cc4,fas_balance_score_prior_alpha_beta,qrels,label-derived pairwise preferences from qrels,20,75,0.197368,20,1,False,0,0,0,0,0.0,0.0,0,0,20,ndcg_at_k,0.0,0,1.0,0.580952,1.0,1.0,0.25,1.0,1.0,0.000131,0.000291,2.5e-05,0.000719,5e-05,0.000972,0.136914
scidocs,ba69c46c62b525941e91d0788d20b6ef91847cc4,hybrid_rrf_fas_regularized,qrels,label-derived pairwise preferences from qrels,20,75,0.197368,20,1,False,0,0,0,0,0.0,0.0,0,0,20,ndcg_at_k,0.0,0,1.0,0.580952,1.0,1.0,0.25,1.0,1.0,0.000131,0.000291,2.5e-05,0.000719,3.6e-05,0.000972,0.136914
scidocs,ba69c46c62b525941e91d0788d20b6ef91847cc4,hybrid_rrf_balance_a05,qrels,label-derived pairwise preferences from qrels,20,75,0.197368,20,1,False,0,0,0,0,0.0,0.0,0,0,20,ndcg_at_k,0.0,0,1.0,0.580952,1.0,1.0,0.25,1.0,1.0,0.000131,0.000291,2.5e-05,0.000719,2.9e-05,0.000972,0.136914
scidocs,ba69c46c62b525941e91d0788d20b6ef91847cc4,hybrid_rrf_copeland_a03,qrels,label-derived pairwise preferences from qrels,20,75,0.197368,20,1,False,0,0,0,0,0.0,0.0,0,0,20,ndcg_at_k,0.0,0,1.0,0.580952,1.0,1.0,0.25,1.0,1.0,0.000131,0.000291,2.5e-05,0.000719,3.3e-05,0.000972,0.136914
scidocs,ba69c46c62b525941e91d0788d20b6ef91847cc4,hybrid_rrf_priority_topo_a03,qrels,label-derived pairwise preferences from qrels,20,75,0.197368,20,1,False,0,0,0,0,0.0,0.0,0,0,20,ndcg_at_k,0.0,0,-0.210526,0.371429,1.0,1.0,0.25,1.0,1.0,0.000131,0.000291,2.5e-05,0.000719,6e-05,0.000972,0.136914
scidocs,7526f88d4ee7a380fecd05c1f92208ad94605cec,score_sum,qrels,label-derived pairwise preferences from qrels,20,64,0.168421,20,1,False,0,0,0,0,0.0,0.0,0,0,20,ndcg_at_k,0.0,0,1.0,0.638095,1.0,1.0,0.2,1.0,1.0,8.2e-05,0.000102,2.1e-05,0.000412,1.9e-05,0.000932,0.00309
scidocs,7526f88d4ee7a380fecd05c1f92208ad94605cec,borda,qrels,label-derived pairwise preferences from qrels,20,64,0.168421,20,1,False,0,0,0,0,0.0,0.0,0,0,20,ndcg_at_k,0.0,0,1.0,0.638095,1.0,1.0,0.2,1.0,1.0,8.2e-05,0.000102,2.1e-05,0.000412,1.3e-05,0.000932,0.00309
scidocs,7526f88d4ee7a380fecd05c1f92208ad94605cec,pagerank,qrels,label-derived pairwise preferences from qrels,20,64,0.168421,20,1,False,0,0,0,0,0.0,0.0,0,0,20,ndcg_at_k,0.0,0,0.368421,0.504762,1.0,1.0,0.2,1.0,1.0,8.2e-05,0.000102,2.1e-05,0.000412,0.001164,0.000932,0.00309
scidocs,7526f88d4ee7a380fecd05c1f92208ad94605cec,greedy_fas_topological,qrels,label-derived pairwise preferences from qrels,20,64,0.168421,20,1,False,0,0,0,0,0.0,0.0,0,0,20,ndcg_at_k,0.0,0,0.368421,0.504762,1.0,1.0,0.2,1.0,1.0,8.2e-05,0.000102,2.1e-05,0.000412,4e-05,0.000932,0.00309
scidocs,7526f88d4ee7a380fecd05c1f92208ad94605cec,greedy_fas_weighted_balance,qrels,label-derived pairwise preferences from qrels,20,64,0.168421,20,1,False,0,0,0,0,0.0,0.0,0,0,20,ndcg_at_k,0.0,0,1.0,0.638095,1.0,1.0,0.2,1.0,1.0,8.2e-05,0.000102,2.1e-05,0.000412,2.6e-05,0.000932,0.00309
scidocs,7526f88d4ee7a380fecd05c1f92208ad94605cec,greedy_fas_copeland,qrels,label-derived pairwise preferences from qrels,20,64,0.168421,20,1,False,0,0,0,0,0.0,0.0,0,0,20,ndcg_at_k,0.0,0,1.0,0.638095,1.0,1.0,0.2,1.0,1.0,8.2e-05,0.000102,2.1e-05,0.000412,1.9e-05,0.000932,0.00309
scidocs,7526f88d4ee7a380fecd05c1f92208ad94605cec,greedy_fas_score_augmented_topological,qrels,label-derived pairwise preferences from qrels,20,64,0.168421,20,1,False,0,0,0,0,0.0,0.0,0,0,20,ndcg_at_k,0.0,0,-0.326316,0.2,1.0,1.0,0.2,1.0,1.0,8.2e-05,0.000102,2.1e-05,0.000412,3.5e-05,0.000932,0.00309
scidocs,7526f88d4ee7a380fecd05c1f92208ad94605cec,fas_balance_score_prior_alpha_beta,qrels,label-derived pairwise preferences from qrels,20,64,0.168421,20,1,False,0,0,0,0,0.0,0.0,0,0,20,ndcg_at_k,0.0,0,1.0,0.638095,1.0,1.0,0.2,1.0,1.0,8.2e-05,0.000102,2.1e-05,0.000412,9e-05,0.000932,0.00309
scidocs,7526f88d4ee7a380fecd05c1f92208ad94605cec,hybrid_rrf_fas_regularized,qrels,label-derived pairwise preferences from qrels,20,64,0.168421,20,1,False,0,0,0,0,0.0,0.0,0,0,20,ndcg_at_k,0.0,0,1.0,0.638095,1.0,1.0,0.2,1.0,1.0,8.2e-05,0.000102,2.1e-05,0.000412,3.1e-05,0.000932,0.00309
scidocs,7526f88d4ee7a380fecd05c1f92208ad94605cec,hybrid_rrf_balance_a05,qrels,label-derived pairwise preferences from qrels,20,64,0.168421,20,1,False,0,0,0,0,0.0,0.0,0,0,20,ndcg_at_k,0.0,0,1.0,0.638095,1.0,1.0,0.2,1.0,1.0,8.2e-05,0.000102,2.1e-05,0.000412,2.6e-05,0.000932,0.00309
scidocs,7526f88d4ee7a380fecd05c1f92208ad94605cec,hybrid_rrf_copeland_a03,qrels,label-derived pairwise preferences from qrels,20,64,0.168421,20,1,False,0,0,0,0,0.0,0.0,0,0,20,ndcg_at_k,0.0,0,1.0,0.638095,1.0,1.0,0.2,1.0,1.0,8.2e-05,0.000102,2.1e-05,0.000412,2.3e-05,0.000932,0.00309
scidocs,7526f88d4ee7a380fecd05c1f92208ad94605cec,hybrid_rrf_priority_topo_a03,qrels,label-derived pairwise preferences from qrels,20,64,0.168421,20,1,False,0,0,0,0,0.0,0.0,0,0,20,ndcg_at_k,0.0,0,-0.326316,0.2,1.0,1.0,0.2,1.0,1.0,8.2e-05,0.000102,2.1e-05,0.000412,5.5e-05,0.000932,0.00309
scidocs,dc344ea8e993584b924522d95febaeb74de2ad30,score_sum,qrels,label-derived pairwise preferences from qrels,20,75,0.197368,20,1,False,0,0,0,0,0.0,0.0,0,0,20,ndcg_at_k,0.0,0,1.0,0.409524,1.0,1.0,0.25,1.0,1.0,8.5e-05,8.6e-05,1.9e-05,0.00043,2e-05,0.000897,0.002806
scidocs,dc344ea8e993584b924522d95febaeb74de2ad30,borda,qrels,label-derived pairwise preferences from qrels,20,75,0.197368,20,1,False,0,0,0,0,0.0,0.0,0,0,20,ndcg_at_k,0.0,0,1.0,0.409524,1.0,1.0,0.25,1.0,1.0,8.5e-05,8.6e-05,1.9e-05,0.00043,1.2e-05,0.000897,0.002806
scidocs,dc344ea8e993584b924522d95febaeb74de2ad30,pagerank,qrels,label-derived pairwise preferences from qrels,20,75,0.197368,20,1,False,0,0,0,0,0.0,0.0,0,0,20,ndcg_at_k,0.0,0,0.473684,0.485714,1.0,1.0,0.25,1.0,1.0,8.5e-05,8.6e-05,1.9e-05,0.00043,0.00097,0.000897,0.002806
scidocs,dc344ea8e993584b924522d95febaeb74de2ad30,greedy_fas_topological,qrels,label-derived pairwise preferences from qrels,20,75,0.197368,20,1,False,0,0,0,0,0.0,0.0,0,0,20,ndcg_at_k,0.0,0,0.473684,0.485714,1.0,1.0,0.25,1.0,1.0,8.5e-05,8.6e-05,1.9e-05,0.00043,4e-05,0.000897,0.002806
scidocs,dc344ea8e993584b924522d95febaeb74de2ad30,greedy_fas_weighted_balance,qrels,label-derived pairwise preferences from qrels,20,75,0.197368,20,1,False,0,0,0,0,0.0,0.0,0,0,20,ndcg_at_k,0.0,0,1.0,0.409524,1.0,1.0,0.25,1.0,1.0,8.5e-05,8.6e-05,1.9e-05,0.00043,2.5e-05,0.000897,0.002806
scidocs,dc344ea8e993584b924522d95febaeb74de2ad30,greedy_fas_copeland,qrels,label-derived pairwise preferences from qrels,20,75,0.197368,20,1,False,0,0,0,0,0.0,0.0,0,0,20,ndcg_at_k,0.0,0,1.0,0.409524,1.0,1.0,0.25,1.0,1.0,8.5e-05,8.6e-05,1.9e-05,0.00043,1.8e-05,0.000897,0.002806
scidocs,dc344ea8e993584b924522d95febaeb74de2ad30,greedy_fas_score_augmented_topological,qrels,label-derived pairwise preferences from qrels,20,75,0.197368,20,1,False,0,0,0,0,0.0,0.0,0,0,20,ndcg_at_k,0.0,0,-0.210526,0.542857,1.0,1.0,0.25,1.0,1.0,8.5e-05,8.6e-05,1.9e-05,0.00043,3.5e-05,0.000897,0.002806
scidocs,dc344ea8e993584b924522d95febaeb74de2ad30,fas_balance_score_prior_alpha_beta,qrels,label-derived pairwise preferences from qrels,20,75,0.197368,20,1,False,0,0,0,0,0.0,0.0,0,0,20,ndcg_at_k,0.0,0,1.0,0.409524,1.0,1.0,0.25,1.0,1.0,8.5e-05,8.6e-05,1.9e-05,0.00043,3.6e-05,0.000897,0.002806
scidocs,dc344ea8e993584b924522d95febaeb74de2ad30,hybrid_rrf_fas_regularized,qrels,label-derived pairwise preferences from qrels,20,75,0.197368,20,1,False,0,0,0,0,0.0,0.0,0,0,20,ndcg_at_k,0.0,0,1.0,0.409524,1.0,1.0,0.25,1.0,1.0,8.5e-05,8.6e-05,1.9e-05,0.00043,3e-05,0.000897,0.002806
scidocs,dc344ea8e993584b924522d95febaeb74de2ad30,hybrid_rrf_balance_a05,qrels,label-derived pairwise preferences from qrels,20,75,0.197368,20,1,False,0,0,0,0,0.0,0.0,0,0,20,ndcg_at_k,0.0,0,1.0,0.409524,1.0,1.0,0.25,1.0,1.0,8.5e-05,8.6e-05,1.9e-05,0.00043,2.6e-05,0.000897,0.002806
scidocs,dc344ea8e993584b924522d95febaeb74de2ad30,hybrid_rrf_copeland_a03,qrels,label-derived pairwise preferences from qrels,20,75,0.197368,20,1,False,0,0,0,0,0.0,0.0,0,0,20,ndcg_at_k,0.0,0,1.0,0.409524,1.0,1.0,0.25,1.0,1.0,8.5e-05,8.6e-05,1.9e-05,0.00043,2e-05,0.000897,0.002806
scidocs,dc344ea8e993584b924522d95febaeb74de2ad30,hybrid_rrf_priority_topo_a03,qrels,label-derived pairwise preferences from qrels,20,75,0.197368,20,1,False,0,0,0,0,0.0,0.0,0,0,20,ndcg_at_k,0.0,0,-0.210526,0.542857,1.0,1.0,0.25,1.0,1.0,8.5e-05,8.6e-05,1.9e-05,0.00043,5.7e-05,0.000897,0.002806
scidocs,e5adfc2f23602a5256e89b84615e1434e5375f0e,score_sum,qrels,label-derived pairwise preferences from qrels,20,75,0.197368,20,1,False,0,0,0,0,0.0,0.0,0,0,20,ndcg_at_k,0.0,0,1.0,0.542857,1.0,1.0,0.25,1.0,1.0,0.000105,0.000112,2.6e-05,0.000405,2e-05,0.000982,0.002892
scidocs,e5adfc2f23602a5256e89b84615e1434e5375f0e,borda,qrels,label-derived pairwise preferences from qrels,20,75,0.197368,20,1,False,0,0,0,0,0.0,0.0,0,0,20,ndcg_at_k,0.0,0,1.0,0.542857,1.0,1.0,0.25,1.0,1.0,0.000105,0.000112,2.6e-05,0.000405,1.2e-05,0.000982,0.002892
scidocs,e5adfc2f23602a5256e89b84615e1434e5375f0e,pagerank,qrels,label-derived pairwise preferences from qrels,20,75,0.197368,20,1,False,0,0,0,0,0.0,0.0,0,0,20,ndcg_at_k,0.0,0,0.484211,0.485714,1.0,1.0,0.25,1.0,1.0,0.000105,0.000112,2.6e-05,0.000405,0.000936,0.000982,0.002892
scidocs,e5adfc2f23602a5256e89b84615e1434e5375f0e,greedy_fas_topological,qrels,label-derived pairwise preferences from qrels,20,75,0.197368,20,1,False,0,0,0,0,0.0,0.0,0,0,20,ndcg_at_k,0.0,0,0.484211,0.485714,1.0,1.0,0.25,1.0,1.0,0.000105,0.000112,2.6e-05,0.000405,4.1e-05,0.000982,0.002892
scidocs,e5adfc2f23602a5256e89b84615e1434e5375f0e,greedy_fas_weighted_balance,qrels,label-derived pairwise preferences from qrels,20,75,0.197368,20,1,False,0,0,0,0,0.0,0.0,0,0,20,ndcg_at_k,0.0,0,1.0,0.542857,1.0,1.0,0.25,1.0,1.0,0.000105,0.000112,2.6e-05,0.000405,2.7e-05,0.000982,0.002892
scidocs,e5adfc2f23602a5256e89b84615e1434e5375f0e,greedy_fas_copeland,qrels,label-derived pairwise preferences from qrels,20,75,0.197368,20,1,False,0,0,0,0,0.0,0.0,0,0,20,ndcg_at_k,0.0,0,1.0,0.542857,1.0,1.0,0.25,1.0,1.0,0.000105,0.000112,2.6e-05,0.000405,1.9e-05,0.000982,0.002892
scidocs,e5adfc2f23602a5256e89b84615e1434e5375f0e,greedy_fas_score_augmented_topological,qrels,label-derived pairwise preferences from qrels,20,75,0.197368,20,1,False,0,0,0,0,0.0,0.0,0,0,20,ndcg_at_k,0.0,0,-0.210526,0.409524,1.0,1.0,0.25,1.0,1.0,0.000105,0.000112,2.6e-05,0.000405,3.6e-05,0.000982,0.002892
scidocs,e5adfc2f23602a5256e89b84615e1434e5375f0e,fas_balance_score_prior_alpha_beta,qrels,label-derived pairwise preferences from qrels,20,75,0.197368,20,1,False,0,0,0,0,0.0,0.0,0,0,20,ndcg_at_k,0.0,0,1.0,0.542857,1.0,1.0,0.25,1.0,1.0,0.000105,0.000112,2.6e-05,0.000405,3.7e-05,0.000982,0.002892
scidocs,e5adfc2f23602a5256e89b84615e1434e5375f0e,hybrid_rrf_fas_regularized,qrels,label-derived pairwise preferences from qrels,20,75,0.197368,20,1,False,0,0,0,0,0.0,0.0,0,0,20,ndcg_at_k,0.0,0,1.0,0.542857,1.0,1.0,0.25,1.0,1.0,0.000105,0.000112,2.6e-05,0.000405,3.1e-05,0.000982,0.002892
scidocs,e5adfc2f23602a5256e89b84615e1434e5375f0e,hybrid_rrf_balance_a05,qrels,label-derived pairwise preferences from qrels,20,75,0.197368,20,1,False,0,0,0,0,0.0,0.0,0,0,20,ndcg_at_k,0.0,0,1.0,0.542857,1.0,1.0,0.25,1.0,1.0,0.000105,0.000112,2.6e-05,0.000405,2.6e-05,0.000982,0.002892
scidocs,e5adfc2f23602a5256e89b84615e1434e5375f0e,hybrid_rrf_copeland_a03,qrels,label-derived pairwise preferences from qrels,20,75,0.197368,20,1,False,0,0,0,0,0.0,0.0,0,0,20,ndcg_at_k,0.0,0,1.0,0.542857,1.0,1.0,0.25,1.0,1.0,0.000105,0.000112,2.6e-05,0.000405,2.1e-05,0.000982,0.002892
scidocs,e5adfc2f23602a5256e89b84615e1434e5375f0e,hybrid_rrf_priority_topo_a03,qrels,label-derived pairwise preferences from qrels,20,75,0.197368,20,1,False,0,0,0,0,0.0,0.0,0,0,20,ndcg_at_k,0.0,0,-0.210526,0.409524,1.0,1.0,0.25,1.0,1.0,0.000105,0.000112,2.6e-05,0.000405,5.6e-05,0.000982,0.002892
scidocs,09109a5375d8e2ca752bedde17ba5acad1df61cb,score_sum,qrels,label-derived pairwise preferences from qrels,20,75,0.197368,20,1,False,0,0,0,0,0.0,0.0,0,0,20,ndcg_at_k,0.0,0,1.0,0.409524,1.0,1.0,0.25,1.0,1.0,8.3e-05,9e-05,1.9e-05,0.000465,2e-05,0.000938,0.002866
scidocs,09109a5375d8e2ca752bedde17ba5acad1df61cb,borda,qrels,label-derived pairwise preferences from qrels,20,75,0.197368,20,1,False,0,0,0,0,0.0,0.0,0,0,20,ndcg_at_k,0.0,0,1.0,0.409524,1.0,1.0,0.25,1.0,1.0,8.3e-05,9e-05,1.9e-05,0.000465,1.3e-05,0.000938,0.002866
scidocs,09109a5375d8e2ca752bedde17ba5acad1df61cb,pagerank,qrels,label-derived pairwise preferences from qrels,20,75,0.197368,20,1,False,0,0,0,0,0.0,0.0,0,0,20,ndcg_at_k,0.0,0,0.431579,0.485714,1.0,1.0,0.25,1.0,1.0,8.3e-05,9e-05,1.9e-05,0.000465,0.000941,0.000938,0.002866
scidocs,09109a5375d8e2ca752bedde17ba5acad1df61cb,greedy_fas_topological,qrels,label-derived pairwise preferences from qrels,20,75,0.197368,20,1,False,0,0,0,0,0.0,0.0,0,0,20,ndcg_at_k,0.0,0,0.431579,0.485714,1.0,1.0,0.25,1.0,1.0,8.3e-05,9e-05,1.9e-05,0.000465,3.9e-05,0.000938,0.002866
scidocs,09109a5375d8e2ca752bedde17ba5acad1df61cb,greedy_fas_weighted_balance,qrels,label-derived pairwise preferences from qrels,20,75,0.197368,20,1,False,0,0,0,0,0.0,0.0,0,0,20,ndcg_at_k,0.0,0,1.0,0.409524,1.0,1.0,0.25,1.0,1.0,8.3e-05,9e-05,1.9e-05,0.000465,2.5e-05,0.000938,0.002866
scidocs,09109a5375d8e2ca752bedde17ba5acad1df61cb,greedy_fas_copeland,qrels,label-derived pairwise preferences from qrels,20,75,0.197368,20,1,False,0,0,0,0,0.0,0.0,0,0,20,ndcg_at_k,0.0,0,1.0,0.409524,1.0,1.0,0.25,1.0,1.0,8.3e-05,9e-05,1.9e-05,0.000465,1.8e-05,0.000938,0.002866
scidocs,09109a5375d8e2ca752bedde17ba5acad1df61cb,greedy_fas_score_augmented_topological,qrels,label-derived pairwise preferences from qrels,20,75,0.197368,20,1,False,0,0,0,0,0.0,0.0,0,0,20,ndcg_at_k,0.0,0,-0.210526,0.542857,1.0,1.0,0.25,1.0,1.0,8.3e-05,9e-05,1.9e-05,0.000465,4.1e-05,0.000938,0.002866
scidocs,09109a5375d8e2ca752bedde17ba5acad1df61cb,fas_balance_score_prior_alpha_beta,qrels,label-derived pairwise preferences from qrels,20,75,0.197368,20,1,False,0,0,0,0,0.0,0.0,0,0,20,ndcg_at_k,0.0,0,1.0,0.409524,1.0,1.0,0.25,1.0,1.0,8.3e-05,9e-05,1.9e-05,0.000465,3.7e-05,0.000938,0.002866
scidocs,09109a5375d8e2ca752bedde17ba5acad1df61cb,hybrid_rrf_fas_regularized,qrels,label-derived pairwise preferences from qrels,20,75,0.197368,20,1,False,0,0,0,0,0.0,0.0,0,0,20,ndcg_at_k,0.0,0,1.0,0.409524,1.0,1.0,0.25,1.0,1.0,8.3e-05,9e-05,1.9e-05,0.000465,3.2e-05,0.000938,0.002866
scidocs,09109a5375d8e2ca752bedde17ba5acad1df61cb,hybrid_rrf_balance_a05,qrels,label-derived pairwise preferences from qrels,20,75,0.197368,20,1,False,0,0,0,0,0.0,0.0,0,0,20,ndcg_at_k,0.0,0,1.0,0.409524,1.0,1.0,0.25,1.0,1.0,8.3e-05,9e-05,1.9e-05,0.000465,2.7e-05,0.000938,0.002866
scidocs,09109a5375d8e2ca752bedde17ba5acad1df61cb,hybrid_rrf_copeland_a03,qrels,label-derived pairwise preferences from qrels,20,75,0.197368,20,1,False,0,0,0,0,0.0,0.0,0,0,20,ndcg_at_k,0.0,0,1.0,0.409524,1.0,1.0,0.25,1.0,1.0,8.3e-05,9e-05,1.9e-05,0.000465,2.1e-05,0.000938,0.002866
scidocs,09109a5375d8e2ca752bedde17ba5acad1df61cb,hybrid_rrf_priority_topo_a03,qrels,label-derived pairwise preferences from qrels,20,75,0.197368,20,1,False,0,0,0,0,0.0,0.0,0,0,20,ndcg_at_k,0.0,0,-0.210526,0.542857,1.0,1.0,0.25,1.0,1.0,8.3e-05,9e-05,1.9e-05,0.000465,5.7e-05,0.000938,0.002866
scidocs,6f54a7933235ced5684e3bff18f7e5dc40510018,score_sum,qrels,label-derived pairwise preferences from qrels,20,75,0.197368,20,1,False,0,0,0,0,0.0,0.0,0,0,20,ndcg_at_k,0.0,0,1.0,0.580952,1.0,1.0,0.25,1.0,1.0,8.4e-05,8.6e-05,1.8e-05,0.000421,2e-05,0.000875,0.002816
scidocs,6f54a7933235ced5684e3bff18f7e5dc40510018,borda,qrels,label-derived pairwise preferences from qrels,20,75,0.197368,20,1,False,0,0,0,0,0.0,0.0,0,0,20,ndcg_at_k,0.0,0,1.0,0.580952,1.0,1.0,0.25,1.0,1.0,8.4e-05,8.6e-05,1.8e-05,0.000421,1.2e-05,0.000875,0.002816
scidocs,6f54a7933235ced5684e3bff18f7e5dc40510018,pagerank,qrels,label-derived pairwise preferences from qrels,20,75,0.197368,20,1,False,0,0,0,0,0.0,0.0,0,0,20,ndcg_at_k,0.0,0,0.431579,0.485714,1.0,1.0,0.25,1.0,1.0,8.4e-05,8.6e-05,1.8e-05,0.000421,0.001019,0.000875,0.002816
scidocs,6f54a7933235ced5684e3bff18f7e5dc40510018,greedy_fas_topological,qrels,label-derived pairwise preferences from qrels,20,75,0.197368,20,1,False,0,0,0,0,0.0,0.0,0,0,20,ndcg_at_k,0.0,0,0.431579,0.485714,1.0,1.0,0.25,1.0,1.0,8.4e-05,8.6e-05,1.8e-05,0.000421,3.9e-05,0.000875,0.002816
scidocs,6f54a7933235ced5684e3bff18f7e5dc40510018,greedy_fas_weighted_balance,qrels,label-derived pairwise preferences from qrels,20,75,0.197368,20,1,False,0,0,0,0,0.0,0.0,0,0,20,ndcg_at_k,0.0,0,1.0,0.580952,1.0,1.0,0.25,1.0,1.0,8.4e-05,8.6e-05,1.8e-05,0.000421,2.5e-05,0.000875,0.002816
scidocs,6f54a7933235ced5684e3bff18f7e5dc40510018,greedy_fas_copeland,qrels,label-derived pairwise preferences from qrels,20,75,0.197368,20,1,False,0,0,0,0,0.0,0.0,0,0,20,ndcg_at_k,0.0,0,1.0,0.580952,1.0,1.0,0.25,1.0,1.0,8.4e-05,8.6e-05,1.8e-05,0.000421,1.8e-05,0.000875,0.002816
scidocs,6f54a7933235ced5684e3bff18f7e5dc40510018,greedy_fas_score_augmented_topological,qrels,label-derived pairwise preferences from qrels,20,75,0.197368,20,1,False,0,0,0,0,0.0,0.0,0,0,20,ndcg_at_k,0.0,0,-0.210526,0.371429,1.0,1.0,0.25,1.0,1.0,8.4e-05,8.6e-05,1.8e-05,0.000421,3.5e-05,0.000875,0.002816
scidocs,6f54a7933235ced5684e3bff18f7e5dc40510018,fas_balance_score_prior_alpha_beta,qrels,label-derived pairwise preferences from qrels,20,75,0.197368,20,1,False,0,0,0,0,0.0,0.0,0,0,20,ndcg_at_k,0.0,0,1.0,0.580952,1.0,1.0,0.25,1.0,1.0,8.4e-05,8.6e-05,1.8e-05,0.000421,3.5e-05,0.000875,0.002816
scidocs,6f54a7933235ced5684e3bff18f7e5dc40510018,hybrid_rrf_fas_regularized,qrels,label-derived pairwise preferences from qrels,20,75,0.197368,20,1,False,0,0,0,0,0.0,0.0,0,0,20,ndcg_at_k,0.0,0,1.0,0.580952,1.0,1.0,0.25,1.0,1.0,8.4e-05,8.6e-05,1.8e-05,0.000421,2.9e-05,0.000875,0.002816
scidocs,6f54a7933235ced5684e3bff18f7e5dc40510018,hybrid_rrf_balance_a05,qrels,label-derived pairwise preferences from qrels,20,75,0.197368,20,1,False,0,0,0,0,0.0,0.0,0,0,20,ndcg_at_k,0.0,0,1.0,0.580952,1.0,1.0,0.25,1.0,1.0,8.4e-05,8.6e-05,1.8e-05,0.000421,2.5e-05,0.000875,0.002816
scidocs,6f54a7933235ced5684e3bff18f7e5dc40510018,hybrid_rrf_copeland_a03,qrels,label-derived pairwise preferences from qrels,20,75,0.197368,20,1,False,0,0,0,0,0.0,0.0,0,0,20,ndcg_at_k,0.0,0,1.0,0.580952,1.0,1.0,0.25,1.0,1.0,8.4e-05,8.6e-05,1.8e-05,0.000421,2.1e-05,0.000875,0.002816
scidocs,6f54a7933235ced5684e3bff18f7e5dc40510018,hybrid_rrf_priority_topo_a03,qrels,label-derived pairwise preferences from qrels,20,75,0.197368,20,1,False,0,0,0,0,0.0,0.0,0,0,20,ndcg_at_k,0.0,0,-0.210526,0.371429,1.0,1.0,0.25,1.0,1.0,8.4e-05,8.6e-05,1.8e-05,0.000421,5.4e-05,0.000875,0.002816
scidocs,1312b0d0a957fc2bbfc2612dd89ba9003c57a08c,score_sum,qrels,label-derived pairwise preferences from qrels,20,75,0.197368,20,1,False,0,0,0,0,0.0,0.0,0,0,20,ndcg_at_k,0.0,0,1.0,0.466667,1.0,1.0,0.25,1.0,1.0,8.3e-05,8.3e-05,1.9e-05,0.000438,1.8e-05,0.000929,0.002798
scidocs,1312b0d0a957fc2bbfc2612dd89ba9003c57a08c,borda,qrels,label-derived pairwise preferences from qrels,20,75,0.197368,20,1,False,0,0,0,0,0.0,0.0,0,0,20,ndcg_at_k,0.0,0,1.0,0.466667,1.0,1.0,0.25,1.0,1.0,8.3e-05,8.3e-05,1.9e-05,0.000438,1.2e-05,0.000929,0.002798
scidocs,1312b0d0a957fc2bbfc2612dd89ba9003c57a08c,pagerank,qrels,label-derived pairwise preferences from qrels,20,75,0.197368,20,1,False,0,0,0,0,0.0,0.0,0,0,20,ndcg_at_k,0.0,0,0.431579,0.485714,1.0,1.0,0.25,1.0,1.0,8.3e-05,8.3e-05,1.9e-05,0.000438,0.000939,0.000929,0.002798
scidocs,1312b0d0a957fc2bbfc2612dd89ba9003c57a08c,greedy_fas_topological,qrels,label-derived pairwise preferences from qrels,20,75,0.197368,20,1,False,0,0,0,0,0.0,0.0,0,0,20,ndcg_at_k,0.0,0,0.431579,0.485714,1.0,1.0,0.25,1.0,1.0,8.3e-05,8.3e-05,1.9e-05,0.000438,3.7e-05,0.000929,0.002798
scidocs,1312b0d0a957fc2bbfc2612dd89ba9003c57a08c,greedy_fas_weighted_balance,qrels,label-derived pairwise preferences from qrels,20,75,0.197368,20,1,False,0,0,0,0,0.0,0.0,0,0,20,ndcg_at_k,0.0,0,1.0,0.466667,1.0,1.0,0.25,1.0,1.0,8.3e-05,8.3e-05,1.9e-05,0.000438,2.3e-05,0.000929,0.002798
scidocs,1312b0d0a957fc2bbfc2612dd89ba9003c57a08c,greedy_fas_copeland,qrels,label-derived pairwise preferences from qrels,20,75,0.197368,20,1,False,0,0,0,0,0.0,0.0,0,0,20,ndcg_at_k,0.0,0,1.0,0.466667,1.0,1.0,0.25,1.0,1.0,8.3e-05,8.3e-05,1.9e-05,0.000438,1.8e-05,0.000929,0.002798
scidocs,1312b0d0a957fc2bbfc2612dd89ba9003c57a08c,greedy_fas_score_augmented_topological,qrels,label-derived pairwise preferences from qrels,20,75,0.197368,20,1,False,0,0,0,0,0.0,0.0,0,0,20,ndcg_at_k,0.0,0,-0.210526,0.485714,1.0,1.0,0.25,1.0,1.0,8.3e-05,8.3e-05,1.9e-05,0.000438,3.4e-05,0.000929,0.002798
scidocs,1312b0d0a957fc2bbfc2612dd89ba9003c57a08c,fas_balance_score_prior_alpha_beta,qrels,label-derived pairwise preferences from qrels,20,75,0.197368,20,1,False,0,0,0,0,0.0,0.0,0,0,20,ndcg_at_k,0.0,0,1.0,0.466667,1.0,1.0,0.25,1.0,1.0,8.3e-05,8.3e-05,1.9e-05,0.000438,3.5e-05,0.000929,0.002798
scidocs,1312b0d0a957fc2bbfc2612dd89ba9003c57a08c,hybrid_rrf_fas_regularized,qrels,label-derived pairwise preferences from qrels,20,75,0.197368,20,1,False,0,0,0,0,0.0,0.0,0,0,20,ndcg_at_k,0.0,0,1.0,0.466667,1.0,1.0,0.25,1.0,1.0,8.3e-05,8.3e-05,1.9e-05,0.000438,2.9e-05,0.000929,0.002798
scidocs,1312b0d0a957fc2bbfc2612dd89ba9003c57a08c,hybrid_rrf_balance_a05,qrels,label-derived pairwise preferences from qrels,20,75,0.197368,20,1,False,0,0,0,0,0.0,0.0,0,0,20,ndcg_at_k,0.0,0,1.0,0.466667,1.0,1.0,0.25,1.0,1.0,8.3e-05,8.3e-05,1.9e-05,0.000438,2.5e-05,0.000929,0.002798
scidocs,1312b0d0a957fc2bbfc2612dd89ba9003c57a08c,hybrid_rrf_copeland_a03,qrels,label-derived pairwise preferences from qrels,20,75,0.197368,20,1,False,0,0,0,0,0.0,0.0,0,0,20,ndcg_at_k,0.0,0,1.0,0.466667,1.0,1.0,0.25,1.0,1.0,8.3e-05,8.3e-05,1.9e-05,0.000438,2e-05,0.000929,0.002798
scidocs,1312b0d0a957fc2bbfc2612dd89ba9003c57a08c,hybrid_rrf_priority_topo_a03,qrels,label-derived pairwise preferences from qrels,20,75,0.197368,20,1,False,0,0,0,0,0.0,0.0,0,0,20,ndcg_at_k,0.0,0,-0.210526,0.485714,1.0,1.0,0.25,1.0,1.0,8.3e-05,8.3e-05,1.9e-05,0.000438,5.6e-05,0.000929,0.002798
scidocs,b37225fc67e1aeeb7877c4691f9036ed5cc01efa,score_sum,qrels,label-derived pairwise preferences from qrels,20,75,0.197368,20,1,False,0,0,0,0,0.0,0.0,0,0,20,ndcg_at_k,0.0,0,1.0,0.428571,1.0,1.0,0.25,1.0,1.0,8.1e-05,0.000655,2e-05,0.000429,2e-05,0.000921,0.00344
scidocs,b37225fc67e1aeeb7877c4691f9036ed5cc01efa,borda,qrels,label-derived pairwise preferences from qrels,20,75,0.197368,20,1,False,0,0,0,0,0.0,0.0,0,0,20,ndcg_at_k,0.0,0,1.0,0.428571,1.0,1.0,0.25,1.0,1.0,8.1e-05,0.000655,2e-05,0.000429,1.3e-05,0.000921,0.00344
scidocs,b37225fc67e1aeeb7877c4691f9036ed5cc01efa,pagerank,qrels,label-derived pairwise preferences from qrels,20,75,0.197368,20,1,False,0,0,0,0,0.0,0.0,0,0,20,ndcg_at_k,0.0,0,0.410526,0.485714,1.0,1.0,0.25,1.0,1.0,8.1e-05,0.000655,2e-05,0.000429,0.001019,0.000921,0.00344
scidocs,b37225fc67e1aeeb7877c4691f9036ed5cc01efa,greedy_fas_topological,qrels,label-derived pairwise preferences from qrels,20,75,0.197368,20,1,False,0,0,0,0,0.0,0.0,0,0,20,ndcg_at_k,0.0,0,0.410526,0.485714,1.0,1.0,0.25,1.0,1.0,8.1e-05,0.000655,2e-05,0.000429,3.9e-05,0.000921,0.00344
scidocs,b37225fc67e1aeeb7877c4691f9036ed5cc01efa,greedy_fas_weighted_balance,qrels,label-derived pairwise preferences from qrels,20,75,0.197368,20,1,False,0,0,0,0,0.0,0.0,0,0,20,ndcg_at_k,0.0,0,1.0,0.428571,1.0,1.0,0.25,1.0,1.0,8.1e-05,0.000655,2e-05,0.000429,2.5e-05,0.000921,0.00344
scidocs,b37225fc67e1aeeb7877c4691f9036ed5cc01efa,greedy_fas_copeland,qrels,label-derived pairwise preferences from qrels,20,75,0.197368,20,1,False,0,0,0,0,0.0,0.0,0,0,20,ndcg_at_k,0.0,0,1.0,0.428571,1.0,1.0,0.25,1.0,1.0,8.1e-05,0.000655,2e-05,0.000429,1.8e-05,0.000921,0.00344
scidocs,b37225fc67e1aeeb7877c4691f9036ed5cc01efa,greedy_fas_score_augmented_topological,qrels,label-derived pairwise preferences from qrels,20,75,0.197368,20,1,False,0,0,0,0,0.0,0.0,0,0,20,ndcg_at_k,0.0,0,-0.210526,0.52381,1.0,1.0,0.25,1.0,1.0,8.1e-05,0.000655,2e-05,0.000429,3.5e-05,0.000921,0.00344
scidocs,b37225fc67e1aeeb7877c4691f9036ed5cc01efa,fas_balance_score_prior_alpha_beta,qrels,label-derived pairwise preferences from qrels,20,75,0.197368,20,1,False,0,0,0,0,0.0,0.0,0,0,20,ndcg_at_k,0.0,0,1.0,0.428571,1.0,1.0,0.25,1.0,1.0,8.1e-05,0.000655,2e-05,0.000429,3.6e-05,0.000921,0.00344
scidocs,b37225fc67e1aeeb7877c4691f9036ed5cc01efa,hybrid_rrf_fas_regularized,qrels,label-derived pairwise preferences from qrels,20,75,0.197368,20,1,False,0,0,0,0,0.0,0.0,0,0,20,ndcg_at_k,0.0,0,1.0,0.428571,1.0,1.0,0.25,1.0,1.0,8.1e-05,0.000655,2e-05,0.000429,3e-05,0.000921,0.00344
scidocs,b37225fc67e1aeeb7877c4691f9036ed5cc01efa,hybrid_rrf_balance_a05,qrels,label-derived pairwise preferences from qrels,20,75,0.197368,20,1,False,0,0,0,0,0.0,0.0,0,0,20,ndcg_at_k,0.0,0,1.0,0.428571,1.0,1.0,0.25,1.0,1.0,8.1e-05,0.000655,2e-05,0.000429,2.6e-05,0.000921,0.00344
scidocs,b37225fc67e1aeeb7877c4691f9036ed5cc01efa,hybrid_rrf_copeland_a03,qrels,label-derived pairwise preferences from qrels,20,75,0.197368,20,1,False,0,0,0,0,0.0,0.0,0,0,20,ndcg_at_k,0.0,0,1.0,0.428571,1.0,1.0,0.25,1.0,1.0,8.1e-05,0.000655,2e-05,0.000429,2e-05,0.000921,0.00344
scidocs,b37225fc67e1aeeb7877c4691f9036ed5cc01efa,hybrid_rrf_priority_topo_a03,qrels,label-derived pairwise preferences from qrels,20,75,0.197368,20,1,False,0,0,0,0,0.0,0.0,0,0,20,ndcg_at_k,0.0,0,-0.210526,0.52381,1.0,1.0,0.25,1.0,1.0,8.1e-05,0.000655,2e-05,0.000429,5.3e-05,0.000921,0.00344
scidocs,4ec90b7da43e6438cbdc756624b1083f30288064,score_sum,qrels,label-derived pairwise preferences from qrels,20,75,0.197368,20,1,False,0,0,0,0,0.0,0.0,0,0,20,ndcg_at_k,0.0,0,1.0,0.619048,1.0,1.0,0.25,1.0,1.0,8.4e-05,7.5e-05,2e-05,0.016975,3.1e-05,0.000936,0.019475
scidocs,4ec90b7da43e6438cbdc756624b1083f30288064,borda,qrels,label-derived pairwise preferences from qrels,20,75,0.197368,20,1,False,0,0,0,0,0.0,0.0,0,0,20,ndcg_at_k,0.0,0,1.0,0.619048,1.0,1.0,0.25,1.0,1.0,8.4e-05,7.5e-05,2e-05,0.016975,1.5e-05,0.000936,0.019475
scidocs,4ec90b7da43e6438cbdc756624b1083f30288064,pagerank,qrels,label-derived pairwise preferences from qrels,20,75,0.197368,20,1,False,0,0,0,0,0.0,0.0,0,0,20,ndcg_at_k,0.0,0,0.442105,0.485714,1.0,1.0,0.25,1.0,1.0,8.4e-05,7.5e-05,2e-05,0.016975,0.001044,0.000936,0.019475
scidocs,4ec90b7da43e6438cbdc756624b1083f30288064,greedy_fas_topological,qrels,label-derived pairwise preferences from qrels,20,75,0.197368,20,1,False,0,0,0,0,0.0,0.0,0,0,20,ndcg_at_k,0.0,0,0.442105,0.485714,1.0,1.0,0.25,1.0,1.0,8.4e-05,7.5e-05,2e-05,0.016975,4.3e-05,0.000936,0.019475
scidocs,4ec90b7da43e6438cbdc756624b1083f30288064,greedy_fas_weighted_balance,qrels,label-derived pairwise preferences from qrels,20,75,0.197368,20,1,False,0,0,0,0,0.0,0.0,0,0,20,ndcg_at_k,0.0,0,1.0,0.619048,1.0,1.0,0.25,1.0,1.0,8.4e-05,7.5e-05,2e-05,0.016975,2.7e-05,0.000936,0.019475
scidocs,4ec90b7da43e6438cbdc756624b1083f30288064,greedy_fas_copeland,qrels,label-derived pairwise preferences from qrels,20,75,0.197368,20,1,False,0,0,0,0,0.0,0.0,0,0,20,ndcg_at_k,0.0,0,1.0,0.619048,1.0,1.0,0.25,1.0,1.0,8.4e-05,7.5e-05,2e-05,0.016975,1.8e-05,0.000936,0.019475
scidocs,4ec90b7da43e6438cbdc756624b1083f30288064,greedy_fas_score_augmented_topological,qrels,label-derived pairwise preferences from qrels,20,75,0.197368,20,1,False,0,0,0,0,0.0,0.0,0,0,20,ndcg_at_k,0.0,0,-0.210526,0.333333,1.0,1.0,0.25,1.0,1.0,8.4e-05,7.5e-05,2e-05,0.016975,3.6e-05,0.000936,0.019475
scidocs,4ec90b7da43e6438cbdc756624b1083f30288064,fas_balance_score_prior_alpha_beta,qrels,label-derived pairwise preferences from qrels,20,75,0.197368,20,1,False,0,0,0,0,0.0,0.0,0,0,20,ndcg_at_k,0.0,0,1.0,0.619048,1.0,1.0,0.25,1.0,1.0,8.4e-05,7.5e-05,2e-05,0.016975,3.8e-05,0.000936,0.019475
scidocs,4ec90b7da43e6438cbdc756624b1083f30288064,hybrid_rrf_fas_regularized,qrels,label-derived pairwise preferences from qrels,20,75,0.197368,20,1,False,0,0,0,0,0.0,0.0,0,0,20,ndcg_at_k,0.0,0,1.0,0.619048,1.0,1.0,0.25,1.0,1.0,8.4e-05,7.5e-05,2e-05,0.016975,3e-05,0.000936,0.019475
scidocs,4ec90b7da43e6438cbdc756624b1083f30288064,hybrid_rrf_balance_a05,qrels,label-derived pairwise preferences from qrels,20,75,0.197368,20,1,False,0,0,0,0,0.0,0.0,0,0,20,ndcg_at_k,0.0,0,1.0,0.619048,1.0,1.0,0.25,1.0,1.0,8.4e-05,7.5e-05,2e-05,0.016975,2.7e-05,0.000936,0.019475
scidocs,4ec90b7da43e6438cbdc756624b1083f30288064,hybrid_rrf_copeland_a03,qrels,label-derived pairwise preferences from qrels,20,75,0.197368,20,1,False,0,0,0,0,0.0,0.0,0,0,20,ndcg_at_k,0.0,0,1.0,0.619048,1.0,1.0,0.25,1.0,1.0,8.4e-05,7.5e-05,2e-05,0.016975,2.1e-05,0.000936,0.019475
scidocs,4ec90b7da43e6438cbdc756624b1083f30288064,hybrid_rrf_priority_topo_a03,qrels,label-derived pairwise preferences from qrels,20,75,0.197368,20,1,False,0,0,0,0,0.0,0.0,0,0,20,ndcg_at_k,0.0,0,-0.210526,0.333333,1.0,1.0,0.25,1.0,1.0,8.4e-05,7.5e-05,2e-05,0.016975,5.5e-05,0.000936,0.019475
scidocs,78495383450e02c5fe817e408726134b3084905d,score_sum,qrels,label-derived pairwise preferences from qrels,20,75,0.197368,20,1,False,0,0,0,0,0.0,0.0,0,0,20,ndcg_at_k,0.0,0,1.0,0.466667,1.0,1.0,0.25,1.0,1.0,8.8e-05,7.5e-05,2.1e-05,0.000468,2e-05,0.00094,0.002869
scidocs,78495383450e02c5fe817e408726134b3084905d,borda,qrels,label-derived pairwise preferences from qrels,20,75,0.197368,20,1,False,0,0,0,0,0.0,0.0,0,0,20,ndcg_at_k,0.0,0,1.0,0.466667,1.0,1.0,0.25,1.0,1.0,8.8e-05,7.5e-05,2.1e-05,0.000468,1.3e-05,0.00094,0.002869
scidocs,78495383450e02c5fe817e408726134b3084905d,pagerank,qrels,label-derived pairwise preferences from qrels,20,75,0.197368,20,1,False,0,0,0,0,0.0,0.0,0,0,20,ndcg_at_k,0.0,0,0.336842,0.485714,1.0,1.0,0.25,1.0,1.0,8.8e-05,7.5e-05,2.1e-05,0.000468,0.000947,0.00094,0.002869
scidocs,78495383450e02c5fe817e408726134b3084905d,greedy_fas_topological,qrels,label-derived pairwise preferences from qrels,20,75,0.197368,20,1,False,0,0,0,0,0.0,0.0,0,0,20,ndcg_at_k,0.0,0,0.336842,0.485714,1.0,1.0,0.25,1.0,1.0,8.8e-05,7.5e-05,2.1e-05,0.000468,4.1e-05,0.00094,0.002869
scidocs,78495383450e02c5fe817e408726134b3084905d,greedy_fas_weighted_balance,qrels,label-derived pairwise preferences from qrels,20,75,0.197368,20,1,False,0,0,0,0,0.0,0.0,0,0,20,ndcg_at_k,0.0,0,1.0,0.466667,1.0,1.0,0.25,1.0,1.0,8.8e-05,7.5e-05,2.1e-05,0.000468,2.4e-05,0.00094,0.002869
scidocs,78495383450e02c5fe817e408726134b3084905d,greedy_fas_copeland,qrels,label-derived pairwise preferences from qrels,20,75,0.197368,20,1,False,0,0,0,0,0.0,0.0,0,0,20,ndcg_at_k,0.0,0,1.0,0.466667,1.0,1.0,0.25,1.0,1.0,8.8e-05,7.5e-05,2.1e-05,0.000468,2e-05,0.00094,0.002869
scidocs,78495383450e02c5fe817e408726134b3084905d,greedy_fas_score_augmented_topological,qrels,label-derived pairwise preferences from qrels,20,75,0.197368,20,1,False,0,0,0,0,0.0,0.0,0,0,20,ndcg_at_k,0.0,0,-0.210526,0.485714,1.0,1.0,0.25,1.0,1.0,8.8e-05,7.5e-05,2.1e-05,0.000468,3.6e-05,0.00094,0.002869
scidocs,78495383450e02c5fe817e408726134b3084905d,fas_balance_score_prior_alpha_beta,qrels,label-derived pairwise preferences from qrels,20,75,0.197368,20,1,False,0,0,0,0,0.0,0.0,0,0,20,ndcg_at_k,0.0,0,1.0,0.466667,1.0,1.0,0.25,1.0,1.0,8.8e-05,7.5e-05,2.1e-05,0.000468,3.7e-05,0.00094,0.002869
scidocs,78495383450e02c5fe817e408726134b3084905d,hybrid_rrf_fas_regularized,qrels,label-derived pairwise preferences from qrels,20,75,0.197368,20,1,False,0,0,0,0,0.0,0.0,0,0,20,ndcg_at_k,0.0,0,1.0,0.466667,1.0,1.0,0.25,1.0,1.0,8.8e-05,7.5e-05,2.1e-05,0.000468,3.2e-05,0.00094,0.002869
scidocs,78495383450e02c5fe817e408726134b3084905d,hybrid_rrf_balance_a05,qrels,label-derived pairwise preferences from qrels,20,75,0.197368,20,1,False,0,0,0,0,0.0,0.0,0,0,20,ndcg_at_k,0.0,0,1.0,0.466667,1.0,1.0,0.25,1.0,1.0,8.8e-05,7.5e-05,2.1e-05,0.000468,2.8e-05,0.00094,0.002869
scidocs,78495383450e02c5fe817e408726134b3084905d,hybrid_rrf_copeland_a03,qrels,label-derived pairwise preferences from qrels,20,75,0.197368,20,1,False,0,0,0,0,0.0,0.0,0,0,20,ndcg_at_k,0.0,0,1.0,0.466667,1.0,1.0,0.25,1.0,1.0,8.8e-05,7.5e-05,2.1e-05,0.000468,2.1e-05,0.00094,0.002869
scidocs,78495383450e02c5fe817e408726134b3084905d,hybrid_rrf_priority_topo_a03,qrels,label-derived pairwise preferences from qrels,20,75,0.197368,20,1,False,0,0,0,0,0.0,0.0,0,0,20,ndcg_at_k,0.0,0,-0.210526,0.485714,1.0,1.0,0.25,1.0,1.0,8.8e-05,7.5e-05,2.1e-05,0.000468,5.8e-05,0.00094,0.002869
scidocs,28f3343d2419147213e7580934cfc4e0cb88b088,score_sum,qrels,label-derived pairwise preferences from qrels,20,75,0.197368,20,1,False,0,0,0,0,0.0,0.0,0,0,20,ndcg_at_k,0.0,0,1.0,0.52381,1.0,1.0,0.25,1.0,1.0,8.7e-05,8e-05,1.9e-05,0.000408,2e-05,0.000957,0.002859
scidocs,28f3343d2419147213e7580934cfc4e0cb88b088,borda,qrels,label-derived pairwise preferences from qrels,20,75,0.197368,20,1,False,0,0,0,0,0.0,0.0,0,0,20,ndcg_at_k,0.0,0,1.0,0.52381,1.0,1.0,0.25,1.0,1.0,8.7e-05,8e-05,1.9e-05,0.000408,1.2e-05,0.000957,0.002859
scidocs,28f3343d2419147213e7580934cfc4e0cb88b088,pagerank,qrels,label-derived pairwise preferences from qrels,20,75,0.197368,20,1,False,0,0,0,0,0.0,0.0,0,0,20,ndcg_at_k,0.0,0,0.505263,0.485714,1.0,1.0,0.25,1.0,1.0,8.7e-05,8e-05,1.9e-05,0.000408,0.000981,0.000957,0.002859
scidocs,28f3343d2419147213e7580934cfc4e0cb88b088,greedy_fas_topological,qrels,label-derived pairwise preferences from qrels,20,75,0.197368,20,1,False,0,0,0,0,0.0,0.0,0,0,20,ndcg_at_k,0.0,0,0.505263,0.485714,1.0,1.0,0.25,1.0,1.0,8.7e-05,8e-05,1.9e-05,0.000408,3.9e-05,0.000957,0.002859
scidocs,28f3343d2419147213e7580934cfc4e0cb88b088,greedy_fas_weighted_balance,qrels,label-derived pairwise preferences from qrels,20,75,0.197368,20,1,False,0,0,0,0,0.0,0.0,0,0,20,ndcg_at_k,0.0,0,1.0,0.52381,1.0,1.0,0.25,1.0,1.0,8.7e-05,8e-05,1.9e-05,0.000408,2.5e-05,0.000957,0.002859
scidocs,28f3343d2419147213e7580934cfc4e0cb88b088,greedy_fas_copeland,qrels,label-derived pairwise preferences from qrels,20,75,0.197368,20,1,False,0,0,0,0,0.0,0.0,0,0,20,ndcg_at_k,0.0,0,1.0,0.52381,1.0,1.0,0.25,1.0,1.0,8.7e-05,8e-05,1.9e-05,0.000408,1.8e-05,0.000957,0.002859
scidocs,28f3343d2419147213e7580934cfc4e0cb88b088,greedy_fas_score_augmented_topological,qrels,label-derived pairwise preferences from qrels,20,75,0.197368,20,1,False,0,0,0,0,0.0,0.0,0,0,20,ndcg_at_k,0.0,0,-0.210526,0.428571,1.0,1.0,0.25,1.0,1.0,8.7e-05,8e-05,1.9e-05,0.000408,3.6e-05,0.000957,0.002859
scidocs,28f3343d2419147213e7580934cfc4e0cb88b088,fas_balance_score_prior_alpha_beta,qrels,label-derived pairwise preferences from qrels,20,75,0.197368,20,1,False,0,0,0,0,0.0,0.0,0,0,20,ndcg_at_k,0.0,0,1.0,0.52381,1.0,1.0,0.25,1.0,1.0,8.7e-05,8e-05,1.9e-05,0.000408,3.6e-05,0.000957,0.002859
scidocs,28f3343d2419147213e7580934cfc4e0cb88b088,hybrid_rrf_fas_regularized,qrels,label-derived pairwise preferences from qrels,20,75,0.197368,20,1,False,0,0,0,0,0.0,0.0,0,0,20,ndcg_at_k,0.0,0,1.0,0.52381,1.0,1.0,0.25,1.0,1.0,8.7e-05,8e-05,1.9e-05,0.000408,3.8e-05,0.000957,0.002859
scidocs,28f3343d2419147213e7580934cfc4e0cb88b088,hybrid_rrf_balance_a05,qrels,label-derived pairwise preferences from qrels,20,75,0.197368,20,1,False,0,0,0,0,0.0,0.0,0,0,20,ndcg_at_k,0.0,0,1.0,0.52381,1.0,1.0,0.25,1.0,1.0,8.7e-05,8e-05,1.9e-05,0.000408,2.6e-05,0.000957,0.002859
scidocs,28f3343d2419147213e7580934cfc4e0cb88b088,hybrid_rrf_copeland_a03,qrels,label-derived pairwise preferences from qrels,20,75,0.197368,20,1,False,0,0,0,0,0.0,0.0,0,0,20,ndcg_at_k,0.0,0,1.0,0.52381,1.0,1.0,0.25,1.0,1.0,8.7e-05,8e-05,1.9e-05,0.000408,2.1e-05,0.000957,0.002859
scidocs,28f3343d2419147213e7580934cfc4e0cb88b088,hybrid_rrf_priority_topo_a03,qrels,label-derived pairwise preferences from qrels,20,75,0.197368,20,1,False,0,0,0,0,0.0,0.0,0,0,20,ndcg_at_k,0.0,0,-0.210526,0.428571,1.0,1.0,0.25,1.0,1.0,8.7e-05,8e-05,1.9e-05,0.000408,5.6e-05,0.000957,0.002859
scidocs,c4e76b318149a106563d53892dde801a37a637cc,score_sum,qrels,label-derived pairwise preferences from qrels,20,75,0.197368,20,1,False,0,0,0,0,0.0,0.0,0,0,20,ndcg_at_k,0.0,0,1.0,0.485714,1.0,1.0,0.25,1.0,1.0,8.3e-05,7.6e-05,2e-05,0.000445,2e-05,0.000922,0.002815
scidocs,c4e76b318149a106563d53892dde801a37a637cc,borda,qrels,label-derived pairwise preferences from qrels,20,75,0.197368,20,1,False,0,0,0,0,0.0,0.0,0,0,20,ndcg_at_k,0.0,0,1.0,0.485714,1.0,1.0,0.25,1.0,1.0,8.3e-05,7.6e-05,2e-05,0.000445,1.2e-05,0.000922,0.002815
scidocs,c4e76b318149a106563d53892dde801a37a637cc,pagerank,qrels,label-derived pairwise preferences from qrels,20,75,0.197368,20,1,False,0,0,0,0,0.0,0.0,0,0,20,ndcg_at_k,0.0,0,0.326316,0.485714,1.0,1.0,0.25,1.0,1.0,8.3e-05,7.6e-05,2e-05,0.000445,0.000949,0.000922,0.002815
scidocs,c4e76b318149a106563d53892dde801a37a637cc,greedy_fas_topological,qrels,label-derived pairwise preferences from qrels,20,75,0.197368,20,1,False,0,0,0,0,0.0,0.0,0,0,20,ndcg_at_k,0.0,0,0.326316,0.485714,1.0,1.0,0.25,1.0,1.0,8.3e-05,7.6e-05,2e-05,0.000445,3.9e-05,0.000922,0.002815
scidocs,c4e76b318149a106563d53892dde801a37a637cc,greedy_fas_weighted_balance,qrels,label-derived pairwise preferences from qrels,20,75,0.197368,20,1,False,0,0,0,0,0.0,0.0,0,0,20,ndcg_at_k,0.0,0,1.0,0.485714,1.0,1.0,0.25,1.0,1.0,8.3e-05,7.6e-05,2e-05,0.000445,2.4e-05,0.000922,0.002815
scidocs,c4e76b318149a106563d53892dde801a37a637cc,greedy_fas_copeland,qrels,label-derived pairwise preferences from qrels,20,75,0.197368,20,1,False,0,0,0,0,0.0,0.0,0,0,20,ndcg_at_k,0.0,0,1.0,0.485714,1.0,1.0,0.25,1.0,1.0,8.3e-05,7.6e-05,2e-05,0.000445,1.8e-05,0.000922,0.002815
scidocs,c4e76b318149a106563d53892dde801a37a637cc,greedy_fas_score_augmented_topological,qrels,label-derived pairwise preferences from qrels,20,75,0.197368,20,1,False,0,0,0,0,0.0,0.0,0,0,20,ndcg_at_k,0.0,0,-0.210526,0.466667,1.0,1.0,0.25,1.0,1.0,8.3e-05,7.6e-05,2e-05,0.000445,3.4e-05,0.000922,0.002815
scidocs,c4e76b318149a106563d53892dde801a37a637cc,fas_balance_score_prior_alpha_beta,qrels,label-derived pairwise preferences from qrels,20,75,0.197368,20,1,False,0,0,0,0,0.0,0.0,0,0,20,ndcg_at_k,0.0,0,1.0,0.485714,1.0,1.0,0.25,1.0,1.0,8.3e-05,7.6e-05,2e-05,0.000445,3.8e-05,0.000922,0.002815
scidocs,c4e76b318149a106563d53892dde801a37a637cc,hybrid_rrf_fas_regularized,qrels,label-derived pairwise preferences from qrels,20,75,0.197368,20,1,False,0,0,0,0,0.0,0.0,0,0,20,ndcg_at_k,0.0,0,1.0,0.485714,1.0,1.0,0.25,1.0,1.0,8.3e-05,7.6e-05,2e-05,0.000445,3.2e-05,0.000922,0.002815
scidocs,c4e76b318149a106563d53892dde801a37a637cc,hybrid_rrf_balance_a05,qrels,label-derived pairwise preferences from qrels,20,75,0.197368,20,1,False,0,0,0,0,0.0,0.0,0,0,20,ndcg_at_k,0.0,0,1.0,0.485714,1.0,1.0,0.25,1.0,1.0,8.3e-05,7.6e-05,2e-05,0.000445,2.6e-05,0.000922,0.002815
scidocs,c4e76b318149a106563d53892dde801a37a637cc,hybrid_rrf_copeland_a03,qrels,label-derived pairwise preferences from qrels,20,75,0.197368,20,1,False,0,0,0,0,0.0,0.0,0,0,20,ndcg_at_k,0.0,0,1.0,0.485714,1.0,1.0,0.25,1.0,1.0,8.3e-05,7.6e-05,2e-05,0.000445,2.2e-05,0.000922,0.002815
scidocs,c4e76b318149a106563d53892dde801a37a637cc,hybrid_rrf_priority_topo_a03,qrels,label-derived pairwise preferences from qrels,20,75,0.197368,20,1,False,0,0,0,0,0.0,0.0,0,0,20,ndcg_at_k,0.0,0,-0.210526,0.466667,1.0,1.0,0.25,1.0,1.0,8.3e-05,7.6e-05,2e-05,0.000445,5.5e-05,0.000922,0.002815
scidocs,5f1f12015d55c51764be27df92de175d2de8ee0d,score_sum,qrels,label-derived pairwise preferences from qrels,20,75,0.197368,20,1,False,0,0,0,0,0.0,0.0,0,0,20,ndcg_at_k,0.0,0,1.0,0.466667,1.0,1.0,0.25,1.0,1.0,8.2e-05,0.000104,1.9e-05,0.000412,1.9e-05,0.000921,0.002802
scidocs,5f1f12015d55c51764be27df92de175d2de8ee0d,borda,qrels,label-derived pairwise preferences from qrels,20,75,0.197368,20,1,False,0,0,0,0,0.0,0.0,0,0,20,ndcg_at_k,0.0,0,1.0,0.466667,1.0,1.0,0.25,1.0,1.0,8.2e-05,0.000104,1.9e-05,0.000412,1.2e-05,0.000921,0.002802
scidocs,5f1f12015d55c51764be27df92de175d2de8ee0d,pagerank,qrels,label-derived pairwise preferences from qrels,20,75,0.197368,20,1,False,0,0,0,0,0.0,0.0,0,0,20,ndcg_at_k,0.0,0,0.284211,0.485714,1.0,1.0,0.25,1.0,1.0,8.2e-05,0.000104,1.9e-05,0.000412,0.000952,0.000921,0.002802
scidocs,5f1f12015d55c51764be27df92de175d2de8ee0d,greedy_fas_topological,qrels,label-derived pairwise preferences from qrels,20,75,0.197368,20,1,False,0,0,0,0,0.0,0.0,0,0,20,ndcg_at_k,0.0,0,0.284211,0.485714,1.0,1.0,0.25,1.0,1.0,8.2e-05,0.000104,1.9e-05,0.000412,3.8e-05,0.000921,0.002802
scidocs,5f1f12015d55c51764be27df92de175d2de8ee0d,greedy_fas_weighted_balance,qrels,label-derived pairwise preferences from qrels,20,75,0.197368,20,1,False,0,0,0,0,0.0,0.0,0,0,20,ndcg_at_k,0.0,0,1.0,0.466667,1.0,1.0,0.25,1.0,1.0,8.2e-05,0.000104,1.9e-05,0.000412,2.4e-05,0.000921,0.002802
scidocs,5f1f12015d55c51764be27df92de175d2de8ee0d,greedy_fas_copeland,qrels,label-derived pairwise preferences from qrels,20,75,0.197368,20,1,False,0,0,0,0,0.0,0.0,0,0,20,ndcg_at_k,0.0,0,1.0,0.466667,1.0,1.0,0.25,1.0,1.0,8.2e-05,0.000104,1.9e-05,0.000412,1.8e-05,0.000921,0.002802
scidocs,5f1f12015d55c51764be27df92de175d2de8ee0d,greedy_fas_score_augmented_topological,qrels,label-derived pairwise preferences from qrels,20,75,0.197368,20,1,False,0,0,0,0,0.0,0.0,0,0,20,ndcg_at_k,0.0,0,-0.210526,0.485714,1.0,1.0,0.25,1.0,1.0,8.2e-05,0.000104,1.9e-05,0.000412,3.5e-05,0.000921,0.002802
scidocs,5f1f12015d55c51764be27df92de175d2de8ee0d,fas_balance_score_prior_alpha_beta,qrels,label-derived pairwise preferences from qrels,20,75,0.197368,20,1,False,0,0,0,0,0.0,0.0,0,0,20,ndcg_at_k,0.0,0,1.0,0.466667,1.0,1.0,0.25,1.0,1.0,8.2e-05,0.000104,1.9e-05,0.000412,3.5e-05,0.000921,0.002802
scidocs,5f1f12015d55c51764be27df92de175d2de8ee0d,hybrid_rrf_fas_regularized,qrels,label-derived pairwise preferences from qrels,20,75,0.197368,20,1,False,0,0,0,0,0.0,0.0,0,0,20,ndcg_at_k,0.0,0,1.0,0.466667,1.0,1.0,0.25,1.0,1.0,8.2e-05,0.000104,1.9e-05,0.000412,2.9e-05,0.000921,0.002802
scidocs,5f1f12015d55c51764be27df92de175d2de8ee0d,hybrid_rrf_balance_a05,qrels,label-derived pairwise preferences from qrels,20,75,0.197368,20,1,False,0,0,0,0,0.0,0.0,0,0,20,ndcg_at_k,0.0,0,1.0,0.466667,1.0,1.0,0.25,1.0,1.0,8.2e-05,0.000104,1.9e-05,0.000412,2.6e-05,0.000921,0.002802
scidocs,5f1f12015d55c51764be27df92de175d2de8ee0d,hybrid_rrf_copeland_a03,qrels,label-derived pairwise preferences from qrels,20,75,0.197368,20,1,False,0,0,0,0,0.0,0.0,0,0,20,ndcg_at_k,0.0,0,1.0,0.466667,1.0,1.0,0.25,1.0,1.0,8.2e-05,0.000104,1.9e-05,0.000412,2.1e-05,0.000921,0.002802
scidocs,5f1f12015d55c51764be27df92de175d2de8ee0d,hybrid_rrf_priority_topo_a03,qrels,label-derived pairwise preferences from qrels,20,75,0.197368,20,1,False,0,0,0,0,0.0,0.0,0,0,20,ndcg_at_k,0.0,0,-0.210526,0.485714,1.0,1.0,0.25,1.0,1.0,8.2e-05,0.000104,1.9e-05,0.000412,5.5e-05,0.000921,0.002802
scidocs,8bb49c0658d7b7cff42c655a6d7e005372ad32ea,score_sum,qrels,label-derived pairwise preferences from qrels,20,75,0.197368,20,1,False,0,0,0,0,0.0,0.0,0,0,20,ndcg_at_k,0.0,0,1.0,0.561905,1.0,1.0,0.25,1.0,1.0,8.3e-05,7.8e-05,2e-05,0.000444,1.9e-05,0.000894,0.00276
scidocs,8bb49c0658d7b7cff42c655a6d7e005372ad32ea,borda,qrels,label-derived pairwise preferences from qrels,20,75,0.197368,20,1,False,0,0,0,0,0.0,0.0,0,0,20,ndcg_at_k,0.0,0,1.0,0.561905,1.0,1.0,0.25,1.0,1.0,8.3e-05,7.8e-05,2e-05,0.000444,1.2e-05,0.000894,0.00276
scidocs,8bb49c0658d7b7cff42c655a6d7e005372ad32ea,pagerank,qrels,label-derived pairwise preferences from qrels,20,75,0.197368,20,1,False,0,0,0,0,0.0,0.0,0,0,20,ndcg_at_k,0.0,0,0.368421,0.485714,1.0,1.0,0.25,1.0,1.0,8.3e-05,7.8e-05,2e-05,0.000444,0.000918,0.000894,0.00276
scidocs,8bb49c0658d7b7cff42c655a6d7e005372ad32ea,greedy_fas_topological,qrels,label-derived pairwise preferences from qrels,20,75,0.197368,20,1,False,0,0,0,0,0.0,0.0,0,0,20,ndcg_at_k,0.0,0,0.368421,0.485714,1.0,1.0,0.25,1.0,1.0,8.3e-05,7.8e-05,2e-05,0.000444,3.9e-05,0.000894,0.00276
scidocs,8bb49c0658d7b7cff42c655a6d7e005372ad32ea,greedy_fas_weighted_balance,qrels,label-derived pairwise preferences from qrels,20,75,0.197368,20,1,False,0,0,0,0,0.0,0.0,0,0,20,ndcg_at_k,0.0,0,1.0,0.561905,1.0,1.0,0.25,1.0,1.0,8.3e-05,7.8e-05,2e-05,0.000444,2.4e-05,0.000894,0.00276
scidocs,8bb49c0658d7b7cff42c655a6d7e005372ad32ea,greedy_fas_copeland,qrels,label-derived pairwise preferences from qrels,20,75,0.197368,20,1,False,0,0,0,0,0.0,0.0,0,0,20,ndcg_at_k,0.0,0,1.0,0.561905,1.0,1.0,0.25,1.0,1.0,8.3e-05,7.8e-05,2e-05,0.000444,1.7e-05,0.000894,0.00276
scidocs,8bb49c0658d7b7cff42c655a6d7e005372ad32ea,greedy_fas_score_augmented_topological,qrels,label-derived pairwise preferences from qrels,20,75,0.197368,20,1,False,0,0,0,0,0.0,0.0,0,0,20,ndcg_at_k,0.0,0,-0.210526,0.390476,1.0,1.0,0.25,1.0,1.0,8.3e-05,7.8e-05,2e-05,0.000444,3.4e-05,0.000894,0.00276
scidocs,8bb49c0658d7b7cff42c655a6d7e005372ad32ea,fas_balance_score_prior_alpha_beta,qrels,label-derived pairwise preferences from qrels,20,75,0.197368,20,1,False,0,0,0,0,0.0,0.0,0,0,20,ndcg_at_k,0.0,0,1.0,0.561905,1.0,1.0,0.25,1.0,1.0,8.3e-05,7.8e-05,2e-05,0.000444,3.5e-05,0.000894,0.00276
scidocs,8bb49c0658d7b7cff42c655a6d7e005372ad32ea,hybrid_rrf_fas_regularized,qrels,label-derived pairwise preferences from qrels,20,75,0.197368,20,1,False,0,0,0,0,0.0,0.0,0,0,20,ndcg_at_k,0.0,0,1.0,0.561905,1.0,1.0,0.25,1.0,1.0,8.3e-05,7.8e-05,2e-05,0.000444,3.1e-05,0.000894,0.00276
scidocs,8bb49c0658d7b7cff42c655a6d7e005372ad32ea,hybrid_rrf_balance_a05,qrels,label-derived pairwise preferences from qrels,20,75,0.197368,20,1,False,0,0,0,0,0.0,0.0,0,0,20,ndcg_at_k,0.0,0,1.0,0.561905,1.0,1.0,0.25,1.0,1.0,8.3e-05,7.8e-05,2e-05,0.000444,3.6e-05,0.000894,0.00276
scidocs,8bb49c0658d7b7cff42c655a6d7e005372ad32ea,hybrid_rrf_copeland_a03,qrels,label-derived pairwise preferences from qrels,20,75,0.197368,20,1,False,0,0,0,0,0.0,0.0,0,0,20,ndcg_at_k,0.0,0,1.0,0.561905,1.0,1.0,0.25,1.0,1.0,8.3e-05,7.8e-05,2e-05,0.000444,2.1e-05,0.000894,0.00276
scidocs,8bb49c0658d7b7cff42c655a6d7e005372ad32ea,hybrid_rrf_priority_topo_a03,qrels,label-derived pairwise preferences from qrels,20,75,0.197368,20,1,False,0,0,0,0,0.0,0.0,0,0,20,ndcg_at_k,0.0,0,-0.210526,0.390476,1.0,1.0,0.25,1.0,1.0,8.3e-05,7.8e-05,2e-05,0.000444,5.5e-05,0.000894,0.00276
scidocs,9e76a700f03ef476b964b27e23c071163e44c232,score_sum,qrels,label-derived pairwise preferences from qrels,20,75,0.197368,20,1,False,0,0,0,0,0.0,0.0,0,0,20,ndcg_at_k,0.0,0,1.0,0.371429,1.0,1.0,0.25,1.0,1.0,0.0001,7.7e-05,1.9e-05,0.000401,1.9e-05,0.000908,0.002782
scidocs,9e76a700f03ef476b964b27e23c071163e44c232,borda,qrels,label-derived pairwise preferences from qrels,20,75,0.197368,20,1,False,0,0,0,0,0.0,0.0,0,0,20,ndcg_at_k,0.0,0,1.0,0.371429,1.0,1.0,0.25,1.0,1.0,0.0001,7.7e-05,1.9e-05,0.000401,1.1e-05,0.000908,0.002782
scidocs,9e76a700f03ef476b964b27e23c071163e44c232,pagerank,qrels,label-derived pairwise preferences from qrels,20,75,0.197368,20,1,False,0,0,0,0,0.0,0.0,0,0,20,ndcg_at_k,0.0,0,0.547368,0.485714,1.0,1.0,0.25,1.0,1.0,0.0001,7.7e-05,1.9e-05,0.000401,0.000954,0.000908,0.002782
scidocs,9e76a700f03ef476b964b27e23c071163e44c232,greedy_fas_topological,qrels,label-derived pairwise preferences from qrels,20,75,0.197368,20,1,False,0,0,0,0,0.0,0.0,0,0,20,ndcg_at_k,0.0,0,0.547368,0.485714,1.0,1.0,0.25,1.0,1.0,0.0001,7.7e-05,1.9e-05,0.000401,3.9e-05,0.000908,0.002782
scidocs,9e76a700f03ef476b964b27e23c071163e44c232,greedy_fas_weighted_balance,qrels,label-derived pairwise preferences from qrels,20,75,0.197368,20,1,False,0,0,0,0,0.0,0.0,0,0,20,ndcg_at_k,0.0,0,1.0,0.371429,1.0,1.0,0.25,1.0,1.0,0.0001,7.7e-05,1.9e-05,0.000401,2.5e-05,0.000908,0.002782
scidocs,9e76a700f03ef476b964b27e23c071163e44c232,greedy_fas_copeland,qrels,label-derived pairwise preferences from qrels,20,75,0.197368,20,1,False,0,0,0,0,0.0,0.0,0,0,20,ndcg_at_k,0.0,0,1.0,0.371429,1.0,1.0,0.25,1.0,1.0,0.0001,7.7e-05,1.9e-05,0.000401,1.7e-05,0.000908,0.002782
scidocs,9e76a700f03ef476b964b27e23c071163e44c232,greedy_fas_score_augmented_topological,qrels,label-derived pairwise preferences from qrels,20,75,0.197368,20,1,False,0,0,0,0,0.0,0.0,0,0,20,ndcg_at_k,0.0,0,-0.210526,0.580952,1.0,1.0,0.25,1.0,1.0,0.0001,7.7e-05,1.9e-05,0.000401,3.4e-05,0.000908,0.002782
scidocs,9e76a700f03ef476b964b27e23c071163e44c232,fas_balance_score_prior_alpha_beta,qrels,label-derived pairwise preferences from qrels,20,75,0.197368,20,1,False,0,0,0,0,0.0,0.0,0,0,20,ndcg_at_k,0.0,0,1.0,0.371429,1.0,1.0,0.25,1.0,1.0,0.0001,7.7e-05,1.9e-05,0.000401,3.7e-05,0.000908,0.002782
scidocs,9e76a700f03ef476b964b27e23c071163e44c232,hybrid_rrf_fas_regularized,qrels,label-derived pairwise preferences from qrels,20,75,0.197368,20,1,False,0,0,0,0,0.0,0.0,0,0,20,ndcg_at_k,0.0,0,1.0,0.371429,1.0,1.0,0.25,1.0,1.0,0.0001,7.7e-05,1.9e-05,0.000401,3.4e-05,0.000908,0.002782
scidocs,9e76a700f03ef476b964b27e23c071163e44c232,hybrid_rrf_balance_a05,qrels,label-derived pairwise preferences from qrels,20,75,0.197368,20,1,False,0,0,0,0,0.0,0.0,0,0,20,ndcg_at_k,0.0,0,1.0,0.371429,1.0,1.0,0.25,1.0,1.0,0.0001,7.7e-05,1.9e-05,0.000401,2.6e-05,0.000908,0.002782
scidocs,9e76a700f03ef476b964b27e23c071163e44c232,hybrid_rrf_copeland_a03,qrels,label-derived pairwise preferences from qrels,20,75,0.197368,20,1,False,0,0,0,0,0.0,0.0,0,0,20,ndcg_at_k,0.0,0,1.0,0.371429,1.0,1.0,0.25,1.0,1.0,0.0001,7.7e-05,1.9e-05,0.000401,2.1e-05,0.000908,0.002782
scidocs,9e76a700f03ef476b964b27e23c071163e44c232,hybrid_rrf_priority_topo_a03,qrels,label-derived pairwise preferences from qrels,20,75,0.197368,20,1,False,0,0,0,0,0.0,0.0,0,0,20,ndcg_at_k,0.0,0,-0.210526,0.580952,1.0,1.0,0.25,1.0,1.0,0.0001,7.7e-05,1.9e-05,0.000401,6e-05,0.000908,0.002782
scidocs,7445178858159988f2b17aa21376e13767fce5a6,score_sum,qrels,label-derived pairwise preferences from qrels,20,75,0.197368,20,1,False,0,0,0,0,0.0,0.0,0,0,20,ndcg_at_k,0.0,0,1.0,0.619048,1.0,1.0,0.25,1.0,1.0,8.1e-05,7.3e-05,1.8e-05,0.000425,2e-05,0.000917,0.002776
scidocs,7445178858159988f2b17aa21376e13767fce5a6,borda,qrels,label-derived pairwise preferences from qrels,20,75,0.197368,20,1,False,0,0,0,0,0.0,0.0,0,0,20,ndcg_at_k,0.0,0,1.0,0.619048,1.0,1.0,0.25,1.0,1.0,8.1e-05,7.3e-05,1.8e-05,0.000425,1.2e-05,0.000917,0.002776
scidocs,7445178858159988f2b17aa21376e13767fce5a6,pagerank,qrels,label-derived pairwise preferences from qrels,20,75,0.197368,20,1,False,0,0,0,0,0.0,0.0,0,0,20,ndcg_at_k,0.0,0,0.442105,0.485714,1.0,1.0,0.25,1.0,1.0,8.1e-05,7.3e-05,1.8e-05,0.000425,0.000943,0.000917,0.002776
scidocs,7445178858159988f2b17aa21376e13767fce5a6,greedy_fas_topological,qrels,label-derived pairwise preferences from qrels,20,75,0.197368,20,1,False,0,0,0,0,0.0,0.0,0,0,20,ndcg_at_k,0.0,0,0.442105,0.485714,1.0,1.0,0.25,1.0,1.0,8.1e-05,7.3e-05,1.8e-05,0.000425,3.9e-05,0.000917,0.002776
scidocs,7445178858159988f2b17aa21376e13767fce5a6,greedy_fas_weighted_balance,qrels,label-derived pairwise preferences from qrels,20,75,0.197368,20,1,False,0,0,0,0,0.0,0.0,0,0,20,ndcg_at_k,0.0,0,1.0,0.619048,1.0,1.0,0.25,1.0,1.0,8.1e-05,7.3e-05,1.8e-05,0.000425,2.4e-05,0.000917,0.002776
scidocs,7445178858159988f2b17aa21376e13767fce5a6,greedy_fas_copeland,qrels,label-derived pairwise preferences from qrels,20,75,0.197368,20,1,False,0,0,0,0,0.0,0.0,0,0,20,ndcg_at_k,0.0,0,1.0,0.619048,1.0,1.0,0.25,1.0,1.0,8.1e-05,7.3e-05,1.8e-05,0.000425,2.4e-05,0.000917,0.002776
scidocs,7445178858159988f2b17aa21376e13767fce5a6,greedy_fas_score_augmented_topological,qrels,label-derived pairwise preferences from qrels,20,75,0.197368,20,1,False,0,0,0,0,0.0,0.0,0,0,20,ndcg_at_k,0.0,0,-0.210526,0.333333,1.0,1.0,0.25,1.0,1.0,8.1e-05,7.3e-05,1.8e-05,0.000425,3.5e-05,0.000917,0.002776
scidocs,7445178858159988f2b17aa21376e13767fce5a6,fas_balance_score_prior_alpha_beta,qrels,label-derived pairwise preferences from qrels,20,75,0.197368,20,1,False,0,0,0,0,0.0,0.0,0,0,20,ndcg_at_k,0.0,0,1.0,0.619048,1.0,1.0,0.25,1.0,1.0,8.1e-05,7.3e-05,1.8e-05,0.000425,3.5e-05,0.000917,0.002776
scidocs,7445178858159988f2b17aa21376e13767fce5a6,hybrid_rrf_fas_regularized,qrels,label-derived pairwise preferences from qrels,20,75,0.197368,20,1,False,0,0,0,0,0.0,0.0,0,0,20,ndcg_at_k,0.0,0,1.0,0.619048,1.0,1.0,0.25,1.0,1.0,8.1e-05,7.3e-05,1.8e-05,0.000425,2.9e-05,0.000917,0.002776
scidocs,7445178858159988f2b17aa21376e13767fce5a6,hybrid_rrf_balance_a05,qrels,label-derived pairwise preferences from qrels,20,75,0.197368,20,1,False,0,0,0,0,0.0,0.0,0,0,20,ndcg_at_k,0.0,0,1.0,0.619048,1.0,1.0,0.25,1.0,1.0,8.1e-05,7.3e-05,1.8e-05,0.000425,2.6e-05,0.000917,0.002776
scidocs,7445178858159988f2b17aa21376e13767fce5a6,hybrid_rrf_copeland_a03,qrels,label-derived pairwise preferences from qrels,20,75,0.197368,20,1,False,0,0,0,0,0.0,0.0,0,0,20,ndcg_at_k,0.0,0,1.0,0.619048,1.0,1.0,0.25,1.0,1.0,8.1e-05,7.3e-05,1.8e-05,0.000425,2.2e-05,0.000917,0.002776
scidocs,7445178858159988f2b17aa21376e13767fce5a6,hybrid_rrf_priority_topo_a03,qrels,label-derived pairwise preferences from qrels,20,75,0.197368,20,1,False,0,0,0,0,0.0,0.0,0,0,20,ndcg_at_k,0.0,0,-0.210526,0.333333,1.0,1.0,0.25,1.0,1.0,8.1e-05,7.3e-05,1.8e-05,0.000425,5.3e-05,0.000917,0.002776
scidocs,b47402a9a68f23b548ae6e0349700ea651b7a373,score_sum,qrels,label-derived pairwise preferences from qrels,20,75,0.197368,20,1,False,0,0,0,0,0.0,0.0,0,0,20,ndcg_at_k,0.0,0,1.0,0.638095,1.0,1.0,0.25,1.0,1.0,8e-05,0.000108,1.9e-05,0.000422,1.9e-05,0.000902,0.002789
scidocs,b47402a9a68f23b548ae6e0349700ea651b7a373,borda,qrels,label-derived pairwise preferences from qrels,20,75,0.197368,20,1,False,0,0,0,0,0.0,0.0,0,0,20,ndcg_at_k,0.0,0,1.0,0.638095,1.0,1.0,0.25,1.0,1.0,8e-05,0.000108,1.9e-05,0.000422,1.2e-05,0.000902,0.002789
scidocs,b47402a9a68f23b548ae6e0349700ea651b7a373,pagerank,qrels,label-derived pairwise preferences from qrels,20,75,0.197368,20,1,False,0,0,0,0,0.0,0.0,0,0,20,ndcg_at_k,0.0,0,0.442105,0.485714,1.0,1.0,0.25,1.0,1.0,8e-05,0.000108,1.9e-05,0.000422,0.000939,0.000902,0.002789
scidocs,b47402a9a68f23b548ae6e0349700ea651b7a373,greedy_fas_topological,qrels,label-derived pairwise preferences from qrels,20,75,0.197368,20,1,False,0,0,0,0,0.0,0.0,0,0,20,ndcg_at_k,0.0,0,0.442105,0.485714,1.0,1.0,0.25,1.0,1.0,8e-05,0.000108,1.9e-05,0.000422,3.8e-05,0.000902,0.002789
scidocs,b47402a9a68f23b548ae6e0349700ea651b7a373,greedy_fas_weighted_balance,qrels,label-derived pairwise preferences from qrels,20,75,0.197368,20,1,False,0,0,0,0,0.0,0.0,0,0,20,ndcg_at_k,0.0,0,1.0,0.638095,1.0,1.0,0.25,1.0,1.0,8e-05,0.000108,1.9e-05,0.000422,2.5e-05,0.000902,0.002789
scidocs,b47402a9a68f23b548ae6e0349700ea651b7a373,greedy_fas_copeland,qrels,label-derived pairwise preferences from qrels,20,75,0.197368,20,1,False,0,0,0,0,0.0,0.0,0,0,20,ndcg_at_k,0.0,0,1.0,0.638095,1.0,1.0,0.25,1.0,1.0,8e-05,0.000108,1.9e-05,0.000422,1.8e-05,0.000902,0.002789
scidocs,b47402a9a68f23b548ae6e0349700ea651b7a373,greedy_fas_score_augmented_topological,qrels,label-derived pairwise preferences from qrels,20,75,0.197368,20,1,False,0,0,0,0,0.0,0.0,0,0,20,ndcg_at_k,0.0,0,-0.210526,0.314286,1.0,1.0,0.25,1.0,1.0,8e-05,0.000108,1.9e-05,0.000422,3.4e-05,0.000902,0.002789
scidocs,b47402a9a68f23b548ae6e0349700ea651b7a373,fas_balance_score_prior_alpha_beta,qrels,label-derived pairwise preferences from qrels,20,75,0.197368,20,1,False,0,0,0,0,0.0,0.0,0,0,20,ndcg_at_k,0.0,0,1.0,0.638095,1.0,1.0,0.25,1.0,1.0,8e-05,0.000108,1.9e-05,0.000422,3.7e-05,0.000902,0.002789
scidocs,b47402a9a68f23b548ae6e0349700ea651b7a373,hybrid_rrf_fas_regularized,qrels,label-derived pairwise preferences from qrels,20,75,0.197368,20,1,False,0,0,0,0,0.0,0.0,0,0,20,ndcg_at_k,0.0,0,1.0,0.638095,1.0,1.0,0.25,1.0,1.0,8e-05,0.000108,1.9e-05,0.000422,3.1e-05,0.000902,0.002789
scidocs,b47402a9a68f23b548ae6e0349700ea651b7a373,hybrid_rrf_balance_a05,qrels,label-derived pairwise preferences from qrels,20,75,0.197368,20,1,False,0,0,0,0,0.0,0.0,0,0,20,ndcg_at_k,0.0,0,1.0,0.638095,1.0,1.0,0.25,1.0,1.0,8e-05,0.000108,1.9e-05,0.000422,2.7e-05,0.000902,0.002789
scidocs,b47402a9a68f23b548ae6e0349700ea651b7a373,hybrid_rrf_copeland_a03,qrels,label-derived pairwise preferences from qrels,20,75,0.197368,20,1,False,0,0,0,0,0.0,0.0,0,0,20,ndcg_at_k,0.0,0,1.0,0.638095,1.0,1.0,0.25,1.0,1.0,8e-05,0.000108,1.9e-05,0.000422,2.2e-05,0.000902,0.002789
scidocs,b47402a9a68f23b548ae6e0349700ea651b7a373,hybrid_rrf_priority_topo_a03,qrels,label-derived pairwise preferences from qrels,20,75,0.197368,20,1,False,0,0,0,0,0.0,0.0,0,0,20,ndcg_at_k,0.0,0,-0.210526,0.314286,1.0,1.0,0.25,1.0,1.0,8e-05,0.000108,1.9e-05,0.000422,5.6e-05,0.000902,0.002789
scidocs,0c3ffd5f1b577e38604f361ee71feb312b5b0cab,score_sum,qrels,label-derived pairwise preferences from qrels,20,75,0.197368,20,1,False,0,0,0,0,0.0,0.0,0,0,20,ndcg_at_k,0.0,0,1.0,0.714286,1.0,1.0,0.25,1.0,1.0,8.2e-05,8.2e-05,1.9e-05,0.000469,2e-05,0.000935,0.00285
scidocs,0c3ffd5f1b577e38604f361ee71feb312b5b0cab,borda,qrels,label-derived pairwise preferences from qrels,20,75,0.197368,20,1,False,0,0,0,0,0.0,0.0,0,0,20,ndcg_at_k,0.0,0,1.0,0.714286,1.0,1.0,0.25,1.0,1.0,8.2e-05,8.2e-05,1.9e-05,0.000469,1.2e-05,0.000935,0.00285
scidocs,0c3ffd5f1b577e38604f361ee71feb312b5b0cab,pagerank,qrels,label-derived pairwise preferences from qrels,20,75,0.197368,20,1,False,0,0,0,0,0.0,0.0,0,0,20,ndcg_at_k,0.0,0,0.305263,0.485714,1.0,1.0,0.25,1.0,1.0,8.2e-05,8.2e-05,1.9e-05,0.000469,0.000944,0.000935,0.00285
scidocs,0c3ffd5f1b577e38604f361ee71feb312b5b0cab,greedy_fas_topological,qrels,label-derived pairwise preferences from qrels,20,75,0.197368,20,1,False,0,0,0,0,0.0,0.0,0,0,20,ndcg_at_k,0.0,0,0.305263,0.485714,1.0,1.0,0.25,1.0,1.0,8.2e-05,8.2e-05,1.9e-05,0.000469,4e-05,0.000935,0.00285
scidocs,0c3ffd5f1b577e38604f361ee71feb312b5b0cab,greedy_fas_weighted_balance,qrels,label-derived pairwise preferences from qrels,20,75,0.197368,20,1,False,0,0,0,0,0.0,0.0,0,0,20,ndcg_at_k,0.0,0,1.0,0.714286,1.0,1.0,0.25,1.0,1.0,8.2e-05,8.2e-05,1.9e-05,0.000469,2.5e-05,0.000935,0.00285
scidocs,0c3ffd5f1b577e38604f361ee71feb312b5b0cab,greedy_fas_copeland,qrels,label-derived pairwise preferences from qrels,20,75,0.197368,20,1,False,0,0,0,0,0.0,0.0,0,0,20,ndcg_at_k,0.0,0,1.0,0.714286,1.0,1.0,0.25,1.0,1.0,8.2e-05,8.2e-05,1.9e-05,0.000469,1.8e-05,0.000935,0.00285
scidocs,0c3ffd5f1b577e38604f361ee71feb312b5b0cab,greedy_fas_score_augmented_topological,qrels,label-derived pairwise preferences from qrels,20,75,0.197368,20,1,False,0,0,0,0,0.0,0.0,0,0,20,ndcg_at_k,0.0,0,-0.210526,0.238095,1.0,1.0,0.25,1.0,1.0,8.2e-05,8.2e-05,1.9e-05,0.000469,3.5e-05,0.000935,0.00285
scidocs,0c3ffd5f1b577e38604f361ee71feb312b5b0cab,fas_balance_score_prior_alpha_beta,qrels,label-derived pairwise preferences from qrels,20,75,0.197368,20,1,False,0,0,0,0,0.0,0.0,0,0,20,ndcg_at_k,0.0,0,1.0,0.714286,1.0,1.0,0.25,1.0,1.0,8.2e-05,8.2e-05,1.9e-05,0.000469,3.6e-05,0.000935,0.00285
scidocs,0c3ffd5f1b577e38604f361ee71feb312b5b0cab,hybrid_rrf_fas_regularized,qrels,label-derived pairwise preferences from qrels,20,75,0.197368,20,1,False,0,0,0,0,0.0,0.0,0,0,20,ndcg_at_k,0.0,0,1.0,0.714286,1.0,1.0,0.25,1.0,1.0,8.2e-05,8.2e-05,1.9e-05,0.000469,3.1e-05,0.000935,0.00285
scidocs,0c3ffd5f1b577e38604f361ee71feb312b5b0cab,hybrid_rrf_balance_a05,qrels,label-derived pairwise preferences from qrels,20,75,0.197368,20,1,False,0,0,0,0,0.0,0.0,0,0,20,ndcg_at_k,0.0,0,1.0,0.714286,1.0,1.0,0.25,1.0,1.0,8.2e-05,8.2e-05,1.9e-05,0.000469,2.6e-05,0.000935,0.00285
scidocs,0c3ffd5f1b577e38604f361ee71feb312b5b0cab,hybrid_rrf_copeland_a03,qrels,label-derived pairwise preferences from qrels,20,75,0.197368,20,1,False,0,0,0,0,0.0,0.0,0,0,20,ndcg_at_k,0.0,0,1.0,0.714286,1.0,1.0,0.25,1.0,1.0,8.2e-05,8.2e-05,1.9e-05,0.000469,2.1e-05,0.000935,0.00285
scidocs,0c3ffd5f1b577e38604f361ee71feb312b5b0cab,hybrid_rrf_priority_topo_a03,qrels,label-derived pairwise preferences from qrels,20,75,0.197368,20,1,False,0,0,0,0,0.0,0.0,0,0,20,ndcg_at_k,0.0,0,-0.210526,0.238095,1.0,1.0,0.25,1.0,1.0,8.2e-05,8.2e-05,1.9e-05,0.000469,5.5e-05,0.000935,0.00285
scidocs,ac24b99a5db633ce45f053287ca806157fff9663,score_sum,qrels,label-derived pairwise preferences from qrels,20,75,0.197368,20,1,False,0,0,0,0,0.0,0.0,0,0,20,ndcg_at_k,0.0,0,1.0,0.619048,1.0,1.0,0.25,1.0,1.0,8.2e-05,8.5e-05,1.9e-05,0.000417,2e-05,0.000901,0.002762
scidocs,ac24b99a5db633ce45f053287ca806157fff9663,borda,qrels,label-derived pairwise preferences from qrels,20,75,0.197368,20,1,False,0,0,0,0,0.0,0.0,0,0,20,ndcg_at_k,0.0,0,1.0,0.619048,1.0,1.0,0.25,1.0,1.0,8.2e-05,8.5e-05,1.9e-05,0.000417,1.2e-05,0.000901,0.002762
scidocs,ac24b99a5db633ce45f053287ca806157fff9663,pagerank,qrels,label-derived pairwise preferences from qrels,20,75,0.197368,20,1,False,0,0,0,0,0.0,0.0,0,0,20,ndcg_at_k,0.0,0,0.378947,0.485714,1.0,1.0,0.25,1.0,1.0,8.2e-05,8.5e-05,1.9e-05,0.000417,0.00095,0.000901,0.002762
scidocs,ac24b99a5db633ce45f053287ca806157fff9663,greedy_fas_topological,qrels,label-derived pairwise preferences from qrels,20,75,0.197368,20,1,False,0,0,0,0,0.0,0.0,0,0,20,ndcg_at_k,0.0,0,0.378947,0.485714,1.0,1.0,0.25,1.0,1.0,8.2e-05,8.5e-05,1.9e-05,0.000417,3.8e-05,0.000901,0.002762
scidocs,ac24b99a5db633ce45f053287ca806157fff9663,greedy_fas_weighted_balance,qrels,label-derived pairwise preferences from qrels,20,75,0.197368,20,1,False,0,0,0,0,0.0,0.0,0,0,20,ndcg_at_k,0.0,0,1.0,0.619048,1.0,1.0,0.25,1.0,1.0,8.2e-05,8.5e-05,1.9e-05,0.000417,2.3e-05,0.000901,0.002762
scidocs,ac24b99a5db633ce45f053287ca806157fff9663,greedy_fas_copeland,qrels,label-derived pairwise preferences from qrels,20,75,0.197368,20,1,False,0,0,0,0,0.0,0.0,0,0,20,ndcg_at_k,0.0,0,1.0,0.619048,1.0,1.0,0.25,1.0,1.0,8.2e-05,8.5e-05,1.9e-05,0.000417,1.8e-05,0.000901,0.002762
scidocs,ac24b99a5db633ce45f053287ca806157fff9663,greedy_fas_score_augmented_topological,qrels,label-derived pairwise preferences from qrels,20,75,0.197368,20,1,False,0,0,0,0,0.0,0.0,0,0,20,ndcg_at_k,0.0,0,-0.210526,0.333333,1.0,1.0,0.25,1.0,1.0,8.2e-05,8.5e-05,1.9e-05,0.000417,3.4e-05,0.000901,0.002762
scidocs,ac24b99a5db633ce45f053287ca806157fff9663,fas_balance_score_prior_alpha_beta,qrels,label-derived pairwise preferences from qrels,20,75,0.197368,20,1,False,0,0,0,0,0.0,0.0,0,0,20,ndcg_at_k,0.0,0,1.0,0.619048,1.0,1.0,0.25,1.0,1.0,8.2e-05,8.5e-05,1.9e-05,0.000417,3.6e-05,0.000901,0.002762
scidocs,ac24b99a5db633ce45f053287ca806157fff9663,hybrid_rrf_fas_regularized,qrels,label-derived pairwise preferences from qrels,20,75,0.197368,20,1,False,0,0,0,0,0.0,0.0,0,0,20,ndcg_at_k,0.0,0,1.0,0.619048,1.0,1.0,0.25,1.0,1.0,8.2e-05,8.5e-05,1.9e-05,0.000417,2.9e-05,0.000901,0.002762
scidocs,ac24b99a5db633ce45f053287ca806157fff9663,hybrid_rrf_balance_a05,qrels,label-derived pairwise preferences from qrels,20,75,0.197368,20,1,False,0,0,0,0,0.0,0.0,0,0,20,ndcg_at_k,0.0,0,1.0,0.619048,1.0,1.0,0.25,1.0,1.0,8.2e-05,8.5e-05,1.9e-05,0.000417,2.5e-05,0.000901,0.002762
scidocs,ac24b99a5db633ce45f053287ca806157fff9663,hybrid_rrf_copeland_a03,qrels,label-derived pairwise preferences from qrels,20,75,0.197368,20,1,False,0,0,0,0,0.0,0.0,0,0,20,ndcg_at_k,0.0,0,1.0,0.619048,1.0,1.0,0.25,1.0,1.0,8.2e-05,8.5e-05,1.9e-05,0.000417,2e-05,0.000901,0.002762
scidocs,ac24b99a5db633ce45f053287ca806157fff9663,hybrid_rrf_priority_topo_a03,qrels,label-derived pairwise preferences from qrels,20,75,0.197368,20,1,False,0,0,0,0,0.0,0.0,0,0,20,ndcg_at_k,0.0,0,-0.210526,0.333333,1.0,1.0,0.25,1.0,1.0,8.2e-05,8.5e-05,1.9e-05,0.000417,5.3e-05,0.000901,0.002762
scidocs,4a343313042b654c7d85313de3d88486a1d0e9de,score_sum,qrels,label-derived pairwise preferences from qrels,20,64,0.168421,20,1,False,0,0,0,0,0.0,0.0,0,0,20,ndcg_at_k,0.0,0,1.0,0.333333,1.0,1.0,0.2,1.0,1.0,7.3e-05,6.9e-05,2e-05,0.000378,1.8e-05,0.000941,0.002774
scidocs,4a343313042b654c7d85313de3d88486a1d0e9de,borda,qrels,label-derived pairwise preferences from qrels,20,64,0.168421,20,1,False,0,0,0,0,0.0,0.0,0,0,20,ndcg_at_k,0.0,0,1.0,0.333333,1.0,1.0,0.2,1.0,1.0,7.3e-05,6.9e-05,2e-05,0.000378,1.2e-05,0.000941,0.002774
scidocs,4a343313042b654c7d85313de3d88486a1d0e9de,pagerank,qrels,label-derived pairwise preferences from qrels,20,64,0.168421,20,1,False,0,0,0,0,0.0,0.0,0,0,20,ndcg_at_k,0.0,0,0.378947,0.504762,1.0,1.0,0.2,1.0,1.0,7.3e-05,6.9e-05,2e-05,0.000378,0.000971,0.000941,0.002774
scidocs,4a343313042b654c7d85313de3d88486a1d0e9de,greedy_fas_topological,qrels,label-derived pairwise preferences from qrels,20,64,0.168421,20,1,False,0,0,0,0,0.0,0.0,0,0,20,ndcg_at_k,0.0,0,0.378947,0.504762,1.0,1.0,0.2,1.0,1.0,7.3e-05,6.9e-05,2e-05,0.000378,3.9e-05,0.000941,0.002774
scidocs,4a343313042b654c7d85313de3d88486a1d0e9de,greedy_fas_weighted_balance,qrels,label-derived pairwise preferences from qrels,20,64,0.168421,20,1,False,0,0,0,0,0.0,0.0,0,0,20,ndcg_at_k,0.0,0,1.0,0.333333,1.0,1.0,0.2,1.0,1.0,7.3e-05,6.9e-05,2e-05,0.000378,2.3e-05,0.000941,0.002774
scidocs,4a343313042b654c7d85313de3d88486a1d0e9de,greedy_fas_copeland,qrels,label-derived pairwise preferences from qrels,20,64,0.168421,20,1,False,0,0,0,0,0.0,0.0,0,0,20,ndcg_at_k,0.0,0,1.0,0.333333,1.0,1.0,0.2,1.0,1.0,7.3e-05,6.9e-05,2e-05,0.000378,1.8e-05,0.000941,0.002774
scidocs,4a343313042b654c7d85313de3d88486a1d0e9de,greedy_fas_score_augmented_topological,qrels,label-derived pairwise preferences from qrels,20,64,0.168421,20,1,False,0,0,0,0,0.0,0.0,0,0,20,ndcg_at_k,0.0,0,-0.326316,0.504762,1.0,1.0,0.2,1.0,1.0,7.3e-05,6.9e-05,2e-05,0.000378,4.3e-05,0.000941,0.002774
scidocs,4a343313042b654c7d85313de3d88486a1d0e9de,fas_balance_score_prior_alpha_beta,qrels,label-derived pairwise preferences from qrels,20,64,0.168421,20,1,False,0,0,0,0,0.0,0.0,0,0,20,ndcg_at_k,0.0,0,1.0,0.333333,1.0,1.0,0.2,1.0,1.0,7.3e-05,6.9e-05,2e-05,0.000378,3.5e-05,0.000941,0.002774
scidocs,4a343313042b654c7d85313de3d88486a1d0e9de,hybrid_rrf_fas_regularized,qrels,label-derived pairwise preferences from qrels,20,64,0.168421,20,1,False,0,0,0,0,0.0,0.0,0,0,20,ndcg_at_k,0.0,0,1.0,0.333333,1.0,1.0,0.2,1.0,1.0,7.3e-05,6.9e-05,2e-05,0.000378,3.1e-05,0.000941,0.002774
scidocs,4a343313042b654c7d85313de3d88486a1d0e9de,hybrid_rrf_balance_a05,qrels,label-derived pairwise preferences from qrels,20,64,0.168421,20,1,False,0,0,0,0,0.0,0.0,0,0,20,ndcg_at_k,0.0,0,1.0,0.333333,1.0,1.0,0.2,1.0,1.0,7.3e-05,6.9e-05,2e-05,0.000378,2.5e-05,0.000941,0.002774
scidocs,4a343313042b654c7d85313de3d88486a1d0e9de,hybrid_rrf_copeland_a03,qrels,label-derived pairwise preferences from qrels,20,64,0.168421,20,1,False,0,0,0,0,0.0,0.0,0,0,20,ndcg_at_k,0.0,0,1.0,0.333333,1.0,1.0,0.2,1.0,1.0,7.3e-05,6.9e-05,2e-05,0.000378,2.3e-05,0.000941,0.002774
scidocs,4a343313042b654c7d85313de3d88486a1d0e9de,hybrid_rrf_priority_topo_a03,qrels,label-derived pairwise preferences from qrels,20,64,0.168421,20,1,False,0,0,0,0,0.0,0.0,0,0,20,ndcg_at_k,0.0,0,-0.326316,0.504762,1.0,1.0,0.2,1.0,1.0,7.3e-05,6.9e-05,2e-05,0.000378,5.5e-05,0.000941,0.002774
scidocs,661a03482f0532b7355188059b2263091ade1bae,score_sum,qrels,label-derived pairwise preferences from qrels,20,75,0.197368,20,1,False,0,0,0,0,0.0,0.0,0,0,20,ndcg_at_k,0.0,0,1.0,0.504762,1.0,1.0,0.25,1.0,1.0,8.1e-05,0.000117,1.8e-05,0.000416,2e-05,0.000906,0.00279
scidocs,661a03482f0532b7355188059b2263091ade1bae,borda,qrels,label-derived pairwise preferences from qrels,20,75,0.197368,20,1,False,0,0,0,0,0.0,0.0,0,0,20,ndcg_at_k,0.0,0,1.0,0.504762,1.0,1.0,0.25,1.0,1.0,8.1e-05,0.000117,1.8e-05,0.000416,1.1e-05,0.000906,0.00279
scidocs,661a03482f0532b7355188059b2263091ade1bae,pagerank,qrels,label-derived pairwise preferences from qrels,20,75,0.197368,20,1,False,0,0,0,0,0.0,0.0,0,0,20,ndcg_at_k,0.0,0,0.442105,0.485714,1.0,1.0,0.25,1.0,1.0,8.1e-05,0.000117,1.8e-05,0.000416,0.000935,0.000906,0.00279
scidocs,661a03482f0532b7355188059b2263091ade1bae,greedy_fas_topological,qrels,label-derived pairwise preferences from qrels,20,75,0.197368,20,1,False,0,0,0,0,0.0,0.0,0,0,20,ndcg_at_k,0.0,0,0.442105,0.485714,1.0,1.0,0.25,1.0,1.0,8.1e-05,0.000117,1.8e-05,0.000416,4.2e-05,0.000906,0.00279
scidocs,661a03482f0532b7355188059b2263091ade1bae,greedy_fas_weighted_balance,qrels,label-derived pairwise preferences from qrels,20,75,0.197368,20,1,False,0,0,0,0,0.0,0.0,0,0,20,ndcg_at_k,0.0,0,1.0,0.504762,1.0,1.0,0.25,1.0,1.0,8.1e-05,0.000117,1.8e-05,0.000416,2.5e-05,0.000906,0.00279
scidocs,661a03482f0532b7355188059b2263091ade1bae,greedy_fas_copeland,qrels,label-derived pairwise preferences from qrels,20,75,0.197368,20,1,False,0,0,0,0,0.0,0.0,0,0,20,ndcg_at_k,0.0,0,1.0,0.504762,1.0,1.0,0.25,1.0,1.0,8.1e-05,0.000117,1.8e-05,0.000416,1.7e-05,0.000906,0.00279
scidocs,661a03482f0532b7355188059b2263091ade1bae,greedy_fas_score_augmented_topological,qrels,label-derived pairwise preferences from qrels,20,75,0.197368,20,1,False,0,0,0,0,0.0,0.0,0,0,20,ndcg_at_k,0.0,0,-0.210526,0.447619,1.0,1.0,0.25,1.0,1.0,8.1e-05,0.000117,1.8e-05,0.000416,3.4e-05,0.000906,0.00279
scidocs,661a03482f0532b7355188059b2263091ade1bae,fas_balance_score_prior_alpha_beta,qrels,label-derived pairwise preferences from qrels,20,75,0.197368,20,1,False,0,0,0,0,0.0,0.0,0,0,20,ndcg_at_k,0.0,0,1.0,0.504762,1.0,1.0,0.25,1.0,1.0,8.1e-05,0.000117,1.8e-05,0.000416,3.6e-05,0.000906,0.00279
scidocs,661a03482f0532b7355188059b2263091ade1bae,hybrid_rrf_fas_regularized,qrels,label-derived pairwise preferences from qrels,20,75,0.197368,20,1,False,0,0,0,0,0.0,0.0,0,0,20,ndcg_at_k,0.0,0,1.0,0.504762,1.0,1.0,0.25,1.0,1.0,8.1e-05,0.000117,1.8e-05,0.000416,3.1e-05,0.000906,0.00279
scidocs,661a03482f0532b7355188059b2263091ade1bae,hybrid_rrf_balance_a05,qrels,label-derived pairwise preferences from qrels,20,75,0.197368,20,1,False,0,0,0,0,0.0,0.0,0,0,20,ndcg_at_k,0.0,0,1.0,0.504762,1.0,1.0,0.25,1.0,1.0,8.1e-05,0.000117,1.8e-05,0.000416,2.6e-05,0.000906,0.00279
scidocs,661a03482f0532b7355188059b2263091ade1bae,hybrid_rrf_copeland_a03,qrels,label-derived pairwise preferences from qrels,20,75,0.197368,20,1,False,0,0,0,0,0.0,0.0,0,0,20,ndcg_at_k,0.0,0,1.0,0.504762,1.0,1.0,0.25,1.0,1.0,8.1e-05,0.000117,1.8e-05,0.000416,2.2e-05,0.000906,0.00279
scidocs,661a03482f0532b7355188059b2263091ade1bae,hybrid_rrf_priority_topo_a03,qrels,label-derived pairwise preferences from qrels,20,75,0.197368,20,1,False,0,0,0,0,0.0,0.0,0,0,20,ndcg_at_k,0.0,0,-0.210526,0.447619,1.0,1.0,0.25,1.0,1.0,8.1e-05,0.000117,1.8e-05,0.000416,5.3e-05,0.000906,0.00279
scidocs,c05ae45c262b270df1e99a32efa35036aae8d950,score_sum,qrels,label-derived pairwise preferences from qrels,20,75,0.197368,20,1,False,0,0,0,0,0.0,0.0,0,0,20,ndcg_at_k,0.0,0,1.0,0.371429,1.0,1.0,0.25,1.0,1.0,8.3e-05,9.2e-05,1.8e-05,0.00047,2e-05,0.000897,0.002789
scidocs,c05ae45c262b270df1e99a32efa35036aae8d950,borda,qrels,label-derived pairwise preferences from qrels,20,75,0.197368,20,1,False,0,0,0,0,0.0,0.0,0,0,20,ndcg_at_k,0.0,0,1.0,0.371429,1.0,1.0,0.25,1.0,1.0,8.3e-05,9.2e-05,1.8e-05,0.00047,1.2e-05,0.000897,0.002789
scidocs,c05ae45c262b270df1e99a32efa35036aae8d950,pagerank,qrels,label-derived pairwise preferences from qrels,20,75,0.197368,20,1,False,0,0,0,0,0.0,0.0,0,0,20,ndcg_at_k,0.0,0,0.315789,0.485714,1.0,1.0,0.25,1.0,1.0,8.3e-05,9.2e-05,1.8e-05,0.00047,0.000919,0.000897,0.002789
scidocs,c05ae45c262b270df1e99a32efa35036aae8d950,greedy_fas_topological,qrels,label-derived pairwise preferences from qrels,20,75,0.197368,20,1,False,0,0,0,0,0.0,0.0,0,0,20,ndcg_at_k,0.0,0,0.315789,0.485714,1.0,1.0,0.25,1.0,1.0,8.3e-05,9.2e-05,1.8e-05,0.00047,3.9e-05,0.000897,0.002789
scidocs,c05ae45c262b270df1e99a32efa35036aae8d950,greedy_fas_weighted_balance,qrels,label-derived pairwise preferences from qrels,20,75,0.197368,20,1,False,0,0,0,0,0.0,0.0,0,0,20,ndcg_at_k,0.0,0,1.0,0.371429,1.0,1.0,0.25,1.0,1.0,8.3e-05,9.2e-05,1.8e-05,0.00047,2.5e-05,0.000897,0.002789
scidocs,c05ae45c262b270df1e99a32efa35036aae8d950,greedy_fas_copeland,qrels,label-derived pairwise preferences from qrels,20,75,0.197368,20,1,False,0,0,0,0,0.0,0.0,0,0,20,ndcg_at_k,0.0,0,1.0,0.371429,1.0,1.0,0.25,1.0,1.0,8.3e-05,9.2e-05,1.8e-05,0.00047,1.8e-05,0.000897,0.002789
scidocs,c05ae45c262b270df1e99a32efa35036aae8d950,greedy_fas_score_augmented_topological,qrels,label-derived pairwise preferences from qrels,20,75,0.197368,20,1,False,0,0,0,0,0.0,0.0,0,0,20,ndcg_at_k,0.0,0,-0.210526,0.580952,1.0,1.0,0.25,1.0,1.0,8.3e-05,9.2e-05,1.8e-05,0.00047,3.4e-05,0.000897,0.002789
scidocs,c05ae45c262b270df1e99a32efa35036aae8d950,fas_balance_score_prior_alpha_beta,qrels,label-derived pairwise preferences from qrels,20,75,0.197368,20,1,False,0,0,0,0,0.0,0.0,0,0,20,ndcg_at_k,0.0,0,1.0,0.371429,1.0,1.0,0.25,1.0,1.0,8.3e-05,9.2e-05,1.8e-05,0.00047,3.5e-05,0.000897,0.002789
scidocs,c05ae45c262b270df1e99a32efa35036aae8d950,hybrid_rrf_fas_regularized,qrels,label-derived pairwise preferences from qrels,20,75,0.197368,20,1,False,0,0,0,0,0.0,0.0,0,0,20,ndcg_at_k,0.0,0,1.0,0.371429,1.0,1.0,0.25,1.0,1.0,8.3e-05,9.2e-05,1.8e-05,0.00047,2.9e-05,0.000897,0.002789
scidocs,c05ae45c262b270df1e99a32efa35036aae8d950,hybrid_rrf_balance_a05,qrels,label-derived pairwise preferences from qrels,20,75,0.197368,20,1,False,0,0,0,0,0.0,0.0,0,0,20,ndcg_at_k,0.0,0,1.0,0.371429,1.0,1.0,0.25,1.0,1.0,8.3e-05,9.2e-05,1.8e-05,0.00047,2.6e-05,0.000897,0.002789
scidocs,c05ae45c262b270df1e99a32efa35036aae8d950,hybrid_rrf_copeland_a03,qrels,label-derived pairwise preferences from qrels,20,75,0.197368,20,1,False,0,0,0,0,0.0,0.0,0,0,20,ndcg_at_k,0.0,0,1.0,0.371429,1.0,1.0,0.25,1.0,1.0,8.3e-05,9.2e-05,1.8e-05,0.00047,2e-05,0.000897,0.002789
scidocs,c05ae45c262b270df1e99a32efa35036aae8d950,hybrid_rrf_priority_topo_a03,qrels,label-derived pairwise preferences from qrels,20,75,0.197368,20,1,False,0,0,0,0,0.0,0.0,0,0,20,ndcg_at_k,0.0,0,-0.210526,0.580952,1.0,1.0,0.25,1.0,1.0,8.3e-05,9.2e-05,1.8e-05,0.00047,5.2e-05,0.000897,0.002789
scidocs,4d4dc6568e24f283f3c5bcb88f280908a35da0e3,score_sum,qrels,label-derived pairwise preferences from qrels,20,75,0.197368,20,1,False,0,0,0,0,0.0,0.0,0,0,20,ndcg_at_k,0.0,0,1.0,0.352381,1.0,1.0,0.25,1.0,1.0,9.9e-05,7.9e-05,1.9e-05,0.000414,1.9e-05,0.000931,0.002833
scidocs,4d4dc6568e24f283f3c5bcb88f280908a35da0e3,borda,qrels,label-derived pairwise preferences from qrels,20,75,0.197368,20,1,False,0,0,0,0,0.0,0.0,0,0,20,ndcg_at_k,0.0,0,1.0,0.352381,1.0,1.0,0.25,1.0,1.0,9.9e-05,7.9e-05,1.9e-05,0.000414,1.2e-05,0.000931,0.002833
scidocs,4d4dc6568e24f283f3c5bcb88f280908a35da0e3,pagerank,qrels,label-derived pairwise preferences from qrels,20,75,0.197368,20,1,False,0,0,0,0,0.0,0.0,0,0,20,ndcg_at_k,0.0,0,0.305263,0.485714,1.0,1.0,0.25,1.0,1.0,9.9e-05,7.9e-05,1.9e-05,0.000414,0.00098,0.000931,0.002833
scidocs,4d4dc6568e24f283f3c5bcb88f280908a35da0e3,greedy_fas_topological,qrels,label-derived pairwise preferences from qrels,20,75,0.197368,20,1,False,0,0,0,0,0.0,0.0,0,0,20,ndcg_at_k,0.0,0,0.305263,0.485714,1.0,1.0,0.25,1.0,1.0,9.9e-05,7.9e-05,1.9e-05,0.000414,4e-05,0.000931,0.002833
scidocs,4d4dc6568e24f283f3c5bcb88f280908a35da0e3,greedy_fas_weighted_balance,qrels,label-derived pairwise preferences from qrels,20,75,0.197368,20,1,False,0,0,0,0,0.0,0.0,0,0,20,ndcg_at_k,0.0,0,1.0,0.352381,1.0,1.0,0.25,1.0,1.0,9.9e-05,7.9e-05,1.9e-05,0.000414,2.6e-05,0.000931,0.002833
scidocs,4d4dc6568e24f283f3c5bcb88f280908a35da0e3,greedy_fas_copeland,qrels,label-derived pairwise preferences from qrels,20,75,0.197368,20,1,False,0,0,0,0,0.0,0.0,0,0,20,ndcg_at_k,0.0,0,1.0,0.352381,1.0,1.0,0.25,1.0,1.0,9.9e-05,7.9e-05,1.9e-05,0.000414,1.7e-05,0.000931,0.002833
scidocs,4d4dc6568e24f283f3c5bcb88f280908a35da0e3,greedy_fas_score_augmented_topological,qrels,label-derived pairwise preferences from qrels,20,75,0.197368,20,1,False,0,0,0,0,0.0,0.0,0,0,20,ndcg_at_k,0.0,0,-0.210526,0.6,1.0,1.0,0.25,1.0,1.0,9.9e-05,7.9e-05,1.9e-05,0.000414,3.4e-05,0.000931,0.002833
scidocs,4d4dc6568e24f283f3c5bcb88f280908a35da0e3,fas_balance_score_prior_alpha_beta,qrels,label-derived pairwise preferences from qrels,20,75,0.197368,20,1,False,0,0,0,0,0.0,0.0,0,0,20,ndcg_at_k,0.0,0,1.0,0.352381,1.0,1.0,0.25,1.0,1.0,9.9e-05,7.9e-05,1.9e-05,0.000414,3.5e-05,0.000931,0.002833
scidocs,4d4dc6568e24f283f3c5bcb88f280908a35da0e3,hybrid_rrf_fas_regularized,qrels,label-derived pairwise preferences from qrels,20,75,0.197368,20,1,False,0,0,0,0,0.0,0.0,0,0,20,ndcg_at_k,0.0,0,1.0,0.352381,1.0,1.0,0.25,1.0,1.0,9.9e-05,7.9e-05,1.9e-05,0.000414,2.9e-05,0.000931,0.002833
scidocs,4d4dc6568e24f283f3c5bcb88f280908a35da0e3,hybrid_rrf_balance_a05,qrels,label-derived pairwise preferences from qrels,20,75,0.197368,20,1,False,0,0,0,0,0.0,0.0,0,0,20,ndcg_at_k,0.0,0,1.0,0.352381,1.0,1.0,0.25,1.0,1.0,9.9e-05,7.9e-05,1.9e-05,0.000414,2.5e-05,0.000931,0.002833
scidocs,4d4dc6568e24f283f3c5bcb88f280908a35da0e3,hybrid_rrf_copeland_a03,qrels,label-derived pairwise preferences from qrels,20,75,0.197368,20,1,False,0,0,0,0,0.0,0.0,0,0,20,ndcg_at_k,0.0,0,1.0,0.352381,1.0,1.0,0.25,1.0,1.0,9.9e-05,7.9e-05,1.9e-05,0.000414,2.1e-05,0.000931,0.002833
scidocs,4d4dc6568e24f283f3c5bcb88f280908a35da0e3,hybrid_rrf_priority_topo_a03,qrels,label-derived pairwise preferences from qrels,20,75,0.197368,20,1,False,0,0,0,0,0.0,0.0,0,0,20,ndcg_at_k,0.0,0,-0.210526,0.6,1.0,1.0,0.25,1.0,1.0,9.9e-05,7.9e-05,1.9e-05,0.000414,5.3e-05,0.000931,0.002833
scidocs,6affd37b83d4fca0d0e54e5d75433a74cb142671,score_sum,qrels,label-derived pairwise preferences from qrels,20,75,0.197368,20,1,False,0,0,0,0,0.0,0.0,0,0,20,ndcg_at_k,0.0,0,1.0,0.580952,1.0,1.0,0.25,1.0,1.0,8.3e-05,7.4e-05,1.8e-05,0.000415,1.9e-05,0.00089,0.002731
scidocs,6affd37b83d4fca0d0e54e5d75433a74cb142671,borda,qrels,label-derived pairwise preferences from qrels,20,75,0.197368,20,1,False,0,0,0,0,0.0,0.0,0,0,20,ndcg_at_k,0.0,0,1.0,0.580952,1.0,1.0,0.25,1.0,1.0,8.3e-05,7.4e-05,1.8e-05,0.000415,1.1e-05,0.00089,0.002731
scidocs,6affd37b83d4fca0d0e54e5d75433a74cb142671,pagerank,qrels,label-derived pairwise preferences from qrels,20,75,0.197368,20,1,False,0,0,0,0,0.0,0.0,0,0,20,ndcg_at_k,0.0,0,0.526316,0.485714,1.0,1.0,0.25,1.0,1.0,8.3e-05,7.4e-05,1.8e-05,0.000415,0.000937,0.00089,0.002731
scidocs,6affd37b83d4fca0d0e54e5d75433a74cb142671,greedy_fas_topological,qrels,label-derived pairwise preferences from qrels,20,75,0.197368,20,1,False,0,0,0,0,0.0,0.0,0,0,20,ndcg_at_k,0.0,0,0.526316,0.485714,1.0,1.0,0.25,1.0,1.0,8.3e-05,7.4e-05,1.8e-05,0.000415,3.7e-05,0.00089,0.002731
scidocs,6affd37b83d4fca0d0e54e5d75433a74cb142671,greedy_fas_weighted_balance,qrels,label-derived pairwise preferences from qrels,20,75,0.197368,20,1,False,0,0,0,0,0.0,0.0,0,0,20,ndcg_at_k,0.0,0,1.0,0.580952,1.0,1.0,0.25,1.0,1.0,8.3e-05,7.4e-05,1.8e-05,0.000415,2.7e-05,0.00089,0.002731
scidocs,6affd37b83d4fca0d0e54e5d75433a74cb142671,greedy_fas_copeland,qrels,label-derived pairwise preferences from qrels,20,75,0.197368,20,1,False,0,0,0,0,0.0,0.0,0,0,20,ndcg_at_k,0.0,0,1.0,0.580952,1.0,1.0,0.25,1.0,1.0,8.3e-05,7.4e-05,1.8e-05,0.000415,1.7e-05,0.00089,0.002731
scidocs,6affd37b83d4fca0d0e54e5d75433a74cb142671,greedy_fas_score_augmented_topological,qrels,label-derived pairwise preferences from qrels,20,75,0.197368,20,1,False,0,0,0,0,0.0,0.0,0,0,20,ndcg_at_k,0.0,0,-0.210526,0.371429,1.0,1.0,0.25,1.0,1.0,8.3e-05,7.4e-05,1.8e-05,0.000415,3.4e-05,0.00089,0.002731
scidocs,6affd37b83d4fca0d0e54e5d75433a74cb142671,fas_balance_score_prior_alpha_beta,qrels,label-derived pairwise preferences from qrels,20,75,0.197368,20,1,False,0,0,0,0,0.0,0.0,0,0,20,ndcg_at_k,0.0,0,1.0,0.580952,1.0,1.0,0.25,1.0,1.0,8.3e-05,7.4e-05,1.8e-05,0.000415,3.5e-05,0.00089,0.002731
scidocs,6affd37b83d4fca0d0e54e5d75433a74cb142671,hybrid_rrf_fas_regularized,qrels,label-derived pairwise preferences from qrels,20,75,0.197368,20,1,False,0,0,0,0,0.0,0.0,0,0,20,ndcg_at_k,0.0,0,1.0,0.580952,1.0,1.0,0.25,1.0,1.0,8.3e-05,7.4e-05,1.8e-05,0.000415,3.4e-05,0.00089,0.002731
scidocs,6affd37b83d4fca0d0e54e5d75433a74cb142671,hybrid_rrf_balance_a05,qrels,label-derived pairwise preferences from qrels,20,75,0.197368,20,1,False,0,0,0,0,0.0,0.0,0,0,20,ndcg_at_k,0.0,0,1.0,0.580952,1.0,1.0,0.25,1.0,1.0,8.3e-05,7.4e-05,1.8e-05,0.000415,2.5e-05,0.00089,0.002731
scidocs,6affd37b83d4fca0d0e54e5d75433a74cb142671,hybrid_rrf_copeland_a03,qrels,label-derived pairwise preferences from qrels,20,75,0.197368,20,1,False,0,0,0,0,0.0,0.0,0,0,20,ndcg_at_k,0.0,0,1.0,0.580952,1.0,1.0,0.25,1.0,1.0,8.3e-05,7.4e-05,1.8e-05,0.000415,2.3e-05,0.00089,0.002731
scidocs,6affd37b83d4fca0d0e54e5d75433a74cb142671,hybrid_rrf_priority_topo_a03,qrels,label-derived pairwise preferences from qrels,20,75,0.197368,20,1,False,0,0,0,0,0.0,0.0,0,0,20,ndcg_at_k,0.0,0,-0.210526,0.371429,1.0,1.0,0.25,1.0,1.0,8.3e-05,7.4e-05,1.8e-05,0.000415,5.2e-05,0.00089,0.002731
scidocs,8d37da5a9f05ee71d06cc6afcc1b14f8ff83147f,score_sum,qrels,label-derived pairwise preferences from qrels,20,75,0.197368,20,1,False,0,0,0,0,0.0,0.0,0,0,20,ndcg_at_k,0.0,0,1.0,0.580952,1.0,1.0,0.25,1.0,1.0,8.9e-05,0.000355,1.9e-05,0.000425,1.9e-05,0.000929,0.003097
scidocs,8d37da5a9f05ee71d06cc6afcc1b14f8ff83147f,borda,qrels,label-derived pairwise preferences from qrels,20,75,0.197368,20,1,False,0,0,0,0,0.0,0.0,0,0,20,ndcg_at_k,0.0,0,1.0,0.580952,1.0,1.0,0.25,1.0,1.0,8.9e-05,0.000355,1.9e-05,0.000425,1.2e-05,0.000929,0.003097
scidocs,8d37da5a9f05ee71d06cc6afcc1b14f8ff83147f,pagerank,qrels,label-derived pairwise preferences from qrels,20,75,0.197368,20,1,False,0,0,0,0,0.0,0.0,0,0,20,ndcg_at_k,0.0,0,0.378947,0.485714,1.0,1.0,0.25,1.0,1.0,8.9e-05,0.000355,1.9e-05,0.000425,0.000961,0.000929,0.003097
scidocs,8d37da5a9f05ee71d06cc6afcc1b14f8ff83147f,greedy_fas_topological,qrels,label-derived pairwise preferences from qrels,20,75,0.197368,20,1,False,0,0,0,0,0.0,0.0,0,0,20,ndcg_at_k,0.0,0,0.378947,0.485714,1.0,1.0,0.25,1.0,1.0,8.9e-05,0.000355,1.9e-05,0.000425,3.9e-05,0.000929,0.003097
scidocs,8d37da5a9f05ee71d06cc6afcc1b14f8ff83147f,greedy_fas_weighted_balance,qrels,label-derived pairwise preferences from qrels,20,75,0.197368,20,1,False,0,0,0,0,0.0,0.0,0,0,20,ndcg_at_k,0.0,0,1.0,0.580952,1.0,1.0,0.25,1.0,1.0,8.9e-05,0.000355,1.9e-05,0.000425,2.6e-05,0.000929,0.003097
scidocs,8d37da5a9f05ee71d06cc6afcc1b14f8ff83147f,greedy_fas_copeland,qrels,label-derived pairwise preferences from qrels,20,75,0.197368,20,1,False,0,0,0,0,0.0,0.0,0,0,20,ndcg_at_k,0.0,0,1.0,0.580952,1.0,1.0,0.25,1.0,1.0,8.9e-05,0.000355,1.9e-05,0.000425,1.9e-05,0.000929,0.003097
scidocs,8d37da5a9f05ee71d06cc6afcc1b14f8ff83147f,greedy_fas_score_augmented_topological,qrels,label-derived pairwise preferences from qrels,20,75,0.197368,20,1,False,0,0,0,0,0.0,0.0,0,0,20,ndcg_at_k,0.0,0,-0.210526,0.371429,1.0,1.0,0.25,1.0,1.0,8.9e-05,0.000355,1.9e-05,0.000425,3.5e-05,0.000929,0.003097
scidocs,8d37da5a9f05ee71d06cc6afcc1b14f8ff83147f,fas_balance_score_prior_alpha_beta,qrels,label-derived pairwise preferences from qrels,20,75,0.197368,20,1,False,0,0,0,0,0.0,0.0,0,0,20,ndcg_at_k,0.0,0,1.0,0.580952,1.0,1.0,0.25,1.0,1.0,8.9e-05,0.000355,1.9e-05,0.000425,3.7e-05,0.000929,0.003097
scidocs,8d37da5a9f05ee71d06cc6afcc1b14f8ff83147f,hybrid_rrf_fas_regularized,qrels,label-derived pairwise preferences from qrels,20,75,0.197368,20,1,False,0,0,0,0,0.0,0.0,0,0,20,ndcg_at_k,0.0,0,1.0,0.580952,1.0,1.0,0.25,1.0,1.0,8.9e-05,0.000355,1.9e-05,0.000425,3.1e-05,0.000929,0.003097
scidocs,8d37da5a9f05ee71d06cc6afcc1b14f8ff83147f,hybrid_rrf_balance_a05,qrels,label-derived pairwise preferences from qrels,20,75,0.197368,20,1,False,0,0,0,0,0.0,0.0,0,0,20,ndcg_at_k,0.0,0,1.0,0.580952,1.0,1.0,0.25,1.0,1.0,8.9e-05,0.000355,1.9e-05,0.000425,2.5e-05,0.000929,0.003097
scidocs,8d37da5a9f05ee71d06cc6afcc1b14f8ff83147f,hybrid_rrf_copeland_a03,qrels,label-derived pairwise preferences from qrels,20,75,0.197368,20,1,False,0,0,0,0,0.0,0.0,0,0,20,ndcg_at_k,0.0,0,1.0,0.580952,1.0,1.0,0.25,1.0,1.0,8.9e-05,0.000355,1.9e-05,0.000425,2.1e-05,0.000929,0.003097
scidocs,8d37da5a9f05ee71d06cc6afcc1b14f8ff83147f,hybrid_rrf_priority_topo_a03,qrels,label-derived pairwise preferences from qrels,20,75,0.197368,20,1,False,0,0,0,0,0.0,0.0,0,0,20,ndcg_at_k,0.0,0,-0.210526,0.371429,1.0,1.0,0.25,1.0,1.0,8.9e-05,0.000355,1.9e-05,0.000425,5.5e-05,0.000929,0.003097
scidocs,6cdbbced12bff53bcbdde3cdb6d20b4bd02a9d6c,score_sum,qrels,label-derived pairwise preferences from qrels,20,75,0.197368,20,1,False,0,0,0,0,0.0,0.0,0,0,20,ndcg_at_k,0.0,0,1.0,0.390476,1.0,1.0,0.25,1.0,1.0,8.7e-05,7.9e-05,1.9e-05,0.000463,1.9e-05,0.000933,0.002836
scidocs,6cdbbced12bff53bcbdde3cdb6d20b4bd02a9d6c,borda,qrels,label-derived pairwise preferences from qrels,20,75,0.197368,20,1,False,0,0,0,0,0.0,0.0,0,0,20,ndcg_at_k,0.0,0,1.0,0.390476,1.0,1.0,0.25,1.0,1.0,8.7e-05,7.9e-05,1.9e-05,0.000463,1.2e-05,0.000933,0.002836
scidocs,6cdbbced12bff53bcbdde3cdb6d20b4bd02a9d6c,pagerank,qrels,label-derived pairwise preferences from qrels,20,75,0.197368,20,1,False,0,0,0,0,0.0,0.0,0,0,20,ndcg_at_k,0.0,0,0.273684,0.485714,1.0,1.0,0.25,1.0,1.0,8.7e-05,7.9e-05,1.9e-05,0.000463,0.00094,0.000933,0.002836
scidocs,6cdbbced12bff53bcbdde3cdb6d20b4bd02a9d6c,greedy_fas_topological,qrels,label-derived pairwise preferences from qrels,20,75,0.197368,20,1,False,0,0,0,0,0.0,0.0,0,0,20,ndcg_at_k,0.0,0,0.273684,0.485714,1.0,1.0,0.25,1.0,1.0,8.7e-05,7.9e-05,1.9e-05,0.000463,3.9e-05,0.000933,0.002836
scidocs,6cdbbced12bff53bcbdde3cdb6d20b4bd02a9d6c,greedy_fas_weighted_balance,qrels,label-derived pairwise preferences from qrels,20,75,0.197368,20,1,False,0,0,0,0,0.0,0.0,0,0,20,ndcg_at_k,0.0,0,1.0,0.390476,1.0,1.0,0.25,1.0,1.0,8.7e-05,7.9e-05,1.9e-05,0.000463,2.5e-05,0.000933,0.002836
scidocs,6cdbbced12bff53bcbdde3cdb6d20b4bd02a9d6c,greedy_fas_copeland,qrels,label-derived pairwise preferences from qrels,20,75,0.197368,20,1,False,0,0,0,0,0.0,0.0,0,0,20,ndcg_at_k,0.0,0,1.0,0.390476,1.0,1.0,0.25,1.0,1.0,8.7e-05,7.9e-05,1.9e-05,0.000463,1.8e-05,0.000933,0.002836
scidocs,6cdbbced12bff53bcbdde3cdb6d20b4bd02a9d6c,greedy_fas_score_augmented_topological,qrels,label-derived pairwise preferences from qrels,20,75,0.197368,20,1,False,0,0,0,0,0.0,0.0,0,0,20,ndcg_at_k,0.0,0,-0.210526,0.561905,1.0,1.0,0.25,1.0,1.0,8.7e-05,7.9e-05,1.9e-05,0.000463,3.4e-05,0.000933,0.002836
scidocs,6cdbbced12bff53bcbdde3cdb6d20b4bd02a9d6c,fas_balance_score_prior_alpha_beta,qrels,label-derived pairwise preferences from qrels,20,75,0.197368,20,1,False,0,0,0,0,0.0,0.0,0,0,20,ndcg_at_k,0.0,0,1.0,0.390476,1.0,1.0,0.25,1.0,1.0,8.7e-05,7.9e-05,1.9e-05,0.000463,3.6e-05,0.000933,0.002836
scidocs,6cdbbced12bff53bcbdde3cdb6d20b4bd02a9d6c,hybrid_rrf_fas_regularized,qrels,label-derived pairwise preferences from qrels,20,75,0.197368,20,1,False,0,0,0,0,0.0,0.0,0,0,20,ndcg_at_k,0.0,0,1.0,0.390476,1.0,1.0,0.25,1.0,1.0,8.7e-05,7.9e-05,1.9e-05,0.000463,3.1e-05,0.000933,0.002836
scidocs,6cdbbced12bff53bcbdde3cdb6d20b4bd02a9d6c,hybrid_rrf_balance_a05,qrels,label-derived pairwise preferences from qrels,20,75,0.197368,20,1,False,0,0,0,0,0.0,0.0,0,0,20,ndcg_at_k,0.0,0,1.0,0.390476,1.0,1.0,0.25,1.0,1.0,8.7e-05,7.9e-05,1.9e-05,0.000463,2.6e-05,0.000933,0.002836
scidocs,6cdbbced12bff53bcbdde3cdb6d20b4bd02a9d6c,hybrid_rrf_copeland_a03,qrels,label-derived pairwise preferences from qrels,20,75,0.197368,20,1,False,0,0,0,0,0.0,0.0,0,0,20,ndcg_at_k,0.0,0,1.0,0.390476,1.0,1.0,0.25,1.0,1.0,8.7e-05,7.9e-05,1.9e-05,0.000463,2.1e-05,0.000933,0.002836
scidocs,6cdbbced12bff53bcbdde3cdb6d20b4bd02a9d6c,hybrid_rrf_priority_topo_a03,qrels,label-derived pairwise preferences from qrels,20,75,0.197368,20,1,False,0,0,0,0,0.0,0.0,0,0,20,ndcg_at_k,0.0,0,-0.210526,0.561905,1.0,1.0,0.25,1.0,1.0,8.7e-05,7.9e-05,1.9e-05,0.000463,5.4e-05,0.000933,0.002836
scidocs,8bb3a478db8951f42198a885d7245d58036ba55c,score_sum,qrels,label-derived pairwise preferences from qrels,20,75,0.197368,20,1,False,0,0,0,0,0.0,0.0,0,0,20,ndcg_at_k,0.0,0,1.0,0.619048,1.0,1.0,0.25,1.0,1.0,8.4e-05,7.9e-05,1.9e-05,0.000409,2e-05,0.001055,0.004223
scidocs,8bb3a478db8951f42198a885d7245d58036ba55c,borda,qrels,label-derived pairwise preferences from qrels,20,75,0.197368,20,1,False,0,0,0,0,0.0,0.0,0,0,20,ndcg_at_k,0.0,0,1.0,0.619048,1.0,1.0,0.25,1.0,1.0,8.4e-05,7.9e-05,1.9e-05,0.000409,1.2e-05,0.001055,0.004223
scidocs,8bb3a478db8951f42198a885d7245d58036ba55c,pagerank,qrels,label-derived pairwise preferences from qrels,20,75,0.197368,20,1,False,0,0,0,0,0.0,0.0,0,0,20,ndcg_at_k,0.0,0,0.368421,0.485714,1.0,1.0,0.25,1.0,1.0,8.4e-05,7.9e-05,1.9e-05,0.000409,0.002226,0.001055,0.004223
scidocs,8bb3a478db8951f42198a885d7245d58036ba55c,greedy_fas_topological,qrels,label-derived pairwise preferences from qrels,20,75,0.197368,20,1,False,0,0,0,0,0.0,0.0,0,0,20,ndcg_at_k,0.0,0,0.368421,0.485714,1.0,1.0,0.25,1.0,1.0,8.4e-05,7.9e-05,1.9e-05,0.000409,4.6e-05,0.001055,0.004223
scidocs,8bb3a478db8951f42198a885d7245d58036ba55c,greedy_fas_weighted_balance,qrels,label-derived pairwise preferences from qrels,20,75,0.197368,20,1,False,0,0,0,0,0.0,0.0,0,0,20,ndcg_at_k,0.0,0,1.0,0.619048,1.0,1.0,0.25,1.0,1.0,8.4e-05,7.9e-05,1.9e-05,0.000409,3.8e-05,0.001055,0.004223
scidocs,8bb3a478db8951f42198a885d7245d58036ba55c,greedy_fas_copeland,qrels,label-derived pairwise preferences from qrels,20,75,0.197368,20,1,False,0,0,0,0,0.0,0.0,0,0,20,ndcg_at_k,0.0,0,1.0,0.619048,1.0,1.0,0.25,1.0,1.0,8.4e-05,7.9e-05,1.9e-05,0.000409,2e-05,0.001055,0.004223
scidocs,8bb3a478db8951f42198a885d7245d58036ba55c,greedy_fas_score_augmented_topological,qrels,label-derived pairwise preferences from qrels,20,75,0.197368,20,1,False,0,0,0,0,0.0,0.0,0,0,20,ndcg_at_k,0.0,0,-0.210526,0.333333,1.0,1.0,0.25,1.0,1.0,8.4e-05,7.9e-05,1.9e-05,0.000409,3.7e-05,0.001055,0.004223
scidocs,8bb3a478db8951f42198a885d7245d58036ba55c,fas_balance_score_prior_alpha_beta,qrels,label-derived pairwise preferences from qrels,20,75,0.197368,20,1,False,0,0,0,0,0.0,0.0,0,0,20,ndcg_at_k,0.0,0,1.0,0.619048,1.0,1.0,0.25,1.0,1.0,8.4e-05,7.9e-05,1.9e-05,0.000409,4.1e-05,0.001055,0.004223
scidocs,8bb3a478db8951f42198a885d7245d58036ba55c,hybrid_rrf_fas_regularized,qrels,label-derived pairwise preferences from qrels,20,75,0.197368,20,1,False,0,0,0,0,0.0,0.0,0,0,20,ndcg_at_k,0.0,0,1.0,0.619048,1.0,1.0,0.25,1.0,1.0,8.4e-05,7.9e-05,1.9e-05,0.000409,3.3e-05,0.001055,0.004223
scidocs,8bb3a478db8951f42198a885d7245d58036ba55c,hybrid_rrf_balance_a05,qrels,label-derived pairwise preferences from qrels,20,75,0.197368,20,1,False,0,0,0,0,0.0,0.0,0,0,20,ndcg_at_k,0.0,0,1.0,0.619048,1.0,1.0,0.25,1.0,1.0,8.4e-05,7.9e-05,1.9e-05,0.000409,2.7e-05,0.001055,0.004223
scidocs,8bb3a478db8951f42198a885d7245d58036ba55c,hybrid_rrf_copeland_a03,qrels,label-derived pairwise preferences from qrels,20,75,0.197368,20,1,False,0,0,0,0,0.0,0.0,0,0,20,ndcg_at_k,0.0,0,1.0,0.619048,1.0,1.0,0.25,1.0,1.0,8.4e-05,7.9e-05,1.9e-05,0.000409,2.1e-05,0.001055,0.004223
scidocs,8bb3a478db8951f42198a885d7245d58036ba55c,hybrid_rrf_priority_topo_a03,qrels,label-derived pairwise preferences from qrels,20,75,0.197368,20,1,False,0,0,0,0,0.0,0.0,0,0,20,ndcg_at_k,0.0,0,-0.210526,0.333333,1.0,1.0,0.25,1.0,1.0,8.4e-05,7.9e-05,1.9e-05,0.000409,5.6e-05,0.001055,0.004223
scidocs,7dcb308b9292a8bc87d6f7793d2ca5e0e19dfa40,score_sum,qrels,label-derived pairwise preferences from qrels,20,75,0.197368,20,1,False,0,0,0,0,0.0,0.0,0,0,20,ndcg_at_k,0.0,0,1.0,0.485714,1.0,1.0,0.25,1.0,1.0,8.8e-05,8.6e-05,2e-05,0.000435,2.1e-05,0.000967,0.002865
scidocs,7dcb308b9292a8bc87d6f7793d2ca5e0e19dfa40,borda,qrels,label-derived pairwise preferences from qrels,20,75,0.197368,20,1,False,0,0,0,0,0.0,0.0,0,0,20,ndcg_at_k,0.0,0,1.0,0.485714,1.0,1.0,0.25,1.0,1.0,8.8e-05,8.6e-05,2e-05,0.000435,1.2e-05,0.000967,0.002865
scidocs,7dcb308b9292a8bc87d6f7793d2ca5e0e19dfa40,pagerank,qrels,label-derived pairwise preferences from qrels,20,75,0.197368,20,1,False,0,0,0,0,0.0,0.0,0,0,20,ndcg_at_k,0.0,0,0.494737,0.485714,1.0,1.0,0.25,1.0,1.0,8.8e-05,8.6e-05,2e-05,0.000435,0.000951,0.000967,0.002865
scidocs,7dcb308b9292a8bc87d6f7793d2ca5e0e19dfa40,greedy_fas_topological,qrels,label-derived pairwise preferences from qrels,20,75,0.197368,20,1,False,0,0,0,0,0.0,0.0,0,0,20,ndcg_at_k,0.0,0,0.494737,0.485714,1.0,1.0,0.25,1.0,1.0,8.8e-05,8.6e-05,2e-05,0.000435,3.8e-05,0.000967,0.002865
scidocs,7dcb308b9292a8bc87d6f7793d2ca5e0e19dfa40,greedy_fas_weighted_balance,qrels,label-derived pairwise preferences from qrels,20,75,0.197368,20,1,False,0,0,0,0,0.0,0.0,0,0,20,ndcg_at_k,0.0,0,1.0,0.485714,1.0,1.0,0.25,1.0,1.0,8.8e-05,8.6e-05,2e-05,0.000435,2.4e-05,0.000967,0.002865
scidocs,7dcb308b9292a8bc87d6f7793d2ca5e0e19dfa40,greedy_fas_copeland,qrels,label-derived pairwise preferences from qrels,20,75,0.197368,20,1,False,0,0,0,0,0.0,0.0,0,0,20,ndcg_at_k,0.0,0,1.0,0.485714,1.0,1.0,0.25,1.0,1.0,8.8e-05,8.6e-05,2e-05,0.000435,1.8e-05,0.000967,0.002865
scidocs,7dcb308b9292a8bc87d6f7793d2ca5e0e19dfa40,greedy_fas_score_augmented_topological,qrels,label-derived pairwise preferences from qrels,20,75,0.197368,20,1,False,0,0,0,0,0.0,0.0,0,0,20,ndcg_at_k,0.0,0,-0.210526,0.466667,1.0,1.0,0.25,1.0,1.0,8.8e-05,8.6e-05,2e-05,0.000435,3.4e-05,0.000967,0.002865
scidocs,7dcb308b9292a8bc87d6f7793d2ca5e0e19dfa40,fas_balance_score_prior_alpha_beta,qrels,label-derived pairwise preferences from qrels,20,75,0.197368,20,1,False,0,0,0,0,0.0,0.0,0,0,20,ndcg_at_k,0.0,0,1.0,0.485714,1.0,1.0,0.25,1.0,1.0,8.8e-05,8.6e-05,2e-05,0.000435,3.5e-05,0.000967,0.002865
scidocs,7dcb308b9292a8bc87d6f7793d2ca5e0e19dfa40,hybrid_rrf_fas_regularized,qrels,label-derived pairwise preferences from qrels,20,75,0.197368,20,1,False,0,0,0,0,0.0,0.0,0,0,20,ndcg_at_k,0.0,0,1.0,0.485714,1.0,1.0,0.25,1.0,1.0,8.8e-05,8.6e-05,2e-05,0.000435,3e-05,0.000967,0.002865
scidocs,7dcb308b9292a8bc87d6f7793d2ca5e0e19dfa40,hybrid_rrf_balance_a05,qrels,label-derived pairwise preferences from qrels,20,75,0.197368,20,1,False,0,0,0,0,0.0,0.0,0,0,20,ndcg_at_k,0.0,0,1.0,0.485714,1.0,1.0,0.25,1.0,1.0,8.8e-05,8.6e-05,2e-05,0.000435,2.8e-05,0.000967,0.002865
scidocs,7dcb308b9292a8bc87d6f7793d2ca5e0e19dfa40,hybrid_rrf_copeland_a03,qrels,label-derived pairwise preferences from qrels,20,75,0.197368,20,1,False,0,0,0,0,0.0,0.0,0,0,20,ndcg_at_k,0.0,0,1.0,0.485714,1.0,1.0,0.25,1.0,1.0,8.8e-05,8.6e-05,2e-05,0.000435,2.1e-05,0.000967,0.002865
scidocs,7dcb308b9292a8bc87d6f7793d2ca5e0e19dfa40,hybrid_rrf_priority_topo_a03,qrels,label-derived pairwise preferences from qrels,20,75,0.197368,20,1,False,0,0,0,0,0.0,0.0,0,0,20,ndcg_at_k,0.0,0,-0.210526,0.466667,1.0,1.0,0.25,1.0,1.0,8.8e-05,8.6e-05,2e-05,0.000435,5.7e-05,0.000967,0.002865
scidocs,5137d6a245dffe321df34999fa77e190c19b4c37,score_sum,qrels,label-derived pairwise preferences from qrels,20,75,0.197368,20,1,False,0,0,0,0,0.0,0.0,0,0,20,ndcg_at_k,0.0,0,1.0,0.371429,1.0,1.0,0.25,1.0,1.0,8.3e-05,0.000115,1.9e-05,0.000432,1.9e-05,0.000958,0.002864
scidocs,5137d6a245dffe321df34999fa77e190c19b4c37,borda,qrels,label-derived pairwise preferences from qrels,20,75,0.197368,20,1,False,0,0,0,0,0.0,0.0,0,0,20,ndcg_at_k,0.0,0,1.0,0.371429,1.0,1.0,0.25,1.0,1.0,8.3e-05,0.000115,1.9e-05,0.000432,1.2e-05,0.000958,0.002864
scidocs,5137d6a245dffe321df34999fa77e190c19b4c37,pagerank,qrels,label-derived pairwise preferences from qrels,20,75,0.197368,20,1,False,0,0,0,0,0.0,0.0,0,0,20,ndcg_at_k,0.0,0,0.494737,0.485714,1.0,1.0,0.25,1.0,1.0,8.3e-05,0.000115,1.9e-05,0.000432,0.000943,0.000958,0.002864
scidocs,5137d6a245dffe321df34999fa77e190c19b4c37,greedy_fas_topological,qrels,label-derived pairwise preferences from qrels,20,75,0.197368,20,1,False,0,0,0,0,0.0,0.0,0,0,20,ndcg_at_k,0.0,0,0.494737,0.485714,1.0,1.0,0.25,1.0,1.0,8.3e-05,0.000115,1.9e-05,0.000432,3.8e-05,0.000958,0.002864
scidocs,5137d6a245dffe321df34999fa77e190c19b4c37,greedy_fas_weighted_balance,qrels,label-derived pairwise preferences from qrels,20,75,0.197368,20,1,False,0,0,0,0,0.0,0.0,0,0,20,ndcg_at_k,0.0,0,1.0,0.371429,1.0,1.0,0.25,1.0,1.0,8.3e-05,0.000115,1.9e-05,0.000432,2.3e-05,0.000958,0.002864
scidocs,5137d6a245dffe321df34999fa77e190c19b4c37,greedy_fas_copeland,qrels,label-derived pairwise preferences from qrels,20,75,0.197368,20,1,False,0,0,0,0,0.0,0.0,0,0,20,ndcg_at_k,0.0,0,1.0,0.371429,1.0,1.0,0.25,1.0,1.0,8.3e-05,0.000115,1.9e-05,0.000432,1.8e-05,0.000958,0.002864
scidocs,5137d6a245dffe321df34999fa77e190c19b4c37,greedy_fas_score_augmented_topological,qrels,label-derived pairwise preferences from qrels,20,75,0.197368,20,1,False,0,0,0,0,0.0,0.0,0,0,20,ndcg_at_k,0.0,0,-0.210526,0.580952,1.0,1.0,0.25,1.0,1.0,8.3e-05,0.000115,1.9e-05,0.000432,3.5e-05,0.000958,0.002864
scidocs,5137d6a245dffe321df34999fa77e190c19b4c37,fas_balance_score_prior_alpha_beta,qrels,label-derived pairwise preferences from qrels,20,75,0.197368,20,1,False,0,0,0,0,0.0,0.0,0,0,20,ndcg_at_k,0.0,0,1.0,0.371429,1.0,1.0,0.25,1.0,1.0,8.3e-05,0.000115,1.9e-05,0.000432,3.6e-05,0.000958,0.002864
scidocs,5137d6a245dffe321df34999fa77e190c19b4c37,hybrid_rrf_fas_regularized,qrels,label-derived pairwise preferences from qrels,20,75,0.197368,20,1,False,0,0,0,0,0.0,0.0,0,0,20,ndcg_at_k,0.0,0,1.0,0.371429,1.0,1.0,0.25,1.0,1.0,8.3e-05,0.000115,1.9e-05,0.000432,3e-05,0.000958,0.002864
scidocs,5137d6a245dffe321df34999fa77e190c19b4c37,hybrid_rrf_balance_a05,qrels,label-derived pairwise preferences from qrels,20,75,0.197368,20,1,False,0,0,0,0,0.0,0.0,0,0,20,ndcg_at_k,0.0,0,1.0,0.371429,1.0,1.0,0.25,1.0,1.0,8.3e-05,0.000115,1.9e-05,0.000432,2.6e-05,0.000958,0.002864
scidocs,5137d6a245dffe321df34999fa77e190c19b4c37,hybrid_rrf_copeland_a03,qrels,label-derived pairwise preferences from qrels,20,75,0.197368,20,1,False,0,0,0,0,0.0,0.0,0,0,20,ndcg_at_k,0.0,0,1.0,0.371429,1.0,1.0,0.25,1.0,1.0,8.3e-05,0.000115,1.9e-05,0.000432,2.2e-05,0.000958,0.002864
scidocs,5137d6a245dffe321df34999fa77e190c19b4c37,hybrid_rrf_priority_topo_a03,qrels,label-derived pairwise preferences from qrels,20,75,0.197368,20,1,False,0,0,0,0,0.0,0.0,0,0,20,ndcg_at_k,0.0,0,-0.210526,0.580952,1.0,1.0,0.25,1.0,1.0,8.3e-05,0.000115,1.9e-05,0.000432,5.5e-05,0.000958,0.002864
scidocs,b8397b4418bb1d576210d9a39d44725d6ffb2a44,score_sum,qrels,label-derived pairwise preferences from qrels,20,75,0.197368,20,1,False,0,0,0,0,0.0,0.0,0,0,20,ndcg_at_k,0.0,0,1.0,0.580952,1.0,1.0,0.25,1.0,1.0,8.5e-05,7.5e-05,1.8e-05,0.000467,1.9e-05,0.000914,0.002799
scidocs,b8397b4418bb1d576210d9a39d44725d6ffb2a44,borda,qrels,label-derived pairwise preferences from qrels,20,75,0.197368,20,1,False,0,0,0,0,0.0,0.0,0,0,20,ndcg_at_k,0.0,0,1.0,0.580952,1.0,1.0,0.25,1.0,1.0,8.5e-05,7.5e-05,1.8e-05,0.000467,1.2e-05,0.000914,0.002799
scidocs,b8397b4418bb1d576210d9a39d44725d6ffb2a44,pagerank,qrels,label-derived pairwise preferences from qrels,20,75,0.197368,20,1,False,0,0,0,0,0.0,0.0,0,0,20,ndcg_at_k,0.0,0,0.294737,0.485714,1.0,1.0,0.25,1.0,1.0,8.5e-05,7.5e-05,1.8e-05,0.000467,0.000929,0.000914,0.002799
scidocs,b8397b4418bb1d576210d9a39d44725d6ffb2a44,greedy_fas_topological,qrels,label-derived pairwise preferences from qrels,20,75,0.197368,20,1,False,0,0,0,0,0.0,0.0,0,0,20,ndcg_at_k,0.0,0,0.294737,0.485714,1.0,1.0,0.25,1.0,1.0,8.5e-05,7.5e-05,1.8e-05,0.000467,3.7e-05,0.000914,0.002799
scidocs,b8397b4418bb1d576210d9a39d44725d6ffb2a44,greedy_fas_weighted_balance,qrels,label-derived pairwise preferences from qrels,20,75,0.197368,20,1,False,0,0,0,0,0.0,0.0,0,0,20,ndcg_at_k,0.0,0,1.0,0.580952,1.0,1.0,0.25,1.0,1.0,8.5e-05,7.5e-05,1.8e-05,0.000467,2.5e-05,0.000914,0.002799
scidocs,b8397b4418bb1d576210d9a39d44725d6ffb2a44,greedy_fas_copeland,qrels,label-derived pairwise preferences from qrels,20,75,0.197368,20,1,False,0,0,0,0,0.0,0.0,0,0,20,ndcg_at_k,0.0,0,1.0,0.580952,1.0,1.0,0.25,1.0,1.0,8.5e-05,7.5e-05,1.8e-05,0.000467,1.8e-05,0.000914,0.002799
scidocs,b8397b4418bb1d576210d9a39d44725d6ffb2a44,greedy_fas_score_augmented_topological,qrels,label-derived pairwise preferences from qrels,20,75,0.197368,20,1,False,0,0,0,0,0.0,0.0,0,0,20,ndcg_at_k,0.0,0,-0.210526,0.371429,1.0,1.0,0.25,1.0,1.0,8.5e-05,7.5e-05,1.8e-05,0.000467,3.4e-05,0.000914,0.002799
scidocs,b8397b4418bb1d576210d9a39d44725d6ffb2a44,fas_balance_score_prior_alpha_beta,qrels,label-derived pairwise preferences from qrels,20,75,0.197368,20,1,False,0,0,0,0,0.0,0.0,0,0,20,ndcg_at_k,0.0,0,1.0,0.580952,1.0,1.0,0.25,1.0,1.0,8.5e-05,7.5e-05,1.8e-05,0.000467,3.5e-05,0.000914,0.002799
scidocs,b8397b4418bb1d576210d9a39d44725d6ffb2a44,hybrid_rrf_fas_regularized,qrels,label-derived pairwise preferences from qrels,20,75,0.197368,20,1,False,0,0,0,0,0.0,0.0,0,0,20,ndcg_at_k,0.0,0,1.0,0.580952,1.0,1.0,0.25,1.0,1.0,8.5e-05,7.5e-05,1.8e-05,0.000467,3e-05,0.000914,0.002799
scidocs,b8397b4418bb1d576210d9a39d44725d6ffb2a44,hybrid_rrf_balance_a05,qrels,label-derived pairwise preferences from qrels,20,75,0.197368,20,1,False,0,0,0,0,0.0,0.0,0,0,20,ndcg_at_k,0.0,0,1.0,0.580952,1.0,1.0,0.25,1.0,1.0,8.5e-05,7.5e-05,1.8e-05,0.000467,2.6e-05,0.000914,0.002799
scidocs,b8397b4418bb1d576210d9a39d44725d6ffb2a44,hybrid_rrf_copeland_a03,qrels,label-derived pairwise preferences from qrels,20,75,0.197368,20,1,False,0,0,0,0,0.0,0.0,0,0,20,ndcg_at_k,0.0,0,1.0,0.580952,1.0,1.0,0.25,1.0,1.0,8.5e-05,7.5e-05,1.8e-05,0.000467,2.1e-05,0.000914,0.002799
scidocs,b8397b4418bb1d576210d9a39d44725d6ffb2a44,hybrid_rrf_priority_topo_a03,qrels,label-derived pairwise preferences from qrels,20,75,0.197368,20,1,False,0,0,0,0,0.0,0.0,0,0,20,ndcg_at_k,0.0,0,-0.210526,0.371429,1.0,1.0,0.25,1.0,1.0,8.5e-05,7.5e-05,1.8e-05,0.000467,5.4e-05,0.000914,0.002799
scidocs,9003fb79e7848ced3be975c3d87a9348a4b8d377,score_sum,qrels,label-derived pairwise preferences from qrels,20,64,0.168421,20,1,False,0,0,0,0,0.0,0.0,0,0,20,ndcg_at_k,0.0,0,1.0,0.238095,1.0,1.0,0.2,1.0,1.0,7.4e-05,6.8e-05,1.9e-05,0.000378,1.8e-05,0.000948,0.002839
scidocs,9003fb79e7848ced3be975c3d87a9348a4b8d377,borda,qrels,label-derived pairwise preferences from qrels,20,64,0.168421,20,1,False,0,0,0,0,0.0,0.0,0,0,20,ndcg_at_k,0.0,0,1.0,0.238095,1.0,1.0,0.2,1.0,1.0,7.4e-05,6.8e-05,1.9e-05,0.000378,1.2e-05,0.000948,0.002839
scidocs,9003fb79e7848ced3be975c3d87a9348a4b8d377,pagerank,qrels,label-derived pairwise preferences from qrels,20,64,0.168421,20,1,False,0,0,0,0,0.0,0.0,0,0,20,ndcg_at_k,0.0,0,0.2,0.504762,1.0,1.0,0.2,1.0,1.0,7.4e-05,6.8e-05,1.9e-05,0.000378,0.001038,0.000948,0.002839
scidocs,9003fb79e7848ced3be975c3d87a9348a4b8d377,greedy_fas_topological,qrels,label-derived pairwise preferences from qrels,20,64,0.168421,20,1,False,0,0,0,0,0.0,0.0,0,0,20,ndcg_at_k,0.0,0,0.2,0.504762,1.0,1.0,0.2,1.0,1.0,7.4e-05,6.8e-05,1.9e-05,0.000378,3.9e-05,0.000948,0.002839
scidocs,9003fb79e7848ced3be975c3d87a9348a4b8d377,greedy_fas_weighted_balance,qrels,label-derived pairwise preferences from qrels,20,64,0.168421,20,1,False,0,0,0,0,0.0,0.0,0,0,20,ndcg_at_k,0.0,0,1.0,0.238095,1.0,1.0,0.2,1.0,1.0,7.4e-05,6.8e-05,1.9e-05,0.000378,2.3e-05,0.000948,0.002839
scidocs,9003fb79e7848ced3be975c3d87a9348a4b8d377,greedy_fas_copeland,qrels,label-derived pairwise preferences from qrels,20,64,0.168421,20,1,False,0,0,0,0,0.0,0.0,0,0,20,ndcg_at_k,0.0,0,1.0,0.238095,1.0,1.0,0.2,1.0,1.0,7.4e-05,6.8e-05,1.9e-05,0.000378,1.8e-05,0.000948,0.002839
scidocs,9003fb79e7848ced3be975c3d87a9348a4b8d377,greedy_fas_score_augmented_topological,qrels,label-derived pairwise preferences from qrels,20,64,0.168421,20,1,False,0,0,0,0,0.0,0.0,0,0,20,ndcg_at_k,0.0,0,-0.326316,0.6,1.0,1.0,0.2,1.0,1.0,7.4e-05,6.8e-05,1.9e-05,0.000378,3.6e-05,0.000948,0.002839
scidocs,9003fb79e7848ced3be975c3d87a9348a4b8d377,fas_balance_score_prior_alpha_beta,qrels,label-derived pairwise preferences from qrels,20,64,0.168421,20,1,False,0,0,0,0,0.0,0.0,0,0,20,ndcg_at_k,0.0,0,1.0,0.238095,1.0,1.0,0.2,1.0,1.0,7.4e-05,6.8e-05,1.9e-05,0.000378,3.6e-05,0.000948,0.002839
scidocs,9003fb79e7848ced3be975c3d87a9348a4b8d377,hybrid_rrf_fas_regularized,qrels,label-derived pairwise preferences from qrels,20,64,0.168421,20,1,False,0,0,0,0,0.0,0.0,0,0,20,ndcg_at_k,0.0,0,1.0,0.238095,1.0,1.0,0.2,1.0,1.0,7.4e-05,6.8e-05,1.9e-05,0.000378,3e-05,0.000948,0.002839
scidocs,9003fb79e7848ced3be975c3d87a9348a4b8d377,hybrid_rrf_balance_a05,qrels,label-derived pairwise preferences from qrels,20,64,0.168421,20,1,False,0,0,0,0,0.0,0.0,0,0,20,ndcg_at_k,0.0,0,1.0,0.238095,1.0,1.0,0.2,1.0,1.0,7.4e-05,6.8e-05,1.9e-05,0.000378,2.6e-05,0.000948,0.002839
scidocs,9003fb79e7848ced3be975c3d87a9348a4b8d377,hybrid_rrf_copeland_a03,qrels,label-derived pairwise preferences from qrels,20,64,0.168421,20,1,False,0,0,0,0,0.0,0.0,0,0,20,ndcg_at_k,0.0,0,1.0,0.238095,1.0,1.0,0.2,1.0,1.0,7.4e-05,6.8e-05,1.9e-05,0.000378,2.1e-05,0.000948,0.002839
scidocs,9003fb79e7848ced3be975c3d87a9348a4b8d377,hybrid_rrf_priority_topo_a03,qrels,label-derived pairwise preferences from qrels,20,64,0.168421,20,1,False,0,0,0,0,0.0,0.0,0,0,20,ndcg_at_k,0.0,0,-0.326316,0.6,1.0,1.0,0.2,1.0,1.0,7.4e-05,6.8e-05,1.9e-05,0.000378,5.5e-05,0.000948,0.002839
scidocs,eb3d1b885bfa800badfd79c6921a07d01491aedb,score_sum,qrels,label-derived pairwise preferences from qrels,20,75,0.197368,20,1,False,0,0,0,0,0.0,0.0,0,0,20,ndcg_at_k,0.0,0,1.0,0.561905,1.0,1.0,0.25,1.0,1.0,8.4e-05,0.000119,1.9e-05,0.000409,1.9e-05,0.000915,0.002792
scidocs,eb3d1b885bfa800badfd79c6921a07d01491aedb,borda,qrels,label-derived pairwise preferences from qrels,20,75,0.197368,20,1,False,0,0,0,0,0.0,0.0,0,0,20,ndcg_at_k,0.0,0,1.0,0.561905,1.0,1.0,0.25,1.0,1.0,8.4e-05,0.000119,1.9e-05,0.000409,1.2e-05,0.000915,0.002792
scidocs,eb3d1b885bfa800badfd79c6921a07d01491aedb,pagerank,qrels,label-derived pairwise preferences from qrels,20,75,0.197368,20,1,False,0,0,0,0,0.0,0.0,0,0,20,ndcg_at_k,0.0,0,0.273684,0.485714,1.0,1.0,0.25,1.0,1.0,8.4e-05,0.000119,1.9e-05,0.000409,0.000937,0.000915,0.002792
scidocs,eb3d1b885bfa800badfd79c6921a07d01491aedb,greedy_fas_topological,qrels,label-derived pairwise preferences from qrels,20,75,0.197368,20,1,False,0,0,0,0,0.0,0.0,0,0,20,ndcg_at_k,0.0,0,0.273684,0.485714,1.0,1.0,0.25,1.0,1.0,8.4e-05,0.000119,1.9e-05,0.000409,3.8e-05,0.000915,0.002792
scidocs,eb3d1b885bfa800badfd79c6921a07d01491aedb,greedy_fas_weighted_balance,qrels,label-derived pairwise preferences from qrels,20,75,0.197368,20,1,False,0,0,0,0,0.0,0.0,0,0,20,ndcg_at_k,0.0,0,1.0,0.561905,1.0,1.0,0.25,1.0,1.0,8.4e-05,0.000119,1.9e-05,0.000409,2.4e-05,0.000915,0.002792
scidocs,eb3d1b885bfa800badfd79c6921a07d01491aedb,greedy_fas_copeland,qrels,label-derived pairwise preferences from qrels,20,75,0.197368,20,1,False,0,0,0,0,0.0,0.0,0,0,20,ndcg_at_k,0.0,0,1.0,0.561905,1.0,1.0,0.25,1.0,1.0,8.4e-05,0.000119,1.9e-05,0.000409,1.7e-05,0.000915,0.002792
scidocs,eb3d1b885bfa800badfd79c6921a07d01491aedb,greedy_fas_score_augmented_topological,qrels,label-derived pairwise preferences from qrels,20,75,0.197368,20,1,False,0,0,0,0,0.0,0.0,0,0,20,ndcg_at_k,0.0,0,-0.210526,0.390476,1.0,1.0,0.25,1.0,1.0,8.4e-05,0.000119,1.9e-05,0.000409,3.5e-05,0.000915,0.002792
scidocs,eb3d1b885bfa800badfd79c6921a07d01491aedb,fas_balance_score_prior_alpha_beta,qrels,label-derived pairwise preferences from qrels,20,75,0.197368,20,1,False,0,0,0,0,0.0,0.0,0,0,20,ndcg_at_k,0.0,0,1.0,0.561905,1.0,1.0,0.25,1.0,1.0,8.4e-05,0.000119,1.9e-05,0.000409,3.5e-05,0.000915,0.002792
scidocs,eb3d1b885bfa800badfd79c6921a07d01491aedb,hybrid_rrf_fas_regularized,qrels,label-derived pairwise preferences from qrels,20,75,0.197368,20,1,False,0,0,0,0,0.0,0.0,0,0,20,ndcg_at_k,0.0,0,1.0,0.561905,1.0,1.0,0.25,1.0,1.0,8.4e-05,0.000119,1.9e-05,0.000409,2.9e-05,0.000915,0.002792
scidocs,eb3d1b885bfa800badfd79c6921a07d01491aedb,hybrid_rrf_balance_a05,qrels,label-derived pairwise preferences from qrels,20,75,0.197368,20,1,False,0,0,0,0,0.0,0.0,0,0,20,ndcg_at_k,0.0,0,1.0,0.561905,1.0,1.0,0.25,1.0,1.0,8.4e-05,0.000119,1.9e-05,0.000409,2.5e-05,0.000915,0.002792
scidocs,eb3d1b885bfa800badfd79c6921a07d01491aedb,hybrid_rrf_copeland_a03,qrels,label-derived pairwise preferences from qrels,20,75,0.197368,20,1,False,0,0,0,0,0.0,0.0,0,0,20,ndcg_at_k,0.0,0,1.0,0.561905,1.0,1.0,0.25,1.0,1.0,8.4e-05,0.000119,1.9e-05,0.000409,2.1e-05,0.000915,0.002792
scidocs,eb3d1b885bfa800badfd79c6921a07d01491aedb,hybrid_rrf_priority_topo_a03,qrels,label-derived pairwise preferences from qrels,20,75,0.197368,20,1,False,0,0,0,0,0.0,0.0,0,0,20,ndcg_at_k,0.0,0,-0.210526,0.390476,1.0,1.0,0.25,1.0,1.0,8.4e-05,0.000119,1.9e-05,0.000409,5.4e-05,0.000915,0.002792
scidocs,c20b4068be640ebaffbc56382c3e4e0bcf62664e,score_sum,qrels,label-derived pairwise preferences from qrels,20,75,0.197368,20,1,False,0,0,0,0,0.0,0.0,0,0,20,ndcg_at_k,0.0,0,1.0,0.619048,1.0,1.0,0.25,1.0,1.0,8.6e-05,7.7e-05,1.9e-05,0.000448,1.9e-05,0.000965,0.002858
scidocs,c20b4068be640ebaffbc56382c3e4e0bcf62664e,borda,qrels,label-derived pairwise preferences from qrels,20,75,0.197368,20,1,False,0,0,0,0,0.0,0.0,0,0,20,ndcg_at_k,0.0,0,1.0,0.619048,1.0,1.0,0.25,1.0,1.0,8.6e-05,7.7e-05,1.9e-05,0.000448,1.2e-05,0.000965,0.002858
scidocs,c20b4068be640ebaffbc56382c3e4e0bcf62664e,pagerank,qrels,label-derived pairwise preferences from qrels,20,75,0.197368,20,1,False,0,0,0,0,0.0,0.0,0,0,20,ndcg_at_k,0.0,0,0.452632,0.485714,1.0,1.0,0.25,1.0,1.0,8.6e-05,7.7e-05,1.9e-05,0.000448,0.00094,0.000965,0.002858
scidocs,c20b4068be640ebaffbc56382c3e4e0bcf62664e,greedy_fas_topological,qrels,label-derived pairwise preferences from qrels,20,75,0.197368,20,1,False,0,0,0,0,0.0,0.0,0,0,20,ndcg_at_k,0.0,0,0.452632,0.485714,1.0,1.0,0.25,1.0,1.0,8.6e-05,7.7e-05,1.9e-05,0.000448,3.9e-05,0.000965,0.002858
scidocs,c20b4068be640ebaffbc56382c3e4e0bcf62664e,greedy_fas_weighted_balance,qrels,label-derived pairwise preferences from qrels,20,75,0.197368,20,1,False,0,0,0,0,0.0,0.0,0,0,20,ndcg_at_k,0.0,0,1.0,0.619048,1.0,1.0,0.25,1.0,1.0,8.6e-05,7.7e-05,1.9e-05,0.000448,2.6e-05,0.000965,0.002858
scidocs,c20b4068be640ebaffbc56382c3e4e0bcf62664e,greedy_fas_copeland,qrels,label-derived pairwise preferences from qrels,20,75,0.197368,20,1,False,0,0,0,0,0.0,0.0,0,0,20,ndcg_at_k,0.0,0,1.0,0.619048,1.0,1.0,0.25,1.0,1.0,8.6e-05,7.7e-05,1.9e-05,0.000448,1.8e-05,0.000965,0.002858
scidocs,c20b4068be640ebaffbc56382c3e4e0bcf62664e,greedy_fas_score_augmented_topological,qrels,label-derived pairwise preferences from qrels,20,75,0.197368,20,1,False,0,0,0,0,0.0,0.0,0,0,20,ndcg_at_k,0.0,0,-0.210526,0.333333,1.0,1.0,0.25,1.0,1.0,8.6e-05,7.7e-05,1.9e-05,0.000448,3.5e-05,0.000965,0.002858
scidocs,c20b4068be640ebaffbc56382c3e4e0bcf62664e,fas_balance_score_prior_alpha_beta,qrels,label-derived pairwise preferences from qrels,20,75,0.197368,20,1,False,0,0,0,0,0.0,0.0,0,0,20,ndcg_at_k,0.0,0,1.0,0.619048,1.0,1.0,0.25,1.0,1.0,8.6e-05,7.7e-05,1.9e-05,0.000448,3.8e-05,0.000965,0.002858
scidocs,c20b4068be640ebaffbc56382c3e4e0bcf62664e,hybrid_rrf_fas_regularized,qrels,label-derived pairwise preferences from qrels,20,75,0.197368,20,1,False,0,0,0,0,0.0,0.0,0,0,20,ndcg_at_k,0.0,0,1.0,0.619048,1.0,1.0,0.25,1.0,1.0,8.6e-05,7.7e-05,1.9e-05,0.000448,3.2e-05,0.000965,0.002858
scidocs,c20b4068be640ebaffbc56382c3e4e0bcf62664e,hybrid_rrf_balance_a05,qrels,label-derived pairwise preferences from qrels,20,75,0.197368,20,1,False,0,0,0,0,0.0,0.0,0,0,20,ndcg_at_k,0.0,0,1.0,0.619048,1.0,1.0,0.25,1.0,1.0,8.6e-05,7.7e-05,1.9e-05,0.000448,2.7e-05,0.000965,0.002858
scidocs,c20b4068be640ebaffbc56382c3e4e0bcf62664e,hybrid_rrf_copeland_a03,qrels,label-derived pairwise preferences from qrels,20,75,0.197368,20,1,False,0,0,0,0,0.0,0.0,0,0,20,ndcg_at_k,0.0,0,1.0,0.619048,1.0,1.0,0.25,1.0,1.0,8.6e-05,7.7e-05,1.9e-05,0.000448,2.1e-05,0.000965,0.002858
scidocs,c20b4068be640ebaffbc56382c3e4e0bcf62664e,hybrid_rrf_priority_topo_a03,qrels,label-derived pairwise preferences from qrels,20,75,0.197368,20,1,False,0,0,0,0,0.0,0.0,0,0,20,ndcg_at_k,0.0,0,-0.210526,0.333333,1.0,1.0,0.25,1.0,1.0,8.6e-05,7.7e-05,1.9e-05,0.000448,5.6e-05,0.000965,0.002858
scidocs,7323c2d32d6cdc3604dcedc574508d042ce3821e,score_sum,qrels,label-derived pairwise preferences from qrels,20,75,0.197368,20,1,False,0,0,0,0,0.0,0.0,0,0,20,ndcg_at_k,0.0,0,1.0,0.561905,1.0,1.0,0.25,1.0,1.0,8.2e-05,7.6e-05,1.9e-05,0.000421,2e-05,0.000961,0.002835
scidocs,7323c2d32d6cdc3604dcedc574508d042ce3821e,borda,qrels,label-derived pairwise preferences from qrels,20,75,0.197368,20,1,False,0,0,0,0,0.0,0.0,0,0,20,ndcg_at_k,0.0,0,1.0,0.561905,1.0,1.0,0.25,1.0,1.0,8.2e-05,7.6e-05,1.9e-05,0.000421,1.2e-05,0.000961,0.002835
scidocs,7323c2d32d6cdc3604dcedc574508d042ce3821e,pagerank,qrels,label-derived pairwise preferences from qrels,20,75,0.197368,20,1,False,0,0,0,0,0.0,0.0,0,0,20,ndcg_at_k,0.0,0,0.452632,0.485714,1.0,1.0,0.25,1.0,1.0,8.2e-05,7.6e-05,1.9e-05,0.000421,0.000961,0.000961,0.002835
scidocs,7323c2d32d6cdc3604dcedc574508d042ce3821e,greedy_fas_topological,qrels,label-derived pairwise preferences from qrels,20,75,0.197368,20,1,False,0,0,0,0,0.0,0.0,0,0,20,ndcg_at_k,0.0,0,0.452632,0.485714,1.0,1.0,0.25,1.0,1.0,8.2e-05,7.6e-05,1.9e-05,0.000421,3.8e-05,0.000961,0.002835
scidocs,7323c2d32d6cdc3604dcedc574508d042ce3821e,greedy_fas_weighted_balance,qrels,label-derived pairwise preferences from qrels,20,75,0.197368,20,1,False,0,0,0,0,0.0,0.0,0,0,20,ndcg_at_k,0.0,0,1.0,0.561905,1.0,1.0,0.25,1.0,1.0,8.2e-05,7.6e-05,1.9e-05,0.000421,2.5e-05,0.000961,0.002835
scidocs,7323c2d32d6cdc3604dcedc574508d042ce3821e,greedy_fas_copeland,qrels,label-derived pairwise preferences from qrels,20,75,0.197368,20,1,False,0,0,0,0,0.0,0.0,0,0,20,ndcg_at_k,0.0,0,1.0,0.561905,1.0,1.0,0.25,1.0,1.0,8.2e-05,7.6e-05,1.9e-05,0.000421,1.8e-05,0.000961,0.002835
scidocs,7323c2d32d6cdc3604dcedc574508d042ce3821e,greedy_fas_score_augmented_topological,qrels,label-derived pairwise preferences from qrels,20,75,0.197368,20,1,False,0,0,0,0,0.0,0.0,0,0,20,ndcg_at_k,0.0,0,-0.210526,0.390476,1.0,1.0,0.25,1.0,1.0,8.2e-05,7.6e-05,1.9e-05,0.000421,3.5e-05,0.000961,0.002835
scidocs,7323c2d32d6cdc3604dcedc574508d042ce3821e,fas_balance_score_prior_alpha_beta,qrels,label-derived pairwise preferences from qrels,20,75,0.197368,20,1,False,0,0,0,0,0.0,0.0,0,0,20,ndcg_at_k,0.0,0,1.0,0.561905,1.0,1.0,0.25,1.0,1.0,8.2e-05,7.6e-05,1.9e-05,0.000421,3.6e-05,0.000961,0.002835
scidocs,7323c2d32d6cdc3604dcedc574508d042ce3821e,hybrid_rrf_fas_regularized,qrels,label-derived pairwise preferences from qrels,20,75,0.197368,20,1,False,0,0,0,0,0.0,0.0,0,0,20,ndcg_at_k,0.0,0,1.0,0.561905,1.0,1.0,0.25,1.0,1.0,8.2e-05,7.6e-05,1.9e-05,0.000421,3e-05,0.000961,0.002835
scidocs,7323c2d32d6cdc3604dcedc574508d042ce3821e,hybrid_rrf_balance_a05,qrels,label-derived pairwise preferences from qrels,20,75,0.197368,20,1,False,0,0,0,0,0.0,0.0,0,0,20,ndcg_at_k,0.0,0,1.0,0.561905,1.0,1.0,0.25,1.0,1.0,8.2e-05,7.6e-05,1.9e-05,0.000421,2.6e-05,0.000961,0.002835
scidocs,7323c2d32d6cdc3604dcedc574508d042ce3821e,hybrid_rrf_copeland_a03,qrels,label-derived pairwise preferences from qrels,20,75,0.197368,20,1,False,0,0,0,0,0.0,0.0,0,0,20,ndcg_at_k,0.0,0,1.0,0.561905,1.0,1.0,0.25,1.0,1.0,8.2e-05,7.6e-05,1.9e-05,0.000421,2e-05,0.000961,0.002835
scidocs,7323c2d32d6cdc3604dcedc574508d042ce3821e,hybrid_rrf_priority_topo_a03,qrels,label-derived pairwise preferences from qrels,20,75,0.197368,20,1,False,0,0,0,0,0.0,0.0,0,0,20,ndcg_at_k,0.0,0,-0.210526,0.390476,1.0,1.0,0.25,1.0,1.0,8.2e-05,7.6e-05,1.9e-05,0.000421,5.5e-05,0.000961,0.002835
scidocs,e642d6014a5762128a28f85dae2228826e682974,score_sum,qrels,label-derived pairwise preferences from qrels,20,75,0.197368,20,1,False,0,0,0,0,0.0,0.0,0,0,20,ndcg_at_k,0.0,0,1.0,0.6,1.0,1.0,0.25,1.0,1.0,9.3e-05,7.7e-05,1.9e-05,0.000411,1.9e-05,0.000926,0.00277
scidocs,e642d6014a5762128a28f85dae2228826e682974,borda,qrels,label-derived pairwise preferences from qrels,20,75,0.197368,20,1,False,0,0,0,0,0.0,0.0,0,0,20,ndcg_at_k,0.0,0,1.0,0.6,1.0,1.0,0.25,1.0,1.0,9.3e-05,7.7e-05,1.9e-05,0.000411,1.2e-05,0.000926,0.00277
scidocs,e642d6014a5762128a28f85dae2228826e682974,pagerank,qrels,label-derived pairwise preferences from qrels,20,75,0.197368,20,1,False,0,0,0,0,0.0,0.0,0,0,20,ndcg_at_k,0.0,0,0.368421,0.485714,1.0,1.0,0.25,1.0,1.0,9.3e-05,7.7e-05,1.9e-05,0.000411,0.000934,0.000926,0.00277
scidocs,e642d6014a5762128a28f85dae2228826e682974,greedy_fas_topological,qrels,label-derived pairwise preferences from qrels,20,75,0.197368,20,1,False,0,0,0,0,0.0,0.0,0,0,20,ndcg_at_k,0.0,0,0.368421,0.485714,1.0,1.0,0.25,1.0,1.0,9.3e-05,7.7e-05,1.9e-05,0.000411,3.7e-05,0.000926,0.00277
scidocs,e642d6014a5762128a28f85dae2228826e682974,greedy_fas_weighted_balance,qrels,label-derived pairwise preferences from qrels,20,75,0.197368,20,1,False,0,0,0,0,0.0,0.0,0,0,20,ndcg_at_k,0.0,0,1.0,0.6,1.0,1.0,0.25,1.0,1.0,9.3e-05,7.7e-05,1.9e-05,0.000411,2.4e-05,0.000926,0.00277
scidocs,e642d6014a5762128a28f85dae2228826e682974,greedy_fas_copeland,qrels,label-derived pairwise preferences from qrels,20,75,0.197368,20,1,False,0,0,0,0,0.0,0.0,0,0,20,ndcg_at_k,0.0,0,1.0,0.6,1.0,1.0,0.25,1.0,1.0,9.3e-05,7.7e-05,1.9e-05,0.000411,1.7e-05,0.000926,0.00277
scidocs,e642d6014a5762128a28f85dae2228826e682974,greedy_fas_score_augmented_topological,qrels,label-derived pairwise preferences from qrels,20,75,0.197368,20,1,False,0,0,0,0,0.0,0.0,0,0,20,ndcg_at_k,0.0,0,-0.210526,0.352381,1.0,1.0,0.25,1.0,1.0,9.3e-05,7.7e-05,1.9e-05,0.000411,3.5e-05,0.000926,0.00277
scidocs,e642d6014a5762128a28f85dae2228826e682974,fas_balance_score_prior_alpha_beta,qrels,label-derived pairwise preferences from qrels,20,75,0.197368,20,1,False,0,0,0,0,0.0,0.0,0,0,20,ndcg_at_k,0.0,0,1.0,0.6,1.0,1.0,0.25,1.0,1.0,9.3e-05,7.7e-05,1.9e-05,0.000411,3.6e-05,0.000926,0.00277
scidocs,e642d6014a5762128a28f85dae2228826e682974,hybrid_rrf_fas_regularized,qrels,label-derived pairwise preferences from qrels,20,75,0.197368,20,1,False,0,0,0,0,0.0,0.0,0,0,20,ndcg_at_k,0.0,0,1.0,0.6,1.0,1.0,0.25,1.0,1.0,9.3e-05,7.7e-05,1.9e-05,0.000411,3e-05,0.000926,0.00277
scidocs,e642d6014a5762128a28f85dae2228826e682974,hybrid_rrf_balance_a05,qrels,label-derived pairwise preferences from qrels,20,75,0.197368,20,1,False,0,0,0,0,0.0,0.0,0,0,20,ndcg_at_k,0.0,0,1.0,0.6,1.0,1.0,0.25,1.0,1.0,9.3e-05,7.7e-05,1.9e-05,0.000411,2.5e-05,0.000926,0.00277
scidocs,e642d6014a5762128a28f85dae2228826e682974,hybrid_rrf_copeland_a03,qrels,label-derived pairwise preferences from qrels,20,75,0.197368,20,1,False,0,0,0,0,0.0,0.0,0,0,20,ndcg_at_k,0.0,0,1.0,0.6,1.0,1.0,0.25,1.0,1.0,9.3e-05,7.7e-05,1.9e-05,0.000411,2.1e-05,0.000926,0.00277
scidocs,e642d6014a5762128a28f85dae2228826e682974,hybrid_rrf_priority_topo_a03,qrels,label-derived pairwise preferences from qrels,20,75,0.197368,20,1,False,0,0,0,0,0.0,0.0,0,0,20,ndcg_at_k,0.0,0,-0.210526,0.352381,1.0,1.0,0.25,1.0,1.0,9.3e-05,7.7e-05,1.9e-05,0.000411,5.4e-05,0.000926,0.00277
scidocs,51ee97313309157219412b6f5dfb314682b33992,score_sum,qrels,label-derived pairwise preferences from qrels,20,75,0.197368,20,1,False,0,0,0,0,0.0,0.0,0,0,20,ndcg_at_k,0.0,0,1.0,0.504762,1.0,1.0,0.25,1.0,1.0,8.2e-05,0.00011,1.9e-05,0.000404,2e-05,0.00096,0.002821
scidocs,51ee97313309157219412b6f5dfb314682b33992,borda,qrels,label-derived pairwise preferences from qrels,20,75,0.197368,20,1,False,0,0,0,0,0.0,0.0,0,0,20,ndcg_at_k,0.0,0,1.0,0.504762,1.0,1.0,0.25,1.0,1.0,8.2e-05,0.00011,1.9e-05,0.000404,1.1e-05,0.00096,0.002821
scidocs,51ee97313309157219412b6f5dfb314682b33992,pagerank,qrels,label-derived pairwise preferences from qrels,20,75,0.197368,20,1,False,0,0,0,0,0.0,0.0,0,0,20,ndcg_at_k,0.0,0,0.263158,0.485714,1.0,1.0,0.25,1.0,1.0,8.2e-05,0.00011,1.9e-05,0.000404,0.000935,0.00096,0.002821
scidocs,51ee97313309157219412b6f5dfb314682b33992,greedy_fas_topological,qrels,label-derived pairwise preferences from qrels,20,75,0.197368,20,1,False,0,0,0,0,0.0,0.0,0,0,20,ndcg_at_k,0.0,0,0.263158,0.485714,1.0,1.0,0.25,1.0,1.0,8.2e-05,0.00011,1.9e-05,0.000404,3.7e-05,0.00096,0.002821
scidocs,51ee97313309157219412b6f5dfb314682b33992,greedy_fas_weighted_balance,qrels,label-derived pairwise preferences from qrels,20,75,0.197368,20,1,False,0,0,0,0,0.0,0.0,0,0,20,ndcg_at_k,0.0,0,1.0,0.504762,1.0,1.0,0.25,1.0,1.0,8.2e-05,0.00011,1.9e-05,0.000404,2.5e-05,0.00096,0.002821
scidocs,51ee97313309157219412b6f5dfb314682b33992,greedy_fas_copeland,qrels,label-derived pairwise preferences from qrels,20,75,0.197368,20,1,False,0,0,0,0,0.0,0.0,0,0,20,ndcg_at_k,0.0,0,1.0,0.504762,1.0,1.0,0.25,1.0,1.0,8.2e-05,0.00011,1.9e-05,0.000404,1.7e-05,0.00096,0.002821
scidocs,51ee97313309157219412b6f5dfb314682b33992,greedy_fas_score_augmented_topological,qrels,label-derived pairwise preferences from qrels,20,75,0.197368,20,1,False,0,0,0,0,0.0,0.0,0,0,20,ndcg_at_k,0.0,0,-0.210526,0.447619,1.0,1.0,0.25,1.0,1.0,8.2e-05,0.00011,1.9e-05,0.000404,3.4e-05,0.00096,0.002821
scidocs,51ee97313309157219412b6f5dfb314682b33992,fas_balance_score_prior_alpha_beta,qrels,label-derived pairwise preferences from qrels,20,75,0.197368,20,1,False,0,0,0,0,0.0,0.0,0,0,20,ndcg_at_k,0.0,0,1.0,0.504762,1.0,1.0,0.25,1.0,1.0,8.2e-05,0.00011,1.9e-05,0.000404,3.6e-05,0.00096,0.002821
scidocs,51ee97313309157219412b6f5dfb314682b33992,hybrid_rrf_fas_regularized,qrels,label-derived pairwise preferences from qrels,20,75,0.197368,20,1,False,0,0,0,0,0.0,0.0,0,0,20,ndcg_at_k,0.0,0,1.0,0.504762,1.0,1.0,0.25,1.0,1.0,8.2e-05,0.00011,1.9e-05,0.000404,3e-05,0.00096,0.002821
scidocs,51ee97313309157219412b6f5dfb314682b33992,hybrid_rrf_balance_a05,qrels,label-derived pairwise preferences from qrels,20,75,0.197368,20,1,False,0,0,0,0,0.0,0.0,0,0,20,ndcg_at_k,0.0,0,1.0,0.504762,1.0,1.0,0.25,1.0,1.0,8.2e-05,0.00011,1.9e-05,0.000404,2.6e-05,0.00096,0.002821
scidocs,51ee97313309157219412b6f5dfb314682b33992,hybrid_rrf_copeland_a03,qrels,label-derived pairwise preferences from qrels,20,75,0.197368,20,1,False,0,0,0,0,0.0,0.0,0,0,20,ndcg_at_k,0.0,0,1.0,0.504762,1.0,1.0,0.25,1.0,1.0,8.2e-05,0.00011,1.9e-05,0.000404,2.1e-05,0.00096,0.002821
scidocs,51ee97313309157219412b6f5dfb314682b33992,hybrid_rrf_priority_topo_a03,qrels,label-derived pairwise preferences from qrels,20,75,0.197368,20,1,False,0,0,0,0,0.0,0.0,0,0,20,ndcg_at_k,0.0,0,-0.210526,0.447619,1.0,1.0,0.25,1.0,1.0,8.2e-05,0.00011,1.9e-05,0.000404,5.4e-05,0.00096,0.002821
scidocs,866b1a9819f662ac2499be231965ded8e0323c7f,score_sum,qrels,label-derived pairwise preferences from qrels,20,75,0.197368,20,1,False,0,0,0,0,0.0,0.0,0,0,20,ndcg_at_k,0.0,0,1.0,0.504762,1.0,1.0,0.25,1.0,1.0,8.5e-05,7.6e-05,2e-05,0.000458,2e-05,0.000938,0.002839
scidocs,866b1a9819f662ac2499be231965ded8e0323c7f,borda,qrels,label-derived pairwise preferences from qrels,20,75,0.197368,20,1,False,0,0,0,0,0.0,0.0,0,0,20,ndcg_at_k,0.0,0,1.0,0.504762,1.0,1.0,0.25,1.0,1.0,8.5e-05,7.6e-05,2e-05,0.000458,1.2e-05,0.000938,0.002839
scidocs,866b1a9819f662ac2499be231965ded8e0323c7f,pagerank,qrels,label-derived pairwise preferences from qrels,20,75,0.197368,20,1,False,0,0,0,0,0.0,0.0,0,0,20,ndcg_at_k,0.0,0,0.252632,0.485714,1.0,1.0,0.25,1.0,1.0,8.5e-05,7.6e-05,2e-05,0.000458,0.000943,0.000938,0.002839
scidocs,866b1a9819f662ac2499be231965ded8e0323c7f,greedy_fas_topological,qrels,label-derived pairwise preferences from qrels,20,75,0.197368,20,1,False,0,0,0,0,0.0,0.0,0,0,20,ndcg_at_k,0.0,0,0.252632,0.485714,1.0,1.0,0.25,1.0,1.0,8.5e-05,7.6e-05,2e-05,0.000458,3.9e-05,0.000938,0.002839
scidocs,866b1a9819f662ac2499be231965ded8e0323c7f,greedy_fas_weighted_balance,qrels,label-derived pairwise preferences from qrels,20,75,0.197368,20,1,False,0,0,0,0,0.0,0.0,0,0,20,ndcg_at_k,0.0,0,1.0,0.504762,1.0,1.0,0.25,1.0,1.0,8.5e-05,7.6e-05,2e-05,0.000458,2.5e-05,0.000938,0.002839
scidocs,866b1a9819f662ac2499be231965ded8e0323c7f,greedy_fas_copeland,qrels,label-derived pairwise preferences from qrels,20,75,0.197368,20,1,False,0,0,0,0,0.0,0.0,0,0,20,ndcg_at_k,0.0,0,1.0,0.504762,1.0,1.0,0.25,1.0,1.0,8.5e-05,7.6e-05,2e-05,0.000458,1.8e-05,0.000938,0.002839
scidocs,866b1a9819f662ac2499be231965ded8e0323c7f,greedy_fas_score_augmented_topological,qrels,label-derived pairwise preferences from qrels,20,75,0.197368,20,1,False,0,0,0,0,0.0,0.0,0,0,20,ndcg_at_k,0.0,0,-0.210526,0.447619,1.0,1.0,0.25,1.0,1.0,8.5e-05,7.6e-05,2e-05,0.000458,3.6e-05,0.000938,0.002839
scidocs,866b1a9819f662ac2499be231965ded8e0323c7f,fas_balance_score_prior_alpha_beta,qrels,label-derived pairwise preferences from qrels,20,75,0.197368,20,1,False,0,0,0,0,0.0,0.0,0,0,20,ndcg_at_k,0.0,0,1.0,0.504762,1.0,1.0,0.25,1.0,1.0,8.5e-05,7.6e-05,2e-05,0.000458,3.8e-05,0.000938,0.002839
scidocs,866b1a9819f662ac2499be231965ded8e0323c7f,hybrid_rrf_fas_regularized,qrels,label-derived pairwise preferences from qrels,20,75,0.197368,20,1,False,0,0,0,0,0.0,0.0,0,0,20,ndcg_at_k,0.0,0,1.0,0.504762,1.0,1.0,0.25,1.0,1.0,8.5e-05,7.6e-05,2e-05,0.000458,3e-05,0.000938,0.002839
scidocs,866b1a9819f662ac2499be231965ded8e0323c7f,hybrid_rrf_balance_a05,qrels,label-derived pairwise preferences from qrels,20,75,0.197368,20,1,False,0,0,0,0,0.0,0.0,0,0,20,ndcg_at_k,0.0,0,1.0,0.504762,1.0,1.0,0.25,1.0,1.0,8.5e-05,7.6e-05,2e-05,0.000458,2.5e-05,0.000938,0.002839
scidocs,866b1a9819f662ac2499be231965ded8e0323c7f,hybrid_rrf_copeland_a03,qrels,label-derived pairwise preferences from qrels,20,75,0.197368,20,1,False,0,0,0,0,0.0,0.0,0,0,20,ndcg_at_k,0.0,0,1.0,0.504762,1.0,1.0,0.25,1.0,1.0,8.5e-05,7.6e-05,2e-05,0.000458,2.1e-05,0.000938,0.002839
scidocs,866b1a9819f662ac2499be231965ded8e0323c7f,hybrid_rrf_priority_topo_a03,qrels,label-derived pairwise preferences from qrels,20,75,0.197368,20,1,False,0,0,0,0,0.0,0.0,0,0,20,ndcg_at_k,0.0,0,-0.210526,0.447619,1.0,1.0,0.25,1.0,1.0,8.5e-05,7.6e-05,2e-05,0.000458,5.5e-05,0.000938,0.002839
scidocs,a829c1093eb4d78a198ebb9b4a33a8137b0359df,score_sum,qrels,label-derived pairwise preferences from qrels,20,75,0.197368,20,1,False,0,0,0,0,0.0,0.0,0,0,20,ndcg_at_k,0.0,0,1.0,0.542857,1.0,1.0,0.25,1.0,1.0,8.5e-05,7.4e-05,1.9e-05,0.000419,1.9e-05,0.00091,0.002776
scidocs,a829c1093eb4d78a198ebb9b4a33a8137b0359df,borda,qrels,label-derived pairwise preferences from qrels,20,75,0.197368,20,1,False,0,0,0,0,0.0,0.0,0,0,20,ndcg_at_k,0.0,0,1.0,0.542857,1.0,1.0,0.25,1.0,1.0,8.5e-05,7.4e-05,1.9e-05,0.000419,1.2e-05,0.00091,0.002776
scidocs,a829c1093eb4d78a198ebb9b4a33a8137b0359df,pagerank,qrels,label-derived pairwise preferences from qrels,20,75,0.197368,20,1,False,0,0,0,0,0.0,0.0,0,0,20,ndcg_at_k,0.0,0,0.421053,0.485714,1.0,1.0,0.25,1.0,1.0,8.5e-05,7.4e-05,1.9e-05,0.000419,0.00096,0.00091,0.002776
scidocs,a829c1093eb4d78a198ebb9b4a33a8137b0359df,greedy_fas_topological,qrels,label-derived pairwise preferences from qrels,20,75,0.197368,20,1,False,0,0,0,0,0.0,0.0,0,0,20,ndcg_at_k,0.0,0,0.421053,0.485714,1.0,1.0,0.25,1.0,1.0,8.5e-05,7.4e-05,1.9e-05,0.000419,3.8e-05,0.00091,0.002776
scidocs,a829c1093eb4d78a198ebb9b4a33a8137b0359df,greedy_fas_weighted_balance,qrels,label-derived pairwise preferences from qrels,20,75,0.197368,20,1,False,0,0,0,0,0.0,0.0,0,0,20,ndcg_at_k,0.0,0,1.0,0.542857,1.0,1.0,0.25,1.0,1.0,8.5e-05,7.4e-05,1.9e-05,0.000419,2.4e-05,0.00091,0.002776
scidocs,a829c1093eb4d78a198ebb9b4a33a8137b0359df,greedy_fas_copeland,qrels,label-derived pairwise preferences from qrels,20,75,0.197368,20,1,False,0,0,0,0,0.0,0.0,0,0,20,ndcg_at_k,0.0,0,1.0,0.542857,1.0,1.0,0.25,1.0,1.0,8.5e-05,7.4e-05,1.9e-05,0.000419,1.7e-05,0.00091,0.002776
scidocs,a829c1093eb4d78a198ebb9b4a33a8137b0359df,greedy_fas_score_augmented_topological,qrels,label-derived pairwise preferences from qrels,20,75,0.197368,20,1,False,0,0,0,0,0.0,0.0,0,0,20,ndcg_at_k,0.0,0,-0.210526,0.409524,1.0,1.0,0.25,1.0,1.0,8.5e-05,7.4e-05,1.9e-05,0.000419,3.4e-05,0.00091,0.002776
scidocs,a829c1093eb4d78a198ebb9b4a33a8137b0359df,fas_balance_score_prior_alpha_beta,qrels,label-derived pairwise preferences from qrels,20,75,0.197368,20,1,False,0,0,0,0,0.0,0.0,0,0,20,ndcg_at_k,0.0,0,1.0,0.542857,1.0,1.0,0.25,1.0,1.0,8.5e-05,7.4e-05,1.9e-05,0.000419,3.4e-05,0.00091,0.002776
scidocs,a829c1093eb4d78a198ebb9b4a33a8137b0359df,hybrid_rrf_fas_regularized,qrels,label-derived pairwise preferences from qrels,20,75,0.197368,20,1,False,0,0,0,0,0.0,0.0,0,0,20,ndcg_at_k,0.0,0,1.0,0.542857,1.0,1.0,0.25,1.0,1.0,8.5e-05,7.4e-05,1.9e-05,0.000419,2.9e-05,0.00091,0.002776
scidocs,a829c1093eb4d78a198ebb9b4a33a8137b0359df,hybrid_rrf_balance_a05,qrels,label-derived pairwise preferences from qrels,20,75,0.197368,20,1,False,0,0,0,0,0.0,0.0,0,0,20,ndcg_at_k,0.0,0,1.0,0.542857,1.0,1.0,0.25,1.0,1.0,8.5e-05,7.4e-05,1.9e-05,0.000419,2.4e-05,0.00091,0.002776
scidocs,a829c1093eb4d78a198ebb9b4a33a8137b0359df,hybrid_rrf_copeland_a03,qrels,label-derived pairwise preferences from qrels,20,75,0.197368,20,1,False,0,0,0,0,0.0,0.0,0,0,20,ndcg_at_k,0.0,0,1.0,0.542857,1.0,1.0,0.25,1.0,1.0,8.5e-05,7.4e-05,1.9e-05,0.000419,2.1e-05,0.00091,0.002776
scidocs,a829c1093eb4d78a198ebb9b4a33a8137b0359df,hybrid_rrf_priority_topo_a03,qrels,label-derived pairwise preferences from qrels,20,75,0.197368,20,1,False,0,0,0,0,0.0,0.0,0,0,20,ndcg_at_k,0.0,0,-0.210526,0.409524,1.0,1.0,0.25,1.0,1.0,8.5e-05,7.4e-05,1.9e-05,0.000419,5.7e-05,0.00091,0.002776
scidocs,0ce7927d613e66a2062516e9e85e1b9a36d54029,score_sum,qrels,label-derived pairwise preferences from qrels,20,75,0.197368,20,1,False,0,0,0,0,0.0,0.0,0,0,20,ndcg_at_k,0.0,0,1.0,0.447619,1.0,1.0,0.25,1.0,1.0,8.2e-05,7.7e-05,1.9e-05,0.000429,1.9e-05,0.00091,0.002775
scidocs,0ce7927d613e66a2062516e9e85e1b9a36d54029,borda,qrels,label-derived pairwise preferences from qrels,20,75,0.197368,20,1,False,0,0,0,0,0.0,0.0,0,0,20,ndcg_at_k,0.0,0,1.0,0.447619,1.0,1.0,0.25,1.0,1.0,8.2e-05,7.7e-05,1.9e-05,0.000429,1.2e-05,0.00091,0.002775
scidocs,0ce7927d613e66a2062516e9e85e1b9a36d54029,pagerank,qrels,label-derived pairwise preferences from qrels,20,75,0.197368,20,1,False,0,0,0,0,0.0,0.0,0,0,20,ndcg_at_k,0.0,0,0.484211,0.485714,1.0,1.0,0.25,1.0,1.0,8.2e-05,7.7e-05,1.9e-05,0.000429,0.000945,0.00091,0.002775
scidocs,0ce7927d613e66a2062516e9e85e1b9a36d54029,greedy_fas_topological,qrels,label-derived pairwise preferences from qrels,20,75,0.197368,20,1,False,0,0,0,0,0.0,0.0,0,0,20,ndcg_at_k,0.0,0,0.484211,0.485714,1.0,1.0,0.25,1.0,1.0,8.2e-05,7.7e-05,1.9e-05,0.000429,3.7e-05,0.00091,0.002775
scidocs,0ce7927d613e66a2062516e9e85e1b9a36d54029,greedy_fas_weighted_balance,qrels,label-derived pairwise preferences from qrels,20,75,0.197368,20,1,False,0,0,0,0,0.0,0.0,0,0,20,ndcg_at_k,0.0,0,1.0,0.447619,1.0,1.0,0.25,1.0,1.0,8.2e-05,7.7e-05,1.9e-05,0.000429,2.5e-05,0.00091,0.002775
scidocs,0ce7927d613e66a2062516e9e85e1b9a36d54029,greedy_fas_copeland,qrels,label-derived pairwise preferences from qrels,20,75,0.197368,20,1,False,0,0,0,0,0.0,0.0,0,0,20,ndcg_at_k,0.0,0,1.0,0.447619,1.0,1.0,0.25,1.0,1.0,8.2e-05,7.7e-05,1.9e-05,0.000429,1.8e-05,0.00091,0.002775
scidocs,0ce7927d613e66a2062516e9e85e1b9a36d54029,greedy_fas_score_augmented_topological,qrels,label-derived pairwise preferences from qrels,20,75,0.197368,20,1,False,0,0,0,0,0.0,0.0,0,0,20,ndcg_at_k,0.0,0,-0.210526,0.504762,1.0,1.0,0.25,1.0,1.0,8.2e-05,7.7e-05,1.9e-05,0.000429,3.4e-05,0.00091,0.002775
scidocs,0ce7927d613e66a2062516e9e85e1b9a36d54029,fas_balance_score_prior_alpha_beta,qrels,label-derived pairwise preferences from qrels,20,75,0.197368,20,1,False,0,0,0,0,0.0,0.0,0,0,20,ndcg_at_k,0.0,0,1.0,0.447619,1.0,1.0,0.25,1.0,1.0,8.2e-05,7.7e-05,1.9e-05,0.000429,3.7e-05,0.00091,0.002775
scidocs,0ce7927d613e66a2062516e9e85e1b9a36d54029,hybrid_rrf_fas_regularized,qrels,label-derived pairwise preferences from qrels,20,75,0.197368,20,1,False,0,0,0,0,0.0,0.0,0,0,20,ndcg_at_k,0.0,0,1.0,0.447619,1.0,1.0,0.25,1.0,1.0,8.2e-05,7.7e-05,1.9e-05,0.000429,3.2e-05,0.00091,0.002775
scidocs,0ce7927d613e66a2062516e9e85e1b9a36d54029,hybrid_rrf_balance_a05,qrels,label-derived pairwise preferences from qrels,20,75,0.197368,20,1,False,0,0,0,0,0.0,0.0,0,0,20,ndcg_at_k,0.0,0,1.0,0.447619,1.0,1.0,0.25,1.0,1.0,8.2e-05,7.7e-05,1.9e-05,0.000429,2.5e-05,0.00091,0.002775
scidocs,0ce7927d613e66a2062516e9e85e1b9a36d54029,hybrid_rrf_copeland_a03,qrels,label-derived pairwise preferences from qrels,20,75,0.197368,20,1,False,0,0,0,0,0.0,0.0,0,0,20,ndcg_at_k,0.0,0,1.0,0.447619,1.0,1.0,0.25,1.0,1.0,8.2e-05,7.7e-05,1.9e-05,0.000429,2e-05,0.00091,0.002775
scidocs,0ce7927d613e66a2062516e9e85e1b9a36d54029,hybrid_rrf_priority_topo_a03,qrels,label-derived pairwise preferences from qrels,20,75,0.197368,20,1,False,0,0,0,0,0.0,0.0,0,0,20,ndcg_at_k,0.0,0,-0.210526,0.504762,1.0,1.0,0.25,1.0,1.0,8.2e-05,7.7e-05,1.9e-05,0.000429,5.4e-05,0.00091,0.002775
scidocs,6079719b677d0abda12abcd5cd46582ca91585ad,score_sum,qrels,label-derived pairwise preferences from qrels,20,75,0.197368,20,1,False,0,0,0,0,0.0,0.0,0,0,20,ndcg_at_k,0.0,0,1.0,0.542857,1.0,1.0,0.25,1.0,1.0,8.2e-05,0.000108,1.9e-05,0.000404,1.9e-05,0.000892,0.002746
scidocs,6079719b677d0abda12abcd5cd46582ca91585ad,borda,qrels,label-derived pairwise preferences from qrels,20,75,0.197368,20,1,False,0,0,0,0,0.0,0.0,0,0,20,ndcg_at_k,0.0,0,1.0,0.542857,1.0,1.0,0.25,1.0,1.0,8.2e-05,0.000108,1.9e-05,0.000404,1.2e-05,0.000892,0.002746
scidocs,6079719b677d0abda12abcd5cd46582ca91585ad,pagerank,qrels,label-derived pairwise preferences from qrels,20,75,0.197368,20,1,False,0,0,0,0,0.0,0.0,0,0,20,ndcg_at_k,0.0,0,0.505263,0.485714,1.0,1.0,0.25,1.0,1.0,8.2e-05,0.000108,1.9e-05,0.000404,0.000931,0.000892,0.002746
scidocs,6079719b677d0abda12abcd5cd46582ca91585ad,greedy_fas_topological,qrels,label-derived pairwise preferences from qrels,20,75,0.197368,20,1,False,0,0,0,0,0.0,0.0,0,0,20,ndcg_at_k,0.0,0,0.505263,0.485714,1.0,1.0,0.25,1.0,1.0,8.2e-05,0.000108,1.9e-05,0.000404,3.7e-05,0.000892,0.002746
scidocs,6079719b677d0abda12abcd5cd46582ca91585ad,greedy_fas_weighted_balance,qrels,label-derived pairwise preferences from qrels,20,75,0.197368,20,1,False,0,0,0,0,0.0,0.0,0,0,20,ndcg_at_k,0.0,0,1.0,0.542857,1.0,1.0,0.25,1.0,1.0,8.2e-05,0.000108,1.9e-05,0.000404,2.4e-05,0.000892,0.002746
scidocs,6079719b677d0abda12abcd5cd46582ca91585ad,greedy_fas_copeland,qrels,label-derived pairwise preferences from qrels,20,75,0.197368,20,1,False,0,0,0,0,0.0,0.0,0,0,20,ndcg_at_k,0.0,0,1.0,0.542857,1.0,1.0,0.25,1.0,1.0,8.2e-05,0.000108,1.9e-05,0.000404,1.8e-05,0.000892,0.002746
scidocs,6079719b677d0abda12abcd5cd46582ca91585ad,greedy_fas_score_augmented_topological,qrels,label-derived pairwise preferences from qrels,20,75,0.197368,20,1,False,0,0,0,0,0.0,0.0,0,0,20,ndcg_at_k,0.0,0,-0.210526,0.409524,1.0,1.0,0.25,1.0,1.0,8.2e-05,0.000108,1.9e-05,0.000404,3.3e-05,0.000892,0.002746
scidocs,6079719b677d0abda12abcd5cd46582ca91585ad,fas_balance_score_prior_alpha_beta,qrels,label-derived pairwise preferences from qrels,20,75,0.197368,20,1,False,0,0,0,0,0.0,0.0,0,0,20,ndcg_at_k,0.0,0,1.0,0.542857,1.0,1.0,0.25,1.0,1.0,8.2e-05,0.000108,1.9e-05,0.000404,3.6e-05,0.000892,0.002746
scidocs,6079719b677d0abda12abcd5cd46582ca91585ad,hybrid_rrf_fas_regularized,qrels,label-derived pairwise preferences from qrels,20,75,0.197368,20,1,False,0,0,0,0,0.0,0.0,0,0,20,ndcg_at_k,0.0,0,1.0,0.542857,1.0,1.0,0.25,1.0,1.0,8.2e-05,0.000108,1.9e-05,0.000404,3.1e-05,0.000892,0.002746
scidocs,6079719b677d0abda12abcd5cd46582ca91585ad,hybrid_rrf_balance_a05,qrels,label-derived pairwise preferences from qrels,20,75,0.197368,20,1,False,0,0,0,0,0.0,0.0,0,0,20,ndcg_at_k,0.0,0,1.0,0.542857,1.0,1.0,0.25,1.0,1.0,8.2e-05,0.000108,1.9e-05,0.000404,2.6e-05,0.000892,0.002746
scidocs,6079719b677d0abda12abcd5cd46582ca91585ad,hybrid_rrf_copeland_a03,qrels,label-derived pairwise preferences from qrels,20,75,0.197368,20,1,False,0,0,0,0,0.0,0.0,0,0,20,ndcg_at_k,0.0,0,1.0,0.542857,1.0,1.0,0.25,1.0,1.0,8.2e-05,0.000108,1.9e-05,0.000404,2e-05,0.000892,0.002746
scidocs,6079719b677d0abda12abcd5cd46582ca91585ad,hybrid_rrf_priority_topo_a03,qrels,label-derived pairwise preferences from qrels,20,75,0.197368,20,1,False,0,0,0,0,0.0,0.0,0,0,20,ndcg_at_k,0.0,0,-0.210526,0.409524,1.0,1.0,0.25,1.0,1.0,8.2e-05,0.000108,1.9e-05,0.000404,5.4e-05,0.000892,0.002746
scidocs,0daf48d0ce4e4200a753c28519f5761b160944fb,score_sum,qrels,label-derived pairwise preferences from qrels,20,75,0.197368,20,1,False,0,0,0,0,0.0,0.0,0,0,20,ndcg_at_k,0.0,0,1.0,0.504762,1.0,1.0,0.25,1.0,1.0,8.2e-05,9.5e-05,1.9e-05,0.000691,2e-05,0.000888,0.003085
scidocs,0daf48d0ce4e4200a753c28519f5761b160944fb,borda,qrels,label-derived pairwise preferences from qrels,20,75,0.197368,20,1,False,0,0,0,0,0.0,0.0,0,0,20,ndcg_at_k,0.0,0,1.0,0.504762,1.0,1.0,0.25,1.0,1.0,8.2e-05,9.5e-05,1.9e-05,0.000691,1.3e-05,0.000888,0.003085
scidocs,0daf48d0ce4e4200a753c28519f5761b160944fb,pagerank,qrels,label-derived pairwise preferences from qrels,20,75,0.197368,20,1,False,0,0,0,0,0.0,0.0,0,0,20,ndcg_at_k,0.0,0,0.326316,0.485714,1.0,1.0,0.25,1.0,1.0,8.2e-05,9.5e-05,1.9e-05,0.000691,0.000988,0.000888,0.003085
scidocs,0daf48d0ce4e4200a753c28519f5761b160944fb,greedy_fas_topological,qrels,label-derived pairwise preferences from qrels,20,75,0.197368,20,1,False,0,0,0,0,0.0,0.0,0,0,20,ndcg_at_k,0.0,0,0.326316,0.485714,1.0,1.0,0.25,1.0,1.0,8.2e-05,9.5e-05,1.9e-05,0.000691,4.2e-05,0.000888,0.003085
scidocs,0daf48d0ce4e4200a753c28519f5761b160944fb,greedy_fas_weighted_balance,qrels,label-derived pairwise preferences from qrels,20,75,0.197368,20,1,False,0,0,0,0,0.0,0.0,0,0,20,ndcg_at_k,0.0,0,1.0,0.504762,1.0,1.0,0.25,1.0,1.0,8.2e-05,9.5e-05,1.9e-05,0.000691,2.7e-05,0.000888,0.003085
scidocs,0daf48d0ce4e4200a753c28519f5761b160944fb,greedy_fas_copeland,qrels,label-derived pairwise preferences from qrels,20,75,0.197368,20,1,False,0,0,0,0,0.0,0.0,0,0,20,ndcg_at_k,0.0,0,1.0,0.504762,1.0,1.0,0.25,1.0,1.0,8.2e-05,9.5e-05,1.9e-05,0.000691,1.8e-05,0.000888,0.003085
scidocs,0daf48d0ce4e4200a753c28519f5761b160944fb,greedy_fas_score_augmented_topological,qrels,label-derived pairwise preferences from qrels,20,75,0.197368,20,1,False,0,0,0,0,0.0,0.0,0,0,20,ndcg_at_k,0.0,0,-0.210526,0.447619,1.0,1.0,0.25,1.0,1.0,8.2e-05,9.5e-05,1.9e-05,0.000691,3.4e-05,0.000888,0.003085
scidocs,0daf48d0ce4e4200a753c28519f5761b160944fb,fas_balance_score_prior_alpha_beta,qrels,label-derived pairwise preferences from qrels,20,75,0.197368,20,1,False,0,0,0,0,0.0,0.0,0,0,20,ndcg_at_k,0.0,0,1.0,0.504762,1.0,1.0,0.25,1.0,1.0,8.2e-05,9.5e-05,1.9e-05,0.000691,3.5e-05,0.000888,0.003085
scidocs,0daf48d0ce4e4200a753c28519f5761b160944fb,hybrid_rrf_fas_regularized,qrels,label-derived pairwise preferences from qrels,20,75,0.197368,20,1,False,0,0,0,0,0.0,0.0,0,0,20,ndcg_at_k,0.0,0,1.0,0.504762,1.0,1.0,0.25,1.0,1.0,8.2e-05,9.5e-05,1.9e-05,0.000691,3e-05,0.000888,0.003085
scidocs,0daf48d0ce4e4200a753c28519f5761b160944fb,hybrid_rrf_balance_a05,qrels,label-derived pairwise preferences from qrels,20,75,0.197368,20,1,False,0,0,0,0,0.0,0.0,0,0,20,ndcg_at_k,0.0,0,1.0,0.504762,1.0,1.0,0.25,1.0,1.0,8.2e-05,9.5e-05,1.9e-05,0.000691,2.6e-05,0.000888,0.003085
scidocs,0daf48d0ce4e4200a753c28519f5761b160944fb,hybrid_rrf_copeland_a03,qrels,label-derived pairwise preferences from qrels,20,75,0.197368,20,1,False,0,0,0,0,0.0,0.0,0,0,20,ndcg_at_k,0.0,0,1.0,0.504762,1.0,1.0,0.25,1.0,1.0,8.2e-05,9.5e-05,1.9e-05,0.000691,2.2e-05,0.000888,0.003085
scidocs,0daf48d0ce4e4200a753c28519f5761b160944fb,hybrid_rrf_priority_topo_a03,qrels,label-derived pairwise preferences from qrels,20,75,0.197368,20,1,False,0,0,0,0,0.0,0.0,0,0,20,ndcg_at_k,0.0,0,-0.210526,0.447619,1.0,1.0,0.25,1.0,1.0,8.2e-05,9.5e-05,1.9e-05,0.000691,5.5e-05,0.000888,0.003085
scidocs,3ad8328b066bedca77c858a399a77521563d5c99,score_sum,qrels,label-derived pairwise preferences from qrels,20,75,0.197368,20,1,False,0,0,0,0,0.0,0.0,0,0,20,ndcg_at_k,0.0,0,1.0,0.428571,1.0,1.0,0.25,1.0,1.0,9.8e-05,7.9e-05,2e-05,0.000419,2e-05,0.000949,0.002895
scidocs,3ad8328b066bedca77c858a399a77521563d5c99,borda,qrels,label-derived pairwise preferences from qrels,20,75,0.197368,20,1,False,0,0,0,0,0.0,0.0,0,0,20,ndcg_at_k,0.0,0,1.0,0.428571,1.0,1.0,0.25,1.0,1.0,9.8e-05,7.9e-05,2e-05,0.000419,1.2e-05,0.000949,0.002895
scidocs,3ad8328b066bedca77c858a399a77521563d5c99,pagerank,qrels,label-derived pairwise preferences from qrels,20,75,0.197368,20,1,False,0,0,0,0,0.0,0.0,0,0,20,ndcg_at_k,0.0,0,0.421053,0.485714,1.0,1.0,0.25,1.0,1.0,9.8e-05,7.9e-05,2e-05,0.000419,0.001003,0.000949,0.002895
scidocs,3ad8328b066bedca77c858a399a77521563d5c99,greedy_fas_topological,qrels,label-derived pairwise preferences from qrels,20,75,0.197368,20,1,False,0,0,0,0,0.0,0.0,0,0,20,ndcg_at_k,0.0,0,0.421053,0.485714,1.0,1.0,0.25,1.0,1.0,9.8e-05,7.9e-05,2e-05,0.000419,4.1e-05,0.000949,0.002895
scidocs,3ad8328b066bedca77c858a399a77521563d5c99,greedy_fas_weighted_balance,qrels,label-derived pairwise preferences from qrels,20,75,0.197368,20,1,False,0,0,0,0,0.0,0.0,0,0,20,ndcg_at_k,0.0,0,1.0,0.428571,1.0,1.0,0.25,1.0,1.0,9.8e-05,7.9e-05,2e-05,0.000419,2.6e-05,0.000949,0.002895
scidocs,3ad8328b066bedca77c858a399a77521563d5c99,greedy_fas_copeland,qrels,label-derived pairwise preferences from qrels,20,75,0.197368,20,1,False,0,0,0,0,0.0,0.0,0,0,20,ndcg_at_k,0.0,0,1.0,0.428571,1.0,1.0,0.25,1.0,1.0,9.8e-05,7.9e-05,2e-05,0.000419,1.8e-05,0.000949,0.002895
scidocs,3ad8328b066bedca77c858a399a77521563d5c99,greedy_fas_score_augmented_topological,qrels,label-derived pairwise preferences from qrels,20,75,0.197368,20,1,False,0,0,0,0,0.0,0.0,0,0,20,ndcg_at_k,0.0,0,-0.210526,0.52381,1.0,1.0,0.25,1.0,1.0,9.8e-05,7.9e-05,2e-05,0.000419,3.6e-05,0.000949,0.002895
scidocs,3ad8328b066bedca77c858a399a77521563d5c99,fas_balance_score_prior_alpha_beta,qrels,label-derived pairwise preferences from qrels,20,75,0.197368,20,1,False,0,0,0,0,0.0,0.0,0,0,20,ndcg_at_k,0.0,0,1.0,0.428571,1.0,1.0,0.25,1.0,1.0,9.8e-05,7.9e-05,2e-05,0.000419,3.8e-05,0.000949,0.002895
scidocs,3ad8328b066bedca77c858a399a77521563d5c99,hybrid_rrf_fas_regularized,qrels,label-derived pairwise preferences from qrels,20,75,0.197368,20,1,False,0,0,0,0,0.0,0.0,0,0,20,ndcg_at_k,0.0,0,1.0,0.428571,1.0,1.0,0.25,1.0,1.0,9.8e-05,7.9e-05,2e-05,0.000419,3.2e-05,0.000949,0.002895
scidocs,3ad8328b066bedca77c858a399a77521563d5c99,hybrid_rrf_balance_a05,qrels,label-derived pairwise preferences from qrels,20,75,0.197368,20,1,False,0,0,0,0,0.0,0.0,0,0,20,ndcg_at_k,0.0,0,1.0,0.428571,1.0,1.0,0.25,1.0,1.0,9.8e-05,7.9e-05,2e-05,0.000419,2.7e-05,0.000949,0.002895
scidocs,3ad8328b066bedca77c858a399a77521563d5c99,hybrid_rrf_copeland_a03,qrels,label-derived pairwise preferences from qrels,20,75,0.197368,20,1,False,0,0,0,0,0.0,0.0,0,0,20,ndcg_at_k,0.0,0,1.0,0.428571,1.0,1.0,0.25,1.0,1.0,9.8e-05,7.9e-05,2e-05,0.000419,2.2e-05,0.000949,0.002895
scidocs,3ad8328b066bedca77c858a399a77521563d5c99,hybrid_rrf_priority_topo_a03,qrels,label-derived pairwise preferences from qrels,20,75,0.197368,20,1,False,0,0,0,0,0.0,0.0,0,0,20,ndcg_at_k,0.0,0,-0.210526,0.52381,1.0,1.0,0.25,1.0,1.0,9.8e-05,7.9e-05,2e-05,0.000419,5.5e-05,0.000949,0.002895
scidocs,b8eea99bb5345329ea058072133f568f7bdd27bd,score_sum,qrels,label-derived pairwise preferences from qrels,20,75,0.197368,20,1,False,0,0,0,0,0.0,0.0,0,0,20,ndcg_at_k,0.0,0,1.0,0.580952,1.0,1.0,0.25,1.0,1.0,8.7e-05,7.9e-05,1.9e-05,0.000411,2e-05,0.000897,0.002751
scidocs,b8eea99bb5345329ea058072133f568f7bdd27bd,borda,qrels,label-derived pairwise preferences from qrels,20,75,0.197368,20,1,False,0,0,0,0,0.0,0.0,0,0,20,ndcg_at_k,0.0,0,1.0,0.580952,1.0,1.0,0.25,1.0,1.0,8.7e-05,7.9e-05,1.9e-05,0.000411,1.2e-05,0.000897,0.002751
scidocs,b8eea99bb5345329ea058072133f568f7bdd27bd,pagerank,qrels,label-derived pairwise preferences from qrels,20,75,0.197368,20,1,False,0,0,0,0,0.0,0.0,0,0,20,ndcg_at_k,0.0,0,0.442105,0.485714,1.0,1.0,0.25,1.0,1.0,8.7e-05,7.9e-05,1.9e-05,0.000411,0.000941,0.000897,0.002751
scidocs,b8eea99bb5345329ea058072133f568f7bdd27bd,greedy_fas_topological,qrels,label-derived pairwise preferences from qrels,20,75,0.197368,20,1,False,0,0,0,0,0.0,0.0,0,0,20,ndcg_at_k,0.0,0,0.442105,0.485714,1.0,1.0,0.25,1.0,1.0,8.7e-05,7.9e-05,1.9e-05,0.000411,3.9e-05,0.000897,0.002751
scidocs,b8eea99bb5345329ea058072133f568f7bdd27bd,greedy_fas_weighted_balance,qrels,label-derived pairwise preferences from qrels,20,75,0.197368,20,1,False,0,0,0,0,0.0,0.0,0,0,20,ndcg_at_k,0.0,0,1.0,0.580952,1.0,1.0,0.25,1.0,1.0,8.7e-05,7.9e-05,1.9e-05,0.000411,2.5e-05,0.000897,0.002751
scidocs,b8eea99bb5345329ea058072133f568f7bdd27bd,greedy_fas_copeland,qrels,label-derived pairwise preferences from qrels,20,75,0.197368,20,1,False,0,0,0,0,0.0,0.0,0,0,20,ndcg_at_k,0.0,0,1.0,0.580952,1.0,1.0,0.25,1.0,1.0,8.7e-05,7.9e-05,1.9e-05,0.000411,1.8e-05,0.000897,0.002751
scidocs,b8eea99bb5345329ea058072133f568f7bdd27bd,greedy_fas_score_augmented_topological,qrels,label-derived pairwise preferences from qrels,20,75,0.197368,20,1,False,0,0,0,0,0.0,0.0,0,0,20,ndcg_at_k,0.0,0,-0.210526,0.371429,1.0,1.0,0.25,1.0,1.0,8.7e-05,7.9e-05,1.9e-05,0.000411,3.5e-05,0.000897,0.002751
scidocs,b8eea99bb5345329ea058072133f568f7bdd27bd,fas_balance_score_prior_alpha_beta,qrels,label-derived pairwise preferences from qrels,20,75,0.197368,20,1,False,0,0,0,0,0.0,0.0,0,0,20,ndcg_at_k,0.0,0,1.0,0.580952,1.0,1.0,0.25,1.0,1.0,8.7e-05,7.9e-05,1.9e-05,0.000411,3.6e-05,0.000897,0.002751
scidocs,b8eea99bb5345329ea058072133f568f7bdd27bd,hybrid_rrf_fas_regularized,qrels,label-derived pairwise preferences from qrels,20,75,0.197368,20,1,False,0,0,0,0,0.0,0.0,0,0,20,ndcg_at_k,0.0,0,1.0,0.580952,1.0,1.0,0.25,1.0,1.0,8.7e-05,7.9e-05,1.9e-05,0.000411,3.1e-05,0.000897,0.002751
scidocs,b8eea99bb5345329ea058072133f568f7bdd27bd,hybrid_rrf_balance_a05,qrels,label-derived pairwise preferences from qrels,20,75,0.197368,20,1,False,0,0,0,0,0.0,0.0,0,0,20,ndcg_at_k,0.0,0,1.0,0.580952,1.0,1.0,0.25,1.0,1.0,8.7e-05,7.9e-05,1.9e-05,0.000411,2.6e-05,0.000897,0.002751
scidocs,b8eea99bb5345329ea058072133f568f7bdd27bd,hybrid_rrf_copeland_a03,qrels,label-derived pairwise preferences from qrels,20,75,0.197368,20,1,False,0,0,0,0,0.0,0.0,0,0,20,ndcg_at_k,0.0,0,1.0,0.580952,1.0,1.0,0.25,1.0,1.0,8.7e-05,7.9e-05,1.9e-05,0.000411,2.1e-05,0.000897,0.002751
scidocs,b8eea99bb5345329ea058072133f568f7bdd27bd,hybrid_rrf_priority_topo_a03,qrels,label-derived pairwise preferences from qrels,20,75,0.197368,20,1,False,0,0,0,0,0.0,0.0,0,0,20,ndcg_at_k,0.0,0,-0.210526,0.371429,1.0,1.0,0.25,1.0,1.0,8.7e-05,7.9e-05,1.9e-05,0.000411,5.4e-05,0.000897,0.002751
scidocs,29373c5bb0d60320844905916aec09d64c24cd79,score_sum,qrels,label-derived pairwise preferences from qrels,20,75,0.197368,20,1,False,0,0,0,0,0.0,0.0,0,0,20,ndcg_at_k,0.0,0,1.0,0.752381,1.0,1.0,0.25,1.0,1.0,8.2e-05,0.000106,1.9e-05,0.000416,2e-05,0.000932,0.002808
scidocs,29373c5bb0d60320844905916aec09d64c24cd79,borda,qrels,label-derived pairwise preferences from qrels,20,75,0.197368,20,1,False,0,0,0,0,0.0,0.0,0,0,20,ndcg_at_k,0.0,0,1.0,0.752381,1.0,1.0,0.25,1.0,1.0,8.2e-05,0.000106,1.9e-05,0.000416,1.2e-05,0.000932,0.002808
scidocs,29373c5bb0d60320844905916aec09d64c24cd79,pagerank,qrels,label-derived pairwise preferences from qrels,20,75,0.197368,20,1,False,0,0,0,0,0.0,0.0,0,0,20,ndcg_at_k,0.0,0,0.547368,0.485714,1.0,1.0,0.25,1.0,1.0,8.2e-05,0.000106,1.9e-05,0.000416,0.000925,0.000932,0.002808
scidocs,29373c5bb0d60320844905916aec09d64c24cd79,greedy_fas_topological,qrels,label-derived pairwise preferences from qrels,20,75,0.197368,20,1,False,0,0,0,0,0.0,0.0,0,0,20,ndcg_at_k,0.0,0,0.547368,0.485714,1.0,1.0,0.25,1.0,1.0,8.2e-05,0.000106,1.9e-05,0.000416,3.8e-05,0.000932,0.002808
scidocs,29373c5bb0d60320844905916aec09d64c24cd79,greedy_fas_weighted_balance,qrels,label-derived pairwise preferences from qrels,20,75,0.197368,20,1,False,0,0,0,0,0.0,0.0,0,0,20,ndcg_at_k,0.0,0,1.0,0.752381,1.0,1.0,0.25,1.0,1.0,8.2e-05,0.000106,1.9e-05,0.000416,2.5e-05,0.000932,0.002808
scidocs,29373c5bb0d60320844905916aec09d64c24cd79,greedy_fas_copeland,qrels,label-derived pairwise preferences from qrels,20,75,0.197368,20,1,False,0,0,0,0,0.0,0.0,0,0,20,ndcg_at_k,0.0,0,1.0,0.752381,1.0,1.0,0.25,1.0,1.0,8.2e-05,0.000106,1.9e-05,0.000416,1.8e-05,0.000932,0.002808
scidocs,29373c5bb0d60320844905916aec09d64c24cd79,greedy_fas_score_augmented_topological,qrels,label-derived pairwise preferences from qrels,20,75,0.197368,20,1,False,0,0,0,0,0.0,0.0,0,0,20,ndcg_at_k,0.0,0,-0.210526,0.2,1.0,1.0,0.25,1.0,1.0,8.2e-05,0.000106,1.9e-05,0.000416,4.1e-05,0.000932,0.002808
scidocs,29373c5bb0d60320844905916aec09d64c24cd79,fas_balance_score_prior_alpha_beta,qrels,label-derived pairwise preferences from qrels,20,75,0.197368,20,1,False,0,0,0,0,0.0,0.0,0,0,20,ndcg_at_k,0.0,0,1.0,0.752381,1.0,1.0,0.25,1.0,1.0,8.2e-05,0.000106,1.9e-05,0.000416,3.8e-05,0.000932,0.002808
scidocs,29373c5bb0d60320844905916aec09d64c24cd79,hybrid_rrf_fas_regularized,qrels,label-derived pairwise preferences from qrels,20,75,0.197368,20,1,False,0,0,0,0,0.0,0.0,0,0,20,ndcg_at_k,0.0,0,1.0,0.752381,1.0,1.0,0.25,1.0,1.0,8.2e-05,0.000106,1.9e-05,0.000416,3.2e-05,0.000932,0.002808
scidocs,29373c5bb0d60320844905916aec09d64c24cd79,hybrid_rrf_balance_a05,qrels,label-derived pairwise preferences from qrels,20,75,0.197368,20,1,False,0,0,0,0,0.0,0.0,0,0,20,ndcg_at_k,0.0,0,1.0,0.752381,1.0,1.0,0.25,1.0,1.0,8.2e-05,0.000106,1.9e-05,0.000416,2.7e-05,0.000932,0.002808
scidocs,29373c5bb0d60320844905916aec09d64c24cd79,hybrid_rrf_copeland_a03,qrels,label-derived pairwise preferences from qrels,20,75,0.197368,20,1,False,0,0,0,0,0.0,0.0,0,0,20,ndcg_at_k,0.0,0,1.0,0.752381,1.0,1.0,0.25,1.0,1.0,8.2e-05,0.000106,1.9e-05,0.000416,2.2e-05,0.000932,0.002808
scidocs,29373c5bb0d60320844905916aec09d64c24cd79,hybrid_rrf_priority_topo_a03,qrels,label-derived pairwise preferences from qrels,20,75,0.197368,20,1,False,0,0,0,0,0.0,0.0,0,0,20,ndcg_at_k,0.0,0,-0.210526,0.2,1.0,1.0,0.25,1.0,1.0,8.2e-05,0.000106,1.9e-05,0.000416,5.5e-05,0.000932,0.002808
scidocs,6ae4d0b388aa9262e80c3eedc1cb3e5f06842368,score_sum,qrels,label-derived pairwise preferences from qrels,20,75,0.197368,20,1,False,0,0,0,0,0.0,0.0,0,0,20,ndcg_at_k,0.0,0,1.0,0.485714,1.0,1.0,0.25,1.0,1.0,9.1e-05,7.4e-05,1.8e-05,0.000478,2.1e-05,0.000908,0.00284
scidocs,6ae4d0b388aa9262e80c3eedc1cb3e5f06842368,borda,qrels,label-derived pairwise preferences from qrels,20,75,0.197368,20,1,False,0,0,0,0,0.0,0.0,0,0,20,ndcg_at_k,0.0,0,1.0,0.485714,1.0,1.0,0.25,1.0,1.0,9.1e-05,7.4e-05,1.8e-05,0.000478,1.2e-05,0.000908,0.00284
scidocs,6ae4d0b388aa9262e80c3eedc1cb3e5f06842368,pagerank,qrels,label-derived pairwise preferences from qrels,20,75,0.197368,20,1,False,0,0,0,0,0.0,0.0,0,0,20,ndcg_at_k,0.0,0,0.431579,0.485714,1.0,1.0,0.25,1.0,1.0,9.1e-05,7.4e-05,1.8e-05,0.000478,0.000955,0.000908,0.00284
scidocs,6ae4d0b388aa9262e80c3eedc1cb3e5f06842368,greedy_fas_topological,qrels,label-derived pairwise preferences from qrels,20,75,0.197368,20,1,False,0,0,0,0,0.0,0.0,0,0,20,ndcg_at_k,0.0,0,0.431579,0.485714,1.0,1.0,0.25,1.0,1.0,9.1e-05,7.4e-05,1.8e-05,0.000478,3.8e-05,0.000908,0.00284
scidocs,6ae4d0b388aa9262e80c3eedc1cb3e5f06842368,greedy_fas_weighted_balance,qrels,label-derived pairwise preferences from qrels,20,75,0.197368,20,1,False,0,0,0,0,0.0,0.0,0,0,20,ndcg_at_k,0.0,0,1.0,0.485714,1.0,1.0,0.25,1.0,1.0,9.1e-05,7.4e-05,1.8e-05,0.000478,2.5e-05,0.000908,0.00284
scidocs,6ae4d0b388aa9262e80c3eedc1cb3e5f06842368,greedy_fas_copeland,qrels,label-derived pairwise preferences from qrels,20,75,0.197368,20,1,False,0,0,0,0,0.0,0.0,0,0,20,ndcg_at_k,0.0,0,1.0,0.485714,1.0,1.0,0.25,1.0,1.0,9.1e-05,7.4e-05,1.8e-05,0.000478,1.8e-05,0.000908,0.00284
scidocs,6ae4d0b388aa9262e80c3eedc1cb3e5f06842368,greedy_fas_score_augmented_topological,qrels,label-derived pairwise preferences from qrels,20,75,0.197368,20,1,False,0,0,0,0,0.0,0.0,0,0,20,ndcg_at_k,0.0,0,-0.210526,0.466667,1.0,1.0,0.25,1.0,1.0,9.1e-05,7.4e-05,1.8e-05,0.000478,3.4e-05,0.000908,0.00284
scidocs,6ae4d0b388aa9262e80c3eedc1cb3e5f06842368,fas_balance_score_prior_alpha_beta,qrels,label-derived pairwise preferences from qrels,20,75,0.197368,20,1,False,0,0,0,0,0.0,0.0,0,0,20,ndcg_at_k,0.0,0,1.0,0.485714,1.0,1.0,0.25,1.0,1.0,9.1e-05,7.4e-05,1.8e-05,0.000478,3.6e-05,0.000908,0.00284
scidocs,6ae4d0b388aa9262e80c3eedc1cb3e5f06842368,hybrid_rrf_fas_regularized,qrels,label-derived pairwise preferences from qrels,20,75,0.197368,20,1,False,0,0,0,0,0.0,0.0,0,0,20,ndcg_at_k,0.0,0,1.0,0.485714,1.0,1.0,0.25,1.0,1.0,9.1e-05,7.4e-05,1.8e-05,0.000478,3.1e-05,0.000908,0.00284
scidocs,6ae4d0b388aa9262e80c3eedc1cb3e5f06842368,hybrid_rrf_balance_a05,qrels,label-derived pairwise preferences from qrels,20,75,0.197368,20,1,False,0,0,0,0,0.0,0.0,0,0,20,ndcg_at_k,0.0,0,1.0,0.485714,1.0,1.0,0.25,1.0,1.0,9.1e-05,7.4e-05,1.8e-05,0.000478,2.6e-05,0.000908,0.00284
scidocs,6ae4d0b388aa9262e80c3eedc1cb3e5f06842368,hybrid_rrf_copeland_a03,qrels,label-derived pairwise preferences from qrels,20,75,0.197368,20,1,False,0,0,0,0,0.0,0.0,0,0,20,ndcg_at_k,0.0,0,1.0,0.485714,1.0,1.0,0.25,1.0,1.0,9.1e-05,7.4e-05,1.8e-05,0.000478,2e-05,0.000908,0.00284
scidocs,6ae4d0b388aa9262e80c3eedc1cb3e5f06842368,hybrid_rrf_priority_topo_a03,qrels,label-derived pairwise preferences from qrels,20,75,0.197368,20,1,False,0,0,0,0,0.0,0.0,0,0,20,ndcg_at_k,0.0,0,-0.210526,0.466667,1.0,1.0,0.25,1.0,1.0,9.1e-05,7.4e-05,1.8e-05,0.000478,5.5e-05,0.000908,0.00284
scidocs,bfebba8356c5d20dc6a9b2f72ff66adaf63321b7,score_sum,qrels,label-derived pairwise preferences from qrels,20,75,0.197368,20,1,False,0,0,0,0,0.0,0.0,0,0,20,ndcg_at_k,0.0,0,1.0,0.428571,1.0,1.0,0.25,1.0,1.0,8.3e-05,8.6e-05,1.9e-05,0.000418,1.9e-05,0.000911,0.002808
scidocs,bfebba8356c5d20dc6a9b2f72ff66adaf63321b7,borda,qrels,label-derived pairwise preferences from qrels,20,75,0.197368,20,1,False,0,0,0,0,0.0,0.0,0,0,20,ndcg_at_k,0.0,0,1.0,0.428571,1.0,1.0,0.25,1.0,1.0,8.3e-05,8.6e-05,1.9e-05,0.000418,1.2e-05,0.000911,0.002808
scidocs,bfebba8356c5d20dc6a9b2f72ff66adaf63321b7,pagerank,qrels,label-derived pairwise preferences from qrels,20,75,0.197368,20,1,False,0,0,0,0,0.0,0.0,0,0,20,ndcg_at_k,0.0,0,0.463158,0.485714,1.0,1.0,0.25,1.0,1.0,8.3e-05,8.6e-05,1.9e-05,0.000418,0.000981,0.000911,0.002808
scidocs,bfebba8356c5d20dc6a9b2f72ff66adaf63321b7,greedy_fas_topological,qrels,label-derived pairwise preferences from qrels,20,75,0.197368,20,1,False,0,0,0,0,0.0,0.0,0,0,20,ndcg_at_k,0.0,0,0.463158,0.485714,1.0,1.0,0.25,1.0,1.0,8.3e-05,8.6e-05,1.9e-05,0.000418,3.7e-05,0.000911,0.002808
scidocs,bfebba8356c5d20dc6a9b2f72ff66adaf63321b7,greedy_fas_weighted_balance,qrels,label-derived pairwise preferences from qrels,20,75,0.197368,20,1,False,0,0,0,0,0.0,0.0,0,0,20,ndcg_at_k,0.0,0,1.0,0.428571,1.0,1.0,0.25,1.0,1.0,8.3e-05,8.6e-05,1.9e-05,0.000418,2.5e-05,0.000911,0.002808
scidocs,bfebba8356c5d20dc6a9b2f72ff66adaf63321b7,greedy_fas_copeland,qrels,label-derived pairwise preferences from qrels,20,75,0.197368,20,1,False,0,0,0,0,0.0,0.0,0,0,20,ndcg_at_k,0.0,0,1.0,0.428571,1.0,1.0,0.25,1.0,1.0,8.3e-05,8.6e-05,1.9e-05,0.000418,1.8e-05,0.000911,0.002808
scidocs,bfebba8356c5d20dc6a9b2f72ff66adaf63321b7,greedy_fas_score_augmented_topological,qrels,label-derived pairwise preferences from qrels,20,75,0.197368,20,1,False,0,0,0,0,0.0,0.0,0,0,20,ndcg_at_k,0.0,0,-0.210526,0.52381,1.0,1.0,0.25,1.0,1.0,8.3e-05,8.6e-05,1.9e-05,0.000418,3.5e-05,0.000911,0.002808
scidocs,bfebba8356c5d20dc6a9b2f72ff66adaf63321b7,fas_balance_score_prior_alpha_beta,qrels,label-derived pairwise preferences from qrels,20,75,0.197368,20,1,False,0,0,0,0,0.0,0.0,0,0,20,ndcg_at_k,0.0,0,1.0,0.428571,1.0,1.0,0.25,1.0,1.0,8.3e-05,8.6e-05,1.9e-05,0.000418,3.5e-05,0.000911,0.002808
scidocs,bfebba8356c5d20dc6a9b2f72ff66adaf63321b7,hybrid_rrf_fas_regularized,qrels,label-derived pairwise preferences from qrels,20,75,0.197368,20,1,False,0,0,0,0,0.0,0.0,0,0,20,ndcg_at_k,0.0,0,1.0,0.428571,1.0,1.0,0.25,1.0,1.0,8.3e-05,8.6e-05,1.9e-05,0.000418,2.9e-05,0.000911,0.002808
scidocs,bfebba8356c5d20dc6a9b2f72ff66adaf63321b7,hybrid_rrf_balance_a05,qrels,label-derived pairwise preferences from qrels,20,75,0.197368,20,1,False,0,0,0,0,0.0,0.0,0,0,20,ndcg_at_k,0.0,0,1.0,0.428571,1.0,1.0,0.25,1.0,1.0,8.3e-05,8.6e-05,1.9e-05,0.000418,2.6e-05,0.000911,0.002808
scidocs,bfebba8356c5d20dc6a9b2f72ff66adaf63321b7,hybrid_rrf_copeland_a03,qrels,label-derived pairwise preferences from qrels,20,75,0.197368,20,1,False,0,0,0,0,0.0,0.0,0,0,20,ndcg_at_k,0.0,0,1.0,0.428571,1.0,1.0,0.25,1.0,1.0,8.3e-05,8.6e-05,1.9e-05,0.000418,2e-05,0.000911,0.002808
scidocs,bfebba8356c5d20dc6a9b2f72ff66adaf63321b7,hybrid_rrf_priority_topo_a03,qrels,label-derived pairwise preferences from qrels,20,75,0.197368,20,1,False,0,0,0,0,0.0,0.0,0,0,20,ndcg_at_k,0.0,0,-0.210526,0.52381,1.0,1.0,0.25,1.0,1.0,8.3e-05,8.6e-05,1.9e-05,0.000418,5.4e-05,0.000911,0.002808
scidocs,2747421989619d293c05b0b82a547009128ebadb,score_sum,qrels,label-derived pairwise preferences from qrels,20,75,0.197368,20,1,False,0,0,0,0,0.0,0.0,0,0,20,ndcg_at_k,0.0,0,1.0,0.52381,1.0,1.0,0.25,1.0,1.0,0.0001,7.9e-05,1.9e-05,0.000406,2e-05,0.000932,0.002799
scidocs,2747421989619d293c05b0b82a547009128ebadb,borda,qrels,label-derived pairwise preferences from qrels,20,75,0.197368,20,1,False,0,0,0,0,0.0,0.0,0,0,20,ndcg_at_k,0.0,0,1.0,0.52381,1.0,1.0,0.25,1.0,1.0,0.0001,7.9e-05,1.9e-05,0.000406,1.2e-05,0.000932,0.002799
scidocs,2747421989619d293c05b0b82a547009128ebadb,pagerank,qrels,label-derived pairwise preferences from qrels,20,75,0.197368,20,1,False,0,0,0,0,0.0,0.0,0,0,20,ndcg_at_k,0.0,0,0.421053,0.485714,1.0,1.0,0.25,1.0,1.0,0.0001,7.9e-05,1.9e-05,0.000406,0.000948,0.000932,0.002799
scidocs,2747421989619d293c05b0b82a547009128ebadb,greedy_fas_topological,qrels,label-derived pairwise preferences from qrels,20,75,0.197368,20,1,False,0,0,0,0,0.0,0.0,0,0,20,ndcg_at_k,0.0,0,0.421053,0.485714,1.0,1.0,0.25,1.0,1.0,0.0001,7.9e-05,1.9e-05,0.000406,3.8e-05,0.000932,0.002799
scidocs,2747421989619d293c05b0b82a547009128ebadb,greedy_fas_weighted_balance,qrels,label-derived pairwise preferences from qrels,20,75,0.197368,20,1,False,0,0,0,0,0.0,0.0,0,0,20,ndcg_at_k,0.0,0,1.0,0.52381,1.0,1.0,0.25,1.0,1.0,0.0001,7.9e-05,1.9e-05,0.000406,2.5e-05,0.000932,0.002799
scidocs,2747421989619d293c05b0b82a547009128ebadb,greedy_fas_copeland,qrels,label-derived pairwise preferences from qrels,20,75,0.197368,20,1,False,0,0,0,0,0.0,0.0,0,0,20,ndcg_at_k,0.0,0,1.0,0.52381,1.0,1.0,0.25,1.0,1.0,0.0001,7.9e-05,1.9e-05,0.000406,1.8e-05,0.000932,0.002799
scidocs,2747421989619d293c05b0b82a547009128ebadb,greedy_fas_score_augmented_topological,qrels,label-derived pairwise preferences from qrels,20,75,0.197368,20,1,False,0,0,0,0,0.0,0.0,0,0,20,ndcg_at_k,0.0,0,-0.210526,0.428571,1.0,1.0,0.25,1.0,1.0,0.0001,7.9e-05,1.9e-05,0.000406,3.5e-05,0.000932,0.002799
scidocs,2747421989619d293c05b0b82a547009128ebadb,fas_balance_score_prior_alpha_beta,qrels,label-derived pairwise preferences from qrels,20,75,0.197368,20,1,False,0,0,0,0,0.0,0.0,0,0,20,ndcg_at_k,0.0,0,1.0,0.52381,1.0,1.0,0.25,1.0,1.0,0.0001,7.9e-05,1.9e-05,0.000406,3.5e-05,0.000932,0.002799
scidocs,2747421989619d293c05b0b82a547009128ebadb,hybrid_rrf_fas_regularized,qrels,label-derived pairwise preferences from qrels,20,75,0.197368,20,1,False,0,0,0,0,0.0,0.0,0,0,20,ndcg_at_k,0.0,0,1.0,0.52381,1.0,1.0,0.25,1.0,1.0,0.0001,7.9e-05,1.9e-05,0.000406,2.9e-05,0.000932,0.002799
scidocs,2747421989619d293c05b0b82a547009128ebadb,hybrid_rrf_balance_a05,qrels,label-derived pairwise preferences from qrels,20,75,0.197368,20,1,False,0,0,0,0,0.0,0.0,0,0,20,ndcg_at_k,0.0,0,1.0,0.52381,1.0,1.0,0.25,1.0,1.0,0.0001,7.9e-05,1.9e-05,0.000406,2.5e-05,0.000932,0.002799
scidocs,2747421989619d293c05b0b82a547009128ebadb,hybrid_rrf_copeland_a03,qrels,label-derived pairwise preferences from qrels,20,75,0.197368,20,1,False,0,0,0,0,0.0,0.0,0,0,20,ndcg_at_k,0.0,0,1.0,0.52381,1.0,1.0,0.25,1.0,1.0,0.0001,7.9e-05,1.9e-05,0.000406,2.2e-05,0.000932,0.002799
scidocs,2747421989619d293c05b0b82a547009128ebadb,hybrid_rrf_priority_topo_a03,qrels,label-derived pairwise preferences from qrels,20,75,0.197368,20,1,False,0,0,0,0,0.0,0.0,0,0,20,ndcg_at_k,0.0,0,-0.210526,0.428571,1.0,1.0,0.25,1.0,1.0,0.0001,7.9e-05,1.9e-05,0.000406,5.6e-05,0.000932,0.002799
scidocs,21b1180af3087c1333708a9873f6d473eabe6751,score_sum,qrels,label-derived pairwise preferences from qrels,20,75,0.197368,20,1,False,0,0,0,0,0.0,0.0,0,0,20,ndcg_at_k,0.0,0,1.0,0.580952,1.0,1.0,0.25,1.0,1.0,8.2e-05,0.000105,1.9e-05,0.000408,1.9e-05,0.000896,0.002757
scidocs,21b1180af3087c1333708a9873f6d473eabe6751,borda,qrels,label-derived pairwise preferences from qrels,20,75,0.197368,20,1,False,0,0,0,0,0.0,0.0,0,0,20,ndcg_at_k,0.0,0,1.0,0.580952,1.0,1.0,0.25,1.0,1.0,8.2e-05,0.000105,1.9e-05,0.000408,1.2e-05,0.000896,0.002757
scidocs,21b1180af3087c1333708a9873f6d473eabe6751,pagerank,qrels,label-derived pairwise preferences from qrels,20,75,0.197368,20,1,False,0,0,0,0,0.0,0.0,0,0,20,ndcg_at_k,0.0,0,0.273684,0.485714,1.0,1.0,0.25,1.0,1.0,8.2e-05,0.000105,1.9e-05,0.000408,0.000935,0.000896,0.002757
scidocs,21b1180af3087c1333708a9873f6d473eabe6751,greedy_fas_topological,qrels,label-derived pairwise preferences from qrels,20,75,0.197368,20,1,False,0,0,0,0,0.0,0.0,0,0,20,ndcg_at_k,0.0,0,0.273684,0.485714,1.0,1.0,0.25,1.0,1.0,8.2e-05,0.000105,1.9e-05,0.000408,3.8e-05,0.000896,0.002757
scidocs,21b1180af3087c1333708a9873f6d473eabe6751,greedy_fas_weighted_balance,qrels,label-derived pairwise preferences from qrels,20,75,0.197368,20,1,False,0,0,0,0,0.0,0.0,0,0,20,ndcg_at_k,0.0,0,1.0,0.580952,1.0,1.0,0.25,1.0,1.0,8.2e-05,0.000105,1.9e-05,0.000408,2.3e-05,0.000896,0.002757
scidocs,21b1180af3087c1333708a9873f6d473eabe6751,greedy_fas_copeland,qrels,label-derived pairwise preferences from qrels,20,75,0.197368,20,1,False,0,0,0,0,0.0,0.0,0,0,20,ndcg_at_k,0.0,0,1.0,0.580952,1.0,1.0,0.25,1.0,1.0,8.2e-05,0.000105,1.9e-05,0.000408,1.7e-05,0.000896,0.002757
scidocs,21b1180af3087c1333708a9873f6d473eabe6751,greedy_fas_score_augmented_topological,qrels,label-derived pairwise preferences from qrels,20,75,0.197368,20,1,False,0,0,0,0,0.0,0.0,0,0,20,ndcg_at_k,0.0,0,-0.210526,0.371429,1.0,1.0,0.25,1.0,1.0,8.2e-05,0.000105,1.9e-05,0.000408,3.4e-05,0.000896,0.002757
scidocs,21b1180af3087c1333708a9873f6d473eabe6751,fas_balance_score_prior_alpha_beta,qrels,label-derived pairwise preferences from qrels,20,75,0.197368,20,1,False,0,0,0,0,0.0,0.0,0,0,20,ndcg_at_k,0.0,0,1.0,0.580952,1.0,1.0,0.25,1.0,1.0,8.2e-05,0.000105,1.9e-05,0.000408,3.5e-05,0.000896,0.002757
scidocs,21b1180af3087c1333708a9873f6d473eabe6751,hybrid_rrf_fas_regularized,qrels,label-derived pairwise preferences from qrels,20,75,0.197368,20,1,False,0,0,0,0,0.0,0.0,0,0,20,ndcg_at_k,0.0,0,1.0,0.580952,1.0,1.0,0.25,1.0,1.0,8.2e-05,0.000105,1.9e-05,0.000408,3.5e-05,0.000896,0.002757
scidocs,21b1180af3087c1333708a9873f6d473eabe6751,hybrid_rrf_balance_a05,qrels,label-derived pairwise preferences from qrels,20,75,0.197368,20,1,False,0,0,0,0,0.0,0.0,0,0,20,ndcg_at_k,0.0,0,1.0,0.580952,1.0,1.0,0.25,1.0,1.0,8.2e-05,0.000105,1.9e-05,0.000408,2.5e-05,0.000896,0.002757
scidocs,21b1180af3087c1333708a9873f6d473eabe6751,hybrid_rrf_copeland_a03,qrels,label-derived pairwise preferences from qrels,20,75,0.197368,20,1,False,0,0,0,0,0.0,0.0,0,0,20,ndcg_at_k,0.0,0,1.0,0.580952,1.0,1.0,0.25,1.0,1.0,8.2e-05,0.000105,1.9e-05,0.000408,2.1e-05,0.000896,0.002757
scidocs,21b1180af3087c1333708a9873f6d473eabe6751,hybrid_rrf_priority_topo_a03,qrels,label-derived pairwise preferences from qrels,20,75,0.197368,20,1,False,0,0,0,0,0.0,0.0,0,0,20,ndcg_at_k,0.0,0,-0.210526,0.371429,1.0,1.0,0.25,1.0,1.0,8.2e-05,0.000105,1.9e-05,0.000408,5.3e-05,0.000896,0.002757
scidocs,b045f045e331700cdef309e0d40b15a64cdf5b8a,score_sum,qrels,label-derived pairwise preferences from qrels,20,75,0.197368,20,1,False,0,0,0,0,0.0,0.0,0,0,20,ndcg_at_k,0.0,0,1.0,0.504762,1.0,1.0,0.25,1.0,1.0,8.5e-05,7.4e-05,1.8e-05,0.000457,1.8e-05,0.000908,0.002769
scidocs,b045f045e331700cdef309e0d40b15a64cdf5b8a,borda,qrels,label-derived pairwise preferences from qrels,20,75,0.197368,20,1,False,0,0,0,0,0.0,0.0,0,0,20,ndcg_at_k,0.0,0,1.0,0.504762,1.0,1.0,0.25,1.0,1.0,8.5e-05,7.4e-05,1.8e-05,0.000457,1.2e-05,0.000908,0.002769
scidocs,b045f045e331700cdef309e0d40b15a64cdf5b8a,pagerank,qrels,label-derived pairwise preferences from qrels,20,75,0.197368,20,1,False,0,0,0,0,0.0,0.0,0,0,20,ndcg_at_k,0.0,0,0.326316,0.485714,1.0,1.0,0.25,1.0,1.0,8.5e-05,7.4e-05,1.8e-05,0.000457,0.000915,0.000908,0.002769
scidocs,b045f045e331700cdef309e0d40b15a64cdf5b8a,greedy_fas_topological,qrels,label-derived pairwise preferences from qrels,20,75,0.197368,20,1,False,0,0,0,0,0.0,0.0,0,0,20,ndcg_at_k,0.0,0,0.326316,0.485714,1.0,1.0,0.25,1.0,1.0,8.5e-05,7.4e-05,1.8e-05,0.000457,4.4e-05,0.000908,0.002769
scidocs,b045f045e331700cdef309e0d40b15a64cdf5b8a,greedy_fas_weighted_balance,qrels,label-derived pairwise preferences from qrels,20,75,0.197368,20,1,False,0,0,0,0,0.0,0.0,0,0,20,ndcg_at_k,0.0,0,1.0,0.504762,1.0,1.0,0.25,1.0,1.0,8.5e-05,7.4e-05,1.8e-05,0.000457,2.5e-05,0.000908,0.002769
scidocs,b045f045e331700cdef309e0d40b15a64cdf5b8a,greedy_fas_copeland,qrels,label-derived pairwise preferences from qrels,20,75,0.197368,20,1,False,0,0,0,0,0.0,0.0,0,0,20,ndcg_at_k,0.0,0,1.0,0.504762,1.0,1.0,0.25,1.0,1.0,8.5e-05,7.4e-05,1.8e-05,0.000457,1.8e-05,0.000908,0.002769
scidocs,b045f045e331700cdef309e0d40b15a64cdf5b8a,greedy_fas_score_augmented_topological,qrels,label-derived pairwise preferences from qrels,20,75,0.197368,20,1,False,0,0,0,0,0.0,0.0,0,0,20,ndcg_at_k,0.0,0,-0.210526,0.447619,1.0,1.0,0.25,1.0,1.0,8.5e-05,7.4e-05,1.8e-05,0.000457,3.4e-05,0.000908,0.002769
scidocs,b045f045e331700cdef309e0d40b15a64cdf5b8a,fas_balance_score_prior_alpha_beta,qrels,label-derived pairwise preferences from qrels,20,75,0.197368,20,1,False,0,0,0,0,0.0,0.0,0,0,20,ndcg_at_k,0.0,0,1.0,0.504762,1.0,1.0,0.25,1.0,1.0,8.5e-05,7.4e-05,1.8e-05,0.000457,3.4e-05,0.000908,0.002769
scidocs,b045f045e331700cdef309e0d40b15a64cdf5b8a,hybrid_rrf_fas_regularized,qrels,label-derived pairwise preferences from qrels,20,75,0.197368,20,1,False,0,0,0,0,0.0,0.0,0,0,20,ndcg_at_k,0.0,0,1.0,0.504762,1.0,1.0,0.25,1.0,1.0,8.5e-05,7.4e-05,1.8e-05,0.000457,2.9e-05,0.000908,0.002769
scidocs,b045f045e331700cdef309e0d40b15a64cdf5b8a,hybrid_rrf_balance_a05,qrels,label-derived pairwise preferences from qrels,20,75,0.197368,20,1,False,0,0,0,0,0.0,0.0,0,0,20,ndcg_at_k,0.0,0,1.0,0.504762,1.0,1.0,0.25,1.0,1.0,8.5e-05,7.4e-05,1.8e-05,0.000457,2.5e-05,0.000908,0.002769
scidocs,b045f045e331700cdef309e0d40b15a64cdf5b8a,hybrid_rrf_copeland_a03,qrels,label-derived pairwise preferences from qrels,20,75,0.197368,20,1,False,0,0,0,0,0.0,0.0,0,0,20,ndcg_at_k,0.0,0,1.0,0.504762,1.0,1.0,0.25,1.0,1.0,8.5e-05,7.4e-05,1.8e-05,0.000457,2e-05,0.000908,0.002769
scidocs,b045f045e331700cdef309e0d40b15a64cdf5b8a,hybrid_rrf_priority_topo_a03,qrels,label-derived pairwise preferences from qrels,20,75,0.197368,20,1,False,0,0,0,0,0.0,0.0,0,0,20,ndcg_at_k,0.0,0,-0.210526,0.447619,1.0,1.0,0.25,1.0,1.0,8.5e-05,7.4e-05,1.8e-05,0.000457,5.3e-05,0.000908,0.002769
scidocs,1a66df57f88e689438d505474eff73e3a9180c5b,score_sum,qrels,label-derived pairwise preferences from qrels,20,75,0.197368,20,1,False,0,0,0,0,0.0,0.0,0,0,20,ndcg_at_k,0.0,0,1.0,0.67619,1.0,1.0,0.25,1.0,1.0,8.6e-05,7.4e-05,1.9e-05,0.000424,1.9e-05,0.000934,0.002837
scidocs,1a66df57f88e689438d505474eff73e3a9180c5b,borda,qrels,label-derived pairwise preferences from qrels,20,75,0.197368,20,1,False,0,0,0,0,0.0,0.0,0,0,20,ndcg_at_k,0.0,0,1.0,0.67619,1.0,1.0,0.25,1.0,1.0,8.6e-05,7.4e-05,1.9e-05,0.000424,1.2e-05,0.000934,0.002837
scidocs,1a66df57f88e689438d505474eff73e3a9180c5b,pagerank,qrels,label-derived pairwise preferences from qrels,20,75,0.197368,20,1,False,0,0,0,0,0.0,0.0,0,0,20,ndcg_at_k,0.0,0,0.515789,0.485714,1.0,1.0,0.25,1.0,1.0,8.6e-05,7.4e-05,1.9e-05,0.000424,0.000985,0.000934,0.002837
scidocs,1a66df57f88e689438d505474eff73e3a9180c5b,greedy_fas_topological,qrels,label-derived pairwise preferences from qrels,20,75,0.197368,20,1,False,0,0,0,0,0.0,0.0,0,0,20,ndcg_at_k,0.0,0,0.515789,0.485714,1.0,1.0,0.25,1.0,1.0,8.6e-05,7.4e-05,1.9e-05,0.000424,3.9e-05,0.000934,0.002837
scidocs,1a66df57f88e689438d505474eff73e3a9180c5b,greedy_fas_weighted_balance,qrels,label-derived pairwise preferences from qrels,20,75,0.197368,20,1,False,0,0,0,0,0.0,0.0,0,0,20,ndcg_at_k,0.0,0,1.0,0.67619,1.0,1.0,0.25,1.0,1.0,8.6e-05,7.4e-05,1.9e-05,0.000424,2.5e-05,0.000934,0.002837
scidocs,1a66df57f88e689438d505474eff73e3a9180c5b,greedy_fas_copeland,qrels,label-derived pairwise preferences from qrels,20,75,0.197368,20,1,False,0,0,0,0,0.0,0.0,0,0,20,ndcg_at_k,0.0,0,1.0,0.67619,1.0,1.0,0.25,1.0,1.0,8.6e-05,7.4e-05,1.9e-05,0.000424,1.8e-05,0.000934,0.002837
scidocs,1a66df57f88e689438d505474eff73e3a9180c5b,greedy_fas_score_augmented_topological,qrels,label-derived pairwise preferences from qrels,20,75,0.197368,20,1,False,0,0,0,0,0.0,0.0,0,0,20,ndcg_at_k,0.0,0,-0.210526,0.27619,1.0,1.0,0.25,1.0,1.0,8.6e-05,7.4e-05,1.9e-05,0.000424,3.5e-05,0.000934,0.002837
scidocs,1a66df57f88e689438d505474eff73e3a9180c5b,fas_balance_score_prior_alpha_beta,qrels,label-derived pairwise preferences from qrels,20,75,0.197368,20,1,False,0,0,0,0,0.0,0.0,0,0,20,ndcg_at_k,0.0,0,1.0,0.67619,1.0,1.0,0.25,1.0,1.0,8.6e-05,7.4e-05,1.9e-05,0.000424,3.6e-05,0.000934,0.002837
scidocs,1a66df57f88e689438d505474eff73e3a9180c5b,hybrid_rrf_fas_regularized,qrels,label-derived pairwise preferences from qrels,20,75,0.197368,20,1,False,0,0,0,0,0.0,0.0,0,0,20,ndcg_at_k,0.0,0,1.0,0.67619,1.0,1.0,0.25,1.0,1.0,8.6e-05,7.4e-05,1.9e-05,0.000424,3e-05,0.000934,0.002837
scidocs,1a66df57f88e689438d505474eff73e3a9180c5b,hybrid_rrf_balance_a05,qrels,label-derived pairwise preferences from qrels,20,75,0.197368,20,1,False,0,0,0,0,0.0,0.0,0,0,20,ndcg_at_k,0.0,0,1.0,0.67619,1.0,1.0,0.25,1.0,1.0,8.6e-05,7.4e-05,1.9e-05,0.000424,2.5e-05,0.000934,0.002837
scidocs,1a66df57f88e689438d505474eff73e3a9180c5b,hybrid_rrf_copeland_a03,qrels,label-derived pairwise preferences from qrels,20,75,0.197368,20,1,False,0,0,0,0,0.0,0.0,0,0,20,ndcg_at_k,0.0,0,1.0,0.67619,1.0,1.0,0.25,1.0,1.0,8.6e-05,7.4e-05,1.9e-05,0.000424,2.1e-05,0.000934,0.002837
scidocs,1a66df57f88e689438d505474eff73e3a9180c5b,hybrid_rrf_priority_topo_a03,qrels,label-derived pairwise preferences from qrels,20,75,0.197368,20,1,False,0,0,0,0,0.0,0.0,0,0,20,ndcg_at_k,0.0,0,-0.210526,0.27619,1.0,1.0,0.25,1.0,1.0,8.6e-05,7.4e-05,1.9e-05,0.000424,5.5e-05,0.000934,0.002837
