dataset,ranker_a,ranker_b,query_id,n_common_docs,kendall_tau_b,kendall_tau_pvalue,spearman_rho,spearman_pvalue
scidocs,bm25,tfidf,01d208b33561362f7714f714d3bc4a1f7aa1637c,33,0.3181818181818182,0.008908291054808433,0.4485294117647059,0.008844966141244507
scidocs,bm25,tfidf,04e4034344bda5c97015ea634e6eb1b65ef3a898,36,0.3682539682539683,0.001577434530054868,0.4553410553410554,0.005262314447559641
scidocs,bm25,tfidf,065985d4d0854c51f52ad7a7507b267d9b88ab1c,36,0.22222222222222227,0.05653027716740425,0.3256113256113256,0.05263558436215688
scidocs,bm25,tfidf,0674058618d04def58c79a0b28174301ef591433,36,0.40634920634920635,0.0004885647018424363,0.5464607464607465,0.0005646169902486918
scidocs,bm25,tfidf,071f47b7bc5830643e31dbed82e0375bf9b26559,43,0.41749723145071976,7.964575340613263e-05,0.5824524312896406,4.17341219687481e-05
scidocs,bm25,tfidf,0a40663fdcf7c5fb7cfc459693116c41309e7eca,31,0.30570523631283153,0.015785397367986367,0.44984373653350745,0.011114695362883006
scidocs,bm25,tfidf,0bf046038a555bc848030a28530f9836e5611b96,38,0.519203413940256,4.459182237522961e-06,0.7104716052084473,5.823088214979335e-07
scidocs,bm25,tfidf,0bfa2ab02f3c9a9fe06fcebf34bd8f371e206512,29,0.5714285714285713,4.31623476851655e-06,0.7625615763546796,1.5227591168579304e-06
scidocs,bm25,tfidf,100636ca50edf63d4336bb071f3e172cb0ebccaa,37,0.5795795795795796,4.4541334762721004e-07,0.7503556187766712,8.92648992332322e-08
scidocs,bm25,tfidf,129397ed6557da93db5ba18cf112ee7b0a7927d8,31,0.5397849462365593,7.703167989498033e-06,0.7169354838709678,5.693436391383664e-06
scidocs,bm25,tfidf,19115f66f6ac1c02568bbb38eceedfa3521a8cc2,35,0.546218487394958,3.922153532324494e-06,0.7509803921568629,2.0259054175622648e-07
scidocs,bm25,tfidf,191ea925c2115755b44380c99d84f4a1099b4dcd,33,0.34090909090909094,0.004925304940506378,0.4836229946524065,0.004353412635123944
scidocs,bm25,tfidf,1a66df57f88e689438d505474eff73e3a9180c5b,35,0.1764705882352941,0.1359220216538575,0.2372549019607843,0.16996063549551804
scidocs,bm25,tfidf,232427099d4a8acf1dc29efc852f09c5964e6165,30,0.5218390804597701,2.4092178700649936e-05,0.7170189098998888,8.271978892379979e-06
scidocs,bm25,tfidf,23386571ed332e4a465c0a6fa899f310caa217c8,32,0.310483870967742,0.012254759770642965,0.4303519061583577,0.013948224551438557
scidocs,bm25,tfidf,23a7c8d9f142184d28e56b0751e172fef6539275,42,0.4912891986062718,4.556936653828611e-06,0.638116846284742,5.464898658534938e-06
scidocs,bm25,tfidf,26ebc1b9e21db68d5abf01acd2a0c38d260c65a1,34,0.358288770053476,0.002885184618552912,0.5272727272727272,0.0013543631421394163
scidocs,bm25,tfidf,271a4077c037b86fb7daf6bff3e66682322ff7d7,25,0.14666666666666664,0.3187493522432472,0.17923076923076922,0.3913084960893426
scidocs,bm25,tfidf,281b6888d5df1dddb350fac4e9be5c8272519109,36,0.33650793650793653,0.0038815671742277592,0.48108108108108116,0.0029757965380076165
scidocs,bm25,tfidf,28e0707528f78fecb26fe7f003d94f6a5de32b98,31,0.5440860215053763,6.356897508146506e-06,0.7475806451612903,1.3458309716673242e-06
scidocs,bm25,tfidf,2bd338ef8751b62d23e53fbb44d67042d634da2f,27,0.13390313390313394,0.3409548565860992,0.1746031746031746,0.3837251842158127
scidocs,bm25,tfidf,30c9a7660281ad8e4538ff9beb20282c74fac810,27,0.3390313390313391,0.012876833585655077,0.47557997557997556,0.012168740496686108
scidocs,bm25,tfidf,3136f52540fb7925998eff94e9c016d2e1a6fe12,38,0.4736842105263158,2.8335844148834623e-05,0.6301564722617353,2.237797428832584e-05
scidocs,bm25,tfidf,335ad0ff82c728aca99fb0059c607cb18129526f,15,0.12380952380952381,0.5589660721223221,0.18214285714285713,0.5158816817070393
scidocs,bm25,tfidf,3565d884735ead613a5aa0903f06a2cc86d05b6b,38,0.6927453769559034,9.210822448152449e-10,0.8603785972207025,4.406735820582199e-12
scidocs,bm25,tfidf,370fda29c5aaff285311a87824c5f28db33da021,39,0.6005398110661269,7.321046781266006e-08,0.7700404858299595,9.983471767156343e-09
scidocs,bm25,tfidf,373f76633cc1f6c7a421e31c989842021a52fca4,29,0.38423645320197036,0.0030586572531963864,0.569950738916256,0.0012480907634369004
scidocs,bm25,tfidf,382bbb79d7ffda63395db3d9b4ebce55d0b2f038,41,0.6560975609756097,1.5147860028618243e-09,0.818815331010453,6.090006941901691e-11
scidocs,bm25,tfidf,399acab2bee6eccbfffe4a2ce688b6b1075e9c5e,27,0.5270655270655271,5.944645270191895e-05,0.6788766788766789,9.902555396369506e-05
scidocs,bm25,tfidf,3a63667284dc8b9687ed1620406030bfe39af3c9,40,0.541025641025641,8.799883336893604e-07,0.7215759849906193,1.49084504957112e-07
scidocs,bm25,tfidf,3b198869df03d98b81c0c882753845a3bca36c63,38,0.4025604551920342,0.0003739040677287331,0.5332093226830069,0.000567101130020466
scidocs,bm25,tfidf,3be10c45163c61dfb9f250412699b3f8cb0ada1d,35,0.42521008403361343,0.0003269398940245223,0.5714285714285715,0.00033645656777987005
scidocs,bm25,tfidf,3d23666c6d97d6ba3c86044d83c697821084bed6,42,0.5493612078977932,2.958288470595308e-07,0.7342192691029901,3.136678717786524e-08
scidocs,bm25,tfidf,3f95e155b1c40911149fe994197a502ef44ebbbe,38,0.49644381223328593,1.1461106119582667e-05,0.6955903271692745,1.2501883113002429e-06
scidocs,bm25,tfidf,43da9037d50745002195abb864243ecc75d4b040,40,0.37435897435897436,0.0006686965284018482,0.5189493433395873,0.0006015146374952544
scidocs,bm25,tfidf,44a56dc083e3e2b07f11aae29c1ee560f46efa4a,38,0.519203413940256,4.459182237522961e-06,0.7301674143779406,1.9639114537730196e-07
scidocs,bm25,tfidf,458f1428273254fc5dd399f3c104f507680ddd54,30,0.5816091954022989,1.7046604607324585e-06,0.7601779755283649,1.0959075266352433e-06
scidocs,bm25,tfidf,4649e3279edf653135f1f31da3e242ba451a93de,39,0.3873144399460189,0.0005169766782200736,0.5228744939271255,0.0006377046606513667
scidocs,bm25,tfidf,4715401473dca02ebaa5bdd4d4003705ed91c380,38,0.35135135135135137,0.0019011152442292513,0.46930736404420614,0.002954781348059478
scidocs,bm25,tfidf,4ab6e67519411dbdb69c6111a3b8d5f334ebb579,40,0.5256410256410257,1.779968578024221e-06,0.7063789868667918,3.525526646995763e-07
scidocs,bm25,tfidf,4b80771429b786ea87740738378ba1eb1504a57f,33,0.4696969696969697,7.276705086340598e-05,0.6557486631016043,3.43527268601934e-05
scidocs,bm25,tfidf,566c89a1ace18f57ac3212e6d62634b501990b31,35,0.5159663865546218,1.3015779113614505e-05,0.6941176470588235,3.7556126106066796e-06
scidocs,bm25,tfidf,59e2037f5079794cb9128c7f0900a568ced14c2a,31,0.4322580645161291,0.0004750018989556626,0.5899193548387097,0.00047803806374127617
scidocs,bm25,tfidf,5a4b46ef8898610ab16a1ced6f4a976db0f1962c,38,0.39687055476529165,0.0004522339250733702,0.5461210198052303,0.00038996108834437183
scidocs,bm25,tfidf,5bb6b779de7929c573f39cd84169cafbd72e5bae,43,0.44629014396456257,2.4695522942184022e-05,0.626698882512836,6.924539859908714e-06
scidocs,bm25,tfidf,5e1b80b4774582b948c6dcd656daaba6724ffc2d,33,0.29545454545454547,0.01547911528750261,0.45788770053475936,0.007373225449125076
scidocs,bm25,tfidf,648678f1edab0d2139958070744b826d2b24c79e,26,0.5507692307692308,3.655084919983229e-05,0.7565811965811965,7.744281978920823e-06
scidocs,bm25,tfidf,6519bf5580fcdcc9c50fd72c6c8dc5d040d443e8,40,0.6153846153846155,2.2382755258153008e-08,0.8076923076923078,3.003541771778988e-10
scidocs,bm25,tfidf,6ae4d0b388aa9262e80c3eedc1cb3e5f06842368,26,0.36000000000000004,0.00956530274501698,0.4994871794871794,0.00937779737498252
scidocs,bm25,tfidf,6c89453c09abde95d998f5acd244f00519472ee0,37,0.515402098884027,7.242310617046578e-06,0.670262581937309,5.673212935137106e-06
scidocs,bm25,tfidf,714c194a2fc326151b905270558aa137f9f22730,36,0.5523809523809524,2.1364317542611133e-06,0.72998712998713,4.364444901554001e-07
scidocs,bm25,tfidf,73d54af530d22599cc76b9785ae0a663cc694df2,44,0.4841437632135306,3.61569480714495e-06,0.6693446088794925,6.776325251314271e-07
scidocs,bm25,tfidf,7492683af60d02dbd658acdc61249571f8c20fc8,35,0.21008403361344538,0.07586833499439007,0.31484593837535013,0.06545002555718565
scidocs,bm25,tfidf,74bd4761b373447079c6e5cd31832c00fab2fa77,29,0.43842364532019695,0.0006407093751032035,0.6133004926108374,0.00040373299048722177
scidocs,bm25,tfidf,74d4bf32242a3d22df63e0cd3c7b5a0038220cd2,39,0.44129554655870445,7.631811614846613e-05,0.5783400809716599,0.0001151530776749065
scidocs,bm25,tfidf,76dac031066a95715a3b116eb2094ec9bdd15171,34,0.4973262032085562,3.5338188682811027e-05,0.7155080213903742,1.973779407415948e-06
scidocs,bm25,tfidf,7707c7aac35a4d206eb061305256452051ae4dcf,38,0.4509246088193457,6.739667879450708e-05,0.654010285589233,8.46886290947547e-06
scidocs,bm25,tfidf,78495383450e02c5fe817e408726134b3084905d,33,0.4356060606060606,0.00025922323095826434,0.5855614973262032,0.0003437127859506832
scidocs,bm25,tfidf,79e13ff4a21f13d3839422568274ea84a9fe42b5,35,0.6941176470588235,4.4861480276574534e-09,0.87703081232493,4.860089059484199e-12
scidocs,bm25,tfidf,7a373793804ea9813d64641919e14841f927c38f,36,0.6063492063492064,1.9590530594700745e-07,0.7881595881595881,1.1544250229620712e-08
scidocs,bm25,tfidf,7b6652910c5cc0df9ff6bc91912a02e58a742d26,28,0.5291005291005291,3.786978718634832e-05,0.7383689107827038,7.27215481042788e-06
scidocs,bm25,tfidf,7c88a0f765ce3c9025345cf133251cb947fe6ee5,36,0.5714285714285715,9.413344836043134e-07,0.7758043758043759,2.7288038072695334e-08
scidocs,bm25,tfidf,7db20fcc1d71edc32c365f145148d24b9f1427a5,36,0.3047619047619048,0.008917217340543869,0.4064350064350065,0.013902599789975129
scidocs,bm25,tfidf,7dcb308b9292a8bc87d6f7793d2ca5e0e19dfa40,35,0.4789915966386554,5.178789682317931e-05,0.6431372549019609,3.088972271579328e-05
scidocs,bm25,tfidf,84424eee012089dac9414979f0cb1465c97c4408,30,0.5632183908045977,4.041844602410956e-06,0.7664071190211346,7.907931944660559e-07
scidocs,bm25,tfidf,8501e330d78391f4e690886a8eb8fac867704ea6,32,0.5403225806451614,5.082392365080053e-06,0.6946480938416421,1.029532106531451e-05
scidocs,bm25,tfidf,8a6080396fa7195c7c627bea4b2aeeb9ca39b5f8,28,0.19576719576719576,0.15044122602406668,0.3054187192118227,0.1139985129809365
scidocs,bm25,tfidf,8a93cd1b6fbf7c8c86637bae18d979dafeb9a7c1,35,0.39831932773109247,0.0007633879309194245,0.5487394957983194,0.0006418664379883407
scidocs,bm25,tfidf,8bb3a478db8951f42198a885d7245d58036ba55c,34,0.31550802139037437,0.008692254877280606,0.44721161191749426,0.008006995173881605
scidocs,bm25,tfidf,8c872ecd87945e71fcd9fa1b6cb1133cfe805bf2,35,0.4386554621848739,0.00021008206722850488,0.588515406162465,0.00020036887628072504
scidocs,bm25,tfidf,8fad88b5678bfecab78d0d6389f649ccfb310d22,31,0.5010752688172044,3.924193088942069e-05,0.6891129032258065,1.8118529767370046e-05
scidocs,bm25,tfidf,8ff6581f94c366e34c6f2d55806f7781194c33c8,34,0.4224598930481284,0.00044242245358716933,0.5963330786860198,0.00019771968231724097
scidocs,bm25,tfidf,9003fb79e7848ced3be975c3d87a9348a4b8d377,32,0.467741935483871,0.00010460233464569517,0.6517595307917887,5.32386766227989e-05
scidocs,bm25,tfidf,924544f503070bb390cc51e4bac9cbb3171aa03f,37,0.7507507507507507,6.174936343835631e-11,0.9129919393077286,3.4379029280109953e-15
scidocs,bm25,tfidf,958ebc7e24012b419316489515f2c2f908773bd5,33,0.5227272727272727,7.78825277014889e-06,0.7038770053475937,4.873292322722155e-06
scidocs,bm25,tfidf,9a7e12ef462e779263ee3f2dd415d2d21233f15d,34,0.4937611408199645,4.0192410227261934e-05,0.6883116883116883,6.819023908004059e-06
scidocs,bm25,tfidf,9e76a700f03ef476b964b27e23c071163e44c232,42,0.8234610917537747,1.5454745891548978e-14,0.953164249250466,2.2096220436623714e-22
scidocs,bm25,tfidf,a04b5b99f5d9d8748843e870536a4a9f65562012,39,0.5924426450742241,1.0930866223751743e-07,0.7823886639676114,4.030244288016975e-09
scidocs,bm25,tfidf,a1be02429ab4ec852656f8833c3160f4592cc547,29,0.14778325123152708,0.2710701958541052,0.2162561576354679,0.2598501118653223
scidocs,bm25,tfidf,a1f5c39aece58f6504e0334d96eaede32c7329cf,36,0.48571428571428577,3.0729255454863694e-05,0.6707850707850709,7.577147900837554e-06
scidocs,bm25,tfidf,a22e737d38a1bc671893a7ed341aba436571097a,30,0.19080459770114944,0.1445086040145618,0.24360400444938823,0.19455405122679015
scidocs,bm25,tfidf,a65196dfff31425281c690a7f2ca65247147da6b,42,0.4727061556329849,1.0298110618058704e-05,0.6630743051616562,1.7108353968878932e-06
scidocs,bm25,tfidf,a9d7e7e918a68d1b95c6c6b29f7fabbbe01010f7,35,0.3210084033613445,0.006678311661881646,0.4787114845938376,0.0036245623524648243
scidocs,bm25,tfidf,ac58b487e864afafe71c6158553eed10fbc8eef5,38,0.5476529160739687,1.2971940079818444e-06,0.7437356384724806,8.781812499157514e-08
scidocs,bm25,tfidf,ae0fb9c6ebb8ce12610c477d2388447a13dc4694,36,0.4634920634920635,6.97018863481386e-05,0.6198198198198198,5.5445052925753144e-05
scidocs,bm25,tfidf,ae2b67d03512dd0f13a68636d1d7f83cc889318a,33,0.5643939393939394,1.047058331130267e-06,0.752005347593583,4.524593855722556e-07
scidocs,bm25,tfidf,af441a4f1b754ad9b3a4401e8361ad9b66786778,42,0.4889663182346109,5.053824229272754e-06,0.6345514950166113,6.397334126255225e-06
scidocs,bm25,tfidf,b21951a276dd940e052676b06e193f65fdc297f9,35,0.29411764705882354,0.012946026127481549,0.37731092436974795,0.02545359848278665
scidocs,bm25,tfidf,b2a20116c0609e23d3adfeaa604500fddca66178,31,0.3935483870967742,0.0015852766662556037,0.5536290322580646,0.0012341561589324468
scidocs,bm25,tfidf,b8397b4418bb1d576210d9a39d44725d6ffb2a44,36,0.38730158730158737,0.0008889600659915247,0.5588159588159589,0.000396523389841268
scidocs,bm25,tfidf,b9d502d98e3bb19f8179a4363e3f28c6b6def7a8,42,0.6515679442508711,1.2035099489444651e-09,0.8358317802447128,5.677528759302324e-12
scidocs,bm25,tfidf,beac53e8074b4822943a3374ff5e9fed98a891b8,41,0.3780487804878049,0.0004978680600067144,0.5390243902439026,0.00027674418514106924
scidocs,bm25,tfidf,c2e57b2871fdfd06566820c5329815ac06f66197,19,0.48538011695906425,0.0031542131805936016,0.7087719298245614,0.0006810286499007207
scidocs,bm25,tfidf,c79b88a8d8ba491cead38b431703d84015153a8f,30,0.5586206896551724,4.98048297673511e-06,0.7517241379310345,1.680678565241008e-06
scidocs,bm25,tfidf,ca464085b3da330f2ea895543a78c446a3af1bb6,43,0.49501661129568103,2.8962586407903923e-06,0.6641498036846873,1.1996619923894466e-06
scidocs,bm25,tfidf,d2e6250e95af09fefbe638f1580420476a2ecaee,21,-0.13333333333333333,0.41959470806899085,-0.22077922077922077,0.3361880870952679
scidocs,bm25,tfidf,d6b56cc6e05300426b6194dd3f6a38720678827e,38,0.624466571834993,3.4080580703254323e-08,0.8126709705657075,5.778192207996287e-10
scidocs,bm25,tfidf,ddbb6e0913ac127004be73e2d4097513a8f02d37,35,0.707563025210084,2.2478334102851786e-09,0.8658263305322129,1.8784222513717485e-11
scidocs,bm25,tfidf,ddbf21ca1de9617894b15d45787a27557f02a494,29,0.5812807881773399,2.7522877207735916e-06,0.7743842364532018,8.248966062786676e-07
scidocs,bm25,tfidf,de77514c78432a0b17cf30baa024434173908f89,30,0.3977011494252874,0.0017234661675702629,0.5710789766407119,0.0009810131454760873
scidocs,bm25,tfidf,de8e80d409aaaa3244da4f2cb5b5bb053d453cee,35,0.5495798319327732,3.4194561521414225e-06,0.7411764705882354,3.53401203478871e-07
scidocs,bm25,tfidf,df0ef17f63582603dafb1ac5c489dec1416ecbf4,33,0.09469696969696971,0.45073160411871227,0.12399732620320857,0.4917642698479149
scidocs,bm25,tfidf,df39e24c3cc21dc4c79995ec2b424a37dac999c7,39,0.4062078272604589,0.0002714138294550192,0.5483805668016195,0.00030121749258016155
scidocs,bm25,tfidf,e00ab75a8aa637d9c4c5c020e9f2c54b31528031,34,0.3725490196078432,0.001946286081052081,0.4967150496562261,0.0028064219886792647
scidocs,bm25,tfidf,e48e9cf407af2694ecfefd441c2c28faffdf0835,39,0.7651821862348178,6.9379810827861236e-12,0.9242914979757085,4.6816980370584584e-17
scidocs,bm25,tfidf,e659e72b7962c9ad586a2d35a7099550102fb054,36,0.4761904761904763,4.383669461381192e-05,0.6082368082368081,8.31087149411942e-05
scidocs,bm25,tfidf,e788f08148b4b06f4e537b27b51338f1c88ccea8,33,0.4265404759733931,0.0004890901371986048,0.5772541174996726,0.000436265665367264
scidocs,bm25,tfidf,e7ec9e900556d9d9e47b274911ad304bcf198256,39,0.708502024291498,2.1411717752521629e-10,0.8674089068825911,9.068422202295575e-13
scidocs,bm25,tfidf,ebf4ef0701e6f6c2050e5bed0be54fd4d8a1d991,20,0.5473684210526316,0.00048057549205802254,0.7142857142857143,0.0004032525947441225
scidocs,bm25,tfidf,ee6b940d3ae36f9b124586b15a49cec45f24b90a,41,0.4380720766565346,5.5181879933329894e-05,0.5803388654836271,6.969621936652545e-05
scidocs,bm25,tfidf,ee9596725d1db17f2b1e2207dd3ea260343bfe4f,33,0.29924242424242425,0.014155706161866672,0.3990641711229947,0.021416204591929947
scidocs,bm25,tfidf,f09db8a42d713774483f023b31e0ee96361823f4,27,0.35042735042735046,0.010011722276647773,0.5073260073260073,0.006912089587155371
scidocs,bm25,tfidf,f2d5039b55d626ef5466a80e950bddd5cc1819d4,40,0.594871794871795,6.441901947752256e-08,0.7861163227016887,1.848767100299042e-09
scidocs,bm25,tfidf,f365ce3e68cb3795887e93baf5fed5d783b3904e,16,0.4666666666666666,0.011480597067017682,0.711764705882353,0.0019840432477699634
scidocs,bm25,tfidf,f754cab548f2c209ea7d932084ef768b92b27614,29,0.40394088669950734,0.0017804667490544537,0.5438423645320195,0.00229305367194686
scidocs,bm25,tfidf,f7bdc97a6b4c5d65c145479ae74b3a244121ae89,33,0.5416666666666666,3.222020906873164e-06,0.7389705882352942,9.057060018206625e-07
scidocs,bm25,tfidf,f7f32e86c23a902ac55fba8b8191026f563bec5b,32,0.39112903225806456,0.0013942614639426679,0.5267595307917888,0.0019527915468054748
scidocs,bm25,tfidf,fa8042d025895e22af2d9df3ffb9f67438610fcc,39,0.349527665317139,0.0017297640160862274,0.4821862348178138,0.001880672702792744
scidocs,bm25,tfidf,fd4537b92ab9fa7c653e9e5b9c4f815914a498c0,35,0.5529411764705882,2.9788734984320717e-06,0.7179271708683473,1.2046041939498883e-06
scidocs,bm25,tfidf,fd65ca4e3ae95302f74bf863988cdb95d6a12824,46,0.5536231884057972,5.787316016411538e-08,0.7645390070921986,6.251319043636446e-10
scidocs,bm25,minilm,01d208b33561362f7714f714d3bc4a1f7aa1637c,6,0.4666666666666666,0.2722222222222222,0.6,0.208
scidocs,bm25,minilm,04e4034344bda5c97015ea634e6eb1b65ef3a898,21,0.12380952380952383,0.4550436580067618,0.16623376623376623,0.471422022315551
scidocs,bm25,minilm,065985d4d0854c51f52ad7a7507b267d9b88ab1c,13,0.15384615384615383,0.5097745711721406,0.23076923076923078,0.4481273823153657
scidocs,bm25,minilm,0674058618d04def58c79a0b28174301ef591433,19,0.08771929824561403,0.6288243928951247,0.14035087719298248,0.5665827574598225
scidocs,bm25,minilm,071f47b7bc5830643e31dbed82e0375bf9b26559,11,-0.16363636363636364,0.5422593494468494,-0.045454545454545456,0.8944269969053026
scidocs,bm25,minilm,0a40663fdcf7c5fb7cfc459693116c41309e7eca,7,0.7142857142857143,0.03015873015873016,0.8571428571428573,0.013697326615325618
scidocs,bm25,minilm,0bf046038a555bc848030a28530f9836e5611b96,20,0.19999999999999998,0.23326655710712652,0.28872180451127816,0.2169926666873039
scidocs,bm25,minilm,0bfa2ab02f3c9a9fe06fcebf34bd8f371e206512,16,0.11666666666666665,0.5642673786464399,0.16764705882352943,0.5348568245819436
scidocs,bm25,minilm,100636ca50edf63d4336bb071f3e172cb0ebccaa,9,0.05555555555555555,0.919455467372134,-0.08333333333333334,0.831214097710308
scidocs,bm25,minilm,129397ed6557da93db5ba18cf112ee7b0a7927d8,23,0.3280632411067194,0.02915235606237357,0.45849802371541504,0.02777818171875754
scidocs,bm25,minilm,19115f66f6ac1c02568bbb38eceedfa3521a8cc2,16,0.2833333333333333,0.1390499630243192,0.36176470588235293,0.16855882250388424
scidocs,bm25,minilm,191ea925c2115755b44380c99d84f4a1099b4dcd,15,0.04761904761904762,0.845841042458974,0.0964285714285714,0.732452863386731
scidocs,bm25,minilm,1a66df57f88e689438d505474eff73e3a9180c5b,13,0.3589743589743589,0.0999802599021349,0.4945054945054945,0.08582353060960757
scidocs,bm25,minilm,232427099d4a8acf1dc29efc852f09c5964e6165,9,0.0,1.0,-0.016666666666666666,0.9660548039946862
scidocs,bm25,minilm,23386571ed332e4a465c0a6fa899f310caa217c8,13,0.23076923076923073,0.306184939674523,0.2967032967032967,0.3249215884859749
scidocs,bm25,minilm,23a7c8d9f142184d28e56b0751e172fef6539275,26,0.2923076923076923,0.037344025361578,0.39350427350427347,0.04671519841112546
scidocs,bm25,minilm,26ebc1b9e21db68d5abf01acd2a0c38d260c65a1,24,0.06521739130434782,0.6765261156179087,0.06695652173913043,0.7559095203776366
scidocs,bm25,minilm,271a4077c037b86fb7daf6bff3e66682322ff7d7,2,-1.0,1.0,-0.9999999999999999,nan
scidocs,bm25,minilm,281b6888d5df1dddb350fac4e9be5c8272519109,13,0.5384615384615383,0.010117397391702948,0.6703296703296703,0.012166220319952023
scidocs,bm25,minilm,28e0707528f78fecb26fe7f003d94f6a5de32b98,12,0.303030303030303,0.19694994338223504,0.35664335664335667,0.2551377517589572
scidocs,bm25,minilm,2bd338ef8751b62d23e53fbb44d67042d634da2f,12,0.0909090909090909,0.7373055246579552,0.2377622377622378,0.45680085263992326
scidocs,bm25,minilm,30c9a7660281ad8e4538ff9beb20282c74fac810,8,0.07142857142857142,0.9048611111111111,0.14285714285714288,0.735764859879812
scidocs,bm25,minilm,3136f52540fb7925998eff94e9c016d2e1a6fe12,11,0.0909090909090909,0.7611503928170594,0.14545454545454548,0.6695786456420787
scidocs,bm25,minilm,335ad0ff82c728aca99fb0059c607cb18129526f,3,0.33333333333333337,1.0,0.5,0.6666666666666666
scidocs,bm25,minilm,3565d884735ead613a5aa0903f06a2cc86d05b6b,18,0.5163398692810458,0.002244139045296836,0.6429308565531475,0.004002006540262527
scidocs,bm25,minilm,370fda29c5aaff285311a87824c5f28db33da021,25,0.10666666666666665,0.4730453015604536,0.12384615384615384,0.5553203690461636
scidocs,bm25,minilm,373f76633cc1f6c7a421e31c989842021a52fca4,18,0.006535947712418302,1.0,-0.005159958720330237,0.9837879533049655
scidocs,bm25,minilm,382bbb79d7ffda63395db3d9b4ebce55d0b2f038,5,0.39999999999999997,0.48333333333333334,0.49999999999999994,0.3910022189557703
scidocs,bm25,minilm,399acab2bee6eccbfffe4a2ce688b6b1075e9c5e,11,0.3090909090909091,0.21834651074234407,0.43636363636363645,0.17966487658001118
scidocs,bm25,minilm,3a63667284dc8b9687ed1620406030bfe39af3c9,26,0.1630769230769231,0.2545197559925082,0.2704273504273504,0.18149939565364717
scidocs,bm25,minilm,3b198869df03d98b81c0c882753845a3bca36c63,23,0.2015810276679842,0.1888380829020091,0.2727272727272727,0.2080134664952821
scidocs,bm25,minilm,3be10c45163c61dfb9f250412699b3f8cb0ada1d,28,0.3386243386243386,0.011150613855211041,0.48823207443897104,0.008391566119350765
scidocs,bm25,minilm,3d23666c6d97d6ba3c86044d83c697821084bed6,22,0.1341991341991342,0.4020304086977944,0.20158102766798422,0.3683370734344016
scidocs,bm25,minilm,3f95e155b1c40911149fe994197a502ef44ebbbe,26,0.48307692307692307,0.00037001187279043704,0.6601709401709401,0.00024268784875949962
scidocs,bm25,minilm,43da9037d50745002195abb864243ecc75d4b040,9,0.0,1.0,-0.06666666666666667,0.8646897846262036
scidocs,bm25,minilm,44a56dc083e3e2b07f11aae29c1ee560f46efa4a,14,0.2527472527472528,0.23311184869840623,0.3802197802197802,0.17990614630608132
scidocs,bm25,minilm,458f1428273254fc5dd399f3c104f507680ddd54,7,0.8095238095238096,0.010714285714285714,0.8928571428571429,0.006807187408935393
scidocs,bm25,minilm,4649e3279edf653135f1f31da3e242ba451a93de,10,-0.022222222222222223,1.0,0.12727272727272726,0.7260570147627894
scidocs,bm25,minilm,4715401473dca02ebaa5bdd4d4003705ed91c380,25,0.3866666666666666,0.00631402755690959,0.5223076923076923,0.007398377307762759
scidocs,bm25,minilm,4ab6e67519411dbdb69c6111a3b8d5f334ebb579,31,0.2602150537634409,0.04066639387189535,0.35766129032258065,0.04821877834843789
scidocs,bm25,minilm,4b80771429b786ea87740738378ba1eb1504a57f,5,-0.19999999999999998,0.8166666666666667,0.0,1.0
scidocs,bm25,minilm,566c89a1ace18f57ac3212e6d62634b501990b31,11,0.7090909090909091,0.0015912097162097162,0.8272727272727273,0.0016769738964523809
scidocs,bm25,minilm,59e2037f5079794cb9128c7f0900a568ced14c2a,15,0.21904761904761905,0.2815660702955676,0.2821428571428571,0.30828445682005545
scidocs,bm25,minilm,5a4b46ef8898610ab16a1ced6f4a976db0f1962c,12,-0.2727272727272727,0.24957952123750735,-0.4265734265734266,0.16669998762494498
scidocs,bm25,minilm,5bb6b779de7929c573f39cd84169cafbd72e5bae,21,0.08571428571428572,0.6119326072720337,0.10519480519480517,0.6499672847296488
scidocs,bm25,minilm,5e1b80b4774582b948c6dcd656daaba6724ffc2d,8,-0.14285714285714285,0.7195436507936508,-0.1666666666666667,0.693238811728395
scidocs,bm25,minilm,648678f1edab0d2139958070744b826d2b24c79e,12,0.5757575757575757,0.008757732750788306,0.7622377622377624,0.003950448972542647
scidocs,bm25,minilm,6519bf5580fcdcc9c50fd72c6c8dc5d040d443e8,24,0.39855072463768115,0.005915006231790905,0.5626086956521739,0.004211057389435817
scidocs,bm25,minilm,6ae4d0b388aa9262e80c3eedc1cb3e5f06842368,5,0.19999999999999998,0.8166666666666667,0.0,1.0
scidocs,bm25,minilm,6c89453c09abde95d998f5acd244f00519472ee0,17,0.4354273187238802,0.014997905735042928,0.619252109036289,0.008029770006337618
scidocs,bm25,minilm,714c194a2fc326151b905270558aa137f9f22730,18,0.18954248366013074,0.293450858549159,0.2053663570691434,0.41363537140209433
scidocs,bm25,minilm,73d54af530d22599cc76b9785ae0a663cc694df2,20,0.0,1.0,-0.007518796992481202,0.97490250199334
scidocs,bm25,minilm,7492683af60d02dbd658acdc61249571f8c20fc8,15,0.20000000000000004,0.3282335876694342,0.3428571428571428,0.2109237934147519
scidocs,bm25,minilm,74bd4761b373447079c6e5cd31832c00fab2fa77,6,0.4666666666666666,0.2722222222222222,0.6,0.208
scidocs,bm25,minilm,74d4bf32242a3d22df63e0cd3c7b5a0038220cd2,25,0.07999999999999997,0.5947862336020772,0.11846153846153845,0.5727706028933911
scidocs,bm25,minilm,76dac031066a95715a3b116eb2094ec9bdd15171,11,0.5636363636363636,0.016540504248837583,0.7363636363636363,0.009759535959916904
scidocs,bm25,minilm,7707c7aac35a4d206eb061305256452051ae4dcf,13,-0.025641025641025637,0.9523619079608663,-0.06043956043956044,0.8445023706449681
scidocs,bm25,minilm,78495383450e02c5fe817e408726134b3084905d,12,0.39393939393939387,0.0863171145983646,0.5804195804195805,0.04785597684206058
scidocs,bm25,minilm,79e13ff4a21f13d3839422568274ea84a9fe42b5,21,0.1142857142857143,0.4920749967194731,0.18181818181818182,0.43023793249590314
scidocs,bm25,minilm,7a373793804ea9813d64641919e14841f927c38f,22,0.2987012987012987,0.05442008959458163,0.4376058723884812,0.04167345203725814
scidocs,bm25,minilm,7b6652910c5cc0df9ff6bc91912a02e58a742d26,6,0.3333333333333333,0.46944444444444444,0.6,0.208
scidocs,bm25,minilm,7c88a0f765ce3c9025345cf133251cb947fe6ee5,20,0.22105263157894736,0.18588304288709082,0.29473684210526313,0.2071354208521537
scidocs,bm25,minilm,7db20fcc1d71edc32c365f145148d24b9f1427a5,15,0.1619047619047619,0.43511891093211363,0.2928571428571428,0.28947166721240103
scidocs,bm25,minilm,7dcb308b9292a8bc87d6f7793d2ca5e0e19dfa40,19,0.3684210526315789,0.028602136997321184,0.4421052631578948,0.058056754167625686
scidocs,bm25,minilm,84424eee012089dac9414979f0cb1465c97c4408,14,0.14285714285714285,0.5182528584593317,0.1956043956043956,0.5027500912969567
scidocs,bm25,minilm,8501e330d78391f4e690886a8eb8fac867704ea6,21,0.24761904761904766,0.12453202701123642,0.34025974025974026,0.13123757652772486
scidocs,bm25,minilm,8a6080396fa7195c7c627bea4b2aeeb9ca39b5f8,7,0.5238095238095238,0.1361111111111111,0.7500000000000002,0.0521814004570578
scidocs,bm25,minilm,8a93cd1b6fbf7c8c86637bae18d979dafeb9a7c1,14,0.1208791208791209,0.5906396351113613,0.1956043956043956,0.5027500912969567
scidocs,bm25,minilm,8bb3a478db8951f42198a885d7245d58036ba55c,21,0.380952380952381,0.01567760558660197,0.4909090909090909,0.023839688371383023
scidocs,bm25,minilm,8c872ecd87945e71fcd9fa1b6cb1133cfe805bf2,14,0.09890109890109891,0.667174486232646,0.16483516483516483,0.5733464050131384
scidocs,bm25,minilm,8fad88b5678bfecab78d0d6389f649ccfb310d22,15,-0.18095238095238098,0.3794503959627968,-0.2964285714285714,0.28335542843426303
scidocs,bm25,minilm,8ff6581f94c366e34c6f2d55806f7781194c33c8,20,-0.052631578947368425,0.7732194749063227,-0.07218045112781954,0.7623392575365605
scidocs,bm25,minilm,9003fb79e7848ced3be975c3d87a9348a4b8d377,11,0.16363636363636364,0.5422593494468494,0.21818181818181823,0.5192482475549817
scidocs,bm25,minilm,924544f503070bb390cc51e4bac9cbb3171aa03f,29,0.3743842364532019,0.003964491818416243,0.5108374384236452,0.0046296023743334575
scidocs,bm25,minilm,958ebc7e24012b419316489515f2c2f908773bd5,12,-0.0606060606060606,0.8405883696421891,-0.0979020979020979,0.7621216559962992
scidocs,bm25,minilm,9a7e12ef462e779263ee3f2dd415d2d21233f15d,14,0.23076923076923078,0.2791797743335442,0.2967032967032967,0.302966723838702
scidocs,bm25,minilm,9e76a700f03ef476b964b27e23c071163e44c232,31,0.410752688172043,0.0009430581247053296,0.620967741935484,0.0001933491079383399
scidocs,bm25,minilm,a04b5b99f5d9d8748843e870536a4a9f65562012,27,0.45299145299145305,0.0006932238246696204,0.6123321123321123,0.0006867694201813823
scidocs,bm25,minilm,a1be02429ab4ec852656f8833c3160f4592cc547,11,0.4909090909090909,0.04053235730319064,0.6636363636363638,0.0259841339187655
scidocs,bm25,minilm,a1f5c39aece58f6504e0334d96eaede32c7329cf,17,-0.2205882352941176,0.23617204064651248,-0.29656862745098045,0.24772866621670073
scidocs,bm25,minilm,a22e737d38a1bc671893a7ed341aba436571097a,4,-0.6666666666666669,0.3333333333333333,-0.7999999999999999,0.2000000000000001
scidocs,bm25,minilm,a65196dfff31425281c690a7f2ca65247147da6b,16,0.2833333333333333,0.1390499630243192,0.4323529411764706,0.09442103753478692
scidocs,bm25,minilm,a9d7e7e918a68d1b95c6c6b29f7fabbbe01010f7,12,-0.1818181818181818,0.459023957331249,-0.2517482517482518,0.4299187850328841
scidocs,bm25,minilm,ac58b487e864afafe71c6158553eed10fbc8eef5,31,0.20000000000000004,0.11847779253125056,0.3141129032258065,0.08526900604534214
scidocs,bm25,minilm,ae0fb9c6ebb8ce12610c477d2388447a13dc4694,7,-0.4285714285714286,0.2388888888888889,-0.5357142857142858,0.21521745567801298
scidocs,bm25,minilm,ae2b67d03512dd0f13a68636d1d7f83cc889318a,25,0.2799999999999999,0.05185823522532831,0.4115384615384615,0.04096068244289258
scidocs,bm25,minilm,af441a4f1b754ad9b3a4401e8361ad9b66786778,32,0.5161290322580646,1.4926152219643343e-05,0.6961143695014662,9.685105185345568e-06
scidocs,bm25,minilm,b21951a276dd940e052676b06e193f65fdc297f9,8,0.2857142857142857,0.39875992063492066,0.30952380952380953,0.4556448907375822
scidocs,bm25,minilm,b2a20116c0609e23d3adfeaa604500fddca66178,10,0.3333333333333333,0.21637345679012346,0.3939393939393939,0.25999776683488757
scidocs,bm25,minilm,b8397b4418bb1d576210d9a39d44725d6ffb2a44,22,0.14285714285714285,0.3711989339777388,0.21400338791643145,0.3389131793807724
scidocs,bm25,minilm,b9d502d98e3bb19f8179a4363e3f28c6b6def7a8,16,0.03333333333333333,0.8943512599699821,0.047058823529411764,0.8626036946668733
scidocs,bm25,minilm,beac53e8074b4822943a3374ff5e9fed98a891b8,23,0.019762845849802372,0.916846744693041,0.048418972332015815,0.826347838470786
scidocs,bm25,minilm,c2e57b2871fdfd06566820c5329815ac06f66197,9,0.05555555555555555,0.919455467372134,0.08333333333333334,0.831214097710308
scidocs,bm25,minilm,c79b88a8d8ba491cead38b431703d84015153a8f,23,0.02766798418972332,0.8755457169966204,0.058300395256917006,0.7916018249847689
scidocs,bm25,minilm,ca464085b3da330f2ea895543a78c446a3af1bb6,12,-0.0303030303030303,0.9465592891547753,-0.006993006993006993,0.9827917689028476
scidocs,bm25,minilm,d2e6250e95af09fefbe638f1580420476a2ecaee,3,1.0,0.3333333333333333,1.0,0.0
scidocs,bm25,minilm,d6b56cc6e05300426b6194dd3f6a38720678827e,18,0.5032679738562092,0.002985699542918576,0.6718266253869969,0.002261304519717512
scidocs,bm25,minilm,ddbb6e0913ac127004be73e2d4097513a8f02d37,18,0.4901960784313726,0.003934978451529695,0.6573787409700722,0.0030302895427941692
scidocs,bm25,minilm,ddbf21ca1de9617894b15d45787a27557f02a494,17,0.39705882352941174,0.027329794647271987,0.5294117647058825,0.028855722586286218
scidocs,bm25,minilm,de77514c78432a0b17cf30baa024434173908f89,18,0.3856209150326798,0.02643135752713797,0.5252837977296182,0.02518359155961345
scidocs,bm25,minilm,de8e80d409aaaa3244da4f2cb5b5bb053d453cee,23,0.23320158102766797,0.12651766910267948,0.33300395256917,0.12050218609641887
scidocs,bm25,minilm,df0ef17f63582603dafb1ac5c489dec1416ecbf4,10,-0.4222222222222222,0.10831349206349207,-0.5151515151515151,0.1275528697032343
scidocs,bm25,minilm,df39e24c3cc21dc4c79995ec2b424a37dac999c7,28,0.2275132275132275,0.09325643421655402,0.3371647509578544,0.07933520852429254
scidocs,bm25,minilm,e00ab75a8aa637d9c4c5c020e9f2c54b31528031,16,0.16666666666666669,0.39841441604807076,0.2323529411764706,0.386511349907985
scidocs,bm25,minilm,e48e9cf407af2694ecfefd441c2c28faffdf0835,23,0.5019762845849802,0.0005571976489409922,0.6946640316205535,0.00023495864270620982
scidocs,bm25,minilm,e659e72b7962c9ad586a2d35a7099550102fb054,30,0.3195402298850575,0.012903514675602273,0.44160177975528364,0.014563951168300312
scidocs,bm25,minilm,e788f08148b4b06f4e537b27b51338f1c88ccea8,10,0.24444444444444444,0.38071979717813054,0.34545454545454546,0.3282265114713672
scidocs,bm25,minilm,e7ec9e900556d9d9e47b274911ad304bcf198256,26,0.5815384615384616,1.0960818857282772e-05,0.7449572649572649,1.2688144528397227e-05
scidocs,bm25,minilm,ebf4ef0701e6f6c2050e5bed0be54fd4d8a1d991,7,0.14285714285714288,0.7726190476190476,0.07142857142857144,0.879048193148154
scidocs,bm25,minilm,ee6b940d3ae36f9b124586b15a49cec45f24b90a,24,0.36231884057971014,0.01290450360123228,0.48,0.017606488092010337
scidocs,bm25,minilm,ee9596725d1db17f2b1e2207dd3ea260343bfe4f,25,0.15999999999999995,0.27546798247377474,0.24846153846153846,0.2310733663174255
scidocs,bm25,minilm,f09db8a42d713774483f023b31e0ee96361823f4,15,0.10476190476190476,0.6264945175158468,0.1714285714285714,0.5412721760996332
scidocs,bm25,minilm,f2d5039b55d626ef5466a80e950bddd5cc1819d4,19,0.4269005847953216,0.010328703448018863,0.5912280701754385,0.007676472592226466
scidocs,bm25,minilm,f365ce3e68cb3795887e93baf5fed5d783b3904e,3,0.33333333333333337,1.0,0.5,0.6666666666666666
scidocs,bm25,minilm,f754cab548f2c209ea7d932084ef768b92b27614,10,0.15555555555555553,0.6006536596119929,0.22424242424242422,0.5334005612725947
scidocs,bm25,minilm,f7bdc97a6b4c5d65c145479ae74b3a244121ae89,23,0.42292490118577075,0.004244767907667345,0.5464426877470356,0.006979445684996816
scidocs,bm25,minilm,f7f32e86c23a902ac55fba8b8191026f563bec5b,21,0.3238095238095238,0.04196934455920998,0.44155844155844154,0.0450782913606689
scidocs,bm25,minilm,fa8042d025895e22af2d9df3ffb9f67438610fcc,9,0.5,0.07517636684303351,0.65,0.058073058017148654
scidocs,bm25,minilm,fd4537b92ab9fa7c653e9e5b9c4f815914a498c0,14,0.3626373626373627,0.07945689917354104,0.48571428571428577,0.07827588645863326
scidocs,bm25,minilm,fd65ca4e3ae95302f74bf863988cdb95d6a12824,29,0.2068965517241379,0.12013974731191734,0.31724137931034474,0.09356546746283317
scidocs,tfidf,minilm,01d208b33561362f7714f714d3bc4a1f7aa1637c,1,,,,
scidocs,tfidf,minilm,04e4034344bda5c97015ea634e6eb1b65ef3a898,28,0.14285714285714285,0.2980332027250029,0.22386425834701695,0.2521352871382466
scidocs,tfidf,minilm,065985d4d0854c51f52ad7a7507b267d9b88ab1c,19,0.005847953216374269,1.0,0.0035087719298245615,0.9886257366379809
scidocs,tfidf,minilm,0674058618d04def58c79a0b28174301ef591433,18,0.006535947712418302,1.0,0.029927760577915376,0.9061604960497216
scidocs,tfidf,minilm,071f47b7bc5830643e31dbed82e0375bf9b26559,12,0.2121212121212121,0.38070480349126185,0.25874125874125875,0.41677476889913817
scidocs,tfidf,minilm,0a40663fdcf7c5fb7cfc459693116c41309e7eca,3,-0.33333333333333337,1.0,-0.5,0.6666666666666666
scidocs,tfidf,minilm,0bf046038a555bc848030a28530f9836e5611b96,21,-0.0380952380952381,0.8346819234227341,-0.029870129870129873,0.8977307350801783
scidocs,tfidf,minilm,0bfa2ab02f3c9a9fe06fcebf34bd8f371e206512,25,-0.046666666666666655,0.7638450161401625,-0.05538461538461539,0.7925912249870334
scidocs,tfidf,minilm,100636ca50edf63d4336bb071f3e172cb0ebccaa,9,0.1111111111111111,0.761414241622575,0.13333333333333333,0.7323675052362973
scidocs,tfidf,minilm,129397ed6557da93db5ba18cf112ee7b0a7927d8,23,0.4545454545454546,0.001983031852676538,0.5938735177865613,0.0028107323985247807
scidocs,tfidf,minilm,19115f66f6ac1c02568bbb38eceedfa3521a8cc2,20,0.24210526315789474,0.1458442183647273,0.30526315789473685,0.19060938739632302
scidocs,tfidf,minilm,191ea925c2115755b44380c99d84f4a1099b4dcd,15,0.10476190476190476,0.6264945175158468,0.18214285714285713,0.5158816817070393
scidocs,tfidf,minilm,1a66df57f88e689438d505474eff73e3a9180c5b,11,0.38181818181818183,0.12097096961680295,0.45454545454545453,0.1601454372552589
scidocs,tfidf,minilm,232427099d4a8acf1dc29efc852f09c5964e6165,8,-0.3571428571428571,0.27509920634920637,-0.4523809523809524,0.2604047674368853
scidocs,tfidf,minilm,23386571ed332e4a465c0a6fa899f310caa217c8,13,0.17948717948717946,0.4353804483839206,0.2967032967032967,0.3249215884859749
scidocs,tfidf,minilm,23a7c8d9f142184d28e56b0751e172fef6539275,25,0.3866666666666666,0.00631402755690959,0.5392307692307693,0.0054093036448047685
scidocs,tfidf,minilm,26ebc1b9e21db68d5abf01acd2a0c38d260c65a1,22,-0.341991341991342,0.02657260837891985,-0.4263128176171655,0.047878817581760234
scidocs,tfidf,minilm,271a4077c037b86fb7daf6bff3e66682322ff7d7,5,0.39999999999999997,0.48333333333333334,0.39999999999999997,0.5046315754686912
scidocs,tfidf,minilm,281b6888d5df1dddb350fac4e9be5c8272519109,10,0.5555555555555555,0.02860945767195767,0.7696969696969697,0.009221952722215994
scidocs,tfidf,minilm,28e0707528f78fecb26fe7f003d94f6a5de32b98,12,0.3333333333333333,0.15259045898802842,0.37762237762237766,0.22620604493502647
scidocs,tfidf,minilm,2bd338ef8751b62d23e53fbb44d67042d634da2f,13,0.282051282051282,0.2043667716671189,0.3681318681318681,0.21585718064938147
scidocs,tfidf,minilm,30c9a7660281ad8e4538ff9beb20282c74fac810,11,-0.05454545454545454,0.8792698312489979,-0.03636363636363637,0.9154683168905347
scidocs,tfidf,minilm,3136f52540fb7925998eff94e9c016d2e1a6fe12,9,-0.2777777777777778,0.35848765432098767,-0.41666666666666663,0.26458604674749636
scidocs,tfidf,minilm,335ad0ff82c728aca99fb0059c607cb18129526f,1,,,,
scidocs,tfidf,minilm,3565d884735ead613a5aa0903f06a2cc86d05b6b,18,0.3856209150326798,0.02643135752713797,0.5067079463364293,0.03187313226051144
scidocs,tfidf,minilm,370fda29c5aaff285311a87824c5f28db33da021,24,0.05072463768115942,0.749761450490796,0.06608695652173913,0.7589874525518235
scidocs,tfidf,minilm,373f76633cc1f6c7a421e31c989842021a52fca4,13,-0.2051282051282051,0.3674042836022003,-0.24175824175824176,0.4261755195945088
scidocs,tfidf,minilm,382bbb79d7ffda63395db3d9b4ebce55d0b2f038,5,0.39999999999999997,0.48333333333333334,0.49999999999999994,0.3910022189557703
scidocs,tfidf,minilm,399acab2bee6eccbfffe4a2ce688b6b1075e9c5e,8,0.4999999999999999,0.10868055555555556,0.6904761904761906,0.057990318164572716
scidocs,tfidf,minilm,3a63667284dc8b9687ed1620406030bfe39af3c9,26,0.21846153846153846,0.12364183802733303,0.30735042735042734,0.12667317044596427
scidocs,tfidf,minilm,3b198869df03d98b81c0c882753845a3bca36c63,23,0.22529644268774704,0.14039017172957366,0.29249011857707513,0.17562591876850703
scidocs,tfidf,minilm,3be10c45163c61dfb9f250412699b3f8cb0ada1d,26,0.44000000000000006,0.0013113680873865026,0.5705982905982906,0.0023353309066062567
scidocs,tfidf,minilm,3d23666c6d97d6ba3c86044d83c697821084bed6,22,0.2121212121212121,0.17796763426213033,0.3382269904009035,0.12365619745899689
scidocs,tfidf,minilm,3f95e155b1c40911149fe994197a502ef44ebbbe,24,0.39855072463768115,0.005915006231790905,0.5834782608695652,0.0027629445069863637
scidocs,tfidf,minilm,43da9037d50745002195abb864243ecc75d4b040,11,-0.45454545454545453,0.06017015392015392,-0.6000000000000001,0.05100326070695074
scidocs,tfidf,minilm,44a56dc083e3e2b07f11aae29c1ee560f46efa4a,14,0.27472527472527475,0.1925076217598539,0.37142857142857144,0.19102081204361632
scidocs,tfidf,minilm,458f1428273254fc5dd399f3c104f507680ddd54,10,0.3333333333333333,0.21637345679012346,0.4545454545454545,0.18690481034933196
scidocs,tfidf,minilm,4649e3279edf653135f1f31da3e242ba451a93de,16,-0.16666666666666669,0.39841441604807076,-0.22058823529411767,0.41166643049796364
scidocs,tfidf,minilm,4715401473dca02ebaa5bdd4d4003705ed91c380,25,0.2866666666666666,0.04630991896491626,0.3853846153846154,0.05710480980721741
scidocs,tfidf,minilm,4ab6e67519411dbdb69c6111a3b8d5f334ebb579,30,0.3563218390804598,0.005297135579389188,0.4771968854282535,0.007665243970877615
scidocs,tfidf,minilm,4b80771429b786ea87740738378ba1eb1504a57f,4,-0.3333333333333334,0.75,-0.39999999999999997,0.6
scidocs,tfidf,minilm,566c89a1ace18f57ac3212e6d62634b501990b31,9,0.3333333333333333,0.25951829805996474,0.45,0.22421610749233675
scidocs,tfidf,minilm,59e2037f5079794cb9128c7f0900a568ced14c2a,20,0.031578947368421054,0.8728414598639421,0.016541353383458645,0.9448174502147446
scidocs,tfidf,minilm,5a4b46ef8898610ab16a1ced6f4a976db0f1962c,11,-0.2,0.4453821448613115,-0.2545454545454546,0.45003657688882837
scidocs,tfidf,minilm,5bb6b779de7929c573f39cd84169cafbd72e5bae,22,-0.0303030303030303,0.8672669832921104,-0.050254093732354614,0.8242411656048835
scidocs,tfidf,minilm,5e1b80b4774582b948c6dcd656daaba6724ffc2d,6,0.3333333333333333,0.46944444444444444,0.3714285714285715,0.4684781341107872
scidocs,tfidf,minilm,648678f1edab0d2139958070744b826d2b24c79e,10,0.7777777777777777,0.0009463183421516755,0.9030303030303028,0.0003436121977632824
scidocs,tfidf,minilm,6519bf5580fcdcc9c50fd72c6c8dc5d040d443e8,23,0.5177865612648221,0.0003516535279525699,0.6699604743083005,0.00047000443201948355
scidocs,tfidf,minilm,6ae4d0b388aa9262e80c3eedc1cb3e5f06842368,5,-0.6,0.23333333333333334,-0.7,0.1881204043741873
scidocs,tfidf,minilm,6c89453c09abde95d998f5acd244f00519472ee0,20,0.4842105263157895,0.0023549443013355514,0.6511278195488721,0.0018736439667456602
scidocs,tfidf,minilm,714c194a2fc326151b905270558aa137f9f22730,16,-0.08333333333333334,0.6900950405141305,-0.10294117647058824,0.7044103818167708
scidocs,tfidf,minilm,73d54af530d22599cc76b9785ae0a663cc694df2,20,0.010526315789473684,0.9744669029388741,-0.006015037593984962,0.9799209119891912
scidocs,tfidf,minilm,7492683af60d02dbd658acdc61249571f8c20fc8,13,0.33333333333333326,0.12885137496248608,0.39010989010989006,0.18757411613383787
scidocs,tfidf,minilm,74bd4761b373447079c6e5cd31832c00fab2fa77,6,0.6,0.1361111111111111,0.7714285714285715,0.07239650145772594
scidocs,tfidf,minilm,74d4bf32242a3d22df63e0cd3c7b5a0038220cd2,31,0.21720430107526886,0.08928060367510404,0.2907258064516129,0.1125888855329596
scidocs,tfidf,minilm,76dac031066a95715a3b116eb2094ec9bdd15171,11,0.23636363636363636,0.3587114698573032,0.27272727272727276,0.4171414371425311
scidocs,tfidf,minilm,7707c7aac35a4d206eb061305256452051ae4dcf,17,0.14705882352941174,0.43968652710486045,0.2303921568627451,0.3736648667172987
scidocs,tfidf,minilm,78495383450e02c5fe817e408726134b3084905d,13,0.2051282051282051,0.3674042836022003,0.30769230769230765,0.30644705251252896
scidocs,tfidf,minilm,79e13ff4a21f13d3839422568274ea84a9fe42b5,19,0.19298245614035084,0.2668987734001042,0.3368421052631579,0.1584830429639541
scidocs,tfidf,minilm,7a373793804ea9813d64641919e14841f927c38f,23,0.2490118577075099,0.10192608044242166,0.3873517786561265,0.06783171233563066
scidocs,tfidf,minilm,7b6652910c5cc0df9ff6bc91912a02e58a742d26,9,-0.05555555555555555,0.919455467372134,0.0,1.0
scidocs,tfidf,minilm,7c88a0f765ce3c9025345cf133251cb947fe6ee5,20,0.09473684210526316,0.5858584459782121,0.14436090225563908,0.543700799199015
scidocs,tfidf,minilm,7db20fcc1d71edc32c365f145148d24b9f1427a5,13,0.25641025641025633,0.25185761030379084,0.38461538461538464,0.19441291997748633
scidocs,tfidf,minilm,7dcb308b9292a8bc87d6f7793d2ca5e0e19dfa40,19,0.20467836257309938,0.2377832201095029,0.32105263157894737,0.18016885539408906
scidocs,tfidf,minilm,84424eee012089dac9414979f0cb1465c97c4408,13,0.025641025641025637,0.9523619079608663,-0.010989010989010988,0.971577682777073
scidocs,tfidf,minilm,8501e330d78391f4e690886a8eb8fac867704ea6,22,0.2121212121212121,0.17796763426213033,0.3280632411067194,0.13608127719219504
scidocs,tfidf,minilm,8a6080396fa7195c7c627bea4b2aeeb9ca39b5f8,7,0.04761904761904762,1.0,0.07142857142857144,0.879048193148154
scidocs,tfidf,minilm,8a93cd1b6fbf7c8c86637bae18d979dafeb9a7c1,12,-0.2727272727272727,0.24957952123750735,-0.3216783216783217,0.30790987618065263
scidocs,tfidf,minilm,8bb3a478db8951f42198a885d7245d58036ba55c,22,0.30735930735930733,0.04748375519450037,0.46583850931677023,0.028887065083325676
scidocs,tfidf,minilm,8c872ecd87945e71fcd9fa1b6cb1133cfe805bf2,11,-0.16363636363636364,0.5422593494468494,-0.16363636363636366,0.6306852146425356
scidocs,tfidf,minilm,8fad88b5678bfecab78d0d6389f649ccfb310d22,13,0.3589743589743589,0.0999802599021349,0.5494505494505494,0.05177062555916278
scidocs,tfidf,minilm,8ff6581f94c366e34c6f2d55806f7781194c33c8,25,0.1533333333333333,0.29659240311553436,0.2346153846153846,0.2589546007608909
scidocs,tfidf,minilm,9003fb79e7848ced3be975c3d87a9348a4b8d377,12,0.606060606060606,0.005380307706696595,0.7832167832167832,0.00258621483336259
scidocs,tfidf,minilm,924544f503070bb390cc51e4bac9cbb3171aa03f,28,0.3492063492063492,0.008751089181751135,0.46195949644225504,0.013330674799815648
scidocs,tfidf,minilm,958ebc7e24012b419316489515f2c2f908773bd5,12,0.1515151515151515,0.5452047007776174,0.18881118881118883,0.5567370561768314
scidocs,tfidf,minilm,9a7e12ef462e779263ee3f2dd415d2d21233f15d,10,0.06666666666666667,0.8618005952380953,0.16363636363636364,0.6514773427962428
scidocs,tfidf,minilm,9e76a700f03ef476b964b27e23c071163e44c232,32,0.4274193548387097,0.00043830430619893094,0.6059384164222874,0.00023754134465872996
scidocs,tfidf,minilm,a04b5b99f5d9d8748843e870536a4a9f65562012,28,0.38095238095238093,0.004039520904165642,0.5238095238095238,0.0042254338408172325
scidocs,tfidf,minilm,a1be02429ab4ec852656f8833c3160f4592cc547,10,-0.1111111111111111,0.7274895282186948,-0.16363636363636364,0.6514773427962428
scidocs,tfidf,minilm,a1f5c39aece58f6504e0334d96eaede32c7329cf,15,0.06666666666666668,0.770495669755301,0.07142857142857141,0.8002959873970545
scidocs,tfidf,minilm,a22e737d38a1bc671893a7ed341aba436571097a,6,-0.2,0.7194444444444444,-0.3142857142857143,0.5440932944606415
scidocs,tfidf,minilm,a65196dfff31425281c690a7f2ca65247147da6b,18,0.2941176470588236,0.09587494421484961,0.4489164086687306,0.06165736262614077
scidocs,tfidf,minilm,a9d7e7e918a68d1b95c6c6b29f7fabbbe01010f7,13,-0.05128205128205127,0.8577337519090992,-0.12087912087912088,0.6940473279966857
scidocs,tfidf,minilm,ac58b487e864afafe71c6158553eed10fbc8eef5,25,0.10666666666666665,0.4730453015604536,0.15000000000000002,0.4741966461552527
scidocs,tfidf,minilm,ae0fb9c6ebb8ce12610c477d2388447a13dc4694,10,-0.3333333333333333,0.21637345679012346,-0.41818181818181815,0.22911284098281892
scidocs,tfidf,minilm,ae2b67d03512dd0f13a68636d1d7f83cc889318a,19,0.15789473684210525,0.36800411866936666,0.1842105263157895,0.4502851887980263
scidocs,tfidf,minilm,af441a4f1b754ad9b3a4401e8361ad9b66786778,35,0.36806722689075627,0.0018701539167915809,0.5140056022408964,0.0015858758775755776
scidocs,tfidf,minilm,b21951a276dd940e052676b06e193f65fdc297f9,11,0.0909090909090909,0.7611503928170594,0.19090909090909092,0.5739131682855213
scidocs,tfidf,minilm,b2a20116c0609e23d3adfeaa604500fddca66178,7,0.6190476190476191,0.06904761904761905,0.7142857142857144,0.07134356146753766
scidocs,tfidf,minilm,b8397b4418bb1d576210d9a39d44725d6ffb2a44,23,0.17786561264822134,0.24828475995311994,0.2598814229249012,0.23109028352368027
scidocs,tfidf,minilm,b9d502d98e3bb19f8179a4363e3f28c6b6def7a8,12,0.0606060606060606,0.8405883696421891,0.055944055944055944,0.8628980736949713
scidocs,tfidf,minilm,beac53e8074b4822943a3374ff5e9fed98a891b8,21,-0.20952380952380956,0.19665272284077664,-0.29480519480519485,0.19452701576620293
scidocs,tfidf,minilm,c2e57b2871fdfd06566820c5329815ac06f66197,15,-0.14285714285714288,0.4950508526248027,-0.2178571428571428,0.43539267351553756
scidocs,tfidf,minilm,c79b88a8d8ba491cead38b431703d84015153a8f,22,0.1515151515151515,0.34184283041857333,0.22642574816487862,0.310928205188468
scidocs,tfidf,minilm,ca464085b3da330f2ea895543a78c446a3af1bb6,12,0.0303030303030303,0.9465592891547753,0.07692307692307693,0.8121826980280591
scidocs,tfidf,minilm,d2e6250e95af09fefbe638f1580420476a2ecaee,9,0.05555555555555555,0.919455467372134,0.13333333333333333,0.7323675052362973
scidocs,tfidf,minilm,d6b56cc6e05300426b6194dd3f6a38720678827e,15,0.4666666666666667,0.015510823225067603,0.6035714285714285,0.017200138068795327
scidocs,tfidf,minilm,ddbb6e0913ac127004be73e2d4097513a8f02d37,14,0.45054945054945056,0.02639976320159852,0.5736263736263736,0.03197081397639697
scidocs,tfidf,minilm,ddbf21ca1de9617894b15d45787a27557f02a494,16,0.48333333333333334,0.008594667586330635,0.6176470588235293,0.010787984601948842
scidocs,tfidf,minilm,de77514c78432a0b17cf30baa024434173908f89,17,0.3823529411764705,0.034088901411189226,0.5343137254901961,0.027139775804459698
scidocs,tfidf,minilm,de8e80d409aaaa3244da4f2cb5b5bb053d453cee,21,0.34285714285714286,0.03074704290123868,0.512987012987013,0.017401319733001772
scidocs,tfidf,minilm,df0ef17f63582603dafb1ac5c489dec1416ecbf4,19,0.20467836257309938,0.2377832201095029,0.2771929824561403,0.25058889481209135
scidocs,tfidf,minilm,df39e24c3cc21dc4c79995ec2b424a37dac999c7,25,0.22666666666666663,0.11834341824544657,0.3069230769230769,0.13561015159724563
scidocs,tfidf,minilm,e00ab75a8aa637d9c4c5c020e9f2c54b31528031,15,-0.04761904761904762,0.845841042458974,0.0035714285714285704,0.9899214068809781
scidocs,tfidf,minilm,e48e9cf407af2694ecfefd441c2c28faffdf0835,26,0.5076923076923078,0.00016750104173650105,0.6704273504273504,0.00017852621061444795
scidocs,tfidf,minilm,e659e72b7962c9ad586a2d35a7099550102fb054,22,0.3852813852813853,0.01182947469159795,0.5697346132128742,0.00564080428566255
scidocs,tfidf,minilm,e788f08148b4b06f4e537b27b51338f1c88ccea8,12,0.4848484848484848,0.031050242838437284,0.6223776223776225,0.030675895061640146
scidocs,tfidf,minilm,e7ec9e900556d9d9e47b274911ad304bcf198256,26,0.6000000000000001,5.051627829856436e-06,0.785982905982906,1.9497788087805702e-06
scidocs,tfidf,minilm,ebf4ef0701e6f6c2050e5bed0be54fd4d8a1d991,8,0.14285714285714285,0.7195436507936508,0.11904761904761905,0.7788857260523796
scidocs,tfidf,minilm,ee6b940d3ae36f9b124586b15a49cec45f24b90a,28,0.35978835978835977,0.006816119616607876,0.4953475643130815,0.007357274107861588
scidocs,tfidf,minilm,ee9596725d1db17f2b1e2207dd3ea260343bfe4f,27,0.2763532763532764,0.044580648138258065,0.37973137973137966,0.050741330710610585
scidocs,tfidf,minilm,f09db8a42d713774483f023b31e0ee96361823f4,19,0.19298245614035084,0.2668987734001042,0.2982456140350877,0.21489010690621158
scidocs,tfidf,minilm,f2d5039b55d626ef5466a80e950bddd5cc1819d4,19,0.4269005847953216,0.010328703448018863,0.5947368421052631,0.007235259140961918
scidocs,tfidf,minilm,f365ce3e68cb3795887e93baf5fed5d783b3904e,12,0.0909090909090909,0.7373055246579552,0.16083916083916086,0.6175234895401425
scidocs,tfidf,minilm,f754cab548f2c209ea7d932084ef768b92b27614,10,0.24444444444444444,0.38071979717813054,0.33333333333333326,0.3465935070873343
scidocs,tfidf,minilm,f7bdc97a6b4c5d65c145479ae74b3a244121ae89,26,0.35384615384615387,0.010949975204061223,0.4803418803418803,0.013004000731668462
scidocs,tfidf,minilm,f7f32e86c23a902ac55fba8b8191026f563bec5b,21,0.4476190476190477,0.004030347695508814,0.5792207792207792,0.005931730203525632
scidocs,tfidf,minilm,fa8042d025895e22af2d9df3ffb9f67438610fcc,7,0.4285714285714286,0.2388888888888889,0.5357142857142858,0.21521745567801298
scidocs,tfidf,minilm,fd4537b92ab9fa7c653e9e5b9c4f815914a498c0,15,-0.08571428571428572,0.6971814254173712,-0.07142857142857141,0.8002959873970545
scidocs,tfidf,minilm,fd65ca4e3ae95302f74bf863988cdb95d6a12824,27,0.00854700854700855,0.96707483833599,0.03418803418803419,0.8655690206453508
fiqa,bm25,tfidf,0,26,0.4030769230769231,0.0034663307001632673,0.5439316239316239,0.004074491060445511
fiqa,bm25,tfidf,102,30,0.33333333333333337,0.009346396176222717,0.4402669632925473,0.01490004436982873
fiqa,bm25,tfidf,105,21,0.40952380952380957,0.009020134749794136,0.5545454545454546,0.00908313059353282
fiqa,bm25,tfidf,107,26,0.1630769230769231,0.2545197559925082,0.26905982905982906,0.18380382364599468
fiqa,bm25,tfidf,108,29,0.24630541871921177,0.06289740929880915,0.36354679802955653,0.05255491020099633
fiqa,bm25,tfidf,11,30,0.5862068965517242,1.3638171852501849e-06,0.775305895439377,4.874864277273465e-07
fiqa,bm25,tfidf,110,27,0.4472934472934474,0.0008209409552254817,0.6031746031746031,0.0008672478271215041
fiqa,bm25,tfidf,111,35,0.2672268907563025,0.02394393278804346,0.3689075630252101,0.029198436758804385
fiqa,bm25,tfidf,112,28,0.25925925925925924,0.05474241273554707,0.3262178434592227,0.09022982571910769
fiqa,bm25,tfidf,12,25,-0.02666666666666666,0.8715144058186618,-0.043076923076923075,0.8380001161641177
fiqa,bm25,tfidf,13,32,0.19758064516129034,0.11624931396722982,0.33027859237536655,0.06486357226653909
fiqa,bm25,tfidf,14,40,0.4025641025641026,0.0002537701255432524,0.5630393996247656,0.00015542545699149412
fiqa,bm25,tfidf,16,27,0.18518518518518523,0.1839249804481368,0.26190476190476186,0.1869431438593016
fiqa,bm25,tfidf,19,24,0.5797101449275361,2.9783823595775196e-05,0.766086956521739,1.2772330677153315e-05
fiqa,bm25,tfidf,20,27,0.23076923076923084,0.09557924279960638,0.3504273504273504,0.07312867935718881
fiqa,bm25,tfidf,21,28,-0.031746031746031744,0.8295650974246128,-0.03338806787082649,0.8660602737371456
fiqa,bm25,tfidf,23,22,0.4112554112554112,0.006938579333071466,0.5731225296442689,0.005300506147532188
fiqa,bm25,tfidf,25,26,0.34153846153846157,0.014248903013415628,0.4769230769230769,0.013759916517235616
fiqa,bm25,tfidf,27,16,0.25,0.1949167333374122,0.3588235294117647,0.17230386289263253
fiqa,bm25,tfidf,28,27,0.2934472934472935,0.032513093519389046,0.44505494505494503,0.02000734704214092
fiqa,bm25,tfidf,30,25,0.37333333333333324,0.008520236731434604,0.5515384615384615,0.004263828203925818
fiqa,bm25,tfidf,31,34,0.4103480669292776,0.0006496366971975646,0.5412178180666612,0.0009490156695317149
fiqa,bm25,tfidf,32,35,0.4857142857142857,4.0569204518117865e-05,0.6280112044817928,5.371768212973952e-05
fiqa,bm25,tfidf,33,32,0.4758064516129033,7.699042265529788e-05,0.627932551319648,0.00011934842765554692
fiqa,bm25,tfidf,35,35,-0.005042016806722689,0.9660169707693316,0.016246498599439777,0.9261967960753447
fiqa,bm25,tfidf,36,25,0.01333333333333333,0.9447431182315829,0.03230769230769231,0.8781554683498889
fiqa,bm25,tfidf,37,28,0.5343915343915343,3.085933711977341e-05,0.7153804050355775,1.8797105694398552e-05
fiqa,bm25,tfidf,4,33,0.1628787878787879,0.18936309968554124,0.2322860962566845,0.1933242217416976
fiqa,bm25,tfidf,41,22,0.23809523809523808,0.12887799882436143,0.34161490683229817,0.11970214821095865
fiqa,bm25,tfidf,43,20,0.15789473684210525,0.3513948581732795,0.18345864661654135,0.438794886569103
fiqa,bm25,tfidf,439,27,0.059829059829059845,0.6796009368157364,0.0989010989010989,0.6235720956668466
fiqa,bm25,tfidf,442,38,0.5334281650071124,2.423474996613319e-06,0.7236021446547762,2.8503377648029123e-07
fiqa,bm25,tfidf,443,36,0.39047619047619053,0.0008059594827268621,0.5783783783783785,0.0002200942262745086
fiqa,bm25,tfidf,444,29,0.5172413793103448,4.145954354680948e-05,0.7054187192118224,1.921865670609044e-05
fiqa,bm25,tfidf,445,37,0.3693693693693694,0.0012935596061680757,0.5265528686581318,0.0008145380093770278
fiqa,bm25,tfidf,446,31,0.535483870967742,9.312913062415765e-06,0.7294354838709678,3.2356094994720064e-06
fiqa,bm25,tfidf,447,47,0.6188714153561519,8.514132872661201e-10,0.8223866790009251,1.3524985768938578e-12
fiqa,bm25,tfidf,448,30,0.3425287356321839,0.007481827358939984,0.48209121245828696,0.006980738873302997
fiqa,bm25,tfidf,449,38,0.18634423897581792,0.09957458800680428,0.27125506072874495,0.09949217992165171
fiqa,bm25,tfidf,45,28,0.4708994708994709,0.00029857051860505924,0.6349206349206349,0.0002840483746086944
fiqa,bm25,tfidf,450,33,0.11363636363636363,0.36347888115681787,0.161096256684492,0.3704588412511591
fiqa,bm25,tfidf,452,32,0.435483870967742,0.0003333504111489025,0.5839442815249266,0.0004502913391960004
fiqa,bm25,tfidf,453,28,0.4126984126984127,0.0017335450880481002,0.5900383141762452,0.0009502868908255878
fiqa,bm25,tfidf,454,20,0.3157894736842105,0.054753545747263134,0.4586466165413533,0.041954311609335444
fiqa,bm25,tfidf,456,33,0.13636363636363638,0.2736433388865907,0.17613636363636365,0.32683646253306925
fiqa,bm25,tfidf,457,32,0.2298387096774194,0.06657938997991401,0.33321114369501464,0.062379150140555936
fiqa,bm25,tfidf,458,32,0.35080645161290325,0.004410822271776884,0.4626099706744868,0.00767711939110289
fiqa,bm25,tfidf,46,29,0.4449941594899848,0.0007295358527831378,0.6216582528389303,0.0003186125065547012
fiqa,bm25,tfidf,460,32,0.6129032258064516,1.2326047893870816e-07,0.8101173020527858,1.9374917391003014e-08
fiqa,bm25,tfidf,461,19,-0.13450292397660818,0.44673486746702856,-0.1087719298245614,0.6575797528910041
fiqa,bm25,tfidf,462,22,0.22943722943722944,0.14394595959507928,0.3348390739695088,0.12770341679769573
fiqa,bm25,tfidf,464,33,0.3068181818181818,0.011800476399038315,0.4137700534759359,0.016681040726559
fiqa,bm25,tfidf,465,22,0.07359307359307359,0.6555978590524786,0.1360813099943535,0.5459499284864054
fiqa,bm25,tfidf,466,23,0.1225296442687747,0.43249287041044504,0.20256916996047433,0.35394111111825327
fiqa,bm25,tfidf,467,23,0.3438735177865613,0.021880597597665287,0.4881422924901186,0.01812085307248384
fiqa,bm25,tfidf,468,20,0.2947368421052632,0.07402572925713644,0.3654135338345864,0.11312213950560131
fiqa,bm25,tfidf,47,24,0.2391304347826087,0.10739735584843446,0.3556521739130434,0.08808232160850833
fiqa,bm25,tfidf,470,22,0.10822510822510822,0.5030535233842987,0.23884810841332585,0.2843972498041487
fiqa,bm25,tfidf,471,31,0.31182795698924737,0.013500232564342492,0.43024193548387096,0.015696251186576946
fiqa,bm25,tfidf,472,25,0.37333333333333324,0.008520236731434604,0.4923076923076923,0.012421062192862629
fiqa,bm25,tfidf,473,27,0.2934472934472935,0.032513093519389046,0.4065934065934066,0.03532192357147673
fiqa,bm25,tfidf,474,32,0.4435483870967743,0.00025194028736567664,0.5476539589442815,0.001177360162934728
fiqa,bm25,tfidf,478,26,0.42153846153846153,0.0021585006151530464,0.6198290598290598,0.0007322887070548988
fiqa,bm25,tfidf,479,38,0.6159317211948792,5.2204203965655277e-08,0.7857533647007331,5.103842439355919e-09
fiqa,bm25,tfidf,48,26,0.42153846153846153,0.0021585006151530464,0.5842735042735042,0.0017233336842651073
fiqa,bm25,tfidf,480,27,0.12820512820512825,0.36248606128314836,0.1984126984126984,0.3211452443462702
fiqa,bm25,tfidf,481,46,0.6811594202898551,2.4715290044642348e-11,0.8500154178230033,7.864052187222773e-14
fiqa,bm25,tfidf,482,30,0.3885057471264368,0.0022377999837207914,0.5363737486095662,0.002247267138182202
fiqa,bm25,tfidf,485,28,0.164021164021164,0.23047841892817256,0.24466338259441706,0.20955604000424144
fiqa,bm25,tfidf,486,28,0.2275132275132275,0.09325643421655402,0.31746031746031744,0.09973208202259456
fiqa,bm25,tfidf,487,23,0.16205533596837945,0.2943655636021919,0.20355731225296442,0.3515479723283557
fiqa,bm25,tfidf,488,45,0.5103588322100173,7.799931904958484e-07,0.7014723808937368,7.981856335425783e-08
fiqa,bm25,tfidf,489,19,-0.13450292397660818,0.44673486746702856,-0.22280701754385965,0.3592160229474438
fiqa,bm25,tfidf,49,27,0.08831908831908834,0.5352853283502016,0.1336996336996337,0.5061495286648469
fiqa,bm25,tfidf,490,25,0.15999999999999995,0.27546798247377474,0.19999999999999998,0.33779267399782437
fiqa,bm25,tfidf,491,26,0.2676923076923077,0.057446554888585626,0.3517948717948718,0.0779982332539813
fiqa,bm25,tfidf,493,25,0.39333333333333326,0.005412547327037236,0.5499999999999999,0.004394702977282549
fiqa,bm25,tfidf,494,28,0.49735449735449727,0.00012167840449705957,0.6611932129173508,0.00012782146735713527
fiqa,bm25,tfidf,497,35,0.1495798319327731,0.20625606734135327,0.19831932773109245,0.25343281200881945
fiqa,bm25,tfidf,498,24,0.3695652173913043,0.011109165337310867,0.49478260869565216,0.013971033061045201
fiqa,bm25,tfidf,5,22,0.30735930735930733,0.04748375519450037,0.4319593450028233,0.04469242766019037
fiqa,bm25,tfidf,51,30,0.14942528735632182,0.2559607751378244,0.2449388209121246,0.1920438013514832
fiqa,bm25,tfidf,52,22,0.36796536796536794,0.016542352747196835,0.5019762845849802,0.01728981077110097
fiqa,bm25,tfidf,53,30,0.20919540229885059,0.10877382529020774,0.2996662958843159,0.10765630606971878
fiqa,bm25,tfidf,54,21,0.13333333333333333,0.41959470806899085,0.17662337662337665,0.4437478469481735
fiqa,bm25,tfidf,57,28,0.566137566137566,8.460849237528202e-06,0.7164750957854407,1.800332481525952e-05
fiqa,bm25,tfidf,59,38,0.26884779516358465,0.017497194374994824,0.37192252981726664,0.021489636534630503
fiqa,bm25,tfidf,6,29,0.34482758620689646,0.008271754080026878,0.4364532019704433,0.017929310564270814
fiqa,bm25,tfidf,61,28,0.6084656084656085,1.2435135984533956e-06,0.7662835249042145,1.996651445537005e-06
fiqa,bm25,tfidf,62,25,0.5199999999999999,0.00015880897857935695,0.7161538461538461,5.674692941736808e-05
fiqa,bm25,tfidf,63,30,0.3195402298850575,0.012903514675602273,0.44160177975528364,0.014563951168300312
fiqa,bm25,tfidf,64,39,0.26855600539811064,0.016071946414393773,0.35506072874493927,0.02655218396528293
fiqa,bm25,tfidf,65,29,0.4532019704433497,0.00040086528075201835,0.660591133004926,9.615163289117477e-05
fiqa,bm25,tfidf,66,33,0.5265151515151516,6.552623807989305e-06,0.7085561497326204,3.949085645645462e-06
fiqa,bm25,tfidf,67,29,0.4334975369458127,0.0007459576503116791,0.6083743842364531,0.0004627683702293399
fiqa,bm25,tfidf,69,23,0.14624505928853754,0.34570998519847684,0.2015810276679842,0.3563437597255915
fiqa,bm25,tfidf,7,31,0.31612903225806455,0.012213105760674645,0.44475806451612904,0.012178764051876912
fiqa,bm25,tfidf,70,29,0.4532019704433497,0.00040086528075201835,0.6349753694581279,0.00021539272389740406
fiqa,bm25,tfidf,71,25,0.25333333333333324,0.07972026188701116,0.3869230769230769,0.056036199896614826
fiqa,bm25,tfidf,72,25,0.4999999999999999,0.0003014398822329857,0.6661538461538461,0.00027770990911767964
fiqa,bm25,tfidf,74,32,0.032454961956975135,0.7950493485942898,0.10071550742185682,0.5833737480177987
fiqa,bm25,tfidf,75,28,0.17989417989417988,0.18738156199180808,0.2517788724685276,0.19618864376729817
fiqa,bm25,tfidf,76,22,0.1515151515151515,0.34184283041857333,0.2693393562958781,0.2254632717861441
fiqa,bm25,tfidf,78,26,0.3580246913580247,0.010525760884880317,0.5075239398084814,0.008130364200032747
fiqa,bm25,tfidf,80,26,0.3230769230769231,0.020790708274678393,0.45299145299145294,0.020130136600762943
fiqa,bm25,tfidf,81,32,0.37096774193548393,0.0025221929498900008,0.5392228739002932,0.0014497009490682413
fiqa,bm25,tfidf,82,32,0.4112903225806452,0.0007439660886535418,0.5069648093841641,0.0030644298348538736
fiqa,bm25,tfidf,83,33,0.3484848484848485,0.004005365381140599,0.4936497326203209,0.0035065481744980414
fiqa,bm25,tfidf,85,23,0.2490118577075099,0.10192608044242166,0.3843873517786562,0.07014733357876951
fiqa,bm25,tfidf,86,35,0.2873949579831933,0.015163729863677419,0.403921568627451,0.016111203179887533
fiqa,bm25,tfidf,87,26,0.1323076923076923,0.3581740111592894,0.1788034188034188,0.3821421171834338
fiqa,bm25,tfidf,88,27,0.4131054131054132,0.0021457261931890053,0.6123321123321123,0.0006867694201813823
fiqa,bm25,tfidf,9,42,0.5470383275261325,3.3182748929434614e-07,0.7288712422007942,4.421824962977435e-08
fiqa,bm25,tfidf,91,36,0.14285714285714288,0.2202436585202837,0.1734877734877735,0.3115906708901199
fiqa,bm25,tfidf,92,23,0.09090909090909091,0.5653150900709356,0.1383399209486166,0.5290252163433298
fiqa,bm25,tfidf,93,24,0.41304347826086957,0.004233454362761548,0.6286956521739131,0.0010003492233837037
fiqa,bm25,tfidf,95,28,0.566137566137566,8.460849237528202e-06,0.7515051997810619,4.04153865729827e-06
fiqa,bm25,tfidf,96,26,-0.1076923076923077,0.4574398645566293,-0.15487179487179487,0.4499899317700668
fiqa,bm25,tfidf,97,41,0.6878048780487805,2.376291478567862e-10,0.8749128919860629,7.537815112494328e-14
fiqa,bm25,tfidf,99,30,0.3195402298850575,0.012903514675602273,0.4282536151279199,0.018225640662518788
fiqa,bm25,minilm,0,12,0.0909090909090909,0.7373055246579552,0.11188811188811189,0.729194990751066
fiqa,bm25,minilm,102,3,1.0,0.3333333333333333,1.0,0.0
fiqa,bm25,minilm,105,3,0.33333333333333337,1.0,0.5,0.6666666666666666
fiqa,bm25,minilm,107,14,0.38461538461538464,0.061658178659046714,0.46373626373626364,0.0948763315088997
fiqa,bm25,minilm,108,8,-0.07142857142857142,0.9048611111111111,-0.14285714285714288,0.735764859879812
fiqa,bm25,minilm,11,20,0.5052631578947369,0.0014273106487188694,0.7052631578947368,0.0005141445995748769
fiqa,bm25,minilm,110,7,0.14285714285714288,0.7726190476190476,0.25,0.5887244480896832
fiqa,bm25,minilm,111,6,0.06666666666666665,1.0,0.08571428571428573,0.8717434402332361
fiqa,bm25,minilm,112,9,0.5555555555555556,0.04461529982363316,0.7333333333333334,0.024554150071469705
fiqa,bm25,minilm,12,9,-0.05555555555555555,0.919455467372134,-0.016666666666666666,0.9660548039946862
fiqa,bm25,minilm,13,13,0.0,1.0,-0.005494505494505494,0.9857869107140622
fiqa,bm25,minilm,14,3,0.33333333333333337,1.0,0.5,0.6666666666666666
fiqa,bm25,minilm,16,10,0.06666666666666667,0.8618005952380953,0.09090909090909088,0.8027717312071619
fiqa,bm25,minilm,19,6,-0.06666666666666665,1.0,0.028571428571428574,0.9571545189504373
fiqa,bm25,minilm,20,19,-0.09941520467836257,0.5805179540142502,-0.13508771929824562,0.5813619464266702
fiqa,bm25,minilm,21,5,0.0,1.0,0.09999999999999999,0.8728885715695384
fiqa,bm25,minilm,23,8,0.21428571428571427,0.5484126984126985,0.261904761904762,0.530922861565801
fiqa,bm25,minilm,25,24,0.31884057971014496,0.029805605290680832,0.42173913043478256,0.04010367500276698
fiqa,bm25,minilm,27,8,-0.07142857142857142,0.9048611111111111,-0.1666666666666667,0.693238811728395
fiqa,bm25,minilm,28,5,0.6,0.23333333333333334,0.7,0.1881204043741873
fiqa,bm25,minilm,30,8,-0.07142857142857142,0.9048611111111111,-0.14285714285714288,0.735764859879812
fiqa,bm25,minilm,31,2,1.0,1.0,0.9999999999999999,nan
fiqa,bm25,minilm,32,12,0.2121212121212121,0.38070480349126185,0.31468531468531474,0.3191387855033045
fiqa,bm25,minilm,33,11,0.2,0.4453821448613115,0.3181818181818182,0.34029761418190335
fiqa,bm25,minilm,35,5,0.19999999999999998,0.8166666666666667,0.49999999999999994,0.3910022189557703
fiqa,bm25,minilm,36,0,,,,
fiqa,bm25,minilm,37,4,0.3333333333333334,0.75,0.39999999999999997,0.6
fiqa,bm25,minilm,4,16,0.5833333333333334,0.001142618041952016,0.7294117647058823,0.0013430786823836695
fiqa,bm25,minilm,41,6,-0.2,0.7194444444444444,-0.2571428571428572,0.6227871720116619
fiqa,bm25,minilm,43,4,-0.3333333333333334,0.75,-0.39999999999999997,0.6
fiqa,bm25,minilm,439,6,0.2,0.7194444444444444,0.2571428571428572,0.6227871720116619
fiqa,bm25,minilm,442,19,0.12280701754385964,0.48933805877747416,0.17719298245614035,0.4680199619897409
fiqa,bm25,minilm,443,15,0.4666666666666667,0.015510823225067603,0.6785714285714285,0.00541655021959171
fiqa,bm25,minilm,444,12,0.1818181818181818,0.459023957331249,0.2657342657342658,0.4038330883147116
fiqa,bm25,minilm,445,15,0.1619047619047619,0.43511891093211363,0.24642857142857136,0.37595051597380513
fiqa,bm25,minilm,446,8,0.21428571428571427,0.5484126984126985,0.2380952380952381,0.5701563208157683
fiqa,bm25,minilm,447,38,0.33712660028449504,0.002886801876760354,0.5051975051975052,0.0012162315343776059
fiqa,bm25,minilm,448,6,0.2,0.7194444444444444,0.3142857142857143,0.5440932944606415
fiqa,bm25,minilm,449,9,0.16666666666666666,0.612202380952381,0.18333333333333335,0.6368198117628943
fiqa,bm25,minilm,45,15,0.20000000000000004,0.3282335876694342,0.2785714285714285,0.3147094732307908
fiqa,bm25,minilm,450,20,0.1473684210526316,0.3858571513151256,0.1263157894736842,0.5956535128148984
fiqa,bm25,minilm,452,7,0.5238095238095238,0.1361111111111111,0.6785714285714287,0.09375025395983135
fiqa,bm25,minilm,453,2,-1.0,1.0,-0.9999999999999999,nan
fiqa,bm25,minilm,454,16,-0.049999999999999996,0.8248012387069669,-0.03823529411764706,0.8881976539853075
fiqa,bm25,minilm,456,10,0.5111111111111111,0.04662257495590829,0.7454545454545454,0.013330146315440054
fiqa,bm25,minilm,457,18,0.281045751633987,0.11241795436508836,0.3952528379772961,0.104496652622016
fiqa,bm25,minilm,458,16,0.15,0.45028488627204627,0.19999999999999998,0.45768790507519996
fiqa,bm25,minilm,46,4,0.0,1.0,0.0,1.0
fiqa,bm25,minilm,460,10,0.5555555555555555,0.02860945767195767,0.7454545454545454,0.013330146315440054
fiqa,bm25,minilm,461,1,,,,
fiqa,bm25,minilm,462,0,,,,
fiqa,bm25,minilm,464,8,-0.2857142857142857,0.39875992063492066,-0.4285714285714286,0.2894032248467901
fiqa,bm25,minilm,465,3,0.33333333333333337,1.0,0.5,0.6666666666666666
fiqa,bm25,minilm,466,1,,,,
fiqa,bm25,minilm,467,0,,,,
fiqa,bm25,minilm,468,9,0.5555555555555556,0.04461529982363316,0.6666666666666667,0.049867230568885125
fiqa,bm25,minilm,47,15,0.06666666666666668,0.770495669755301,0.1464285714285714,0.602549920983054
fiqa,bm25,minilm,470,3,-0.33333333333333337,1.0,-0.5,0.6666666666666666
fiqa,bm25,minilm,471,8,-0.21428571428571427,0.5484126984126985,-0.28571428571428575,0.49272624501695717
fiqa,bm25,minilm,472,8,0.5714285714285714,0.06101190476190476,0.6904761904761906,0.057990318164572716
fiqa,bm25,minilm,473,0,,,,
fiqa,bm25,minilm,474,11,0.2727272727272727,0.2829668209876543,0.4090909090909091,0.21154501034209602
fiqa,bm25,minilm,478,4,-0.6666666666666669,0.3333333333333333,-0.7999999999999999,0.2000000000000001
fiqa,bm25,minilm,479,21,0.26666666666666666,0.09703982596968545,0.3896103896103896,0.08083791705627742
fiqa,bm25,minilm,48,6,-0.4666666666666666,0.2722222222222222,-0.6,0.208
fiqa,bm25,minilm,480,4,-0.6666666666666669,0.3333333333333333,-0.7999999999999999,0.2000000000000001
fiqa,bm25,minilm,481,3,0.33333333333333337,1.0,0.5,0.6666666666666666
fiqa,bm25,minilm,482,5,-0.19999999999999998,0.8166666666666667,-0.3,0.623837664781073
fiqa,bm25,minilm,485,4,0.0,1.0,0.19999999999999998,0.8
fiqa,bm25,minilm,486,3,1.0,0.3333333333333333,1.0,0.0
fiqa,bm25,minilm,487,3,-1.0,0.3333333333333333,-1.0,0.0
fiqa,bm25,minilm,488,2,1.0,1.0,0.9999999999999999,nan
fiqa,bm25,minilm,489,2,1.0,1.0,0.9999999999999999,nan
fiqa,bm25,minilm,49,6,-0.06666666666666665,1.0,-0.08571428571428573,0.8717434402332361
fiqa,bm25,minilm,490,5,0.19999999999999998,0.8166666666666667,0.3,0.623837664781073
fiqa,bm25,minilm,491,5,0.6,0.23333333333333334,0.7999999999999999,0.10408803866182788
fiqa,bm25,minilm,493,13,0.4102564102564102,0.05725682817696707,0.5384615384615384,0.05763443347046609
fiqa,bm25,minilm,494,11,0.34545454545454546,0.16457331248997917,0.48181818181818187,0.13343383825682875
fiqa,bm25,minilm,497,14,0.2527472527472528,0.23311184869840623,0.3054945054945055,0.2881698858754571
fiqa,bm25,minilm,498,4,0.6666666666666669,0.3333333333333333,0.7999999999999999,0.2000000000000001
fiqa,bm25,minilm,5,4,0.0,1.0,0.0,1.0
fiqa,bm25,minilm,51,7,0.23809523809523814,0.5619047619047619,0.28571428571428575,0.5345092286010406
fiqa,bm25,minilm,52,4,0.0,1.0,0.0,1.0
fiqa,bm25,minilm,53,8,0.14285714285714285,0.7195436507936508,0.2142857142857143,0.6103444156452669
fiqa,bm25,minilm,54,7,-0.23809523809523814,0.5619047619047619,-0.3214285714285715,0.48207203829967776
fiqa,bm25,minilm,57,3,1.0,0.3333333333333333,1.0,0.0
fiqa,bm25,minilm,59,4,-0.6666666666666669,0.3333333333333333,-0.7999999999999999,0.2000000000000001
fiqa,bm25,minilm,6,12,0.5454545454545454,0.013770768197851531,0.6643356643356644,0.01845271802844544
fiqa,bm25,minilm,61,13,0.30769230769230765,0.16348723839175228,0.39010989010989006,0.18757411613383787
fiqa,bm25,minilm,62,14,0.03296703296703297,0.9144846237132943,-0.032967032967032975,0.9109186530718452
fiqa,bm25,minilm,63,16,-0.13333333333333333,0.505644437997331,-0.2058823529411765,0.4442846410521442
fiqa,bm25,minilm,64,16,-0.5,0.00635528422852745,-0.6,0.01400712232959999
fiqa,bm25,minilm,65,15,-0.12380952380952381,0.5589660721223221,-0.11071428571428568,0.6944626472070964
fiqa,bm25,minilm,66,13,0.23076923076923073,0.306184939674523,0.37912087912087916,0.2014060899610435
fiqa,bm25,minilm,67,4,1.0,0.08333333333333333,1.0,0.0
fiqa,bm25,minilm,69,12,0.4545454545454545,0.04473689858238469,0.6503496503496504,0.022034190932365316
fiqa,bm25,minilm,7,7,-0.33333333333333337,0.3813492063492063,-0.42857142857142866,0.3373683110858243
fiqa,bm25,minilm,70,11,0.2,0.4453821448613115,0.2545454545454546,0.45003657688882837
fiqa,bm25,minilm,71,9,0.3333333333333333,0.25951829805996474,0.38333333333333336,0.3084952723803716
fiqa,bm25,minilm,72,16,-0.08333333333333334,0.6900950405141305,-0.11470588235294117,0.6722910465997233
fiqa,bm25,minilm,74,18,0.25083737755409086,0.14897720758262634,0.32368218144481986,0.19009788960772453
fiqa,bm25,minilm,75,17,0.338235294117647,0.06302241248726353,0.4460784313725491,0.07269184178908121
fiqa,bm25,minilm,76,3,-0.33333333333333337,1.0,-0.5,0.6666666666666666
fiqa,bm25,minilm,78,12,0.3333333333333333,0.15259045898802842,0.4055944055944056,0.19083587400450036
fiqa,bm25,minilm,80,7,0.04761904761904762,1.0,0.0,1.0
fiqa,bm25,minilm,81,11,0.2,0.4453821448613115,0.29090909090909095,0.3854569696913654
fiqa,bm25,minilm,82,8,0.3571428571428571,0.27509920634920637,0.4047619047619048,0.3198886412288163
fiqa,bm25,minilm,83,15,-0.028571428571428574,0.9225700904951897,-0.035714285714285705,0.8994469934720875
fiqa,bm25,minilm,85,4,0.6666666666666669,0.3333333333333333,0.7999999999999999,0.2000000000000001
fiqa,bm25,minilm,86,17,0.19117647058823525,0.30811454449876985,0.27450980392156865,0.28629837865879204
fiqa,bm25,minilm,87,10,-0.06666666666666667,0.8618005952380953,-0.006060606060606061,0.9867429111949892
fiqa,bm25,minilm,88,8,0.8571428571428571,0.001736111111111111,0.9523809523809524,0.000260400024387251
fiqa,bm25,minilm,9,17,0.2941176470588235,0.10886459480774507,0.40196078431372556,0.10973047964744033
fiqa,bm25,minilm,91,16,0.3,0.11604743302854507,0.37941176470588234,0.1472271338628926
fiqa,bm25,minilm,92,4,0.0,1.0,-0.19999999999999998,0.8
fiqa,bm25,minilm,93,20,0.4421052631578947,0.005923797271372209,0.5834586466165413,0.00692269088157829
fiqa,bm25,minilm,95,7,0.04761904761904762,1.0,0.0,1.0
fiqa,bm25,minilm,96,8,0.0,1.0,-0.19047619047619052,0.6514014957024814
fiqa,bm25,minilm,97,14,-0.14285714285714285,0.5182528584593317,-0.15604395604395604,0.5942347005808511
fiqa,bm25,minilm,99,12,0.2424242424242424,0.3108100139957779,0.44755244755244755,0.1445863013033476
fiqa,tfidf,minilm,0,12,0.4545454545454545,0.04473689858238469,0.6013986013986015,0.03858845292201946
fiqa,tfidf,minilm,102,4,0.3333333333333334,0.75,0.6000000000000001,0.4
fiqa,tfidf,minilm,105,4,1.0,0.08333333333333333,1.0,0.0
fiqa,tfidf,minilm,107,17,0.2205882352941176,0.23617204064651248,0.3137254901960785,0.2201043965072698
fiqa,tfidf,minilm,108,10,0.1111111111111111,0.7274895282186948,0.24848484848484845,0.4887763045192432
fiqa,tfidf,minilm,11,21,0.3238095238095238,0.04196934455920998,0.4285714285714285,0.05257154042070508
fiqa,tfidf,minilm,110,8,0.5714285714285714,0.06101190476190476,0.7380952380952381,0.03655276105286081
fiqa,tfidf,minilm,111,5,-0.39999999999999997,0.48333333333333334,-0.6,0.28475697986529386
fiqa,tfidf,minilm,112,10,0.4666666666666666,0.07255015432098766,0.6484848484848483,0.04254012768448949
fiqa,tfidf,minilm,12,11,0.1272727272727273,0.6480954385121052,0.15454545454545454,0.6500339654975799
fiqa,tfidf,minilm,13,16,0.13333333333333333,0.505644437997331,0.15294117647058825,0.5717446192454617
fiqa,tfidf,minilm,14,3,1.0,0.3333333333333333,1.0,0.0
fiqa,tfidf,minilm,16,12,-0.0606060606060606,0.8405883696421891,-0.11188811188811189,0.729194990751066
fiqa,tfidf,minilm,19,9,0.3333333333333333,0.25951829805996474,0.5166666666666667,0.15439012098622507
fiqa,tfidf,minilm,20,19,0.04093567251461988,0.8360309321120432,0.07017543859649124,0.7752817747006227
fiqa,tfidf,minilm,21,8,-0.2857142857142857,0.39875992063492066,-0.30952380952380953,0.4556448907375822
fiqa,tfidf,minilm,23,6,-0.3333333333333333,0.46944444444444444,-0.48571428571428577,0.3287230320699708
fiqa,tfidf,minilm,25,18,0.24183006535947715,0.17514287582080246,0.29411764705882354,0.23614329729664102
fiqa,tfidf,minilm,27,8,-0.14285714285714285,0.7195436507936508,-0.1666666666666667,0.693238811728395
fiqa,tfidf,minilm,28,2,1.0,1.0,0.9999999999999999,nan
fiqa,tfidf,minilm,30,8,0.2857142857142857,0.39875992063492066,0.4761904761904762,0.23293553465009798
fiqa,tfidf,minilm,31,2,-1.0,1.0,-0.9999999999999999,nan
fiqa,tfidf,minilm,32,15,0.21904761904761905,0.2815660702955676,0.3178571428571428,0.24829056581701822
fiqa,tfidf,minilm,33,15,0.18095238095238098,0.3794503959627968,0.2678571428571428,0.3344436005123539
fiqa,tfidf,minilm,35,3,1.0,0.3333333333333333,1.0,0.0
fiqa,tfidf,minilm,36,1,,,,
fiqa,tfidf,minilm,37,4,0.6666666666666669,0.3333333333333333,0.7999999999999999,0.2000000000000001
fiqa,tfidf,minilm,4,14,0.3626373626373627,0.07945689917354104,0.5252747252747253,0.053747501767883
fiqa,tfidf,minilm,41,10,0.24444444444444444,0.38071979717813054,0.3939393939393939,0.25999776683488757
fiqa,tfidf,minilm,43,8,-0.3571428571428571,0.27509920634920637,-0.5000000000000001,0.2070312499999999
fiqa,tfidf,minilm,439,4,0.3333333333333334,0.75,0.39999999999999997,0.6
fiqa,tfidf,minilm,442,19,0.08771929824561403,0.6288243928951247,0.11929824561403508,0.6266484588490692
fiqa,tfidf,minilm,443,17,0.3823529411764705,0.034088901411189226,0.5588235294117647,0.01970856591580171
fiqa,tfidf,minilm,444,15,0.33333333333333337,0.09264256691158146,0.4892857142857142,0.06416038631454045
fiqa,tfidf,minilm,445,17,0.2647058823529411,0.15133363966308636,0.3970588235294118,0.11454177561107581
fiqa,tfidf,minilm,446,6,-0.3333333333333333,0.46944444444444444,-0.48571428571428577,0.3287230320699708
fiqa,tfidf,minilm,447,38,0.30583214793741115,0.006872511421583141,0.4248823722507933,0.00783810474207808
fiqa,tfidf,minilm,448,7,-0.04761904761904762,1.0,-0.03571428571428572,0.9394082054712856
fiqa,tfidf,minilm,449,7,-0.33333333333333337,0.3813492063492063,-0.42857142857142866,0.3373683110858243
fiqa,tfidf,minilm,45,19,0.09941520467836257,0.5805179540142502,0.06666666666666667,0.7862629610688756
fiqa,tfidf,minilm,450,21,0.36190476190476195,0.02214871327753429,0.5051948051948052,0.01949043669697085
fiqa,tfidf,minilm,452,10,-0.28888888888888886,0.2912483465608466,-0.3939393939393939,0.25999776683488757
fiqa,tfidf,minilm,453,3,-1.0,0.3333333333333333,-1.0,0.0
fiqa,tfidf,minilm,454,20,0.2947368421052632,0.07402572925713644,0.38947368421052625,0.08961904769837135
fiqa,tfidf,minilm,456,9,0.4444444444444444,0.11943893298059964,0.6166666666666666,0.07692880993776312
fiqa,tfidf,minilm,457,16,0.33333333333333337,0.07882067848274135,0.44117647058823534,0.08715363626051081
fiqa,tfidf,minilm,458,19,0.2982456140350877,0.08006517296440803,0.40877192982456134,0.08226626933581668
fiqa,tfidf,minilm,46,4,-0.3333333333333334,0.75,-0.39999999999999997,0.6
fiqa,tfidf,minilm,460,9,0.1111111111111111,0.761414241622575,0.15,0.7000942309691418
fiqa,tfidf,minilm,461,1,,,,
fiqa,tfidf,minilm,462,2,1.0,1.0,0.9999999999999999,nan
fiqa,tfidf,minilm,464,10,-0.15555555555555553,0.6006536596119929,-0.24848484848484845,0.4887763045192432
fiqa,tfidf,minilm,465,3,1.0,0.3333333333333333,1.0,0.0
fiqa,tfidf,minilm,466,1,,,,
fiqa,tfidf,minilm,467,2,-1.0,1.0,-0.9999999999999999,nan
fiqa,tfidf,minilm,468,7,0.7142857142857143,0.03015873015873016,0.8571428571428573,0.013697326615325618
fiqa,tfidf,minilm,47,11,0.2,0.4453821448613115,0.27272727272727276,0.4171414371425311
fiqa,tfidf,minilm,470,3,0.33333333333333337,1.0,0.5,0.6666666666666666
fiqa,tfidf,minilm,471,9,0.16666666666666666,0.612202380952381,0.2333333333333333,0.5456987782182728
fiqa,tfidf,minilm,472,13,0.46153846153846145,0.030482440656051768,0.576923076923077,0.038992623432448296
fiqa,tfidf,minilm,473,1,,,,
fiqa,tfidf,minilm,474,9,0.16666666666666666,0.612202380952381,0.18333333333333335,0.6368198117628943
fiqa,tfidf,minilm,478,2,-1.0,1.0,-0.9999999999999999,nan
fiqa,tfidf,minilm,479,21,0.1523809523809524,0.35364385023332723,0.2324675324675325,0.31055989862791317
fiqa,tfidf,minilm,48,5,-0.7999999999999999,0.08333333333333333,-0.8999999999999998,0.03738607346849874
fiqa,tfidf,minilm,480,5,0.0,1.0,0.09999999999999999,0.8728885715695384
fiqa,tfidf,minilm,481,5,0.6,0.23333333333333334,0.7,0.1881204043741873
fiqa,tfidf,minilm,482,3,0.33333333333333337,1.0,0.5,0.6666666666666666
fiqa,tfidf,minilm,485,2,1.0,1.0,0.9999999999999999,nan
fiqa,tfidf,minilm,486,4,1.0,0.08333333333333333,1.0,0.0
fiqa,tfidf,minilm,487,9,-0.2222222222222222,0.47670855379188715,-0.2833333333333333,0.46003032896572005
fiqa,tfidf,minilm,488,2,1.0,1.0,0.9999999999999999,nan
fiqa,tfidf,minilm,489,2,-1.0,1.0,-0.9999999999999999,nan
fiqa,tfidf,minilm,49,6,0.2,0.7194444444444444,0.4285714285714286,0.3965014577259473
fiqa,tfidf,minilm,490,13,-0.025641025641025637,0.9523619079608663,-0.11538461538461539,0.7073898735142603
fiqa,tfidf,minilm,491,10,-0.3333333333333333,0.21637345679012346,-0.32121212121212117,0.36546831043867045
fiqa,tfidf,minilm,493,9,0.05555555555555555,0.919455467372134,0.06666666666666667,0.8646897846262036
fiqa,tfidf,minilm,494,6,0.4666666666666666,0.2722222222222222,0.6,0.208
fiqa,tfidf,minilm,497,12,0.4848484848484848,0.031050242838437284,0.6573426573426573,0.020185498509854093
fiqa,tfidf,minilm,498,3,0.33333333333333337,1.0,0.5,0.6666666666666666
fiqa,tfidf,minilm,5,5,0.9999999999999999,0.016666666666666666,0.9999999999999999,1.4042654220543602e-24
fiqa,tfidf,minilm,51,4,-1.0,0.08333333333333333,-1.0,0.0
fiqa,tfidf,minilm,52,3,0.33333333333333337,1.0,0.5,0.6666666666666666
fiqa,tfidf,minilm,53,12,0.1818181818181818,0.459023957331249,0.2377622377622378,0.45680085263992326
fiqa,tfidf,minilm,54,3,0.33333333333333337,1.0,0.5,0.6666666666666666
fiqa,tfidf,minilm,57,3,1.0,0.3333333333333333,1.0,0.0
fiqa,tfidf,minilm,59,2,1.0,1.0,0.9999999999999999,nan
fiqa,tfidf,minilm,6,10,0.7333333333333333,0.002212852733686067,0.8787878787878788,0.0008138621117322101
fiqa,tfidf,minilm,61,14,0.3406593406593407,0.10102087460966429,0.4681318681318682,0.09137636506833101
fiqa,tfidf,minilm,62,9,0.2777777777777778,0.35848765432098767,0.33333333333333337,0.38071318167686347
fiqa,tfidf,minilm,63,17,0.3529411764705882,0.05175324945907756,0.49754901960784315,0.04212933265770558
fiqa,tfidf,minilm,64,16,0.016666666666666666,0.9646949319332571,0.07941176470588236,0.7700253190398251
fiqa,tfidf,minilm,65,15,0.2571428571428572,0.20184282422518202,0.30357142857142855,0.27135583600386837
fiqa,tfidf,minilm,66,10,0.24444444444444444,0.38071979717813054,0.28484848484848485,0.4250381548921454
fiqa,tfidf,minilm,67,4,0.3333333333333334,0.75,0.39999999999999997,0.6
fiqa,tfidf,minilm,69,12,0.1818181818181818,0.459023957331249,0.27272727272727276,0.39109677094189615
fiqa,tfidf,minilm,7,9,0.16666666666666666,0.612202380952381,0.25,0.5164895523012261
fiqa,tfidf,minilm,70,10,-0.1111111111111111,0.7274895282186948,-0.17575757575757575,0.6271883447764846
fiqa,tfidf,minilm,71,7,-0.23809523809523814,0.5619047619047619,-0.28571428571428575,0.5345092286010406
fiqa,tfidf,minilm,72,13,0.23076923076923073,0.306184939674523,0.39010989010989006,0.18757411613383787
fiqa,tfidf,minilm,74,15,0.48571428571428577,0.01140991603041041,0.5928571428571427,0.019846421970181147
fiqa,tfidf,minilm,75,15,0.20000000000000004,0.3282335876694342,0.2964285714285714,0.28335542843426303
fiqa,tfidf,minilm,76,4,0.0,1.0,-0.19999999999999998,0.8
fiqa,tfidf,minilm,78,16,0.0,1.0,0.03529411764705882,0.8967532476935333
fiqa,tfidf,minilm,80,8,0.14285714285714285,0.7195436507936508,0.19047619047619052,0.6514014957024814
fiqa,tfidf,minilm,81,14,-0.14285714285714285,0.5182528584593317,-0.12967032967032965,0.6586192763211781
fiqa,tfidf,minilm,82,5,0.39999999999999997,0.48333333333333334,0.49999999999999994,0.3910022189557703
fiqa,tfidf,minilm,83,16,-0.15,0.45028488627204627,-0.2323529411764706,0.386511349907985
fiqa,tfidf,minilm,85,4,0.0,1.0,-0.19999999999999998,0.8
fiqa,tfidf,minilm,86,15,0.4476190476190477,0.020790615322361355,0.6357142857142856,0.010860746168789803
fiqa,tfidf,minilm,87,12,-0.2424242424242424,0.3108100139957779,-0.31468531468531474,0.3191387855033045
fiqa,tfidf,minilm,88,11,0.4909090909090909,0.04053235730319064,0.7090909090909092,0.014552051953727713
fiqa,tfidf,minilm,9,17,0.30882352941176466,0.09138624889203259,0.4264705882352942,0.08780457420797681
fiqa,tfidf,minilm,91,15,0.1619047619047619,0.43511891093211363,0.3142857142857143,0.25394001632367147
fiqa,tfidf,minilm,92,7,-0.04761904761904762,1.0,-0.14285714285714288,0.7599453002180927
fiqa,tfidf,minilm,93,19,0.40350877192982454,0.015818916586213327,0.5298245614035089,0.019639165662060643
fiqa,tfidf,minilm,95,6,0.3333333333333333,0.46944444444444444,0.4285714285714286,0.3965014577259473
fiqa,tfidf,minilm,96,6,-0.3333333333333333,0.46944444444444444,-0.4285714285714286,0.3965014577259473
fiqa,tfidf,minilm,97,13,0.05128205128205127,0.8577337519090992,0.0934065934065934,0.7615000227827017
fiqa,tfidf,minilm,99,7,0.33333333333333337,0.3813492063492063,0.5714285714285715,0.18020198891152767
hotpotqa,bm25,tfidf,5a7166395542994082a3e814,23,0.7120000000000001,2.4666072938695356e-06,0.8951014349332015,8.174014334373481e-09
hotpotqa,bm25,tfidf,5a722b8655429971e9dc9329,24,0.6218181818181817,2.1941352875823345e-05,0.7685950413223139,1.1489706499183703e-05
hotpotqa,bm25,tfidf,5a7320565542991f9a20c61d,22,0.5844155844155845,6.428253197698925e-05,0.7402597402597403,8.185823879055844e-05
hotpotqa,bm25,tfidf,5a74106b55429979e288289e,24,0.5797101449275361,2.9783823595775196e-05,0.7556521739130433,1.957281883302765e-05
hotpotqa,bm25,tfidf,5a7571135542992d0ec05f98,26,0.5727554179566564,4.471853244616354e-05,0.7694149846048581,4.3470867601929165e-06
hotpotqa,bm25,tfidf,5a75e05c55429976ec32bc5f,23,0.5983935742971889,7.882593362043253e-05,0.7473997028231797,4.157986849514088e-05
hotpotqa,bm25,tfidf,5a760ab65542994ccc918697,23,0.46218487394957986,0.003172611614034987,0.6756756756756757,0.00040263822523268475
hotpotqa,bm25,tfidf,5a79311755429970f5fffe67,22,0.5304347826086957,0.0005755544117587708,0.736723163841808,9.220252973149663e-05
hotpotqa,bm25,tfidf,5a7a0e1e5542990783324e1a,28,0.3351648351648352,0.01532514058791813,0.5310610225398571,0.0036406362143946817
hotpotqa,bm25,tfidf,5a7bbb64554299042af8f7cc,21,0.6476190476190476,1.1272480241395602e-05,0.7935064935064934,1.7685333450402765e-05
hotpotqa,bm25,tfidf,5a7cc50e554299452d57ba3e,29,0.5700000000000001,1.8205910139298937e-05,0.7345831277750369,5.706406414175028e-06
hotpotqa,bm25,tfidf,5a7d54165542995f4f402256,28,0.6890080428954423,3.632012914153992e-07,0.8481775828994244,1.2049250178171752e-08
hotpotqa,bm25,tfidf,5a80721b554299485f5985ef,27,0.6790830945558738,7.614174975512688e-07,0.8222357971899816,1.4349220183517024e-07
hotpotqa,bm25,tfidf,5a80840f554299485f59863b,24,0.44525547445255476,0.002446718010376938,0.5735422106179286,0.0033884172784524676
hotpotqa,bm25,tfidf,5a8133725542995ce29dcbdb,26,0.6656346749226006,2.100252467208545e-06,0.827574409852891,1.8358219522045724e-07
hotpotqa,bm25,tfidf,5a828c8355429966c78a6a50,22,0.685589519650655,9.245713495470665e-06,0.8530243075183718,4.562256284160608e-07
hotpotqa,bm25,tfidf,5a85b2d95542997b5ce40028,19,0.36470588235294116,0.02987396002632109,0.4609306409130816,0.047011068736055726
hotpotqa,bm25,tfidf,5a85ea095542994775f606a8,25,0.5328844001899323,0.00021806833572304577,0.7001733232072231,9.755213142243193e-05
hotpotqa,bm25,tfidf,5a85fb085542994775f606de,28,0.6808510638297871,4.157277799721388e-07,0.8422782037239871,1.909333182655825e-08
hotpotqa,bm25,tfidf,5a877e5d5542993e715abf7d,25,0.691275167785235,1.4619844098366882e-06,0.8521939953810624,6.446665795288016e-08
hotpotqa,bm25,tfidf,5a87ab905542996e4f3088c1,27,0.505813953488372,0.00026991537265236266,0.6459418070444104,0.0002733970743045344
hotpotqa,bm25,tfidf,5a8a3e745542996c9b8d5e70,25,0.6632996632996633,4.057048173651532e-06,0.829803619561032,2.906742696263087e-07
hotpotqa,bm25,tfidf,5a8a43eb5542996c9b8d5e82,19,0.23076923076923078,0.17138406850421728,0.40070298769771534,0.08910394782131827
hotpotqa,bm25,tfidf,5a8b20335542996c9b8d5fb3,32,0.7673469387755103,1.0153939892069054e-09,0.9133944954128439,3.0668676610925e-13
hotpotqa,bm25,tfidf,5a8c7595554299585d9e36b6,17,0.6363636363636364,0.00048746135559759424,0.7977805178791616,0.00012454724436247443
hotpotqa,bm25,tfidf,5a8e3ea95542995a26add48d,18,0.43421052631578955,0.012296788348172648,0.5351239669421488,0.022114864920501652
hotpotqa,bm25,tfidf,5a8ef2a75542995a26add583,26,0.5638629283489096,6.408307639179898e-05,0.7014720985963712,6.533205564857126e-05
hotpotqa,bm25,tfidf,5a8f4c8d554299458435d5a3,18,0.7200000000000001,3.985152731055669e-05,0.8737060041407867,2.1736661795977146e-06
hotpotqa,bm25,tfidf,5ab2d3df554299194fa9352c,25,0.47118644067796617,0.001133299957782461,0.6146435452793835,0.0010785586519436565
hotpotqa,bm25,tfidf,5ab3b0bf5542992ade7c6e39,28,0.48677248677248675,0.00017561391991673963,0.6726874657909141,8.794161744403139e-05
hotpotqa,bm25,tfidf,5ab3e45655429976abd1bcd4,27,0.7521613832853026,4.979029694252926e-08,0.8624273922347905,7.33094899445536e-09
hotpotqa,bm25,tfidf,5ab51dae5542991779162d82,23,0.036269430051813475,0.8340956075561256,0.17686318131256953,0.41949444500017263
hotpotqa,bm25,tfidf,5ab56e32554299637185c594,26,0.7547169811320755,1.0987197054690664e-07,0.8992115186835791,4.2991817789168025e-10
hotpotqa,bm25,tfidf,5ab6d09255429954757d337d,27,0.08092485549132948,0.5585632318287895,0.10486089880770406,0.6026946691646082
hotpotqa,bm25,tfidf,5ab84bf555429916710eb01f,28,0.6064690026954177,8.210036147683834e-06,0.7305898491083677,1.0135012427174363e-05
hotpotqa,bm25,tfidf,5ab859a955429934fafe6d7b,17,0.2631578947368421,0.14732208880966377,0.3726937269372693,0.1406692785564107
hotpotqa,bm25,tfidf,5ab96ab755429970cfb8eacd,24,0.789090909090909,7.209739899437882e-08,0.926924749891257,7.777061734491959e-11
hotpotqa,bm25,tfidf,5abbf698554299114383a0b5,27,0.6628571428571428,1.3076782935472825e-06,0.8479389312977098,2.3604504122785783e-08
hotpotqa,bm25,tfidf,5abc0a5d5542993f40c73c64,32,0.5496957403651116,1.0919289063128765e-05,0.7443609022556392,1.038930860486094e-06
hotpotqa,bm25,tfidf,5abd259d55429924427fcf1a,24,0.23908961449799931,0.11414823156791219,0.32331652455783066,0.12329355182121772
hotpotqa,bm25,tfidf,5abf63f15542997ec76fd3ea,23,0.7222222222222221,1.5089053150967292e-06,0.8665348492338111,8.995937294201213e-08
hotpotqa,bm25,tfidf,5ac23ff0554299636651994d,19,0.4823529411764705,0.004074644378620133,0.6488147497805091,0.0026531675185061014
hotpotqa,bm25,tfidf,5ac2acff55429921a00ab02b,21,0.5480769230769231,0.0005632623042016602,0.7243172951885565,0.00020487530149701337
hotpotqa,bm25,tfidf,5adbf0a255429947ff17385a,26,0.7358490566037736,2.2362971346472848e-07,0.892318244170096,9.167383764473791e-10
hotpotqa,bm25,tfidf,5add61d65542995b365fab21,20,0.45263157894736844,0.004748309856126978,0.6210526315789473,0.003472810272541168
hotpotqa,bm25,tfidf,5adddccd5542997dc7907069,27,0.6971428571428571,3.602320204875609e-07,0.860763358778626,8.43989194693678e-09
hotpotqa,bm25,tfidf,5adf37a95542995ec70e8f97,29,0.762962962962963,6.699885520717786e-09,0.8994826311899483,3.285542060615091e-11
hotpotqa,bm25,tfidf,5ae0361155429925eb1afc2c,23,0.8048306029970924,1.1669255517313126e-07,0.9383511057591772,3.7413110598042964e-11
hotpotqa,bm25,tfidf,5ae0d4c9554299603e418468,28,0.5893333333333334,1.235134332607653e-05,0.7622569159134484,2.4316141043926087e-06
hotpotqa,bm25,tfidf,5ae22b8d554299234fd0440f,27,0.6618294343728031,1.8620792694885737e-06,0.8089337711294893,3.2745734937240673e-07
hotpotqa,bm25,tfidf,5ae6050f55429929b0807a5e,28,0.5902964959568732,1.4275987591428475e-05,0.7251782775644541,1.268443228874228e-05
hotpotqa,bm25,tfidf,5ae7ba7a5542993210983f12,22,0.31877729257641924,0.039234791325272925,0.43018654607122664,0.04567452982932813
hotpotqa,bm25,minilm,5a7166395542994082a3e814,8,0.42857142857142855,0.17886904761904762,0.523809523809524,0.1827207505397148
hotpotqa,bm25,minilm,5a722b8655429971e9dc9329,11,0.6666666666666666,0.004808648749417052,0.7990867579908677,0.003170372869476585
hotpotqa,bm25,minilm,5a7320565542991f9a20c61d,4,0.6666666666666669,0.3333333333333333,0.7999999999999999,0.2000000000000001
hotpotqa,bm25,minilm,5a74106b55429979e288289e,5,0.6,0.23333333333333334,0.7999999999999999,0.10408803866182788
hotpotqa,bm25,minilm,5a7571135542992d0ec05f98,8,0.4074074074074074,0.16702441540487245,0.4698795180722891,0.24006545494280643
hotpotqa,bm25,minilm,5a75e05c55429976ec32bc5f,9,0.2777777777777778,0.35848765432098767,0.3666666666666667,0.3317398014330152
hotpotqa,bm25,minilm,5a760ab65542994ccc918697,3,0.33333333333333337,1.0,0.5,0.6666666666666666
hotpotqa,bm25,minilm,5a79311755429970f5fffe67,11,0.037037037037037035,0.8755259328487163,0.10502283105022833,0.7586053698537993
hotpotqa,bm25,minilm,5a7a0e1e5542990783324e1a,11,0.6470588235294117,0.008507140757215472,0.8425925925925924,0.00113022046124412
hotpotqa,bm25,minilm,5a7bbb64554299042af8f7cc,4,0.6666666666666669,0.3333333333333333,0.7999999999999999,0.2000000000000001
hotpotqa,bm25,minilm,5a7cc50e554299452d57ba3e,7,0.5789473684210525,0.08399263696673655,0.7037037037037037,0.07764412773619554
hotpotqa,bm25,minilm,5a7d54165542995f4f402256,11,0.6296296296296295,0.0077461911689365595,0.7077625570776256,0.014821851523799829
hotpotqa,bm25,minilm,5a80721b554299485f5985ef,21,0.4258373205741626,0.007145754260965822,0.6231319038336582,0.002547544690183295
hotpotqa,bm25,minilm,5a80840f554299485f59863b,3,1.0,0.3333333333333333,1.0,0.0
hotpotqa,bm25,minilm,5a8133725542995ce29dcbdb,11,0.23636363636363636,0.3587114698573032,0.36363636363636365,0.27163754099382253
hotpotqa,bm25,minilm,5a828c8355429966c78a6a50,6,0.6,0.1361111111111111,0.7714285714285715,0.07239650145772594
hotpotqa,bm25,minilm,5a85b2d95542997b5ce40028,1,,,,
hotpotqa,bm25,minilm,5a85ea095542994775f606a8,9,-0.3098898934004561,0.24886387493792206,-0.39330888211518983,0.2949902441700331
hotpotqa,bm25,minilm,5a85fb085542994775f606de,3,1.0,0.3333333333333333,1.0,0.0
hotpotqa,bm25,minilm,5a877e5d5542993e715abf7d,1,,,,
hotpotqa,bm25,minilm,5a87ab905542996e4f3088c1,6,0.4666666666666666,0.2722222222222222,0.6,0.208
hotpotqa,bm25,minilm,5a8a3e745542996c9b8d5e70,6,1.0,0.006435091231559117,1.0,0.0
hotpotqa,bm25,minilm,5a8a43eb5542996c9b8d5e82,4,1.0,0.08333333333333333,1.0,0.0
hotpotqa,bm25,minilm,5a8b20335542996c9b8d5fb3,19,0.6287425149700598,0.00022303189842062622,0.7517605633802819,0.0002060480184535963
hotpotqa,bm25,minilm,5a8c7595554299585d9e36b6,10,0.7073170731707318,0.007096957867173328,0.8124999999999999,0.004283188143745075
hotpotqa,bm25,minilm,5a8e3ea95542995a26add48d,5,0.39999999999999997,0.48333333333333334,0.6,0.28475697986529386
hotpotqa,bm25,minilm,5a8ef2a75542995a26add583,12,0.625,0.005628649724287587,0.7394366197183097,0.005988131485940955
hotpotqa,bm25,minilm,5a8f4c8d554299458435d5a3,1,,,,
hotpotqa,bm25,minilm,5ab2d3df554299194fa9352c,14,0.30337078651685395,0.137027176865195,0.41280353200882997,0.14239383983088733
hotpotqa,bm25,minilm,5ab3b0bf5542992ade7c6e39,10,-0.15555555555555553,0.6006536596119929,-0.2606060606060606,0.46708905438634024
hotpotqa,bm25,minilm,5ab3e45655429976abd1bcd4,11,0.6727272727272727,0.0031063111271444604,0.8000000000000002,0.0031104283103858456
hotpotqa,bm25,minilm,5ab51dae5542991779162d82,11,0.8333333333333335,0.0010592885327208679,0.9052132701421801,0.00012669809868362823
hotpotqa,bm25,minilm,5ab56e32554299637185c594,10,0.5499999999999999,0.03954854978864421,0.6603773584905661,0.03767801296933429
hotpotqa,bm25,minilm,5ab6d09255429954757d337d,18,0.3691275167785235,0.03615551617369854,0.5129533678756477,0.02948672826187618
hotpotqa,bm25,minilm,5ab84bf555429916710eb01f,7,0.11111111111111113,0.7437987578293566,0.19230769230769232,0.6795315128554942
hotpotqa,bm25,minilm,5ab859a955429934fafe6d7b,5,0.39999999999999997,0.48333333333333334,0.39999999999999997,0.5046315754686912
hotpotqa,bm25,minilm,5ab96ab755429970cfb8eacd,13,0.3246753246753246,0.12579552084105586,0.36088154269972456,0.2257319660323284
hotpotqa,bm25,minilm,5abbf698554299114383a0b5,15,-0.00970873786407767,0.9603383424848079,0.0,1.0
hotpotqa,bm25,minilm,5abc0a5d5542993f40c73c64,5,0.3333333333333333,0.4349833603383296,0.5789473684210528,0.30640882152092674
hotpotqa,bm25,minilm,5abd259d55429924427fcf1a,7,0.4666666666666666,0.193792734662799,0.5652173913043478,0.18607570585743288
hotpotqa,bm25,minilm,5abf63f15542997ec76fd3ea,10,0.045454545454545456,0.8569032088623857,0.03658536585365854,0.9200765461223945
hotpotqa,bm25,minilm,5ac23ff0554299636651994d,6,1.0,0.006435091231559117,1.0,0.0
hotpotqa,bm25,minilm,5ac2acff55429921a00ab02b,5,0.1111111111111111,0.7946857163377656,-0.052631578947368425,0.9330183436657281
hotpotqa,bm25,minilm,5adbf0a255429947ff17385a,23,0.3983739837398374,0.0092352072854937,0.48883374689826303,0.017933415380913788
hotpotqa,bm25,minilm,5add61d65542995b365fab21,7,-0.04761904761904762,1.0,-0.03571428571428572,0.9394082054712856
hotpotqa,bm25,minilm,5adddccd5542997dc7907069,20,0.5238095238095237,0.0013028030103300187,0.676448457486832,0.001057011122924895
hotpotqa,bm25,minilm,5adf37a95542995ec70e8f97,13,0.8181818181818181,0.00011438712138985883,0.9338842975206613,3.043341071645709e-06
hotpotqa,bm25,minilm,5ae0361155429925eb1afc2c,18,0.26087102421535396,0.13764444791931374,0.3552563915006104,0.1479775330039792
hotpotqa,bm25,minilm,5ae0d4c9554299603e418468,8,0.2857142857142857,0.39875992063492066,0.38095238095238104,0.35181255311756476
hotpotqa,bm25,minilm,5ae22b8d554299234fd0440f,12,0.40983606557377056,0.07836790387335468,0.5214285714285715,0.0821084879710021
hotpotqa,bm25,minilm,5ae6050f55429929b0807a5e,5,-0.7777777777777778,0.06851328928038379,-0.8947368421052632,0.04034313006075299
hotpotqa,bm25,minilm,5ae7ba7a5542993210983f12,1,,,,
hotpotqa,tfidf,minilm,5a7166395542994082a3e814,8,0.3571428571428571,0.27509920634920637,0.4761904761904762,0.23293553465009798
hotpotqa,tfidf,minilm,5a722b8655429971e9dc9329,11,0.7037037037037037,0.002918218884552016,0.8264840182648403,0.001709644311600827
hotpotqa,tfidf,minilm,5a7320565542991f9a20c61d,6,0.7333333333333333,0.05555555555555555,0.8285714285714287,0.04156268221574335
hotpotqa,tfidf,minilm,5a74106b55429979e288289e,8,0.5555555555555555,0.059522870165226636,0.7108433734939759,0.04809221360450939
hotpotqa,tfidf,minilm,5a7571135542992d0ec05f98,7,0.09999999999999999,0.7586785319973222,0.12727272727272726,0.7856807944470136
hotpotqa,tfidf,minilm,5a75e05c55429976ec32bc5f,8,0.42857142857142855,0.17886904761904762,0.6904761904761906,0.057990318164572716
hotpotqa,tfidf,minilm,5a760ab65542994ccc918697,3,0.33333333333333337,1.0,0.5,0.6666666666666666
hotpotqa,tfidf,minilm,5a79311755429970f5fffe67,11,-0.1320754716981132,0.5812548342287887,-0.13761467889908258,0.6865831956839153
hotpotqa,tfidf,minilm,5a7a0e1e5542990783324e1a,12,0.8387096774193549,0.0002805329182500167,0.9361702127659575,7.491974426782314e-06
hotpotqa,tfidf,minilm,5a7bbb64554299042af8f7cc,4,1.0,0.08333333333333333,1.0,0.0
hotpotqa,tfidf,minilm,5a7cc50e554299452d57ba3e,7,0.47368421052631565,0.1574212077798922,0.6666666666666667,0.10193947882985832
hotpotqa,tfidf,minilm,5a7d54165542995f4f402256,11,0.6666666666666666,0.004808648749417052,0.7990867579908677,0.003170372869476585
hotpotqa,tfidf,minilm,5a80721b554299485f5985ef,20,0.4708994708994709,0.0038453458610351013,0.6237772761474792,0.003292384421712458
hotpotqa,tfidf,minilm,5a80840f554299485f59863b,2,1.0,1.0,0.9999999999999999,nan
hotpotqa,tfidf,minilm,5a8133725542995ce29dcbdb,12,0.2121212121212121,0.38070480349126185,0.25874125874125875,0.41677476889913817
hotpotqa,tfidf,minilm,5a828c8355429966c78a6a50,7,0.6190476190476191,0.06904761904761905,0.7500000000000002,0.0521814004570578
hotpotqa,tfidf,minilm,5a85b2d95542997b5ce40028,1,,,,
hotpotqa,tfidf,minilm,5a85ea095542994775f606a8,7,0.04761904761904762,1.0,0.07142857142857144,0.879048193148154
hotpotqa,tfidf,minilm,5a85fb085542994775f606de,4,0.6666666666666669,0.3333333333333333,0.7999999999999999,0.2000000000000001
hotpotqa,tfidf,minilm,5a877e5d5542993e715abf7d,1,,,,
hotpotqa,tfidf,minilm,5a87ab905542996e4f3088c1,10,0.6888888888888888,0.00468694885361552,0.8666666666666665,0.0011735381801554685
hotpotqa,tfidf,minilm,5a8a3e745542996c9b8d5e70,6,1.0,0.006435091231559117,1.0,0.0
hotpotqa,tfidf,minilm,5a8a43eb5542996c9b8d5e82,1,,,,
hotpotqa,tfidf,minilm,5a8b20335542996c9b8d5fb3,19,0.5568862275449101,0.001077313365220707,0.6989436619718311,0.0008697720433164055
hotpotqa,tfidf,minilm,5a8c7595554299585d9e36b6,12,0.3870967741935484,0.09255458021600722,0.6014234875444839,0.0385782864434985
hotpotqa,tfidf,minilm,5a8e3ea95542995a26add48d,5,0.6,0.23333333333333334,0.7,0.1881204043741873
hotpotqa,tfidf,minilm,5a8ef2a75542995a26add583,13,0.5526315789473683,0.009839661412871917,0.6519337016574586,0.015754562191150723
hotpotqa,tfidf,minilm,5a8f4c8d554299458435d5a3,1,,,,
hotpotqa,tfidf,minilm,5ab2d3df554299194fa9352c,15,0.35922330097087385,0.06577217479636245,0.4982078853046596,0.058745058983892595
hotpotqa,tfidf,minilm,5ab3b0bf5542992ade7c6e39,9,0.0,1.0,-0.06666666666666667,0.8646897846262036
hotpotqa,tfidf,minilm,5ab3e45655429976abd1bcd4,11,0.6363636363636364,0.005707170915504249,0.790909090909091,0.003746082953397407
hotpotqa,tfidf,minilm,5ab51dae5542991779162d82,8,0.25000000000000006,0.42507936610195973,0.518987341772152,0.1875145344061663
hotpotqa,tfidf,minilm,5ab56e32554299637185c594,11,0.64,0.00994932681471278,0.719626168224299,0.012535923088066956
hotpotqa,tfidf,minilm,5ab6d09255429954757d337d,22,0.16299559471365638,0.29527090822966817,0.24278438030560273,0.27629504833236535
hotpotqa,tfidf,minilm,5ab84bf555429916710eb01f,8,0.04,0.8958301016298928,0.225,0.5921470373535157
hotpotqa,tfidf,minilm,5ab859a955429934fafe6d7b,3,0.33333333333333337,1.0,0.5,0.6666666666666666
hotpotqa,tfidf,minilm,5ab96ab755429970cfb8eacd,14,0.24444444444444444,0.22704978844175117,0.38766519823788553,0.17082619828411036
hotpotqa,tfidf,minilm,5abbf698554299114383a0b5,15,0.019230769230769232,0.9209664146495863,-0.005366726296958855,0.9848555113281752
hotpotqa,tfidf,minilm,5abc0a5d5542993f40c73c64,5,0.7777777777777778,0.06851328928038379,0.8947368421052632,0.04034313006075299
hotpotqa,tfidf,minilm,5abd259d55429924427fcf1a,7,0.4666666666666666,0.193792734662799,0.5652173913043478,0.18607570585743288
hotpotqa,tfidf,minilm,5abf63f15542997ec76fd3ea,12,0.23076923076923078,0.30140642480822144,0.3964912280701755,0.20194511740261023
hotpotqa,tfidf,minilm,5ac23ff0554299636651994d,13,0.47368421052631565,0.026922458457086927,0.5966850828729282,0.03133794317860588
hotpotqa,tfidf,minilm,5ac2acff55429921a00ab02b,10,0.2558139534883721,0.31748819886678503,0.32515337423312884,0.35927596572951076
hotpotqa,tfidf,minilm,5adbf0a255429947ff17385a,24,0.3731343283582089,0.012608964927735163,0.47161572052401746,0.019988956956820514
hotpotqa,tfidf,minilm,5add61d65542995b365fab21,7,0.33333333333333337,0.3813492063492063,0.39285714285714296,0.3833168704269727
hotpotqa,tfidf,minilm,5adddccd5542997dc7907069,21,0.6459330143540669,4.497801110383226e-05,0.8427550357374919,1.6310787240668113e-06
hotpotqa,tfidf,minilm,5adf37a95542995ec70e8f97,14,0.8222222222222222,4.839401740700458e-05,0.9427312775330398,4.498767181940287e-07
hotpotqa,tfidf,minilm,5ae0361155429925eb1afc2c,19,0.20238095238095238,0.23253166473631526,0.3896218117854001,0.09915935019327785
hotpotqa,tfidf,minilm,5ae0d4c9554299603e418468,8,0.2857142857142857,0.39875992063492066,0.38095238095238104,0.35181255311756476
hotpotqa,tfidf,minilm,5ae22b8d554299234fd0440f,12,0.5409836065573771,0.020151732743404278,0.6785714285714286,0.01526517965204843
hotpotqa,tfidf,minilm,5ae6050f55429929b0807a5e,6,-0.5714285714285715,0.11947098677170075,-0.7647058823529412,0.07653165072257269
hotpotqa,tfidf,minilm,5ae7ba7a5542993210983f12,1,,,,
bright,bm25,tfidf,biology:0,6,0.06666666666666665,1.0,0.08571428571428573,0.8717434402332361
bright,bm25,tfidf,biology:1,10,-0.19999999999999998,0.4843127204585538,-0.22424242424242422,0.5334005612725947
bright,bm25,tfidf,biology:10,18,0.47712418300653603,0.005139059506065925,0.653250773993808,0.0032856411027831498
bright,bm25,tfidf,biology:11,31,0.23010752688172043,0.07137352126179489,0.3467741935483872,0.055979418597768366
bright,bm25,tfidf,biology:12,20,0.164021164021164,0.314016283605573,0.22799097065462748,0.3336597697472314
bright,bm25,tfidf,biology:13,21,0.1142857142857143,0.4920749967194731,0.16363636363636364,0.4784743069143618
bright,bm25,tfidf,biology:14,8,0.9230769230769232,0.002206279770714763,0.975609756097561,3.561311319020387e-05
bright,bm25,tfidf,biology:15,4,-0.3333333333333334,0.75,-0.39999999999999997,0.6
bright,bm25,tfidf,biology:16,2,-1.0,1.0,-0.9999999999999999,nan
bright,bm25,tfidf,biology:17,18,0.11111111111111112,0.5498119171087916,0.14344685242518057,0.5701354475609234
bright,bm25,tfidf,biology:18,7,-0.14285714285714288,0.7726190476190476,-0.5,0.2531699951003227
bright,bm25,tfidf,biology:19,6,0.6,0.1361111111111111,0.7714285714285715,0.07239650145772594
bright,bm25,tfidf,biology:2,22,-0.14285714285714285,0.3711989339777388,-0.2275550536420102,0.30845605711863505
bright,bm25,tfidf,biology:20,7,0.23809523809523814,0.5619047619047619,0.25,0.5887244480896832
bright,bm25,tfidf,biology:21,10,0.5555555555555555,0.02860945767195767,0.7333333333333332,0.015800596250571577
bright,bm25,tfidf,biology:22,13,0.05128205128205127,0.8577337519090992,0.0934065934065934,0.7615000227827017
bright,bm25,tfidf,biology:23,2,-1.0,1.0,-0.9999999999999999,nan
bright,bm25,tfidf,biology:24,20,0.4842105263157895,0.0023549443013355514,0.6436090225563909,0.0021993664472678485
bright,bm25,tfidf,biology:25,19,0.16470588235294115,0.32669448418355906,0.22739244951712026,0.34915158935947627
bright,bm25,tfidf,biology:26,6,-0.4666666666666666,0.2722222222222222,-0.7142857142857143,0.11078717201166179
bright,bm25,tfidf,biology:27,22,0.22270742358078602,0.14976080514584106,0.365743357829282,0.09414501687558963
bright,bm25,tfidf,biology:28,9,0.1111111111111111,0.761414241622575,0.15,0.7000942309691418
bright,bm25,tfidf,biology:29,17,0.014705882352941175,0.9676638168395322,0.07107843137254903,0.7863266619781205
bright,bm25,tfidf,biology:3,7,0.6190476190476191,0.06904761904761905,0.7142857142857144,0.07134356146753766
bright,bm25,tfidf,biology:30,29,0.1379310344827586,0.3051417783194637,0.19950738916256153,0.2994569392458455
bright,bm25,tfidf,biology:31,18,0.32026143790849676,0.06849691078121536,0.46955624355005166,0.049293376927968195
bright,bm25,tfidf,biology:32,6,-0.2,0.7194444444444444,-0.4285714285714286,0.3965014577259473
bright,bm25,tfidf,biology:33,11,-0.05454545454545454,0.8792698312489979,0.05454545454545456,0.8734465775233149
bright,bm25,tfidf,biology:34,13,0.10526315789473682,0.6229329717637246,0.12707182320441987,0.6791062117692674
bright,bm25,tfidf,biology:35,10,-0.022222222222222223,1.0,-0.0303030303030303,0.9337729580941466
bright,bm25,tfidf,biology:36,9,0.4444444444444444,0.11943893298059964,0.6,0.08762282904140249
bright,bm25,tfidf,biology:37,9,0.16666666666666666,0.612202380952381,0.21666666666666667,0.5755148957119259
bright,bm25,tfidf,biology:38,11,0.5272727272727272,0.02638447971781305,0.7272727272727273,0.011204967253592074
bright,bm25,tfidf,biology:39,23,0.18725099601593626,0.2138605222173786,0.30464886251236395,0.15752999429164766
bright,bm25,tfidf,biology:4,27,0.13960113960113962,0.3202442346725366,0.1746031746031746,0.3837251842158127
bright,bm25,tfidf,biology:40,12,0.1212121212121212,0.6383612539081289,0.22377622377622378,0.4844516614553987
bright,bm25,tfidf,biology:41,9,0.611111111111111,0.02474096119929453,0.7666666666666667,0.01594401657897403
bright,bm25,tfidf,biology:42,6,-0.3333333333333333,0.46944444444444444,-0.4285714285714286,0.3965014577259473
bright,bm25,tfidf,biology:43,15,-0.04761904761904762,0.845841042458974,-0.06428571428571428,0.8199479653196377
bright,bm25,tfidf,biology:44,11,0.3090909090909091,0.21834651074234407,0.3727272727272728,0.2589258736842221
bright,bm25,tfidf,biology:45,8,0.21428571428571427,0.5484126984126985,0.14285714285714288,0.735764859879812
bright,bm25,tfidf,biology:46,4,0.3333333333333334,0.75,0.39999999999999997,0.6
bright,bm25,tfidf,biology:47,8,-0.14285714285714285,0.7195436507936508,-0.14285714285714288,0.735764859879812
bright,bm25,tfidf,biology:48,7,0.4285714285714286,0.2388888888888889,0.642857142857143,0.11939237342741109
bright,bm25,tfidf,biology:49,12,-0.046153846153846156,0.8362563311406144,-0.12280701754385967,0.7037749814028382
bright,bm25,tfidf,biology:5,34,0.4331550802139038,0.0003153658406126939,0.5697478991596637,0.0004361170292732094
bright,bm25,tfidf,biology:6,5,0.39999999999999997,0.48333333333333334,0.39999999999999997,0.5046315754686912
bright,bm25,tfidf,biology:7,29,0.3596059113300492,0.005771816898057707,0.5137931034482758,0.004359477855573587
bright,bm25,tfidf,biology:8,22,0.3852813852813853,0.01182947469159795,0.5595708639186902,0.006772388900075734
bright,bm25,tfidf,biology:9,28,0.4414893617021276,0.001030229448703466,0.6303395399780943,0.00032407284209312235
bright,bm25,minilm,biology:0,6,-0.06666666666666665,1.0,-0.028571428571428574,0.9571545189504373
bright,bm25,minilm,biology:1,4,-0.3333333333333334,0.75,-0.39999999999999997,0.6
bright,bm25,minilm,biology:10,6,0.41403933560541256,0.2511180012744736,0.6377481392176932,0.17307111024125982
bright,bm25,minilm,biology:11,5,0.10540925533894598,0.8005421074231263,0.20519567041703082,0.7405819415910723
bright,bm25,minilm,biology:12,11,0.05454545454545454,0.8792698312489979,0.05454545454545456,0.8734465775233149
bright,bm25,minilm,biology:13,16,0.0840365806816018,0.6518882380445374,0.1590576099063816,0.5562725083417576
bright,bm25,minilm,biology:14,8,0.4615384615384616,0.12589786126706132,0.5609756097560976,0.14800707991452264
bright,bm25,minilm,biology:15,3,1.0,0.3333333333333333,1.0,0.0
bright,bm25,minilm,biology:16,10,0.19999999999999998,0.4843127204585538,0.28484848484848485,0.4250381548921454
bright,bm25,minilm,biology:17,15,0.5865655778077041,0.002476999064864732,0.7674430884497017,0.0008380812746456946
bright,bm25,minilm,biology:18,3,-1.0,0.3333333333333333,-1.0,0.0
bright,bm25,minilm,biology:19,5,0.6,0.23333333333333334,0.7,0.1881204043741873
bright,bm25,minilm,biology:2,9,0.16666666666666666,0.612202380952381,0.18333333333333335,0.6368198117628943
bright,bm25,minilm,biology:20,8,0.7142857142857142,0.014136904761904762,0.8571428571428572,0.0065300172547152905
bright,bm25,minilm,biology:21,11,0.6000000000000001,0.00994553671637005,0.8181818181818182,0.0020831448404786917
bright,bm25,minilm,biology:22,4,0.0,1.0,0.19999999999999998,0.8
bright,bm25,minilm,biology:23,3,-0.33333333333333337,1.0,-0.5,0.6666666666666666
bright,bm25,minilm,biology:24,8,0.42857142857142855,0.17886904761904762,0.5476190476190477,0.16002564253889653
bright,bm25,minilm,biology:25,8,0.3571428571428571,0.27509920634920637,0.5000000000000001,0.2070312499999999
bright,bm25,minilm,biology:26,8,0.4999999999999999,0.10868055555555556,0.6190476190476191,0.10173303745426478
bright,bm25,minilm,biology:27,11,0.4909090909090909,0.04053235730319064,0.6272727272727273,0.03884525362035334
bright,bm25,minilm,biology:28,7,0.14285714285714288,0.7726190476190476,0.21428571428571433,0.6445115810207203
bright,bm25,minilm,biology:29,18,0.03973597071195132,0.8197100445268718,0.047569828952025786,0.8513173232254287
bright,bm25,minilm,biology:3,7,0.6190476190476191,0.06904761904761905,0.7500000000000002,0.0521814004570578
bright,bm25,minilm,biology:30,17,0.34075008929392686,0.057684972193701486,0.4490800926495251,0.07055855501305223
bright,bm25,minilm,biology:31,15,0.3904761904761905,0.04629247541540862,0.557142857142857,0.030961086755812137
bright,bm25,minilm,biology:32,1,,,,
bright,bm25,minilm,biology:33,13,0.24516639269394183,0.245506842710017,0.37689169079829965,0.20428742547452744
bright,bm25,minilm,biology:34,11,-0.2962962962962963,0.21015227556934157,-0.3424657534246575,0.3025676475556358
bright,bm25,minilm,biology:35,8,0.3571428571428571,0.27509920634920637,0.4285714285714286,0.2894032248467901
bright,bm25,minilm,biology:36,9,0.16666666666666666,0.612202380952381,0.13333333333333333,0.7323675052362973
bright,bm25,minilm,biology:37,2,-1.0,1.0,-0.9999999999999999,nan
bright,bm25,minilm,biology:38,9,0.5352643613280604,0.046399461870904594,0.6610936529170212,0.05252286046708907
bright,bm25,minilm,biology:39,10,0.22473328748774737,0.36917141633269157,0.2857156055296304,0.4235677838265461
bright,bm25,minilm,biology:4,10,0.5393598899705937,0.03114121059579671,0.6686960980480711,0.034509541651785366
bright,bm25,minilm,biology:40,3,-0.33333333333333337,1.0,-0.5,0.6666666666666666
bright,bm25,minilm,biology:41,8,0.2857142857142857,0.39875992063492066,0.3571428571428572,0.38512064355625614
bright,bm25,minilm,biology:42,10,-0.31462660248284624,0.2086677876982641,-0.33434804902403553,0.3450363279922107
bright,bm25,minilm,biology:43,15,-0.06731080401072015,0.7283947649545108,-0.05724517209881224,0.8394162853019237
bright,bm25,minilm,biology:44,11,0.4074074074074074,0.08487462091399703,0.497716894977169,0.11925921800648673
bright,bm25,minilm,biology:45,3,-1.0,0.3333333333333333,-1.0,0.0
bright,bm25,minilm,biology:46,5,0.19999999999999998,0.8166666666666667,0.3,0.623837664781073
bright,bm25,minilm,biology:47,5,0.39999999999999997,0.48333333333333334,0.39999999999999997,0.5046315754686912
bright,bm25,minilm,biology:48,7,0.0,1.0,-0.12727272727272726,0.7856807944470136
bright,bm25,minilm,biology:49,10,-0.4090909090909091,0.10461960345016712,-0.3902439024390244,0.26489710711829
bright,bm25,minilm,biology:5,8,0.4999999999999999,0.10868055555555556,0.6666666666666669,0.07098765432098755
bright,bm25,minilm,biology:6,13,0.23076923076923073,0.306184939674523,0.2967032967032967,0.3249215884859749
bright,bm25,minilm,biology:7,8,0.8571428571428571,0.001736111111111111,0.9523809523809524,0.000260400024387251
bright,bm25,minilm,biology:8,15,0.3636405261167026,0.059724872589944966,0.502234338169947,0.05641357826080009
bright,bm25,minilm,biology:9,18,0.4818508090280972,0.005588167929025697,0.5715763037179045,0.013208956407480004
bright,tfidf,minilm,biology:0,1,,,,
bright,tfidf,minilm,biology:1,5,0.19999999999999998,0.8166666666666667,0.19999999999999998,0.7470600781046621
bright,tfidf,minilm,biology:10,7,0.3504383220252312,0.28198871449928675,0.43643578047198484,0.3275824992661852
bright,tfidf,minilm,biology:11,4,-0.3333333333333334,0.75,-0.6000000000000001,0.4
bright,tfidf,minilm,biology:12,14,0.3406593406593407,0.10102087460966429,0.45054945054945056,0.10593278527264065
bright,tfidf,minilm,biology:13,18,0.19802950859533489,0.2547930787039082,0.2728685450017535,0.27328507092526594
bright,tfidf,minilm,biology:14,7,0.15789473684210523,0.6374507816305058,0.25925925925925924,0.5745092811337035
bright,tfidf,minilm,biology:15,1,,,,
bright,tfidf,minilm,biology:16,1,,,,
bright,tfidf,minilm,biology:17,20,0.34300910954987274,0.034859278581579216,0.48589698810393855,0.02984998691832048
bright,tfidf,minilm,biology:18,2,1.0,1.0,0.9999999999999999,nan
bright,tfidf,minilm,biology:19,5,0.6,0.23333333333333334,0.7999999999999999,0.10408803866182788
bright,tfidf,minilm,biology:2,8,0.4999999999999999,0.10868055555555556,0.5952380952380953,0.11952980613879269
bright,tfidf,minilm,biology:20,6,0.4666666666666666,0.2722222222222222,0.5428571428571429,0.26570262390670546
bright,tfidf,minilm,biology:21,8,0.4999999999999999,0.10868055555555556,0.7380952380952381,0.03655276105286081
bright,tfidf,minilm,biology:22,6,0.06666666666666665,1.0,0.14285714285714288,0.7871720116618076
bright,tfidf,minilm,biology:23,0,,,,
bright,tfidf,minilm,biology:24,8,0.7142857142857142,0.014136904761904762,0.8333333333333335,0.010175540123456752
bright,tfidf,minilm,biology:25,9,-0.16666666666666666,0.612202380952381,-0.2833333333333333,0.46003032896572005
bright,tfidf,minilm,biology:26,7,-0.23809523809523814,0.5619047619047619,-0.3571428571428572,0.431611352038328
bright,tfidf,minilm,biology:27,7,-0.23809523809523814,0.5619047619047619,-0.28571428571428575,0.5345092286010406
bright,tfidf,minilm,biology:28,10,0.15555555555555553,0.6006536596119929,0.2727272727272727,0.4458383415427516
bright,tfidf,minilm,biology:29,15,0.33655402005360074,0.08250935225262983,0.41502749771638875,0.12397381616953294
bright,tfidf,minilm,biology:3,6,0.7333333333333333,0.05555555555555555,0.8285714285714287,0.04156268221574335
bright,tfidf,minilm,biology:30,12,0.6154574548966636,0.0058532450255740325,0.810531305224992,0.0013855829221512638
bright,tfidf,minilm,biology:31,16,0.22594340036404525,0.2236643871277405,0.36055933234447185,0.17008702362637187
bright,tfidf,minilm,biology:32,6,-0.2,0.7194444444444444,-0.08571428571428573,0.8717434402332361
bright,tfidf,minilm,biology:33,9,-0.2222222222222222,0.47670855379188715,-0.3666666666666667,0.3317398014330152
bright,tfidf,minilm,biology:34,8,-0.25925925925925924,0.3792140773970636,-0.3734939759036144,0.36210023741052305
bright,tfidf,minilm,biology:35,5,-0.39999999999999997,0.48333333333333334,-0.6,0.28475697986529386
bright,tfidf,minilm,biology:36,9,0.1111111111111111,0.761414241622575,0.18333333333333335,0.6368198117628943
bright,tfidf,minilm,biology:37,9,-0.2222222222222222,0.47670855379188715,-0.31666666666666665,0.406397014486386
bright,tfidf,minilm,biology:38,9,0.36623351038235713,0.17295491798842066,0.48535989707831934,0.18535381786420987
bright,tfidf,minilm,biology:39,13,0.0519524333466131,0.8064959405073401,0.12396741254637945,0.6865831091447772
bright,tfidf,minilm,biology:4,2,1.0,1.0,0.9999999999999999,nan
bright,tfidf,minilm,biology:40,12,0.0909090909090909,0.7373055246579552,0.15384615384615385,0.6330906812462617
bright,tfidf,minilm,biology:41,5,0.10540925533894598,0.8005421074231263,0.15389675281277312,0.8048288166080632
bright,tfidf,minilm,biology:42,4,-1.0,0.08333333333333333,-1.0,0.0
bright,tfidf,minilm,biology:43,9,0.2222222222222222,0.47670855379188715,0.31666666666666665,0.406397014486386
bright,tfidf,minilm,biology:44,5,0.9999999999999999,0.016666666666666666,0.9999999999999999,1.4042654220543602e-24
bright,tfidf,minilm,biology:45,3,-0.33333333333333337,1.0,-0.5,0.6666666666666666
bright,tfidf,minilm,biology:46,3,-0.33333333333333337,1.0,-0.5,0.6666666666666666
bright,tfidf,minilm,biology:47,16,-0.016666666666666666,0.9646949319332571,-0.07058823529411765,0.7950393023376281
bright,tfidf,minilm,biology:48,6,-0.28571428571428575,0.4362749288405292,-0.4705882352941177,0.3462243028699369
bright,tfidf,minilm,biology:49,12,0.12909944487358055,0.5736903422241922,0.2000204112874951,0.5330926972811826
bright,tfidf,minilm,biology:5,8,0.14285714285714285,0.7195436507936508,0.11904761904761905,0.7788857260523796
bright,tfidf,minilm,biology:6,5,0.0,1.0,0.09999999999999999,0.8728885715695384
bright,tfidf,minilm,biology:7,7,0.7142857142857143,0.03015873015873016,0.8571428571428573,0.013697326615325618
bright,tfidf,minilm,biology:8,20,0.33245498310218435,0.040848298448452135,0.4580669748534033,0.04224761980117292
bright,tfidf,minilm,biology:9,19,0.3442151653000512,0.041814964322742766,0.5221978526456108,0.02181762195377297
