dataset,protocol,protocol_label,protocol_kind,regime,pair_name,n_queries,mean_delta_ndcg,median_delta_ndcg,bootstrap_ci_low,bootstrap_ci_high,bootstrap_fraction_means_gt_zero,paired_permutation_pvalue,helped_query_count,harmed_query_count,unchanged_query_count
bright,ablation_minmax_fixed,minmax + fixed,ablation,ms1,balance_graph,50,-0.004932882037029534,0.0,-0.010505135755053806,-1.2257848866105833e-06,0.025,0.07589241075892411,12,9,29
bright,ablation_minmax_fixed,minmax + fixed,ablation,ms1,balance_hybrid,50,0.0037120753857328077,0.0,-0.0011566735763774028,0.009981814170363427,0.9204,0.22567743225677434,8,6,36
bright,ablation_minmax_fixed,minmax + fixed,ablation,ms1,bradley_terry_graph,50,0.0006471977284111652,0.0,-0.024994120150431856,0.025233952651983065,0.5332,0.9636036396360363,19,14,17
bright,ablation_minmax_fixed,minmax + fixed,ablation,ms1,copeland_graph,50,0.006859035570446189,0.0,-0.018490489984655127,0.031351776221283836,0.7172,0.6055394460553944,24,11,15
bright,ablation_minmax_fixed,minmax + fixed,ablation,ms1,copeland_hybrid,50,0.001045715333416336,0.0,-0.00364884724451303,0.005443822737473022,0.6834,0.6735326467353264,14,7,29
bright,ablation_minmax_fixed,minmax + fixed,ablation,ms1,markov_graph,50,-0.004997492032621837,0.0,-0.019738200333512763,0.008650616136765106,0.2458,0.5083491650834917,13,14,23
bright,ablation_minmax_fixed,minmax + fixed,ablation,ms1,markov_hybrid,50,0.0033790316078718165,0.0,-0.010103857422672126,0.016569922814901297,0.7089,0.6295370462953704,8,5,37
bright,ablation_minmax_fixed,minmax + fixed,ablation,ms1,pagerank_graph,50,0.005144201598047209,0.0,-0.01525785510996525,0.028440866424519894,0.6678,0.6733326667333267,16,21,13
bright,ablation_minmax_fixed,minmax + fixed,ablation,ms1,rank_centrality_graph,50,-0.026404473830870984,-0.00024632079859995826,-0.04919394375008115,-0.006547084362395889,0.0037,0.014798520147985201,10,25,15
bright,ablation_minmax_fixed,minmax + fixed,ablation,ms1_drop_mutual,balance_graph,50,0.00019536560081498844,0.0,-0.000296968593790734,0.0007351577834741951,0.7728,0.43125687431256876,3,2,45
bright,ablation_minmax_fixed,minmax + fixed,ablation,ms1_drop_mutual,balance_hybrid,50,0.000936684293418667,0.0,0.0,0.0027487947698778413,0.8719,0.49235076492350766,2,0,48
bright,ablation_minmax_fixed,minmax + fixed,ablation,ms1_drop_mutual,bradley_terry_graph,50,-0.004285737365418049,0.0,-0.017771626950837865,0.005523806789644528,0.2451,0.6247375262473752,10,8,32
bright,ablation_minmax_fixed,minmax + fixed,ablation,ms1_drop_mutual,copeland_graph,50,0.0015780921560332461,0.0,-0.0024708519365317285,0.007308519576121683,0.7032,0.7064293570642936,7,6,37
bright,ablation_minmax_fixed,minmax + fixed,ablation,ms1_drop_mutual,copeland_hybrid,50,-2.259911717450547e-05,0.0,-0.001732421821901706,0.0018896864831219836,0.4719,0.9701029897010299,3,5,42
bright,ablation_minmax_fixed,minmax + fixed,ablation,ms1_drop_mutual,markov_graph,50,0.0011139552195108926,0.0,-0.00733647445499045,0.010709528822140105,0.5937,0.7122287771222878,7,3,40
bright,ablation_minmax_fixed,minmax + fixed,ablation,ms1_drop_mutual,markov_hybrid,50,9.750735056398673e-05,0.0,-0.0006398317720367215,0.0008811038860589563,0.6375,0.6227377262273772,3,2,45
bright,ablation_minmax_fixed,minmax + fixed,ablation,ms1_drop_mutual,pagerank_graph,50,0.002902096126463044,0.0,-0.011713352414014451,0.015256698467085097,0.68,0.7135286471352865,14,5,31
bright,ablation_minmax_fixed,minmax + fixed,ablation,ms1_drop_mutual,rank_centrality_graph,50,-0.014063185331466692,0.0,-0.033209927093853,-0.0003963385074082637,0.0203,0.09309069093090691,7,11,32
bright,ablation_minmax_fixed,minmax + fixed,ablation,ms2,balance_graph,50,0.0,0.0,0.0,0.0,0.0,1.0,0,0,50
bright,ablation_minmax_fixed,minmax + fixed,ablation,ms2,balance_hybrid,50,0.0,0.0,0.0,0.0,0.0,1.0,0,0,50
bright,ablation_minmax_fixed,minmax + fixed,ablation,ms2,bradley_terry_graph,50,0.000237062971672114,0.0,-0.0004042371218777274,0.0012834220843508958,0.6106,1.0,1,2,47
bright,ablation_minmax_fixed,minmax + fixed,ablation,ms2,copeland_graph,50,0.00013867926747483273,0.0,-0.0003202390981493175,0.0007362769005738157,0.5995,1.0,1,1,48
bright,ablation_minmax_fixed,minmax + fixed,ablation,ms2,copeland_hybrid,50,-0.00014406233239570688,0.0,-0.0004321869971871206,0.0,0.0,1.0,0,1,49
bright,ablation_minmax_fixed,minmax + fixed,ablation,ms2,markov_graph,50,-0.0002928346713352004,0.0,-0.0013435991729731623,0.0004650951589675611,0.2682,1.0,1,1,48
bright,ablation_minmax_fixed,minmax + fixed,ablation,ms2,markov_hybrid,50,0.0,0.0,0.0,0.0,0.0,1.0,0,0,50
bright,ablation_minmax_fixed,minmax + fixed,ablation,ms2,pagerank_graph,50,0.00012492915049908904,0.0,0.0,0.0003747874514972671,0.6363,1.0,1,0,49
bright,ablation_minmax_fixed,minmax + fixed,ablation,ms2,rank_centrality_graph,50,-0.0004917956027927128,0.0,-0.0013512627540515454,0.0,0.0,0.25177482251774824,0,3,47
bright,ablation_raw_fixed,raw + fixed,ablation,ms1,balance_graph,50,0.0,0.0,0.0,0.0,0.0,1.0,0,0,50
bright,ablation_raw_fixed,raw + fixed,ablation,ms1,balance_hybrid,50,-0.0028815532250274336,0.0,-0.0086446596750823,0.0,0.0,1.0,0,1,49
bright,ablation_raw_fixed,raw + fixed,ablation,ms1,bradley_terry_graph,50,-0.00030549146877672406,0.0,-0.03130312619562615,0.028181077553114588,0.5003,0.9856014398560144,17,8,25
bright,ablation_raw_fixed,raw + fixed,ablation,ms1,copeland_graph,50,-0.006831670331906145,0.0,-0.01992556735788106,0.004454004168420124,0.1344,0.3103689631036896,10,16,24
bright,ablation_raw_fixed,raw + fixed,ablation,ms1,copeland_hybrid,50,-0.004542226229143809,0.0,-0.014310772557158376,0.0036430761483784687,0.153,0.38616138386161386,5,11,34
bright,ablation_raw_fixed,raw + fixed,ablation,ms1,markov_graph,50,0.00020191401648123275,0.0,-0.0001961258759579251,0.0007122698788223025,0.8034,0.4674532546745325,3,3,44
bright,ablation_raw_fixed,raw + fixed,ablation,ms1,markov_hybrid,50,4.0414498350447304e-05,0.0,0.0,0.00012124349505134191,0.6423,1.0,1,0,49
bright,ablation_raw_fixed,raw + fixed,ablation,ms1,pagerank_graph,50,0.0004209073811761077,0.0,-0.02016157962700241,0.028885008368744584,0.4664,0.9904009599040096,7,13,30
bright,ablation_raw_fixed,raw + fixed,ablation,ms1,rank_centrality_graph,50,-0.0025740266030871064,0.0,-0.006254307984002902,0.0004141808684425609,0.0505,0.1473852614738526,5,9,36
bright,ablation_raw_fixed,raw + fixed,ablation,ms1_drop_mutual,balance_graph,50,0.0,0.0,0.0,0.0,0.0,1.0,0,0,50
bright,ablation_raw_fixed,raw + fixed,ablation,ms1_drop_mutual,balance_hybrid,50,0.0,0.0,0.0,0.0,0.0,1.0,0,0,50
bright,ablation_raw_fixed,raw + fixed,ablation,ms1_drop_mutual,bradley_terry_graph,50,0.0016996436933045466,0.0,0.00030035485555639284,0.0037285112673758566,0.9983,0.024197580241975804,7,1,42
bright,ablation_raw_fixed,raw + fixed,ablation,ms1_drop_mutual,copeland_graph,50,-0.00032601582311616694,0.0,-0.0013502047348411417,0.00037650872740200273,0.2512,0.6276372362763724,4,2,44
bright,ablation_raw_fixed,raw + fixed,ablation,ms1_drop_mutual,copeland_hybrid,50,-4.889184919830703e-05,0.0,-0.0003244222846082323,0.00017774673701331122,0.3358,1.0,1,1,48
bright,ablation_raw_fixed,raw + fixed,ablation,ms1_drop_mutual,markov_graph,50,0.0005025432942961094,0.0,0.0,0.001368120103681616,0.8762,0.4978502149785021,2,0,48
bright,ablation_raw_fixed,raw + fixed,ablation,ms1_drop_mutual,markov_hybrid,50,4.0414498350447304e-05,0.0,0.0,0.00012124349505134191,0.6423,1.0,1,0,49
bright,ablation_raw_fixed,raw + fixed,ablation,ms1_drop_mutual,pagerank_graph,50,-0.0021944565748714274,0.0,-0.005405779128795138,0.00011448141712463223,0.0335,0.25517448255174485,1,3,46
bright,ablation_raw_fixed,raw + fixed,ablation,ms1_drop_mutual,rank_centrality_graph,50,-0.0014832025878882748,0.0,-0.003717329883231386,7.902760561406152e-05,0.032,0.25517448255174485,1,3,46
bright,ablation_raw_fixed,raw + fixed,ablation,ms2,balance_graph,50,0.0,0.0,0.0,0.0,0.0,1.0,0,0,50
bright,ablation_raw_fixed,raw + fixed,ablation,ms2,balance_hybrid,50,0.0,0.0,0.0,0.0,0.0,1.0,0,0,50
bright,ablation_raw_fixed,raw + fixed,ablation,ms2,bradley_terry_graph,50,0.0,0.0,0.0,0.0,0.0,1.0,0,0,50
bright,ablation_raw_fixed,raw + fixed,ablation,ms2,copeland_graph,50,0.0,0.0,0.0,0.0,0.0,1.0,0,0,50
bright,ablation_raw_fixed,raw + fixed,ablation,ms2,copeland_hybrid,50,0.0,0.0,0.0,0.0,0.0,1.0,0,0,50
bright,ablation_raw_fixed,raw + fixed,ablation,ms2,markov_graph,50,0.0,0.0,0.0,0.0,0.0,1.0,0,0,50
bright,ablation_raw_fixed,raw + fixed,ablation,ms2,markov_hybrid,50,0.0,0.0,0.0,0.0,0.0,1.0,0,0,50
bright,ablation_raw_fixed,raw + fixed,ablation,ms2,pagerank_graph,50,0.0,0.0,0.0,0.0,0.0,1.0,0,0,50
bright,ablation_raw_fixed,raw + fixed,ablation,ms2,rank_centrality_graph,50,0.0,0.0,0.0,0.0,0.0,1.0,0,0,50
bright,ablation_unit_vote_retention,unit vote + retention-matched,ablation,ms1,balance_graph,50,-0.012796015579566875,0.0,-0.02831223559700417,0.0006567223105848928,0.0334,0.09479052094790522,15,15,20
bright,ablation_unit_vote_retention,unit vote + retention-matched,ablation,ms1,balance_hybrid,50,-0.008690584178529295,0.0,-0.028078518172064013,0.005468363511036109,0.151,0.3902609739026097,9,7,34
bright,ablation_unit_vote_retention,unit vote + retention-matched,ablation,ms1,bradley_terry_graph,50,-0.02520797964419303,0.0,-0.06435892490163198,0.010374162031898606,0.0901,0.20607939206079393,14,17,19
bright,ablation_unit_vote_retention,unit vote + retention-matched,ablation,ms1,copeland_graph,50,-0.03440619692630968,0.0,-0.06459179126632769,-0.008697328564338814,0.0022,0.0105989401059894,9,19,22
bright,ablation_unit_vote_retention,unit vote + retention-matched,ablation,ms1,copeland_hybrid,50,-0.012948162688828986,0.0,-0.03304719682905907,0.0030174282742261136,0.0631,0.14728527147285272,7,11,32
bright,ablation_unit_vote_retention,unit vote + retention-matched,ablation,ms1,markov_graph,50,-0.03534101092093198,0.0,-0.06343570088663075,-0.012057605686553325,0.0002,0.0021997800219978004,5,19,26
bright,ablation_unit_vote_retention,unit vote + retention-matched,ablation,ms1,markov_hybrid,50,-0.008509888049890868,0.0,-0.03226522646915131,0.014647467662195619,0.2253,0.512048795120488,8,9,33
bright,ablation_unit_vote_retention,unit vote + retention-matched,ablation,ms1,pagerank_graph,50,-0.020123677880060194,0.0,-0.051817181987416354,0.009830920288999158,0.0967,0.20307969203079693,16,18,16
bright,ablation_unit_vote_retention,unit vote + retention-matched,ablation,ms1,rank_centrality_graph,50,-0.04034252082161088,0.0,-0.07053219954638182,-0.01340470764671952,0.0012,0.006299370062993701,9,19,22
bright,ablation_unit_vote_retention,unit vote + retention-matched,ablation,ms1_drop_mutual,balance_graph,50,0.0009116969142805565,0.0,-7.112221697269364e-05,0.0022447636467326235,0.9568,0.1847815218478152,5,2,43
bright,ablation_unit_vote_retention,unit vote + retention-matched,ablation,ms1_drop_mutual,balance_hybrid,50,0.00023721563305800997,0.0,0.0,0.0006295892849484641,0.8725,0.5093490650934906,2,0,48
bright,ablation_unit_vote_retention,unit vote + retention-matched,ablation,ms1_drop_mutual,bradley_terry_graph,50,0.0021210094655015354,0.0,-0.002913007463625286,0.010209504763199592,0.6577,0.9187081291870813,3,6,41
bright,ablation_unit_vote_retention,unit vote + retention-matched,ablation,ms1_drop_mutual,copeland_graph,50,0.0004584571011600602,0.0,-0.0002596231298233165,0.0013621133184598894,0.8738,0.35206479352064796,5,1,44
bright,ablation_unit_vote_retention,unit vote + retention-matched,ablation,ms1_drop_mutual,copeland_hybrid,50,6.891651797449994e-05,0.0,-0.00024236467038266652,0.00037999866114004634,0.6085,1.0,2,1,47
bright,ablation_unit_vote_retention,unit vote + retention-matched,ablation,ms1_drop_mutual,markov_graph,50,0.0002121908033768405,0.0,-0.000613383113149455,0.001270760498428486,0.6509,0.7512248775122488,3,4,43
bright,ablation_unit_vote_retention,unit vote + retention-matched,ablation,ms1_drop_mutual,markov_hybrid,50,0.0,0.0,0.0,0.0,0.0,1.0,0,0,50
bright,ablation_unit_vote_retention,unit vote + retention-matched,ablation,ms1_drop_mutual,pagerank_graph,50,-0.0020330832961473113,0.0,-0.005544537036283516,0.000644572092990956,0.0913,0.283971602839716,3,4,43
bright,ablation_unit_vote_retention,unit vote + retention-matched,ablation,ms1_drop_mutual,rank_centrality_graph,50,-0.00031457693562156997,0.0,-0.0015420236094140084,0.0008721570822256339,0.3066,0.6129387061293871,4,4,42
bright,ablation_unit_vote_retention,unit vote + retention-matched,ablation,ms2,balance_graph,50,0.0,0.0,0.0,0.0,0.0,1.0,0,0,50
bright,ablation_unit_vote_retention,unit vote + retention-matched,ablation,ms2,balance_hybrid,50,0.0,0.0,0.0,0.0,0.0,1.0,0,0,50
bright,ablation_unit_vote_retention,unit vote + retention-matched,ablation,ms2,bradley_terry_graph,50,0.0,0.0,0.0,0.0,0.0,1.0,0,0,50
bright,ablation_unit_vote_retention,unit vote + retention-matched,ablation,ms2,copeland_graph,50,0.0,0.0,0.0,0.0,0.0,1.0,0,0,50
bright,ablation_unit_vote_retention,unit vote + retention-matched,ablation,ms2,copeland_hybrid,50,0.0,0.0,0.0,0.0,0.0,1.0,0,0,50
bright,ablation_unit_vote_retention,unit vote + retention-matched,ablation,ms2,markov_graph,50,0.0,0.0,0.0,0.0,0.0,1.0,0,0,50
bright,ablation_unit_vote_retention,unit vote + retention-matched,ablation,ms2,markov_hybrid,50,0.0,0.0,0.0,0.0,0.0,1.0,0,0,50
bright,ablation_unit_vote_retention,unit vote + retention-matched,ablation,ms2,pagerank_graph,50,0.0,0.0,0.0,0.0,0.0,1.0,0,0,50
bright,ablation_unit_vote_retention,unit vote + retention-matched,ablation,ms2,rank_centrality_graph,50,0.0,0.0,0.0,0.0,0.0,1.0,0,0,50
bright,independent_minmax_quantile_q0p3,"minmax + independent quantile (q=0.3, low selectivity)",independent_grid,ms1,balance_graph,50,-0.004750484947418631,0.0,-0.010458291981894019,0.000345524819406635,0.0343,0.09829017098290171,10,9,31
bright,independent_minmax_quantile_q0p3,"minmax + independent quantile (q=0.3, low selectivity)",independent_grid,ms1,balance_hybrid,50,0.0004428181871458253,0.0,-0.0022983320792598796,0.0033120431775663277,0.6228,0.7952204779522047,4,5,41
bright,independent_minmax_quantile_q0p3,"minmax + independent quantile (q=0.3, low selectivity)",independent_grid,ms1,bradley_terry_graph,50,-0.0021199840416669313,0.0,-0.028183406660706022,0.022691774923741845,0.4476,0.8831116888311169,17,16,17
bright,independent_minmax_quantile_q0p3,"minmax + independent quantile (q=0.3, low selectivity)",independent_grid,ms1,copeland_graph,50,0.0036251254425338675,0.0,-0.019633613948359926,0.024949761146712303,0.648,0.7701229877012299,24,10,16
bright,independent_minmax_quantile_q0p3,"minmax + independent quantile (q=0.3, low selectivity)",independent_grid,ms1,copeland_hybrid,50,-0.0033524163796295903,0.0,-0.0152274539631045,0.005292874043880496,0.2865,0.6648335166483351,8,8,34
bright,independent_minmax_quantile_q0p3,"minmax + independent quantile (q=0.3, low selectivity)",independent_grid,ms1,markov_graph,50,-0.002274474686834842,0.0,-0.015723361841839787,0.010363531083028718,0.3718,0.7569243075692431,11,13,26
bright,independent_minmax_quantile_q0p3,"minmax + independent quantile (q=0.3, low selectivity)",independent_grid,ms1,markov_hybrid,50,0.005894036710446902,0.0,-0.0012520272436011683,0.016268958418914247,0.9175,0.30046995300469953,6,6,38
bright,independent_minmax_quantile_q0p3,"minmax + independent quantile (q=0.3, low selectivity)",independent_grid,ms1,pagerank_graph,50,-8.661310184281068e-05,0.0,-0.023532171856596604,0.021226864226081808,0.5218,0.9944005599440056,20,14,16
bright,independent_minmax_quantile_q0p3,"minmax + independent quantile (q=0.3, low selectivity)",independent_grid,ms1,rank_centrality_graph,50,-0.01478816609189632,0.0,-0.03115875601604216,0.000539111623524611,0.0291,0.08289171082891711,14,17,19
bright,independent_minmax_quantile_q0p3,"minmax + independent quantile (q=0.3, low selectivity)",independent_grid,ms1_drop_mutual,balance_graph,50,0.0006347522810611505,0.0,-0.00047535214796610824,0.0022389183940426925,0.7995,0.531946805319468,3,3,44
bright,independent_minmax_quantile_q0p3,"minmax + independent quantile (q=0.3, low selectivity)",independent_grid,ms1_drop_mutual,balance_hybrid,50,0.0010275785856281045,0.0,-0.0003029452749478756,0.0031906506794542474,0.8783,0.36866313368663134,3,2,45
bright,independent_minmax_quantile_q0p3,"minmax + independent quantile (q=0.3, low selectivity)",independent_grid,ms1_drop_mutual,bradley_terry_graph,50,0.0039796992069119404,0.0,-0.009847236839707773,0.023257727767797918,0.643,0.7868213178682132,7,8,35
bright,independent_minmax_quantile_q0p3,"minmax + independent quantile (q=0.3, low selectivity)",independent_grid,ms1_drop_mutual,copeland_graph,50,0.004120464395664183,0.0,-0.006830472762261258,0.01950421428645093,0.7004,0.6904309569043096,7,5,38
bright,independent_minmax_quantile_q0p3,"minmax + independent quantile (q=0.3, low selectivity)",independent_grid,ms1_drop_mutual,copeland_hybrid,50,0.00017411143511207095,0.0,-0.0009389670494772596,0.0013213441841490945,0.6112,0.7802219778022198,4,3,43
bright,independent_minmax_quantile_q0p3,"minmax + independent quantile (q=0.3, low selectivity)",independent_grid,ms1_drop_mutual,markov_graph,50,0.0014345881890225386,0.0,-0.006886999202465219,0.010737562513889541,0.6436,0.6173382661733826,5,4,41
bright,independent_minmax_quantile_q0p3,"minmax + independent quantile (q=0.3, low selectivity)",independent_grid,ms1_drop_mutual,markov_hybrid,50,0.0006304424037488737,0.0,0.0,0.0017102977359221916,0.9552,0.25317468253174685,3,0,47
bright,independent_minmax_quantile_q0p3,"minmax + independent quantile (q=0.3, low selectivity)",independent_grid,ms1_drop_mutual,pagerank_graph,50,-0.0011646309876417083,0.0,-0.01520950116384236,0.010101967229555024,0.4522,0.8397160283971603,8,4,38
bright,independent_minmax_quantile_q0p3,"minmax + independent quantile (q=0.3, low selectivity)",independent_grid,ms1_drop_mutual,rank_centrality_graph,50,-0.0076979366497165165,0.0,-0.01654331251349305,-0.000675739414186985,0.012,0.05449455054494551,3,8,39
bright,independent_minmax_quantile_q0p3,"minmax + independent quantile (q=0.3, low selectivity)",independent_grid,ms2,balance_graph,50,0.0,0.0,0.0,0.0,0.0,1.0,0,0,50
bright,independent_minmax_quantile_q0p3,"minmax + independent quantile (q=0.3, low selectivity)",independent_grid,ms2,balance_hybrid,50,0.0,0.0,0.0,0.0,0.0,1.0,0,0,50
bright,independent_minmax_quantile_q0p3,"minmax + independent quantile (q=0.3, low selectivity)",independent_grid,ms2,bradley_terry_graph,50,0.0,0.0,0.0,0.0,0.0,1.0,0,0,50
bright,independent_minmax_quantile_q0p3,"minmax + independent quantile (q=0.3, low selectivity)",independent_grid,ms2,copeland_graph,50,0.0,0.0,0.0,0.0,0.0,1.0,0,0,50
bright,independent_minmax_quantile_q0p3,"minmax + independent quantile (q=0.3, low selectivity)",independent_grid,ms2,copeland_hybrid,50,0.0,0.0,0.0,0.0,0.0,1.0,0,0,50
bright,independent_minmax_quantile_q0p3,"minmax + independent quantile (q=0.3, low selectivity)",independent_grid,ms2,markov_graph,50,0.0,0.0,0.0,0.0,0.0,1.0,0,0,50
bright,independent_minmax_quantile_q0p3,"minmax + independent quantile (q=0.3, low selectivity)",independent_grid,ms2,markov_hybrid,50,0.0,0.0,0.0,0.0,0.0,1.0,0,0,50
bright,independent_minmax_quantile_q0p3,"minmax + independent quantile (q=0.3, low selectivity)",independent_grid,ms2,pagerank_graph,50,0.0,0.0,0.0,0.0,0.0,1.0,0,0,50
bright,independent_minmax_quantile_q0p3,"minmax + independent quantile (q=0.3, low selectivity)",independent_grid,ms2,rank_centrality_graph,50,0.0,0.0,0.0,0.0,0.0,1.0,0,0,50
bright,independent_minmax_quantile_q0p5,minmax + independent quantile (q=0.5),independent,ms1,balance_graph,50,0.0002809807257418517,0.0,-0.003688323654531893,0.004981941450772146,0.545,0.9142085791420858,8,7,35
bright,independent_minmax_quantile_q0p5,minmax + independent quantile (q=0.5),independent,ms1,balance_hybrid,50,-0.0004609350266490736,0.0,-0.004776321462670271,0.00286042041485848,0.4384,0.849015098490151,5,6,39
bright,independent_minmax_quantile_q0p5,minmax + independent quantile (q=0.5),independent,ms1,bradley_terry_graph,50,-0.001099596532166387,0.0,-0.02539285342352297,0.019408370918065885,0.4828,0.9308069193080692,18,9,23
bright,independent_minmax_quantile_q0p5,minmax + independent quantile (q=0.5),independent,ms1,copeland_graph,50,-0.013847112859148627,0.0,-0.03310211049875942,0.00010794179284521262,0.0262,0.09429057094290572,12,13,25
bright,independent_minmax_quantile_q0p5,minmax + independent quantile (q=0.5),independent,ms1,copeland_hybrid,50,-0.003171535172715648,0.0,-0.008406848903200318,0.0012621094338424183,0.0906,0.2268773122687731,5,10,35
bright,independent_minmax_quantile_q0p5,minmax + independent quantile (q=0.5),independent,ms1,markov_graph,50,-0.003697484493705947,0.0,-0.011162756813693133,0.002861104113554226,0.1413,0.3320667933206679,10,14,26
bright,independent_minmax_quantile_q0p5,minmax + independent quantile (q=0.5),independent,ms1,markov_hybrid,50,0.004100464395611658,0.0,-0.00399685983000279,0.014891075099006602,0.7874,0.46695330466953305,5,5,40
bright,independent_minmax_quantile_q0p5,minmax + independent quantile (q=0.5),independent,ms1,pagerank_graph,50,0.0005117234576975582,0.0,-0.022941490335299533,0.023223625171066672,0.5301,0.9682031796820318,16,13,21
bright,independent_minmax_quantile_q0p5,minmax + independent quantile (q=0.5),independent,ms1,rank_centrality_graph,50,-0.008275403107389782,0.0,-0.019995976471453934,0.0035149225709368635,0.0836,0.19368063193680632,10,18,22
bright,independent_minmax_quantile_q0p5,minmax + independent quantile (q=0.5),independent,ms1_drop_mutual,balance_graph,50,0.0005617193131090637,0.0,-0.000496236308211806,0.0023286709746728686,0.6777,0.873012698730127,2,3,45
bright,independent_minmax_quantile_q0p5,minmax + independent quantile (q=0.5),independent,ms1_drop_mutual,balance_hybrid,50,-3.281765393398528e-05,0.0,-9.845296180195584e-05,0.0,0.0,1.0,0,1,49
bright,independent_minmax_quantile_q0p5,minmax + independent quantile (q=0.5),independent,ms1_drop_mutual,bradley_terry_graph,50,-0.008085783867661045,0.0,-0.022251598513194918,0.000977393311978488,0.0666,0.2578742125787421,4,7,39
bright,independent_minmax_quantile_q0p5,minmax + independent quantile (q=0.5),independent,ms1_drop_mutual,copeland_graph,50,6.965412330330877e-05,0.0,-0.00052013056838404,0.000660479151792357,0.5961,0.8742125787421258,3,2,45
bright,independent_minmax_quantile_q0p5,minmax + independent quantile (q=0.5),independent,ms1_drop_mutual,copeland_hybrid,50,-6.235845779463011e-05,0.0,-0.0014285308949554233,0.0010789323665925741,0.49,0.9031096890310969,5,2,43
bright,independent_minmax_quantile_q0p5,minmax + independent quantile (q=0.5),independent,ms1_drop_mutual,markov_graph,50,0.000129005625764812,0.0,-0.0003052900019184968,0.0006307070240774538,0.6991,0.6281371862813718,4,3,43
bright,independent_minmax_quantile_q0p5,minmax + independent quantile (q=0.5),independent,ms1_drop_mutual,markov_hybrid,50,0.0008626541791072651,0.0,0.0,0.0022249290222323983,0.8668,0.4961503849615039,2,0,48
bright,independent_minmax_quantile_q0p5,minmax + independent quantile (q=0.5),independent,ms1_drop_mutual,pagerank_graph,50,-0.00035323315284136126,0.0,-0.002335848196583028,0.001613797307199968,0.3582,0.758024197580242,6,5,39
bright,independent_minmax_quantile_q0p5,minmax + independent quantile (q=0.5),independent,ms1_drop_mutual,rank_centrality_graph,50,-0.006045805589219018,0.0,-0.013168588243266145,-0.0010435990701902263,0.0048,0.023897610238976102,2,10,38
bright,independent_minmax_quantile_q0p5,minmax + independent quantile (q=0.5),independent,ms2,balance_graph,50,0.0,0.0,0.0,0.0,0.0,1.0,0,0,50
bright,independent_minmax_quantile_q0p5,minmax + independent quantile (q=0.5),independent,ms2,balance_hybrid,50,0.0,0.0,0.0,0.0,0.0,1.0,0,0,50
bright,independent_minmax_quantile_q0p5,minmax + independent quantile (q=0.5),independent,ms2,bradley_terry_graph,50,0.0,0.0,0.0,0.0,0.0,1.0,0,0,50
bright,independent_minmax_quantile_q0p5,minmax + independent quantile (q=0.5),independent,ms2,copeland_graph,50,0.0,0.0,0.0,0.0,0.0,1.0,0,0,50
bright,independent_minmax_quantile_q0p5,minmax + independent quantile (q=0.5),independent,ms2,copeland_hybrid,50,0.0,0.0,0.0,0.0,0.0,1.0,0,0,50
bright,independent_minmax_quantile_q0p5,minmax + independent quantile (q=0.5),independent,ms2,markov_graph,50,0.0,0.0,0.0,0.0,0.0,1.0,0,0,50
bright,independent_minmax_quantile_q0p5,minmax + independent quantile (q=0.5),independent,ms2,markov_hybrid,50,0.0,0.0,0.0,0.0,0.0,1.0,0,0,50
bright,independent_minmax_quantile_q0p5,minmax + independent quantile (q=0.5),independent,ms2,pagerank_graph,50,0.0,0.0,0.0,0.0,0.0,1.0,0,0,50
bright,independent_minmax_quantile_q0p5,minmax + independent quantile (q=0.5),independent,ms2,rank_centrality_graph,50,0.0,0.0,0.0,0.0,0.0,1.0,0,0,50
bright,independent_minmax_quantile_q0p7,"minmax + independent quantile (q=0.7, high selectivity)",independent_grid,ms1,balance_graph,50,-0.0009219754882196151,0.0,-0.006681932506056786,0.0031523698546321414,0.4069,0.8719128087191281,6,4,40
bright,independent_minmax_quantile_q0p7,"minmax + independent quantile (q=0.7, high selectivity)",independent_grid,ms1,balance_hybrid,50,0.004101505752758682,0.0,0.00037176215196419127,0.008590108344941077,0.9902,0.04459554044595541,8,2,40
bright,independent_minmax_quantile_q0p7,"minmax + independent quantile (q=0.7, high selectivity)",independent_grid,ms1,bradley_terry_graph,50,0.0023095228182119843,0.0,-0.01573420261536125,0.021732981596380617,0.5895,0.8184181581841816,12,9,29
bright,independent_minmax_quantile_q0p7,"minmax + independent quantile (q=0.7, high selectivity)",independent_grid,ms1,copeland_graph,50,0.00723522538203884,0.0,-0.002329856718954507,0.019006061265325957,0.9215,0.21707829217078292,12,6,32
bright,independent_minmax_quantile_q0p7,"minmax + independent quantile (q=0.7, high selectivity)",independent_grid,ms1,copeland_hybrid,50,0.0030223620833689036,0.0,-0.0002759143717104351,0.007431179623268096,0.9573,0.138986101389861,7,3,40
bright,independent_minmax_quantile_q0p7,"minmax + independent quantile (q=0.7, high selectivity)",independent_grid,ms1,markov_graph,50,-0.00682802025136116,0.0,-0.022551834740068628,0.007894563788558786,0.182,0.39246075392460755,10,9,31
bright,independent_minmax_quantile_q0p7,"minmax + independent quantile (q=0.7, high selectivity)",independent_grid,ms1,markov_hybrid,50,0.005664824665104002,0.0,-0.00017676909425944632,0.015331662468084283,0.9644,0.14288571142885712,6,2,42
bright,independent_minmax_quantile_q0p7,"minmax + independent quantile (q=0.7, high selectivity)",independent_grid,ms1,pagerank_graph,50,-0.0014815192280958878,0.0,-0.017403746100972298,0.01254409520467742,0.4385,0.8534146585341466,13,7,30
bright,independent_minmax_quantile_q0p7,"minmax + independent quantile (q=0.7, high selectivity)",independent_grid,ms1,rank_centrality_graph,50,-0.006674074442261253,0.0,-0.019970577009669893,0.005413398482146855,0.1378,0.32386761323867613,8,12,30
bright,independent_minmax_quantile_q0p7,"minmax + independent quantile (q=0.7, high selectivity)",independent_grid,ms1_drop_mutual,balance_graph,50,-3.191665934207166e-05,0.0,-0.0004159890761755258,0.00032023909814931083,0.3503,1.0,1,1,48
bright,independent_minmax_quantile_q0p7,"minmax + independent quantile (q=0.7, high selectivity)",independent_grid,ms1_drop_mutual,balance_hybrid,50,-0.0003182883166415862,0.0,-0.0016122245881976783,0.0006573596382729197,0.2682,1.0,1,1,48
bright,independent_minmax_quantile_q0p7,"minmax + independent quantile (q=0.7, high selectivity)",independent_grid,ms1_drop_mutual,bradley_terry_graph,50,0.00048496753958448326,0.0,-0.0007818865922899288,0.0023212913140329113,0.6709,0.83991600839916,3,4,43
bright,independent_minmax_quantile_q0p7,"minmax + independent quantile (q=0.7, high selectivity)",independent_grid,ms1_drop_mutual,copeland_graph,50,-0.0004994921876768821,0.0,-0.001404742607851609,8.619990953100176e-05,0.0858,0.37146285371462856,1,3,46
bright,independent_minmax_quantile_q0p7,"minmax + independent quantile (q=0.7, high selectivity)",independent_grid,ms1_drop_mutual,copeland_hybrid,50,-0.0005280997898048956,0.0,-0.0019383276429227913,0.0003540282735081046,0.2,0.7524247575242475,1,2,47
bright,independent_minmax_quantile_q0p7,"minmax + independent quantile (q=0.7, high selectivity)",independent_grid,ms1_drop_mutual,markov_graph,50,-0.00019974989013134435,0.0,-0.0006349292539159357,0.00018585995145145917,0.1667,0.5018498150184981,1,3,46
bright,independent_minmax_quantile_q0p7,"minmax + independent quantile (q=0.7, high selectivity)",independent_grid,ms1_drop_mutual,markov_hybrid,50,-0.00033706494666399414,0.0,-0.001274144756978326,0.0003709375445381058,0.2125,0.7499250074992501,1,2,47
bright,independent_minmax_quantile_q0p7,"minmax + independent quantile (q=0.7, high selectivity)",independent_grid,ms1_drop_mutual,pagerank_graph,50,0.0001528711103536362,0.0,-0.0012375068401887846,0.0014495597922287765,0.5806,0.9395060493950604,3,2,45
bright,independent_minmax_quantile_q0p7,"minmax + independent quantile (q=0.7, high selectivity)",independent_grid,ms1_drop_mutual,rank_centrality_graph,50,0.00014706126829746146,0.0,-0.0007860259973815453,0.0010038690453477161,0.6411,0.7466253374662534,3,1,46
bright,independent_minmax_quantile_q0p7,"minmax + independent quantile (q=0.7, high selectivity)",independent_grid,ms2,balance_graph,50,0.0,0.0,0.0,0.0,0.0,1.0,0,0,50
bright,independent_minmax_quantile_q0p7,"minmax + independent quantile (q=0.7, high selectivity)",independent_grid,ms2,balance_hybrid,50,0.0,0.0,0.0,0.0,0.0,1.0,0,0,50
bright,independent_minmax_quantile_q0p7,"minmax + independent quantile (q=0.7, high selectivity)",independent_grid,ms2,bradley_terry_graph,50,0.0,0.0,0.0,0.0,0.0,1.0,0,0,50
bright,independent_minmax_quantile_q0p7,"minmax + independent quantile (q=0.7, high selectivity)",independent_grid,ms2,copeland_graph,50,0.0,0.0,0.0,0.0,0.0,1.0,0,0,50
bright,independent_minmax_quantile_q0p7,"minmax + independent quantile (q=0.7, high selectivity)",independent_grid,ms2,copeland_hybrid,50,0.0,0.0,0.0,0.0,0.0,1.0,0,0,50
bright,independent_minmax_quantile_q0p7,"minmax + independent quantile (q=0.7, high selectivity)",independent_grid,ms2,markov_graph,50,0.0,0.0,0.0,0.0,0.0,1.0,0,0,50
bright,independent_minmax_quantile_q0p7,"minmax + independent quantile (q=0.7, high selectivity)",independent_grid,ms2,markov_hybrid,50,0.0,0.0,0.0,0.0,0.0,1.0,0,0,50
bright,independent_minmax_quantile_q0p7,"minmax + independent quantile (q=0.7, high selectivity)",independent_grid,ms2,pagerank_graph,50,0.0,0.0,0.0,0.0,0.0,1.0,0,0,50
bright,independent_minmax_quantile_q0p7,"minmax + independent quantile (q=0.7, high selectivity)",independent_grid,ms2,rank_centrality_graph,50,0.0,0.0,0.0,0.0,0.0,1.0,0,0,50
bright,independent_rank_percentile_q0p3,"rank-percentile (tie-abstain) + independent quantile (q=0.3, low selectivity)",independent_grid,ms1,balance_graph,50,4.536715906996558e-05,0.0,-0.005808690203572179,0.006176112465357109,0.5001,0.9891010898910109,13,9,28
bright,independent_rank_percentile_q0p3,"rank-percentile (tie-abstain) + independent quantile (q=0.3, low selectivity)",independent_grid,ms1,balance_hybrid,50,0.0006499069311650263,0.0,-4.651788046220018e-05,0.0014863320726400556,0.9649,0.12398760123987601,5,2,43
bright,independent_rank_percentile_q0p3,"rank-percentile (tie-abstain) + independent quantile (q=0.3, low selectivity)",independent_grid,ms1,bradley_terry_graph,50,-0.013110402970393446,0.0,-0.042457028949206235,0.013001879590513814,0.1773,0.36926307369263073,18,18,14
bright,independent_rank_percentile_q0p3,"rank-percentile (tie-abstain) + independent quantile (q=0.3, low selectivity)",independent_grid,ms1,copeland_graph,50,-0.008156590100011575,0.0,-0.02651673244658973,0.005443708232377916,0.1632,0.42795720427957207,10,15,25
bright,independent_rank_percentile_q0p3,"rank-percentile (tie-abstain) + independent quantile (q=0.3, low selectivity)",independent_grid,ms1,copeland_hybrid,50,0.0027097319794875214,0.0,0.0005469932818364743,0.005458326504035209,0.9962,0.025197480251974803,7,3,40
bright,independent_rank_percentile_q0p3,"rank-percentile (tie-abstain) + independent quantile (q=0.3, low selectivity)",independent_grid,ms1,markov_graph,50,-0.01124509748270865,0.0,-0.02961932184734197,0.0016162587417859794,0.0558,0.1708829117088291,10,13,27
bright,independent_rank_percentile_q0p3,"rank-percentile (tie-abstain) + independent quantile (q=0.3, low selectivity)",independent_grid,ms1,markov_hybrid,50,0.0038683582646172232,0.0,-0.0008263876557700624,0.0123123884913409,0.8172,0.5327467253274673,6,4,40
bright,independent_rank_percentile_q0p3,"rank-percentile (tie-abstain) + independent quantile (q=0.3, low selectivity)",independent_grid,ms1,pagerank_graph,50,0.0015925808841738265,0.0,-0.01896122421151659,0.025606394566632728,0.5358,0.8979102089791021,12,20,18
bright,independent_rank_percentile_q0p3,"rank-percentile (tie-abstain) + independent quantile (q=0.3, low selectivity)",independent_grid,ms1,rank_centrality_graph,50,-0.021932409016370735,0.0,-0.05114135013683113,0.0031158684627507417,0.0465,0.13008699130086993,10,24,16
bright,independent_rank_percentile_q0p3,"rank-percentile (tie-abstain) + independent quantile (q=0.3, low selectivity)",independent_grid,ms1_drop_mutual,balance_graph,50,0.0002976723662773673,0.0,-0.00027693524020762193,0.0010454514552022533,0.7984,0.5047495250474953,3,3,44
bright,independent_rank_percentile_q0p3,"rank-percentile (tie-abstain) + independent quantile (q=0.3, low selectivity)",independent_grid,ms1_drop_mutual,balance_hybrid,50,3.5202923481791883e-06,0.0,-0.0007227667155079831,0.000805444100037963,0.4859,1.0,1,2,47
bright,independent_rank_percentile_q0p3,"rank-percentile (tie-abstain) + independent quantile (q=0.3, low selectivity)",independent_grid,ms1_drop_mutual,bradley_terry_graph,50,-0.0014118736490635587,0.0,-0.0030930461479757583,2.933620011324033e-05,0.0279,0.08509149085091491,2,8,40
bright,independent_rank_percentile_q0p3,"rank-percentile (tie-abstain) + independent quantile (q=0.3, low selectivity)",independent_grid,ms1_drop_mutual,copeland_graph,50,-0.000612830505835088,0.0,-0.00304907058703747,0.001589015418927557,0.3004,0.5704429557044296,3,6,41
bright,independent_rank_percentile_q0p3,"rank-percentile (tie-abstain) + independent quantile (q=0.3, low selectivity)",independent_grid,ms1_drop_mutual,copeland_hybrid,50,8.649139372096104e-05,0.0,-0.0006262140909445568,0.0010151165685202924,0.5232,1.0,1,2,47
bright,independent_rank_percentile_q0p3,"rank-percentile (tie-abstain) + independent quantile (q=0.3, low selectivity)",independent_grid,ms1_drop_mutual,markov_graph,50,-0.00807474004985592,0.0,-0.024461547852556324,0.0011328310119431038,0.1108,0.3274672532746725,4,6,40
bright,independent_rank_percentile_q0p3,"rank-percentile (tie-abstain) + independent quantile (q=0.3, low selectivity)",independent_grid,ms1_drop_mutual,markov_hybrid,50,6.750982282583029e-05,0.0,-7.211650748544241e-05,0.000251886655080798,0.7416,0.7482251774822518,2,1,47
bright,independent_rank_percentile_q0p3,"rank-percentile (tie-abstain) + independent quantile (q=0.3, low selectivity)",independent_grid,ms1_drop_mutual,pagerank_graph,50,0.006392283373855346,0.0,-0.0016565025345022636,0.017206582912491816,0.9238,0.25617438256174385,7,8,35
bright,independent_rank_percentile_q0p3,"rank-percentile (tie-abstain) + independent quantile (q=0.3, low selectivity)",independent_grid,ms1_drop_mutual,rank_centrality_graph,50,0.0009232551020909324,0.0,-0.007600128378339783,0.010296794687684446,0.5765,0.8024197580241976,9,9,32
bright,independent_rank_percentile_q0p3,"rank-percentile (tie-abstain) + independent quantile (q=0.3, low selectivity)",independent_grid,ms2,balance_graph,50,0.0,0.0,0.0,0.0,0.0,1.0,0,0,50
bright,independent_rank_percentile_q0p3,"rank-percentile (tie-abstain) + independent quantile (q=0.3, low selectivity)",independent_grid,ms2,balance_hybrid,50,0.0,0.0,0.0,0.0,0.0,1.0,0,0,50
bright,independent_rank_percentile_q0p3,"rank-percentile (tie-abstain) + independent quantile (q=0.3, low selectivity)",independent_grid,ms2,bradley_terry_graph,50,0.0,0.0,0.0,0.0,0.0,1.0,0,0,50
bright,independent_rank_percentile_q0p3,"rank-percentile (tie-abstain) + independent quantile (q=0.3, low selectivity)",independent_grid,ms2,copeland_graph,50,0.0,0.0,0.0,0.0,0.0,1.0,0,0,50
bright,independent_rank_percentile_q0p3,"rank-percentile (tie-abstain) + independent quantile (q=0.3, low selectivity)",independent_grid,ms2,copeland_hybrid,50,0.0,0.0,0.0,0.0,0.0,1.0,0,0,50
bright,independent_rank_percentile_q0p3,"rank-percentile (tie-abstain) + independent quantile (q=0.3, low selectivity)",independent_grid,ms2,markov_graph,50,0.0,0.0,0.0,0.0,0.0,1.0,0,0,50
bright,independent_rank_percentile_q0p3,"rank-percentile (tie-abstain) + independent quantile (q=0.3, low selectivity)",independent_grid,ms2,markov_hybrid,50,0.0,0.0,0.0,0.0,0.0,1.0,0,0,50
bright,independent_rank_percentile_q0p3,"rank-percentile (tie-abstain) + independent quantile (q=0.3, low selectivity)",independent_grid,ms2,pagerank_graph,50,0.0,0.0,0.0,0.0,0.0,1.0,0,0,50
bright,independent_rank_percentile_q0p3,"rank-percentile (tie-abstain) + independent quantile (q=0.3, low selectivity)",independent_grid,ms2,rank_centrality_graph,50,0.0,0.0,0.0,0.0,0.0,1.0,0,0,50
bright,independent_rank_percentile_q0p5,rank-percentile (tie-abstain) + independent quantile (q=0.5),independent,ms1,balance_graph,50,0.0029640093128671208,0.0,-0.0014807990498312243,0.007630143881031429,0.9059,0.21987801219878012,14,5,31
bright,independent_rank_percentile_q0p5,rank-percentile (tie-abstain) + independent quantile (q=0.5),independent,ms1,balance_hybrid,50,0.0012450897305415177,0.0,4.285803028481916e-05,0.00288427485859659,0.9805,0.08029197080291971,5,2,43
bright,independent_rank_percentile_q0p5,rank-percentile (tie-abstain) + independent quantile (q=0.5),independent,ms1,bradley_terry_graph,50,-0.007041268039114067,0.0,-0.036937542342833765,0.019257962251030488,0.3293,0.6347365263473652,19,12,19
bright,independent_rank_percentile_q0p5,rank-percentile (tie-abstain) + independent quantile (q=0.5),independent,ms1,copeland_graph,50,0.005148137120052993,0.0,-0.005674425693448418,0.018312599078341728,0.7998,0.4657534246575342,15,11,24
bright,independent_rank_percentile_q0p5,rank-percentile (tie-abstain) + independent quantile (q=0.5),independent,ms1,copeland_hybrid,50,0.0050401843737823485,0.0,9.655121856279902e-05,0.013427280979238024,0.9806,0.08449155084491551,6,4,40
bright,independent_rank_percentile_q0p5,rank-percentile (tie-abstain) + independent quantile (q=0.5),independent,ms1,markov_graph,50,-0.00412049564846674,0.0,-0.01199339256005246,0.002800028669561751,0.128,0.3043695630436956,8,12,30
bright,independent_rank_percentile_q0p5,rank-percentile (tie-abstain) + independent quantile (q=0.5),independent,ms1,markov_hybrid,50,0.001619637458695522,0.0,-2.5588943844833124e-05,0.004175864191705716,0.9702,0.12758724127587243,4,2,44
bright,independent_rank_percentile_q0p5,rank-percentile (tie-abstain) + independent quantile (q=0.5),independent,ms1,pagerank_graph,50,-0.01626239149946987,0.0,-0.030616772083870186,-0.00243411546937517,0.0082,0.028697130286971302,11,19,20
bright,independent_rank_percentile_q0p5,rank-percentile (tie-abstain) + independent quantile (q=0.5),independent,ms1,rank_centrality_graph,50,-0.012906554731664506,0.0,-0.03971041980639721,0.00761051908436808,0.1274,0.3458654134586541,11,19,20
bright,independent_rank_percentile_q0p5,rank-percentile (tie-abstain) + independent quantile (q=0.5),independent,ms1_drop_mutual,balance_graph,50,8.737567980337757e-05,0.0,0.0,0.00023067084545399852,0.8746,0.5003499650034996,2,0,48
bright,independent_rank_percentile_q0p5,rank-percentile (tie-abstain) + independent quantile (q=0.5),independent,ms1_drop_mutual,balance_hybrid,50,0.0,0.0,0.0,0.0,0.0,1.0,0,0,50
bright,independent_rank_percentile_q0p5,rank-percentile (tie-abstain) + independent quantile (q=0.5),independent,ms1_drop_mutual,bradley_terry_graph,50,-0.0015723387297472702,0.0,-0.011489709918634065,0.007300872260440186,0.3502,0.531046895310469,4,8,38
bright,independent_rank_percentile_q0p5,rank-percentile (tie-abstain) + independent quantile (q=0.5),independent,ms1_drop_mutual,copeland_graph,50,-0.00017963424766451408,0.0,-0.00252270931314435,0.001784332424944949,0.4694,0.8523147685231477,6,3,41
bright,independent_rank_percentile_q0p5,rank-percentile (tie-abstain) + independent quantile (q=0.5),independent,ms1_drop_mutual,copeland_hybrid,50,0.0003095564958679997,0.0,-0.0002392444123590509,0.00116791389996305,0.7265,0.7373262673732627,2,1,47
bright,independent_rank_percentile_q0p5,rank-percentile (tie-abstain) + independent quantile (q=0.5),independent,ms1_drop_mutual,markov_graph,50,0.00032899760714977797,0.0,-6.048925220272582e-05,0.000789007969391337,0.9433,0.1546845315468453,4,2,44
bright,independent_rank_percentile_q0p5,rank-percentile (tie-abstain) + independent quantile (q=0.5),independent,ms1_drop_mutual,markov_hybrid,50,7.415928925612325e-05,0.0,0.0,0.00022247786776836975,0.6361,1.0,1,0,49
bright,independent_rank_percentile_q0p5,rank-percentile (tie-abstain) + independent quantile (q=0.5),independent,ms1_drop_mutual,pagerank_graph,50,-0.0021402712652955013,0.0,-0.0061570711388453745,0.00044464652014508546,0.0742,0.23427657234276572,5,7,38
bright,independent_rank_percentile_q0p5,rank-percentile (tie-abstain) + independent quantile (q=0.5),independent,ms1_drop_mutual,rank_centrality_graph,50,-0.002400735668316055,0.0,-0.00509323235733693,-0.0005289847395855895,0.0004,0.017698230176982303,1,7,42
bright,independent_rank_percentile_q0p5,rank-percentile (tie-abstain) + independent quantile (q=0.5),independent,ms2,balance_graph,50,0.0,0.0,0.0,0.0,0.0,1.0,0,0,50
bright,independent_rank_percentile_q0p5,rank-percentile (tie-abstain) + independent quantile (q=0.5),independent,ms2,balance_hybrid,50,0.0,0.0,0.0,0.0,0.0,1.0,0,0,50
bright,independent_rank_percentile_q0p5,rank-percentile (tie-abstain) + independent quantile (q=0.5),independent,ms2,bradley_terry_graph,50,0.0,0.0,0.0,0.0,0.0,1.0,0,0,50
bright,independent_rank_percentile_q0p5,rank-percentile (tie-abstain) + independent quantile (q=0.5),independent,ms2,copeland_graph,50,0.0,0.0,0.0,0.0,0.0,1.0,0,0,50
bright,independent_rank_percentile_q0p5,rank-percentile (tie-abstain) + independent quantile (q=0.5),independent,ms2,copeland_hybrid,50,0.0,0.0,0.0,0.0,0.0,1.0,0,0,50
bright,independent_rank_percentile_q0p5,rank-percentile (tie-abstain) + independent quantile (q=0.5),independent,ms2,markov_graph,50,0.0,0.0,0.0,0.0,0.0,1.0,0,0,50
bright,independent_rank_percentile_q0p5,rank-percentile (tie-abstain) + independent quantile (q=0.5),independent,ms2,markov_hybrid,50,0.0,0.0,0.0,0.0,0.0,1.0,0,0,50
bright,independent_rank_percentile_q0p5,rank-percentile (tie-abstain) + independent quantile (q=0.5),independent,ms2,pagerank_graph,50,0.0,0.0,0.0,0.0,0.0,1.0,0,0,50
bright,independent_rank_percentile_q0p5,rank-percentile (tie-abstain) + independent quantile (q=0.5),independent,ms2,rank_centrality_graph,50,0.0,0.0,0.0,0.0,0.0,1.0,0,0,50
bright,independent_rank_percentile_q0p7,"rank-percentile (tie-abstain) + independent quantile (q=0.7, high selectivity)",independent_grid,ms1,balance_graph,50,0.003704208875306121,0.0,-0.0008064782060928871,0.009391639360041908,0.9378,0.17648235176482352,10,6,34
bright,independent_rank_percentile_q0p7,"rank-percentile (tie-abstain) + independent quantile (q=0.7, high selectivity)",independent_grid,ms1,balance_hybrid,50,0.004349571216320961,0.0,-0.00042232339948483963,0.012537989287697025,0.9292,0.24667533246675333,4,2,44
bright,independent_rank_percentile_q0p7,"rank-percentile (tie-abstain) + independent quantile (q=0.7, high selectivity)",independent_grid,ms1,bradley_terry_graph,50,0.02197587370877498,0.0,0.0002765764840204695,0.047488221601911525,0.9761,0.07189281071892811,17,13,20
bright,independent_rank_percentile_q0p7,"rank-percentile (tie-abstain) + independent quantile (q=0.7, high selectivity)",independent_grid,ms1,copeland_graph,50,0.0018123856004436856,0.0,-0.003562431829135587,0.008082967503455987,0.7195,0.5998400159984002,10,10,30
bright,independent_rank_percentile_q0p7,"rank-percentile (tie-abstain) + independent quantile (q=0.7, high selectivity)",independent_grid,ms1,copeland_hybrid,50,0.004887003505786135,0.0,-0.00038204556849027733,0.013834892519438258,0.9461,0.19168083191680832,6,6,38
bright,independent_rank_percentile_q0p7,"rank-percentile (tie-abstain) + independent quantile (q=0.7, high selectivity)",independent_grid,ms1,markov_graph,50,0.005884651533246494,0.0,0.0001273858979183099,0.012637495055118322,0.9775,0.0705929407059294,13,8,29
bright,independent_rank_percentile_q0p7,"rank-percentile (tie-abstain) + independent quantile (q=0.7, high selectivity)",independent_grid,ms1,markov_hybrid,50,0.0037868000504633235,0.0,0.0,0.01120524213255753,0.8707,0.4941505849415059,2,0,48
bright,independent_rank_percentile_q0p7,"rank-percentile (tie-abstain) + independent quantile (q=0.7, high selectivity)",independent_grid,ms1,pagerank_graph,50,-3.752095910556308e-05,0.0,-0.016867399069011194,0.014331871267381316,0.529,0.9951004899510049,12,11,27
bright,independent_rank_percentile_q0p7,"rank-percentile (tie-abstain) + independent quantile (q=0.7, high selectivity)",independent_grid,ms1,rank_centrality_graph,50,0.005882898071084902,0.0,-0.001815465957854753,0.015975553885943076,0.9168,0.24647535246475352,10,11,29
bright,independent_rank_percentile_q0p7,"rank-percentile (tie-abstain) + independent quantile (q=0.7, high selectivity)",independent_grid,ms1_drop_mutual,balance_graph,50,-0.0004323366203911827,0.0,-0.0013528735587506047,0.0003042495565308523,0.1463,0.33726627337266274,2,4,44
bright,independent_rank_percentile_q0p7,"rank-percentile (tie-abstain) + independent quantile (q=0.7, high selectivity)",independent_grid,ms1_drop_mutual,balance_hybrid,50,-0.00010814076153607743,0.0,-0.0003244222846082323,0.0,0.0,1.0,0,1,49
bright,independent_rank_percentile_q0p7,"rank-percentile (tie-abstain) + independent quantile (q=0.7, high selectivity)",independent_grid,ms1_drop_mutual,bradley_terry_graph,50,0.0028900133847231503,0.0,-0.0055093062842377135,0.015329057597302713,0.6286,0.918008199180082,3,6,41
bright,independent_rank_percentile_q0p7,"rank-percentile (tie-abstain) + independent quantile (q=0.7, high selectivity)",independent_grid,ms1_drop_mutual,copeland_graph,50,-0.0002672631224117905,0.0,-0.0012496591898855914,0.0006373898470234084,0.3037,0.6594340565943405,2,4,44
bright,independent_rank_percentile_q0p7,"rank-percentile (tie-abstain) + independent quantile (q=0.7, high selectivity)",independent_grid,ms1_drop_mutual,copeland_hybrid,50,-0.0049890538269611595,0.0,-0.014705079688922923,0.0,0.0,0.25007499250074994,0,3,47
bright,independent_rank_percentile_q0p7,"rank-percentile (tie-abstain) + independent quantile (q=0.7, high selectivity)",independent_grid,ms1_drop_mutual,markov_graph,50,-0.0003725952393422949,0.0,-0.0015042131714061123,0.0006056013594677817,0.2417,0.5162483751624838,3,4,43
bright,independent_rank_percentile_q0p7,"rank-percentile (tie-abstain) + independent quantile (q=0.7, high selectivity)",independent_grid,ms1_drop_mutual,markov_hybrid,50,-0.004525887710618335,0.0,-0.013577663131855005,0.0,0.0,1.0,0,1,49
bright,independent_rank_percentile_q0p7,"rank-percentile (tie-abstain) + independent quantile (q=0.7, high selectivity)",independent_grid,ms1_drop_mutual,pagerank_graph,50,0.000556583456515809,0.0,-0.0011379584499391143,0.002799581426003044,0.6901,0.6736326367363263,4,3,43
bright,independent_rank_percentile_q0p7,"rank-percentile (tie-abstain) + independent quantile (q=0.7, high selectivity)",independent_grid,ms1_drop_mutual,rank_centrality_graph,50,3.254627664502019e-05,0.0,-0.0007497038448185881,0.0008861431392862666,0.5153,0.9665033496650335,3,4,43
bright,independent_rank_percentile_q0p7,"rank-percentile (tie-abstain) + independent quantile (q=0.7, high selectivity)",independent_grid,ms2,balance_graph,50,0.0,0.0,0.0,0.0,0.0,1.0,0,0,50
bright,independent_rank_percentile_q0p7,"rank-percentile (tie-abstain) + independent quantile (q=0.7, high selectivity)",independent_grid,ms2,balance_hybrid,50,0.0,0.0,0.0,0.0,0.0,1.0,0,0,50
bright,independent_rank_percentile_q0p7,"rank-percentile (tie-abstain) + independent quantile (q=0.7, high selectivity)",independent_grid,ms2,bradley_terry_graph,50,0.0,0.0,0.0,0.0,0.0,1.0,0,0,50
bright,independent_rank_percentile_q0p7,"rank-percentile (tie-abstain) + independent quantile (q=0.7, high selectivity)",independent_grid,ms2,copeland_graph,50,0.0,0.0,0.0,0.0,0.0,1.0,0,0,50
bright,independent_rank_percentile_q0p7,"rank-percentile (tie-abstain) + independent quantile (q=0.7, high selectivity)",independent_grid,ms2,copeland_hybrid,50,0.0,0.0,0.0,0.0,0.0,1.0,0,0,50
bright,independent_rank_percentile_q0p7,"rank-percentile (tie-abstain) + independent quantile (q=0.7, high selectivity)",independent_grid,ms2,markov_graph,50,0.0,0.0,0.0,0.0,0.0,1.0,0,0,50
bright,independent_rank_percentile_q0p7,"rank-percentile (tie-abstain) + independent quantile (q=0.7, high selectivity)",independent_grid,ms2,markov_hybrid,50,0.0,0.0,0.0,0.0,0.0,1.0,0,0,50
bright,independent_rank_percentile_q0p7,"rank-percentile (tie-abstain) + independent quantile (q=0.7, high selectivity)",independent_grid,ms2,pagerank_graph,50,0.0,0.0,0.0,0.0,0.0,1.0,0,0,50
bright,independent_rank_percentile_q0p7,"rank-percentile (tie-abstain) + independent quantile (q=0.7, high selectivity)",independent_grid,ms2,rank_centrality_graph,50,0.0,0.0,0.0,0.0,0.0,1.0,0,0,50
bright,primary_minmax_retention_matched,minmax + retention-matched,primary,ms1,balance_graph,50,0.0004451165495483156,0.0,-0.002586214253343677,0.0032692455123735278,0.6227,0.77002299770023,10,8,32
bright,primary_minmax_retention_matched,minmax + retention-matched,primary,ms1,balance_hybrid,50,-0.007220815414619868,0.0,-0.018984980557721364,0.0001468271678924582,0.0393,0.1625837416258374,2,6,42
bright,primary_minmax_retention_matched,minmax + retention-matched,primary,ms1,bradley_terry_graph,50,-0.013085208051838448,0.0,-0.03796899842677657,0.009933191844073345,0.1437,0.31666833316668336,13,19,18
bright,primary_minmax_retention_matched,minmax + retention-matched,primary,ms1,copeland_graph,50,-0.014041497577935984,0.0,-0.040018839398353656,0.006119613848628893,0.1121,0.26687331266873315,19,13,18
bright,primary_minmax_retention_matched,minmax + retention-matched,primary,ms1,copeland_hybrid,50,0.0006015795474620444,0.0,-0.015555849095897457,0.020020489843170744,0.4852,0.9096090390960904,10,10,30
bright,primary_minmax_retention_matched,minmax + retention-matched,primary,ms1,markov_graph,50,-0.007513713663229774,0.0,-0.02050010327858588,0.002478694021963378,0.0883,0.22917708229177083,6,13,31
bright,primary_minmax_retention_matched,minmax + retention-matched,primary,ms1,markov_hybrid,50,0.002594420109755405,0.0,-0.002756964555494473,0.011214639263988736,0.6276,1.0,1,5,44
bright,primary_minmax_retention_matched,minmax + retention-matched,primary,ms1,pagerank_graph,50,0.00826192814796152,0.0,-0.015233896770140701,0.0318682269402705,0.7648,0.5116488351164884,14,13,23
bright,primary_minmax_retention_matched,minmax + retention-matched,primary,ms1,rank_centrality_graph,50,-0.015932098566276913,0.0,-0.03287273532391029,0.00022003349601413155,0.0258,0.06409359064093591,8,19,23
bright,primary_minmax_retention_matched,minmax + retention-matched,primary,ms1_drop_mutual,balance_graph,50,0.00010718480122968055,0.0,0.0,0.00032155440368904166,0.6353,1.0,1,0,49
bright,primary_minmax_retention_matched,minmax + retention-matched,primary,ms1_drop_mutual,balance_hybrid,50,7.65555966378506e-05,0.0,0.0,0.00022966678991355184,0.6353,1.0,1,0,49
bright,primary_minmax_retention_matched,minmax + retention-matched,primary,ms1_drop_mutual,bradley_terry_graph,50,-0.00024160706225212936,0.0,-0.0014144480464382103,0.0008292339225135895,0.3313,0.689031096890311,2,3,45
bright,primary_minmax_retention_matched,minmax + retention-matched,primary,ms1_drop_mutual,copeland_graph,50,0.00017972384514734928,0.0,-0.00032684593349282756,0.0008524817262996853,0.6904,0.6825317468253175,2,3,45
bright,primary_minmax_retention_matched,minmax + retention-matched,primary,ms1_drop_mutual,copeland_hybrid,50,0.00016848164797221842,0.0,0.0,0.0004233873296910895,0.8692,0.49375062493750627,2,0,48
bright,primary_minmax_retention_matched,minmax + retention-matched,primary,ms1_drop_mutual,markov_graph,50,0.0006887678870840718,0.0,-0.000118658097677109,0.001964865832363516,0.864,0.49545045495450457,2,1,47
bright,primary_minmax_retention_matched,minmax + retention-matched,primary,ms1_drop_mutual,markov_hybrid,50,3.6058253742721204e-05,0.0,0.0,0.0001081747612281636,0.6353,1.0,1,0,49
bright,primary_minmax_retention_matched,minmax + retention-matched,primary,ms1_drop_mutual,pagerank_graph,50,0.00048322436343417043,0.0,-0.0012871511347735476,0.002765847983446271,0.6489,0.6792320767923208,3,2,45
bright,primary_minmax_retention_matched,minmax + retention-matched,primary,ms1_drop_mutual,rank_centrality_graph,50,0.0002140863843466212,0.0,-0.001237733913069931,0.0014763015482148585,0.6404,0.78002199780022,5,2,43
bright,primary_minmax_retention_matched,minmax + retention-matched,primary,ms2,balance_graph,50,0.0,0.0,0.0,0.0,0.0,1.0,0,0,50
bright,primary_minmax_retention_matched,minmax + retention-matched,primary,ms2,balance_hybrid,50,0.0,0.0,0.0,0.0,0.0,1.0,0,0,50
bright,primary_minmax_retention_matched,minmax + retention-matched,primary,ms2,bradley_terry_graph,50,0.0,0.0,0.0,0.0,0.0,1.0,0,0,50
bright,primary_minmax_retention_matched,minmax + retention-matched,primary,ms2,copeland_graph,50,0.0,0.0,0.0,0.0,0.0,1.0,0,0,50
bright,primary_minmax_retention_matched,minmax + retention-matched,primary,ms2,copeland_hybrid,50,0.0,0.0,0.0,0.0,0.0,1.0,0,0,50
bright,primary_minmax_retention_matched,minmax + retention-matched,primary,ms2,markov_graph,50,0.0,0.0,0.0,0.0,0.0,1.0,0,0,50
bright,primary_minmax_retention_matched,minmax + retention-matched,primary,ms2,markov_hybrid,50,0.0,0.0,0.0,0.0,0.0,1.0,0,0,50
bright,primary_minmax_retention_matched,minmax + retention-matched,primary,ms2,pagerank_graph,50,0.0,0.0,0.0,0.0,0.0,1.0,0,0,50
bright,primary_minmax_retention_matched,minmax + retention-matched,primary,ms2,rank_centrality_graph,50,0.0,0.0,0.0,0.0,0.0,1.0,0,0,50
bright,robustness_rank_percentile_retention,rank-percentile + retention-matched,robustness,ms1,balance_graph,50,-0.003446700339630695,0.0,-0.009225720919664,0.0012849627854479683,0.0904,0.23017698230176983,12,12,26
bright,robustness_rank_percentile_retention,rank-percentile + retention-matched,robustness,ms1,balance_hybrid,50,0.0002000104557965282,0.0,-0.0010648160178319275,0.001496677929153659,0.6173,0.7692230776922308,6,4,40
bright,robustness_rank_percentile_retention,rank-percentile + retention-matched,robustness,ms1,bradley_terry_graph,50,0.005118184563651535,0.0,-0.02236997276416307,0.034080462565852176,0.6346,0.7302269773022698,21,14,15
bright,robustness_rank_percentile_retention,rank-percentile + retention-matched,robustness,ms1,copeland_graph,50,-0.0003240964782478023,0.0,-0.010972591136679628,0.00992230023877904,0.4783,0.956904309569043,20,13,17
bright,robustness_rank_percentile_retention,rank-percentile + retention-matched,robustness,ms1,copeland_hybrid,50,-0.0015954961269643415,0.0,-0.006085830554806194,0.0018381097246948361,0.2151,0.5132486751324867,9,11,30
bright,robustness_rank_percentile_retention,rank-percentile + retention-matched,robustness,ms1,markov_graph,50,-0.0013076242929832172,0.0,-0.008506738639543208,0.00467669667588775,0.3717,0.75002499750025,12,10,28
bright,robustness_rank_percentile_retention,rank-percentile + retention-matched,robustness,ms1,markov_hybrid,50,0.0004376467742810575,0.0,-0.0025857112351236325,0.004533102366794989,0.5537,0.8884111588841116,4,4,42
bright,robustness_rank_percentile_retention,rank-percentile + retention-matched,robustness,ms1,pagerank_graph,50,-0.0038720312402788365,-0.0005689977725231721,-0.019588986090445994,0.01536266119213023,0.3053,0.7303269673032696,12,25,13
bright,robustness_rank_percentile_retention,rank-percentile + retention-matched,robustness,ms1,rank_centrality_graph,50,-0.0034838011672468595,0.0,-0.013901730220279587,0.009161985366432306,0.2517,0.6387361263873612,9,22,19
bright,robustness_rank_percentile_retention,rank-percentile + retention-matched,robustness,ms1_drop_mutual,balance_graph,50,-0.0001548185978960337,0.0,-0.0011750624087454064,0.0006232460177371202,0.3952,0.8122187781221878,2,3,45
bright,robustness_rank_percentile_retention,rank-percentile + retention-matched,robustness,ms1_drop_mutual,balance_hybrid,50,-0.0002708522542370007,0.0,-0.000812556762711002,0.0,0.0,1.0,0,1,49
bright,robustness_rank_percentile_retention,rank-percentile + retention-matched,robustness,ms1_drop_mutual,bradley_terry_graph,50,0.001175264150878529,0.0,-0.004076053942263872,0.00942494805780486,0.5866,0.9707029297070293,4,8,38
bright,robustness_rank_percentile_retention,rank-percentile + retention-matched,robustness,ms1_drop_mutual,copeland_graph,50,0.001200455076715643,0.0,-0.0012454432058622105,0.0041023667319101415,0.8028,0.3875612438756124,5,5,40
bright,robustness_rank_percentile_retention,rank-percentile + retention-matched,robustness,ms1_drop_mutual,copeland_hybrid,50,-0.00047065743380720005,0.0,-0.0014119723014216002,0.0,0.0,1.0,0,1,49
bright,robustness_rank_percentile_retention,rank-percentile + retention-matched,robustness,ms1_drop_mutual,markov_graph,50,-0.00012967796632006867,0.0,-0.0010539791999016534,0.0008669230893798774,0.3579,0.8776122387761224,1,3,46
bright,robustness_rank_percentile_retention,rank-percentile + retention-matched,robustness,ms1_drop_mutual,markov_hybrid,50,-0.0003758055190226395,0.0,-0.0011274165570679185,0.0,0.0,1.0,0,1,49
bright,robustness_rank_percentile_retention,rank-percentile + retention-matched,robustness,ms1_drop_mutual,pagerank_graph,50,-0.00047924987870915145,0.0,-0.0027821973687724927,0.001595898097281395,0.3337,0.684931506849315,4,6,40
bright,robustness_rank_percentile_retention,rank-percentile + retention-matched,robustness,ms1_drop_mutual,rank_centrality_graph,50,-0.000328648047939159,0.0,-0.001659510036422856,0.0009330432459564805,0.3174,0.6512348765123488,4,6,40
bright,robustness_rank_percentile_retention,rank-percentile + retention-matched,robustness,ms2,balance_graph,50,0.0,0.0,0.0,0.0,0.0,1.0,0,0,50
bright,robustness_rank_percentile_retention,rank-percentile + retention-matched,robustness,ms2,balance_hybrid,50,0.0,0.0,0.0,0.0,0.0,1.0,0,0,50
bright,robustness_rank_percentile_retention,rank-percentile + retention-matched,robustness,ms2,bradley_terry_graph,50,0.0,0.0,0.0,0.0,0.0,1.0,0,0,50
bright,robustness_rank_percentile_retention,rank-percentile + retention-matched,robustness,ms2,copeland_graph,50,0.0,0.0,0.0,0.0,0.0,1.0,0,0,50
bright,robustness_rank_percentile_retention,rank-percentile + retention-matched,robustness,ms2,copeland_hybrid,50,0.0,0.0,0.0,0.0,0.0,1.0,0,0,50
bright,robustness_rank_percentile_retention,rank-percentile + retention-matched,robustness,ms2,markov_graph,50,0.0,0.0,0.0,0.0,0.0,1.0,0,0,50
bright,robustness_rank_percentile_retention,rank-percentile + retention-matched,robustness,ms2,markov_hybrid,50,0.0,0.0,0.0,0.0,0.0,1.0,0,0,50
bright,robustness_rank_percentile_retention,rank-percentile + retention-matched,robustness,ms2,pagerank_graph,50,0.0,0.0,0.0,0.0,0.0,1.0,0,0,50
bright,robustness_rank_percentile_retention,rank-percentile + retention-matched,robustness,ms2,rank_centrality_graph,50,0.0,0.0,0.0,0.0,0.0,1.0,0,0,50
bright,robustness_zscore_retention,z-score + retention-matched,robustness,ms1,balance_graph,50,-0.005900329748674343,0.0,-0.018553636429026972,0.004389774860575544,0.1588,0.36866313368663134,11,12,27
bright,robustness_zscore_retention,z-score + retention-matched,robustness,ms1,balance_hybrid,50,-0.0037522010969439886,0.0,-0.009871795018670755,8.835090457236643e-05,0.0327,0.15798420157984203,3,6,41
bright,robustness_zscore_retention,z-score + retention-matched,robustness,ms1,bradley_terry_graph,50,-0.00619822493118598,0.0,-0.03129143941260043,0.018484048578776942,0.3107,0.6434356564343565,16,17,17
bright,robustness_zscore_retention,z-score + retention-matched,robustness,ms1,copeland_graph,50,-0.029687700139681597,0.0,-0.06000140492232064,-0.0038424379233810094,0.0102,0.042195780421957804,18,15,17
bright,robustness_zscore_retention,z-score + retention-matched,robustness,ms1,copeland_hybrid,50,0.00308632039489902,0.0,-0.013674657357283806,0.022276714367327904,0.6063,0.7382261773822618,12,9,29
bright,robustness_zscore_retention,z-score + retention-matched,robustness,ms1,markov_graph,50,-3.4022890858124154e-05,0.0,-0.01786984728639586,0.01948286551946996,0.4802,0.998000199980002,9,17,24
bright,robustness_zscore_retention,z-score + retention-matched,robustness,ms1,markov_hybrid,50,0.001863931468884903,0.0,-0.0017492748385866742,0.006212032552763132,0.8179,0.35266473352664734,4,3,43
bright,robustness_zscore_retention,z-score + retention-matched,robustness,ms1,pagerank_graph,50,0.007776539643190905,0.0,-0.020446507069474772,0.038111572914213646,0.7008,0.6183381661833817,11,16,23
bright,robustness_zscore_retention,z-score + retention-matched,robustness,ms1,rank_centrality_graph,50,-0.015075210944633384,0.0,-0.02859650752856591,-0.0022676314599494652,0.0114,0.031296870312968704,7,21,22
bright,robustness_zscore_retention,z-score + retention-matched,robustness,ms1_drop_mutual,balance_graph,50,0.0014751976754262053,0.0,0.0,0.004318408225048937,0.8727,0.48485151484851513,2,0,48
bright,robustness_zscore_retention,z-score + retention-matched,robustness,ms1_drop_mutual,balance_hybrid,50,0.0009266650728406178,0.0,0.0,0.002703439621884003,0.8727,0.48485151484851513,2,0,48
bright,robustness_zscore_retention,z-score + retention-matched,robustness,ms1_drop_mutual,bradley_terry_graph,50,0.0008920614957866157,0.0,-0.0019177890140034258,0.00440973117239933,0.694,0.6865313468653135,3,3,44
bright,robustness_zscore_retention,z-score + retention-matched,robustness,ms1_drop_mutual,copeland_graph,50,0.0016159316693942437,0.0,0.0,0.004599876212985014,0.9561,0.24957504249575044,3,0,47
bright,robustness_zscore_retention,z-score + retention-matched,robustness,ms1_drop_mutual,copeland_hybrid,50,0.0005977490825020315,0.0,-4.343345557885403e-05,0.0017763398166488098,0.8692,0.503949605039496,2,1,47
bright,robustness_zscore_retention,z-score + retention-matched,robustness,ms1_drop_mutual,markov_graph,50,0.0017545030302028187,0.0,0.00013801388410153326,0.00405938646634663,0.9939,0.0608939106089391,5,0,45
bright,robustness_zscore_retention,z-score + retention-matched,robustness,ms1_drop_mutual,markov_hybrid,50,0.0014235759260113811,0.0,0.0,0.004234669524291423,0.8727,0.48485151484851513,2,0,48
bright,robustness_zscore_retention,z-score + retention-matched,robustness,ms1_drop_mutual,pagerank_graph,50,0.000790391934947412,0.0,-6.280366789344515e-05,0.0022347013486685705,0.9276,0.2536746325367463,3,1,46
bright,robustness_zscore_retention,z-score + retention-matched,robustness,ms1_drop_mutual,rank_centrality_graph,50,0.0015867315446212427,0.0,-0.00020898454589828974,0.0037688920445214337,0.9548,0.1623837616238376,5,1,44
bright,robustness_zscore_retention,z-score + retention-matched,robustness,ms2,balance_graph,50,0.0,0.0,0.0,0.0,0.0,1.0,0,0,50
bright,robustness_zscore_retention,z-score + retention-matched,robustness,ms2,balance_hybrid,50,0.0,0.0,0.0,0.0,0.0,1.0,0,0,50
bright,robustness_zscore_retention,z-score + retention-matched,robustness,ms2,bradley_terry_graph,50,0.0,0.0,0.0,0.0,0.0,1.0,0,0,50
bright,robustness_zscore_retention,z-score + retention-matched,robustness,ms2,copeland_graph,50,0.0,0.0,0.0,0.0,0.0,1.0,0,0,50
bright,robustness_zscore_retention,z-score + retention-matched,robustness,ms2,copeland_hybrid,50,0.0,0.0,0.0,0.0,0.0,1.0,0,0,50
bright,robustness_zscore_retention,z-score + retention-matched,robustness,ms2,markov_graph,50,0.0,0.0,0.0,0.0,0.0,1.0,0,0,50
bright,robustness_zscore_retention,z-score + retention-matched,robustness,ms2,markov_hybrid,50,0.0,0.0,0.0,0.0,0.0,1.0,0,0,50
bright,robustness_zscore_retention,z-score + retention-matched,robustness,ms2,pagerank_graph,50,0.0,0.0,0.0,0.0,0.0,1.0,0,0,50
bright,robustness_zscore_retention,z-score + retention-matched,robustness,ms2,rank_centrality_graph,50,0.0,0.0,0.0,0.0,0.0,1.0,0,0,50
fiqa,ablation_minmax_fixed,minmax + fixed,ablation,ms1,balance_graph,120,0.0004190400886858526,0.0,-0.003305793197058494,0.004281828784097973,0.5831,0.8294170582941706,12,8,100
fiqa,ablation_minmax_fixed,minmax + fixed,ablation,ms1,balance_hybrid,120,-0.0015340627819919966,0.0,-0.005517984092328193,0.0006648950299511777,0.3577,1.0,4,1,115
fiqa,ablation_minmax_fixed,minmax + fixed,ablation,ms1,bradley_terry_graph,120,0.021874244070569527,0.0,0.009011138662025247,0.03638418140891678,0.9998,0.00039996000399960006,28,9,83
fiqa,ablation_minmax_fixed,minmax + fixed,ablation,ms1,copeland_graph,120,0.008711935620910145,0.0,-0.0006155604552193643,0.01960113350639964,0.9653,0.10128987101289871,23,14,83
fiqa,ablation_minmax_fixed,minmax + fixed,ablation,ms1,copeland_hybrid,120,-0.004238475336566876,0.0,-0.012368052724249784,0.0017705040169701419,0.1093,0.3254674532546745,12,9,99
fiqa,ablation_minmax_fixed,minmax + fixed,ablation,ms1,markov_graph,120,0.0040848206084972164,0.0,-0.00408626128249635,0.013517504197589476,0.8153,0.36776322367763226,14,14,92
fiqa,ablation_minmax_fixed,minmax + fixed,ablation,ms1,markov_hybrid,120,0.005604288477006888,0.0,0.0001701574367638181,0.013700306965113592,0.9952,0.0443955604439556,7,2,111
fiqa,ablation_minmax_fixed,minmax + fixed,ablation,ms1,pagerank_graph,120,-0.005237963909028864,0.0,-0.020973578953107985,0.01019622395194623,0.2522,0.5257474252574742,15,20,85
fiqa,ablation_minmax_fixed,minmax + fixed,ablation,ms1,rank_centrality_graph,120,0.004565366709751338,0.0,-0.0063500856431190755,0.017931384563660304,0.7563,0.5161483851614839,19,19,82
fiqa,ablation_minmax_fixed,minmax + fixed,ablation,ms1_drop_mutual,balance_graph,120,-0.0002200004205653407,0.0,-0.0006600012616960222,0.0,0.0,1.0,0,1,119
fiqa,ablation_minmax_fixed,minmax + fixed,ablation,ms1_drop_mutual,balance_hybrid,120,0.0,0.0,0.0,0.0,0.0,1.0,0,0,120
fiqa,ablation_minmax_fixed,minmax + fixed,ablation,ms1_drop_mutual,bradley_terry_graph,120,-9.422902242991217e-05,0.0,-0.0008603695255928983,0.000671911480733074,0.3202,1.0,1,2,117
fiqa,ablation_minmax_fixed,minmax + fixed,ablation,ms1_drop_mutual,copeland_graph,120,-0.0003909085584302627,0.0,-0.001136029398611678,0.0,0.0,0.5108489151084892,0,2,118
fiqa,ablation_minmax_fixed,minmax + fixed,ablation,ms1_drop_mutual,copeland_hybrid,120,-7.253992686508439e-05,0.0,-0.00021761978059525315,0.0,0.0,1.0,0,1,119
fiqa,ablation_minmax_fixed,minmax + fixed,ablation,ms1_drop_mutual,markov_graph,120,-0.00012029067601456306,0.0,-0.00036087202804368915,0.0,0.0,1.0,0,1,119
fiqa,ablation_minmax_fixed,minmax + fixed,ablation,ms1_drop_mutual,markov_hybrid,120,0.0,0.0,0.0,0.0,0.0,1.0,0,0,120
fiqa,ablation_minmax_fixed,minmax + fixed,ablation,ms1_drop_mutual,pagerank_graph,120,-0.0002690019151669429,0.0,-0.0010955937709712857,0.000288588025470457,0.2492,1.0,1,1,118
fiqa,ablation_minmax_fixed,minmax + fixed,ablation,ms1_drop_mutual,rank_centrality_graph,120,0.0001407748241716011,0.0,0.0,0.0003777456568333536,0.8718,0.49325067493250674,2,0,118
fiqa,ablation_minmax_fixed,minmax + fixed,ablation,ms2,balance_graph,120,-0.0007347179963713752,0.0,-0.0022041539891141256,0.0,0.0,1.0,0,1,119
fiqa,ablation_minmax_fixed,minmax + fixed,ablation,ms2,balance_hybrid,120,0.0,0.0,0.0,0.0,0.0,1.0,0,0,120
fiqa,ablation_minmax_fixed,minmax + fixed,ablation,ms2,bradley_terry_graph,120,5.664836673409436e-05,0.0,-0.00040467792083057617,0.0005746230210328593,0.5229,1.0,1,1,118
fiqa,ablation_minmax_fixed,minmax + fixed,ablation,ms2,copeland_graph,120,-0.0003396054557548262,0.0,-0.0013758196077020847,0.00035700324043760613,0.2368,1.0,1,1,118
fiqa,ablation_minmax_fixed,minmax + fixed,ablation,ms2,copeland_hybrid,120,0.0,0.0,0.0,0.0,0.0,1.0,0,0,120
fiqa,ablation_minmax_fixed,minmax + fixed,ablation,ms2,markov_graph,120,8.090177596458137e-05,0.0,-0.00042905491718862323,0.0006717602450823674,0.5384,1.0,1,1,118
fiqa,ablation_minmax_fixed,minmax + fixed,ablation,ms2,markov_hybrid,120,-0.0018857865460909728,0.0,-0.005657359638272919,0.0,0.0,1.0,0,1,119
fiqa,ablation_minmax_fixed,minmax + fixed,ablation,ms2,pagerank_graph,120,-0.0020564696569098442,0.0,-0.006302545706857506,0.00030381984694684424,0.1382,0.4988501149885011,2,2,116
fiqa,ablation_minmax_fixed,minmax + fixed,ablation,ms2,rank_centrality_graph,120,0.00015065930433947605,0.0,-0.00068912819667085,0.0010463396311159658,0.6044,1.0,2,1,117
fiqa,ablation_raw_fixed,raw + fixed,ablation,ms1,balance_graph,120,-0.00010053096444070976,0.0,-0.00024249901978505526,0.0,0.0,0.25107489251074894,0,3,117
fiqa,ablation_raw_fixed,raw + fixed,ablation,ms1,balance_hybrid,120,0.0,0.0,0.0,0.0,0.0,1.0,0,0,120
fiqa,ablation_raw_fixed,raw + fixed,ablation,ms1,bradley_terry_graph,120,0.011242463928606384,0.0,-0.0021403202422837146,0.027382955566789404,0.945,0.1618838116188381,16,12,92
fiqa,ablation_raw_fixed,raw + fixed,ablation,ms1,copeland_graph,120,-0.002899898531634251,0.0,-0.013672435135431461,0.007669773487065779,0.2863,0.6095390460953904,13,20,87
fiqa,ablation_raw_fixed,raw + fixed,ablation,ms1,copeland_hybrid,120,-0.006963137078907182,0.0,-0.013335584100443063,-0.0025299933053480037,0.0,0.00019998000199980003,3,19,98
fiqa,ablation_raw_fixed,raw + fixed,ablation,ms1,markov_graph,120,0.000600689154017892,0.0,-0.00021461382839339874,0.0019783299497887303,0.8169,0.48995100489951005,3,4,113
fiqa,ablation_raw_fixed,raw + fixed,ablation,ms1,markov_hybrid,120,0.0,0.0,0.0,0.0,0.0,1.0,0,0,120
fiqa,ablation_raw_fixed,raw + fixed,ablation,ms1,pagerank_graph,120,-0.00898460146611002,0.0,-0.021732592433222786,0.0031401215183040334,0.0791,0.16648335166483352,16,19,85
fiqa,ablation_raw_fixed,raw + fixed,ablation,ms1,rank_centrality_graph,120,-0.0062320709986723325,0.0,-0.011922573213580026,-0.0003626623317551236,0.0194,0.0321967803219678,11,22,87
fiqa,ablation_raw_fixed,raw + fixed,ablation,ms1_drop_mutual,balance_graph,120,0.0,0.0,0.0,0.0,0.0,1.0,0,0,120
fiqa,ablation_raw_fixed,raw + fixed,ablation,ms1_drop_mutual,balance_hybrid,120,0.0,0.0,0.0,0.0,0.0,1.0,0,0,120
fiqa,ablation_raw_fixed,raw + fixed,ablation,ms1_drop_mutual,bradley_terry_graph,120,-0.0002737292595069376,0.0,-0.0010626368452534563,0.00018568648150449295,0.3185,1.0,2,1,117
fiqa,ablation_raw_fixed,raw + fixed,ablation,ms1_drop_mutual,copeland_graph,120,-0.00019061544812240723,0.0,-0.0005718463443672217,0.0,0.0,1.0,0,1,119
fiqa,ablation_raw_fixed,raw + fixed,ablation,ms1_drop_mutual,copeland_hybrid,120,-0.00047098229162067146,0.0,-0.0013934013800980282,8.623887319959001e-05,0.0857,0.5033496650334967,1,2,117
fiqa,ablation_raw_fixed,raw + fixed,ablation,ms1_drop_mutual,markov_graph,120,0.0,0.0,0.0,0.0,0.0,1.0,0,0,120
fiqa,ablation_raw_fixed,raw + fixed,ablation,ms1_drop_mutual,markov_hybrid,120,0.0,0.0,0.0,0.0,0.0,1.0,0,0,120
fiqa,ablation_raw_fixed,raw + fixed,ablation,ms1_drop_mutual,pagerank_graph,120,-0.0007154534672987149,0.0,-0.003009577758048046,0.0008632173561519009,0.2457,0.746025397460254,1,2,117
fiqa,ablation_raw_fixed,raw + fixed,ablation,ms1_drop_mutual,rank_centrality_graph,120,-0.00010833527326303942,0.0,-0.0018665898184238683,0.0014921431246026212,0.4292,1.0,2,1,117
fiqa,ablation_raw_fixed,raw + fixed,ablation,ms2,balance_graph,120,0.0,0.0,0.0,0.0,0.0,1.0,0,0,120
fiqa,ablation_raw_fixed,raw + fixed,ablation,ms2,balance_hybrid,120,0.0,0.0,0.0,0.0,0.0,1.0,0,0,120
fiqa,ablation_raw_fixed,raw + fixed,ablation,ms2,bradley_terry_graph,120,0.0,0.0,0.0,0.0,0.0,1.0,0,0,120
fiqa,ablation_raw_fixed,raw + fixed,ablation,ms2,copeland_graph,120,0.0,0.0,0.0,0.0,0.0,1.0,0,0,120
fiqa,ablation_raw_fixed,raw + fixed,ablation,ms2,copeland_hybrid,120,0.0,0.0,0.0,0.0,0.0,1.0,0,0,120
fiqa,ablation_raw_fixed,raw + fixed,ablation,ms2,markov_graph,120,0.0,0.0,0.0,0.0,0.0,1.0,0,0,120
fiqa,ablation_raw_fixed,raw + fixed,ablation,ms2,markov_hybrid,120,0.0,0.0,0.0,0.0,0.0,1.0,0,0,120
fiqa,ablation_raw_fixed,raw + fixed,ablation,ms2,pagerank_graph,120,0.0,0.0,0.0,0.0,0.0,1.0,0,0,120
fiqa,ablation_raw_fixed,raw + fixed,ablation,ms2,rank_centrality_graph,120,0.0,0.0,0.0,0.0,0.0,1.0,0,0,120
fiqa,ablation_unit_vote_retention,unit vote + retention-matched,ablation,ms1,balance_graph,120,-0.002095892531321412,0.0,-0.009441095385090281,0.004124955043529324,0.2852,0.599040095990401,14,18,88
fiqa,ablation_unit_vote_retention,unit vote + retention-matched,ablation,ms1,balance_hybrid,120,0.00012816487238433011,0.0,-0.006334847606864306,0.00475425909239343,0.5525,0.9941005899410059,14,5,101
fiqa,ablation_unit_vote_retention,unit vote + retention-matched,ablation,ms1,bradley_terry_graph,120,0.007436557004971016,0.0,-0.006083543907356363,0.021209198536128182,0.866,0.29557044295570445,20,13,87
fiqa,ablation_unit_vote_retention,unit vote + retention-matched,ablation,ms1,copeland_graph,120,0.002407434306921274,0.0,-0.008338477400976112,0.013573586682216794,0.6644,0.6805319468053195,19,17,84
fiqa,ablation_unit_vote_retention,unit vote + retention-matched,ablation,ms1,copeland_hybrid,120,-0.0004891433602034622,0.0,-0.002804921212613686,0.0013968637701430478,0.3365,0.667033296670333,10,7,103
fiqa,ablation_unit_vote_retention,unit vote + retention-matched,ablation,ms1,markov_graph,120,-0.005733164035837063,0.0,-0.017063369534653802,0.0038933986323162256,0.1439,0.3213678632136786,17,19,84
fiqa,ablation_unit_vote_retention,unit vote + retention-matched,ablation,ms1,markov_hybrid,120,0.00015056400244224828,0.0,-0.004986654362604801,0.0043557636696890676,0.5577,0.962003799620038,11,5,104
fiqa,ablation_unit_vote_retention,unit vote + retention-matched,ablation,ms1,pagerank_graph,120,-0.0066128668812229195,0.0,-0.02346086589437115,0.008858406632805274,0.2135,0.4480551944805519,16,23,81
fiqa,ablation_unit_vote_retention,unit vote + retention-matched,ablation,ms1,rank_centrality_graph,120,-0.01111383664795584,0.0,-0.02689153427588976,0.0033046355137760575,0.0687,0.1621837816218378,16,19,85
fiqa,ablation_unit_vote_retention,unit vote + retention-matched,ablation,ms1_drop_mutual,balance_graph,120,1.9017389590228474e-05,0.0,-0.00021082558395322618,0.00029912923365233297,0.5151,1.0,2,2,116
fiqa,ablation_unit_vote_retention,unit vote + retention-matched,ablation,ms1_drop_mutual,balance_hybrid,120,-3.202847764938732e-05,0.0,-0.00044671141369011377,0.00035062598074195176,0.338,1.0,1,1,118
fiqa,ablation_unit_vote_retention,unit vote + retention-matched,ablation,ms1_drop_mutual,bradley_terry_graph,120,0.0008001734386154775,0.0,-0.00027155684356560496,0.002389792255698064,0.878,0.37446255374462556,3,2,115
fiqa,ablation_unit_vote_retention,unit vote + retention-matched,ablation,ms1_drop_mutual,copeland_graph,120,0.0003353960042756473,0.0,-0.0001115251704563012,0.0010376973467285911,0.8577,0.50994900509949,2,1,117
fiqa,ablation_unit_vote_retention,unit vote + retention-matched,ablation,ms1_drop_mutual,copeland_hybrid,120,0.00011687532691398393,0.0,0.0,0.00035062598074195176,0.6302,1.0,1,0,119
fiqa,ablation_unit_vote_retention,unit vote + retention-matched,ablation,ms1_drop_mutual,markov_graph,120,0.0004439903887284417,0.0,-0.0002132817232756735,0.001376810935283002,0.8526,0.36346365363463656,3,1,116
fiqa,ablation_unit_vote_retention,unit vote + retention-matched,ablation,ms1_drop_mutual,markov_hybrid,120,0.0,0.0,0.0,0.0,0.0,1.0,0,0,120
fiqa,ablation_unit_vote_retention,unit vote + retention-matched,ablation,ms1_drop_mutual,pagerank_graph,120,-0.0006757847652081758,0.0,-0.002217069780377682,0.0001897154847531543,0.2391,1.0,1,1,118
fiqa,ablation_unit_vote_retention,unit vote + retention-matched,ablation,ms1_drop_mutual,rank_centrality_graph,120,-0.0005165919681495622,0.0,-0.0019474812280981732,0.0007663020609408796,0.2227,0.49905009499050096,2,3,115
fiqa,ablation_unit_vote_retention,unit vote + retention-matched,ablation,ms2,balance_graph,120,0.0,0.0,0.0,0.0,0.0,1.0,0,0,120
fiqa,ablation_unit_vote_retention,unit vote + retention-matched,ablation,ms2,balance_hybrid,120,0.0,0.0,0.0,0.0,0.0,1.0,0,0,120
fiqa,ablation_unit_vote_retention,unit vote + retention-matched,ablation,ms2,bradley_terry_graph,120,0.0,0.0,0.0,0.0,0.0,1.0,0,0,120
fiqa,ablation_unit_vote_retention,unit vote + retention-matched,ablation,ms2,copeland_graph,120,0.0,0.0,0.0,0.0,0.0,1.0,0,0,120
fiqa,ablation_unit_vote_retention,unit vote + retention-matched,ablation,ms2,copeland_hybrid,120,0.0,0.0,0.0,0.0,0.0,1.0,0,0,120
fiqa,ablation_unit_vote_retention,unit vote + retention-matched,ablation,ms2,markov_graph,120,0.0,0.0,0.0,0.0,0.0,1.0,0,0,120
fiqa,ablation_unit_vote_retention,unit vote + retention-matched,ablation,ms2,markov_hybrid,120,0.0,0.0,0.0,0.0,0.0,1.0,0,0,120
fiqa,ablation_unit_vote_retention,unit vote + retention-matched,ablation,ms2,pagerank_graph,120,0.0,0.0,0.0,0.0,0.0,1.0,0,0,120
fiqa,ablation_unit_vote_retention,unit vote + retention-matched,ablation,ms2,rank_centrality_graph,120,0.0,0.0,0.0,0.0,0.0,1.0,0,0,120
fiqa,independent_minmax_quantile_q0p3,"minmax + independent quantile (q=0.3, low selectivity)",independent_grid,ms1,balance_graph,120,0.0014660612317372197,0.0,-0.002507192856601769,0.006146067643790636,0.7482,0.5608439156084392,11,8,101
fiqa,independent_minmax_quantile_q0p3,"minmax + independent quantile (q=0.3, low selectivity)",independent_grid,ms1,balance_hybrid,120,0.001194064521037102,0.0,0.0,0.003470668392655005,0.9548,0.2518748125187481,3,0,117
fiqa,independent_minmax_quantile_q0p3,"minmax + independent quantile (q=0.3, low selectivity)",independent_grid,ms1,bradley_terry_graph,120,0.021887392693755833,0.0,0.007063557322824219,0.03850603583653502,0.9986,0.003999600039996,26,12,82
fiqa,independent_minmax_quantile_q0p3,"minmax + independent quantile (q=0.3, low selectivity)",independent_grid,ms1,copeland_graph,120,0.010208800052328196,0.0,-0.0006759207726711115,0.02205084307884087,0.9669,0.07529247075292471,23,11,86
fiqa,independent_minmax_quantile_q0p3,"minmax + independent quantile (q=0.3, low selectivity)",independent_grid,ms1,copeland_hybrid,120,0.0022008234207976382,0.0,-0.005142662258899705,0.010948070621078412,0.6934,0.6394360563943605,12,6,102
fiqa,independent_minmax_quantile_q0p3,"minmax + independent quantile (q=0.3, low selectivity)",independent_grid,ms1,markov_graph,120,0.00563603763211551,0.0,-0.0021738343282297094,0.014811848778550279,0.9079,0.204979502049795,14,12,94
fiqa,independent_minmax_quantile_q0p3,"minmax + independent quantile (q=0.3, low selectivity)",independent_grid,ms1,markov_hybrid,120,0.005245227606471475,0.0,-9.057966145335701e-05,0.013374694673279692,0.9644,0.15008499150084992,6,3,111
fiqa,independent_minmax_quantile_q0p3,"minmax + independent quantile (q=0.3, low selectivity)",independent_grid,ms1,pagerank_graph,120,-0.011996906049126585,0.0,-0.02808103394471886,0.0024971351038749288,0.0546,0.1311868813118688,13,18,89
fiqa,independent_minmax_quantile_q0p3,"minmax + independent quantile (q=0.3, low selectivity)",independent_grid,ms1,rank_centrality_graph,120,0.008643496181836846,0.0,-0.004098562954151118,0.02328107964651274,0.8938,0.2385761423857614,21,19,80
fiqa,independent_minmax_quantile_q0p3,"minmax + independent quantile (q=0.3, low selectivity)",independent_grid,ms1_drop_mutual,balance_graph,120,-0.00011687532691398347,0.0,-0.0003506259807419504,0.0,0.0,1.0,0,1,119
fiqa,independent_minmax_quantile_q0p3,"minmax + independent quantile (q=0.3, low selectivity)",independent_grid,ms1_drop_mutual,balance_hybrid,120,0.0,0.0,0.0,0.0,0.0,1.0,0,0,120
fiqa,independent_minmax_quantile_q0p3,"minmax + independent quantile (q=0.3, low selectivity)",independent_grid,ms1_drop_mutual,bradley_terry_graph,120,0.0005818336607221995,0.0,-0.00036480575264718806,0.0019137570013916638,0.839,0.49965003499650035,2,5,113
fiqa,independent_minmax_quantile_q0p3,"minmax + independent quantile (q=0.3, low selectivity)",independent_grid,ms1_drop_mutual,copeland_graph,120,2.8788747456524876e-05,0.0,-0.0005187840168164282,0.0006473670744566927,0.5213,0.9673032696730327,3,3,114
fiqa,independent_minmax_quantile_q0p3,"minmax + independent quantile (q=0.3, low selectivity)",independent_grid,ms1_drop_mutual,copeland_hybrid,120,5.57625852281506e-05,0.0,0.0,0.00016728775568445182,0.6319,1.0,1,0,119
fiqa,independent_minmax_quantile_q0p3,"minmax + independent quantile (q=0.3, low selectivity)",independent_grid,ms1_drop_mutual,markov_graph,120,-0.00014305514301170345,0.0,-0.0003396023769382072,0.0,0.0,0.24717528247175283,0,3,117
fiqa,independent_minmax_quantile_q0p3,"minmax + independent quantile (q=0.3, low selectivity)",independent_grid,ms1_drop_mutual,markov_hybrid,120,0.0,0.0,0.0,0.0,0.0,1.0,0,0,120
fiqa,independent_minmax_quantile_q0p3,"minmax + independent quantile (q=0.3, low selectivity)",independent_grid,ms1_drop_mutual,pagerank_graph,120,0.0004990404242739877,0.0,-0.000661934277748729,0.0021272709473098743,0.7113,0.7469253074692531,2,1,117
fiqa,independent_minmax_quantile_q0p3,"minmax + independent quantile (q=0.3, low selectivity)",independent_grid,ms1_drop_mutual,rank_centrality_graph,120,-0.00019518196327700474,0.0,-0.0010939717822811153,0.00038815443537778714,0.3877,1.0,3,1,116
fiqa,independent_minmax_quantile_q0p3,"minmax + independent quantile (q=0.3, low selectivity)",independent_grid,ms2,balance_graph,120,0.0,0.0,0.0,0.0,0.0,1.0,0,0,120
fiqa,independent_minmax_quantile_q0p3,"minmax + independent quantile (q=0.3, low selectivity)",independent_grid,ms2,balance_hybrid,120,0.0,0.0,0.0,0.0,0.0,1.0,0,0,120
fiqa,independent_minmax_quantile_q0p3,"minmax + independent quantile (q=0.3, low selectivity)",independent_grid,ms2,bradley_terry_graph,120,0.0,0.0,0.0,0.0,0.0,1.0,0,0,120
fiqa,independent_minmax_quantile_q0p3,"minmax + independent quantile (q=0.3, low selectivity)",independent_grid,ms2,copeland_graph,120,0.0,0.0,0.0,0.0,0.0,1.0,0,0,120
fiqa,independent_minmax_quantile_q0p3,"minmax + independent quantile (q=0.3, low selectivity)",independent_grid,ms2,copeland_hybrid,120,0.0,0.0,0.0,0.0,0.0,1.0,0,0,120
fiqa,independent_minmax_quantile_q0p3,"minmax + independent quantile (q=0.3, low selectivity)",independent_grid,ms2,markov_graph,120,0.0,0.0,0.0,0.0,0.0,1.0,0,0,120
fiqa,independent_minmax_quantile_q0p3,"minmax + independent quantile (q=0.3, low selectivity)",independent_grid,ms2,markov_hybrid,120,0.0,0.0,0.0,0.0,0.0,1.0,0,0,120
fiqa,independent_minmax_quantile_q0p3,"minmax + independent quantile (q=0.3, low selectivity)",independent_grid,ms2,pagerank_graph,120,5.57625852281506e-05,0.0,0.0,0.00016728775568445182,0.6337,1.0,1,0,119
fiqa,independent_minmax_quantile_q0p3,"minmax + independent quantile (q=0.3, low selectivity)",independent_grid,ms2,rank_centrality_graph,120,5.57625852281506e-05,0.0,0.0,0.00016728775568445182,0.6337,1.0,1,0,119
fiqa,independent_minmax_quantile_q0p5,minmax + independent quantile (q=0.5),independent,ms1,balance_graph,120,0.005051335542141465,0.0,0.0007664013507309762,0.011780613096772998,0.998,0.010298970102989701,10,2,108
fiqa,independent_minmax_quantile_q0p5,minmax + independent quantile (q=0.5),independent,ms1,balance_hybrid,120,-5.923531614582071e-05,0.0,-0.000332715806385514,0.0001776483422738978,0.3384,0.7537246275372462,2,3,115
fiqa,independent_minmax_quantile_q0p5,minmax + independent quantile (q=0.5),independent,ms1,bradley_terry_graph,120,0.01869248602193665,0.0,0.0058714878784495396,0.034215441464743694,0.9987,0.0040995900409959,24,10,86
fiqa,independent_minmax_quantile_q0p5,minmax + independent quantile (q=0.5),independent,ms1,copeland_graph,120,0.006003733390070901,0.0,0.0020062386799785544,0.010483103696320975,0.9983,0.0038996100389961006,22,8,90
fiqa,independent_minmax_quantile_q0p5,minmax + independent quantile (q=0.5),independent,ms1,copeland_hybrid,120,0.0015481018217363175,0.0,-0.0002710227640185353,0.0037864539627689036,0.9459,0.15578442155784422,8,6,106
fiqa,independent_minmax_quantile_q0p5,minmax + independent quantile (q=0.5),independent,ms1,markov_graph,120,0.004690540329269353,0.0,-0.0008421293670050631,0.011859138182702669,0.9459,0.14208579142085792,14,9,97
fiqa,independent_minmax_quantile_q0p5,minmax + independent quantile (q=0.5),independent,ms1,markov_hybrid,120,0.0026270007748472536,0.0,-0.0011779468857782043,0.009328764275688382,0.6938,0.7987201279872013,4,5,111
fiqa,independent_minmax_quantile_q0p5,minmax + independent quantile (q=0.5),independent,ms1,pagerank_graph,120,-0.013586556861864716,0.0,-0.027256491417384107,-0.0032307480973509032,0.0013,0.0081991800819918,11,19,90
fiqa,independent_minmax_quantile_q0p5,minmax + independent quantile (q=0.5),independent,ms1,rank_centrality_graph,120,0.0030154200448296283,0.0,-0.005910767032897668,0.012642684486250643,0.7352,0.5463453654634537,22,15,83
fiqa,independent_minmax_quantile_q0p5,minmax + independent quantile (q=0.5),independent,ms1_drop_mutual,balance_graph,120,0.00017605326124271365,0.0,0.0,0.00047239719849999037,0.8736,0.49665033496650335,2,0,118
fiqa,independent_minmax_quantile_q0p5,minmax + independent quantile (q=0.5),independent,ms1_drop_mutual,balance_hybrid,120,0.0,0.0,0.0,0.0,0.0,1.0,0,0,120
fiqa,independent_minmax_quantile_q0p5,minmax + independent quantile (q=0.5),independent,ms1_drop_mutual,bradley_terry_graph,120,0.0011879712270564053,0.0,0.0,0.002703861302994893,0.952,0.255974402559744,3,0,117
fiqa,independent_minmax_quantile_q0p5,minmax + independent quantile (q=0.5),independent,ms1_drop_mutual,copeland_graph,120,0.00010342839314665721,0.0,-0.0007000922035056908,0.0008740693819880468,0.5502,1.0,2,1,117
fiqa,independent_minmax_quantile_q0p5,minmax + independent quantile (q=0.5),independent,ms1_drop_mutual,copeland_hybrid,120,0.0,0.0,0.0,0.0,0.0,1.0,0,0,120
fiqa,independent_minmax_quantile_q0p5,minmax + independent quantile (q=0.5),independent,ms1_drop_mutual,markov_graph,120,-9.129994976012635e-05,0.0,-0.000273899849280379,0.0,0.0,1.0,0,1,119
fiqa,independent_minmax_quantile_q0p5,minmax + independent quantile (q=0.5),independent,ms1_drop_mutual,markov_hybrid,120,0.0,0.0,0.0,0.0,0.0,1.0,0,0,120
fiqa,independent_minmax_quantile_q0p5,minmax + independent quantile (q=0.5),independent,ms1_drop_mutual,pagerank_graph,120,-7.292816759135642e-05,0.0,-0.000406388565970101,0.00024336664842418236,0.2831,0.7402259774022598,1,2,117
fiqa,independent_minmax_quantile_q0p5,minmax + independent quantile (q=0.5),independent,ms1_drop_mutual,rank_centrality_graph,120,-0.00018661099624627347,0.0,-0.0005598329887388203,0.0,0.0,1.0,0,1,119
fiqa,independent_minmax_quantile_q0p5,minmax + independent quantile (q=0.5),independent,ms2,balance_graph,120,0.0,0.0,0.0,0.0,0.0,1.0,0,0,120
fiqa,independent_minmax_quantile_q0p5,minmax + independent quantile (q=0.5),independent,ms2,balance_hybrid,120,0.0,0.0,0.0,0.0,0.0,1.0,0,0,120
fiqa,independent_minmax_quantile_q0p5,minmax + independent quantile (q=0.5),independent,ms2,bradley_terry_graph,120,0.0,0.0,0.0,0.0,0.0,1.0,0,0,120
fiqa,independent_minmax_quantile_q0p5,minmax + independent quantile (q=0.5),independent,ms2,copeland_graph,120,0.0,0.0,0.0,0.0,0.0,1.0,0,0,120
fiqa,independent_minmax_quantile_q0p5,minmax + independent quantile (q=0.5),independent,ms2,copeland_hybrid,120,0.0,0.0,0.0,0.0,0.0,1.0,0,0,120
fiqa,independent_minmax_quantile_q0p5,minmax + independent quantile (q=0.5),independent,ms2,markov_graph,120,0.0,0.0,0.0,0.0,0.0,1.0,0,0,120
fiqa,independent_minmax_quantile_q0p5,minmax + independent quantile (q=0.5),independent,ms2,markov_hybrid,120,0.0,0.0,0.0,0.0,0.0,1.0,0,0,120
fiqa,independent_minmax_quantile_q0p5,minmax + independent quantile (q=0.5),independent,ms2,pagerank_graph,120,0.0,0.0,0.0,0.0,0.0,1.0,0,0,120
fiqa,independent_minmax_quantile_q0p5,minmax + independent quantile (q=0.5),independent,ms2,rank_centrality_graph,120,0.0,0.0,0.0,0.0,0.0,1.0,0,0,120
fiqa,independent_minmax_quantile_q0p7,"minmax + independent quantile (q=0.7, high selectivity)",independent_grid,ms1,balance_graph,120,0.0028967016445679,0.0,-0.0002047140396718605,0.007630143517693023,0.9575,0.13108689131086892,10,5,105
fiqa,independent_minmax_quantile_q0p7,"minmax + independent quantile (q=0.7, high selectivity)",independent_grid,ms1,balance_hybrid,120,0.00012269825982741538,0.0,-0.0001120422533598786,0.0004953872342802677,0.7032,0.8788121187881212,2,2,116
fiqa,independent_minmax_quantile_q0p7,"minmax + independent quantile (q=0.7, high selectivity)",independent_grid,ms1,bradley_terry_graph,120,0.00912440524965841,0.0,3.339924019670404e-05,0.02012996101567597,0.9756,0.0736926307369263,17,10,93
fiqa,independent_minmax_quantile_q0p7,"minmax + independent quantile (q=0.7, high selectivity)",independent_grid,ms1,copeland_graph,120,0.004131312951823404,0.0,-0.0010611461538562392,0.009887847861953762,0.9392,0.14538546145385461,13,7,100
fiqa,independent_minmax_quantile_q0p7,"minmax + independent quantile (q=0.7, high selectivity)",independent_grid,ms1,copeland_hybrid,120,0.0033672545922010465,0.0,-0.0005336413589907237,0.010183740992123245,0.8897,0.3077692230776922,6,5,109
fiqa,independent_minmax_quantile_q0p7,"minmax + independent quantile (q=0.7, high selectivity)",independent_grid,ms1,markov_graph,120,0.007953551849894167,0.0,-5.465363715589786e-05,0.018082679522539936,0.974,0.0801919808019198,10,6,104
fiqa,independent_minmax_quantile_q0p7,"minmax + independent quantile (q=0.7, high selectivity)",independent_grid,ms1,markov_hybrid,120,0.0007094125777781735,0.0,-0.005947960464770633,0.008906748974176279,0.5435,0.8852114788521148,3,4,113
fiqa,independent_minmax_quantile_q0p7,"minmax + independent quantile (q=0.7, high selectivity)",independent_grid,ms1,pagerank_graph,120,-0.003389360506217867,0.0,-0.013750040817783018,0.007222266694805206,0.2601,0.5484451554844516,12,13,95
fiqa,independent_minmax_quantile_q0p7,"minmax + independent quantile (q=0.7, high selectivity)",independent_grid,ms1,rank_centrality_graph,120,0.0026471377518380796,0.0,-0.0034190609654195223,0.009991610654094223,0.7772,0.4607539246075392,10,12,98
fiqa,independent_minmax_quantile_q0p7,"minmax + independent quantile (q=0.7, high selectivity)",independent_grid,ms1_drop_mutual,balance_graph,120,0.0,0.0,0.0,0.0,0.0,1.0,0,0,120
fiqa,independent_minmax_quantile_q0p7,"minmax + independent quantile (q=0.7, high selectivity)",independent_grid,ms1_drop_mutual,balance_hybrid,120,0.0,0.0,0.0,0.0,0.0,1.0,0,0,120
fiqa,independent_minmax_quantile_q0p7,"minmax + independent quantile (q=0.7, high selectivity)",independent_grid,ms1_drop_mutual,bradley_terry_graph,120,0.00023548816633358013,0.0,-0.00025304701666895024,0.0009595115156696907,0.6163,1.0,1,1,118
fiqa,independent_minmax_quantile_q0p7,"minmax + independent quantile (q=0.7, high selectivity)",independent_grid,ms1_drop_mutual,copeland_graph,120,-6.32384949177181e-05,0.0,-0.0001897154847531543,0.0,0.0,1.0,0,1,119
fiqa,independent_minmax_quantile_q0p7,"minmax + independent quantile (q=0.7, high selectivity)",independent_grid,ms1_drop_mutual,copeland_hybrid,120,-3.358916839065913e-05,0.0,-0.00010076750517197739,0.0,0.0,1.0,0,1,119
fiqa,independent_minmax_quantile_q0p7,"minmax + independent quantile (q=0.7, high selectivity)",independent_grid,ms1_drop_mutual,markov_graph,120,-8.434900555631675e-05,0.0,-0.00025304701666895024,0.0,0.0,1.0,0,1,119
fiqa,independent_minmax_quantile_q0p7,"minmax + independent quantile (q=0.7, high selectivity)",independent_grid,ms1_drop_mutual,markov_hybrid,120,0.0,0.0,0.0,0.0,0.0,1.0,0,0,120
fiqa,independent_minmax_quantile_q0p7,"minmax + independent quantile (q=0.7, high selectivity)",independent_grid,ms1_drop_mutual,pagerank_graph,120,0.0,0.0,0.0,0.0,0.0,1.0,0,0,120
fiqa,independent_minmax_quantile_q0p7,"minmax + independent quantile (q=0.7, high selectivity)",independent_grid,ms1_drop_mutual,rank_centrality_graph,120,0.0002691944805779343,0.0,0.0,0.0008075834417338029,0.6234,1.0,1,0,119
fiqa,independent_minmax_quantile_q0p7,"minmax + independent quantile (q=0.7, high selectivity)",independent_grid,ms2,balance_graph,120,0.0,0.0,0.0,0.0,0.0,1.0,0,0,120
fiqa,independent_minmax_quantile_q0p7,"minmax + independent quantile (q=0.7, high selectivity)",independent_grid,ms2,balance_hybrid,120,0.0,0.0,0.0,0.0,0.0,1.0,0,0,120
fiqa,independent_minmax_quantile_q0p7,"minmax + independent quantile (q=0.7, high selectivity)",independent_grid,ms2,bradley_terry_graph,120,0.0,0.0,0.0,0.0,0.0,1.0,0,0,120
fiqa,independent_minmax_quantile_q0p7,"minmax + independent quantile (q=0.7, high selectivity)",independent_grid,ms2,copeland_graph,120,0.0,0.0,0.0,0.0,0.0,1.0,0,0,120
fiqa,independent_minmax_quantile_q0p7,"minmax + independent quantile (q=0.7, high selectivity)",independent_grid,ms2,copeland_hybrid,120,0.0,0.0,0.0,0.0,0.0,1.0,0,0,120
fiqa,independent_minmax_quantile_q0p7,"minmax + independent quantile (q=0.7, high selectivity)",independent_grid,ms2,markov_graph,120,0.0,0.0,0.0,0.0,0.0,1.0,0,0,120
fiqa,independent_minmax_quantile_q0p7,"minmax + independent quantile (q=0.7, high selectivity)",independent_grid,ms2,markov_hybrid,120,0.0,0.0,0.0,0.0,0.0,1.0,0,0,120
fiqa,independent_minmax_quantile_q0p7,"minmax + independent quantile (q=0.7, high selectivity)",independent_grid,ms2,pagerank_graph,120,0.0,0.0,0.0,0.0,0.0,1.0,0,0,120
fiqa,independent_minmax_quantile_q0p7,"minmax + independent quantile (q=0.7, high selectivity)",independent_grid,ms2,rank_centrality_graph,120,0.0,0.0,0.0,0.0,0.0,1.0,0,0,120
fiqa,independent_rank_percentile_q0p3,"rank-percentile (tie-abstain) + independent quantile (q=0.3, low selectivity)",independent_grid,ms1,balance_graph,120,0.003522559683072618,0.0,-0.0005411909387704879,0.009738795796267774,0.9367,0.1815818418158184,10,7,103
fiqa,independent_rank_percentile_q0p3,"rank-percentile (tie-abstain) + independent quantile (q=0.3, low selectivity)",independent_grid,ms1,balance_hybrid,120,0.0003908259321952959,0.0,-0.005108641669866824,0.005897723779782228,0.5994,0.7168283171682832,6,4,110
fiqa,independent_rank_percentile_q0p3,"rank-percentile (tie-abstain) + independent quantile (q=0.3, low selectivity)",independent_grid,ms1,bradley_terry_graph,120,-0.001589821322507054,0.0,-0.012959218708091767,0.007768776428897304,0.4092,0.775922407759224,18,10,92
fiqa,independent_rank_percentile_q0p3,"rank-percentile (tie-abstain) + independent quantile (q=0.3, low selectivity)",independent_grid,ms1,copeland_graph,120,0.005026361506632565,0.0,-0.0005608558282779061,0.012791010944975114,0.9551,0.12668733126687332,20,10,90
fiqa,independent_rank_percentile_q0p3,"rank-percentile (tie-abstain) + independent quantile (q=0.3, low selectivity)",independent_grid,ms1,copeland_hybrid,120,0.001581260490130681,0.0,-0.004375403669514299,0.008445061059458374,0.6883,0.5367463253674633,11,6,103
fiqa,independent_rank_percentile_q0p3,"rank-percentile (tie-abstain) + independent quantile (q=0.3, low selectivity)",independent_grid,ms1,markov_graph,120,0.0013727545038904414,0.0,-0.0016062283124190341,0.004705119949081926,0.8011,0.41405859414058593,8,10,102
fiqa,independent_rank_percentile_q0p3,"rank-percentile (tie-abstain) + independent quantile (q=0.3, low selectivity)",independent_grid,ms1,markov_hybrid,120,-0.0008766736619681282,0.0,-0.005339838452174081,0.0021994756799466005,0.3988,1.0,5,1,114
fiqa,independent_rank_percentile_q0p3,"rank-percentile (tie-abstain) + independent quantile (q=0.3, low selectivity)",independent_grid,ms1,pagerank_graph,120,-0.020305197523492753,0.0,-0.04179648702477667,-0.0016211696228772064,0.0144,0.045995400459954004,14,24,82
fiqa,independent_rank_percentile_q0p3,"rank-percentile (tie-abstain) + independent quantile (q=0.3, low selectivity)",independent_grid,ms1,rank_centrality_graph,120,-0.005777704667592616,0.0,-0.014707731939943024,0.0014037781499839125,0.0627,0.16548345165483452,13,19,88
fiqa,independent_rank_percentile_q0p3,"rank-percentile (tie-abstain) + independent quantile (q=0.3, low selectivity)",independent_grid,ms1_drop_mutual,balance_graph,120,0.0,0.0,0.0,0.0,0.0,1.0,0,0,120
fiqa,independent_rank_percentile_q0p3,"rank-percentile (tie-abstain) + independent quantile (q=0.3, low selectivity)",independent_grid,ms1_drop_mutual,balance_hybrid,120,0.0,0.0,0.0,0.0,0.0,1.0,0,0,120
fiqa,independent_rank_percentile_q0p3,"rank-percentile (tie-abstain) + independent quantile (q=0.3, low selectivity)",independent_grid,ms1_drop_mutual,bradley_terry_graph,120,-0.0001418587550641987,0.0,-0.0004170593680903533,7.033036009890687e-05,0.1153,0.37596240375962403,1,3,116
fiqa,independent_rank_percentile_q0p3,"rank-percentile (tie-abstain) + independent quantile (q=0.3, low selectivity)",independent_grid,ms1_drop_mutual,copeland_graph,120,0.0005719044169922402,0.0,-4.1839779661188384e-05,0.0015336329489437867,0.866,0.49625037496250374,2,1,117
fiqa,independent_rank_percentile_q0p3,"rank-percentile (tie-abstain) + independent quantile (q=0.3, low selectivity)",independent_grid,ms1_drop_mutual,copeland_hybrid,120,-6.32384949177181e-05,0.0,-0.0001897154847531543,0.0,0.0,1.0,0,1,119
fiqa,independent_rank_percentile_q0p3,"rank-percentile (tie-abstain) + independent quantile (q=0.3, low selectivity)",independent_grid,ms1_drop_mutual,markov_graph,120,-6.32384949177181e-05,0.0,-0.0001897154847531543,0.0,0.0,1.0,0,1,119
fiqa,independent_rank_percentile_q0p3,"rank-percentile (tie-abstain) + independent quantile (q=0.3, low selectivity)",independent_grid,ms1_drop_mutual,markov_hybrid,120,-0.00012029067601456306,0.0,-0.00036087202804368915,0.0,0.0,1.0,0,1,119
fiqa,independent_rank_percentile_q0p3,"rank-percentile (tie-abstain) + independent quantile (q=0.3, low selectivity)",independent_grid,ms1_drop_mutual,pagerank_graph,120,1.679433554403753e-06,0.0,-0.0003929083596634348,0.0004338517795524748,0.4924,1.0,2,2,116
fiqa,independent_rank_percentile_q0p3,"rank-percentile (tie-abstain) + independent quantile (q=0.3, low selectivity)",independent_grid,ms1_drop_mutual,rank_centrality_graph,120,7.39875752914824e-05,0.0,-0.0007641444738016012,0.0008504144854855424,0.5892,0.8792120787921208,3,2,115
fiqa,independent_rank_percentile_q0p3,"rank-percentile (tie-abstain) + independent quantile (q=0.3, low selectivity)",independent_grid,ms2,balance_graph,120,0.0,0.0,0.0,0.0,0.0,1.0,0,0,120
fiqa,independent_rank_percentile_q0p3,"rank-percentile (tie-abstain) + independent quantile (q=0.3, low selectivity)",independent_grid,ms2,balance_hybrid,120,0.0,0.0,0.0,0.0,0.0,1.0,0,0,120
fiqa,independent_rank_percentile_q0p3,"rank-percentile (tie-abstain) + independent quantile (q=0.3, low selectivity)",independent_grid,ms2,bradley_terry_graph,120,0.0,0.0,0.0,0.0,0.0,1.0,0,0,120
fiqa,independent_rank_percentile_q0p3,"rank-percentile (tie-abstain) + independent quantile (q=0.3, low selectivity)",independent_grid,ms2,copeland_graph,120,0.0,0.0,0.0,0.0,0.0,1.0,0,0,120
fiqa,independent_rank_percentile_q0p3,"rank-percentile (tie-abstain) + independent quantile (q=0.3, low selectivity)",independent_grid,ms2,copeland_hybrid,120,0.0,0.0,0.0,0.0,0.0,1.0,0,0,120
fiqa,independent_rank_percentile_q0p3,"rank-percentile (tie-abstain) + independent quantile (q=0.3, low selectivity)",independent_grid,ms2,markov_graph,120,0.0,0.0,0.0,0.0,0.0,1.0,0,0,120
fiqa,independent_rank_percentile_q0p3,"rank-percentile (tie-abstain) + independent quantile (q=0.3, low selectivity)",independent_grid,ms2,markov_hybrid,120,0.0,0.0,0.0,0.0,0.0,1.0,0,0,120
fiqa,independent_rank_percentile_q0p3,"rank-percentile (tie-abstain) + independent quantile (q=0.3, low selectivity)",independent_grid,ms2,pagerank_graph,120,0.0,0.0,0.0,0.0,0.0,1.0,0,0,120
fiqa,independent_rank_percentile_q0p3,"rank-percentile (tie-abstain) + independent quantile (q=0.3, low selectivity)",independent_grid,ms2,rank_centrality_graph,120,0.0,0.0,0.0,0.0,0.0,1.0,0,0,120
fiqa,independent_rank_percentile_q0p5,rank-percentile (tie-abstain) + independent quantile (q=0.5),independent,ms1,balance_graph,120,0.001432916133643874,0.0,-1.878234888385989e-05,0.0032863442330241964,0.9733,0.09659034096590341,8,7,105
fiqa,independent_rank_percentile_q0p5,rank-percentile (tie-abstain) + independent quantile (q=0.5),independent,ms1,balance_hybrid,120,-0.0002140880561598927,0.0,-0.0007488955266538325,0.00019489294774110018,0.1791,0.43115688431156884,2,4,114
fiqa,independent_rank_percentile_q0p5,rank-percentile (tie-abstain) + independent quantile (q=0.5),independent,ms1,bradley_terry_graph,120,0.010454748364664248,0.0,0.002712634667166293,0.019534961272366622,0.9967,0.0110988901109889,23,8,89
fiqa,independent_rank_percentile_q0p5,rank-percentile (tie-abstain) + independent quantile (q=0.5),independent,ms1,copeland_graph,120,0.003356632906034009,0.0,0.0009456001502742487,0.006019312476960145,0.9979,0.0100989901009899,21,6,93
fiqa,independent_rank_percentile_q0p5,rank-percentile (tie-abstain) + independent quantile (q=0.5),independent,ms1,copeland_hybrid,120,0.0001879278757661515,0.0,-0.0014795907823904268,0.0014622658399440214,0.6245,0.8666133386661334,9,4,107
fiqa,independent_rank_percentile_q0p5,rank-percentile (tie-abstain) + independent quantile (q=0.5),independent,ms1,markov_graph,120,0.006212324512703706,0.0,0.0005728269755954992,0.013878211919855214,0.988,0.047795220477952205,14,8,98
fiqa,independent_rank_percentile_q0p5,rank-percentile (tie-abstain) + independent quantile (q=0.5),independent,ms1,markov_hybrid,120,0.0014935212541418385,0.0,-8.754460965878044e-06,0.004055582657085512,0.9742,0.07479252074792521,6,1,113
fiqa,independent_rank_percentile_q0p5,rank-percentile (tie-abstain) + independent quantile (q=0.5),independent,ms1,pagerank_graph,120,-0.000356784989055776,0.0,-0.013180261542587935,0.012706661137395988,0.4714,0.956904309569043,16,16,88
fiqa,independent_rank_percentile_q0p5,rank-percentile (tie-abstain) + independent quantile (q=0.5),independent,ms1,rank_centrality_graph,120,-0.0004296878581260613,0.0,-0.005113995973282952,0.004526998051498884,0.4215,0.8708129187081292,12,15,93
fiqa,independent_rank_percentile_q0p5,rank-percentile (tie-abstain) + independent quantile (q=0.5),independent,ms1_drop_mutual,balance_graph,120,0.0,0.0,0.0,0.0,0.0,1.0,0,0,120
fiqa,independent_rank_percentile_q0p5,rank-percentile (tie-abstain) + independent quantile (q=0.5),independent,ms1_drop_mutual,balance_hybrid,120,0.0,0.0,0.0,0.0,0.0,1.0,0,0,120
fiqa,independent_rank_percentile_q0p5,rank-percentile (tie-abstain) + independent quantile (q=0.5),independent,ms1_drop_mutual,bradley_terry_graph,120,0.00021574686073778845,0.0,-0.0001587286215092672,0.0006649408681657141,0.8561,0.37346265373462656,4,2,114
fiqa,independent_rank_percentile_q0p5,rank-percentile (tie-abstain) + independent quantile (q=0.5),independent,ms1_drop_mutual,copeland_graph,120,0.00036527436205687305,0.0,0.0,0.000984297915714318,0.9535,0.2526747325267473,3,0,117
fiqa,independent_rank_percentile_q0p5,rank-percentile (tie-abstain) + independent quantile (q=0.5),independent,ms1_drop_mutual,copeland_hybrid,120,-0.00013577842178280248,0.0,-0.00040733526534840746,0.0,0.0,1.0,0,1,119
fiqa,independent_rank_percentile_q0p5,rank-percentile (tie-abstain) + independent quantile (q=0.5),independent,ms1_drop_mutual,markov_graph,120,0.00011900108014586871,0.0,0.0,0.0003012406552094555,0.8736,0.49665033496650335,2,0,118
fiqa,independent_rank_percentile_q0p5,rank-percentile (tie-abstain) + independent quantile (q=0.5),independent,ms1_drop_mutual,markov_hybrid,120,0.0,0.0,0.0,0.0,0.0,1.0,0,0,120
fiqa,independent_rank_percentile_q0p5,rank-percentile (tie-abstain) + independent quantile (q=0.5),independent,ms1_drop_mutual,pagerank_graph,120,0.00025301019502323835,0.0,-0.0001508866526658238,0.000768522873978443,0.8674,0.3752624737526247,4,1,115
fiqa,independent_rank_percentile_q0p5,rank-percentile (tie-abstain) + independent quantile (q=0.5),independent,ms1_drop_mutual,rank_centrality_graph,120,0.00019964181440652526,0.0,-0.0001264769898354362,0.0006624749683732901,0.8117,0.49465053494650535,2,1,117
fiqa,independent_rank_percentile_q0p5,rank-percentile (tie-abstain) + independent quantile (q=0.5),independent,ms2,balance_graph,120,0.0,0.0,0.0,0.0,0.0,1.0,0,0,120
fiqa,independent_rank_percentile_q0p5,rank-percentile (tie-abstain) + independent quantile (q=0.5),independent,ms2,balance_hybrid,120,0.0,0.0,0.0,0.0,0.0,1.0,0,0,120
fiqa,independent_rank_percentile_q0p5,rank-percentile (tie-abstain) + independent quantile (q=0.5),independent,ms2,bradley_terry_graph,120,0.0,0.0,0.0,0.0,0.0,1.0,0,0,120
fiqa,independent_rank_percentile_q0p5,rank-percentile (tie-abstain) + independent quantile (q=0.5),independent,ms2,copeland_graph,120,0.0,0.0,0.0,0.0,0.0,1.0,0,0,120
fiqa,independent_rank_percentile_q0p5,rank-percentile (tie-abstain) + independent quantile (q=0.5),independent,ms2,copeland_hybrid,120,0.0,0.0,0.0,0.0,0.0,1.0,0,0,120
fiqa,independent_rank_percentile_q0p5,rank-percentile (tie-abstain) + independent quantile (q=0.5),independent,ms2,markov_graph,120,0.0,0.0,0.0,0.0,0.0,1.0,0,0,120
fiqa,independent_rank_percentile_q0p5,rank-percentile (tie-abstain) + independent quantile (q=0.5),independent,ms2,markov_hybrid,120,0.0,0.0,0.0,0.0,0.0,1.0,0,0,120
fiqa,independent_rank_percentile_q0p5,rank-percentile (tie-abstain) + independent quantile (q=0.5),independent,ms2,pagerank_graph,120,0.0,0.0,0.0,0.0,0.0,1.0,0,0,120
fiqa,independent_rank_percentile_q0p5,rank-percentile (tie-abstain) + independent quantile (q=0.5),independent,ms2,rank_centrality_graph,120,0.0,0.0,0.0,0.0,0.0,1.0,0,0,120
fiqa,independent_rank_percentile_q0p7,"rank-percentile (tie-abstain) + independent quantile (q=0.7, high selectivity)",independent_grid,ms1,balance_graph,120,0.0005818342086615784,0.0,-0.0005470610928037473,0.0018820398096378655,0.8248,0.38616138386161386,8,5,107
fiqa,independent_rank_percentile_q0p7,"rank-percentile (tie-abstain) + independent quantile (q=0.7, high selectivity)",independent_grid,ms1,balance_hybrid,120,-4.297722357368093e-05,0.0,-0.000523917864369273,0.00032646260934422234,0.4614,1.0,3,1,116
fiqa,independent_rank_percentile_q0p7,"rank-percentile (tie-abstain) + independent quantile (q=0.7, high selectivity)",independent_grid,ms1,bradley_terry_graph,120,0.016996575000930405,0.0,0.0022155177009233256,0.03482113399510561,0.991,0.0336966303369663,19,13,88
fiqa,independent_rank_percentile_q0p7,"rank-percentile (tie-abstain) + independent quantile (q=0.7, high selectivity)",independent_grid,ms1,copeland_graph,120,0.0013657387376393433,0.0,0.0001419183725003122,0.0028948157896022,0.9885,0.05599440055994401,8,4,108
fiqa,independent_rank_percentile_q0p7,"rank-percentile (tie-abstain) + independent quantile (q=0.7, high selectivity)",independent_grid,ms1,copeland_hybrid,120,0.0005677622427280028,0.0,-0.0005589702128937279,0.0021333392356443345,0.7876,0.5146485351464853,7,6,107
fiqa,independent_rank_percentile_q0p7,"rank-percentile (tie-abstain) + independent quantile (q=0.7, high selectivity)",independent_grid,ms1,markov_graph,120,0.0017359033775035178,0.0,-0.0005258601379990822,0.004763172636374551,0.9,0.32426757324267574,6,9,105
fiqa,independent_rank_percentile_q0p7,"rank-percentile (tie-abstain) + independent quantile (q=0.7, high selectivity)",independent_grid,ms1,markov_hybrid,120,1.440609360930471e-07,0.0,-0.0005268468894816915,0.0004333541936387077,0.5283,1.0,4,2,114
fiqa,independent_rank_percentile_q0p7,"rank-percentile (tie-abstain) + independent quantile (q=0.7, high selectivity)",independent_grid,ms1,pagerank_graph,120,0.005815929302981974,0.0,-0.005890631397697249,0.01901543756296361,0.8164,0.39316068393160686,15,11,94
fiqa,independent_rank_percentile_q0p7,"rank-percentile (tie-abstain) + independent quantile (q=0.7, high selectivity)",independent_grid,ms1,rank_centrality_graph,120,0.009682904434206578,0.0,0.0012095645963525851,0.020112367527174522,0.9907,0.06029397060293971,14,9,97
fiqa,independent_rank_percentile_q0p7,"rank-percentile (tie-abstain) + independent quantile (q=0.7, high selectivity)",independent_grid,ms1_drop_mutual,balance_graph,120,-7.253992686508439e-05,0.0,-0.00021761978059525315,0.0,0.0,1.0,0,1,119
fiqa,independent_rank_percentile_q0p7,"rank-percentile (tie-abstain) + independent quantile (q=0.7, high selectivity)",independent_grid,ms1_drop_mutual,balance_hybrid,120,9.970974455077766e-05,0.0,0.0,0.00029912923365233297,0.6234,1.0,1,0,119
fiqa,independent_rank_percentile_q0p7,"rank-percentile (tie-abstain) + independent quantile (q=0.7, high selectivity)",independent_grid,ms1_drop_mutual,bradley_terry_graph,120,-0.00049639504129645,0.0,-0.0012845269296822238,0.0001349705141236631,0.0635,0.19258074192580743,1,4,115
fiqa,independent_rank_percentile_q0p7,"rank-percentile (tie-abstain) + independent quantile (q=0.7, high selectivity)",independent_grid,ms1_drop_mutual,copeland_graph,120,0.00018418228025204804,0.0,0.0,0.0005183561681621589,0.8666,0.5108489151084892,2,0,118
fiqa,independent_rank_percentile_q0p7,"rank-percentile (tie-abstain) + independent quantile (q=0.7, high selectivity)",independent_grid,ms1_drop_mutual,copeland_hybrid,120,0.0,0.0,0.0,0.0,0.0,1.0,0,0,120
fiqa,independent_rank_percentile_q0p7,"rank-percentile (tie-abstain) + independent quantile (q=0.7, high selectivity)",independent_grid,ms1_drop_mutual,markov_graph,120,-0.00013577842178280248,0.0,-0.0005706860772179379,0.00019941948910155531,0.1741,0.7511248875112488,1,2,117
fiqa,independent_rank_percentile_q0p7,"rank-percentile (tie-abstain) + independent quantile (q=0.7, high selectivity)",independent_grid,ms1_drop_mutual,markov_hybrid,120,0.0,0.0,0.0,0.0,0.0,1.0,0,0,120
fiqa,independent_rank_percentile_q0p7,"rank-percentile (tie-abstain) + independent quantile (q=0.7, high selectivity)",independent_grid,ms1_drop_mutual,pagerank_graph,120,-0.0015900673860118157,0.0,-0.005694395932568544,0.0006711467578641467,0.3443,1.0,3,1,116
fiqa,independent_rank_percentile_q0p7,"rank-percentile (tie-abstain) + independent quantile (q=0.7, high selectivity)",independent_grid,ms1_drop_mutual,rank_centrality_graph,120,-0.00035177665942514403,0.0,-0.0013362757994629432,0.00024217131555399942,0.2544,0.7444255574442555,2,2,116
fiqa,independent_rank_percentile_q0p7,"rank-percentile (tie-abstain) + independent quantile (q=0.7, high selectivity)",independent_grid,ms2,balance_graph,120,0.0,0.0,0.0,0.0,0.0,1.0,0,0,120
fiqa,independent_rank_percentile_q0p7,"rank-percentile (tie-abstain) + independent quantile (q=0.7, high selectivity)",independent_grid,ms2,balance_hybrid,120,0.0,0.0,0.0,0.0,0.0,1.0,0,0,120
fiqa,independent_rank_percentile_q0p7,"rank-percentile (tie-abstain) + independent quantile (q=0.7, high selectivity)",independent_grid,ms2,bradley_terry_graph,120,0.0,0.0,0.0,0.0,0.0,1.0,0,0,120
fiqa,independent_rank_percentile_q0p7,"rank-percentile (tie-abstain) + independent quantile (q=0.7, high selectivity)",independent_grid,ms2,copeland_graph,120,0.0,0.0,0.0,0.0,0.0,1.0,0,0,120
fiqa,independent_rank_percentile_q0p7,"rank-percentile (tie-abstain) + independent quantile (q=0.7, high selectivity)",independent_grid,ms2,copeland_hybrid,120,0.0,0.0,0.0,0.0,0.0,1.0,0,0,120
fiqa,independent_rank_percentile_q0p7,"rank-percentile (tie-abstain) + independent quantile (q=0.7, high selectivity)",independent_grid,ms2,markov_graph,120,0.0,0.0,0.0,0.0,0.0,1.0,0,0,120
fiqa,independent_rank_percentile_q0p7,"rank-percentile (tie-abstain) + independent quantile (q=0.7, high selectivity)",independent_grid,ms2,markov_hybrid,120,0.0,0.0,0.0,0.0,0.0,1.0,0,0,120
fiqa,independent_rank_percentile_q0p7,"rank-percentile (tie-abstain) + independent quantile (q=0.7, high selectivity)",independent_grid,ms2,pagerank_graph,120,0.0,0.0,0.0,0.0,0.0,1.0,0,0,120
fiqa,independent_rank_percentile_q0p7,"rank-percentile (tie-abstain) + independent quantile (q=0.7, high selectivity)",independent_grid,ms2,rank_centrality_graph,120,0.0,0.0,0.0,0.0,0.0,1.0,0,0,120
fiqa,primary_minmax_retention_matched,minmax + retention-matched,primary,ms1,balance_graph,120,0.0035159966086473946,0.0,-0.0013419574922689406,0.009926860348391362,0.9064,0.27577242275772423,16,5,99
fiqa,primary_minmax_retention_matched,minmax + retention-matched,primary,ms1,balance_hybrid,120,-0.0016912410670576554,0.0,-0.0057342702774028234,0.0005258041683676689,0.3244,0.8718128187181282,3,2,115
fiqa,primary_minmax_retention_matched,minmax + retention-matched,primary,ms1,bradley_terry_graph,120,0.010720220886984709,0.0,-0.001512707381477121,0.02431096800410265,0.9568,0.10628937106289371,24,8,88
fiqa,primary_minmax_retention_matched,minmax + retention-matched,primary,ms1,copeland_graph,120,0.003634275353696659,0.0,-0.005367346805124414,0.011278381663289217,0.813,0.44145585441455854,21,10,89
fiqa,primary_minmax_retention_matched,minmax + retention-matched,primary,ms1,copeland_hybrid,120,-0.004569149185585734,0.0,-0.013271197026379595,0.0017783080447936904,0.107,0.30086991300869914,16,8,96
fiqa,primary_minmax_retention_matched,minmax + retention-matched,primary,ms1,markov_graph,120,0.0035687576069974854,0.0,-0.0019421517960850842,0.009913035830864895,0.8865,0.2502749725027497,17,7,96
fiqa,primary_minmax_retention_matched,minmax + retention-matched,primary,ms1,markov_hybrid,120,-0.0014151358577842701,0.0,-0.005962700296458564,0.0014080429146498328,0.3022,0.8066193380661933,7,3,110
fiqa,primary_minmax_retention_matched,minmax + retention-matched,primary,ms1,pagerank_graph,120,-0.010974638781491934,0.0,-0.02752999450869231,0.0036031087806380905,0.0754,0.1772822717728227,13,19,88
fiqa,primary_minmax_retention_matched,minmax + retention-matched,primary,ms1,rank_centrality_graph,120,-0.0051431014655316,0.0,-0.014677762334432208,0.0031589334139651183,0.1271,0.2833716628337166,15,18,87
fiqa,primary_minmax_retention_matched,minmax + retention-matched,primary,ms1_drop_mutual,balance_graph,120,-5.57625852281506e-05,0.0,-0.00016728775568445182,0.0,0.0,1.0,0,1,119
fiqa,primary_minmax_retention_matched,minmax + retention-matched,primary,ms1_drop_mutual,balance_hybrid,120,0.0,0.0,0.0,0.0,0.0,1.0,0,0,120
fiqa,primary_minmax_retention_matched,minmax + retention-matched,primary,ms1_drop_mutual,bradley_terry_graph,120,4.40501691678317e-06,0.0,-0.0003073530336891436,0.00027091787769103066,0.5372,1.0,2,1,117
fiqa,primary_minmax_retention_matched,minmax + retention-matched,primary,ms1_drop_mutual,copeland_graph,120,-0.00017263791214213408,0.0,-0.00046750130765593387,0.0,0.0,0.5046495350464953,0,2,118
fiqa,primary_minmax_retention_matched,minmax + retention-matched,primary,ms1_drop_mutual,copeland_hybrid,120,0.0,0.0,0.0,0.0,0.0,1.0,0,0,120
fiqa,primary_minmax_retention_matched,minmax + retention-matched,primary,ms1_drop_mutual,markov_graph,120,-5.57625852281506e-05,0.0,-0.00016728775568445182,0.0,0.0,1.0,0,1,119
fiqa,primary_minmax_retention_matched,minmax + retention-matched,primary,ms1_drop_mutual,markov_hybrid,120,-0.00019061544812240723,0.0,-0.0005718463443672217,0.0,0.0,1.0,0,1,119
fiqa,primary_minmax_retention_matched,minmax + retention-matched,primary,ms1_drop_mutual,pagerank_graph,120,-0.0003392967712385444,0.0,-0.0020302247368716923,0.0008249519978222209,0.3919,1.0,3,1,116
fiqa,primary_minmax_retention_matched,minmax + retention-matched,primary,ms1_drop_mutual,rank_centrality_graph,120,-0.00023959505565573173,0.0,-0.0017400636149380853,0.0007816833923151583,0.4104,1.0,3,1,116
fiqa,primary_minmax_retention_matched,minmax + retention-matched,primary,ms2,balance_graph,120,0.0,0.0,0.0,0.0,0.0,1.0,0,0,120
fiqa,primary_minmax_retention_matched,minmax + retention-matched,primary,ms2,balance_hybrid,120,0.0,0.0,0.0,0.0,0.0,1.0,0,0,120
fiqa,primary_minmax_retention_matched,minmax + retention-matched,primary,ms2,bradley_terry_graph,120,0.0,0.0,0.0,0.0,0.0,1.0,0,0,120
fiqa,primary_minmax_retention_matched,minmax + retention-matched,primary,ms2,copeland_graph,120,0.0,0.0,0.0,0.0,0.0,1.0,0,0,120
fiqa,primary_minmax_retention_matched,minmax + retention-matched,primary,ms2,copeland_hybrid,120,0.0,0.0,0.0,0.0,0.0,1.0,0,0,120
fiqa,primary_minmax_retention_matched,minmax + retention-matched,primary,ms2,markov_graph,120,0.0,0.0,0.0,0.0,0.0,1.0,0,0,120
fiqa,primary_minmax_retention_matched,minmax + retention-matched,primary,ms2,markov_hybrid,120,0.0,0.0,0.0,0.0,0.0,1.0,0,0,120
fiqa,primary_minmax_retention_matched,minmax + retention-matched,primary,ms2,pagerank_graph,120,0.0,0.0,0.0,0.0,0.0,1.0,0,0,120
fiqa,primary_minmax_retention_matched,minmax + retention-matched,primary,ms2,rank_centrality_graph,120,0.0,0.0,0.0,0.0,0.0,1.0,0,0,120
fiqa,robustness_rank_percentile_retention,rank-percentile + retention-matched,robustness,ms1,balance_graph,120,0.002226071229777297,0.0,0.0005317450894930465,0.004447749489593162,0.9991,0.011198880111988802,12,3,105
fiqa,robustness_rank_percentile_retention,rank-percentile + retention-matched,robustness,ms1,balance_hybrid,120,0.0003107687768266233,0.0,-0.00017780724103210014,0.0009602741317285967,0.8511,0.38166183381661833,3,1,116
fiqa,robustness_rank_percentile_retention,rank-percentile + retention-matched,robustness,ms1,bradley_terry_graph,120,0.004573084969143483,0.0,-0.005918914002963092,0.014772354348572058,0.8149,0.39676032396760325,22,9,89
fiqa,robustness_rank_percentile_retention,rank-percentile + retention-matched,robustness,ms1,copeland_graph,120,0.0025214532169750225,0.0,-0.0038537473335855006,0.008157853770874206,0.8044,0.44145585441455854,25,7,88
fiqa,robustness_rank_percentile_retention,rank-percentile + retention-matched,robustness,ms1,copeland_hybrid,120,0.000997168976666545,0.0,-0.000159324357283124,0.002358223193379881,0.9508,0.14108589141085892,11,4,105
fiqa,robustness_rank_percentile_retention,rank-percentile + retention-matched,robustness,ms1,markov_graph,120,0.007600862437489972,0.0,0.001554869651545586,0.01659579626627087,0.9991,0.008899110088991101,17,9,94
fiqa,robustness_rank_percentile_retention,rank-percentile + retention-matched,robustness,ms1,markov_hybrid,120,0.002012985511475808,0.0,-0.00019100969431090493,0.005187771321010104,0.9334,0.250974902509749,3,2,115
fiqa,robustness_rank_percentile_retention,rank-percentile + retention-matched,robustness,ms1,pagerank_graph,120,0.0036566401790858226,0.0,-0.007396824805095183,0.01454614167627767,0.7519,0.5234476552344766,19,14,87
fiqa,robustness_rank_percentile_retention,rank-percentile + retention-matched,robustness,ms1,rank_centrality_graph,120,-0.005141063455547779,0.0,-0.014070773591699478,0.0018816718483943185,0.0911,0.24467553244675533,14,16,90
fiqa,robustness_rank_percentile_retention,rank-percentile + retention-matched,robustness,ms1_drop_mutual,balance_graph,120,0.0,0.0,0.0,0.0,0.0,1.0,0,0,120
fiqa,robustness_rank_percentile_retention,rank-percentile + retention-matched,robustness,ms1_drop_mutual,balance_hybrid,120,0.0,0.0,0.0,0.0,0.0,1.0,0,0,120
fiqa,robustness_rank_percentile_retention,rank-percentile + retention-matched,robustness,ms1_drop_mutual,bradley_terry_graph,120,0.0004922415198719062,0.0,6.11367499626698e-05,0.0010911060316052584,0.9808,0.12098790120987901,4,0,116
fiqa,robustness_rank_percentile_retention,rank-percentile + retention-matched,robustness,ms1_drop_mutual,copeland_graph,120,-0.0006430126366480427,0.0,-0.0032063260685897383,0.0010143842128313458,0.3567,0.9121087891210878,5,3,112
fiqa,robustness_rank_percentile_retention,rank-percentile + retention-matched,robustness,ms1_drop_mutual,copeland_hybrid,120,0.000274964453678724,0.0,0.0,0.0007405443554798552,0.8556,0.4988501149885011,2,0,118
fiqa,robustness_rank_percentile_retention,rank-percentile + retention-matched,robustness,ms1_drop_mutual,markov_graph,120,0.00014890380456337126,0.0,0.0,0.00044671141369011377,0.6232,1.0,1,0,119
fiqa,robustness_rank_percentile_retention,rank-percentile + retention-matched,robustness,ms1_drop_mutual,markov_hybrid,120,0.0,0.0,0.0,0.0,0.0,1.0,0,0,120
fiqa,robustness_rank_percentile_retention,rank-percentile + retention-matched,robustness,ms1_drop_mutual,pagerank_graph,120,-0.0030229989473780955,0.0,-0.009390977477890283,0.00032987176722486846,0.232,0.5907409259074092,4,2,114
fiqa,robustness_rank_percentile_retention,rank-percentile + retention-matched,robustness,ms1_drop_mutual,rank_centrality_graph,120,-0.003904905638987423,0.0,-0.011260110514445313,0.00041066483224261503,0.1294,0.5012498750124987,3,2,115
fiqa,robustness_rank_percentile_retention,rank-percentile + retention-matched,robustness,ms2,balance_graph,120,0.0,0.0,0.0,0.0,0.0,1.0,0,0,120
fiqa,robustness_rank_percentile_retention,rank-percentile + retention-matched,robustness,ms2,balance_hybrid,120,0.0,0.0,0.0,0.0,0.0,1.0,0,0,120
fiqa,robustness_rank_percentile_retention,rank-percentile + retention-matched,robustness,ms2,bradley_terry_graph,120,0.0,0.0,0.0,0.0,0.0,1.0,0,0,120
fiqa,robustness_rank_percentile_retention,rank-percentile + retention-matched,robustness,ms2,copeland_graph,120,0.0,0.0,0.0,0.0,0.0,1.0,0,0,120
fiqa,robustness_rank_percentile_retention,rank-percentile + retention-matched,robustness,ms2,copeland_hybrid,120,0.0,0.0,0.0,0.0,0.0,1.0,0,0,120
fiqa,robustness_rank_percentile_retention,rank-percentile + retention-matched,robustness,ms2,markov_graph,120,0.0,0.0,0.0,0.0,0.0,1.0,0,0,120
fiqa,robustness_rank_percentile_retention,rank-percentile + retention-matched,robustness,ms2,markov_hybrid,120,0.0,0.0,0.0,0.0,0.0,1.0,0,0,120
fiqa,robustness_rank_percentile_retention,rank-percentile + retention-matched,robustness,ms2,pagerank_graph,120,0.0,0.0,0.0,0.0,0.0,1.0,0,0,120
fiqa,robustness_rank_percentile_retention,rank-percentile + retention-matched,robustness,ms2,rank_centrality_graph,120,0.0,0.0,0.0,0.0,0.0,1.0,0,0,120
fiqa,robustness_zscore_retention,z-score + retention-matched,robustness,ms1,balance_graph,120,0.0017223979155774327,0.0,-0.0010184253126608567,0.005084906988779396,0.8738,0.3107689231076892,10,7,103
fiqa,robustness_zscore_retention,z-score + retention-matched,robustness,ms1,balance_hybrid,120,-0.0022232033830276014,0.0,-0.007603877090884644,0.00077828893297637,0.3221,0.8731126887311269,4,3,113
fiqa,robustness_zscore_retention,z-score + retention-matched,robustness,ms1,bradley_terry_graph,120,0.009694218740417792,0.0,-0.0031329659075470737,0.024378057461327433,0.9234,0.17628237176282371,19,11,90
fiqa,robustness_zscore_retention,z-score + retention-matched,robustness,ms1,copeland_graph,120,0.005124021449330241,0.0,-0.005803533349752904,0.015090647241697957,0.838,0.37536246375362464,25,10,85
fiqa,robustness_zscore_retention,z-score + retention-matched,robustness,ms1,copeland_hybrid,120,-0.005176968402881133,0.0,-0.01400581150637941,0.001101211305096005,0.0682,0.22827717228277172,15,6,99
fiqa,robustness_zscore_retention,z-score + retention-matched,robustness,ms1,markov_graph,120,0.0040918914915601835,0.0,-0.0014513906861334928,0.010928806977744183,0.9136,0.207979202079792,16,12,92
fiqa,robustness_zscore_retention,z-score + retention-matched,robustness,ms1,markov_hybrid,120,-0.0021504582468500674,0.0,-0.008105988013776136,0.001526775319541724,0.2727,0.7375262473752625,7,4,109
fiqa,robustness_zscore_retention,z-score + retention-matched,robustness,ms1,pagerank_graph,120,-0.008246997589656307,0.0,-0.022345512546691707,0.004909458623183659,0.1156,0.24447555244475552,14,18,88
fiqa,robustness_zscore_retention,z-score + retention-matched,robustness,ms1,rank_centrality_graph,120,-0.0021721147441145046,0.0,-0.011219211032534092,0.006135375673731868,0.3186,0.6588341165883411,17,16,87
fiqa,robustness_zscore_retention,z-score + retention-matched,robustness,ms1_drop_mutual,balance_graph,120,6.32384949177181e-05,0.0,0.0,0.0001897154847531543,0.6234,1.0,1,0,119
fiqa,robustness_zscore_retention,z-score + retention-matched,robustness,ms1_drop_mutual,balance_hybrid,120,0.0,0.0,0.0,0.0,0.0,1.0,0,0,120
fiqa,robustness_zscore_retention,z-score + retention-matched,robustness,ms1_drop_mutual,bradley_terry_graph,120,-4.8286675538583106e-05,0.0,-0.00022407061005882687,0.0001339528995250037,0.3448,1.0,1,2,117
fiqa,robustness_zscore_retention,z-score + retention-matched,robustness,ms1_drop_mutual,copeland_graph,120,7.475909689567498e-06,0.0,-0.00016728775568445182,0.0001897154847531543,0.5184,1.0,1,1,118
fiqa,robustness_zscore_retention,z-score + retention-matched,robustness,ms1_drop_mutual,copeland_hybrid,120,0.0,0.0,0.0,0.0,0.0,1.0,0,0,120
fiqa,robustness_zscore_retention,z-score + retention-matched,robustness,ms1_drop_mutual,markov_graph,120,5.480722120865487e-06,0.0,-0.0002826870672897365,0.00029912923365233297,0.5187,1.0,1,1,118
fiqa,robustness_zscore_retention,z-score + retention-matched,robustness,ms1_drop_mutual,markov_hybrid,120,0.0,0.0,0.0,0.0,0.0,1.0,0,0,120
fiqa,robustness_zscore_retention,z-score + retention-matched,robustness,ms1_drop_mutual,pagerank_graph,120,-0.0009407982458813217,0.0,-0.0030605029892522514,0.00019352943592683715,0.3252,1.0,2,1,117
fiqa,robustness_zscore_retention,z-score + retention-matched,robustness,ms1_drop_mutual,rank_centrality_graph,120,-0.000859313936140457,0.0,-0.0024296992165958016,8.06345925015763e-05,0.0889,0.5087491250874913,1,2,117
fiqa,robustness_zscore_retention,z-score + retention-matched,robustness,ms2,balance_graph,120,0.0,0.0,0.0,0.0,0.0,1.0,0,0,120
fiqa,robustness_zscore_retention,z-score + retention-matched,robustness,ms2,balance_hybrid,120,0.0,0.0,0.0,0.0,0.0,1.0,0,0,120
fiqa,robustness_zscore_retention,z-score + retention-matched,robustness,ms2,bradley_terry_graph,120,0.0,0.0,0.0,0.0,0.0,1.0,0,0,120
fiqa,robustness_zscore_retention,z-score + retention-matched,robustness,ms2,copeland_graph,120,0.0,0.0,0.0,0.0,0.0,1.0,0,0,120
fiqa,robustness_zscore_retention,z-score + retention-matched,robustness,ms2,copeland_hybrid,120,0.0,0.0,0.0,0.0,0.0,1.0,0,0,120
fiqa,robustness_zscore_retention,z-score + retention-matched,robustness,ms2,markov_graph,120,0.0,0.0,0.0,0.0,0.0,1.0,0,0,120
fiqa,robustness_zscore_retention,z-score + retention-matched,robustness,ms2,markov_hybrid,120,0.0,0.0,0.0,0.0,0.0,1.0,0,0,120
fiqa,robustness_zscore_retention,z-score + retention-matched,robustness,ms2,pagerank_graph,120,0.0,0.0,0.0,0.0,0.0,1.0,0,0,120
fiqa,robustness_zscore_retention,z-score + retention-matched,robustness,ms2,rank_centrality_graph,120,0.0,0.0,0.0,0.0,0.0,1.0,0,0,120
hotpotqa,ablation_minmax_fixed,minmax + fixed,ablation,ms1,balance_graph,52,-0.006161210579371266,0.0,-0.016987601007423456,4.048629102908742e-05,0.0253,0.1845815418458154,1,4,47
hotpotqa,ablation_minmax_fixed,minmax + fixed,ablation,ms1,balance_hybrid,52,0.0,0.0,0.0,0.0,0.0,1.0,0,0,52
hotpotqa,ablation_minmax_fixed,minmax + fixed,ablation,ms1,bradley_terry_graph,52,0.007820686925321325,0.0,-0.007879122638656371,0.03157246434139409,0.7444,0.6695330466953304,4,4,44
hotpotqa,ablation_minmax_fixed,minmax + fixed,ablation,ms1,copeland_graph,52,0.021287094531053336,0.0,-0.010346933765603772,0.05716075033098394,0.8995,0.22427757224277572,6,4,42
hotpotqa,ablation_minmax_fixed,minmax + fixed,ablation,ms1,copeland_hybrid,52,0.013599875917234699,0.0,0.0008174129578872741,0.03163097034553341,0.9824,0.12968703129687031,4,0,48
hotpotqa,ablation_minmax_fixed,minmax + fixed,ablation,ms1,markov_graph,52,0.001163945707225581,0.0,-0.0005106177021751573,0.004002454823851901,0.6328,1.0,1,1,50
hotpotqa,ablation_minmax_fixed,minmax + fixed,ablation,ms1,markov_hybrid,52,-0.004351815106363783,0.0,-0.013055445319091351,0.0,0.0,1.0,0,1,51
hotpotqa,ablation_minmax_fixed,minmax + fixed,ablation,ms1,pagerank_graph,52,0.020199598581874232,0.0,-0.013574922549698318,0.05234110048532262,0.8877,0.25707429257074293,8,5,39
hotpotqa,ablation_minmax_fixed,minmax + fixed,ablation,ms1,rank_centrality_graph,52,0.0009532535154714434,0.0,-0.0011900349711144603,0.004272167116730324,0.6849,0.8766123387661234,2,2,48
hotpotqa,ablation_minmax_fixed,minmax + fixed,ablation,ms1_drop_mutual,balance_graph,52,0.0,0.0,0.0,0.0,0.0,1.0,0,0,52
hotpotqa,ablation_minmax_fixed,minmax + fixed,ablation,ms1_drop_mutual,balance_hybrid,52,0.0,0.0,0.0,0.0,0.0,1.0,0,0,52
hotpotqa,ablation_minmax_fixed,minmax + fixed,ablation,ms1_drop_mutual,bradley_terry_graph,52,0.0,0.0,0.0,0.0,0.0,1.0,0,0,52
hotpotqa,ablation_minmax_fixed,minmax + fixed,ablation,ms1_drop_mutual,copeland_graph,52,0.0,0.0,0.0,0.0,0.0,1.0,0,0,52
hotpotqa,ablation_minmax_fixed,minmax + fixed,ablation,ms1_drop_mutual,copeland_hybrid,52,0.0,0.0,0.0,0.0,0.0,1.0,0,0,52
hotpotqa,ablation_minmax_fixed,minmax + fixed,ablation,ms1_drop_mutual,markov_graph,52,0.0,0.0,0.0,0.0,0.0,1.0,0,0,52
hotpotqa,ablation_minmax_fixed,minmax + fixed,ablation,ms1_drop_mutual,markov_hybrid,52,0.0,0.0,0.0,0.0,0.0,1.0,0,0,52
hotpotqa,ablation_minmax_fixed,minmax + fixed,ablation,ms1_drop_mutual,pagerank_graph,52,0.0,0.0,0.0,0.0,0.0,1.0,0,0,52
hotpotqa,ablation_minmax_fixed,minmax + fixed,ablation,ms1_drop_mutual,rank_centrality_graph,52,0.0,0.0,0.0,0.0,0.0,1.0,0,0,52
hotpotqa,ablation_minmax_fixed,minmax + fixed,ablation,ms2,balance_graph,52,0.0,0.0,0.0,0.0,0.0,1.0,0,0,52
hotpotqa,ablation_minmax_fixed,minmax + fixed,ablation,ms2,balance_hybrid,52,0.0,0.0,0.0,0.0,0.0,1.0,0,0,52
hotpotqa,ablation_minmax_fixed,minmax + fixed,ablation,ms2,bradley_terry_graph,52,0.0,0.0,0.0,0.0,0.0,1.0,0,0,52
hotpotqa,ablation_minmax_fixed,minmax + fixed,ablation,ms2,copeland_graph,52,0.0,0.0,0.0,0.0,0.0,1.0,0,0,52
hotpotqa,ablation_minmax_fixed,minmax + fixed,ablation,ms2,copeland_hybrid,52,0.0,0.0,0.0,0.0,0.0,1.0,0,0,52
hotpotqa,ablation_minmax_fixed,minmax + fixed,ablation,ms2,markov_graph,52,0.0,0.0,0.0,0.0,0.0,1.0,0,0,52
hotpotqa,ablation_minmax_fixed,minmax + fixed,ablation,ms2,markov_hybrid,52,0.0,0.0,0.0,0.0,0.0,1.0,0,0,52
hotpotqa,ablation_minmax_fixed,minmax + fixed,ablation,ms2,pagerank_graph,52,0.0,0.0,0.0,0.0,0.0,1.0,0,0,52
hotpotqa,ablation_minmax_fixed,minmax + fixed,ablation,ms2,rank_centrality_graph,52,0.0,0.0,0.0,0.0,0.0,1.0,0,0,52
hotpotqa,ablation_raw_fixed,raw + fixed,ablation,ms1,balance_graph,52,0.0,0.0,0.0,0.0,0.0,1.0,0,0,52
hotpotqa,ablation_raw_fixed,raw + fixed,ablation,ms1,balance_hybrid,52,0.0,0.0,0.0,0.0,0.0,1.0,0,0,52
hotpotqa,ablation_raw_fixed,raw + fixed,ablation,ms1,bradley_terry_graph,52,-0.0032030042088458826,0.0,-0.014387579939087137,0.004591209614161911,0.2744,0.7570242975702429,2,2,48
hotpotqa,ablation_raw_fixed,raw + fixed,ablation,ms1,copeland_graph,52,0.029631188543518767,0.0,0.0034971210341445064,0.06103561296555139,0.9889,0.05419458054194581,7,3,42
hotpotqa,ablation_raw_fixed,raw + fixed,ablation,ms1,copeland_hybrid,52,0.012483229844456541,0.0,-0.00031569410716173,0.031129121831841165,0.9658,0.1436856314368563,5,2,45
hotpotqa,ablation_raw_fixed,raw + fixed,ablation,ms1,markov_graph,52,0.008703630212727567,0.0,0.0,0.021759075531818918,0.8703,0.4968503149685031,2,0,50
hotpotqa,ablation_raw_fixed,raw + fixed,ablation,ms1,markov_hybrid,52,0.0,0.0,0.0,0.0,0.0,1.0,0,0,52
hotpotqa,ablation_raw_fixed,raw + fixed,ablation,ms1,pagerank_graph,52,-0.002571936127560884,0.0,-0.013967199721748398,0.006527722659545676,0.3233,0.7377262273772622,2,2,48
hotpotqa,ablation_raw_fixed,raw + fixed,ablation,ms1,rank_centrality_graph,52,-4.9495825040683036e-05,0.0,-0.005404060271916593,0.006146824567066485,0.4654,1.0,2,3,47
hotpotqa,ablation_raw_fixed,raw + fixed,ablation,ms1_drop_mutual,balance_graph,52,0.0,0.0,0.0,0.0,0.0,1.0,0,0,52
hotpotqa,ablation_raw_fixed,raw + fixed,ablation,ms1_drop_mutual,balance_hybrid,52,0.0,0.0,0.0,0.0,0.0,1.0,0,0,52
hotpotqa,ablation_raw_fixed,raw + fixed,ablation,ms1_drop_mutual,bradley_terry_graph,52,0.0,0.0,0.0,0.0,0.0,1.0,0,0,52
hotpotqa,ablation_raw_fixed,raw + fixed,ablation,ms1_drop_mutual,copeland_graph,52,0.0,0.0,0.0,0.0,0.0,1.0,0,0,52
hotpotqa,ablation_raw_fixed,raw + fixed,ablation,ms1_drop_mutual,copeland_hybrid,52,0.0,0.0,0.0,0.0,0.0,1.0,0,0,52
hotpotqa,ablation_raw_fixed,raw + fixed,ablation,ms1_drop_mutual,markov_graph,52,0.0,0.0,0.0,0.0,0.0,1.0,0,0,52
hotpotqa,ablation_raw_fixed,raw + fixed,ablation,ms1_drop_mutual,markov_hybrid,52,0.0,0.0,0.0,0.0,0.0,1.0,0,0,52
hotpotqa,ablation_raw_fixed,raw + fixed,ablation,ms1_drop_mutual,pagerank_graph,52,0.0,0.0,0.0,0.0,0.0,1.0,0,0,52
hotpotqa,ablation_raw_fixed,raw + fixed,ablation,ms1_drop_mutual,rank_centrality_graph,52,0.0,0.0,0.0,0.0,0.0,1.0,0,0,52
hotpotqa,ablation_raw_fixed,raw + fixed,ablation,ms2,balance_graph,52,0.0,0.0,0.0,0.0,0.0,1.0,0,0,52
hotpotqa,ablation_raw_fixed,raw + fixed,ablation,ms2,balance_hybrid,52,0.0,0.0,0.0,0.0,0.0,1.0,0,0,52
hotpotqa,ablation_raw_fixed,raw + fixed,ablation,ms2,bradley_terry_graph,52,0.0,0.0,0.0,0.0,0.0,1.0,0,0,52
hotpotqa,ablation_raw_fixed,raw + fixed,ablation,ms2,copeland_graph,52,0.0,0.0,0.0,0.0,0.0,1.0,0,0,52
hotpotqa,ablation_raw_fixed,raw + fixed,ablation,ms2,copeland_hybrid,52,0.0,0.0,0.0,0.0,0.0,1.0,0,0,52
hotpotqa,ablation_raw_fixed,raw + fixed,ablation,ms2,markov_graph,52,0.0,0.0,0.0,0.0,0.0,1.0,0,0,52
hotpotqa,ablation_raw_fixed,raw + fixed,ablation,ms2,markov_hybrid,52,0.0,0.0,0.0,0.0,0.0,1.0,0,0,52
hotpotqa,ablation_raw_fixed,raw + fixed,ablation,ms2,pagerank_graph,52,0.0,0.0,0.0,0.0,0.0,1.0,0,0,52
hotpotqa,ablation_raw_fixed,raw + fixed,ablation,ms2,rank_centrality_graph,52,0.0,0.0,0.0,0.0,0.0,1.0,0,0,52
hotpotqa,ablation_unit_vote_retention,unit vote + retention-matched,ablation,ms1,balance_graph,52,0.00406681317096278,0.0,-0.007216021681954971,0.020230872876267472,0.6768,0.788021197880212,3,4,45
hotpotqa,ablation_unit_vote_retention,unit vote + retention-matched,ablation,ms1,balance_hybrid,52,0.0008674737101547566,0.0,-0.0006225814166624249,0.0030084218754853663,0.8121,0.5002499750024998,2,1,49
hotpotqa,ablation_unit_vote_retention,unit vote + retention-matched,ablation,ms1,bradley_terry_graph,52,0.019451577774284873,0.0,-0.00616886843608083,0.04877445245339492,0.9249,0.18668133186681332,6,6,40
hotpotqa,ablation_unit_vote_retention,unit vote + retention-matched,ablation,ms1,copeland_graph,52,0.02057228040046919,0.0,-0.011835917952539717,0.055171681779240624,0.8923,0.24737526247375263,7,7,38
hotpotqa,ablation_unit_vote_retention,unit vote + retention-matched,ablation,ms1,copeland_hybrid,52,0.004857937355919845,0.0,-0.0009338721249936374,0.014835042023823266,0.8762,0.37366263373662634,3,2,47
hotpotqa,ablation_unit_vote_retention,unit vote + retention-matched,ablation,ms1,markov_graph,52,0.012233716747175124,0.0,-0.012470661656274761,0.04130073400588087,0.8093,0.4146585341465853,5,7,40
hotpotqa,ablation_unit_vote_retention,unit vote + retention-matched,ablation,ms1,markov_hybrid,52,0.010608812651245731,0.0,0.0,0.026476773416078084,0.9547,0.24917508249175083,3,0,49
hotpotqa,ablation_unit_vote_retention,unit vote + retention-matched,ablation,ms1,pagerank_graph,52,0.029259859102844184,0.0,-0.001716048571166275,0.06455442434764627,0.963,0.10218978102189781,7,5,40
hotpotqa,ablation_unit_vote_retention,unit vote + retention-matched,ablation,ms1,rank_centrality_graph,52,0.017478440675461348,0.0,-0.004949143245394796,0.04476479852832945,0.9258,0.21227877212278773,6,5,41
hotpotqa,ablation_unit_vote_retention,unit vote + retention-matched,ablation,ms1_drop_mutual,balance_graph,52,0.0,0.0,0.0,0.0,0.0,1.0,0,0,52
hotpotqa,ablation_unit_vote_retention,unit vote + retention-matched,ablation,ms1_drop_mutual,balance_hybrid,52,0.0,0.0,0.0,0.0,0.0,1.0,0,0,52
hotpotqa,ablation_unit_vote_retention,unit vote + retention-matched,ablation,ms1_drop_mutual,bradley_terry_graph,52,-0.007097504739010432,0.0,-0.021292514217031298,0.0,0.0,1.0,0,1,51
hotpotqa,ablation_unit_vote_retention,unit vote + retention-matched,ablation,ms1_drop_mutual,copeland_graph,52,0.0,0.0,0.0,0.0,0.0,1.0,0,0,52
hotpotqa,ablation_unit_vote_retention,unit vote + retention-matched,ablation,ms1_drop_mutual,copeland_hybrid,52,0.0,0.0,0.0,0.0,0.0,1.0,0,0,52
hotpotqa,ablation_unit_vote_retention,unit vote + retention-matched,ablation,ms1_drop_mutual,markov_graph,52,0.0,0.0,0.0,0.0,0.0,1.0,0,0,52
hotpotqa,ablation_unit_vote_retention,unit vote + retention-matched,ablation,ms1_drop_mutual,markov_hybrid,52,0.0,0.0,0.0,0.0,0.0,1.0,0,0,52
hotpotqa,ablation_unit_vote_retention,unit vote + retention-matched,ablation,ms1_drop_mutual,pagerank_graph,52,0.0,0.0,0.0,0.0,0.0,1.0,0,0,52
hotpotqa,ablation_unit_vote_retention,unit vote + retention-matched,ablation,ms1_drop_mutual,rank_centrality_graph,52,0.0,0.0,0.0,0.0,0.0,1.0,0,0,52
hotpotqa,ablation_unit_vote_retention,unit vote + retention-matched,ablation,ms2,balance_graph,52,0.0,0.0,0.0,0.0,0.0,1.0,0,0,52
hotpotqa,ablation_unit_vote_retention,unit vote + retention-matched,ablation,ms2,balance_hybrid,52,0.0,0.0,0.0,0.0,0.0,1.0,0,0,52
hotpotqa,ablation_unit_vote_retention,unit vote + retention-matched,ablation,ms2,bradley_terry_graph,52,0.0,0.0,0.0,0.0,0.0,1.0,0,0,52
hotpotqa,ablation_unit_vote_retention,unit vote + retention-matched,ablation,ms2,copeland_graph,52,0.0,0.0,0.0,0.0,0.0,1.0,0,0,52
hotpotqa,ablation_unit_vote_retention,unit vote + retention-matched,ablation,ms2,copeland_hybrid,52,0.0,0.0,0.0,0.0,0.0,1.0,0,0,52
hotpotqa,ablation_unit_vote_retention,unit vote + retention-matched,ablation,ms2,markov_graph,52,0.0,0.0,0.0,0.0,0.0,1.0,0,0,52
hotpotqa,ablation_unit_vote_retention,unit vote + retention-matched,ablation,ms2,markov_hybrid,52,0.0,0.0,0.0,0.0,0.0,1.0,0,0,52
hotpotqa,ablation_unit_vote_retention,unit vote + retention-matched,ablation,ms2,pagerank_graph,52,0.0,0.0,0.0,0.0,0.0,1.0,0,0,52
hotpotqa,ablation_unit_vote_retention,unit vote + retention-matched,ablation,ms2,rank_centrality_graph,52,0.0,0.0,0.0,0.0,0.0,1.0,0,0,52
hotpotqa,independent_minmax_quantile_q0p3,"minmax + independent quantile (q=0.3, low selectivity)",independent_grid,ms1,balance_graph,52,-0.005855159793254166,0.0,-0.016483519076380397,0.00025117848278322725,0.0689,0.36696330366963303,1,3,48
hotpotqa,independent_minmax_quantile_q0p3,"minmax + independent quantile (q=0.3, low selectivity)",independent_grid,ms1,balance_hybrid,52,0.0,0.0,0.0,0.0,0.0,1.0,0,0,52
hotpotqa,independent_minmax_quantile_q0p3,"minmax + independent quantile (q=0.3, low selectivity)",independent_grid,ms1,bradley_terry_graph,52,0.005036772574533667,0.0,-0.01914739118103165,0.03458243687365919,0.637,0.6825317468253175,5,4,43
hotpotqa,independent_minmax_quantile_q0p3,"minmax + independent quantile (q=0.3, low selectivity)",independent_grid,ms1,copeland_graph,52,0.017426413125698682,0.0,-0.018152107088598105,0.05508893112278227,0.8295,0.36506349365063495,9,3,40
hotpotqa,independent_minmax_quantile_q0p3,"minmax + independent quantile (q=0.3, low selectivity)",independent_grid,ms1,copeland_hybrid,52,0.015282134728786562,0.0,-0.0051405276221936445,0.03983984941048607,0.9193,0.18898110188981102,5,1,46
hotpotqa,independent_minmax_quantile_q0p3,"minmax + independent quantile (q=0.3, low selectivity)",independent_grid,ms1,markov_graph,52,0.0006298251396159998,0.0,-0.00400166779414241,0.005220831782345323,0.6198,0.7484251574842515,3,2,47
hotpotqa,independent_minmax_quantile_q0p3,"minmax + independent quantile (q=0.3, low selectivity)",independent_grid,ms1,markov_hybrid,52,-0.004351815106363783,0.0,-0.013055445319091351,0.0,0.0,1.0,0,1,51
hotpotqa,independent_minmax_quantile_q0p3,"minmax + independent quantile (q=0.3, low selectivity)",independent_grid,ms1,pagerank_graph,52,0.01619916074597718,0.0,-0.016976056357134357,0.04849657661135403,0.8389,0.36276372362763726,6,5,41
hotpotqa,independent_minmax_quantile_q0p3,"minmax + independent quantile (q=0.3, low selectivity)",independent_grid,ms1,rank_centrality_graph,52,0.0012608888930931183,0.0,-0.00017020590072505242,0.0031958567500972564,0.9368,0.2585741425857414,3,1,48
hotpotqa,independent_minmax_quantile_q0p3,"minmax + independent quantile (q=0.3, low selectivity)",independent_grid,ms1_drop_mutual,balance_graph,52,0.0,0.0,0.0,0.0,0.0,1.0,0,0,52
hotpotqa,independent_minmax_quantile_q0p3,"minmax + independent quantile (q=0.3, low selectivity)",independent_grid,ms1_drop_mutual,balance_hybrid,52,0.0,0.0,0.0,0.0,0.0,1.0,0,0,52
hotpotqa,independent_minmax_quantile_q0p3,"minmax + independent quantile (q=0.3, low selectivity)",independent_grid,ms1_drop_mutual,bradley_terry_graph,52,0.0,0.0,0.0,0.0,0.0,1.0,0,0,52
hotpotqa,independent_minmax_quantile_q0p3,"minmax + independent quantile (q=0.3, low selectivity)",independent_grid,ms1_drop_mutual,copeland_graph,52,0.0,0.0,0.0,0.0,0.0,1.0,0,0,52
hotpotqa,independent_minmax_quantile_q0p3,"minmax + independent quantile (q=0.3, low selectivity)",independent_grid,ms1_drop_mutual,copeland_hybrid,52,0.0,0.0,0.0,0.0,0.0,1.0,0,0,52
hotpotqa,independent_minmax_quantile_q0p3,"minmax + independent quantile (q=0.3, low selectivity)",independent_grid,ms1_drop_mutual,markov_graph,52,0.0,0.0,0.0,0.0,0.0,1.0,0,0,52
hotpotqa,independent_minmax_quantile_q0p3,"minmax + independent quantile (q=0.3, low selectivity)",independent_grid,ms1_drop_mutual,markov_hybrid,52,0.0,0.0,0.0,0.0,0.0,1.0,0,0,52
hotpotqa,independent_minmax_quantile_q0p3,"minmax + independent quantile (q=0.3, low selectivity)",independent_grid,ms1_drop_mutual,pagerank_graph,52,0.0,0.0,0.0,0.0,0.0,1.0,0,0,52
hotpotqa,independent_minmax_quantile_q0p3,"minmax + independent quantile (q=0.3, low selectivity)",independent_grid,ms1_drop_mutual,rank_centrality_graph,52,0.0,0.0,0.0,0.0,0.0,1.0,0,0,52
hotpotqa,independent_minmax_quantile_q0p3,"minmax + independent quantile (q=0.3, low selectivity)",independent_grid,ms2,balance_graph,52,0.0,0.0,0.0,0.0,0.0,1.0,0,0,52
hotpotqa,independent_minmax_quantile_q0p3,"minmax + independent quantile (q=0.3, low selectivity)",independent_grid,ms2,balance_hybrid,52,0.0,0.0,0.0,0.0,0.0,1.0,0,0,52
hotpotqa,independent_minmax_quantile_q0p3,"minmax + independent quantile (q=0.3, low selectivity)",independent_grid,ms2,bradley_terry_graph,52,0.0,0.0,0.0,0.0,0.0,1.0,0,0,52
hotpotqa,independent_minmax_quantile_q0p3,"minmax + independent quantile (q=0.3, low selectivity)",independent_grid,ms2,copeland_graph,52,0.0,0.0,0.0,0.0,0.0,1.0,0,0,52
hotpotqa,independent_minmax_quantile_q0p3,"minmax + independent quantile (q=0.3, low selectivity)",independent_grid,ms2,copeland_hybrid,52,0.0,0.0,0.0,0.0,0.0,1.0,0,0,52
hotpotqa,independent_minmax_quantile_q0p3,"minmax + independent quantile (q=0.3, low selectivity)",independent_grid,ms2,markov_graph,52,0.0,0.0,0.0,0.0,0.0,1.0,0,0,52
hotpotqa,independent_minmax_quantile_q0p3,"minmax + independent quantile (q=0.3, low selectivity)",independent_grid,ms2,markov_hybrid,52,0.0,0.0,0.0,0.0,0.0,1.0,0,0,52
hotpotqa,independent_minmax_quantile_q0p3,"minmax + independent quantile (q=0.3, low selectivity)",independent_grid,ms2,pagerank_graph,52,0.0,0.0,0.0,0.0,0.0,1.0,0,0,52
hotpotqa,independent_minmax_quantile_q0p3,"minmax + independent quantile (q=0.3, low selectivity)",independent_grid,ms2,rank_centrality_graph,52,0.0,0.0,0.0,0.0,0.0,1.0,0,0,52
hotpotqa,independent_minmax_quantile_q0p5,minmax + independent quantile (q=0.5),independent,ms1,balance_graph,52,-0.00017020590072505242,0.0,-0.0005106177021751573,0.0,0.0,1.0,0,1,51
hotpotqa,independent_minmax_quantile_q0p5,minmax + independent quantile (q=0.5),independent,ms1,balance_hybrid,52,0.0008174129578872741,0.0,0.0,0.002452238873661822,0.6328,1.0,1,0,51
hotpotqa,independent_minmax_quantile_q0p5,minmax + independent quantile (q=0.5),independent,ms1,bradley_terry_graph,52,0.011831778459595592,0.0,-0.0035699784903025565,0.036536809499334987,0.8724,0.43285671432856715,3,3,46
hotpotqa,independent_minmax_quantile_q0p5,minmax + independent quantile (q=0.5),independent,ms1,copeland_graph,52,0.000341160598853002,0.0,-0.020815647364356257,0.021543692699814522,0.529,0.8753124687531247,3,3,46
hotpotqa,independent_minmax_quantile_q0p5,minmax + independent quantile (q=0.5),independent,ms1,copeland_hybrid,52,0.00045606149728857903,0.0,-0.001084054381796085,0.002452238873661822,0.6037,1.0,1,1,50
hotpotqa,independent_minmax_quantile_q0p5,minmax + independent quantile (q=0.5),independent,ms1,markov_graph,52,4.048196322120719e-05,0.0,-0.0141779005691183,0.016394277102097756,0.4672,1.0,1,3,48
hotpotqa,independent_minmax_quantile_q0p5,minmax + independent quantile (q=0.5),independent,ms1,markov_hybrid,52,0.0,0.0,0.0,0.0,0.0,1.0,0,0,52
hotpotqa,independent_minmax_quantile_q0p5,minmax + independent quantile (q=0.5),independent,ms1,pagerank_graph,52,0.0002878571442315928,0.0,-0.026343684918831597,0.024232699771257835,0.5204,0.9905009499050095,4,4,44
hotpotqa,independent_minmax_quantile_q0p5,minmax + independent quantile (q=0.5),independent,ms1,rank_centrality_graph,52,5.7781487263164985e-05,0.0,-0.0014844991061557704,0.00176897241714529,0.5179,1.0,2,2,48
hotpotqa,independent_minmax_quantile_q0p5,minmax + independent quantile (q=0.5),independent,ms1_drop_mutual,balance_graph,52,0.0,0.0,0.0,0.0,0.0,1.0,0,0,52
hotpotqa,independent_minmax_quantile_q0p5,minmax + independent quantile (q=0.5),independent,ms1_drop_mutual,balance_hybrid,52,0.0,0.0,0.0,0.0,0.0,1.0,0,0,52
hotpotqa,independent_minmax_quantile_q0p5,minmax + independent quantile (q=0.5),independent,ms1_drop_mutual,bradley_terry_graph,52,0.0,0.0,0.0,0.0,0.0,1.0,0,0,52
hotpotqa,independent_minmax_quantile_q0p5,minmax + independent quantile (q=0.5),independent,ms1_drop_mutual,copeland_graph,52,0.0,0.0,0.0,0.0,0.0,1.0,0,0,52
hotpotqa,independent_minmax_quantile_q0p5,minmax + independent quantile (q=0.5),independent,ms1_drop_mutual,copeland_hybrid,52,0.0,0.0,0.0,0.0,0.0,1.0,0,0,52
hotpotqa,independent_minmax_quantile_q0p5,minmax + independent quantile (q=0.5),independent,ms1_drop_mutual,markov_graph,52,0.0,0.0,0.0,0.0,0.0,1.0,0,0,52
hotpotqa,independent_minmax_quantile_q0p5,minmax + independent quantile (q=0.5),independent,ms1_drop_mutual,markov_hybrid,52,0.0,0.0,0.0,0.0,0.0,1.0,0,0,52
hotpotqa,independent_minmax_quantile_q0p5,minmax + independent quantile (q=0.5),independent,ms1_drop_mutual,pagerank_graph,52,0.0,0.0,0.0,0.0,0.0,1.0,0,0,52
hotpotqa,independent_minmax_quantile_q0p5,minmax + independent quantile (q=0.5),independent,ms1_drop_mutual,rank_centrality_graph,52,0.0,0.0,0.0,0.0,0.0,1.0,0,0,52
hotpotqa,independent_minmax_quantile_q0p5,minmax + independent quantile (q=0.5),independent,ms2,balance_graph,52,0.0,0.0,0.0,0.0,0.0,1.0,0,0,52
hotpotqa,independent_minmax_quantile_q0p5,minmax + independent quantile (q=0.5),independent,ms2,balance_hybrid,52,0.0,0.0,0.0,0.0,0.0,1.0,0,0,52
hotpotqa,independent_minmax_quantile_q0p5,minmax + independent quantile (q=0.5),independent,ms2,bradley_terry_graph,52,0.0,0.0,0.0,0.0,0.0,1.0,0,0,52
hotpotqa,independent_minmax_quantile_q0p5,minmax + independent quantile (q=0.5),independent,ms2,copeland_graph,52,0.0,0.0,0.0,0.0,0.0,1.0,0,0,52
hotpotqa,independent_minmax_quantile_q0p5,minmax + independent quantile (q=0.5),independent,ms2,copeland_hybrid,52,0.0,0.0,0.0,0.0,0.0,1.0,0,0,52
hotpotqa,independent_minmax_quantile_q0p5,minmax + independent quantile (q=0.5),independent,ms2,markov_graph,52,0.0,0.0,0.0,0.0,0.0,1.0,0,0,52
hotpotqa,independent_minmax_quantile_q0p5,minmax + independent quantile (q=0.5),independent,ms2,markov_hybrid,52,0.0,0.0,0.0,0.0,0.0,1.0,0,0,52
hotpotqa,independent_minmax_quantile_q0p5,minmax + independent quantile (q=0.5),independent,ms2,pagerank_graph,52,0.0,0.0,0.0,0.0,0.0,1.0,0,0,52
hotpotqa,independent_minmax_quantile_q0p5,minmax + independent quantile (q=0.5),independent,ms2,rank_centrality_graph,52,0.0,0.0,0.0,0.0,0.0,1.0,0,0,52
hotpotqa,independent_minmax_quantile_q0p7,"minmax + independent quantile (q=0.7, high selectivity)",independent_grid,ms1,balance_graph,52,0.0,0.0,0.0,0.0,0.0,1.0,0,0,52
hotpotqa,independent_minmax_quantile_q0p7,"minmax + independent quantile (q=0.7, high selectivity)",independent_grid,ms1,balance_hybrid,52,0.0,0.0,0.0,0.0,0.0,1.0,0,0,52
hotpotqa,independent_minmax_quantile_q0p7,"minmax + independent quantile (q=0.7, high selectivity)",independent_grid,ms1,bradley_terry_graph,52,0.0005893388485869125,0.0,0.0,0.0017680165457607372,0.6349,1.0,1,0,51
hotpotqa,independent_minmax_quantile_q0p7,"minmax + independent quantile (q=0.7, high selectivity)",independent_grid,ms1,copeland_graph,52,0.0,0.0,0.0,0.0,0.0,1.0,0,0,52
hotpotqa,independent_minmax_quantile_q0p7,"minmax + independent quantile (q=0.7, high selectivity)",independent_grid,ms1,copeland_hybrid,52,0.0,0.0,0.0,0.0,0.0,1.0,0,0,52
hotpotqa,independent_minmax_quantile_q0p7,"minmax + independent quantile (q=0.7, high selectivity)",independent_grid,ms1,markov_graph,52,0.0,0.0,0.0,0.0,0.0,1.0,0,0,52
hotpotqa,independent_minmax_quantile_q0p7,"minmax + independent quantile (q=0.7, high selectivity)",independent_grid,ms1,markov_hybrid,52,0.0,0.0,0.0,0.0,0.0,1.0,0,0,52
hotpotqa,independent_minmax_quantile_q0p7,"minmax + independent quantile (q=0.7, high selectivity)",independent_grid,ms1,pagerank_graph,52,0.0,0.0,0.0,0.0,0.0,1.0,0,0,52
hotpotqa,independent_minmax_quantile_q0p7,"minmax + independent quantile (q=0.7, high selectivity)",independent_grid,ms1,rank_centrality_graph,52,0.0,0.0,0.0,0.0,0.0,1.0,0,0,52
hotpotqa,independent_minmax_quantile_q0p7,"minmax + independent quantile (q=0.7, high selectivity)",independent_grid,ms1_drop_mutual,balance_graph,52,0.0,0.0,0.0,0.0,0.0,1.0,0,0,52
hotpotqa,independent_minmax_quantile_q0p7,"minmax + independent quantile (q=0.7, high selectivity)",independent_grid,ms1_drop_mutual,balance_hybrid,52,0.0,0.0,0.0,0.0,0.0,1.0,0,0,52
hotpotqa,independent_minmax_quantile_q0p7,"minmax + independent quantile (q=0.7, high selectivity)",independent_grid,ms1_drop_mutual,bradley_terry_graph,52,0.0,0.0,0.0,0.0,0.0,1.0,0,0,52
hotpotqa,independent_minmax_quantile_q0p7,"minmax + independent quantile (q=0.7, high selectivity)",independent_grid,ms1_drop_mutual,copeland_graph,52,0.0,0.0,0.0,0.0,0.0,1.0,0,0,52
hotpotqa,independent_minmax_quantile_q0p7,"minmax + independent quantile (q=0.7, high selectivity)",independent_grid,ms1_drop_mutual,copeland_hybrid,52,0.0,0.0,0.0,0.0,0.0,1.0,0,0,52
hotpotqa,independent_minmax_quantile_q0p7,"minmax + independent quantile (q=0.7, high selectivity)",independent_grid,ms1_drop_mutual,markov_graph,52,0.0,0.0,0.0,0.0,0.0,1.0,0,0,52
hotpotqa,independent_minmax_quantile_q0p7,"minmax + independent quantile (q=0.7, high selectivity)",independent_grid,ms1_drop_mutual,markov_hybrid,52,0.0,0.0,0.0,0.0,0.0,1.0,0,0,52
hotpotqa,independent_minmax_quantile_q0p7,"minmax + independent quantile (q=0.7, high selectivity)",independent_grid,ms1_drop_mutual,pagerank_graph,52,0.0,0.0,0.0,0.0,0.0,1.0,0,0,52
hotpotqa,independent_minmax_quantile_q0p7,"minmax + independent quantile (q=0.7, high selectivity)",independent_grid,ms1_drop_mutual,rank_centrality_graph,52,0.0,0.0,0.0,0.0,0.0,1.0,0,0,52
hotpotqa,independent_minmax_quantile_q0p7,"minmax + independent quantile (q=0.7, high selectivity)",independent_grid,ms2,balance_graph,52,0.0,0.0,0.0,0.0,0.0,1.0,0,0,52
hotpotqa,independent_minmax_quantile_q0p7,"minmax + independent quantile (q=0.7, high selectivity)",independent_grid,ms2,balance_hybrid,52,0.0,0.0,0.0,0.0,0.0,1.0,0,0,52
hotpotqa,independent_minmax_quantile_q0p7,"minmax + independent quantile (q=0.7, high selectivity)",independent_grid,ms2,bradley_terry_graph,52,0.0,0.0,0.0,0.0,0.0,1.0,0,0,52
hotpotqa,independent_minmax_quantile_q0p7,"minmax + independent quantile (q=0.7, high selectivity)",independent_grid,ms2,copeland_graph,52,0.0,0.0,0.0,0.0,0.0,1.0,0,0,52
hotpotqa,independent_minmax_quantile_q0p7,"minmax + independent quantile (q=0.7, high selectivity)",independent_grid,ms2,copeland_hybrid,52,0.0,0.0,0.0,0.0,0.0,1.0,0,0,52
hotpotqa,independent_minmax_quantile_q0p7,"minmax + independent quantile (q=0.7, high selectivity)",independent_grid,ms2,markov_graph,52,0.0,0.0,0.0,0.0,0.0,1.0,0,0,52
hotpotqa,independent_minmax_quantile_q0p7,"minmax + independent quantile (q=0.7, high selectivity)",independent_grid,ms2,markov_hybrid,52,0.0,0.0,0.0,0.0,0.0,1.0,0,0,52
hotpotqa,independent_minmax_quantile_q0p7,"minmax + independent quantile (q=0.7, high selectivity)",independent_grid,ms2,pagerank_graph,52,0.0,0.0,0.0,0.0,0.0,1.0,0,0,52
hotpotqa,independent_minmax_quantile_q0p7,"minmax + independent quantile (q=0.7, high selectivity)",independent_grid,ms2,rank_centrality_graph,52,0.0,0.0,0.0,0.0,0.0,1.0,0,0,52
hotpotqa,independent_rank_percentile_q0p3,"rank-percentile (tie-abstain) + independent quantile (q=0.3, low selectivity)",independent_grid,ms1,balance_graph,52,0.0,0.0,0.0,0.0,0.0,1.0,0,0,52
hotpotqa,independent_rank_percentile_q0p3,"rank-percentile (tie-abstain) + independent quantile (q=0.3, low selectivity)",independent_grid,ms1,balance_hybrid,52,-0.0009717916533745155,0.0,-0.003999429341919631,0.001084054381796085,0.2361,1.0,1,1,50
hotpotqa,independent_rank_percentile_q0p3,"rank-percentile (tie-abstain) + independent quantile (q=0.3, low selectivity)",independent_grid,ms1,bradley_terry_graph,52,0.01978984311639415,0.0,-0.012540787669699289,0.058006238582193635,0.875,0.29587041295870414,9,3,40
hotpotqa,independent_rank_percentile_q0p3,"rank-percentile (tie-abstain) + independent quantile (q=0.3, low selectivity)",independent_grid,ms1,copeland_graph,52,-0.010523192317697268,0.0,-0.03789583501704965,0.014490073252220691,0.2166,0.5578442155784421,4,4,44
hotpotqa,independent_rank_percentile_q0p3,"rank-percentile (tie-abstain) + independent quantile (q=0.3, low selectivity)",independent_grid,ms1,copeland_hybrid,52,0.0014738281926857998,0.0,0.0,0.003790420824580281,0.8683,0.5074492550744926,2,0,50
hotpotqa,independent_rank_percentile_q0p3,"rank-percentile (tie-abstain) + independent quantile (q=0.3, low selectivity)",independent_grid,ms1,markov_graph,52,0.0004608578527520681,0.0,-0.02083165636427923,0.021292514217031298,0.5446,1.0,2,2,48
hotpotqa,independent_rank_percentile_q0p3,"rank-percentile (tie-abstain) + independent quantile (q=0.3, low selectivity)",independent_grid,ms1,markov_hybrid,52,0.0,0.0,0.0,0.0,0.0,1.0,0,0,52
hotpotqa,independent_rank_percentile_q0p3,"rank-percentile (tie-abstain) + independent quantile (q=0.3, low selectivity)",independent_grid,ms1,pagerank_graph,52,0.00625428661221669,0.0,-0.02748013543482748,0.03759842544629395,0.6555,0.7327267273272673,6,6,40
hotpotqa,independent_rank_percentile_q0p3,"rank-percentile (tie-abstain) + independent quantile (q=0.3, low selectivity)",independent_grid,ms1,rank_centrality_graph,52,0.009230767096262742,0.0,-0.015016946699667256,0.035134924543816545,0.7741,0.48285171482851713,5,4,43
hotpotqa,independent_rank_percentile_q0p3,"rank-percentile (tie-abstain) + independent quantile (q=0.3, low selectivity)",independent_grid,ms1_drop_mutual,balance_graph,52,0.0,0.0,0.0,0.0,0.0,1.0,0,0,52
hotpotqa,independent_rank_percentile_q0p3,"rank-percentile (tie-abstain) + independent quantile (q=0.3, low selectivity)",independent_grid,ms1_drop_mutual,balance_hybrid,52,0.0,0.0,0.0,0.0,0.0,1.0,0,0,52
hotpotqa,independent_rank_percentile_q0p3,"rank-percentile (tie-abstain) + independent quantile (q=0.3, low selectivity)",independent_grid,ms1_drop_mutual,bradley_terry_graph,52,0.0,0.0,0.0,0.0,0.0,1.0,0,0,52
hotpotqa,independent_rank_percentile_q0p3,"rank-percentile (tie-abstain) + independent quantile (q=0.3, low selectivity)",independent_grid,ms1_drop_mutual,copeland_graph,52,0.0,0.0,0.0,0.0,0.0,1.0,0,0,52
hotpotqa,independent_rank_percentile_q0p3,"rank-percentile (tie-abstain) + independent quantile (q=0.3, low selectivity)",independent_grid,ms1_drop_mutual,copeland_hybrid,52,0.0,0.0,0.0,0.0,0.0,1.0,0,0,52
hotpotqa,independent_rank_percentile_q0p3,"rank-percentile (tie-abstain) + independent quantile (q=0.3, low selectivity)",independent_grid,ms1_drop_mutual,markov_graph,52,0.0,0.0,0.0,0.0,0.0,1.0,0,0,52
hotpotqa,independent_rank_percentile_q0p3,"rank-percentile (tie-abstain) + independent quantile (q=0.3, low selectivity)",independent_grid,ms1_drop_mutual,markov_hybrid,52,0.0,0.0,0.0,0.0,0.0,1.0,0,0,52
hotpotqa,independent_rank_percentile_q0p3,"rank-percentile (tie-abstain) + independent quantile (q=0.3, low selectivity)",independent_grid,ms1_drop_mutual,pagerank_graph,52,0.0,0.0,0.0,0.0,0.0,1.0,0,0,52
hotpotqa,independent_rank_percentile_q0p3,"rank-percentile (tie-abstain) + independent quantile (q=0.3, low selectivity)",independent_grid,ms1_drop_mutual,rank_centrality_graph,52,0.0,0.0,0.0,0.0,0.0,1.0,0,0,52
hotpotqa,independent_rank_percentile_q0p3,"rank-percentile (tie-abstain) + independent quantile (q=0.3, low selectivity)",independent_grid,ms2,balance_graph,52,0.0,0.0,0.0,0.0,0.0,1.0,0,0,52
hotpotqa,independent_rank_percentile_q0p3,"rank-percentile (tie-abstain) + independent quantile (q=0.3, low selectivity)",independent_grid,ms2,balance_hybrid,52,0.0,0.0,0.0,0.0,0.0,1.0,0,0,52
hotpotqa,independent_rank_percentile_q0p3,"rank-percentile (tie-abstain) + independent quantile (q=0.3, low selectivity)",independent_grid,ms2,bradley_terry_graph,52,0.0,0.0,0.0,0.0,0.0,1.0,0,0,52
hotpotqa,independent_rank_percentile_q0p3,"rank-percentile (tie-abstain) + independent quantile (q=0.3, low selectivity)",independent_grid,ms2,copeland_graph,52,0.0,0.0,0.0,0.0,0.0,1.0,0,0,52
hotpotqa,independent_rank_percentile_q0p3,"rank-percentile (tie-abstain) + independent quantile (q=0.3, low selectivity)",independent_grid,ms2,copeland_hybrid,52,0.0,0.0,0.0,0.0,0.0,1.0,0,0,52
hotpotqa,independent_rank_percentile_q0p3,"rank-percentile (tie-abstain) + independent quantile (q=0.3, low selectivity)",independent_grid,ms2,markov_graph,52,0.0,0.0,0.0,0.0,0.0,1.0,0,0,52
hotpotqa,independent_rank_percentile_q0p3,"rank-percentile (tie-abstain) + independent quantile (q=0.3, low selectivity)",independent_grid,ms2,markov_hybrid,52,0.0,0.0,0.0,0.0,0.0,1.0,0,0,52
hotpotqa,independent_rank_percentile_q0p3,"rank-percentile (tie-abstain) + independent quantile (q=0.3, low selectivity)",independent_grid,ms2,pagerank_graph,52,0.0,0.0,0.0,0.0,0.0,1.0,0,0,52
hotpotqa,independent_rank_percentile_q0p3,"rank-percentile (tie-abstain) + independent quantile (q=0.3, low selectivity)",independent_grid,ms2,rank_centrality_graph,52,0.0,0.0,0.0,0.0,0.0,1.0,0,0,52
hotpotqa,independent_rank_percentile_q0p5,rank-percentile (tie-abstain) + independent quantile (q=0.5),independent,ms1,balance_graph,52,0.0,0.0,0.0,0.0,0.0,1.0,0,0,52
hotpotqa,independent_rank_percentile_q0p5,rank-percentile (tie-abstain) + independent quantile (q=0.5),independent,ms1,balance_hybrid,52,0.000361351460598695,0.0,0.0,0.001084054381796085,0.6322,1.0,1,0,51
hotpotqa,independent_rank_percentile_q0p5,rank-percentile (tie-abstain) + independent quantile (q=0.5),independent,ms1,bradley_terry_graph,52,0.011695933574203544,0.0,-0.013352245038812181,0.04014472074025702,0.8175,0.3090690930906909,6,3,43
hotpotqa,independent_rank_percentile_q0p5,rank-percentile (tie-abstain) + independent quantile (q=0.5),independent,ms1,copeland_graph,52,0.0011354034738542162,0.0,-0.013200564987200097,0.019127616127466815,0.5123,0.9355064493550644,2,5,45
hotpotqa,independent_rank_percentile_q0p5,rank-percentile (tie-abstain) + independent quantile (q=0.5),independent,ms1,copeland_hybrid,52,-0.006736153278411737,0.0,-0.021292514217031298,0.001084054381796085,0.2318,1.0,1,1,50
hotpotqa,independent_rank_percentile_q0p5,rank-percentile (tie-abstain) + independent quantile (q=0.5),independent,ms1,markov_graph,52,0.00522807634309337,0.0,-0.00431057418863047,0.020873690831842675,0.6677,0.9021097890210978,2,4,46
hotpotqa,independent_rank_percentile_q0p5,rank-percentile (tie-abstain) + independent quantile (q=0.5),independent,ms1,markov_hybrid,52,0.0,0.0,0.0,0.0,0.0,1.0,0,0,52
hotpotqa,independent_rank_percentile_q0p5,rank-percentile (tie-abstain) + independent quantile (q=0.5),independent,ms1,pagerank_graph,52,-0.001395882641740176,0.0,-0.02229049906722229,0.019602176375774882,0.4282,0.7986201379862014,4,5,43
hotpotqa,independent_rank_percentile_q0p5,rank-percentile (tie-abstain) + independent quantile (q=0.5),independent,ms1,rank_centrality_graph,52,0.006061435835027613,0.0,-0.007408587974284551,0.027619167676149435,0.6378,0.9761023897610239,2,6,44
hotpotqa,independent_rank_percentile_q0p5,rank-percentile (tie-abstain) + independent quantile (q=0.5),independent,ms1_drop_mutual,balance_graph,52,0.0,0.0,0.0,0.0,0.0,1.0,0,0,52
hotpotqa,independent_rank_percentile_q0p5,rank-percentile (tie-abstain) + independent quantile (q=0.5),independent,ms1_drop_mutual,balance_hybrid,52,0.0,0.0,0.0,0.0,0.0,1.0,0,0,52
hotpotqa,independent_rank_percentile_q0p5,rank-percentile (tie-abstain) + independent quantile (q=0.5),independent,ms1_drop_mutual,bradley_terry_graph,52,0.0,0.0,0.0,0.0,0.0,1.0,0,0,52
hotpotqa,independent_rank_percentile_q0p5,rank-percentile (tie-abstain) + independent quantile (q=0.5),independent,ms1_drop_mutual,copeland_graph,52,0.0,0.0,0.0,0.0,0.0,1.0,0,0,52
hotpotqa,independent_rank_percentile_q0p5,rank-percentile (tie-abstain) + independent quantile (q=0.5),independent,ms1_drop_mutual,copeland_hybrid,52,0.0,0.0,0.0,0.0,0.0,1.0,0,0,52
hotpotqa,independent_rank_percentile_q0p5,rank-percentile (tie-abstain) + independent quantile (q=0.5),independent,ms1_drop_mutual,markov_graph,52,0.0,0.0,0.0,0.0,0.0,1.0,0,0,52
hotpotqa,independent_rank_percentile_q0p5,rank-percentile (tie-abstain) + independent quantile (q=0.5),independent,ms1_drop_mutual,markov_hybrid,52,0.0,0.0,0.0,0.0,0.0,1.0,0,0,52
hotpotqa,independent_rank_percentile_q0p5,rank-percentile (tie-abstain) + independent quantile (q=0.5),independent,ms1_drop_mutual,pagerank_graph,52,0.0,0.0,0.0,0.0,0.0,1.0,0,0,52
hotpotqa,independent_rank_percentile_q0p5,rank-percentile (tie-abstain) + independent quantile (q=0.5),independent,ms1_drop_mutual,rank_centrality_graph,52,0.0,0.0,0.0,0.0,0.0,1.0,0,0,52
hotpotqa,independent_rank_percentile_q0p5,rank-percentile (tie-abstain) + independent quantile (q=0.5),independent,ms2,balance_graph,52,0.0,0.0,0.0,0.0,0.0,1.0,0,0,52
hotpotqa,independent_rank_percentile_q0p5,rank-percentile (tie-abstain) + independent quantile (q=0.5),independent,ms2,balance_hybrid,52,0.0,0.0,0.0,0.0,0.0,1.0,0,0,52
hotpotqa,independent_rank_percentile_q0p5,rank-percentile (tie-abstain) + independent quantile (q=0.5),independent,ms2,bradley_terry_graph,52,0.0,0.0,0.0,0.0,0.0,1.0,0,0,52
hotpotqa,independent_rank_percentile_q0p5,rank-percentile (tie-abstain) + independent quantile (q=0.5),independent,ms2,copeland_graph,52,0.0,0.0,0.0,0.0,0.0,1.0,0,0,52
hotpotqa,independent_rank_percentile_q0p5,rank-percentile (tie-abstain) + independent quantile (q=0.5),independent,ms2,copeland_hybrid,52,0.0,0.0,0.0,0.0,0.0,1.0,0,0,52
hotpotqa,independent_rank_percentile_q0p5,rank-percentile (tie-abstain) + independent quantile (q=0.5),independent,ms2,markov_graph,52,0.0,0.0,0.0,0.0,0.0,1.0,0,0,52
hotpotqa,independent_rank_percentile_q0p5,rank-percentile (tie-abstain) + independent quantile (q=0.5),independent,ms2,markov_hybrid,52,0.0,0.0,0.0,0.0,0.0,1.0,0,0,52
hotpotqa,independent_rank_percentile_q0p5,rank-percentile (tie-abstain) + independent quantile (q=0.5),independent,ms2,pagerank_graph,52,0.0,0.0,0.0,0.0,0.0,1.0,0,0,52
hotpotqa,independent_rank_percentile_q0p5,rank-percentile (tie-abstain) + independent quantile (q=0.5),independent,ms2,rank_centrality_graph,52,0.0,0.0,0.0,0.0,0.0,1.0,0,0,52
hotpotqa,independent_rank_percentile_q0p7,"rank-percentile (tie-abstain) + independent quantile (q=0.7, high selectivity)",independent_grid,ms1,balance_graph,52,-0.00017020590072505242,0.0,-0.0005106177021751573,0.0,0.0,1.0,0,1,51
hotpotqa,independent_rank_percentile_q0p7,"rank-percentile (tie-abstain) + independent quantile (q=0.7, high selectivity)",independent_grid,ms1,balance_hybrid,52,-0.00031129070833121246,0.0,-0.0009338721249936374,0.0,0.0,1.0,0,1,51
hotpotqa,independent_rank_percentile_q0p7,"rank-percentile (tie-abstain) + independent quantile (q=0.7, high selectivity)",independent_grid,ms1,bradley_terry_graph,52,0.0018267875277953615,0.0,-0.02249937251632221,0.031907231081735904,0.5301,0.9368063193680632,2,5,45
hotpotqa,independent_rank_percentile_q0p7,"rank-percentile (tie-abstain) + independent quantile (q=0.7, high selectivity)",independent_grid,ms1,copeland_graph,52,-0.0001702059007250503,0.0,-0.0005106177021751509,0.0,0.0,1.0,0,1,51
hotpotqa,independent_rank_percentile_q0p7,"rank-percentile (tie-abstain) + independent quantile (q=0.7, high selectivity)",independent_grid,ms1,copeland_hybrid,52,0.0,0.0,0.0,0.0,0.0,1.0,0,0,52
hotpotqa,independent_rank_percentile_q0p7,"rank-percentile (tie-abstain) + independent quantile (q=0.7, high selectivity)",independent_grid,ms1,markov_graph,52,0.009304093907053402,0.0,-0.0009338721249936374,0.028846153846153848,0.6386,1.0,1,1,50
hotpotqa,independent_rank_percentile_q0p7,"rank-percentile (tie-abstain) + independent quantile (q=0.7, high selectivity)",independent_grid,ms1,markov_hybrid,52,0.0,0.0,0.0,0.0,0.0,1.0,0,0,52
hotpotqa,independent_rank_percentile_q0p7,"rank-percentile (tie-abstain) + independent quantile (q=0.7, high selectivity)",independent_grid,ms1,pagerank_graph,52,-0.0070460357638719535,0.0,-0.022998215548444407,0.0026662862279464208,0.1795,0.6159384061593841,1,3,48
hotpotqa,independent_rank_percentile_q0p7,"rank-percentile (tie-abstain) + independent quantile (q=0.7, high selectivity)",independent_grid,ms1,rank_centrality_graph,52,0.0026465073616464465,0.0,-0.02082456705473263,0.028876697777763423,0.5968,0.7449255074492551,2,3,47
hotpotqa,independent_rank_percentile_q0p7,"rank-percentile (tie-abstain) + independent quantile (q=0.7, high selectivity)",independent_grid,ms1_drop_mutual,balance_graph,52,0.0,0.0,0.0,0.0,0.0,1.0,0,0,52
hotpotqa,independent_rank_percentile_q0p7,"rank-percentile (tie-abstain) + independent quantile (q=0.7, high selectivity)",independent_grid,ms1_drop_mutual,balance_hybrid,52,0.0,0.0,0.0,0.0,0.0,1.0,0,0,52
hotpotqa,independent_rank_percentile_q0p7,"rank-percentile (tie-abstain) + independent quantile (q=0.7, high selectivity)",independent_grid,ms1_drop_mutual,bradley_terry_graph,52,0.0,0.0,0.0,0.0,0.0,1.0,0,0,52
hotpotqa,independent_rank_percentile_q0p7,"rank-percentile (tie-abstain) + independent quantile (q=0.7, high selectivity)",independent_grid,ms1_drop_mutual,copeland_graph,52,0.0,0.0,0.0,0.0,0.0,1.0,0,0,52
hotpotqa,independent_rank_percentile_q0p7,"rank-percentile (tie-abstain) + independent quantile (q=0.7, high selectivity)",independent_grid,ms1_drop_mutual,copeland_hybrid,52,0.0,0.0,0.0,0.0,0.0,1.0,0,0,52
hotpotqa,independent_rank_percentile_q0p7,"rank-percentile (tie-abstain) + independent quantile (q=0.7, high selectivity)",independent_grid,ms1_drop_mutual,markov_graph,52,0.0,0.0,0.0,0.0,0.0,1.0,0,0,52
hotpotqa,independent_rank_percentile_q0p7,"rank-percentile (tie-abstain) + independent quantile (q=0.7, high selectivity)",independent_grid,ms1_drop_mutual,markov_hybrid,52,0.0,0.0,0.0,0.0,0.0,1.0,0,0,52
hotpotqa,independent_rank_percentile_q0p7,"rank-percentile (tie-abstain) + independent quantile (q=0.7, high selectivity)",independent_grid,ms1_drop_mutual,pagerank_graph,52,0.0,0.0,0.0,0.0,0.0,1.0,0,0,52
hotpotqa,independent_rank_percentile_q0p7,"rank-percentile (tie-abstain) + independent quantile (q=0.7, high selectivity)",independent_grid,ms1_drop_mutual,rank_centrality_graph,52,0.0,0.0,0.0,0.0,0.0,1.0,0,0,52
hotpotqa,independent_rank_percentile_q0p7,"rank-percentile (tie-abstain) + independent quantile (q=0.7, high selectivity)",independent_grid,ms2,balance_graph,52,0.0,0.0,0.0,0.0,0.0,1.0,0,0,52
hotpotqa,independent_rank_percentile_q0p7,"rank-percentile (tie-abstain) + independent quantile (q=0.7, high selectivity)",independent_grid,ms2,balance_hybrid,52,0.0,0.0,0.0,0.0,0.0,1.0,0,0,52
hotpotqa,independent_rank_percentile_q0p7,"rank-percentile (tie-abstain) + independent quantile (q=0.7, high selectivity)",independent_grid,ms2,bradley_terry_graph,52,0.0,0.0,0.0,0.0,0.0,1.0,0,0,52
hotpotqa,independent_rank_percentile_q0p7,"rank-percentile (tie-abstain) + independent quantile (q=0.7, high selectivity)",independent_grid,ms2,copeland_graph,52,0.0,0.0,0.0,0.0,0.0,1.0,0,0,52
hotpotqa,independent_rank_percentile_q0p7,"rank-percentile (tie-abstain) + independent quantile (q=0.7, high selectivity)",independent_grid,ms2,copeland_hybrid,52,0.0,0.0,0.0,0.0,0.0,1.0,0,0,52
hotpotqa,independent_rank_percentile_q0p7,"rank-percentile (tie-abstain) + independent quantile (q=0.7, high selectivity)",independent_grid,ms2,markov_graph,52,0.0,0.0,0.0,0.0,0.0,1.0,0,0,52
hotpotqa,independent_rank_percentile_q0p7,"rank-percentile (tie-abstain) + independent quantile (q=0.7, high selectivity)",independent_grid,ms2,markov_hybrid,52,0.0,0.0,0.0,0.0,0.0,1.0,0,0,52
hotpotqa,independent_rank_percentile_q0p7,"rank-percentile (tie-abstain) + independent quantile (q=0.7, high selectivity)",independent_grid,ms2,pagerank_graph,52,0.0,0.0,0.0,0.0,0.0,1.0,0,0,52
hotpotqa,independent_rank_percentile_q0p7,"rank-percentile (tie-abstain) + independent quantile (q=0.7, high selectivity)",independent_grid,ms2,rank_centrality_graph,52,0.0,0.0,0.0,0.0,0.0,1.0,0,0,52
hotpotqa,primary_minmax_retention_matched,minmax + retention-matched,primary,ms1,balance_graph,52,-0.0013331431139732104,0.0,-0.003999429341919631,0.0,0.0,1.0,0,1,51
hotpotqa,primary_minmax_retention_matched,minmax + retention-matched,primary,ms1,balance_hybrid,52,0.004351815106363783,0.0,0.0,0.013055445319091351,0.6338,1.0,1,0,51
hotpotqa,primary_minmax_retention_matched,minmax + retention-matched,primary,ms1,bradley_terry_graph,52,0.019501498673240837,0.0,-2.2656586483723613e-06,0.047063689448620404,0.9694,0.18148185181481852,4,1,47
hotpotqa,primary_minmax_retention_matched,minmax + retention-matched,primary,ms1,copeland_graph,52,0.015506071177538171,0.0,-0.01013825814585691,0.044450754997660796,0.8745,0.3143685631436856,5,3,44
hotpotqa,primary_minmax_retention_matched,minmax + retention-matched,primary,ms1,copeland_hybrid,52,0.01226673280326149,0.0,0.0,0.030813557387646136,0.956,0.25317468253174685,3,0,49
hotpotqa,primary_minmax_retention_matched,minmax + retention-matched,primary,ms1,markov_graph,52,-0.002287635243305768,0.0,-0.0070870912977585715,0.001178677697173825,0.1118,0.49745025497450257,1,2,49
hotpotqa,primary_minmax_retention_matched,minmax + retention-matched,primary,ms1,markov_hybrid,52,0.0,0.0,0.0,0.0,0.0,1.0,0,0,52
hotpotqa,primary_minmax_retention_matched,minmax + retention-matched,primary,ms1,pagerank_graph,52,-0.0022582819157673964,0.0,-0.030215465507954637,0.0233475618059505,0.4386,0.8926107389261074,4,4,44
hotpotqa,primary_minmax_retention_matched,minmax + retention-matched,primary,ms1,rank_centrality_graph,52,0.00047028582455304637,0.0,-0.0008101497004205649,0.002146663202593512,0.7025,0.6314368563143685,2,2,48
hotpotqa,primary_minmax_retention_matched,minmax + retention-matched,primary,ms1_drop_mutual,balance_graph,52,0.0,0.0,0.0,0.0,0.0,1.0,0,0,52
hotpotqa,primary_minmax_retention_matched,minmax + retention-matched,primary,ms1_drop_mutual,balance_hybrid,52,0.0,0.0,0.0,0.0,0.0,1.0,0,0,52
hotpotqa,primary_minmax_retention_matched,minmax + retention-matched,primary,ms1_drop_mutual,bradley_terry_graph,52,-0.007097504739010432,0.0,-0.021292514217031298,0.0,0.0,1.0,0,1,51
hotpotqa,primary_minmax_retention_matched,minmax + retention-matched,primary,ms1_drop_mutual,copeland_graph,52,0.0,0.0,0.0,0.0,0.0,1.0,0,0,52
hotpotqa,primary_minmax_retention_matched,minmax + retention-matched,primary,ms1_drop_mutual,copeland_hybrid,52,0.0,0.0,0.0,0.0,0.0,1.0,0,0,52
hotpotqa,primary_minmax_retention_matched,minmax + retention-matched,primary,ms1_drop_mutual,markov_graph,52,0.0,0.0,0.0,0.0,0.0,1.0,0,0,52
hotpotqa,primary_minmax_retention_matched,minmax + retention-matched,primary,ms1_drop_mutual,markov_hybrid,52,0.0,0.0,0.0,0.0,0.0,1.0,0,0,52
hotpotqa,primary_minmax_retention_matched,minmax + retention-matched,primary,ms1_drop_mutual,pagerank_graph,52,0.0,0.0,0.0,0.0,0.0,1.0,0,0,52
hotpotqa,primary_minmax_retention_matched,minmax + retention-matched,primary,ms1_drop_mutual,rank_centrality_graph,52,0.0,0.0,0.0,0.0,0.0,1.0,0,0,52
hotpotqa,primary_minmax_retention_matched,minmax + retention-matched,primary,ms2,balance_graph,52,0.0,0.0,0.0,0.0,0.0,1.0,0,0,52
hotpotqa,primary_minmax_retention_matched,minmax + retention-matched,primary,ms2,balance_hybrid,52,0.0,0.0,0.0,0.0,0.0,1.0,0,0,52
hotpotqa,primary_minmax_retention_matched,minmax + retention-matched,primary,ms2,bradley_terry_graph,52,0.0,0.0,0.0,0.0,0.0,1.0,0,0,52
hotpotqa,primary_minmax_retention_matched,minmax + retention-matched,primary,ms2,copeland_graph,52,0.0,0.0,0.0,0.0,0.0,1.0,0,0,52
hotpotqa,primary_minmax_retention_matched,minmax + retention-matched,primary,ms2,copeland_hybrid,52,0.0,0.0,0.0,0.0,0.0,1.0,0,0,52
hotpotqa,primary_minmax_retention_matched,minmax + retention-matched,primary,ms2,markov_graph,52,0.0,0.0,0.0,0.0,0.0,1.0,0,0,52
hotpotqa,primary_minmax_retention_matched,minmax + retention-matched,primary,ms2,markov_hybrid,52,0.0,0.0,0.0,0.0,0.0,1.0,0,0,52
hotpotqa,primary_minmax_retention_matched,minmax + retention-matched,primary,ms2,pagerank_graph,52,0.0,0.0,0.0,0.0,0.0,1.0,0,0,52
hotpotqa,primary_minmax_retention_matched,minmax + retention-matched,primary,ms2,rank_centrality_graph,52,0.0,0.0,0.0,0.0,0.0,1.0,0,0,52
hotpotqa,robustness_rank_percentile_retention,rank-percentile + retention-matched,robustness,ms1,balance_graph,52,0.00019114555987364472,0.0,-0.0005106177021751509,0.001084054381796085,0.603,1.0,1,1,50
hotpotqa,robustness_rank_percentile_retention,rank-percentile + retention-matched,robustness,ms1,balance_hybrid,52,-0.0011419975540995658,0.0,-0.004169635242644682,0.0007436425803459845,0.2219,0.7525247475252475,1,2,49
hotpotqa,robustness_rank_percentile_retention,rank-percentile + retention-matched,robustness,ms1,bradley_terry_graph,52,0.01629791866937314,0.0,0.0002916394532676802,0.04039726697711414,0.982,0.11228877112288771,5,2,45
hotpotqa,robustness_rank_percentile_retention,rank-percentile + retention-matched,robustness,ms1,copeland_graph,52,-0.009821924681540464,0.0,-0.030814585237231205,0.001817695396396191,0.1665,0.47125287471252875,3,3,46
hotpotqa,robustness_rank_percentile_retention,rank-percentile + retention-matched,robustness,ms1,copeland_hybrid,52,0.005059699316300788,0.0,-0.0001702059007250503,0.01464141963969041,0.9493,0.24797520247975202,3,1,48
hotpotqa,robustness_rank_percentile_retention,rank-percentile + retention-matched,robustness,ms1,markov_graph,52,0.01386941638783115,0.0,-0.0010893580974380103,0.03554596800115463,0.917,0.35096490350964904,3,3,46
hotpotqa,robustness_rank_percentile_retention,rank-percentile + retention-matched,robustness,ms1,markov_hybrid,52,-0.0027456896326466486,0.0,-0.021292514217031298,0.013055445319091351,0.3333,1.0,1,1,50
hotpotqa,robustness_rank_percentile_retention,rank-percentile + retention-matched,robustness,ms1,pagerank_graph,52,-0.0062562715463798935,0.0,-0.04502798790566327,0.02783057812632606,0.3707,0.7477252274772522,4,7,41
hotpotqa,robustness_rank_percentile_retention,rank-percentile + retention-matched,robustness,ms1,rank_centrality_graph,52,0.0055650848163480825,0.0,-0.004427328673652769,0.021769339538361774,0.7121,0.7728227177282272,3,5,44
hotpotqa,robustness_rank_percentile_retention,rank-percentile + retention-matched,robustness,ms1_drop_mutual,balance_graph,52,0.0,0.0,0.0,0.0,0.0,1.0,0,0,52
hotpotqa,robustness_rank_percentile_retention,rank-percentile + retention-matched,robustness,ms1_drop_mutual,balance_hybrid,52,0.0,0.0,0.0,0.0,0.0,1.0,0,0,52
hotpotqa,robustness_rank_percentile_retention,rank-percentile + retention-matched,robustness,ms1_drop_mutual,bradley_terry_graph,52,0.0,0.0,0.0,0.0,0.0,1.0,0,0,52
hotpotqa,robustness_rank_percentile_retention,rank-percentile + retention-matched,robustness,ms1_drop_mutual,copeland_graph,52,0.0,0.0,0.0,0.0,0.0,1.0,0,0,52
hotpotqa,robustness_rank_percentile_retention,rank-percentile + retention-matched,robustness,ms1_drop_mutual,copeland_hybrid,52,0.0,0.0,0.0,0.0,0.0,1.0,0,0,52
hotpotqa,robustness_rank_percentile_retention,rank-percentile + retention-matched,robustness,ms1_drop_mutual,markov_graph,52,0.0,0.0,0.0,0.0,0.0,1.0,0,0,52
hotpotqa,robustness_rank_percentile_retention,rank-percentile + retention-matched,robustness,ms1_drop_mutual,markov_hybrid,52,0.0,0.0,0.0,0.0,0.0,1.0,0,0,52
hotpotqa,robustness_rank_percentile_retention,rank-percentile + retention-matched,robustness,ms1_drop_mutual,pagerank_graph,52,0.0,0.0,0.0,0.0,0.0,1.0,0,0,52
hotpotqa,robustness_rank_percentile_retention,rank-percentile + retention-matched,robustness,ms1_drop_mutual,rank_centrality_graph,52,0.0,0.0,0.0,0.0,0.0,1.0,0,0,52
hotpotqa,robustness_rank_percentile_retention,rank-percentile + retention-matched,robustness,ms2,balance_graph,52,0.0,0.0,0.0,0.0,0.0,1.0,0,0,52
hotpotqa,robustness_rank_percentile_retention,rank-percentile + retention-matched,robustness,ms2,balance_hybrid,52,0.0,0.0,0.0,0.0,0.0,1.0,0,0,52
hotpotqa,robustness_rank_percentile_retention,rank-percentile + retention-matched,robustness,ms2,bradley_terry_graph,52,0.0,0.0,0.0,0.0,0.0,1.0,0,0,52
hotpotqa,robustness_rank_percentile_retention,rank-percentile + retention-matched,robustness,ms2,copeland_graph,52,0.0,0.0,0.0,0.0,0.0,1.0,0,0,52
hotpotqa,robustness_rank_percentile_retention,rank-percentile + retention-matched,robustness,ms2,copeland_hybrid,52,0.0,0.0,0.0,0.0,0.0,1.0,0,0,52
hotpotqa,robustness_rank_percentile_retention,rank-percentile + retention-matched,robustness,ms2,markov_graph,52,0.0,0.0,0.0,0.0,0.0,1.0,0,0,52
hotpotqa,robustness_rank_percentile_retention,rank-percentile + retention-matched,robustness,ms2,markov_hybrid,52,0.0,0.0,0.0,0.0,0.0,1.0,0,0,52
hotpotqa,robustness_rank_percentile_retention,rank-percentile + retention-matched,robustness,ms2,pagerank_graph,52,0.0,0.0,0.0,0.0,0.0,1.0,0,0,52
hotpotqa,robustness_rank_percentile_retention,rank-percentile + retention-matched,robustness,ms2,rank_centrality_graph,52,0.0,0.0,0.0,0.0,0.0,1.0,0,0,52
hotpotqa,robustness_zscore_retention,z-score + retention-matched,robustness,ms1,balance_graph,52,0.0017545231696736098,0.0,0.0,0.00505287731726669,0.8684,0.5018498150184981,2,0,50
hotpotqa,robustness_zscore_retention,z-score + retention-matched,robustness,ms1,balance_hybrid,52,0.0008174129578872741,0.0,0.0,0.002452238873661822,0.6328,1.0,1,0,51
hotpotqa,robustness_zscore_retention,z-score + retention-matched,robustness,ms1,bradley_terry_graph,52,0.018589739942775903,0.0,0.00033075803757330277,0.04293341941372141,0.9863,0.0750924907509249,6,1,45
hotpotqa,robustness_zscore_retention,z-score + retention-matched,robustness,ms1,copeland_graph,52,0.016348835616746854,0.0,-0.009295493706648228,0.04520672686028027,0.89,0.24267573242675733,5,2,45
hotpotqa,robustness_zscore_retention,z-score + retention-matched,robustness,ms1,copeland_hybrid,52,0.01226673280326149,0.0,0.0,0.030813557387646136,0.956,0.25317468253174685,3,0,49
hotpotqa,robustness_zscore_retention,z-score + retention-matched,robustness,ms1,markov_graph,52,0.0002832923902776928,0.0,-0.0013395237584359386,0.0019787087375148773,0.623,0.7548245175482452,2,1,49
hotpotqa,robustness_zscore_retention,z-score + retention-matched,robustness,ms1,markov_hybrid,52,0.004351815106363783,0.0,0.0,0.013055445319091351,0.6339,1.0,1,0,51
hotpotqa,robustness_zscore_retention,z-score + retention-matched,robustness,ms1,pagerank_graph,52,0.0008194145055553403,0.0,-0.02598193861494689,0.02512372108648939,0.5365,0.9536046395360464,4,4,44
hotpotqa,robustness_zscore_retention,z-score + retention-matched,robustness,ms1,rank_centrality_graph,52,0.0012876987824403203,0.0,-0.0006320765752624131,0.0037041631672572036,0.8768,0.31566843315668436,3,2,47
hotpotqa,robustness_zscore_retention,z-score + retention-matched,robustness,ms1_drop_mutual,balance_graph,52,0.0,0.0,0.0,0.0,0.0,1.0,0,0,52
hotpotqa,robustness_zscore_retention,z-score + retention-matched,robustness,ms1_drop_mutual,balance_hybrid,52,0.0,0.0,0.0,0.0,0.0,1.0,0,0,52
hotpotqa,robustness_zscore_retention,z-score + retention-matched,robustness,ms1_drop_mutual,bradley_terry_graph,52,-0.007097504739010432,0.0,-0.021292514217031298,0.0,0.0,1.0,0,1,51
hotpotqa,robustness_zscore_retention,z-score + retention-matched,robustness,ms1_drop_mutual,copeland_graph,52,0.0,0.0,0.0,0.0,0.0,1.0,0,0,52
hotpotqa,robustness_zscore_retention,z-score + retention-matched,robustness,ms1_drop_mutual,copeland_hybrid,52,0.0,0.0,0.0,0.0,0.0,1.0,0,0,52
hotpotqa,robustness_zscore_retention,z-score + retention-matched,robustness,ms1_drop_mutual,markov_graph,52,0.0,0.0,0.0,0.0,0.0,1.0,0,0,52
hotpotqa,robustness_zscore_retention,z-score + retention-matched,robustness,ms1_drop_mutual,markov_hybrid,52,0.0,0.0,0.0,0.0,0.0,1.0,0,0,52
hotpotqa,robustness_zscore_retention,z-score + retention-matched,robustness,ms1_drop_mutual,pagerank_graph,52,0.0,0.0,0.0,0.0,0.0,1.0,0,0,52
hotpotqa,robustness_zscore_retention,z-score + retention-matched,robustness,ms1_drop_mutual,rank_centrality_graph,52,0.0,0.0,0.0,0.0,0.0,1.0,0,0,52
hotpotqa,robustness_zscore_retention,z-score + retention-matched,robustness,ms2,balance_graph,52,0.0,0.0,0.0,0.0,0.0,1.0,0,0,52
hotpotqa,robustness_zscore_retention,z-score + retention-matched,robustness,ms2,balance_hybrid,52,0.0,0.0,0.0,0.0,0.0,1.0,0,0,52
hotpotqa,robustness_zscore_retention,z-score + retention-matched,robustness,ms2,bradley_terry_graph,52,0.0,0.0,0.0,0.0,0.0,1.0,0,0,52
hotpotqa,robustness_zscore_retention,z-score + retention-matched,robustness,ms2,copeland_graph,52,0.0,0.0,0.0,0.0,0.0,1.0,0,0,52
hotpotqa,robustness_zscore_retention,z-score + retention-matched,robustness,ms2,copeland_hybrid,52,0.0,0.0,0.0,0.0,0.0,1.0,0,0,52
hotpotqa,robustness_zscore_retention,z-score + retention-matched,robustness,ms2,markov_graph,52,0.0,0.0,0.0,0.0,0.0,1.0,0,0,52
hotpotqa,robustness_zscore_retention,z-score + retention-matched,robustness,ms2,markov_hybrid,52,0.0,0.0,0.0,0.0,0.0,1.0,0,0,52
hotpotqa,robustness_zscore_retention,z-score + retention-matched,robustness,ms2,pagerank_graph,52,0.0,0.0,0.0,0.0,0.0,1.0,0,0,52
hotpotqa,robustness_zscore_retention,z-score + retention-matched,robustness,ms2,rank_centrality_graph,52,0.0,0.0,0.0,0.0,0.0,1.0,0,0,52
scidocs,ablation_minmax_fixed,minmax + fixed,ablation,ms1,balance_graph,120,0.005085174013665505,0.0,0.00034644725926109545,0.012728245150625742,0.9867,0.054394560543945605,15,11,94
scidocs,ablation_minmax_fixed,minmax + fixed,ablation,ms1,balance_hybrid,120,-8.977707164935349e-05,0.0,-0.0019733293354256875,0.001510251314553788,0.4664,0.8732126787321268,5,4,111
scidocs,ablation_minmax_fixed,minmax + fixed,ablation,ms1,bradley_terry_graph,120,-0.002853220909181205,0.0,-0.012729895111141797,0.005858738794314051,0.2748,0.5755424457554245,24,25,71
scidocs,ablation_minmax_fixed,minmax + fixed,ablation,ms1,copeland_graph,120,-0.0023140360208089997,0.0,-0.011595429358218669,0.00552438941653332,0.3022,0.6344365563443656,25,30,65
scidocs,ablation_minmax_fixed,minmax + fixed,ablation,ms1,copeland_hybrid,120,-0.0011264662712912542,0.0,-0.010996166715751338,0.00872940298284187,0.4116,0.8463153684631537,17,17,86
scidocs,ablation_minmax_fixed,minmax + fixed,ablation,ms1,markov_graph,120,0.0008311252645873797,0.0,-0.002206839136334436,0.004340718639216944,0.6925,0.6482351764823517,16,17,87
scidocs,ablation_minmax_fixed,minmax + fixed,ablation,ms1,markov_hybrid,120,0.0015160608382880625,0.0,-0.00020603295827688328,0.0042849728290902216,0.8983,0.37606239376062395,3,2,115
scidocs,ablation_minmax_fixed,minmax + fixed,ablation,ms1,pagerank_graph,120,-0.0011854461938593638,0.0,-0.015144150532690663,0.013182724337039958,0.4297,0.8723127687231277,30,32,58
scidocs,ablation_minmax_fixed,minmax + fixed,ablation,ms1,rank_centrality_graph,120,-0.000753530462535381,0.0,-0.0056846383531108016,0.00441663071777388,0.3705,0.7745225477452254,25,34,61
scidocs,ablation_minmax_fixed,minmax + fixed,ablation,ms1_drop_mutual,balance_graph,120,0.0,0.0,0.0,0.0,0.0,1.0,0,0,120
scidocs,ablation_minmax_fixed,minmax + fixed,ablation,ms1_drop_mutual,balance_hybrid,120,0.0,0.0,0.0,0.0,0.0,1.0,0,0,120
scidocs,ablation_minmax_fixed,minmax + fixed,ablation,ms1_drop_mutual,bradley_terry_graph,120,-0.00020408908620734694,0.0,-0.0005168124393334366,0.0,0.0,0.253974602539746,0,3,117
scidocs,ablation_minmax_fixed,minmax + fixed,ablation,ms1_drop_mutual,copeland_graph,120,-0.00013290236490271176,0.0,-0.00034905688795967285,0.0,0.0,0.5016498350164984,0,2,118
scidocs,ablation_minmax_fixed,minmax + fixed,ablation,ms1_drop_mutual,copeland_hybrid,120,0.0,0.0,0.0,0.0,0.0,1.0,0,0,120
scidocs,ablation_minmax_fixed,minmax + fixed,ablation,ms1_drop_mutual,markov_graph,120,0.0,0.0,0.0,0.0,0.0,1.0,0,0,120
scidocs,ablation_minmax_fixed,minmax + fixed,ablation,ms1_drop_mutual,markov_hybrid,120,0.0,0.0,0.0,0.0,0.0,1.0,0,0,120
scidocs,ablation_minmax_fixed,minmax + fixed,ablation,ms1_drop_mutual,pagerank_graph,120,-0.0006759815441509844,0.0,-0.001885859218704734,0.0,0.0,0.253974602539746,0,3,117
scidocs,ablation_minmax_fixed,minmax + fixed,ablation,ms1_drop_mutual,rank_centrality_graph,120,-0.0003322091869102819,0.0,-0.0007951598126279949,0.0,0.0,0.2542745725427457,0,3,117
scidocs,ablation_minmax_fixed,minmax + fixed,ablation,ms2,balance_graph,120,0.0012542703323186932,0.0,2.733337569188939e-05,0.0035692567972413903,0.984,0.12198780121987801,4,0,116
scidocs,ablation_minmax_fixed,minmax + fixed,ablation,ms2,balance_hybrid,120,0.0011468438649902967,0.0,0.0,0.0033847690097427393,0.8686,0.5026497350264973,2,0,118
scidocs,ablation_minmax_fixed,minmax + fixed,ablation,ms2,bradley_terry_graph,120,0.0024634300126628733,0.0,0.00044933876760315305,0.005270766901563151,0.9974,0.0163983601639836,12,3,105
scidocs,ablation_minmax_fixed,minmax + fixed,ablation,ms2,copeland_graph,120,0.0005416707484810441,0.0,7.554059508360957e-05,0.0011119510617152108,0.9914,0.04229577042295771,7,2,111
scidocs,ablation_minmax_fixed,minmax + fixed,ablation,ms2,copeland_hybrid,120,0.0008650161225989795,0.0,7.296517822749649e-05,0.0022018342473529946,0.9936,0.060993900609939006,5,0,115
scidocs,ablation_minmax_fixed,minmax + fixed,ablation,ms2,markov_graph,120,0.0013795347705412829,0.0,0.00012527418277176553,0.0031925934052827554,0.9993,0.013998600139986002,7,1,112
scidocs,ablation_minmax_fixed,minmax + fixed,ablation,ms2,markov_hybrid,120,0.0,0.0,0.0,0.0,0.0,1.0,0,0,120
scidocs,ablation_minmax_fixed,minmax + fixed,ablation,ms2,pagerank_graph,120,0.001753198995457982,0.0,-6.872699643792334e-07,0.004539063874675151,0.9715,0.12098790120987901,5,1,114
scidocs,ablation_minmax_fixed,minmax + fixed,ablation,ms2,rank_centrality_graph,120,3.1433544730393126e-05,0.0,-0.0016485877106684939,0.00174735429367174,0.5142,0.9912008799120088,7,3,110
scidocs,ablation_raw_fixed,raw + fixed,ablation,ms1,balance_graph,120,0.0005326163372601186,0.0,0.0,0.0015772539074742965,0.8654,0.49935006499350065,2,0,118
scidocs,ablation_raw_fixed,raw + fixed,ablation,ms1,balance_hybrid,120,6.0770627579480783e-05,0.0,-0.00011677408518729754,0.00029908596792573987,0.606,1.0,1,1,118
scidocs,ablation_raw_fixed,raw + fixed,ablation,ms1,bradley_terry_graph,120,-0.00022842525868988495,0.0,-0.008830843228958853,0.008964821153005247,0.4648,0.9603039696030397,24,35,61
scidocs,ablation_raw_fixed,raw + fixed,ablation,ms1,copeland_graph,120,-0.007877452296671639,0.0,-0.015938268128814517,-0.0007653276788568144,0.0147,0.042495750424957505,19,37,64
scidocs,ablation_raw_fixed,raw + fixed,ablation,ms1,copeland_hybrid,120,-0.0017592903916325829,0.0,-0.005519114642856004,0.002096539659682108,0.171,0.37336266373362664,10,20,90
scidocs,ablation_raw_fixed,raw + fixed,ablation,ms1,markov_graph,120,0.0005397113951032488,0.0,-0.0005277164863986506,0.0023091705625842038,0.6578,0.8838116188381162,3,5,112
scidocs,ablation_raw_fixed,raw + fixed,ablation,ms1,markov_hybrid,120,-0.000567684643147831,0.0,-0.0013435204901647347,0.0,0.0,0.25577442255774424,0,3,117
scidocs,ablation_raw_fixed,raw + fixed,ablation,ms1,pagerank_graph,120,-0.00756107207772446,0.0,-0.014912978136360128,-0.001163867399309911,0.0089,0.035596440355964404,19,25,76
scidocs,ablation_raw_fixed,raw + fixed,ablation,ms1,rank_centrality_graph,120,-0.006348146116720415,0.0,-0.01131760219294116,-0.001956949836897583,0.0018,0.006099390060993901,21,30,69
scidocs,ablation_raw_fixed,raw + fixed,ablation,ms1_drop_mutual,balance_graph,120,0.0,0.0,0.0,0.0,0.0,1.0,0,0,120
scidocs,ablation_raw_fixed,raw + fixed,ablation,ms1_drop_mutual,balance_hybrid,120,0.0,0.0,0.0,0.0,0.0,1.0,0,0,120
scidocs,ablation_raw_fixed,raw + fixed,ablation,ms1_drop_mutual,bradley_terry_graph,120,0.0004459956158434026,0.0,0.0,0.001337986847530208,0.6392,1.0,1,0,119
scidocs,ablation_raw_fixed,raw + fixed,ablation,ms1_drop_mutual,copeland_graph,120,0.0,0.0,0.0,0.0,0.0,1.0,0,0,120
scidocs,ablation_raw_fixed,raw + fixed,ablation,ms1_drop_mutual,copeland_hybrid,120,0.0,0.0,0.0,0.0,0.0,1.0,0,0,120
scidocs,ablation_raw_fixed,raw + fixed,ablation,ms1_drop_mutual,markov_graph,120,0.0002553801677209954,0.0,0.0,0.0007661405031629861,0.6392,1.0,1,0,119
scidocs,ablation_raw_fixed,raw + fixed,ablation,ms1_drop_mutual,markov_hybrid,120,0.0,0.0,0.0,0.0,0.0,1.0,0,0,120
scidocs,ablation_raw_fixed,raw + fixed,ablation,ms1_drop_mutual,pagerank_graph,120,2.0595104306059265e-05,0.0,0.0,6.17853129181778e-05,0.6298,1.0,1,0,119
scidocs,ablation_raw_fixed,raw + fixed,ablation,ms1_drop_mutual,rank_centrality_graph,120,0.0,0.0,0.0,0.0,0.0,1.0,0,0,120
scidocs,ablation_raw_fixed,raw + fixed,ablation,ms2,balance_graph,120,0.0,0.0,0.0,0.0,0.0,1.0,0,0,120
scidocs,ablation_raw_fixed,raw + fixed,ablation,ms2,balance_hybrid,120,0.0,0.0,0.0,0.0,0.0,1.0,0,0,120
scidocs,ablation_raw_fixed,raw + fixed,ablation,ms2,bradley_terry_graph,120,0.0,0.0,0.0,0.0,0.0,1.0,0,0,120
scidocs,ablation_raw_fixed,raw + fixed,ablation,ms2,copeland_graph,120,0.0,0.0,0.0,0.0,0.0,1.0,0,0,120
scidocs,ablation_raw_fixed,raw + fixed,ablation,ms2,copeland_hybrid,120,0.0,0.0,0.0,0.0,0.0,1.0,0,0,120
scidocs,ablation_raw_fixed,raw + fixed,ablation,ms2,markov_graph,120,0.0,0.0,0.0,0.0,0.0,1.0,0,0,120
scidocs,ablation_raw_fixed,raw + fixed,ablation,ms2,markov_hybrid,120,0.0,0.0,0.0,0.0,0.0,1.0,0,0,120
scidocs,ablation_raw_fixed,raw + fixed,ablation,ms2,pagerank_graph,120,0.0,0.0,0.0,0.0,0.0,1.0,0,0,120
scidocs,ablation_raw_fixed,raw + fixed,ablation,ms2,rank_centrality_graph,120,0.0,0.0,0.0,0.0,0.0,1.0,0,0,120
scidocs,ablation_unit_vote_retention,unit vote + retention-matched,ablation,ms1,balance_graph,120,0.006405670986330515,0.0,-0.0018714600022205763,0.015618416813152302,0.933,0.16628337166283372,26,23,71
scidocs,ablation_unit_vote_retention,unit vote + retention-matched,ablation,ms1,balance_hybrid,120,0.006529310974801876,0.0,0.0004863583654573973,0.014974558567217945,0.993,0.0446955304469553,16,5,99
scidocs,ablation_unit_vote_retention,unit vote + retention-matched,ablation,ms1,bradley_terry_graph,120,0.0030393591093672615,0.0,-0.013636485824955582,0.021346790978335337,0.6299,0.7524247575242475,29,31,60
scidocs,ablation_unit_vote_retention,unit vote + retention-matched,ablation,ms1,copeland_graph,120,-0.0008637252067397532,0.0,-0.013504123835802614,0.01057707104971091,0.4616,0.8981101889811018,28,30,62
scidocs,ablation_unit_vote_retention,unit vote + retention-matched,ablation,ms1,copeland_hybrid,120,0.0010623714654651622,0.0,-0.010890812664134539,0.012956539647723316,0.5778,0.823917608239176,23,12,85
scidocs,ablation_unit_vote_retention,unit vote + retention-matched,ablation,ms1,markov_graph,120,0.0030662056839012753,0.0,-0.01137287304568317,0.019042338011255672,0.6552,0.7008299170082992,29,26,65
scidocs,ablation_unit_vote_retention,unit vote + retention-matched,ablation,ms1,markov_hybrid,120,0.004167972713862598,0.0,-0.005621034843963353,0.013907092608240267,0.8053,0.4353564643535646,12,7,101
scidocs,ablation_unit_vote_retention,unit vote + retention-matched,ablation,ms1,pagerank_graph,120,-0.0048528387440809175,0.0,-0.018330339893676724,0.009400164865107762,0.2333,0.5170482951704829,28,31,61
scidocs,ablation_unit_vote_retention,unit vote + retention-matched,ablation,ms1,rank_centrality_graph,120,-0.00014945892047005967,0.0,-0.014885252301074547,0.015561929407555452,0.4849,0.9852014798520148,31,30,59
scidocs,ablation_unit_vote_retention,unit vote + retention-matched,ablation,ms1_drop_mutual,balance_graph,120,0.0,0.0,0.0,0.0,0.0,1.0,0,0,120
scidocs,ablation_unit_vote_retention,unit vote + retention-matched,ablation,ms1_drop_mutual,balance_hybrid,120,0.0,0.0,0.0,0.0,0.0,1.0,0,0,120
scidocs,ablation_unit_vote_retention,unit vote + retention-matched,ablation,ms1_drop_mutual,bradley_terry_graph,120,0.0003395192526857785,0.0,0.0,0.0010185577580573354,0.6392,1.0,1,0,119
scidocs,ablation_unit_vote_retention,unit vote + retention-matched,ablation,ms1_drop_mutual,copeland_graph,120,0.0,0.0,0.0,0.0,0.0,1.0,0,0,120
scidocs,ablation_unit_vote_retention,unit vote + retention-matched,ablation,ms1_drop_mutual,copeland_hybrid,120,0.0,0.0,0.0,0.0,0.0,1.0,0,0,120
scidocs,ablation_unit_vote_retention,unit vote + retention-matched,ablation,ms1_drop_mutual,markov_graph,120,0.00019061544812240723,0.0,0.0,0.0005718463443672217,0.6392,1.0,1,0,119
scidocs,ablation_unit_vote_retention,unit vote + retention-matched,ablation,ms1_drop_mutual,markov_hybrid,120,0.0,0.0,0.0,0.0,0.0,1.0,0,0,120
scidocs,ablation_unit_vote_retention,unit vote + retention-matched,ablation,ms1_drop_mutual,pagerank_graph,120,2.7333375691889854e-05,0.0,0.0,8.200012707566955e-05,0.6298,1.0,1,0,119
scidocs,ablation_unit_vote_retention,unit vote + retention-matched,ablation,ms1_drop_mutual,rank_centrality_graph,120,0.0002553801677209954,0.0,0.0,0.0007661405031629861,0.6392,1.0,1,0,119
scidocs,ablation_unit_vote_retention,unit vote + retention-matched,ablation,ms2,balance_graph,120,0.0,0.0,0.0,0.0,0.0,1.0,0,0,120
scidocs,ablation_unit_vote_retention,unit vote + retention-matched,ablation,ms2,balance_hybrid,120,0.0,0.0,0.0,0.0,0.0,1.0,0,0,120
scidocs,ablation_unit_vote_retention,unit vote + retention-matched,ablation,ms2,bradley_terry_graph,120,0.0,0.0,0.0,0.0,0.0,1.0,0,0,120
scidocs,ablation_unit_vote_retention,unit vote + retention-matched,ablation,ms2,copeland_graph,120,0.0,0.0,0.0,0.0,0.0,1.0,0,0,120
scidocs,ablation_unit_vote_retention,unit vote + retention-matched,ablation,ms2,copeland_hybrid,120,0.0,0.0,0.0,0.0,0.0,1.0,0,0,120
scidocs,ablation_unit_vote_retention,unit vote + retention-matched,ablation,ms2,markov_graph,120,0.0,0.0,0.0,0.0,0.0,1.0,0,0,120
scidocs,ablation_unit_vote_retention,unit vote + retention-matched,ablation,ms2,markov_hybrid,120,0.0,0.0,0.0,0.0,0.0,1.0,0,0,120
scidocs,ablation_unit_vote_retention,unit vote + retention-matched,ablation,ms2,pagerank_graph,120,0.0,0.0,0.0,0.0,0.0,1.0,0,0,120
scidocs,ablation_unit_vote_retention,unit vote + retention-matched,ablation,ms2,rank_centrality_graph,120,0.0,0.0,0.0,0.0,0.0,1.0,0,0,120
scidocs,independent_minmax_quantile_q0p3,"minmax + independent quantile (q=0.3, low selectivity)",independent_grid,ms1,balance_graph,120,0.005150116336068844,0.0,0.0004821973548285509,0.012715949887314686,0.9917,0.039896010398960104,14,9,97
scidocs,independent_minmax_quantile_q0p3,"minmax + independent quantile (q=0.3, low selectivity)",independent_grid,ms1,balance_hybrid,120,-0.00026627518719664274,0.0,-0.001957430451032122,0.0009255714469719589,0.404,0.8733126687331267,5,3,112
scidocs,independent_minmax_quantile_q0p3,"minmax + independent quantile (q=0.3, low selectivity)",independent_grid,ms1,bradley_terry_graph,120,0.00040331228884386096,0.0,-0.006820937787012144,0.007987141321579105,0.5416,0.9211078892110789,30,21,69
scidocs,independent_minmax_quantile_q0p3,"minmax + independent quantile (q=0.3, low selectivity)",independent_grid,ms1,copeland_graph,120,0.003482469267467807,0.0,-0.006545401416469834,0.013105804223046278,0.7647,0.5176482351764824,29,19,72
scidocs,independent_minmax_quantile_q0p3,"minmax + independent quantile (q=0.3, low selectivity)",independent_grid,ms1,copeland_hybrid,120,0.006537934557603887,0.0,-0.004205677606353816,0.018348515260256253,0.8825,0.24487551244875513,17,8,95
scidocs,independent_minmax_quantile_q0p3,"minmax + independent quantile (q=0.3, low selectivity)",independent_grid,ms1,markov_graph,120,0.0017994920636940396,0.0,-0.0014684769519287837,0.005402302472465908,0.8518,0.33086691330866913,17,19,84
scidocs,independent_minmax_quantile_q0p3,"minmax + independent quantile (q=0.3, low selectivity)",independent_grid,ms1,markov_hybrid,120,-0.0016339370167837498,0.0,-0.009038336155339147,0.0035121933001095837,0.3476,0.805919408059194,2,3,115
scidocs,independent_minmax_quantile_q0p3,"minmax + independent quantile (q=0.3, low selectivity)",independent_grid,ms1,pagerank_graph,120,0.001249194287608496,0.0,-0.009575983979940696,0.012649181083411485,0.5832,0.8335166483351665,35,27,58
scidocs,independent_minmax_quantile_q0p3,"minmax + independent quantile (q=0.3, low selectivity)",independent_grid,ms1,rank_centrality_graph,120,8.516874205968897e-05,0.0,-0.005621068975224988,0.005941069963875274,0.5033,0.9781021897810219,29,30,61
scidocs,independent_minmax_quantile_q0p3,"minmax + independent quantile (q=0.3, low selectivity)",independent_grid,ms1_drop_mutual,balance_graph,120,6.11367499626698e-05,0.0,0.0,0.0001834102498880094,0.6349,1.0,1,0,119
scidocs,independent_minmax_quantile_q0p3,"minmax + independent quantile (q=0.3, low selectivity)",independent_grid,ms1_drop_mutual,balance_hybrid,120,0.0,0.0,0.0,0.0,0.0,1.0,0,0,120
scidocs,independent_minmax_quantile_q0p3,"minmax + independent quantile (q=0.3, low selectivity)",independent_grid,ms1_drop_mutual,bradley_terry_graph,120,0.00015162961156559574,0.0,-0.00013343295756221285,0.0005883217922590001,0.6336,1.0,1,1,118
scidocs,independent_minmax_quantile_q0p3,"minmax + independent quantile (q=0.3, low selectivity)",independent_grid,ms1_drop_mutual,copeland_graph,120,4.447765252073854e-05,0.0,0.0,0.00013343295756221562,0.6349,1.0,1,0,119
scidocs,independent_minmax_quantile_q0p3,"minmax + independent quantile (q=0.3, low selectivity)",independent_grid,ms1_drop_mutual,copeland_hybrid,120,0.0,0.0,0.0,0.0,0.0,1.0,0,0,120
scidocs,independent_minmax_quantile_q0p3,"minmax + independent quantile (q=0.3, low selectivity)",independent_grid,ms1_drop_mutual,markov_graph,120,6.11367499626698e-05,0.0,0.0,0.0001834102498880094,0.6349,1.0,1,0,119
scidocs,independent_minmax_quantile_q0p3,"minmax + independent quantile (q=0.3, low selectivity)",independent_grid,ms1_drop_mutual,markov_hybrid,120,0.0,0.0,0.0,0.0,0.0,1.0,0,0,120
scidocs,independent_minmax_quantile_q0p3,"minmax + independent quantile (q=0.3, low selectivity)",independent_grid,ms1_drop_mutual,pagerank_graph,120,8.325215815424974e-05,0.0,0.0,0.0002497564744627492,0.6349,1.0,1,0,119
scidocs,independent_minmax_quantile_q0p3,"minmax + independent quantile (q=0.3, low selectivity)",independent_grid,ms1_drop_mutual,rank_centrality_graph,120,0.00012799622643923787,0.0,0.0,0.00034729240263860347,0.8683,0.5005499450054994,2,0,118
scidocs,independent_minmax_quantile_q0p3,"minmax + independent quantile (q=0.3, low selectivity)",independent_grid,ms2,balance_graph,120,0.0,0.0,0.0,0.0,0.0,1.0,0,0,120
scidocs,independent_minmax_quantile_q0p3,"minmax + independent quantile (q=0.3, low selectivity)",independent_grid,ms2,balance_hybrid,120,0.0,0.0,0.0,0.0,0.0,1.0,0,0,120
scidocs,independent_minmax_quantile_q0p3,"minmax + independent quantile (q=0.3, low selectivity)",independent_grid,ms2,bradley_terry_graph,120,0.0006979860254029542,0.0,0.0,0.0019736674001942997,0.8755,0.5069493050694931,2,0,118
scidocs,independent_minmax_quantile_q0p3,"minmax + independent quantile (q=0.3, low selectivity)",independent_grid,ms2,copeland_graph,120,0.0005776953493883912,0.0,0.0,0.0017330860481651737,0.644,1.0,1,0,119
scidocs,independent_minmax_quantile_q0p3,"minmax + independent quantile (q=0.3, low selectivity)",independent_grid,ms2,copeland_hybrid,120,0.0,0.0,0.0,0.0,0.0,1.0,0,0,120
scidocs,independent_minmax_quantile_q0p3,"minmax + independent quantile (q=0.3, low selectivity)",independent_grid,ms2,markov_graph,120,0.0,0.0,0.0,0.0,0.0,1.0,0,0,120
scidocs,independent_minmax_quantile_q0p3,"minmax + independent quantile (q=0.3, low selectivity)",independent_grid,ms2,markov_hybrid,120,0.0,0.0,0.0,0.0,0.0,1.0,0,0,120
scidocs,independent_minmax_quantile_q0p3,"minmax + independent quantile (q=0.3, low selectivity)",independent_grid,ms2,pagerank_graph,120,0.001091081279762146,0.0,0.0,0.0032732438392864384,0.644,1.0,1,0,119
scidocs,independent_minmax_quantile_q0p3,"minmax + independent quantile (q=0.3, low selectivity)",independent_grid,ms2,rank_centrality_graph,120,0.0007976957699537319,0.0,0.0,0.002173086889295855,0.8755,0.5069493050694931,2,0,118
scidocs,independent_minmax_quantile_q0p5,minmax + independent quantile (q=0.5),independent,ms1,balance_graph,120,0.0021091307735370884,0.0,-5.545606970789614e-05,0.004951856490238828,0.9706,0.1065893410658934,13,10,97
scidocs,independent_minmax_quantile_q0p5,minmax + independent quantile (q=0.5),independent,ms1,balance_hybrid,120,0.0008253358468516482,0.0,-4.078093844407105e-05,0.002144881152677894,0.9483,0.17998200179982002,4,2,114
scidocs,independent_minmax_quantile_q0p5,minmax + independent quantile (q=0.5),independent,ms1,bradley_terry_graph,120,0.008961209246321876,0.0,0.00038256834931982807,0.019123819037598726,0.9811,0.06179382061793821,28,16,76
scidocs,independent_minmax_quantile_q0p5,minmax + independent quantile (q=0.5),independent,ms1,copeland_graph,120,0.011664360719058933,0.0,0.003264077958364046,0.022229009220656275,0.9989,0.006299370062993701,28,14,78
scidocs,independent_minmax_quantile_q0p5,minmax + independent quantile (q=0.5),independent,ms1,copeland_hybrid,120,0.009763443585018978,0.0,0.0016259240980458234,0.02049517852681723,0.9968,0.0193980601939806,14,8,98
scidocs,independent_minmax_quantile_q0p5,minmax + independent quantile (q=0.5),independent,ms1,markov_graph,120,0.0002677641783037768,0.0,-0.0019617664328479122,0.0026049032025930808,0.592,0.8228177182281772,14,13,93
scidocs,independent_minmax_quantile_q0p5,minmax + independent quantile (q=0.5),independent,ms1,markov_hybrid,120,0.0009412995374144869,0.0,-0.0012227759189927616,0.003796937472488271,0.7304,0.6871312868713129,2,3,115
scidocs,independent_minmax_quantile_q0p5,minmax + independent quantile (q=0.5),independent,ms1,pagerank_graph,120,0.0021315368794312794,0.0,-0.008259009978380406,0.013356774948178265,0.6466,0.7107289271072893,28,26,66
scidocs,independent_minmax_quantile_q0p5,minmax + independent quantile (q=0.5),independent,ms1,rank_centrality_graph,120,5.45157368163814e-06,0.0,-0.006692156571164566,0.007392216537669274,0.4847,0.9987001299870013,24,29,67
scidocs,independent_minmax_quantile_q0p5,minmax + independent quantile (q=0.5),independent,ms1_drop_mutual,balance_graph,120,-0.00012029067601456306,0.0,-0.00036087202804368915,0.0,0.0,1.0,0,1,119
scidocs,independent_minmax_quantile_q0p5,minmax + independent quantile (q=0.5),independent,ms1_drop_mutual,balance_hybrid,120,0.0,0.0,0.0,0.0,0.0,1.0,0,0,120
scidocs,independent_minmax_quantile_q0p5,minmax + independent quantile (q=0.5),independent,ms1_drop_mutual,bradley_terry_graph,120,-0.0005125106076615131,0.0,-0.001399446446710298,1.7402680294312244e-05,0.0282,0.24917508249175083,1,3,116
scidocs,independent_minmax_quantile_q0p5,minmax + independent quantile (q=0.5),independent,ms1_drop_mutual,copeland_graph,120,-8.445473277415341e-05,0.0,-0.00039491347250871964,0.00015921887480719736,0.2722,0.75002499750025,1,2,117
scidocs,independent_minmax_quantile_q0p5,minmax + independent quantile (q=0.5),independent,ms1_drop_mutual,copeland_hybrid,120,-0.00014890380456337126,0.0,-0.00044671141369011377,0.0,0.0,1.0,0,1,119
scidocs,independent_minmax_quantile_q0p5,minmax + independent quantile (q=0.5),independent,ms1_drop_mutual,markov_graph,120,-7.34990141197193e-05,0.0,-0.00036087202804368915,0.00014037498568453128,0.2533,1.0,1,1,118
scidocs,independent_minmax_quantile_q0p5,minmax + independent quantile (q=0.5),independent,ms1_drop_mutual,markov_hybrid,120,0.0,0.0,0.0,0.0,0.0,1.0,0,0,120
scidocs,independent_minmax_quantile_q0p5,minmax + independent quantile (q=0.5),independent,ms1_drop_mutual,pagerank_graph,120,-0.00012711895625303754,0.0,-0.00039271255744201955,3.876490038516682e-05,0.0935,0.49535046495350465,1,2,117
scidocs,independent_minmax_quantile_q0p5,minmax + independent quantile (q=0.5),independent,ms1_drop_mutual,rank_centrality_graph,120,-0.00032965293889665226,0.0,-0.0008986887485512286,1.938245019258341e-05,0.0326,0.25147485251474855,1,3,116
scidocs,independent_minmax_quantile_q0p5,minmax + independent quantile (q=0.5),independent,ms2,balance_graph,120,0.0,0.0,0.0,0.0,0.0,1.0,0,0,120
scidocs,independent_minmax_quantile_q0p5,minmax + independent quantile (q=0.5),independent,ms2,balance_hybrid,120,0.0,0.0,0.0,0.0,0.0,1.0,0,0,120
scidocs,independent_minmax_quantile_q0p5,minmax + independent quantile (q=0.5),independent,ms2,bradley_terry_graph,120,0.0,0.0,0.0,0.0,0.0,1.0,0,0,120
scidocs,independent_minmax_quantile_q0p5,minmax + independent quantile (q=0.5),independent,ms2,copeland_graph,120,-6.32384949177181e-05,0.0,-0.0001897154847531543,0.0,0.0,1.0,0,1,119
scidocs,independent_minmax_quantile_q0p5,minmax + independent quantile (q=0.5),independent,ms2,copeland_hybrid,120,0.0,0.0,0.0,0.0,0.0,1.0,0,0,120
scidocs,independent_minmax_quantile_q0p5,minmax + independent quantile (q=0.5),independent,ms2,markov_graph,120,-8.434900555631675e-05,0.0,-0.00025304701666895024,0.0,0.0,1.0,0,1,119
scidocs,independent_minmax_quantile_q0p5,minmax + independent quantile (q=0.5),independent,ms2,markov_hybrid,120,0.0,0.0,0.0,0.0,0.0,1.0,0,0,120
scidocs,independent_minmax_quantile_q0p5,minmax + independent quantile (q=0.5),independent,ms2,pagerank_graph,120,0.0,0.0,0.0,0.0,0.0,1.0,0,0,120
scidocs,independent_minmax_quantile_q0p5,minmax + independent quantile (q=0.5),independent,ms2,rank_centrality_graph,120,0.0003043494261216575,0.0,0.0,0.0009130482783649724,0.6287,1.0,1,0,119
scidocs,independent_minmax_quantile_q0p7,"minmax + independent quantile (q=0.7, high selectivity)",independent_grid,ms1,balance_graph,120,0.0020132578082977305,0.0,-4.995385814582514e-05,0.004718357943061697,0.9713,0.1141885811418858,9,8,103
scidocs,independent_minmax_quantile_q0p7,"minmax + independent quantile (q=0.7, high selectivity)",independent_grid,ms1,balance_hybrid,120,-8.77140213870103e-05,0.0,-0.000556658939018835,0.0004549710174532378,0.3337,0.8636136386361364,1,3,116
scidocs,independent_minmax_quantile_q0p7,"minmax + independent quantile (q=0.7, high selectivity)",independent_grid,ms1,bradley_terry_graph,120,0.004713377081153301,0.0,-0.00796206950910176,0.019914140121227775,0.7373,0.5408459154084592,17,25,78
scidocs,independent_minmax_quantile_q0p7,"minmax + independent quantile (q=0.7, high selectivity)",independent_grid,ms1,copeland_graph,120,0.003028133405474352,0.0,-0.002602704354549234,0.010983553444828823,0.801,0.5126487351264873,12,14,94
scidocs,independent_minmax_quantile_q0p7,"minmax + independent quantile (q=0.7, high selectivity)",independent_grid,ms1,copeland_hybrid,120,0.0006275248930463189,0.0,-0.0003145388494503296,0.0019763923297905737,0.8576,0.3514648535146485,6,4,110
scidocs,independent_minmax_quantile_q0p7,"minmax + independent quantile (q=0.7, high selectivity)",independent_grid,ms1,markov_graph,120,0.0001983839426764493,0.0,-0.004138645479227208,0.005012400218288347,0.5188,0.9395060493950604,13,15,92
scidocs,independent_minmax_quantile_q0p7,"minmax + independent quantile (q=0.7, high selectivity)",independent_grid,ms1,markov_hybrid,120,0.004038458067817,0.0,-0.0002404893706669129,0.011409108389674991,0.8878,0.411958804119588,4,2,114
scidocs,independent_minmax_quantile_q0p7,"minmax + independent quantile (q=0.7, high selectivity)",independent_grid,ms1,pagerank_graph,120,0.003930274128222232,0.0,-0.004263437959766753,0.013458559547610738,0.8058,0.42405759424057593,17,16,87
scidocs,independent_minmax_quantile_q0p7,"minmax + independent quantile (q=0.7, high selectivity)",independent_grid,ms1,rank_centrality_graph,120,0.0020889666261910025,0.0,-0.0034917532577032643,0.008628321397255813,0.7539,0.5173482651734826,12,18,90
scidocs,independent_minmax_quantile_q0p7,"minmax + independent quantile (q=0.7, high selectivity)",independent_grid,ms1_drop_mutual,balance_graph,120,0.0,0.0,0.0,0.0,0.0,1.0,0,0,120
scidocs,independent_minmax_quantile_q0p7,"minmax + independent quantile (q=0.7, high selectivity)",independent_grid,ms1_drop_mutual,balance_hybrid,120,0.0,0.0,0.0,0.0,0.0,1.0,0,0,120
scidocs,independent_minmax_quantile_q0p7,"minmax + independent quantile (q=0.7, high selectivity)",independent_grid,ms1_drop_mutual,bradley_terry_graph,120,2.6929504511285138e-05,0.0,-0.0001897154847531543,0.0002705039982870097,0.5258,1.0,1,1,118
scidocs,independent_minmax_quantile_q0p7,"minmax + independent quantile (q=0.7, high selectivity)",independent_grid,ms1_drop_mutual,copeland_graph,120,5.57625852281506e-05,0.0,0.0,0.00016728775568445182,0.6288,1.0,1,0,119
scidocs,independent_minmax_quantile_q0p7,"minmax + independent quantile (q=0.7, high selectivity)",independent_grid,ms1_drop_mutual,copeland_hybrid,120,0.0,0.0,0.0,0.0,0.0,1.0,0,0,120
scidocs,independent_minmax_quantile_q0p7,"minmax + independent quantile (q=0.7, high selectivity)",independent_grid,ms1_drop_mutual,markov_graph,120,3.980156790667766e-05,0.0,-0.00014895062024538746,0.0002683553239654204,0.5358,1.0,1,1,118
scidocs,independent_minmax_quantile_q0p7,"minmax + independent quantile (q=0.7, high selectivity)",independent_grid,ms1_drop_mutual,markov_hybrid,120,0.0,0.0,0.0,0.0,0.0,1.0,0,0,120
scidocs,independent_minmax_quantile_q0p7,"minmax + independent quantile (q=0.7, high selectivity)",independent_grid,ms1_drop_mutual,pagerank_graph,120,6.32384949177181e-05,0.0,0.0,0.0001897154847531543,0.6288,1.0,1,0,119
scidocs,independent_minmax_quantile_q0p7,"minmax + independent quantile (q=0.7, high selectivity)",independent_grid,ms1_drop_mutual,rank_centrality_graph,120,-5.57625852281506e-05,0.0,-0.00016728775568445182,0.0,0.0,1.0,0,1,119
scidocs,independent_minmax_quantile_q0p7,"minmax + independent quantile (q=0.7, high selectivity)",independent_grid,ms2,balance_graph,120,0.0,0.0,0.0,0.0,0.0,1.0,0,0,120
scidocs,independent_minmax_quantile_q0p7,"minmax + independent quantile (q=0.7, high selectivity)",independent_grid,ms2,balance_hybrid,120,0.0,0.0,0.0,0.0,0.0,1.0,0,0,120
scidocs,independent_minmax_quantile_q0p7,"minmax + independent quantile (q=0.7, high selectivity)",independent_grid,ms2,bradley_terry_graph,120,0.0,0.0,0.0,0.0,0.0,1.0,0,0,120
scidocs,independent_minmax_quantile_q0p7,"minmax + independent quantile (q=0.7, high selectivity)",independent_grid,ms2,copeland_graph,120,0.0,0.0,0.0,0.0,0.0,1.0,0,0,120
scidocs,independent_minmax_quantile_q0p7,"minmax + independent quantile (q=0.7, high selectivity)",independent_grid,ms2,copeland_hybrid,120,0.0,0.0,0.0,0.0,0.0,1.0,0,0,120
scidocs,independent_minmax_quantile_q0p7,"minmax + independent quantile (q=0.7, high selectivity)",independent_grid,ms2,markov_graph,120,0.0,0.0,0.0,0.0,0.0,1.0,0,0,120
scidocs,independent_minmax_quantile_q0p7,"minmax + independent quantile (q=0.7, high selectivity)",independent_grid,ms2,markov_hybrid,120,0.0,0.0,0.0,0.0,0.0,1.0,0,0,120
scidocs,independent_minmax_quantile_q0p7,"minmax + independent quantile (q=0.7, high selectivity)",independent_grid,ms2,pagerank_graph,120,0.0,0.0,0.0,0.0,0.0,1.0,0,0,120
scidocs,independent_minmax_quantile_q0p7,"minmax + independent quantile (q=0.7, high selectivity)",independent_grid,ms2,rank_centrality_graph,120,0.0,0.0,0.0,0.0,0.0,1.0,0,0,120
scidocs,independent_rank_percentile_q0p3,"rank-percentile (tie-abstain) + independent quantile (q=0.3, low selectivity)",independent_grid,ms1,balance_graph,120,-0.0027223327913452155,0.0,-0.010311825335026361,0.002372080133251455,0.2301,0.5992400759924008,13,17,90
scidocs,independent_rank_percentile_q0p3,"rank-percentile (tie-abstain) + independent quantile (q=0.3, low selectivity)",independent_grid,ms1,balance_hybrid,120,-0.0035048639717950958,0.0,-0.009923477343199885,-7.644582122137074e-05,0.0108,0.051994800519948,2,10,108
scidocs,independent_rank_percentile_q0p3,"rank-percentile (tie-abstain) + independent quantile (q=0.3, low selectivity)",independent_grid,ms1,bradley_terry_graph,120,0.0032005490149523727,0.0,-0.005247303409060847,0.012774547428765163,0.7554,0.5222477752224778,32,23,65
scidocs,independent_rank_percentile_q0p3,"rank-percentile (tie-abstain) + independent quantile (q=0.3, low selectivity)",independent_grid,ms1,copeland_graph,120,-0.0020383873163442156,0.0,-0.011332318579710302,0.006104993739071369,0.3368,0.6764323567643236,26,25,69
scidocs,independent_rank_percentile_q0p3,"rank-percentile (tie-abstain) + independent quantile (q=0.3, low selectivity)",independent_grid,ms1,copeland_hybrid,120,-0.0026200257549645082,0.0,-0.010020814334008359,0.0020141067406904355,0.247,0.6467353264673532,12,15,93
scidocs,independent_rank_percentile_q0p3,"rank-percentile (tie-abstain) + independent quantile (q=0.3, low selectivity)",independent_grid,ms1,markov_graph,120,0.00022286432844756746,0.0,-0.002617573736814253,0.0033984186026528216,0.5492,0.8971102889711029,18,25,77
scidocs,independent_rank_percentile_q0p3,"rank-percentile (tie-abstain) + independent quantile (q=0.3, low selectivity)",independent_grid,ms1,markov_hybrid,120,0.0012164417713370962,0.0,-0.0022957923247660383,0.006064327240722268,0.682,0.7255274472552745,5,10,105
scidocs,independent_rank_percentile_q0p3,"rank-percentile (tie-abstain) + independent quantile (q=0.3, low selectivity)",independent_grid,ms1,pagerank_graph,120,-0.00700457520219236,0.0,-0.020513068904974882,0.0062305854893699416,0.1513,0.3324667533246675,32,31,57
scidocs,independent_rank_percentile_q0p3,"rank-percentile (tie-abstain) + independent quantile (q=0.3, low selectivity)",independent_grid,ms1,rank_centrality_graph,120,-0.004888717266442218,0.0,-0.011086098873916327,0.0008249707762625797,0.0479,0.11138886111388861,25,32,63
scidocs,independent_rank_percentile_q0p3,"rank-percentile (tie-abstain) + independent quantile (q=0.3, low selectivity)",independent_grid,ms1_drop_mutual,balance_graph,120,-7.375589031418846e-05,0.0,-0.00022126767094256538,0.0,0.0,1.0,0,1,119
scidocs,independent_rank_percentile_q0p3,"rank-percentile (tie-abstain) + independent quantile (q=0.3, low selectivity)",independent_grid,ms1_drop_mutual,balance_hybrid,120,0.0,0.0,0.0,0.0,0.0,1.0,0,0,120
scidocs,independent_rank_percentile_q0p3,"rank-percentile (tie-abstain) + independent quantile (q=0.3, low selectivity)",independent_grid,ms1_drop_mutual,bradley_terry_graph,120,-2.9818184003063686e-05,0.0,-0.00036087202804368915,0.00020963216311632032,0.4372,1.0,2,1,117
scidocs,independent_rank_percentile_q0p3,"rank-percentile (tie-abstain) + independent quantile (q=0.3, low selectivity)",independent_grid,ms1_drop_mutual,copeland_graph,120,0.0,0.0,0.0,0.0,0.0,1.0,0,0,120
scidocs,independent_rank_percentile_q0p3,"rank-percentile (tie-abstain) + independent quantile (q=0.3, low selectivity)",independent_grid,ms1_drop_mutual,copeland_hybrid,120,0.00013260511072644559,0.0,-0.00011632351690053499,0.0005141388490798718,0.6431,1.0,1,1,118
scidocs,independent_rank_percentile_q0p3,"rank-percentile (tie-abstain) + independent quantile (q=0.3, low selectivity)",independent_grid,ms1_drop_mutual,markov_graph,120,6.987738770544011e-05,0.0,0.0,0.00020963216311632032,0.6444,1.0,1,0,119
scidocs,independent_rank_percentile_q0p3,"rank-percentile (tie-abstain) + independent quantile (q=0.3, low selectivity)",independent_grid,ms1_drop_mutual,markov_hybrid,120,0.00017137961635995725,0.0,0.0,0.0005141388490798718,0.6444,1.0,1,0,119
scidocs,independent_rank_percentile_q0p3,"rank-percentile (tie-abstain) + independent quantile (q=0.3, low selectivity)",independent_grid,ms1_drop_mutual,pagerank_graph,120,0.00025029826916858806,0.0,0.0,0.0005777425275133909,0.9527,0.24847515248475152,3,0,117
scidocs,independent_rank_percentile_q0p3,"rank-percentile (tie-abstain) + independent quantile (q=0.3, low selectivity)",independent_grid,ms1_drop_mutual,rank_centrality_graph,120,8.326338851863124e-05,0.0,-0.0002405813520291261,0.0004071081290663886,0.7131,0.6199380061993801,3,1,116
scidocs,independent_rank_percentile_q0p3,"rank-percentile (tie-abstain) + independent quantile (q=0.3, low selectivity)",independent_grid,ms2,balance_graph,120,0.0,0.0,0.0,0.0,0.0,1.0,0,0,120
scidocs,independent_rank_percentile_q0p3,"rank-percentile (tie-abstain) + independent quantile (q=0.3, low selectivity)",independent_grid,ms2,balance_hybrid,120,0.0,0.0,0.0,0.0,0.0,1.0,0,0,120
scidocs,independent_rank_percentile_q0p3,"rank-percentile (tie-abstain) + independent quantile (q=0.3, low selectivity)",independent_grid,ms2,bradley_terry_graph,120,-3.9581593790713464e-05,0.0,-0.0001187447813721404,0.0,0.0,1.0,0,1,119
scidocs,independent_rank_percentile_q0p3,"rank-percentile (tie-abstain) + independent quantile (q=0.3, low selectivity)",independent_grid,ms2,copeland_graph,120,0.0,0.0,0.0,0.0,0.0,1.0,0,0,120
scidocs,independent_rank_percentile_q0p3,"rank-percentile (tie-abstain) + independent quantile (q=0.3, low selectivity)",independent_grid,ms2,copeland_hybrid,120,0.0,0.0,0.0,0.0,0.0,1.0,0,0,120
scidocs,independent_rank_percentile_q0p3,"rank-percentile (tie-abstain) + independent quantile (q=0.3, low selectivity)",independent_grid,ms2,markov_graph,120,0.0,0.0,0.0,0.0,0.0,1.0,0,0,120
scidocs,independent_rank_percentile_q0p3,"rank-percentile (tie-abstain) + independent quantile (q=0.3, low selectivity)",independent_grid,ms2,markov_hybrid,120,0.0,0.0,0.0,0.0,0.0,1.0,0,0,120
scidocs,independent_rank_percentile_q0p3,"rank-percentile (tie-abstain) + independent quantile (q=0.3, low selectivity)",independent_grid,ms2,pagerank_graph,120,0.0,0.0,0.0,0.0,0.0,1.0,0,0,120
scidocs,independent_rank_percentile_q0p3,"rank-percentile (tie-abstain) + independent quantile (q=0.3, low selectivity)",independent_grid,ms2,rank_centrality_graph,120,4.447765252073808e-05,0.0,0.0,0.00013343295756221423,0.6297,1.0,1,0,119
scidocs,independent_rank_percentile_q0p5,rank-percentile (tie-abstain) + independent quantile (q=0.5),independent,ms1,balance_graph,120,-0.003816198526380224,0.0,-0.010724392049018823,0.00021530347652169027,0.0488,0.15278472152784722,13,12,95
scidocs,independent_rank_percentile_q0p5,rank-percentile (tie-abstain) + independent quantile (q=0.5),independent,ms1,balance_hybrid,120,-0.00013916483791145314,0.0,-0.0007060176483537219,0.0002987903771285806,0.325,0.7182281771822818,4,5,111
scidocs,independent_rank_percentile_q0p5,rank-percentile (tie-abstain) + independent quantile (q=0.5),independent,ms1,bradley_terry_graph,120,0.004074874949818703,0.0,-0.009566652248273145,0.018170621149766423,0.7219,0.5871412858714129,32,23,65
scidocs,independent_rank_percentile_q0p5,rank-percentile (tie-abstain) + independent quantile (q=0.5),independent,ms1,copeland_graph,120,-0.0036541601544384764,0.0,-0.009078569443316866,0.0006459924364950443,0.0608,0.18808119188081193,18,19,83
scidocs,independent_rank_percentile_q0p5,rank-percentile (tie-abstain) + independent quantile (q=0.5),independent,ms1,copeland_hybrid,120,-0.006848738091575952,0.0,-0.016552030402722337,1.2451556168322875e-06,0.0251,0.10638936106389361,9,13,98
scidocs,independent_rank_percentile_q0p5,rank-percentile (tie-abstain) + independent quantile (q=0.5),independent,ms1,markov_graph,120,0.002168234721748556,0.0,-0.004070601017606721,0.010026020569126865,0.7086,0.6571342865713429,18,18,84
scidocs,independent_rank_percentile_q0p5,rank-percentile (tie-abstain) + independent quantile (q=0.5),independent,ms1,markov_hybrid,120,0.0018324034111267455,0.0,-0.007572088436312666,0.010897983334977959,0.6742,0.6067393260673932,7,3,110
scidocs,independent_rank_percentile_q0p5,rank-percentile (tie-abstain) + independent quantile (q=0.5),independent,ms1,pagerank_graph,120,-0.0018763941935447145,0.0,-0.01940904953339637,0.013427819963891622,0.4202,0.847015298470153,28,31,61
scidocs,independent_rank_percentile_q0p5,rank-percentile (tie-abstain) + independent quantile (q=0.5),independent,ms1,rank_centrality_graph,120,0.0014152277711325942,0.0,-0.004006463907816438,0.009339243227685316,0.623,0.8433156684331566,27,24,69
scidocs,independent_rank_percentile_q0p5,rank-percentile (tie-abstain) + independent quantile (q=0.5),independent,ms1_drop_mutual,balance_graph,120,0.0001292522572342104,0.0,-8.200012707566817e-05,0.00046975689877829934,0.6296,1.0,1,1,118
scidocs,independent_rank_percentile_q0p5,rank-percentile (tie-abstain) + independent quantile (q=0.5),independent,ms1_drop_mutual,balance_hybrid,120,-2.05951043060588e-05,0.0,-6.17853129181764e-05,0.0,0.0,1.0,0,1,119
scidocs,independent_rank_percentile_q0p5,rank-percentile (tie-abstain) + independent quantile (q=0.5),independent,ms1_drop_mutual,bradley_terry_graph,120,3.5138875979589164e-06,0.0,-0.0005436945671655606,0.0006271514226143643,0.4706,1.0,2,3,115
scidocs,independent_rank_percentile_q0p5,rank-percentile (tie-abstain) + independent quantile (q=0.5),independent,ms1_drop_mutual,copeland_graph,120,-0.00040595133326087884,0.0,-0.001002518114644165,0.0,0.0,0.25147485251474855,0,3,117
scidocs,independent_rank_percentile_q0p5,rank-percentile (tie-abstain) + independent quantile (q=0.5),independent,ms1_drop_mutual,copeland_hybrid,120,-3.9541170983089605e-05,0.0,-0.00011862351294926881,0.0,0.0,1.0,0,1,119
scidocs,independent_rank_percentile_q0p5,rank-percentile (tie-abstain) + independent quantile (q=0.5),independent,ms1_drop_mutual,markov_graph,120,-0.00033823949982886016,0.0,-0.0008517103563872379,0.0,0.0,0.25147485251474855,0,3,117
scidocs,independent_rank_percentile_q0p5,rank-percentile (tie-abstain) + independent quantile (q=0.5),independent,ms1_drop_mutual,markov_hybrid,120,0.0,0.0,0.0,0.0,0.0,1.0,0,0,120
scidocs,independent_rank_percentile_q0p5,rank-percentile (tie-abstain) + independent quantile (q=0.5),independent,ms1_drop_mutual,pagerank_graph,120,-0.0003199913724839007,0.0,-0.0011229271466631754,0.00016295302921147346,0.2283,0.7496250374962504,1,2,117
scidocs,independent_rank_percentile_q0p5,rank-percentile (tie-abstain) + independent quantile (q=0.5),independent,ms1_drop_mutual,rank_centrality_graph,120,0.0002082561945649199,0.0,-0.00014362205642525495,0.0006906507642770015,0.8046,0.5023497650234976,2,1,117
scidocs,independent_rank_percentile_q0p5,rank-percentile (tie-abstain) + independent quantile (q=0.5),independent,ms2,balance_graph,120,0.0,0.0,0.0,0.0,0.0,1.0,0,0,120
scidocs,independent_rank_percentile_q0p5,rank-percentile (tie-abstain) + independent quantile (q=0.5),independent,ms2,balance_hybrid,120,0.0,0.0,0.0,0.0,0.0,1.0,0,0,120
scidocs,independent_rank_percentile_q0p5,rank-percentile (tie-abstain) + independent quantile (q=0.5),independent,ms2,bradley_terry_graph,120,0.0,0.0,0.0,0.0,0.0,1.0,0,0,120
scidocs,independent_rank_percentile_q0p5,rank-percentile (tie-abstain) + independent quantile (q=0.5),independent,ms2,copeland_graph,120,0.0,0.0,0.0,0.0,0.0,1.0,0,0,120
scidocs,independent_rank_percentile_q0p5,rank-percentile (tie-abstain) + independent quantile (q=0.5),independent,ms2,copeland_hybrid,120,0.0,0.0,0.0,0.0,0.0,1.0,0,0,120
scidocs,independent_rank_percentile_q0p5,rank-percentile (tie-abstain) + independent quantile (q=0.5),independent,ms2,markov_graph,120,0.0,0.0,0.0,0.0,0.0,1.0,0,0,120
scidocs,independent_rank_percentile_q0p5,rank-percentile (tie-abstain) + independent quantile (q=0.5),independent,ms2,markov_hybrid,120,0.0,0.0,0.0,0.0,0.0,1.0,0,0,120
scidocs,independent_rank_percentile_q0p5,rank-percentile (tie-abstain) + independent quantile (q=0.5),independent,ms2,pagerank_graph,120,0.0,0.0,0.0,0.0,0.0,1.0,0,0,120
scidocs,independent_rank_percentile_q0p5,rank-percentile (tie-abstain) + independent quantile (q=0.5),independent,ms2,rank_centrality_graph,120,0.0,0.0,0.0,0.0,0.0,1.0,0,0,120
scidocs,independent_rank_percentile_q0p7,"rank-percentile (tie-abstain) + independent quantile (q=0.7, high selectivity)",independent_grid,ms1,balance_graph,120,-4.618254376655094e-05,0.0,-0.0015295558976615477,0.0013439714236407072,0.4792,0.9518048195180482,9,11,100
scidocs,independent_rank_percentile_q0p7,"rank-percentile (tie-abstain) + independent quantile (q=0.7, high selectivity)",independent_grid,ms1,balance_hybrid,120,0.0005625162706466666,0.0,0.0,0.0014389628990412358,0.9509,0.2506749325067493,3,0,117
scidocs,independent_rank_percentile_q0p7,"rank-percentile (tie-abstain) + independent quantile (q=0.7, high selectivity)",independent_grid,ms1,bradley_terry_graph,120,0.0036762458721897196,0.0,-0.007101940765790437,0.01565999914648815,0.7463,0.557044295570443,25,24,71
scidocs,independent_rank_percentile_q0p7,"rank-percentile (tie-abstain) + independent quantile (q=0.7, high selectivity)",independent_grid,ms1,copeland_graph,120,-0.00039234272764553866,0.0,-0.0018298940264780854,0.0010594753909654105,0.2976,0.6059394060593941,14,14,92
scidocs,independent_rank_percentile_q0p7,"rank-percentile (tie-abstain) + independent quantile (q=0.7, high selectivity)",independent_grid,ms1,copeland_hybrid,120,-0.00137595417763924,0.0,-0.0032721982442702213,0.00011030715640011249,0.037,0.11078892110788921,2,8,110
scidocs,independent_rank_percentile_q0p7,"rank-percentile (tie-abstain) + independent quantile (q=0.7, high selectivity)",independent_grid,ms1,markov_graph,120,0.0011865308228995466,0.0,-0.0012471455345337205,0.004358986914393205,0.7848,0.46955304469553044,13,15,92
scidocs,independent_rank_percentile_q0p7,"rank-percentile (tie-abstain) + independent quantile (q=0.7, high selectivity)",independent_grid,ms1,markov_hybrid,120,-0.0021203471305667587,0.0,-0.01042596410517946,0.004220271055144127,0.2916,0.5821417858214178,3,5,112
scidocs,independent_rank_percentile_q0p7,"rank-percentile (tie-abstain) + independent quantile (q=0.7, high selectivity)",independent_grid,ms1,pagerank_graph,120,-0.011324493196483027,0.0,-0.027191351199264375,0.00039370373147484415,0.0307,0.11608839116088392,21,19,80
scidocs,independent_rank_percentile_q0p7,"rank-percentile (tie-abstain) + independent quantile (q=0.7, high selectivity)",independent_grid,ms1,rank_centrality_graph,120,-0.000937035103522643,0.0,-0.0029498340450489816,0.0009760404097484257,0.1721,0.37136286371362864,16,17,87
scidocs,independent_rank_percentile_q0p7,"rank-percentile (tie-abstain) + independent quantile (q=0.7, high selectivity)",independent_grid,ms1_drop_mutual,balance_graph,120,-3.877450563351166e-05,0.0,-0.00011632351690053499,0.0,0.0,1.0,0,1,119
scidocs,independent_rank_percentile_q0p7,"rank-percentile (tie-abstain) + independent quantile (q=0.7, high selectivity)",independent_grid,ms1_drop_mutual,balance_hybrid,120,-4.965020674846249e-05,0.0,-0.00014895062024538746,0.0,0.0,1.0,0,1,119
scidocs,independent_rank_percentile_q0p7,"rank-percentile (tie-abstain) + independent quantile (q=0.7, high selectivity)",independent_grid,ms1_drop_mutual,bradley_terry_graph,120,-0.0003355206859583867,0.0,-0.0009874085729025836,0.00019540963846705268,0.1328,0.33166683331666835,2,5,113
scidocs,independent_rank_percentile_q0p7,"rank-percentile (tie-abstain) + independent quantile (q=0.7, high selectivity)",independent_grid,ms1_drop_mutual,copeland_graph,120,-4.774542896681897e-05,0.0,-0.0003055190596908998,0.00017588171487196205,0.3475,0.7436256374362564,2,2,116
scidocs,independent_rank_percentile_q0p7,"rank-percentile (tie-abstain) + independent quantile (q=0.7, high selectivity)",independent_grid,ms1_drop_mutual,copeland_hybrid,120,-8.935690083431794e-06,0.0,-8.49544208280456e-05,5.8147350577750224e-05,0.341,1.0,1,1,118
scidocs,independent_rank_percentile_q0p7,"rank-percentile (tie-abstain) + independent quantile (q=0.7, high selectivity)",independent_grid,ms1_drop_mutual,markov_graph,120,-0.00034296530443825627,0.0,-0.0009885691649396539,6.6372244491066e-05,0.0903,0.37276272372762725,1,3,116
scidocs,independent_rank_percentile_q0p7,"rank-percentile (tie-abstain) + independent quantile (q=0.7, high selectivity)",independent_grid,ms1_drop_mutual,markov_hybrid,120,4.457881568144968e-05,0.0,0.0,0.00013373644704434904,0.6288,1.0,1,0,119
scidocs,independent_rank_percentile_q0p7,"rank-percentile (tie-abstain) + independent quantile (q=0.7, high selectivity)",independent_grid,ms1_drop_mutual,pagerank_graph,120,6.789320583213178e-05,0.0,-0.0002482039118920971,0.0003912626485302044,0.6505,0.7110288971102889,4,2,114
scidocs,independent_rank_percentile_q0p7,"rank-percentile (tie-abstain) + independent quantile (q=0.7, high selectivity)",independent_grid,ms1_drop_mutual,rank_centrality_graph,120,0.00020436954980040505,0.0,-8.791622005715256e-05,0.000581153568947403,0.892,0.30986901309869014,3,2,115
scidocs,independent_rank_percentile_q0p7,"rank-percentile (tie-abstain) + independent quantile (q=0.7, high selectivity)",independent_grid,ms2,balance_graph,120,0.0,0.0,0.0,0.0,0.0,1.0,0,0,120
scidocs,independent_rank_percentile_q0p7,"rank-percentile (tie-abstain) + independent quantile (q=0.7, high selectivity)",independent_grid,ms2,balance_hybrid,120,0.0,0.0,0.0,0.0,0.0,1.0,0,0,120
scidocs,independent_rank_percentile_q0p7,"rank-percentile (tie-abstain) + independent quantile (q=0.7, high selectivity)",independent_grid,ms2,bradley_terry_graph,120,0.0,0.0,0.0,0.0,0.0,1.0,0,0,120
scidocs,independent_rank_percentile_q0p7,"rank-percentile (tie-abstain) + independent quantile (q=0.7, high selectivity)",independent_grid,ms2,copeland_graph,120,0.0,0.0,0.0,0.0,0.0,1.0,0,0,120
scidocs,independent_rank_percentile_q0p7,"rank-percentile (tie-abstain) + independent quantile (q=0.7, high selectivity)",independent_grid,ms2,copeland_hybrid,120,0.0,0.0,0.0,0.0,0.0,1.0,0,0,120
scidocs,independent_rank_percentile_q0p7,"rank-percentile (tie-abstain) + independent quantile (q=0.7, high selectivity)",independent_grid,ms2,markov_graph,120,0.0,0.0,0.0,0.0,0.0,1.0,0,0,120
scidocs,independent_rank_percentile_q0p7,"rank-percentile (tie-abstain) + independent quantile (q=0.7, high selectivity)",independent_grid,ms2,markov_hybrid,120,0.0,0.0,0.0,0.0,0.0,1.0,0,0,120
scidocs,independent_rank_percentile_q0p7,"rank-percentile (tie-abstain) + independent quantile (q=0.7, high selectivity)",independent_grid,ms2,pagerank_graph,120,0.0,0.0,0.0,0.0,0.0,1.0,0,0,120
scidocs,independent_rank_percentile_q0p7,"rank-percentile (tie-abstain) + independent quantile (q=0.7, high selectivity)",independent_grid,ms2,rank_centrality_graph,120,0.0,0.0,0.0,0.0,0.0,1.0,0,0,120
scidocs,primary_minmax_retention_matched,minmax + retention-matched,primary,ms1,balance_graph,120,-0.0017696622402660644,0.0,-0.005391005208895687,0.0013095295533694865,0.1431,0.31916808319168083,12,18,90
scidocs,primary_minmax_retention_matched,minmax + retention-matched,primary,ms1,balance_hybrid,120,-0.0002645158212515708,0.0,-0.0009636399735797987,0.0003347085220359808,0.2113,0.4864513548645136,3,5,112
scidocs,primary_minmax_retention_matched,minmax + retention-matched,primary,ms1,bradley_terry_graph,120,0.006524059694783161,0.0,-0.003238744765302394,0.016605270706312705,0.9054,0.19718028197180282,34,19,67
scidocs,primary_minmax_retention_matched,minmax + retention-matched,primary,ms1,copeland_graph,120,0.011042968687951581,0.0,0.001938604806440187,0.022288801991384118,0.992,0.0201979802019798,36,22,62
scidocs,primary_minmax_retention_matched,minmax + retention-matched,primary,ms1,copeland_hybrid,120,0.008526038099271938,0.0,0.0018086563430457683,0.017274600486808924,0.9953,0.011998800119988001,30,10,80
scidocs,primary_minmax_retention_matched,minmax + retention-matched,primary,ms1,markov_graph,120,0.005928517858260695,0.0,0.00010750312542651138,0.014231080196290284,0.9793,0.09449055094490551,18,19,83
scidocs,primary_minmax_retention_matched,minmax + retention-matched,primary,ms1,markov_hybrid,120,0.0012156496762673716,0.0,-0.0009248507126649341,0.004131265113761335,0.8235,0.4183581641835816,5,5,110
scidocs,primary_minmax_retention_matched,minmax + retention-matched,primary,ms1,pagerank_graph,120,-0.0025910414055537764,0.0,-0.01311656269113823,0.00854043109655846,0.3124,0.6575342465753424,23,29,68
scidocs,primary_minmax_retention_matched,minmax + retention-matched,primary,ms1,rank_centrality_graph,120,-0.001888014793771465,0.0,-0.00758756494360821,0.0041211346582352235,0.2529,0.5364463553644635,22,34,64
scidocs,primary_minmax_retention_matched,minmax + retention-matched,primary,ms1_drop_mutual,balance_graph,120,0.0,0.0,0.0,0.0,0.0,1.0,0,0,120
scidocs,primary_minmax_retention_matched,minmax + retention-matched,primary,ms1_drop_mutual,balance_hybrid,120,0.0,0.0,0.0,0.0,0.0,1.0,0,0,120
scidocs,primary_minmax_retention_matched,minmax + retention-matched,primary,ms1_drop_mutual,bradley_terry_graph,120,0.00047682389914945105,0.0,0.0,0.001136488039154813,0.9522,0.24567543245675433,3,0,117
scidocs,primary_minmax_retention_matched,minmax + retention-matched,primary,ms1_drop_mutual,copeland_graph,120,0.0005776953493883912,0.0,0.0,0.0017330860481651737,0.6287,1.0,1,0,119
scidocs,primary_minmax_retention_matched,minmax + retention-matched,primary,ms1_drop_mutual,copeland_hybrid,120,0.0,0.0,0.0,0.0,0.0,1.0,0,0,120
scidocs,primary_minmax_retention_matched,minmax + retention-matched,primary,ms1_drop_mutual,markov_graph,120,0.0,0.0,0.0,0.0,0.0,1.0,0,0,120
scidocs,primary_minmax_retention_matched,minmax + retention-matched,primary,ms1_drop_mutual,markov_hybrid,120,0.0,0.0,0.0,0.0,0.0,1.0,0,0,120
scidocs,primary_minmax_retention_matched,minmax + retention-matched,primary,ms1_drop_mutual,pagerank_graph,120,0.0008468898299663255,0.0,0.0,0.002271475009321042,0.8723,0.5082491750824918,2,0,118
scidocs,primary_minmax_retention_matched,minmax + retention-matched,primary,ms1_drop_mutual,rank_centrality_graph,120,0.00013577842178280248,0.0,0.0,0.00040733526534840746,0.6276,1.0,1,0,119
scidocs,primary_minmax_retention_matched,minmax + retention-matched,primary,ms2,balance_graph,120,0.0,0.0,0.0,0.0,0.0,1.0,0,0,120
scidocs,primary_minmax_retention_matched,minmax + retention-matched,primary,ms2,balance_hybrid,120,0.0,0.0,0.0,0.0,0.0,1.0,0,0,120
scidocs,primary_minmax_retention_matched,minmax + retention-matched,primary,ms2,bradley_terry_graph,120,0.0,0.0,0.0,0.0,0.0,1.0,0,0,120
scidocs,primary_minmax_retention_matched,minmax + retention-matched,primary,ms2,copeland_graph,120,0.0,0.0,0.0,0.0,0.0,1.0,0,0,120
scidocs,primary_minmax_retention_matched,minmax + retention-matched,primary,ms2,copeland_hybrid,120,0.0,0.0,0.0,0.0,0.0,1.0,0,0,120
scidocs,primary_minmax_retention_matched,minmax + retention-matched,primary,ms2,markov_graph,120,0.0,0.0,0.0,0.0,0.0,1.0,0,0,120
scidocs,primary_minmax_retention_matched,minmax + retention-matched,primary,ms2,markov_hybrid,120,0.0,0.0,0.0,0.0,0.0,1.0,0,0,120
scidocs,primary_minmax_retention_matched,minmax + retention-matched,primary,ms2,pagerank_graph,120,0.0,0.0,0.0,0.0,0.0,1.0,0,0,120
scidocs,primary_minmax_retention_matched,minmax + retention-matched,primary,ms2,rank_centrality_graph,120,0.0,0.0,0.0,0.0,0.0,1.0,0,0,120
scidocs,robustness_rank_percentile_retention,rank-percentile + retention-matched,robustness,ms1,balance_graph,120,-0.0004951101229545521,0.0,-0.008587389566851856,0.006232496158186731,0.4835,0.8932106789321068,15,15,90
scidocs,robustness_rank_percentile_retention,rank-percentile + retention-matched,robustness,ms1,balance_hybrid,120,0.001715422364693585,0.0,-0.000427398793914331,0.00569513922406833,0.6903,0.841015898410159,2,5,113
scidocs,robustness_rank_percentile_retention,rank-percentile + retention-matched,robustness,ms1,bradley_terry_graph,120,0.001796227873687419,0.0,-0.009221759052483331,0.012943013030825562,0.6339,0.7525247475252475,33,24,63
scidocs,robustness_rank_percentile_retention,rank-percentile + retention-matched,robustness,ms1,copeland_graph,120,0.006115408950632334,0.0,-0.0006291999374966683,0.014987709987818268,0.9583,0.11648835116488351,34,25,61
scidocs,robustness_rank_percentile_retention,rank-percentile + retention-matched,robustness,ms1,copeland_hybrid,120,0.001612935315029885,0.0,-0.0074793636832638745,0.009659579151677663,0.6667,0.6503349665033497,20,10,90
scidocs,robustness_rank_percentile_retention,rank-percentile + retention-matched,robustness,ms1,markov_graph,120,0.0020456203284911077,0.0,-0.0002919940182925302,0.004832964719260752,0.9523,0.1257874212578742,18,20,82
scidocs,robustness_rank_percentile_retention,rank-percentile + retention-matched,robustness,ms1,markov_hybrid,120,-0.0019995367623288685,0.0,-0.009434763137606566,0.002383559995403247,0.3417,0.8974102589741025,7,5,108
scidocs,robustness_rank_percentile_retention,rank-percentile + retention-matched,robustness,ms1,pagerank_graph,120,-0.006294694042263674,0.0,-0.017042657313261447,0.004583181473159227,0.1222,0.26687331266873315,28,35,57
scidocs,robustness_rank_percentile_retention,rank-percentile + retention-matched,robustness,ms1,rank_centrality_graph,120,-0.002496217637182781,0.0,-0.007366697376266227,0.0021730079295196746,0.1502,0.3104689531046895,21,33,66
scidocs,robustness_rank_percentile_retention,rank-percentile + retention-matched,robustness,ms1_drop_mutual,balance_graph,120,-4.447765252073854e-05,0.0,-0.00013343295756221562,0.0,0.0,1.0,0,1,119
scidocs,robustness_rank_percentile_retention,rank-percentile + retention-matched,robustness,ms1_drop_mutual,balance_hybrid,120,-2.25002190307406e-05,0.0,-6.750065709222181e-05,0.0,0.0,1.0,0,1,119
scidocs,robustness_rank_percentile_retention,rank-percentile + retention-matched,robustness,ms1_drop_mutual,bradley_terry_graph,120,-0.00013028601285328123,0.0,-0.0004430807255387646,8.895530504147616e-05,0.1403,0.49525047495250474,1,2,117
scidocs,robustness_rank_percentile_retention,rank-percentile + retention-matched,robustness,ms1_drop_mutual,copeland_graph,120,-0.0005346649387661223,0.0,-0.001565220310664855,0.0,0.0,0.5005499450054994,0,2,118
scidocs,robustness_rank_percentile_retention,rank-percentile + retention-matched,robustness,ms1_drop_mutual,copeland_hybrid,120,6.879973072938667e-05,0.0,0.0,0.00020639919218815999,0.6349,1.0,1,0,119
scidocs,robustness_rank_percentile_retention,rank-percentile + retention-matched,robustness,ms1_drop_mutual,markov_graph,120,-3.87745056335112e-05,0.0,-0.00011632351690053361,0.0,0.0,1.0,0,1,119
scidocs,robustness_rank_percentile_retention,rank-percentile + retention-matched,robustness,ms1_drop_mutual,markov_hybrid,120,0.0,0.0,0.0,0.0,0.0,1.0,0,0,120
scidocs,robustness_rank_percentile_retention,rank-percentile + retention-matched,robustness,ms1_drop_mutual,pagerank_graph,120,-0.00023367434546224208,0.0,-0.0006588896979354373,0.0,0.0,0.25317468253174685,0,3,117
scidocs,robustness_rank_percentile_retention,rank-percentile + retention-matched,robustness,ms1_drop_mutual,rank_centrality_graph,120,-0.0004911920704252577,0.0,-0.0015391603437592146,6.558413248344136e-05,0.1922,0.7459254074592541,1,2,117
scidocs,robustness_rank_percentile_retention,rank-percentile + retention-matched,robustness,ms2,balance_graph,120,0.0,0.0,0.0,0.0,0.0,1.0,0,0,120
scidocs,robustness_rank_percentile_retention,rank-percentile + retention-matched,robustness,ms2,balance_hybrid,120,0.0,0.0,0.0,0.0,0.0,1.0,0,0,120
scidocs,robustness_rank_percentile_retention,rank-percentile + retention-matched,robustness,ms2,bradley_terry_graph,120,0.0,0.0,0.0,0.0,0.0,1.0,0,0,120
scidocs,robustness_rank_percentile_retention,rank-percentile + retention-matched,robustness,ms2,copeland_graph,120,0.0,0.0,0.0,0.0,0.0,1.0,0,0,120
scidocs,robustness_rank_percentile_retention,rank-percentile + retention-matched,robustness,ms2,copeland_hybrid,120,0.0,0.0,0.0,0.0,0.0,1.0,0,0,120
scidocs,robustness_rank_percentile_retention,rank-percentile + retention-matched,robustness,ms2,markov_graph,120,0.0,0.0,0.0,0.0,0.0,1.0,0,0,120
scidocs,robustness_rank_percentile_retention,rank-percentile + retention-matched,robustness,ms2,markov_hybrid,120,0.0,0.0,0.0,0.0,0.0,1.0,0,0,120
scidocs,robustness_rank_percentile_retention,rank-percentile + retention-matched,robustness,ms2,pagerank_graph,120,0.0,0.0,0.0,0.0,0.0,1.0,0,0,120
scidocs,robustness_rank_percentile_retention,rank-percentile + retention-matched,robustness,ms2,rank_centrality_graph,120,0.0,0.0,0.0,0.0,0.0,1.0,0,0,120
scidocs,robustness_zscore_retention,z-score + retention-matched,robustness,ms1,balance_graph,120,0.0013795881995632268,0.0,-0.0011705190035792396,0.0040957171500408274,0.8527,0.3190680931906809,14,15,91
scidocs,robustness_zscore_retention,z-score + retention-matched,robustness,ms1,balance_hybrid,120,0.0032421831148915898,0.0,-0.00029748928845294145,0.00976668488748094,0.88,0.3498650134986501,6,5,109
scidocs,robustness_zscore_retention,z-score + retention-matched,robustness,ms1,bradley_terry_graph,120,0.0022099035743188764,0.0,-0.009960837025322135,0.0141897724454104,0.6441,0.7333266673332667,31,26,63
scidocs,robustness_zscore_retention,z-score + retention-matched,robustness,ms1,copeland_graph,120,0.006716983971433266,0.0,-0.005688651989631691,0.01983869257067135,0.8548,0.31316868313168683,37,21,62
scidocs,robustness_zscore_retention,z-score + retention-matched,robustness,ms1,copeland_hybrid,120,0.009256108853034824,0.0,-0.001686174368091402,0.021127361276598925,0.953,0.12268773122687732,25,11,84
scidocs,robustness_zscore_retention,z-score + retention-matched,robustness,ms1,markov_graph,120,0.0007535473989994657,0.0,-0.0029502252294471747,0.004532692713292731,0.6519,0.7061293870612939,15,19,86
scidocs,robustness_zscore_retention,z-score + retention-matched,robustness,ms1,markov_hybrid,120,0.00411213520761795,0.0,-0.000519219700257589,0.011609550732850565,0.9286,0.27917208279172084,6,3,111
scidocs,robustness_zscore_retention,z-score + retention-matched,robustness,ms1,pagerank_graph,120,-0.0069671281978862494,0.0,-0.016172434391493094,0.0013650873397007069,0.054,0.12888711128887112,23,28,69
scidocs,robustness_zscore_retention,z-score + retention-matched,robustness,ms1,rank_centrality_graph,120,-0.006830134670421726,0.0,-0.01571083149529266,0.0006592347701850943,0.0365,0.10328967103289671,20,34,66
scidocs,robustness_zscore_retention,z-score + retention-matched,robustness,ms1_drop_mutual,balance_graph,120,0.0,0.0,0.0,0.0,0.0,1.0,0,0,120
scidocs,robustness_zscore_retention,z-score + retention-matched,robustness,ms1_drop_mutual,balance_hybrid,120,0.0,0.0,0.0,0.0,0.0,1.0,0,0,120
scidocs,robustness_zscore_retention,z-score + retention-matched,robustness,ms1_drop_mutual,bradley_terry_graph,120,0.0,0.0,0.0,0.0,0.0,1.0,0,0,120
scidocs,robustness_zscore_retention,z-score + retention-matched,robustness,ms1_drop_mutual,copeland_graph,120,0.0,0.0,0.0,0.0,0.0,1.0,0,0,120
scidocs,robustness_zscore_retention,z-score + retention-matched,robustness,ms1_drop_mutual,copeland_hybrid,120,0.0,0.0,0.0,0.0,0.0,1.0,0,0,120
scidocs,robustness_zscore_retention,z-score + retention-matched,robustness,ms1_drop_mutual,markov_graph,120,0.00014890380456337126,0.0,0.0,0.00044671141369011377,0.6287,1.0,1,0,119
scidocs,robustness_zscore_retention,z-score + retention-matched,robustness,ms1_drop_mutual,markov_hybrid,120,0.0,0.0,0.0,0.0,0.0,1.0,0,0,120
scidocs,robustness_zscore_retention,z-score + retention-matched,robustness,ms1_drop_mutual,pagerank_graph,120,0.00012029067601456306,0.0,0.0,0.00036087202804368915,0.6392,1.0,1,0,119
scidocs,robustness_zscore_retention,z-score + retention-matched,robustness,ms1_drop_mutual,rank_centrality_graph,120,0.00019154100701095309,0.0,0.0,0.0005746230210328593,0.6276,1.0,1,0,119
scidocs,robustness_zscore_retention,z-score + retention-matched,robustness,ms2,balance_graph,120,0.0,0.0,0.0,0.0,0.0,1.0,0,0,120
scidocs,robustness_zscore_retention,z-score + retention-matched,robustness,ms2,balance_hybrid,120,0.0,0.0,0.0,0.0,0.0,1.0,0,0,120
scidocs,robustness_zscore_retention,z-score + retention-matched,robustness,ms2,bradley_terry_graph,120,0.0,0.0,0.0,0.0,0.0,1.0,0,0,120
scidocs,robustness_zscore_retention,z-score + retention-matched,robustness,ms2,copeland_graph,120,0.0,0.0,0.0,0.0,0.0,1.0,0,0,120
scidocs,robustness_zscore_retention,z-score + retention-matched,robustness,ms2,copeland_hybrid,120,0.0,0.0,0.0,0.0,0.0,1.0,0,0,120
scidocs,robustness_zscore_retention,z-score + retention-matched,robustness,ms2,markov_graph,120,0.0,0.0,0.0,0.0,0.0,1.0,0,0,120
scidocs,robustness_zscore_retention,z-score + retention-matched,robustness,ms2,markov_hybrid,120,0.0,0.0,0.0,0.0,0.0,1.0,0,0,120
scidocs,robustness_zscore_retention,z-score + retention-matched,robustness,ms2,pagerank_graph,120,0.0,0.0,0.0,0.0,0.0,1.0,0,0,120
scidocs,robustness_zscore_retention,z-score + retention-matched,robustness,ms2,rank_centrality_graph,120,0.0,0.0,0.0,0.0,0.0,1.0,0,0,120
