dataset,regime,config_id,pool_size,metric_cutoff,pair_name,pair_family,metric,n_paired_queries,mean_unrepaired,mean_repaired,mean_delta,median_delta,std_delta,helped_queries,harmed_queries,unchanged_queries,perm_p_value,bootstrap_ci_low,bootstrap_ci_high,bootstrap_fraction_gt_zero,top_influence_query_id,top_influence_delta,mean_without_top_influence,median_without_top_influence,q05_delta,q25_delta,q50_delta,q75_delta,q95_delta,holm_full_family,bh_full_family,holm_active_ms1_family,bh_active_ms1_family
bright,ms1,pool20_ndcg10,20,10,balance_graph,graph,ndcg,50,0.5761600651470926,0.5722206437201155,-0.003939421426977122,0.0,0.04874761366954847,8,5,37,0.6841315868413159,-0.01941925425423398,0.007706849637233148,0.312,biology:43,-0.3010299956639812,0.002123651516635206,0.0,-0.034783472412846544,0.0,0.0,0.0,0.02183511885951654,1.0,1.0,1.0,1.0
bright,ms1,pool20_ndcg10,20,10,balance_hybrid,hybrid,ndcg,50,0.5818618440791359,0.5749328503971831,-0.0069289936819526285,0.0,0.035831892799212846,2,5,43,0.28257174282571745,-0.018583717699323956,0.0003615114270647912,0.0724,biology:49,-0.22629438553091674,-0.002452148950341116,0.0,-0.00706600467710306,0.0,0.0,0.0,0.0,1.0,1.0,1.0,0.6629762555659328
bright,ms1,pool20_ndcg10,20,10,copeland_graph,graph,ndcg,50,0.5836896104738216,0.5645516205690084,-0.01913798990481314,0.0,0.0987604541188146,13,13,24,0.19148085191480851,-0.04877871440344189,0.0058956609372822506,0.0814,biology:36,-0.4184549538063005,-0.010988664110905232,0.0,-0.25568043558931863,-0.000526881496907633,0.0,0.005502307496640324,0.10336587855242185,1.0,1.0,1.0,0.6589028597140286
bright,ms1,pool20_ndcg10,20,10,copeland_hybrid,hybrid,ndcg,50,0.5665487791912305,0.5680576789329347,0.001508899741704063,0.0,0.07097406987055561,9,9,32,0.8739126087391261,-0.017150980049857725,0.02246371446646315,0.5327,biology:40,0.36907024642854247,-0.005992352231496722,0.0,-0.07017375630071093,0.0,0.0,0.0,0.013484777586851005,1.0,1.0,1.0,1.0
bright,ms1,pool20_ndcg10,20,10,markov_graph,graph,ndcg,50,0.5656794282639142,0.551450583622752,-0.014228844641162164,0.0,0.05651333614583848,4,11,35,0.0847915208479152,-0.031864348488688486,-0.0006692960895301208,0.0191,biology:43,-0.2890648263178879,-0.008619947055922863,0.0,-0.11168613626835593,0.0,0.0,0.0,0.01687668716990613,1.0,1.0,1.0,0.5024760681826553
bright,ms1,pool20_ndcg20,20,20,balance_graph,graph,ndcg,50,0.6395860178896337,0.6400311344391819,0.0004451165495483156,0.0,0.010484595978211953,10,8,32,0.77002299770023,-0.002586214253343677,0.0032692455123735278,0.6227,biology:36,-0.04250547381013836,0.0013216592099500844,0.0,-0.016130695584034405,0.0,0.0,0.0,0.01799952722842123,1.0,1.0,1.0,1.0
bright,ms1,pool20_ndcg20,20,20,balance_hybrid,hybrid,ndcg,50,0.6506896517250117,0.6434688363103919,-0.007220815414619868,0.0,0.03583368967814582,2,6,42,0.1625837416258374,-0.018984980557721364,0.0001468271678924582,0.0393,biology:49,-0.22629438553091674,-0.002749926228572993,0.0,-0.012198145024402654,0.0,0.0,0.0,0.0,1.0,1.0,1.0,0.6299714856100597
bright,ms1,pool20_ndcg20,20,20,copeland_graph,graph,ndcg,50,0.6462497082404555,0.6322082106625195,-0.014041497577935984,0.0,0.08301020884532134,19,13,18,0.26687331266873315,-0.040018839398353656,0.006119613848628893,0.1121,biology:36,-0.4184549538063005,-0.005788161736540793,0.0,-0.15310814893061933,-0.00371062287728699,0.0,0.015047815391424399,0.06090849466252464,1.0,1.0,1.0,0.6629762555659328
bright,ms1,pool20_ndcg20,20,20,copeland_hybrid,hybrid,ndcg,50,0.6389652428391712,0.6395668223866333,0.0006015795474620444,0.0,0.0630804781501604,10,10,30,0.9096090390960904,-0.015555849095897457,0.020020489843170744,0.4852,biology:40,0.36907024642854247,-0.006918189164396738,0.0,-0.022195192438500756,0.0,0.0,0.0,0.010304995551496618,1.0,1.0,1.0,1.0
bright,ms1,pool20_ndcg20,20,20,markov_graph,graph,ndcg,50,0.6361046545082624,0.6285909408450325,-0.007513713663229774,0.0,0.04129659813852395,6,13,31,0.22917708229177083,-0.02050010327858588,0.002478694021963378,0.0883,biology:27,-0.22629438553091674,-0.003048801992460652,0.0,-0.07149195144561643,-0.000999394370056611,0.0,0.0,0.029203986708241716,1.0,1.0,1.0,0.6629762555659328
bright,ms1,pool20_ndcg5,20,5,balance_graph,graph,ndcg,50,0.5212577624845118,0.5214806681209714,0.0002229056364595733,0.0,0.00888124781624774,4,2,44,0.9365063493650635,-0.002343423617562306,0.002561143625168242,0.5829,biology:36,-0.04250547381013836,0.0010949133802676944,0.0,0.0,0.0,0.0,0.0,0.014863272330364552,1.0,1.0,1.0,1.0
bright,ms1,pool20_ndcg5,20,5,balance_hybrid,hybrid,ndcg,50,0.5351189974433747,0.5255133144892704,-0.009605682954104184,0.0,0.03972066032296821,0,3,47,0.2535746425357464,-0.022629438553091675,0.0,0.0,biology:49,-0.22629438553091674,-0.0051834645341692345,0.0,-0.06753157656407292,0.0,0.0,0.0,0.0,1.0,1.0,1.0,0.6629762555659328
bright,ms1,pool20_ndcg5,20,5,copeland_graph,graph,ndcg,50,0.5132261890885278,0.5118190302084652,-0.0014071588800625484,0.0,0.1168685426153635,11,8,31,0.931006899310069,-0.034777605965918085,0.03020299497728191,0.4782,biology:36,-0.4184549538063005,0.007104020608228021,0.0,-0.22057267999724192,0.0,0.0,0.0,0.2186569962381313,1.0,1.0,1.0,1.0
bright,ms1,pool20_ndcg5,20,5,copeland_hybrid,hybrid,ndcg,50,0.5133802581566459,0.5129796645568575,-0.0004005935997884963,0.0,0.0803174620213144,3,4,43,1.0,-0.02227768305947604,0.022648797358893743,0.4667,biology:40,0.36907024642854247,-0.007940814824856476,0.0,-0.12038012192658619,0.0,0.0,0.0,0.0721627926317876,1.0,1.0,1.0,1.0
bright,ms1,pool20_ndcg5,20,5,markov_graph,graph,ndcg,50,0.5113794498623211,0.49740805300202107,-0.0139713968603,0.0,0.06160991357946728,4,6,40,0.12538746125387462,-0.03306061828538266,0.0010887620693351317,0.0382,biology:36,-0.3065735963827292,-0.007999923400658587,0.0,-0.14197917913244879,0.0,0.0,0.0,0.019619936585420054,1.0,1.0,1.0,0.5517048295170484
bright,ms1,pool50_ndcg10,50,10,balance_graph,graph,ndcg,50,0.5829498824097694,0.5729088147424604,-0.010041067667309073,0.0,0.041881985267808314,3,10,37,0.1075892410758924,-0.022811238061100032,0.0008728303476943107,0.0351,biology:49,-0.18457569677956817,-0.00647913646093644,0.0,-0.06465383061625558,0.0,0.0,0.0,0.0024858326313905925,1.0,1.0,1.0,0.537946205379462
bright,ms1,pool50_ndcg10,50,10,balance_hybrid,hybrid,ndcg,50,0.5324602607067439,0.5280938776336179,-0.004366383073125952,0.0,0.020526193220641222,3,6,41,0.1660833916608339,-0.010828894620139085,0.0003888100727675991,0.044,biology:9,-0.11284514134893522,-0.0021525308634155584,0.0,-0.02550086880040069,0.0,0.0,0.0,0.003961714140881857,1.0,1.0,1.0,0.6299714856100597
bright,ms1,pool50_ndcg10,50,10,copeland_graph,graph,ndcg,50,0.5533907665847881,0.5498086868968902,-0.0035820796878979206,0.0,0.061992509867280124,10,14,26,0.6926307369263074,-0.02138557010493036,0.013459952460108563,0.3381,biology:33,0.20572883156772181,-0.00785373093801261,0.0,-0.11541783969600436,-0.006901041749886289,0.0,0.0,0.09159306670636969,1.0,1.0,1.0,1.0
bright,ms1,pool50_ndcg10,50,10,copeland_hybrid,hybrid,ndcg,50,0.5303234469519547,0.5309972932808767,0.0006738463289220542,0.0,0.016359304637193053,8,4,38,0.7785221477852214,-0.0041817730920784705,0.004982405057789608,0.6311,biology:36,-0.08027921085181244,0.002325949536692146,0.0,-0.008460675626839059,0.0,0.0,0.0,0.02022407004377022,1.0,1.0,1.0,1.0
bright,ms1,pool50_ndcg10,50,10,markov_graph,graph,ndcg,50,0.5475722228410288,0.537960829687548,-0.009611393153480797,0.0,0.04229713639293203,6,9,35,0.11888811118888111,-0.02275051047896137,0.0007587191323598627,0.0383,biology:27,-0.22629438553091674,-0.005189291268227002,0.0,-0.07274945916252672,0.0,0.0,0.0,0.012025327793203401,1.0,1.0,1.0,0.5517048295170484
bright,ms1,pool50_ndcg20,50,20,balance_graph,graph,ndcg,50,0.623874683242317,0.6182921782362649,-0.005582505006051963,0.0,0.03233789689781188,5,13,32,0.26947305269473054,-0.015386297119219322,0.002749975446897241,0.1026,biology:47,-0.17319681505689122,-0.0021618048009327934,0.0,-0.05203628800772368,-0.00018178018401196483,0.0,0.0,0.004015012206295323,1.0,1.0,1.0,0.6629762555659328
bright,ms1,pool50_ndcg20,50,20,balance_hybrid,hybrid,ndcg,50,0.5860281476675532,0.5825847526167877,-0.0034433950507655013,0.0,0.017338102133036416,5,8,37,0.21257874212578742,-0.00885415950274563,0.0006791616174116369,0.064,biology:1,-0.08163653657728565,-0.0018476166522650903,0.0,-0.024624513844089032,0.0,0.0,0.0,0.005296617739749342,1.0,1.0,1.0,0.6629762555659328
bright,ms1,pool50_ndcg20,50,20,copeland_graph,graph,ndcg,50,0.5985806679617203,0.6022936172591912,0.003712949297470854,0.0,0.06090144614353387,13,15,22,0.6735326467353264,-0.013023827714979537,0.020920393853222023,0.6627,biology:33,0.21257611811431343,-0.0005495643518524629,0.0,-0.07898955379897855,-0.004223948290461976,0.0,0.006697122135056327,0.08834025111703746,1.0,1.0,1.0,1.0
bright,ms1,pool50_ndcg20,50,20,copeland_hybrid,hybrid,ndcg,50,0.58528161491818,0.5859521627129882,0.0006705477948081778,0.0,0.016319341878124123,9,7,34,0.7763223677632237,-0.004162474944368636,0.004950794899404745,0.6306,biology:36,-0.08027921085181244,0.0023225836855555373,0.0,-0.006162412612379488,0.0,0.0,0.0,0.02022407004377022,1.0,1.0,1.0,1.0
bright,ms1,pool50_ndcg20,50,20,markov_graph,graph,ndcg,50,0.5855301032204882,0.5746125660608848,-0.010917537159603299,0.0,0.04179471413883193,9,11,30,0.05979402059794021,-0.02379805599148976,-0.0006935232361653748,0.0182,biology:27,-0.22629438553091674,-0.006522091274474453,0.0,-0.07574147130769959,0.0,0.0,0.0,0.008902352516295382,1.0,1.0,1.0,0.4873887611238876
bright,ms1,pool50_ndcg5,50,5,balance_graph,graph,ndcg,50,0.542610358489883,0.5382571472663976,-0.0043532112234853934,0.0,0.03352570608271914,1,5,44,0.41185881411858816,-0.014207868798965764,0.004570466480323761,0.1727,biology:47,-0.17319681505689122,-0.000907423390150581,0.0,-0.035469695007058676,0.0,0.0,0.0,0.0,1.0,1.0,1.0,0.7950082184763979
bright,ms1,pool50_ndcg5,50,5,balance_hybrid,hybrid,ndcg,50,0.5177623708376771,0.5177310118424017,-3.1358995275467815e-05,0.0,0.023467082307103145,2,4,44,1.0,-0.006089638116277014,0.007164586683120695,0.4623,biology:21,0.13120507751234178,-0.0027096536178799016,0.0,-0.020630027156246438,0.0,0.0,0.0,0.0,1.0,1.0,1.0,1.0
bright,ms1,pool50_ndcg5,50,5,copeland_graph,graph,ndcg,50,0.4960286176535692,0.5093261930664723,0.013297575412903096,0.0,0.08465451648638138,7,6,37,0.2832716728327167,-0.009611539265924677,0.037532854580973385,0.8744,biology:13,0.30078518014915,0.0074304814386939744,0.0,-0.09981193921130718,0.0,0.0,0.0,0.21027041980946493,1.0,1.0,1.0,0.6629762555659328
bright,ms1,pool50_ndcg5,50,5,copeland_hybrid,hybrid,ndcg,50,0.5071518554783083,0.5121373709535121,0.004985515475203769,0.0,0.030283692634505806,5,2,43,0.2643735626437356,-0.0026703501661328646,0.014225249473226094,0.884,biology:13,0.13120507751234178,0.002409606045874422,0.0,0.0,0.0,0.0,0.0,0.04437369013231354,1.0,1.0,1.0,0.6629762555659328
bright,ms1,pool50_ndcg5,50,5,markov_graph,graph,ndcg,50,0.5148466257899529,0.5019613433958804,-0.012885282394072472,0.0,0.07786248832677507,4,9,37,0.26217378262173785,-0.03589874524061257,0.007352192373698806,0.1174,biology:36,-0.359982397431247,-0.005801667801477073,0.0,-0.14173105257345256,0.0,0.0,0.0,0.09981193921130693,1.0,1.0,1.0,0.6629762555659328
bright,ms1_drop_mutual,pool20_ndcg10,20,10,balance_graph,graph,ndcg,50,0.5785939009635716,0.5803433352455998,0.0017494342820281617,0.0,0.01224603997419713,1,0,49,1.0,0.0,0.005248302846084485,0.6353,biology:6,0.08747171410140808,0.0,0.0,0.0,0.0,0.0,0.0,0.0,1.0,1.0,,
bright,ms1_drop_mutual,pool20_ndcg10,20,10,balance_hybrid,hybrid,ndcg,50,0.5812678681638747,0.5812678681638747,0.0,0.0,0.0,0,0,50,1.0,0.0,0.0,0.0,biology:0,0.0,0.0,0.0,0.0,0.0,0.0,0.0,0.0,1.0,1.0,,
bright,ms1_drop_mutual,pool20_ndcg10,20,10,copeland_graph,graph,ndcg,50,0.5840317688346879,0.584139909596224,0.00010814076153607521,0.0,0.0007569853307525266,1,0,49,1.0,0.0,0.00032442228460822565,0.6361,biology:30,0.005407038076803761,0.0,0.0,0.0,0.0,0.0,0.0,0.0,1.0,1.0,,
bright,ms1_drop_mutual,pool20_ndcg10,20,10,copeland_hybrid,hybrid,ndcg,50,0.5665487791912305,0.5665487791912305,0.0,0.0,0.0,0,0,50,1.0,0.0,0.0,0.0,biology:0,0.0,0.0,0.0,0.0,0.0,0.0,0.0,0.0,1.0,1.0,,
bright,ms1_drop_mutual,pool20_ndcg10,20,10,markov_graph,graph,ndcg,50,0.5674720626186257,0.5698219116924518,0.0023498490738259803,0.0,0.013205074067373939,2,0,48,0.49545045495450457,0.0,0.006521546212121123,0.8666,biology:6,0.09109240322345813,0.0005387765401600181,0.0,0.0,0.0,0.0,0.0,0.0,1.0,1.0,,
bright,ms1_drop_mutual,pool20_ndcg20,20,20,balance_graph,graph,ndcg,50,0.6444232640031353,0.644530448804365,0.00010718480122968055,0.0,0.000750293608607764,1,0,49,1.0,0.0,0.00032155440368904166,0.6353,biology:6,0.005359240061484027,0.0,0.0,0.0,0.0,0.0,0.0,0.0,1.0,1.0,,
bright,ms1_drop_mutual,pool20_ndcg20,20,20,balance_hybrid,hybrid,ndcg,50,0.6500596175560078,0.6501361731526455,7.65555966378506e-05,0.0,0.0005358891764649543,1,0,49,1.0,0.0,0.00022966678991355184,0.6353,biology:6,0.0038277798318925305,0.0,0.0,0.0,0.0,0.0,0.0,0.0,1.0,1.0,,
bright,ms1_drop_mutual,pool20_ndcg20,20,20,copeland_graph,graph,ndcg,50,0.6466279248550645,0.6468076487002119,0.00017972384514734928,0.0,0.002171789858215443,2,3,45,0.6825317468253175,-0.00032684593349282756,0.0008524817262996853,0.6904,biology:30,0.012362330597464721,-6.890078245096442e-05,0.0,-0.0016315488430602482,0.0,0.0,0.0,0.0,1.0,1.0,,
bright,ms1_drop_mutual,pool20_ndcg20,20,20,copeland_hybrid,hybrid,ndcg,50,0.6389652428391712,0.6391337244871435,0.00016848164797221842,0.0,0.000825676823804739,2,0,48,0.49375062493750627,0.0,0.0004233873296910895,0.8692,biology:6,0.004321201687332632,8.373225941384264e-05,0.0,0.0,0.0,0.0,0.0,0.0,1.0,1.0,,
bright,ms1_drop_mutual,pool20_ndcg20,20,20,markov_graph,graph,ndcg,50,0.6401969044323611,0.640885672319445,0.0006887678870840718,0.0,0.004007862240416969,2,1,47,0.49545045495450457,-0.000118658097677109,0.001964865832363516,0.864,biology:43,0.026400050467840885,0.0001640478344155655,0.0,0.0,0.0,0.0,0.0,0.0,1.0,1.0,,
bright,ms1_drop_mutual,pool20_ndcg5,20,5,balance_graph,graph,ndcg,50,0.520848095267747,0.520848095267747,0.0,0.0,0.0,0,0,50,1.0,0.0,0.0,0.0,biology:0,0.0,0.0,0.0,0.0,0.0,0.0,0.0,0.0,1.0,1.0,,
bright,ms1_drop_mutual,pool20_ndcg5,20,5,balance_hybrid,hybrid,ndcg,50,0.5324948958931279,0.5324948958931279,0.0,0.0,0.0,0,0,50,1.0,0.0,0.0,0.0,biology:0,0.0,0.0,0.0,0.0,0.0,0.0,0.0,0.0,1.0,1.0,,
bright,ms1_drop_mutual,pool20_ndcg5,20,5,copeland_graph,graph,ndcg,50,0.5135683474493942,0.5135683474493942,0.0,0.0,0.0,0,0,50,1.0,0.0,0.0,0.0,biology:0,0.0,0.0,0.0,0.0,0.0,0.0,0.0,0.0,1.0,1.0,,
bright,ms1_drop_mutual,pool20_ndcg5,20,5,copeland_hybrid,hybrid,ndcg,50,0.5133802581566459,0.5133802581566459,0.0,0.0,0.0,0,0,50,1.0,0.0,0.0,0.0,biology:0,0.0,0.0,0.0,0.0,0.0,0.0,0.0,0.0,1.0,1.0,,
bright,ms1_drop_mutual,pool20_ndcg5,20,5,markov_graph,graph,ndcg,50,0.5071018045274132,0.5071018045274132,0.0,0.0,0.0,0,0,50,1.0,0.0,0.0,0.0,biology:0,0.0,0.0,0.0,0.0,0.0,0.0,0.0,0.0,1.0,1.0,,
bright,ms1_drop_mutual,pool50_ndcg10,50,10,balance_graph,graph,ndcg,50,0.5797760027666571,0.5820360287978489,0.002260026031191758,0.0,0.016549456835898493,2,1,47,0.7448255174482552,-0.0005023191676696359,0.007192101197308125,0.7594,biology:42,0.11751610475642718,-9.213884075182202e-05,0.0,0.0,0.0,0.0,0.0,0.0,1.0,1.0,,
bright,ms1_drop_mutual,pool50_ndcg10,50,10,balance_hybrid,hybrid,ndcg,50,0.5324770516535675,0.5324770516535675,0.0,0.0,0.0,0,0,50,1.0,0.0,0.0,0.0,biology:0,0.0,0.0,0.0,0.0,0.0,0.0,0.0,0.0,1.0,1.0,,
bright,ms1_drop_mutual,pool50_ndcg10,50,10,copeland_graph,graph,ndcg,50,0.5533836092369938,0.5558731382527986,0.002489529015804795,0.0,0.028326266079643333,2,4,44,0.7503249675032497,-0.004133970107744135,0.011479591161267823,0.6956,biology:33,0.17319681505689122,-0.0009942931482990096,0.0,-0.0053969515205993905,0.0,0.0,0.0,0.0,1.0,1.0,,
bright,ms1_drop_mutual,pool50_ndcg10,50,10,copeland_hybrid,hybrid,ndcg,50,0.5303234469519547,0.5328654730270546,0.002542026075099971,0.0,0.010749411003313891,5,2,43,0.11408859114088592,6.461367410617004e-05,0.005940286715666553,0.9791,biology:33,0.061442547954487,0.0013399746081737053,0.0,0.0,0.0,0.0,0.0,0.01740286685043073,1.0,1.0,,
bright,ms1_drop_mutual,pool50_ndcg10,50,10,markov_graph,graph,ndcg,50,0.5499935676019062,0.5511917412549276,0.0011981736530214165,0.0,0.01926782684678962,2,2,46,0.7448255174482552,-0.0037974706963977557,0.007257685861644314,0.6361,biology:42,0.11751610475642713,-0.0011756616756195162,0.0,0.0,0.0,0.0,0.0,0.0,1.0,1.0,,
bright,ms1_drop_mutual,pool50_ndcg20,50,20,balance_graph,graph,ndcg,50,0.6222983665534025,0.6223833764946615,8.500994125882732e-05,0.0,0.0021661579856907336,3,3,44,0.8048195180481952,-0.0005421840787220526,0.0006960897804844123,0.6144,biology:25,-0.01030057759332137,0.00029696070727066806,0.0,-0.00048185432990820995,0.0,0.0,0.0,0.002009230402610928,1.0,1.0,,
bright,ms1_drop_mutual,pool50_ndcg20,50,20,balance_hybrid,hybrid,ndcg,50,0.5861997010048241,0.584948077743314,-0.001251623261510062,0.0,0.008761362830570435,0,1,49,1.0,-0.003754869784530186,0.0,0.0,biology:1,-0.0625811630755031,0.0,0.0,0.0,0.0,0.0,0.0,0.0,1.0,1.0,,
bright,ms1_drop_mutual,pool50_ndcg20,50,20,copeland_graph,graph,ndcg,50,0.5986363142818193,0.6037980541889406,0.005161739907121214,0.0,0.02779405170222524,5,6,39,0.23607639236076391,-0.0009897899663582315,0.014032087575051618,0.9254,biology:33,0.1731968150568911,0.0017324526591667268,0.0,-0.009591947033040636,0.0,0.0,0.0,0.037307688959354296,1.0,1.0,,
bright,ms1_drop_mutual,pool50_ndcg20,50,20,copeland_hybrid,hybrid,ndcg,50,0.5852362250385338,0.5859942133418233,0.0007579883032896107,0.0,0.017935359194041576,5,3,42,0.8048195180481952,-0.0047493943732022596,0.005321841626350313,0.6355,biology:9,-0.10063149144181976,0.002827161359312251,0.0,-0.0003630667611877635,0.0,0.0,0.0,0.01740286685043073,1.0,1.0,,
bright,ms1_drop_mutual,pool50_ndcg20,50,20,markov_graph,graph,ndcg,50,0.5886146723176277,0.5859801994511282,-0.0026344728664994023,0.0,0.020048631661028386,2,5,43,0.6863313668633136,-0.008740909097761311,0.0007894898055651145,0.2507,biology:29,-0.14186890186599416,0.00020704609267396018,0.0,-0.003043796289362466,0.0,0.0,0.0,0.0,1.0,1.0,,
bright,ms1_drop_mutual,pool50_ndcg5,50,5,balance_graph,graph,ndcg,50,0.5431477666859489,0.5428505012393416,-0.00029726544660729103,0.0,0.002080858126251037,0,1,49,1.0,-0.0008917963398218732,0.0,0.0,biology:25,-0.014863272330364552,0.0,0.0,0.0,0.0,0.0,0.0,0.0,1.0,1.0,,
bright,ms1_drop_mutual,pool50_ndcg5,50,5,balance_hybrid,hybrid,ndcg,50,0.517829543977861,0.517829543977861,0.0,0.0,0.0,0,0,50,1.0,0.0,0.0,0.0,biology:0,0.0,0.0,0.0,0.0,0.0,0.0,0.0,0.0,1.0,1.0,,
bright,ms1_drop_mutual,pool50_ndcg5,50,5,copeland_graph,graph,ndcg,50,0.4960286176535692,0.5029376056067244,0.00690898795315519,0.0,0.036873409401896685,2,1,47,0.49825017498250174,-0.0010748163921317866,0.018356728599579993,0.8682,biology:1,0.19912299240416298,0.002986253168440746,0.0,0.0,0.0,0.0,0.0,0.0,1.0,1.0,,
bright,ms1_drop_mutual,pool50_ndcg5,50,5,copeland_hybrid,hybrid,ndcg,50,0.5071518554783083,0.5123042423088632,0.005152386830554863,0.0,0.021003549130390948,4,0,46,0.12658734126587343,0.0004113110792638963,0.011765525335693416,0.9873,biology:30,0.13120507751234178,0.0025798829390898228,0.0,0.0,0.0,0.0,0.0,0.03367788843718332,1.0,1.0,,
bright,ms1_drop_mutual,pool50_ndcg5,50,5,markov_graph,graph,ndcg,50,0.5203464163643727,0.5203464163643727,0.0,0.0,0.0,0,0,50,1.0,0.0,0.0,0.0,biology:0,0.0,0.0,0.0,0.0,0.0,0.0,0.0,0.0,1.0,1.0,,
bright,ms2,pool20_ndcg10,20,10,balance_graph,graph,ndcg,50,0.5468045527018609,0.5468045527018609,0.0,0.0,0.0,0,0,50,1.0,0.0,0.0,0.0,biology:0,0.0,0.0,0.0,0.0,0.0,0.0,0.0,0.0,1.0,1.0,,
bright,ms2,pool20_ndcg10,20,10,balance_hybrid,hybrid,ndcg,50,0.5760980725905781,0.5760980725905781,0.0,0.0,0.0,0,0,50,1.0,0.0,0.0,0.0,biology:0,0.0,0.0,0.0,0.0,0.0,0.0,0.0,0.0,1.0,1.0,,
bright,ms2,pool20_ndcg10,20,10,copeland_graph,graph,ndcg,50,0.5507986097227504,0.5507986097227504,0.0,0.0,0.0,0,0,50,1.0,0.0,0.0,0.0,biology:0,0.0,0.0,0.0,0.0,0.0,0.0,0.0,0.0,1.0,1.0,,
bright,ms2,pool20_ndcg10,20,10,copeland_hybrid,hybrid,ndcg,50,0.5757208170442413,0.5757208170442413,0.0,0.0,0.0,0,0,50,1.0,0.0,0.0,0.0,biology:0,0.0,0.0,0.0,0.0,0.0,0.0,0.0,0.0,1.0,1.0,,
bright,ms2,pool20_ndcg10,20,10,markov_graph,graph,ndcg,50,0.5249729872536791,0.5249729872536791,0.0,0.0,0.0,0,0,50,1.0,0.0,0.0,0.0,biology:0,0.0,0.0,0.0,0.0,0.0,0.0,0.0,0.0,1.0,1.0,,
bright,ms2,pool20_ndcg20,20,20,balance_graph,graph,ndcg,50,0.6315885294118483,0.6315885294118483,0.0,0.0,0.0,0,0,50,1.0,0.0,0.0,0.0,biology:0,0.0,0.0,0.0,0.0,0.0,0.0,0.0,0.0,1.0,1.0,,
bright,ms2,pool20_ndcg20,20,20,balance_hybrid,hybrid,ndcg,50,0.6465207724269603,0.6465207724269603,0.0,0.0,0.0,0,0,50,1.0,0.0,0.0,0.0,biology:0,0.0,0.0,0.0,0.0,0.0,0.0,0.0,0.0,1.0,1.0,,
bright,ms2,pool20_ndcg20,20,20,copeland_graph,graph,ndcg,50,0.6336111061165562,0.6336111061165562,0.0,0.0,0.0,0,0,50,1.0,0.0,0.0,0.0,biology:0,0.0,0.0,0.0,0.0,0.0,0.0,0.0,0.0,1.0,1.0,,
bright,ms2,pool20_ndcg20,20,20,copeland_hybrid,hybrid,ndcg,50,0.6460236099804013,0.6460236099804013,0.0,0.0,0.0,0,0,50,1.0,0.0,0.0,0.0,biology:0,0.0,0.0,0.0,0.0,0.0,0.0,0.0,0.0,1.0,1.0,,
bright,ms2,pool20_ndcg20,20,20,markov_graph,graph,ndcg,50,0.6268225281333228,0.6268225281333228,0.0,0.0,0.0,0,0,50,1.0,0.0,0.0,0.0,biology:0,0.0,0.0,0.0,0.0,0.0,0.0,0.0,0.0,1.0,1.0,,
bright,ms2,pool20_ndcg5,20,5,balance_graph,graph,ndcg,50,0.5109587686105971,0.5109587686105971,0.0,0.0,0.0,0,0,50,1.0,0.0,0.0,0.0,biology:0,0.0,0.0,0.0,0.0,0.0,0.0,0.0,0.0,1.0,1.0,,
bright,ms2,pool20_ndcg5,20,5,balance_hybrid,hybrid,ndcg,50,0.5304813542557674,0.5304813542557674,0.0,0.0,0.0,0,0,50,1.0,0.0,0.0,0.0,biology:0,0.0,0.0,0.0,0.0,0.0,0.0,0.0,0.0,1.0,1.0,,
bright,ms2,pool20_ndcg5,20,5,copeland_graph,graph,ndcg,50,0.5149963294634772,0.5149963294634772,0.0,0.0,0.0,0,0,50,1.0,0.0,0.0,0.0,biology:0,0.0,0.0,0.0,0.0,0.0,0.0,0.0,0.0,1.0,1.0,,
bright,ms2,pool20_ndcg5,20,5,copeland_hybrid,hybrid,ndcg,50,0.5332326235495823,0.5332326235495823,0.0,0.0,0.0,0,0,50,1.0,0.0,0.0,0.0,biology:0,0.0,0.0,0.0,0.0,0.0,0.0,0.0,0.0,1.0,1.0,,
bright,ms2,pool20_ndcg5,20,5,markov_graph,graph,ndcg,50,0.4929737008768471,0.4929737008768471,0.0,0.0,0.0,0,0,50,1.0,0.0,0.0,0.0,biology:0,0.0,0.0,0.0,0.0,0.0,0.0,0.0,0.0,1.0,1.0,,
bright,ms2,pool50_ndcg10,50,10,balance_graph,graph,ndcg,50,0.48028462263225163,0.48028462263225163,0.0,0.0,0.0,0,0,50,1.0,0.0,0.0,0.0,biology:0,0.0,0.0,0.0,0.0,0.0,0.0,0.0,0.0,1.0,1.0,,
bright,ms2,pool50_ndcg10,50,10,balance_hybrid,hybrid,ndcg,50,0.5190069053063973,0.5190069053063973,0.0,0.0,0.0,0,0,50,1.0,0.0,0.0,0.0,biology:0,0.0,0.0,0.0,0.0,0.0,0.0,0.0,0.0,1.0,1.0,,
bright,ms2,pool50_ndcg10,50,10,copeland_graph,graph,ndcg,50,0.4862108147348836,0.4862108147348836,0.0,0.0,0.0,0,0,50,1.0,0.0,0.0,0.0,biology:0,0.0,0.0,0.0,0.0,0.0,0.0,0.0,0.0,1.0,1.0,,
bright,ms2,pool50_ndcg10,50,10,copeland_hybrid,hybrid,ndcg,50,0.5114886648885107,0.5114886648885107,0.0,0.0,0.0,0,0,50,1.0,0.0,0.0,0.0,biology:0,0.0,0.0,0.0,0.0,0.0,0.0,0.0,0.0,1.0,1.0,,
bright,ms2,pool50_ndcg10,50,10,markov_graph,graph,ndcg,50,0.44889331665777626,0.44889331665777626,0.0,0.0,0.0,0,0,50,1.0,0.0,0.0,0.0,biology:0,0.0,0.0,0.0,0.0,0.0,0.0,0.0,0.0,1.0,1.0,,
bright,ms2,pool50_ndcg20,50,20,balance_graph,graph,ndcg,50,0.49385496570660253,0.49385496570660253,0.0,0.0,0.0,0,0,50,1.0,0.0,0.0,0.0,biology:0,0.0,0.0,0.0,0.0,0.0,0.0,0.0,0.0,1.0,1.0,,
bright,ms2,pool50_ndcg20,50,20,balance_hybrid,hybrid,ndcg,50,0.5673134796304171,0.5673134796304171,0.0,0.0,0.0,0,0,50,1.0,0.0,0.0,0.0,biology:0,0.0,0.0,0.0,0.0,0.0,0.0,0.0,0.0,1.0,1.0,,
bright,ms2,pool50_ndcg20,50,20,copeland_graph,graph,ndcg,50,0.49542336260064745,0.49542336260064745,0.0,0.0,0.0,0,0,50,1.0,0.0,0.0,0.0,biology:0,0.0,0.0,0.0,0.0,0.0,0.0,0.0,0.0,1.0,1.0,,
bright,ms2,pool50_ndcg20,50,20,copeland_hybrid,hybrid,ndcg,50,0.5644985831302761,0.5644985831302761,0.0,0.0,0.0,0,0,50,1.0,0.0,0.0,0.0,biology:0,0.0,0.0,0.0,0.0,0.0,0.0,0.0,0.0,1.0,1.0,,
bright,ms2,pool50_ndcg20,50,20,markov_graph,graph,ndcg,50,0.4672551093587201,0.4672551093587201,0.0,0.0,0.0,0,0,50,1.0,0.0,0.0,0.0,biology:0,0.0,0.0,0.0,0.0,0.0,0.0,0.0,0.0,1.0,1.0,,
bright,ms2,pool50_ndcg5,50,5,balance_graph,graph,ndcg,50,0.46772347210140064,0.46772347210140064,0.0,0.0,0.0,0,0,50,1.0,0.0,0.0,0.0,biology:0,0.0,0.0,0.0,0.0,0.0,0.0,0.0,0.0,1.0,1.0,,
bright,ms2,pool50_ndcg5,50,5,balance_hybrid,hybrid,ndcg,50,0.5055727231983401,0.5055727231983401,0.0,0.0,0.0,0,0,50,1.0,0.0,0.0,0.0,biology:0,0.0,0.0,0.0,0.0,0.0,0.0,0.0,0.0,1.0,1.0,,
bright,ms2,pool50_ndcg5,50,5,copeland_graph,graph,ndcg,50,0.4696058496284807,0.4696058496284807,0.0,0.0,0.0,0,0,50,1.0,0.0,0.0,0.0,biology:0,0.0,0.0,0.0,0.0,0.0,0.0,0.0,0.0,1.0,1.0,,
bright,ms2,pool50_ndcg5,50,5,copeland_hybrid,hybrid,ndcg,50,0.4988550046970149,0.4988550046970149,0.0,0.0,0.0,0,0,50,1.0,0.0,0.0,0.0,biology:0,0.0,0.0,0.0,0.0,0.0,0.0,0.0,0.0,1.0,1.0,,
bright,ms2,pool50_ndcg5,50,5,markov_graph,graph,ndcg,50,0.4483149247954523,0.4483149247954523,0.0,0.0,0.0,0,0,50,1.0,0.0,0.0,0.0,biology:0,0.0,0.0,0.0,0.0,0.0,0.0,0.0,0.0,1.0,1.0,,
fiqa,ms1,pool20_ndcg10,20,10,balance_graph,graph,ndcg,120,0.2554709532379593,0.2656217700951703,0.010150816857210953,0.0,0.053816123595166424,11,3,106,0.0471952804719528,0.0016108083373873258,0.020627120260564104,0.9927,478,0.31546487678572877,0.007585152488063745,0.0,0.0,0.0,0.0,0.0,0.030394050550132744,1.0,1.0,1.0,0.4873887611238876
fiqa,ms1,pool20_ndcg10,20,10,balance_hybrid,hybrid,ndcg,120,0.27507519047135087,0.27330969460127447,-0.0017654958700764097,0.0,0.02062431365236659,1,1,118,1.0,-0.005657359638272919,0.00036087202804368915,0.2301,12,-0.22629438553091674,0.00012130152203149215,0.0,0.0,0.0,0.0,0.0,0.0,1.0,1.0,1.0,1.0
fiqa,ms1,pool20_ndcg10,20,10,copeland_graph,graph,ndcg,120,0.2367062561256191,0.2555253569972834,0.01881910087166429,0.0,0.08528359789583155,19,5,96,0.013398660133986601,0.004206010031540735,0.034537696774319664,0.9945,12,-0.3772153153380493,0.022147121175947602,0.0,0.0,0.0,0.0,0.0,0.1982083247523015,1.0,0.9371062893710629,1.0,0.31236876312368766
fiqa,ms1,pool20_ndcg10,20,10,copeland_hybrid,hybrid,ndcg,120,0.26673379178848683,0.2663581094539451,-0.00037568233454173076,0.0,0.0684434773205449,8,7,105,0.9503049695030497,-0.012666085478148124,0.011850011835182854,0.4704,497,-0.36907024642854247,0.0027225913133070148,0.0,-0.012510603567523093,0.0,0.0,0.0,0.018994454842309858,1.0,1.0,1.0,1.0
fiqa,ms1,pool20_ndcg10,20,10,markov_graph,graph,ndcg,120,0.2571874905020049,0.264372644658544,0.007185154156539074,0.0,0.045928040890675405,13,6,101,0.0867913208679132,-0.0003748245598237284,0.01587804049181376,0.9685,493,0.3010299956639812,0.0047158697741235935,0.0,-0.0013200025233920396,0.0,0.0,0.0,0.07151462946854939,1.0,1.0,1.0,0.5024760681826553
fiqa,ms1,pool20_ndcg20,20,20,balance_graph,graph,ndcg,120,0.28698360808072143,0.2904996046893688,0.0035159966086473946,0.0,0.031965736894312764,16,5,99,0.27577242275772423,-0.0013419574922689406,0.009926860348391362,0.9064,62,0.2975964202381242,0.0010447325445341437,0.0,0.0,0.0,0.0,0.0,0.014817489566302734,1.0,1.0,1.0,0.6629762555659328
fiqa,ms1,pool20_ndcg20,20,20,balance_hybrid,hybrid,ndcg,120,0.3019989974228096,0.300307756355752,-0.0016912410670576554,0.0,0.02106183954311986,3,2,115,0.8718128187181282,-0.0057342702774028234,0.0005258041683676689,0.3244,12,-0.23039726624219503,0.00023065830416198627,0.0,0.0,0.0,0.0,0.0,0.0,1.0,1.0,1.0,1.0
fiqa,ms1,pool20_ndcg20,20,20,copeland_graph,graph,ndcg,120,0.27670748166867065,0.28034175702236735,0.003634275353696659,0.0,0.046765871536364356,21,10,89,0.44145585441455854,-0.005367346805124414,0.011278381663289217,0.813,12,-0.3772153153380493,0.006834692082198727,0.0,-0.027246031215337734,0.0,0.0,0.0,0.07953176504596222,1.0,1.0,1.0,0.8372438618207145
fiqa,ms1,pool20_ndcg20,20,20,copeland_hybrid,hybrid,ndcg,120,0.29988681049644667,0.2953176613108609,-0.004569149185585734,0.0,0.04265772760535536,16,8,96,0.30086991300869914,-0.013271197026379595,0.0017783080447936904,0.107,497,-0.36907024642854247,-0.0015061147549726528,0.0,-0.012510603567523093,0.0,0.0,0.0,0.018955114654218036,1.0,1.0,1.0,0.6894935506449356
fiqa,ms1,pool20_ndcg20,20,20,markov_graph,graph,ndcg,120,0.283380086818769,0.28694884442576646,0.0035687576069974854,0.0,0.033033766671569445,17,7,96,0.2502749725027497,-0.0019421517960850842,0.009913035830864895,0.8865,45,0.22629438553091674,0.0016971136748637104,0.0,-0.00767693723940121,0.0,0.0,0.0,0.023487078922847383,1.0,1.0,1.0,0.6629762555659328
fiqa,ms1,pool20_ndcg5,20,5,balance_graph,graph,ndcg,120,0.21950955926189933,0.2275569929017843,0.008047433639884954,0.0,0.07021285534855272,3,1,116,0.3775622437756224,-0.00182249132933839,0.022375820931714977,0.8932,62,0.6309297535714575,0.0028131284303759413,0.0,0.0,0.0,0.0,0.0,0.0,1.0,1.0,1.0,0.7737929910712632
fiqa,ms1,pool20_ndcg5,20,5,balance_hybrid,hybrid,ndcg,120,0.24072365617244187,0.23883786962635092,-0.0018857865460909728,0.0,0.020571502540959637,0,1,119,1.0,-0.005657359638272919,0.0,0.0,12,-0.22629438553091674,0.0,0.0,0.0,0.0,0.0,0.0,0.0,1.0,1.0,1.0,1.0
fiqa,ms1,pool20_ndcg5,20,5,copeland_graph,graph,ndcg,120,0.20366122327581612,0.21091760181737484,0.007256378541558699,0.0,0.09244897723315666,6,4,110,0.411958804119588,-0.009210813593157322,0.023807093257747023,0.8113,12,-0.5706417189553201,0.012112665075145915,0.0,0.0,0.0,0.0,0.0,0.004013960542590394,1.0,1.0,1.0,0.7950082184763979
fiqa,ms1,pool20_ndcg5,20,5,copeland_hybrid,hybrid,ndcg,120,0.2363908333845348,0.234515158452236,-0.0018756749322987969,0.0,0.05190378776384175,3,4,113,0.7281271872812719,-0.011831640002810069,0.006866638552700738,0.3544,497,-0.36907024642854247,0.0012099937357368644,0.0,0.0,0.0,0.0,0.0,0.0,1.0,1.0,1.0,1.0
fiqa,ms1,pool20_ndcg5,20,5,markov_graph,graph,ndcg,120,0.2189778528966506,0.2224525406534782,0.003474687756827624,0.0,0.05504781912236057,5,5,110,0.5364463553644635,-0.005645931356159846,0.01429832378249667,0.7507,62,0.43067655807339306,-0.00011524392650485853,0.0,0.0,0.0,0.0,0.0,0.0,1.0,1.0,1.0,0.8940772589407725
fiqa,ms1,pool50_ndcg10,50,10,balance_graph,graph,ndcg,120,0.2712595447535417,0.27743187164213057,0.006172326888588822,0.0,0.033409711894818804,12,2,106,0.0112988701129887,0.001283349365512759,0.012947419032432057,0.9994,13,0.3010299956639812,0.0036945313526611546,0.0,0.0,0.0,0.0,0.0,0.012710431368953345,1.0,0.9371062893710629,1.0,0.31236876312368766
fiqa,ms1,pool50_ndcg10,50,10,balance_hybrid,hybrid,ndcg,120,0.2504702019754197,0.24935840584254307,-0.0011117961328766359,0.0,0.016629781277468777,1,1,118,1.0,-0.004430982169601193,0.0010955937709712857,0.2307,25,-0.17723928678404774,0.00036826681377186073,0.0,0.0,0.0,0.0,0.0,0.0,1.0,1.0,1.0,1.0
fiqa,ms1,pool50_ndcg10,50,10,copeland_graph,graph,ndcg,120,0.25983960447234694,0.27056454119589046,0.01072493672354351,0.0,0.10036070397091945,17,7,96,0.2511748825117488,-0.006991043684858553,0.02858353440977931,0.8749,498,-0.5,0.015016742914497658,0.0,-0.024584657632676123,0.0,0.0,0.0,0.15155927954969395,1.0,1.0,1.0,0.6629762555659328
fiqa,ms1,pool50_ndcg10,50,10,copeland_hybrid,hybrid,ndcg,120,0.2566867172121333,0.25758378171925483,0.000897064507121482,0.0,0.005392786216547307,7,2,111,0.06999300069993,-1.0470978595199307e-05,0.0019097781879823857,0.9729,482,0.03230333766935212,0.0006331462452539977,0.0,0.0,0.0,0.0,0.0,0.007157027548035811,1.0,1.0,1.0,0.4873887611238876
fiqa,ms1,pool50_ndcg10,50,10,markov_graph,graph,ndcg,120,0.2815741025779006,0.2848447510364443,0.003270648458543668,0.0,0.06874236622451366,11,9,100,0.6192380761923808,-0.009073971850151942,0.0159709097986828,0.6906,21,-0.36907024642854247,0.006399563541628425,0.0,-0.025075502031013358,0.0,0.0,0.0,0.03481612673172647,1.0,1.0,1.0,1.0
fiqa,ms1,pool50_ndcg20,50,20,balance_graph,graph,ndcg,120,0.29853435984836285,0.3030674237722104,0.004533063923847542,0.0,0.02041332885211751,16,2,102,0.0031996800319968005,0.001369545698565407,0.008545001097915565,0.9999,62,0.14379281289197782,0.003362813932518717,0.0,0.0,0.0,0.0,0.0,0.026797171014269688,1.0,0.9371062893710629,0.35196480351964804,0.31236876312368766
fiqa,ms1,pool50_ndcg20,50,20,balance_hybrid,hybrid,ndcg,120,0.2741853683365806,0.2746773469717445,0.0004919786351639983,0.0,0.004433799333866369,3,2,115,0.3742625737426257,-9.358893135684165e-05,0.0014123012404538894,0.8978,41,0.04382375083885143,0.00012784609563721322,0.0,0.0,0.0,0.0,0.0,0.0,1.0,1.0,1.0,0.7737929910712632
fiqa,ms1,pool50_ndcg20,50,20,copeland_graph,graph,ndcg,120,0.29398709382879673,0.3077642995012783,0.013777205672481559,0.0,0.08259486162527871,23,11,86,0.07089291070892911,-0.0012202463922977521,0.028445205975603866,0.966,498,-0.5,0.01809466118233435,0.0,-0.01893066764279543,0.0,0.0,0.0,0.19005397689194245,1.0,1.0,1.0,0.4873887611238876
fiqa,ms1,pool50_ndcg20,50,20,copeland_hybrid,hybrid,ndcg,120,0.27910375598685916,0.28021352511316094,0.0011097691263018028,0.0,0.005802104547381797,13,6,101,0.0365963403659634,0.00013590076804297833,0.002213186523356521,0.9878,482,0.03230333766935212,0.0008476382982089431,0.0,-0.00016400025415133716,0.0,0.0,0.0,0.014508386322680715,1.0,1.0,1.0,0.44728860447288604
fiqa,ms1,pool50_ndcg20,50,20,markov_graph,graph,ndcg,120,0.3124464390772097,0.31794152208917065,0.005495083011960941,0.0,0.06591995739486796,16,10,94,0.37636236376362364,-0.006230410832135798,0.017690268537675736,0.8157,21,-0.36907024642854247,0.008642690822385338,0.0,-0.022522705232119838,0.0,0.0,0.0,0.04786246956186258,1.0,1.0,1.0,0.7737929910712632
fiqa,ms1,pool50_ndcg5,50,5,balance_graph,graph,ndcg,120,0.22198413806520195,0.23011144712350082,0.00812730905829884,0.0,0.051852816351329316,5,0,115,0.06329367063293671,0.0008929135054592262,0.018882363340113957,0.9944,62,0.5,0.003993925100805554,0.0,0.0,0.0,0.0,0.0,0.0,1.0,1.0,1.0,0.4873887611238876
fiqa,ms1,pool50_ndcg5,50,5,balance_hybrid,hybrid,ndcg,120,0.2206030584579759,0.220968256381633,0.00036519792365709525,0.0,0.003983839014037962,1,0,119,1.0,0.0,0.0010955937709712857,0.6309,41,0.04382375083885143,0.0,0.0,0.0,0.0,0.0,0.0,0.0,1.0,1.0,1.0,1.0
fiqa,ms1,pool50_ndcg5,50,5,copeland_graph,graph,ndcg,120,0.23397456662658925,0.24475316934018998,0.010778602713600715,0.0,0.09873858370713712,8,6,106,0.24587541245875413,-0.006511944152035909,0.028754803490929598,0.8888,498,-0.5,0.015070859879261225,0.0,-0.0013531244362466673,0.0,0.0,0.0,0.18466855022733064,1.0,1.0,1.0,0.6629762555659328
fiqa,ms1,pool50_ndcg5,50,5,copeland_hybrid,hybrid,ndcg,120,0.22887666835593817,0.23085331596234895,0.001976647606410802,0.0,0.0215626796904192,1,0,119,1.0,0.0,0.0059299428192324056,0.6349,442,0.23719771276929622,0.0,0.0,0.0,0.0,0.0,0.0,0.0,1.0,1.0,1.0,1.0
fiqa,ms1,pool50_ndcg5,50,5,markov_graph,graph,ndcg,120,0.2291696242401532,0.2436962438311203,0.014526619590967084,0.0,0.10213640093217322,9,4,107,0.1250874912508749,-0.0027546340674664826,0.03375879896797029,0.9504,62,0.6309297535714575,0.009346761322223467,0.0,0.0,0.0,0.0,0.0,0.15254572694328258,1.0,1.0,1.0,0.5517048295170484
fiqa,ms1_drop_mutual,pool20_ndcg10,20,10,balance_graph,graph,ndcg,120,0.24386608812140534,0.24386608812140534,0.0,0.0,0.0,0,0,120,1.0,0.0,0.0,0.0,0,0.0,0.0,0.0,0.0,0.0,0.0,0.0,0.0,1.0,1.0,,
fiqa,ms1_drop_mutual,pool20_ndcg10,20,10,balance_hybrid,hybrid,ndcg,120,0.27447169401282545,0.27447169401282545,0.0,0.0,0.0,0,0,120,1.0,0.0,0.0,0.0,0,0.0,0.0,0.0,0.0,0.0,0.0,0.0,0.0,1.0,1.0,,
fiqa,ms1_drop_mutual,pool20_ndcg10,20,10,copeland_graph,graph,ndcg,120,0.23764663230352687,0.23752975697661288,-0.00011687532691398347,0.0,0.001274959294608581,0,1,119,1.0,-0.0003506259807419504,0.0,0.0,454,-0.014025039229678016,0.0,0.0,0.0,0.0,0.0,0.0,0.0,1.0,1.0,,
fiqa,ms1_drop_mutual,pool20_ndcg10,20,10,copeland_hybrid,hybrid,ndcg,120,0.2662857641222179,0.2662857641222179,0.0,0.0,0.0,0,0,120,1.0,0.0,0.0,0.0,0,0.0,0.0,0.0,0.0,0.0,0.0,0.0,0.0,1.0,1.0,,
fiqa,ms1_drop_mutual,pool20_ndcg10,20,10,markov_graph,graph,ndcg,120,0.2408227693446266,0.2408227693446266,0.0,0.0,0.0,0,0,120,1.0,0.0,0.0,0.0,0,0.0,0.0,0.0,0.0,0.0,0.0,0.0,0.0,1.0,1.0,,
fiqa,ms1_drop_mutual,pool20_ndcg20,20,20,balance_graph,graph,ndcg,120,0.28292714361774896,0.28287138103252085,-5.57625852281506e-05,0.0,0.0006082979890217327,0,1,119,1.0,-0.00016728775568445182,0.0,0.0,13,-0.0066915102273780724,0.0,0.0,0.0,0.0,0.0,0.0,0.0,1.0,1.0,,
fiqa,ms1_drop_mutual,pool20_ndcg20,20,20,balance_hybrid,hybrid,ndcg,120,0.3012636661959411,0.3012636661959411,0.0,0.0,0.0,0,0,120,1.0,0.0,0.0,0.0,0,0.0,0.0,0.0,0.0,0.0,0.0,0.0,0.0,1.0,1.0,,
fiqa,ms1_drop_mutual,pool20_ndcg20,20,20,copeland_graph,graph,ndcg,120,0.27673923634117353,0.2765665984290314,-0.00017263791214213408,0.0,0.0014080174379603673,0,2,118,0.5046495350464953,-0.00046750130765593387,0.0,0.0,454,-0.014025039229678016,-5.623117838132834e-05,0.0,0.0,0.0,0.0,0.0,0.0,1.0,1.0,,
fiqa,ms1_drop_mutual,pool20_ndcg20,20,20,copeland_hybrid,hybrid,ndcg,120,0.2994671009704536,0.2994671009704536,0.0,0.0,0.0,0,0,120,1.0,0.0,0.0,0.0,0,0.0,0.0,0.0,0.0,0.0,0.0,0.0,0.0,1.0,1.0,,
fiqa,ms1_drop_mutual,pool20_ndcg20,20,20,markov_graph,graph,ndcg,120,0.2820720915364022,0.2820163289511741,-5.57625852281506e-05,0.0,0.0006082979890217327,0,1,119,1.0,-0.00016728775568445182,0.0,0.0,13,-0.0066915102273780724,0.0,0.0,0.0,0.0,0.0,0.0,0.0,1.0,1.0,,
fiqa,ms1_drop_mutual,pool20_ndcg5,20,5,balance_graph,graph,ndcg,120,0.21710347662068089,0.21710347662068089,0.0,0.0,0.0,0,0,120,1.0,0.0,0.0,0.0,0,0.0,0.0,0.0,0.0,0.0,0.0,0.0,0.0,1.0,1.0,,
fiqa,ms1_drop_mutual,pool20_ndcg5,20,5,balance_hybrid,hybrid,ndcg,120,0.23677036095962026,0.23677036095962026,0.0,0.0,0.0,0,0,120,1.0,0.0,0.0,0.0,0,0.0,0.0,0.0,0.0,0.0,0.0,0.0,0.0,1.0,1.0,,
fiqa,ms1_drop_mutual,pool20_ndcg5,20,5,copeland_graph,graph,ndcg,120,0.20366122327581612,0.20366122327581612,0.0,0.0,0.0,0,0,120,1.0,0.0,0.0,0.0,0,0.0,0.0,0.0,0.0,0.0,0.0,0.0,0.0,1.0,1.0,,
fiqa,ms1_drop_mutual,pool20_ndcg5,20,5,copeland_hybrid,hybrid,ndcg,120,0.2340489878544669,0.2340489878544669,0.0,0.0,0.0,0,0,120,1.0,0.0,0.0,0.0,0,0.0,0.0,0.0,0.0,0.0,0.0,0.0,0.0,1.0,1.0,,
fiqa,ms1_drop_mutual,pool20_ndcg5,20,5,markov_graph,graph,ndcg,120,0.2153163353277772,0.2153163353277772,0.0,0.0,0.0,0,0,120,1.0,0.0,0.0,0.0,0,0.0,0.0,0.0,0.0,0.0,0.0,0.0,0.0,1.0,1.0,,
fiqa,ms1_drop_mutual,pool50_ndcg10,50,10,balance_graph,graph,ndcg,120,0.26725178189044146,0.2649200795772072,-0.002331702313234297,0.0,0.026361186123858554,2,2,116,0.7482251774822518,-0.00735657411163441,0.0003449736960577104,0.2375,20,-0.2890648263178879,7.781973722497666e-05,0.0,0.0,0.0,0.0,0.0,0.0,1.0,1.0,,
fiqa,ms1_drop_mutual,pool50_ndcg10,50,10,balance_hybrid,hybrid,ndcg,120,0.24909291766343677,0.24909291766343677,0.0,0.0,0.0,0,0,120,1.0,0.0,0.0,0.0,0,0.0,0.0,0.0,0.0,0.0,0.0,0.0,0.0,1.0,1.0,,
fiqa,ms1_drop_mutual,pool50_ndcg10,50,10,copeland_graph,graph,ndcg,120,0.25983960447234694,0.25875916249764425,-0.0010804419747026802,0.0,0.03296313238439759,3,2,115,0.7496250374962504,-0.007601375726571529,0.00457821923816172,0.3697,93,-0.2890648263178879,0.0013395948685173634,0.0,0.0,0.0,0.0,0.0,0.0,1.0,1.0,,
fiqa,ms1_drop_mutual,pool50_ndcg10,50,10,copeland_hybrid,hybrid,ndcg,120,0.2566867172121333,0.2571537829360136,0.00046706572388027827,0.0,0.0032144007281524594,3,0,117,0.25037496250374963,0.0,0.0011247468958829638,0.95,96,0.026400050467840885,0.0002491414823343908,0.0,0.0,0.0,0.0,0.0,0.0,1.0,1.0,,
fiqa,ms1_drop_mutual,pool50_ndcg10,50,10,markov_graph,graph,ndcg,120,0.2787038252025235,0.28009036093988804,0.001386535737364506,0.0,0.016228809547165254,2,2,116,0.7519248075192481,-0.00036087202804368915,0.004530923199786508,0.7327,65,0.17723928678404777,-9.121847311182404e-05,0.0,0.0,0.0,0.0,0.0,0.0,1.0,1.0,,
fiqa,ms1_drop_mutual,pool50_ndcg20,50,20,balance_graph,graph,ndcg,120,0.2949965297421936,0.2950087059115802,1.2176169386577998e-05,0.0,0.0022780096762501025,4,3,113,0.952904709529047,-0.00040244866494060135,0.0004202234501808862,0.5264,62,0.014434881121747567,-0.00010902303189376645,0.0,0.0,0.0,0.0,0.0,0.0,1.0,1.0,,
fiqa,ms1_drop_mutual,pool50_ndcg20,50,20,balance_hybrid,hybrid,ndcg,120,0.2742038061314847,0.27425585994419266,5.205381270795377e-05,0.0,0.000567840057300234,1,0,119,1.0,0.0,0.00015616143812386129,0.6328,65,0.006246457524954452,0.0,0.0,0.0,0.0,0.0,0.0,0.0,1.0,1.0,,
fiqa,ms1_drop_mutual,pool50_ndcg20,50,20,copeland_graph,graph,ndcg,120,0.29398709382879673,0.29800610082940554,0.004019007000608891,0.0,0.027778217295712775,12,3,105,0.1136886311368863,-1.0336106847159013e-05,0.009683031160474292,0.9741,62,0.25,0.001951939832546782,0.0,0.0,0.0,0.0,0.0,0.01617537496388799,1.0,1.0,,
fiqa,ms1_drop_mutual,pool50_ndcg20,50,20,copeland_hybrid,hybrid,ndcg,120,0.27910375598685916,0.2796453757424781,0.0005416197556189728,0.0,0.0032623723859728265,5,0,115,0.061193880611938804,5.64498551925303e-05,0.0012030407999119746,0.9927,96,0.026400050467840885,0.0003243220185414778,0.0,0.0,0.0,0.0,0.0,0.0,1.0,1.0,,
fiqa,ms1_drop_mutual,pool50_ndcg20,50,20,markov_graph,graph,ndcg,120,0.3136573528265447,0.31260364299611965,-0.0010537098304250192,0.0,0.012914669310519523,4,3,113,0.6956304369563043,-0.003675935094503031,0.0004330124876967992,0.2575,25,-0.1395953738647505,0.00011050583372897639,0.0,0.0,0.0,0.0,0.0,0.0,1.0,1.0,,
fiqa,ms1_drop_mutual,pool50_ndcg5,50,5,balance_graph,graph,ndcg,120,0.2256635334287432,0.2256635334287432,0.0,0.0,0.0,0,0,120,1.0,0.0,0.0,0.0,0,0.0,0.0,0.0,0.0,0.0,0.0,0.0,0.0,1.0,1.0,,
fiqa,ms1_drop_mutual,pool50_ndcg5,50,5,balance_hybrid,hybrid,ndcg,120,0.2206030584579759,0.2206030584579759,0.0,0.0,0.0,0,0,120,1.0,0.0,0.0,0.0,0,0.0,0.0,0.0,0.0,0.0,0.0,0.0,0.0,1.0,1.0,,
fiqa,ms1_drop_mutual,pool50_ndcg5,50,5,copeland_graph,graph,ndcg,120,0.23397456662658925,0.2353730818695548,0.0013985152429655263,0.0,0.022516857903941163,1,1,118,1.0,-0.0017343970903358264,0.0059299428192324056,0.6244,32,0.23719771276929622,-0.0005829906186002778,0.0,0.0,0.0,0.0,0.0,0.0,1.0,1.0,,
fiqa,ms1_drop_mutual,pool50_ndcg5,50,5,copeland_hybrid,hybrid,ndcg,120,0.22887666835593817,0.22887666835593817,0.0,0.0,0.0,0,0,120,1.0,0.0,0.0,0.0,0,0.0,0.0,0.0,0.0,0.0,0.0,0.0,0.0,1.0,1.0,,
fiqa,ms1_drop_mutual,pool50_ndcg5,50,5,markov_graph,graph,ndcg,120,0.24287079411232143,0.24287079411232143,0.0,0.0,0.0,0,0,120,1.0,0.0,0.0,0.0,0,0.0,0.0,0.0,0.0,0.0,0.0,0.0,0.0,1.0,1.0,,
fiqa,ms2,pool20_ndcg10,20,10,balance_graph,graph,ndcg,120,0.268923035751446,0.268923035751446,0.0,0.0,0.0,0,0,120,1.0,0.0,0.0,0.0,0,0.0,0.0,0.0,0.0,0.0,0.0,0.0,0.0,1.0,1.0,,
fiqa,ms2,pool20_ndcg10,20,10,balance_hybrid,hybrid,ndcg,120,0.2760529033137615,0.2760529033137615,0.0,0.0,0.0,0,0,120,1.0,0.0,0.0,0.0,0,0.0,0.0,0.0,0.0,0.0,0.0,0.0,0.0,1.0,1.0,,
fiqa,ms2,pool20_ndcg10,20,10,copeland_graph,graph,ndcg,120,0.2561713872158926,0.2561713872158926,0.0,0.0,0.0,0,0,120,1.0,0.0,0.0,0.0,0,0.0,0.0,0.0,0.0,0.0,0.0,0.0,0.0,1.0,1.0,,
fiqa,ms2,pool20_ndcg10,20,10,copeland_hybrid,hybrid,ndcg,120,0.2742668265122213,0.2742668265122213,0.0,0.0,0.0,0,0,120,1.0,0.0,0.0,0.0,0,0.0,0.0,0.0,0.0,0.0,0.0,0.0,0.0,1.0,1.0,,
fiqa,ms2,pool20_ndcg10,20,10,markov_graph,graph,ndcg,120,0.26743569437114095,0.26743569437114095,0.0,0.0,0.0,0,0,120,1.0,0.0,0.0,0.0,0,0.0,0.0,0.0,0.0,0.0,0.0,0.0,0.0,1.0,1.0,,
fiqa,ms2,pool20_ndcg20,20,20,balance_graph,graph,ndcg,120,0.29085454351991175,0.29085454351991175,0.0,0.0,0.0,0,0,120,1.0,0.0,0.0,0.0,0,0.0,0.0,0.0,0.0,0.0,0.0,0.0,0.0,1.0,1.0,,
fiqa,ms2,pool20_ndcg20,20,20,balance_hybrid,hybrid,ndcg,120,0.30075902301860563,0.30075902301860563,0.0,0.0,0.0,0,0,120,1.0,0.0,0.0,0.0,0,0.0,0.0,0.0,0.0,0.0,0.0,0.0,0.0,1.0,1.0,,
fiqa,ms2,pool20_ndcg20,20,20,copeland_graph,graph,ndcg,120,0.28024063064449983,0.28024063064449983,0.0,0.0,0.0,0,0,120,1.0,0.0,0.0,0.0,0,0.0,0.0,0.0,0.0,0.0,0.0,0.0,0.0,1.0,1.0,,
fiqa,ms2,pool20_ndcg20,20,20,copeland_hybrid,hybrid,ndcg,120,0.29900523563607184,0.29900523563607184,0.0,0.0,0.0,0,0,120,1.0,0.0,0.0,0.0,0,0.0,0.0,0.0,0.0,0.0,0.0,0.0,0.0,1.0,1.0,,
fiqa,ms2,pool20_ndcg20,20,20,markov_graph,graph,ndcg,120,0.2905814399041414,0.2905814399041414,0.0,0.0,0.0,0,0,120,1.0,0.0,0.0,0.0,0,0.0,0.0,0.0,0.0,0.0,0.0,0.0,0.0,1.0,1.0,,
fiqa,ms2,pool20_ndcg5,20,5,balance_graph,graph,ndcg,120,0.22422469353167115,0.22422469353167115,0.0,0.0,0.0,0,0,120,1.0,0.0,0.0,0.0,0,0.0,0.0,0.0,0.0,0.0,0.0,0.0,0.0,1.0,1.0,,
fiqa,ms2,pool20_ndcg5,20,5,balance_hybrid,hybrid,ndcg,120,0.2372907293626118,0.2372907293626118,0.0,0.0,0.0,0,0,120,1.0,0.0,0.0,0.0,0,0.0,0.0,0.0,0.0,0.0,0.0,0.0,0.0,1.0,1.0,,
fiqa,ms2,pool20_ndcg5,20,5,copeland_graph,graph,ndcg,120,0.21398533841013462,0.21398533841013462,0.0,0.0,0.0,0,0,120,1.0,0.0,0.0,0.0,0,0.0,0.0,0.0,0.0,0.0,0.0,0.0,0.0,1.0,1.0,,
fiqa,ms2,pool20_ndcg5,20,5,copeland_hybrid,hybrid,ndcg,120,0.23540494281652086,0.23540494281652086,0.0,0.0,0.0,0,0,120,1.0,0.0,0.0,0.0,0,0.0,0.0,0.0,0.0,0.0,0.0,0.0,0.0,1.0,1.0,,
fiqa,ms2,pool20_ndcg5,20,5,markov_graph,graph,ndcg,120,0.22561837555260594,0.22561837555260594,0.0,0.0,0.0,0,0,120,1.0,0.0,0.0,0.0,0,0.0,0.0,0.0,0.0,0.0,0.0,0.0,0.0,1.0,1.0,,
fiqa,ms2,pool50_ndcg10,50,10,balance_graph,graph,ndcg,120,0.23939469671907626,0.23939469671907626,0.0,0.0,0.0,0,0,120,1.0,0.0,0.0,0.0,0,0.0,0.0,0.0,0.0,0.0,0.0,0.0,0.0,1.0,1.0,,
fiqa,ms2,pool50_ndcg10,50,10,balance_hybrid,hybrid,ndcg,120,0.250679682980379,0.250679682980379,0.0,0.0,0.0,0,0,120,1.0,0.0,0.0,0.0,0,0.0,0.0,0.0,0.0,0.0,0.0,0.0,0.0,1.0,1.0,,
fiqa,ms2,pool50_ndcg10,50,10,copeland_graph,graph,ndcg,120,0.22882601516708842,0.22882601516708842,0.0,0.0,0.0,0,0,120,1.0,0.0,0.0,0.0,0,0.0,0.0,0.0,0.0,0.0,0.0,0.0,0.0,1.0,1.0,,
fiqa,ms2,pool50_ndcg10,50,10,copeland_hybrid,hybrid,ndcg,120,0.24731410778010324,0.24731410778010324,0.0,0.0,0.0,0,0,120,1.0,0.0,0.0,0.0,0,0.0,0.0,0.0,0.0,0.0,0.0,0.0,0.0,1.0,1.0,,
fiqa,ms2,pool50_ndcg10,50,10,markov_graph,graph,ndcg,120,0.23844361942525338,0.23844361942525338,0.0,0.0,0.0,0,0,120,1.0,0.0,0.0,0.0,0,0.0,0.0,0.0,0.0,0.0,0.0,0.0,0.0,1.0,1.0,,
fiqa,ms2,pool50_ndcg20,50,20,balance_graph,graph,ndcg,120,0.27341598103003756,0.27341598103003756,0.0,0.0,0.0,0,0,120,1.0,0.0,0.0,0.0,0,0.0,0.0,0.0,0.0,0.0,0.0,0.0,0.0,1.0,1.0,,
fiqa,ms2,pool50_ndcg20,50,20,balance_hybrid,hybrid,ndcg,120,0.27466183542679035,0.27466183542679035,0.0,0.0,0.0,0,0,120,1.0,0.0,0.0,0.0,0,0.0,0.0,0.0,0.0,0.0,0.0,0.0,0.0,1.0,1.0,,
fiqa,ms2,pool50_ndcg20,50,20,copeland_graph,graph,ndcg,120,0.2652390704022344,0.2652390704022344,0.0,0.0,0.0,0,0,120,1.0,0.0,0.0,0.0,0,0.0,0.0,0.0,0.0,0.0,0.0,0.0,0.0,1.0,1.0,,
fiqa,ms2,pool50_ndcg20,50,20,copeland_hybrid,hybrid,ndcg,120,0.27123536483623556,0.27123536483623556,0.0,0.0,0.0,0,0,120,1.0,0.0,0.0,0.0,0,0.0,0.0,0.0,0.0,0.0,0.0,0.0,0.0,1.0,1.0,,
fiqa,ms2,pool50_ndcg20,50,20,markov_graph,graph,ndcg,120,0.27334041890190264,0.27334041890190264,0.0,0.0,0.0,0,0,120,1.0,0.0,0.0,0.0,0,0.0,0.0,0.0,0.0,0.0,0.0,0.0,0.0,1.0,1.0,,
fiqa,ms2,pool50_ndcg5,50,5,balance_graph,graph,ndcg,120,0.19221126804164002,0.19221126804164002,0.0,0.0,0.0,0,0,120,1.0,0.0,0.0,0.0,0,0.0,0.0,0.0,0.0,0.0,0.0,0.0,0.0,1.0,1.0,,
fiqa,ms2,pool50_ndcg5,50,5,balance_hybrid,hybrid,ndcg,120,0.21751836144850617,0.21751836144850617,0.0,0.0,0.0,0,0,120,1.0,0.0,0.0,0.0,0,0.0,0.0,0.0,0.0,0.0,0.0,0.0,0.0,1.0,1.0,,
fiqa,ms2,pool50_ndcg5,50,5,copeland_graph,graph,ndcg,120,0.1840906630245255,0.1840906630245255,0.0,0.0,0.0,0,0,120,1.0,0.0,0.0,0.0,0,0.0,0.0,0.0,0.0,0.0,0.0,0.0,0.0,1.0,1.0,,
fiqa,ms2,pool50_ndcg5,50,5,copeland_hybrid,hybrid,ndcg,120,0.2113138717204899,0.2113138717204899,0.0,0.0,0.0,0,0,120,1.0,0.0,0.0,0.0,0,0.0,0.0,0.0,0.0,0.0,0.0,0.0,0.0,1.0,1.0,,
fiqa,ms2,pool50_ndcg5,50,5,markov_graph,graph,ndcg,120,0.2014959405333157,0.2014959405333157,0.0,0.0,0.0,0,0,120,1.0,0.0,0.0,0.0,0,0.0,0.0,0.0,0.0,0.0,0.0,0.0,0.0,1.0,1.0,,
hotpotqa,ms1,pool10_ndcg5,10,5,balance_graph,graph,ndcg,52,0.8803320766058588,0.8789989334918856,-0.0013331431139732104,0.0,0.009520546133444425,0,1,51,1.0,-0.003999429341919631,0.0,0.0,5a7cc50e554299452d57ba3e,-0.06932344192660694,0.0,0.0,0.0,0.0,0.0,0.0,0.0,1.0,1.0,1.0,1.0
hotpotqa,ms1,pool10_ndcg5,10,5,balance_hybrid,hybrid,ndcg,52,0.8583980911160906,0.8627499062224544,0.004351815106363783,0.0,0.031078176116348544,1,0,51,1.0,0.0,0.013055445319091351,0.6338,5ab51dae5542991779162d82,0.22629438553091674,0.0,0.0,0.0,0.0,0.0,0.0,0.0,1.0,1.0,1.0,1.0
hotpotqa,ms1,pool10_ndcg5,10,5,copeland_graph,graph,ndcg,52,0.8618106035027957,0.8775863869732122,0.015775783470416596,0.0,0.09823857897897492,5,2,45,0.32196780321967805,-0.009843828158690116,0.0449297972479998,0.876,5a85ea095542994775f606a8,0.36907024642854247,0.008848441059472951,0.0,0.0,0.0,0.0,0.0,0.22629438553091674,1.0,1.0,1.0,0.7083291670832916
hotpotqa,ms1,pool10_ndcg5,10,5,copeland_hybrid,hybrid,ndcg,52,0.8513005863770803,0.8635673191803417,0.01226673280326149,0.0,0.05906387169751078,3,0,49,0.25317468253174685,0.0,0.030813557387646136,0.956,5a85ea095542994775f606a8,0.36907024642854247,0.005270585477275588,0.0,0.0,0.0,0.0,0.0,0.019127463214562032,1.0,1.0,1.0,0.6629762555659328
hotpotqa,ms1,pool10_ndcg5,10,5,markov_graph,graph,ndcg,52,0.875980261499495,0.8805427644698051,0.004562502970310043,0.0,0.05543935203763974,1,2,49,1.0,-0.0059646360477316205,0.02231843118660817,0.6267,5ab6d09255429954757d337d,0.38685280723454163,-0.0029333853485964587,0.0,0.0,0.0,0.0,0.0,0.0,1.0,1.0,1.0,1.0
hotpotqa,ms1,pool35_ndcg10,35,10,balance_graph,graph,ndcg,52,0.8660157381620053,0.8671796838692308,0.001163945707225581,0.0,0.009628583467772052,1,1,50,1.0,-0.0005106177021751573,0.004002454823851901,0.6328,5ae0361155429925eb1afc2c,0.06937588361343294,-0.00017354327132750445,0.0,0.0,0.0,0.0,0.0,0.0,1.0,1.0,1.0,1.0
hotpotqa,ms1,pool35_ndcg10,35,10,balance_hybrid,hybrid,ndcg,52,0.8664443748346927,0.8664443748346927,0.0,0.0,0.0,0,0,52,1.0,0.0,0.0,0.0,5a8c7595554299585d9e36b6,0.0,0.0,0.0,0.0,0.0,0.0,0.0,0.0,1.0,1.0,1.0,1.0
hotpotqa,ms1,pool35_ndcg10,35,10,copeland_graph,graph,ndcg,52,0.8403169448358241,0.8568579884651134,0.01654104362928941,0.0,0.07288525609100655,6,3,43,0.1024897510248975,-0.0012210760013311968,0.03857690418337097,0.9634,5a74106b55429979e288289e,0.36907024642854247,0.009628706319500134,0.0,-0.003982818076966224,0.0,0.0,0.0,0.1993140812201386,1.0,1.0,1.0,0.5368510767970822
hotpotqa,ms1,pool35_ndcg10,35,10,copeland_hybrid,hybrid,ndcg,52,0.8606947482904697,0.8607310824559005,3.633416543079838e-05,0.0,0.005087696875531225,1,1,50,1.0,-0.0014412134538976833,0.0015502159501900785,0.5246,5ae0361155429925eb1afc2c,0.026870409803294693,-0.0004898241804096701,0.0,0.0,0.0,0.0,0.0,0.0,1.0,1.0,1.0,1.0
hotpotqa,ms1,pool35_ndcg10,35,10,markov_graph,graph,ndcg,52,0.8382401736065545,0.8405519719024752,0.0023117982959208524,0.0,0.016934635398742785,2,3,47,0.49795020497950204,-0.0014442744006113056,0.007645333858753773,0.8356,5ae0361155429925eb1afc2c,0.08816615956456508,0.0006283794475160637,0.0,-0.0033013844979841926,0.0,0.0,0.0,0.0,1.0,1.0,1.0,0.8531762208394547
hotpotqa,ms1,pool35_ndcg20,35,20,balance_graph,graph,ndcg,52,0.8720298940549214,0.873193839762147,0.001163945707225581,0.0,0.009628583467772052,1,1,50,1.0,-0.0005106177021751573,0.004002454823851901,0.6328,5ae0361155429925eb1afc2c,0.06937588361343294,-0.00017354327132750445,0.0,0.0,0.0,0.0,0.0,0.0,1.0,1.0,1.0,1.0
hotpotqa,ms1,pool35_ndcg20,35,20,balance_hybrid,hybrid,ndcg,52,0.8726812956473674,0.8726812956473674,0.0,0.0,0.0,0,0,52,1.0,0.0,0.0,0.0,5a8c7595554299585d9e36b6,0.0,0.0,0.0,0.0,0.0,0.0,0.0,0.0,1.0,1.0,1.0,1.0
hotpotqa,ms1,pool35_ndcg20,35,20,copeland_graph,graph,ndcg,52,0.8436060426063571,0.8568579884651134,0.01325194585875637,0.0,0.06933168438905993,6,3,43,0.19168083191680832,-0.0032196431384229804,0.03498427625973041,0.9271,5a74106b55429979e288289e,0.36907024642854247,0.006275116435819387,0.0,-0.003982818076966224,0.0,0.0,0.0,0.11661119888072377,1.0,1.0,1.0,0.6589028597140286
hotpotqa,ms1,pool35_ndcg20,35,20,copeland_hybrid,hybrid,ndcg,52,0.8636425713326112,0.8636158284772146,-2.6742855396638676e-05,0.0,0.005108048300230643,1,2,49,1.0,-0.0014412134538976833,0.0014871389293626414,0.4297,5ae0361155429925eb1afc2c,0.026870409803294693,-0.0005541380055670569,0.0,0.0,0.0,0.0,0.0,0.0,1.0,1.0,1.0,1.0
hotpotqa,ms1,pool35_ndcg20,35,20,markov_graph,graph,ndcg,52,0.8523980587774551,0.8545765272412684,0.002178468463813313,0.0,0.01697954529710076,2,4,46,0.49795020497950204,-0.0016003314113666326,0.007507495554198419,0.822,5ae0361155429925eb1afc2c,0.08816615956456508,0.0004924353049750432,0.0,-0.007114617696259817,0.0,0.0,0.0,0.0,1.0,1.0,1.0,0.8531762208394547
hotpotqa,ms1,pool35_ndcg5,35,5,balance_graph,graph,ndcg,52,0.8476961857711779,0.8490303373791286,0.0013341516079506334,0.0,0.00952774822100481,1,0,51,1.0,0.0,0.004002454823851901,0.6328,5ae0361155429925eb1afc2c,0.06937588361343294,0.0,0.0,0.0,0.0,0.0,0.0,0.0,1.0,1.0,1.0,1.0
hotpotqa,ms1,pool35_ndcg5,35,5,balance_hybrid,hybrid,ndcg,52,0.8421849853837345,0.8421849853837345,0.0,0.0,0.0,0,0,52,1.0,0.0,0.0,0.0,5a8c7595554299585d9e36b6,0.0,0.0,0.0,0.0,0.0,0.0,0.0,0.0,1.0,1.0,1.0,1.0
hotpotqa,ms1,pool35_ndcg5,35,5,copeland_graph,graph,ndcg,52,0.8187175721074987,0.82743933270653,0.008721760599031196,0.0,0.07872446395297307,4,2,46,0.5041495850414959,-0.011610091456260923,0.03195333053565607,0.7805,5a74106b55429979e288289e,0.36907024642854247,0.0016561040141388188,0.0,0.0,0.0,0.0,0.0,0.11661119888072377,1.0,1.0,1.0,0.8531762208394547
hotpotqa,ms1,pool35_ndcg5,35,5,copeland_hybrid,hybrid,ndcg,52,0.8330269110167413,0.8335436496668046,0.0005167386500633595,0.0,0.0036902520856893313,1,0,51,1.0,0.0,0.0015502159501900785,0.6328,5ae0361155429925eb1afc2c,0.026870409803294693,0.0,0.0,0.0,0.0,0.0,0.0,0.0,1.0,1.0,1.0,1.0
hotpotqa,ms1,pool35_ndcg5,35,5,markov_graph,graph,ndcg,52,0.8223599242218547,0.8292826626339941,0.006922738412139364,0.0,0.04355855401433711,2,1,49,0.49795020497950204,-0.001033477300126719,0.020787359050633336,0.8613,5ae0361155429925eb1afc2c,0.3065735963827292,0.0010472313931081912,0.0,0.0,0.0,0.0,0.0,0.0,1.0,1.0,1.0,0.8531762208394547
hotpotqa,ms1_drop_mutual,pool10_ndcg5,10,5,balance_graph,graph,ndcg,52,0.8811748410450674,0.8811748410450674,0.0,0.0,0.0,0,0,52,1.0,0.0,0.0,0.0,5a8c7595554299585d9e36b6,0.0,0.0,0.0,0.0,0.0,0.0,0.0,0.0,1.0,1.0,,
hotpotqa,ms1_drop_mutual,pool10_ndcg5,10,5,balance_hybrid,hybrid,ndcg,52,0.8583980911160906,0.8583980911160906,0.0,0.0,0.0,0,0,52,1.0,0.0,0.0,0.0,5a8c7595554299585d9e36b6,0.0,0.0,0.0,0.0,0.0,0.0,0.0,0.0,1.0,1.0,,
hotpotqa,ms1_drop_mutual,pool10_ndcg5,10,5,copeland_graph,graph,ndcg,52,0.8618106035027957,0.8618106035027957,0.0,0.0,0.0,0,0,52,1.0,0.0,0.0,0.0,5a8c7595554299585d9e36b6,0.0,0.0,0.0,0.0,0.0,0.0,0.0,0.0,1.0,1.0,,
hotpotqa,ms1_drop_mutual,pool10_ndcg5,10,5,copeland_hybrid,hybrid,ndcg,52,0.8513005863770803,0.8513005863770803,0.0,0.0,0.0,0,0,52,1.0,0.0,0.0,0.0,5a8c7595554299585d9e36b6,0.0,0.0,0.0,0.0,0.0,0.0,0.0,0.0,1.0,1.0,,
hotpotqa,ms1_drop_mutual,pool10_ndcg5,10,5,markov_graph,graph,ndcg,52,0.8770337138026499,0.8770337138026499,0.0,0.0,0.0,0,0,52,1.0,0.0,0.0,0.0,5a8c7595554299585d9e36b6,0.0,0.0,0.0,0.0,0.0,0.0,0.0,0.0,1.0,1.0,,
hotpotqa,ms1_drop_mutual,pool35_ndcg10,35,10,balance_graph,graph,ndcg,52,0.8640110493313338,0.8640110493313338,0.0,0.0,0.0,0,0,52,1.0,0.0,0.0,0.0,5a8c7595554299585d9e36b6,0.0,0.0,0.0,0.0,0.0,0.0,0.0,0.0,1.0,1.0,,
hotpotqa,ms1_drop_mutual,pool35_ndcg10,35,10,balance_hybrid,hybrid,ndcg,52,0.8664443748346927,0.8664443748346927,0.0,0.0,0.0,0,0,52,1.0,0.0,0.0,0.0,5a8c7595554299585d9e36b6,0.0,0.0,0.0,0.0,0.0,0.0,0.0,0.0,1.0,1.0,,
hotpotqa,ms1_drop_mutual,pool35_ndcg10,35,10,copeland_graph,graph,ndcg,52,0.8403169448358241,0.8403169448358241,0.0,0.0,0.0,0,0,52,1.0,0.0,0.0,0.0,5a8c7595554299585d9e36b6,0.0,0.0,0.0,0.0,0.0,0.0,0.0,0.0,1.0,1.0,,
hotpotqa,ms1_drop_mutual,pool35_ndcg10,35,10,copeland_hybrid,hybrid,ndcg,52,0.8606947482904697,0.8606947482904697,0.0,0.0,0.0,0,0,52,1.0,0.0,0.0,0.0,5a8c7595554299585d9e36b6,0.0,0.0,0.0,0.0,0.0,0.0,0.0,0.0,1.0,1.0,,
hotpotqa,ms1_drop_mutual,pool35_ndcg10,35,10,markov_graph,graph,ndcg,52,0.8371115535707823,0.8371115535707823,0.0,0.0,0.0,0,0,52,1.0,0.0,0.0,0.0,5a8c7595554299585d9e36b6,0.0,0.0,0.0,0.0,0.0,0.0,0.0,0.0,1.0,1.0,,
hotpotqa,ms1_drop_mutual,pool35_ndcg20,35,20,balance_graph,graph,ndcg,52,0.8732687094205414,0.8732687094205414,0.0,0.0,0.0,0,0,52,1.0,0.0,0.0,0.0,5a8c7595554299585d9e36b6,0.0,0.0,0.0,0.0,0.0,0.0,0.0,0.0,1.0,1.0,,
hotpotqa,ms1_drop_mutual,pool35_ndcg20,35,20,balance_hybrid,hybrid,ndcg,52,0.8726812956473674,0.8726812956473674,0.0,0.0,0.0,0,0,52,1.0,0.0,0.0,0.0,5a8c7595554299585d9e36b6,0.0,0.0,0.0,0.0,0.0,0.0,0.0,0.0,1.0,1.0,,
hotpotqa,ms1_drop_mutual,pool35_ndcg20,35,20,copeland_graph,graph,ndcg,52,0.8436060426063571,0.8436060426063571,0.0,0.0,0.0,0,0,52,1.0,0.0,0.0,0.0,5a8c7595554299585d9e36b6,0.0,0.0,0.0,0.0,0.0,0.0,0.0,0.0,1.0,1.0,,
hotpotqa,ms1_drop_mutual,pool35_ndcg20,35,20,copeland_hybrid,hybrid,ndcg,52,0.8636425713326112,0.8636425713326112,0.0,0.0,0.0,0,0,52,1.0,0.0,0.0,0.0,5a8c7595554299585d9e36b6,0.0,0.0,0.0,0.0,0.0,0.0,0.0,0.0,1.0,1.0,,
hotpotqa,ms1_drop_mutual,pool35_ndcg20,35,20,markov_graph,graph,ndcg,52,0.8510159847264032,0.8510159847264032,0.0,0.0,0.0,0,0,52,1.0,0.0,0.0,0.0,5a8c7595554299585d9e36b6,0.0,0.0,0.0,0.0,0.0,0.0,0.0,0.0,1.0,1.0,,
hotpotqa,ms1_drop_mutual,pool35_ndcg5,35,5,balance_graph,graph,ndcg,52,0.8490303373791286,0.8490303373791286,0.0,0.0,0.0,0,0,52,1.0,0.0,0.0,0.0,5a8c7595554299585d9e36b6,0.0,0.0,0.0,0.0,0.0,0.0,0.0,0.0,1.0,1.0,,
hotpotqa,ms1_drop_mutual,pool35_ndcg5,35,5,balance_hybrid,hybrid,ndcg,52,0.8421849853837345,0.8421849853837345,0.0,0.0,0.0,0,0,52,1.0,0.0,0.0,0.0,5a8c7595554299585d9e36b6,0.0,0.0,0.0,0.0,0.0,0.0,0.0,0.0,1.0,1.0,,
hotpotqa,ms1_drop_mutual,pool35_ndcg5,35,5,copeland_graph,graph,ndcg,52,0.8187175721074987,0.8187175721074987,0.0,0.0,0.0,0,0,52,1.0,0.0,0.0,0.0,5a8c7595554299585d9e36b6,0.0,0.0,0.0,0.0,0.0,0.0,0.0,0.0,1.0,1.0,,
hotpotqa,ms1_drop_mutual,pool35_ndcg5,35,5,copeland_hybrid,hybrid,ndcg,52,0.8330269110167413,0.8330269110167413,0.0,0.0,0.0,0,0,52,1.0,0.0,0.0,0.0,5a8c7595554299585d9e36b6,0.0,0.0,0.0,0.0,0.0,0.0,0.0,0.0,1.0,1.0,,
hotpotqa,ms1_drop_mutual,pool35_ndcg5,35,5,markov_graph,graph,ndcg,52,0.8289809798321927,0.8289809798321927,0.0,0.0,0.0,0,0,52,1.0,0.0,0.0,0.0,5a8c7595554299585d9e36b6,0.0,0.0,0.0,0.0,0.0,0.0,0.0,0.0,1.0,1.0,,
hotpotqa,ms2,pool10_ndcg5,10,5,balance_graph,graph,ndcg,52,0.864689761446945,0.864689761446945,0.0,0.0,0.0,0,0,52,1.0,0.0,0.0,0.0,5a8c7595554299585d9e36b6,0.0,0.0,0.0,0.0,0.0,0.0,0.0,0.0,1.0,1.0,,
hotpotqa,ms2,pool10_ndcg5,10,5,balance_hybrid,hybrid,ndcg,52,0.8592155040739778,0.8592155040739778,0.0,0.0,0.0,0,0,52,1.0,0.0,0.0,0.0,5a8c7595554299585d9e36b6,0.0,0.0,0.0,0.0,0.0,0.0,0.0,0.0,1.0,1.0,,
hotpotqa,ms2,pool10_ndcg5,10,5,copeland_graph,graph,ndcg,52,0.8378870553364478,0.8378870553364478,0.0,0.0,0.0,0,0,52,1.0,0.0,0.0,0.0,5a8c7595554299585d9e36b6,0.0,0.0,0.0,0.0,0.0,0.0,0.0,0.0,1.0,1.0,,
hotpotqa,ms2,pool10_ndcg5,10,5,copeland_hybrid,hybrid,ndcg,52,0.8592155040739778,0.8592155040739778,0.0,0.0,0.0,0,0,52,1.0,0.0,0.0,0.0,5a8c7595554299585d9e36b6,0.0,0.0,0.0,0.0,0.0,0.0,0.0,0.0,1.0,1.0,,
hotpotqa,ms2,pool10_ndcg5,10,5,markov_graph,graph,ndcg,52,0.8495035811781432,0.8495035811781432,0.0,0.0,0.0,0,0,52,1.0,0.0,0.0,0.0,5a8c7595554299585d9e36b6,0.0,0.0,0.0,0.0,0.0,0.0,0.0,0.0,1.0,1.0,,
hotpotqa,ms2,pool35_ndcg10,35,10,balance_graph,graph,ndcg,52,0.8571832568852018,0.8571832568852018,0.0,0.0,0.0,0,0,52,1.0,0.0,0.0,0.0,5a8c7595554299585d9e36b6,0.0,0.0,0.0,0.0,0.0,0.0,0.0,0.0,1.0,1.0,,
hotpotqa,ms2,pool35_ndcg10,35,10,balance_hybrid,hybrid,ndcg,52,0.8676231392531787,0.8676231392531787,0.0,0.0,0.0,0,0,52,1.0,0.0,0.0,0.0,5a8c7595554299585d9e36b6,0.0,0.0,0.0,0.0,0.0,0.0,0.0,0.0,1.0,1.0,,
hotpotqa,ms2,pool35_ndcg10,35,10,copeland_graph,graph,ndcg,52,0.8325502216309435,0.8325502216309435,0.0,0.0,0.0,0,0,52,1.0,0.0,0.0,0.0,5a8c7595554299585d9e36b6,0.0,0.0,0.0,0.0,0.0,0.0,0.0,0.0,1.0,1.0,,
hotpotqa,ms2,pool35_ndcg10,35,10,copeland_hybrid,hybrid,ndcg,52,0.8583091613673189,0.8583091613673189,0.0,0.0,0.0,0,0,52,1.0,0.0,0.0,0.0,5a8c7595554299585d9e36b6,0.0,0.0,0.0,0.0,0.0,0.0,0.0,0.0,1.0,1.0,,
hotpotqa,ms2,pool35_ndcg10,35,10,markov_graph,graph,ndcg,52,0.8268591242023897,0.8268591242023897,0.0,0.0,0.0,0,0,52,1.0,0.0,0.0,0.0,5a8c7595554299585d9e36b6,0.0,0.0,0.0,0.0,0.0,0.0,0.0,0.0,1.0,1.0,,
hotpotqa,ms2,pool35_ndcg20,35,20,balance_graph,graph,ndcg,52,0.8626872802746001,0.8626872802746001,0.0,0.0,0.0,0,0,52,1.0,0.0,0.0,0.0,5a8c7595554299585d9e36b6,0.0,0.0,0.0,0.0,0.0,0.0,0.0,0.0,1.0,1.0,,
hotpotqa,ms2,pool35_ndcg20,35,20,balance_hybrid,hybrid,ndcg,52,0.8738600600658534,0.8738600600658534,0.0,0.0,0.0,0,0,52,1.0,0.0,0.0,0.0,5a8c7595554299585d9e36b6,0.0,0.0,0.0,0.0,0.0,0.0,0.0,0.0,1.0,1.0,,
hotpotqa,ms2,pool35_ndcg20,35,20,copeland_graph,graph,ndcg,52,0.8414085918432667,0.8414085918432667,0.0,0.0,0.0,0,0,52,1.0,0.0,0.0,0.0,5a8c7595554299585d9e36b6,0.0,0.0,0.0,0.0,0.0,0.0,0.0,0.0,1.0,1.0,,
hotpotqa,ms2,pool35_ndcg20,35,20,copeland_hybrid,hybrid,ndcg,52,0.8672306086004695,0.8672306086004695,0.0,0.0,0.0,0,0,52,1.0,0.0,0.0,0.0,5a8c7595554299585d9e36b6,0.0,0.0,0.0,0.0,0.0,0.0,0.0,0.0,1.0,1.0,,
hotpotqa,ms2,pool35_ndcg20,35,20,markov_graph,graph,ndcg,52,0.8430066834252146,0.8430066834252146,0.0,0.0,0.0,0,0,52,1.0,0.0,0.0,0.0,5a8c7595554299585d9e36b6,0.0,0.0,0.0,0.0,0.0,0.0,0.0,0.0,1.0,1.0,,
hotpotqa,ms2,pool35_ndcg5,35,5,balance_graph,graph,ndcg,52,0.841932832640118,0.841932832640118,0.0,0.0,0.0,0,0,52,1.0,0.0,0.0,0.0,5a8c7595554299585d9e36b6,0.0,0.0,0.0,0.0,0.0,0.0,0.0,0.0,1.0,1.0,,
hotpotqa,ms2,pool35_ndcg5,35,5,balance_hybrid,hybrid,ndcg,52,0.8475638928179543,0.8475638928179543,0.0,0.0,0.0,0,0,52,1.0,0.0,0.0,0.0,5a8c7595554299585d9e36b6,0.0,0.0,0.0,0.0,0.0,0.0,0.0,0.0,1.0,1.0,,
hotpotqa,ms2,pool35_ndcg5,35,5,copeland_graph,graph,ndcg,52,0.8283500786152096,0.8283500786152096,0.0,0.0,0.0,0,0,52,1.0,0.0,0.0,0.0,5a8c7595554299585d9e36b6,0.0,0.0,0.0,0.0,0.0,0.0,0.0,0.0,1.0,1.0,,
hotpotqa,ms2,pool35_ndcg5,35,5,copeland_hybrid,hybrid,ndcg,52,0.8343610626246919,0.8343610626246919,0.0,0.0,0.0,0,0,52,1.0,0.0,0.0,0.0,5a8c7595554299585d9e36b6,0.0,0.0,0.0,0.0,0.0,0.0,0.0,0.0,1.0,1.0,,
hotpotqa,ms2,pool35_ndcg5,35,5,markov_graph,graph,ndcg,52,0.8268591242023897,0.8268591242023897,0.0,0.0,0.0,0,0,52,1.0,0.0,0.0,0.0,5a8c7595554299585d9e36b6,0.0,0.0,0.0,0.0,0.0,0.0,0.0,0.0,1.0,1.0,,
scidocs,ms1,pool20_ndcg10,20,10,balance_graph,graph,ndcg,120,0.27207909128815555,0.273353208408273,0.001274117120117383,0.0,0.03745506690034899,8,8,104,0.7223277672232776,-0.005239613572731158,0.008036910074435933,0.6341,de8e80d409aaaa3244da4f2cb5b5bb053d453cee,0.18457569677956817,-0.0002662322887855648,0.0,-0.015901702523261448,0.0,0.0,0.0,0.019012149236338927,1.0,1.0,1.0,1.0
scidocs,ms1,pool20_ndcg10,20,10,balance_hybrid,hybrid,ndcg,120,0.2996506545047017,0.299720564465946,6.990996124443654e-05,0.0,0.021190340509002377,3,5,112,0.9446055394460554,-0.0036581795094725333,0.00428643525830815,0.4798,de8e80d409aaaa3244da4f2cb5b5bb053d453cee,0.18457569677956817,-0.0014805588355482,0.0,0.0,0.0,0.0,0.0,0.0,1.0,1.0,1.0,1.0
scidocs,ms1,pool20_ndcg10,20,10,copeland_graph,graph,ndcg,120,0.2548641425035603,0.2700684591273899,0.015204316623829657,0.0,0.0953344487898397,31,16,73,0.08139186081391861,-0.0010427664655361937,0.03279967723861426,0.9643,7db20fcc1d71edc32c365f145148d24b9f1427a5,0.39564672360221187,0.012007321607204599,0.0,-0.0716178538946598,0.0,0.0,0.008817369637082045,0.13627142253497196,1.0,1.0,1.0,0.5024760681826553
scidocs,ms1,pool20_ndcg10,20,10,copeland_hybrid,hybrid,ndcg,120,0.29411653506172863,0.3053793683459611,0.011262833284232414,0.0,0.05853916348176691,23,9,88,0.032596740325967405,0.0015450107572202612,0.02242791905912729,0.9898,78495383450e02c5fe817e408726134b3084905d,0.36907024642854247,0.008256048299826447,0.0,-0.009109423457301388,0.0,0.0,0.0,0.06987123037286719,1.0,1.0,1.0,0.44728860447288604
scidocs,ms1,pool20_ndcg10,20,10,markov_graph,graph,ndcg,120,0.2699860687058024,0.27724738368816637,0.007261314982363953,0.0,0.0572966339420402,15,8,97,0.17988201179882013,-0.0023910487604102775,0.01815005047940057,0.9265,6519bf5580fcdcc9c50fd72c6c8dc5d040d443e8,0.36907024642854247,0.004220903793740604,0.0,-0.01786845654760455,0.0,0.0,0.0,0.1135533649202503,1.0,1.0,1.0,0.6589028597140286
scidocs,ms1,pool20_ndcg20,20,20,balance_graph,graph,ndcg,120,0.338330398395641,0.33656073615537496,-0.0017696622402660644,0.0,0.018530097022157545,12,18,90,0.31916808319168083,-0.005391005208895687,0.0013095295533694865,0.1431,0bf046038a555bc848030a28530f9836e5611b96,-0.13092975357145753,-0.0006842833215165562,0.0,-0.013637609043977131,0.0,0.0,0.0,0.008643152834012662,1.0,1.0,1.0,0.7083291670832916
scidocs,ms1,pool20_ndcg20,20,20,balance_hybrid,hybrid,ndcg,120,0.3573078046039135,0.35704328878266184,-0.0002645158212515708,0.0,0.00366534778107514,3,5,112,0.4864513548645136,-0.0009636399735797987,0.0003347085220359808,0.2113,9003fb79e7848ced3be975c3d87a9348a4b8d377,-0.026870409803294693,-4.0936880225998354e-05,0.0,0.0,0.0,0.0,0.0,0.0,1.0,1.0,1.0,0.8531762208394547
scidocs,ms1,pool20_ndcg20,20,20,copeland_graph,graph,ndcg,120,0.324824774075568,0.33586774276351955,0.011042968687951581,0.0,0.057017941059327,36,22,62,0.0201979802019798,0.001938604806440187,0.022288801991384118,0.992,958ebc7e24012b419316489515f2c2f908773bd5,0.3946049050949816,0.007819759138312676,0.0,-0.04387703313094845,0.0,0.0,0.011041952055485985,0.08053624936086762,1.0,1.0,1.0,0.370296303702963
scidocs,ms1,pool20_ndcg20,20,20,copeland_hybrid,hybrid,ndcg,120,0.35184977600140926,0.36037581410068126,0.008526038099271938,0.0,0.04356408376169472,30,10,80,0.011998800119988001,0.0018086563430457683,0.017274600486808924,0.9953,78495383450e02c5fe817e408726134b3084905d,0.36907024642854247,0.0054962548360007555,0.0,-0.008907684444742983,0.0,0.0,0.0005166234590925634,0.04089638234812131,1.0,0.9371062893710629,1.0,0.31236876312368766
scidocs,ms1,pool20_ndcg20,20,20,markov_graph,graph,ndcg,120,0.33490056395085593,0.3408290818091166,0.005928517858260695,0.0,0.040107448921922924,18,19,83,0.09449055094490551,0.00010750312542651138,0.014231080196290284,0.9793,6519bf5580fcdcc9c50fd72c6c8dc5d040d443e8,0.36907024642854247,0.0028769066938045458,0.0,-0.013604550916116587,0.0,0.0,0.0,0.02409838465321374,1.0,1.0,1.0,0.5196980301969802
scidocs,ms1,pool20_ndcg5,20,5,balance_graph,graph,ndcg,120,0.21376741031764102,0.21005026199929183,-0.0037171483183491808,0.0,0.027474791499336734,2,5,113,0.15028497150284972,-0.009267496077533481,0.00048494149586506506,0.0472,9003fb79e7848ced3be975c3d87a9348a4b8d377,-0.23719771276929624,-0.001755126768341222,0.0,0.0,0.0,0.0,0.0,0.0,1.0,1.0,1.0,0.6299714856100597
scidocs,ms1,pool20_ndcg5,20,5,balance_hybrid,hybrid,ndcg,120,0.2344594456086427,0.2342355255269486,-0.00022392008169412243,0.0,0.002442679707886892,0,1,119,1.0,-0.0006717602450823674,0.0,0.0,9003fb79e7848ced3be975c3d87a9348a4b8d377,-0.026870409803294693,0.0,0.0,0.0,0.0,0.0,0.0,0.0,1.0,1.0,1.0,1.0
scidocs,ms1,pool20_ndcg5,20,5,copeland_graph,graph,ndcg,120,0.1997313253853223,0.2076593712526503,0.007928045867327987,0.0,0.09735070169826449,16,9,95,0.38966103389661033,-0.00964283015812573,0.025708866255777663,0.8172,30c9a7660281ad8e4538ff9beb20282c74fac810,-0.43067655807339306,0.01161379884161976,0.0,-0.0450987353932392,0.0,0.0,0.0,0.11314719276545837,1.0,1.0,1.0,0.7793220677932207
scidocs,ms1,pool20_ndcg5,20,5,copeland_hybrid,hybrid,ndcg,120,0.22823122389502806,0.2383403791968314,0.010109155301803334,0.0,0.05526623153784929,13,2,105,0.0341965803419658,0.0015566990680631145,0.021076934985203077,0.9922,714c194a2fc326151b905270558aa137f9f22730,0.38685280723454163,0.006943242260351749,0.0,0.0,0.0,0.0,0.0,0.04509873539323913,1.0,1.0,1.0,0.44728860447288604
scidocs,ms1,pool20_ndcg5,20,5,markov_graph,graph,ndcg,120,0.20853911257222624,0.21802827361839322,0.009489161046167,0.0,0.05747534606398068,7,1,112,0.0685931406859314,0.0003729382749463673,0.020892368370723485,0.9805,ca464085b3da330f2ea895543a78c446a3af1bb6,0.38685280723454163,0.006318037968953767,0.0,0.0,0.0,0.0,0.0,0.027652163003636827,1.0,1.0,1.0,0.4873887611238876
scidocs,ms1,pool50_ndcg10,50,10,balance_graph,graph,ndcg,120,0.24739293054019573,0.24367442599511674,-0.003718504545078981,0.0,0.02862002813941111,3,10,107,0.16578342165783422,-0.009178439078672627,0.0010354765652375102,0.0678,7c88a0f765ce3c9025345cf133251cb947fe6ee5,-0.17723928678404777,-0.002260346711138067,0.0,-0.01208701083726552,0.0,0.0,0.0,0.0,1.0,1.0,1.0,0.6299714856100597
scidocs,ms1,pool50_ndcg10,50,10,balance_hybrid,hybrid,ndcg,120,0.25620914510585563,0.2579945884985967,0.0017854433927410101,0.0,0.013134032488349358,5,0,115,0.05909409059094091,7.44124681672916e-05,0.004526418847114204,0.994,fd65ca4e3ae95302f74bf863988cdb95d6a12824,0.13092975357145753,0.0007001970887181822,0.0,0.0,0.0,0.0,0.0,0.0,1.0,1.0,1.0,0.4873887611238876
scidocs,ms1,pool50_ndcg10,50,10,copeland_graph,graph,ndcg,120,0.2522722947233825,0.25168875862002077,-0.0005835361033617259,0.0,0.09637255667855148,22,19,79,0.9518048195180482,-0.018350899661848472,0.01648060191594288,0.478,a22e737d38a1bc671893a7ed341aba436571097a,-0.36907024642854247,0.0025129908741608024,0.0,-0.14521846488786583,0.0,0.0,0.0,0.1499712660744087,1.0,1.0,1.0,1.0
scidocs,ms1,pool50_ndcg10,50,10,copeland_hybrid,hybrid,ndcg,120,0.26010450577073246,0.2592218280061737,-0.0008826777645587655,0.0,0.03542115830015271,16,11,93,0.8018198180181981,-0.007528174146036374,0.005116851048694153,0.3984,6519bf5580fcdcc9c50fd72c6c8dc5d040d443e8,-0.22629438553091674,0.0010115382670913017,0.0,-0.016721281481726653,0.0,0.0,0.0,0.02119180864241418,1.0,1.0,1.0,1.0
scidocs,ms1,pool50_ndcg10,50,10,markov_graph,graph,ndcg,120,0.2632251508284542,0.26189455550490814,-0.0013305953235460794,0.0,0.036800448103508784,12,12,96,0.6959304069593041,-0.007918686611278876,0.005202533304917546,0.3455,065985d4d0854c51f52ad7a7507b267d9b88ab1c,0.19342640361727081,-0.0029672087600235326,0.0,-0.024619199442117864,0.0,0.0,0.0,0.027059170319455893,1.0,1.0,1.0,1.0
scidocs,ms1,pool50_ndcg20,50,20,balance_graph,graph,ndcg,120,0.3025231122925452,0.305292429738286,0.0027693174457407103,0.0,0.020468328689912843,13,19,88,0.20837916208379162,-0.0003618095642724415,0.006796797936496907,0.9537,19115f66f6ac1c02568bbb38eceedfa3521a8cc2,0.14186890186599413,0.001600413374982278,0.0,-0.007349020465250719,0.0,0.0,0.0,0.00845945680456091,1.0,1.0,1.0,0.6629762555659328
scidocs,ms1,pool50_ndcg20,50,20,balance_hybrid,hybrid,ndcg,120,0.30516652376647607,0.3070003340980066,0.0018338103315305551,0.0,0.013133599733094487,7,0,113,0.014198580141985802,0.00013554921812996187,0.004555069835763234,0.9994,fd65ca4e3ae95302f74bf863988cdb95d6a12824,0.13092975357145753,0.0007489704723715049,0.0,0.0,0.0,0.0,0.0,0.001837355019784924,1.0,0.9371062893710629,1.0,0.31236876312368766
scidocs,ms1,pool50_ndcg20,50,20,copeland_graph,graph,ndcg,120,0.31431023501019817,0.3080482931064002,-0.0062619419037979514,0.0,0.0763168212444041,32,27,61,0.3798620137986201,-0.02075819076585442,0.006466297960941481,0.1864,a22e737d38a1bc671893a7ed341aba436571097a,-0.36907024642854247,-0.003213132622077409,0.0,-0.13554732856261312,0.0,0.0,0.004574575834241729,0.07952729153195087,1.0,1.0,1.0,0.7737929910712632
scidocs,ms1,pool50_ndcg20,50,20,copeland_hybrid,hybrid,ndcg,120,0.30826747342487176,0.30827952686436016,1.2053439488391229e-05,0.0,0.030335232226031978,24,15,81,0.9951004899510049,-0.005704761113421294,0.005091539291833706,0.5248,6519bf5580fcdcc9c50fd72c6c8dc5d040d443e8,-0.22629438553091674,0.0019137882207522997,0.0,-0.019012156220407306,0.0,0.0,0.0,0.02119180864241418,1.0,1.0,1.0,1.0
scidocs,ms1,pool50_ndcg20,50,20,markov_graph,graph,ndcg,120,0.3113853588782413,0.3094705757899277,-0.0019147830883136428,0.0,0.029614120272834638,16,24,80,0.48455154484551544,-0.007323450539660379,0.0033272730871156957,0.237,26ebc1b9e21db68d5abf01acd2a0c38d260c65a1,-0.14186890186599416,-0.0007386980565684284,0.0,-0.029295403730217492,0.0,0.0,0.0,0.018295036243616343,1.0,1.0,1.0,0.8531762208394547
scidocs,ms1,pool50_ndcg5,50,5,balance_graph,graph,ndcg,120,0.1898333628887676,0.19288972074358585,0.0030563578548182826,0.0,0.03963202210384879,2,1,117,0.7476252374762524,-0.0025169936371300873,0.011469181217116781,0.7431,3be10c45163c61dfb9f250412699b3f8cb0ada1d,0.38685280723454163,-0.00016882239207014884,0.0,0.0,0.0,0.0,0.0,0.0,1.0,1.0,1.0,1.0
scidocs,ms1,pool50_ndcg5,50,5,balance_hybrid,hybrid,ndcg,120,0.2032849676458219,0.2048880701585381,0.0016031025127162045,0.0,0.013105149925846195,2,0,118,0.49465053494650535,0.0,0.004297286305194555,0.8614,fd65ca4e3ae95302f74bf863988cdb95d6a12824,0.13092975357145753,0.0005163239323906471,0.0,0.0,0.0,0.0,0.0,0.0,1.0,1.0,1.0,0.8531762208394547
scidocs,ms1,pool50_ndcg5,50,5,copeland_graph,graph,ndcg,120,0.1958004380683253,0.19475789955647563,-0.001042538511849673,0.0,0.0870922800097762,12,7,101,0.8986101389861014,-0.017286005865528482,0.014418843416605813,0.4552,73d54af530d22599cc76b9785ae0a663cc694df2,0.38685280723454163,-0.004302163266021028,0.0,-0.03307787022452017,0.0,0.0,0.0,0.09583609011766876,1.0,1.0,1.0,1.0
scidocs,ms1,pool50_ndcg5,50,5,copeland_hybrid,hybrid,ndcg,120,0.2071652257030441,0.20664784085120655,-0.0005173848518376101,0.0,0.03306875411354927,5,4,111,0.8648135186481352,-0.006721109022382815,0.005043890240254362,0.4485,6519bf5580fcdcc9c50fd72c6c8dc5d040d443e8,-0.22629438553091674,0.0013799008681546516,0.0,0.0,0.0,0.0,0.0,0.0,1.0,1.0,1.0,1.0
scidocs,ms1,pool50_ndcg5,50,5,markov_graph,graph,ndcg,120,0.21726799880998093,0.21837943174438415,0.0011114329344031973,0.0,0.05367358931778157,5,5,110,0.8297170282971703,-0.008052414688479755,0.011312415696375519,0.5816,3be10c45163c61dfb9f250412699b3f8cb0ada1d,0.38685280723454163,-0.0021300912193794783,0.0,0.0,0.0,0.0,0.0,0.0,1.0,1.0,1.0,1.0
scidocs,ms1_drop_mutual,pool20_ndcg10,20,10,balance_graph,graph,ndcg,120,0.2669880035088955,0.2669880035088955,0.0,0.0,0.0,0,0,120,1.0,0.0,0.0,0.0,78495383450e02c5fe817e408726134b3084905d,0.0,0.0,0.0,0.0,0.0,0.0,0.0,0.0,1.0,1.0,,
scidocs,ms1_drop_mutual,pool20_ndcg10,20,10,balance_hybrid,hybrid,ndcg,120,0.2928241495533438,0.2928241495533438,0.0,0.0,0.0,0,0,120,1.0,0.0,0.0,0.0,78495383450e02c5fe817e408726134b3084905d,0.0,0.0,0.0,0.0,0.0,0.0,0.0,0.0,1.0,1.0,,
scidocs,ms1_drop_mutual,pool20_ndcg10,20,10,copeland_graph,graph,ndcg,120,0.2564751623309594,0.2570528576803478,0.0005776953493883912,0.0,0.0063019122564418545,1,0,119,1.0,0.0,0.0017330860481651737,0.6287,30c9a7660281ad8e4538ff9beb20282c74fac810,0.06932344192660694,0.0,0.0,0.0,0.0,0.0,0.0,0.0,1.0,1.0,,
scidocs,ms1_drop_mutual,pool20_ndcg10,20,10,copeland_hybrid,hybrid,ndcg,120,0.2926602558583094,0.2926602558583094,0.0,0.0,0.0,0,0,120,1.0,0.0,0.0,0.0,78495383450e02c5fe817e408726134b3084905d,0.0,0.0,0.0,0.0,0.0,0.0,0.0,0.0,1.0,1.0,,
scidocs,ms1_drop_mutual,pool20_ndcg10,20,10,markov_graph,graph,ndcg,120,0.26678452570406164,0.26678452570406164,0.0,0.0,0.0,0,0,120,1.0,0.0,0.0,0.0,78495383450e02c5fe817e408726134b3084905d,0.0,0.0,0.0,0.0,0.0,0.0,0.0,0.0,1.0,1.0,,
scidocs,ms1_drop_mutual,pool20_ndcg20,20,20,balance_graph,graph,ndcg,120,0.3331174306476444,0.3331174306476444,0.0,0.0,0.0,0,0,120,1.0,0.0,0.0,0.0,78495383450e02c5fe817e408726134b3084905d,0.0,0.0,0.0,0.0,0.0,0.0,0.0,0.0,1.0,1.0,,
scidocs,ms1_drop_mutual,pool20_ndcg20,20,20,balance_hybrid,hybrid,ndcg,120,0.35048362957954876,0.35048362957954876,0.0,0.0,0.0,0,0,120,1.0,0.0,0.0,0.0,78495383450e02c5fe817e408726134b3084905d,0.0,0.0,0.0,0.0,0.0,0.0,0.0,0.0,1.0,1.0,,
scidocs,ms1_drop_mutual,pool20_ndcg20,20,20,copeland_graph,graph,ndcg,120,0.3253026923246813,0.3258803876740697,0.0005776953493883912,0.0,0.0063019122564418545,1,0,119,1.0,0.0,0.0017330860481651737,0.6287,30c9a7660281ad8e4538ff9beb20282c74fac810,0.06932344192660694,0.0,0.0,0.0,0.0,0.0,0.0,0.0,1.0,1.0,,
scidocs,ms1_drop_mutual,pool20_ndcg20,20,20,copeland_hybrid,hybrid,ndcg,120,0.35039096036445516,0.35039096036445516,0.0,0.0,0.0,0,0,120,1.0,0.0,0.0,0.0,78495383450e02c5fe817e408726134b3084905d,0.0,0.0,0.0,0.0,0.0,0.0,0.0,0.0,1.0,1.0,,
scidocs,ms1_drop_mutual,pool20_ndcg20,20,20,markov_graph,graph,ndcg,120,0.332924340985898,0.332924340985898,0.0,0.0,0.0,0,0,120,1.0,0.0,0.0,0.0,78495383450e02c5fe817e408726134b3084905d,0.0,0.0,0.0,0.0,0.0,0.0,0.0,0.0,1.0,1.0,,
scidocs,ms1_drop_mutual,pool20_ndcg5,20,5,balance_graph,graph,ndcg,120,0.21266001495430528,0.21266001495430528,0.0,0.0,0.0,0,0,120,1.0,0.0,0.0,0.0,78495383450e02c5fe817e408726134b3084905d,0.0,0.0,0.0,0.0,0.0,0.0,0.0,0.0,1.0,1.0,,
scidocs,ms1_drop_mutual,pool20_ndcg5,20,5,balance_hybrid,hybrid,ndcg,120,0.22618343922170622,0.22618343922170622,0.0,0.0,0.0,0,0,120,1.0,0.0,0.0,0.0,78495383450e02c5fe817e408726134b3084905d,0.0,0.0,0.0,0.0,0.0,0.0,0.0,0.0,1.0,1.0,,
scidocs,ms1_drop_mutual,pool20_ndcg5,20,5,copeland_graph,graph,ndcg,120,0.19907491826114346,0.19965261361053183,0.0005776953493883912,0.0,0.0063019122564418545,1,0,119,1.0,0.0,0.0017330860481651737,0.6287,30c9a7660281ad8e4538ff9beb20282c74fac810,0.06932344192660694,0.0,0.0,0.0,0.0,0.0,0.0,0.0,1.0,1.0,,
scidocs,ms1_drop_mutual,pool20_ndcg5,20,5,copeland_hybrid,hybrid,ndcg,120,0.22677494469160883,0.22677494469160883,0.0,0.0,0.0,0,0,120,1.0,0.0,0.0,0.0,78495383450e02c5fe817e408726134b3084905d,0.0,0.0,0.0,0.0,0.0,0.0,0.0,0.0,1.0,1.0,,
scidocs,ms1_drop_mutual,pool20_ndcg5,20,5,markov_graph,graph,ndcg,120,0.20891519280627,0.20891519280627,0.0,0.0,0.0,0,0,120,1.0,0.0,0.0,0.0,78495383450e02c5fe817e408726134b3084905d,0.0,0.0,0.0,0.0,0.0,0.0,0.0,0.0,1.0,1.0,,
scidocs,ms1_drop_mutual,pool50_ndcg10,50,10,balance_graph,graph,ndcg,120,0.2465809833000391,0.24639838340051887,-0.00018259989952025476,0.0,0.0014025764417612398,0,2,118,0.5046495350464953,-0.000456499748800637,0.0,0.0,232427099d4a8acf1dc29efc852f09c5964e6165,-0.0109559939712153,-9.206717622869976e-05,0.0,0.0,0.0,0.0,0.0,0.0,1.0,1.0,,
scidocs,ms1_drop_mutual,pool50_ndcg10,50,10,balance_hybrid,hybrid,ndcg,120,0.2551573504099758,0.2550404750830618,-0.00011687532691398393,0.0,0.0012749592946085858,0,1,119,1.0,-0.00035062598074195176,0.0,0.0,065985d4d0854c51f52ad7a7507b267d9b88ab1c,-0.014025039229678071,0.0,0.0,0.0,0.0,0.0,0.0,0.0,1.0,1.0,,
scidocs,ms1_drop_mutual,pool50_ndcg10,50,10,copeland_graph,graph,ndcg,120,0.2522722947233825,0.24921125231128116,-0.0030610424121013243,0.0,0.04703864052031152,8,7,105,0.5065493450654934,-0.012460087726936063,0.004294462410069432,0.2573,a22e737d38a1bc671893a7ed341aba436571097a,-0.36907024642854247,1.4665184675492525e-05,0.0,-0.005017770881910574,0.0,0.0,0.0,0.004776114368272456,1.0,1.0,,
scidocs,ms1_drop_mutual,pool50_ndcg10,50,10,copeland_hybrid,hybrid,ndcg,120,0.26010450577073246,0.25852547832378325,-0.0015790274469491847,0.0,0.013727876763018102,3,6,111,0.22997700229977003,-0.004363871495857574,0.00023764728673826156,0.0713,a9d7e7e918a68d1b95c6c6b29f7fabbbe01010f7,-0.14126697285982898,-0.00040517916616868214,0.0,-0.00041926432623264195,0.0,0.0,0.0,0.0,1.0,1.0,,
scidocs,ms1_drop_mutual,pool50_ndcg10,50,10,markov_graph,graph,ndcg,120,0.26114444509956936,0.26208501402952655,0.0009405689299572308,0.0,0.023336274130561743,4,1,115,0.7506249375062494,-0.003251212339917824,0.005065356652131728,0.687,232427099d4a8acf1dc29efc852f09c5964e6165,-0.17723928678404774,0.0024378786418396254,0.0,0.0,0.0,0.0,0.0,0.0,1.0,1.0,,
scidocs,ms1_drop_mutual,pool50_ndcg20,50,20,balance_graph,graph,ndcg,120,0.3044309222509774,0.30425533576204805,-0.00017558648892931282,0.0,0.0015540235568763272,2,4,114,0.31216878312168783,-0.000480315482400179,6.564237243671517e-05,0.0974,232427099d4a8acf1dc29efc852f09c5964e6165,-0.0109559939712153,-8.499482941430451e-05,0.0,0.0,0.0,0.0,0.0,0.0,1.0,1.0,,
scidocs,ms1_drop_mutual,pool50_ndcg20,50,20,balance_hybrid,hybrid,ndcg,120,0.3052806624729757,0.30518523512697915,-9.542734599649605e-05,0.0,0.0012981820260805378,1,1,118,1.0,-0.00035062598074195176,6.434394275246364e-05,0.234,065985d4d0854c51f52ad7a7507b267d9b88ab1c,-0.014025039229678071,2.162821605124828e-05,0.0,0.0,0.0,0.0,0.0,0.0,1.0,1.0,,
scidocs,ms1_drop_mutual,pool50_ndcg20,50,20,copeland_graph,graph,ndcg,120,0.3144355598329195,0.3116995677120611,-0.0027359921208584006,0.0,0.038132061101548806,17,10,93,0.5791420857914209,-0.010339604581326078,0.002731609626409136,0.2335,a22e737d38a1bc671893a7ed341aba436571097a,-0.36907024642854247,0.00034244699097087713,0.0,-0.00747568352908231,0.0,0.0,0.0,0.011535219613107717,1.0,1.0,,
scidocs,ms1_drop_mutual,pool50_ndcg20,50,20,copeland_hybrid,hybrid,ndcg,120,0.3083355875295416,0.3066697820189815,-0.001665805510560079,0.0,0.013831031420127341,5,8,107,0.17628237176282371,-0.004460907665499822,0.0001602157561915033,0.056,065985d4d0854c51f52ad7a7507b267d9b88ab1c,-0.14186890186599418,-0.0004876282302623134,0.0,-0.00840855754030525,0.0,0.0,0.0,0.0,1.0,1.0,,
scidocs,ms1_drop_mutual,pool50_ndcg20,50,20,markov_graph,graph,ndcg,120,0.30728809817120073,0.30880749376890454,0.0015193955977038274,0.0,0.014555019251087245,8,4,108,0.18398160183981602,-9.271786580734444e-05,0.0043651239839269254,0.9419,129397ed6557da93db5ba18cf112ee7b0a7927d8,0.15838564981588246,0.0002011917807443431,0.0,0.0,0.0,0.0,0.0,0.0018306753670298693,1.0,1.0,,
scidocs,ms1_drop_mutual,pool50_ndcg5,50,5,balance_graph,graph,ndcg,120,0.18844984097334191,0.18844984097334191,0.0,0.0,0.0,0,0,120,1.0,0.0,0.0,0.0,78495383450e02c5fe817e408726134b3084905d,0.0,0.0,0.0,0.0,0.0,0.0,0.0,0.0,1.0,1.0,,
scidocs,ms1_drop_mutual,pool50_ndcg5,50,5,balance_hybrid,hybrid,ndcg,120,0.20468026083925056,0.20468026083925056,0.0,0.0,0.0,0,0,120,1.0,0.0,0.0,0.0,78495383450e02c5fe817e408726134b3084905d,0.0,0.0,0.0,0.0,0.0,0.0,0.0,0.0,1.0,1.0,,
scidocs,ms1_drop_mutual,pool50_ndcg5,50,5,copeland_graph,graph,ndcg,120,0.1958004380683253,0.19124243578116165,-0.004558002287163687,0.0,0.03619953321862031,0,3,117,0.25477452254774524,-0.011967669879537771,0.0,0.0,a22e737d38a1bc671893a7ed341aba436571097a,-0.36907024642854247,-0.0014948741851352934,0.0,0.0,0.0,0.0,0.0,0.0,1.0,1.0,,
scidocs,ms1_drop_mutual,pool50_ndcg5,50,5,copeland_hybrid,hybrid,ndcg,120,0.2071652257030441,0.2069651489520159,-0.00020007675102823308,0.0,0.01869434292941788,1,2,117,1.0,-0.003480203688836778,0.0034102925320380357,0.4073,7db20fcc1d71edc32c365f145148d24b9f1427a5,0.15101961822780524,-0.0014708304903461615,0.0,0.0,0.0,0.0,0.0,0.0,1.0,1.0,,
scidocs,ms1_drop_mutual,pool50_ndcg5,50,5,markov_graph,graph,ndcg,120,0.21312606811123977,0.21510271571765058,0.001976647606410802,0.0,0.0215626796904192,1,0,119,1.0,0.0,0.0059299428192324056,0.6399,129397ed6557da93db5ba18cf112ee7b0a7927d8,0.23719771276929622,0.0,0.0,0.0,0.0,0.0,0.0,0.0,1.0,1.0,,
scidocs,ms2,pool20_ndcg10,20,10,balance_graph,graph,ndcg,120,0.2720058962934677,0.2720058962934677,0.0,0.0,0.0,0,0,120,1.0,0.0,0.0,0.0,78495383450e02c5fe817e408726134b3084905d,0.0,0.0,0.0,0.0,0.0,0.0,0.0,0.0,1.0,1.0,,
scidocs,ms2,pool20_ndcg10,20,10,balance_hybrid,hybrid,ndcg,120,0.30018978665166984,0.30018978665166984,0.0,0.0,0.0,0,0,120,1.0,0.0,0.0,0.0,78495383450e02c5fe817e408726134b3084905d,0.0,0.0,0.0,0.0,0.0,0.0,0.0,0.0,1.0,1.0,,
scidocs,ms2,pool20_ndcg10,20,10,copeland_graph,graph,ndcg,120,0.28613795792828284,0.28613795792828284,0.0,0.0,0.0,0,0,120,1.0,0.0,0.0,0.0,78495383450e02c5fe817e408726134b3084905d,0.0,0.0,0.0,0.0,0.0,0.0,0.0,0.0,1.0,1.0,,
scidocs,ms2,pool20_ndcg10,20,10,copeland_hybrid,hybrid,ndcg,120,0.3040763314174035,0.3040763314174035,0.0,0.0,0.0,0,0,120,1.0,0.0,0.0,0.0,78495383450e02c5fe817e408726134b3084905d,0.0,0.0,0.0,0.0,0.0,0.0,0.0,0.0,1.0,1.0,,
scidocs,ms2,pool20_ndcg10,20,10,markov_graph,graph,ndcg,120,0.260785355589895,0.260785355589895,0.0,0.0,0.0,0,0,120,1.0,0.0,0.0,0.0,78495383450e02c5fe817e408726134b3084905d,0.0,0.0,0.0,0.0,0.0,0.0,0.0,0.0,1.0,1.0,,
scidocs,ms2,pool20_ndcg20,20,20,balance_graph,graph,ndcg,120,0.3388332688469356,0.3388332688469356,0.0,0.0,0.0,0,0,120,1.0,0.0,0.0,0.0,78495383450e02c5fe817e408726134b3084905d,0.0,0.0,0.0,0.0,0.0,0.0,0.0,0.0,1.0,1.0,,
scidocs,ms2,pool20_ndcg20,20,20,balance_hybrid,hybrid,ndcg,120,0.3573734600088005,0.3573734600088005,0.0,0.0,0.0,0,0,120,1.0,0.0,0.0,0.0,78495383450e02c5fe817e408726134b3084905d,0.0,0.0,0.0,0.0,0.0,0.0,0.0,0.0,1.0,1.0,,
scidocs,ms2,pool20_ndcg20,20,20,copeland_graph,graph,ndcg,120,0.348193435294976,0.348193435294976,0.0,0.0,0.0,0,0,120,1.0,0.0,0.0,0.0,78495383450e02c5fe817e408726134b3084905d,0.0,0.0,0.0,0.0,0.0,0.0,0.0,0.0,1.0,1.0,,
scidocs,ms2,pool20_ndcg20,20,20,copeland_hybrid,hybrid,ndcg,120,0.35820823025712933,0.35820823025712933,0.0,0.0,0.0,0,0,120,1.0,0.0,0.0,0.0,78495383450e02c5fe817e408726134b3084905d,0.0,0.0,0.0,0.0,0.0,0.0,0.0,0.0,1.0,1.0,,
scidocs,ms2,pool20_ndcg20,20,20,markov_graph,graph,ndcg,120,0.3334988197599261,0.3334988197599261,0.0,0.0,0.0,0,0,120,1.0,0.0,0.0,0.0,78495383450e02c5fe817e408726134b3084905d,0.0,0.0,0.0,0.0,0.0,0.0,0.0,0.0,1.0,1.0,,
scidocs,ms2,pool20_ndcg5,20,5,balance_graph,graph,ndcg,120,0.21766595652909662,0.21766595652909662,0.0,0.0,0.0,0,0,120,1.0,0.0,0.0,0.0,78495383450e02c5fe817e408726134b3084905d,0.0,0.0,0.0,0.0,0.0,0.0,0.0,0.0,1.0,1.0,,
scidocs,ms2,pool20_ndcg5,20,5,balance_hybrid,hybrid,ndcg,120,0.23590473917015597,0.23590473917015597,0.0,0.0,0.0,0,0,120,1.0,0.0,0.0,0.0,78495383450e02c5fe817e408726134b3084905d,0.0,0.0,0.0,0.0,0.0,0.0,0.0,0.0,1.0,1.0,,
scidocs,ms2,pool20_ndcg5,20,5,copeland_graph,graph,ndcg,120,0.22797851368246272,0.22797851368246272,0.0,0.0,0.0,0,0,120,1.0,0.0,0.0,0.0,78495383450e02c5fe817e408726134b3084905d,0.0,0.0,0.0,0.0,0.0,0.0,0.0,0.0,1.0,1.0,,
scidocs,ms2,pool20_ndcg5,20,5,copeland_hybrid,hybrid,ndcg,120,0.2354434384950056,0.2354434384950056,0.0,0.0,0.0,0,0,120,1.0,0.0,0.0,0.0,78495383450e02c5fe817e408726134b3084905d,0.0,0.0,0.0,0.0,0.0,0.0,0.0,0.0,1.0,1.0,,
scidocs,ms2,pool20_ndcg5,20,5,markov_graph,graph,ndcg,120,0.21542281070276292,0.21542281070276292,0.0,0.0,0.0,0,0,120,1.0,0.0,0.0,0.0,78495383450e02c5fe817e408726134b3084905d,0.0,0.0,0.0,0.0,0.0,0.0,0.0,0.0,1.0,1.0,,
scidocs,ms2,pool50_ndcg10,50,10,balance_graph,graph,ndcg,120,0.24258242433815766,0.24258242433815766,0.0,0.0,0.0,0,0,120,1.0,0.0,0.0,0.0,78495383450e02c5fe817e408726134b3084905d,0.0,0.0,0.0,0.0,0.0,0.0,0.0,0.0,1.0,1.0,,
scidocs,ms2,pool50_ndcg10,50,10,balance_hybrid,hybrid,ndcg,120,0.25951905723092594,0.25951905723092594,0.0,0.0,0.0,0,0,120,1.0,0.0,0.0,0.0,78495383450e02c5fe817e408726134b3084905d,0.0,0.0,0.0,0.0,0.0,0.0,0.0,0.0,1.0,1.0,,
scidocs,ms2,pool50_ndcg10,50,10,copeland_graph,graph,ndcg,120,0.25038757116980853,0.25038757116980853,0.0,0.0,0.0,0,0,120,1.0,0.0,0.0,0.0,78495383450e02c5fe817e408726134b3084905d,0.0,0.0,0.0,0.0,0.0,0.0,0.0,0.0,1.0,1.0,,
scidocs,ms2,pool50_ndcg10,50,10,copeland_hybrid,hybrid,ndcg,120,0.264416877224675,0.264416877224675,0.0,0.0,0.0,0,0,120,1.0,0.0,0.0,0.0,78495383450e02c5fe817e408726134b3084905d,0.0,0.0,0.0,0.0,0.0,0.0,0.0,0.0,1.0,1.0,,
scidocs,ms2,pool50_ndcg10,50,10,markov_graph,graph,ndcg,120,0.23257634923609097,0.23257634923609097,0.0,0.0,0.0,0,0,120,1.0,0.0,0.0,0.0,78495383450e02c5fe817e408726134b3084905d,0.0,0.0,0.0,0.0,0.0,0.0,0.0,0.0,1.0,1.0,,
scidocs,ms2,pool50_ndcg20,50,20,balance_graph,graph,ndcg,120,0.2934727525240634,0.2934727525240634,0.0,0.0,0.0,0,0,120,1.0,0.0,0.0,0.0,78495383450e02c5fe817e408726134b3084905d,0.0,0.0,0.0,0.0,0.0,0.0,0.0,0.0,1.0,1.0,,
scidocs,ms2,pool50_ndcg20,50,20,balance_hybrid,hybrid,ndcg,120,0.30711643981042475,0.30711643981042475,0.0,0.0,0.0,0,0,120,1.0,0.0,0.0,0.0,78495383450e02c5fe817e408726134b3084905d,0.0,0.0,0.0,0.0,0.0,0.0,0.0,0.0,1.0,1.0,,
scidocs,ms2,pool50_ndcg20,50,20,copeland_graph,graph,ndcg,120,0.30173807274025854,0.30173807274025854,0.0,0.0,0.0,0,0,120,1.0,0.0,0.0,0.0,78495383450e02c5fe817e408726134b3084905d,0.0,0.0,0.0,0.0,0.0,0.0,0.0,0.0,1.0,1.0,,
scidocs,ms2,pool50_ndcg20,50,20,copeland_hybrid,hybrid,ndcg,120,0.3074825586379518,0.3074825586379518,0.0,0.0,0.0,0,0,120,1.0,0.0,0.0,0.0,78495383450e02c5fe817e408726134b3084905d,0.0,0.0,0.0,0.0,0.0,0.0,0.0,0.0,1.0,1.0,,
scidocs,ms2,pool50_ndcg20,50,20,markov_graph,graph,ndcg,120,0.2842778440245688,0.2842778440245688,0.0,0.0,0.0,0,0,120,1.0,0.0,0.0,0.0,78495383450e02c5fe817e408726134b3084905d,0.0,0.0,0.0,0.0,0.0,0.0,0.0,0.0,1.0,1.0,,
scidocs,ms2,pool50_ndcg5,50,5,balance_graph,graph,ndcg,120,0.18021706644269683,0.18021706644269683,0.0,0.0,0.0,0,0,120,1.0,0.0,0.0,0.0,78495383450e02c5fe817e408726134b3084905d,0.0,0.0,0.0,0.0,0.0,0.0,0.0,0.0,1.0,1.0,,
scidocs,ms2,pool50_ndcg5,50,5,balance_hybrid,hybrid,ndcg,120,0.2092374694748537,0.2092374694748537,0.0,0.0,0.0,0,0,120,1.0,0.0,0.0,0.0,78495383450e02c5fe817e408726134b3084905d,0.0,0.0,0.0,0.0,0.0,0.0,0.0,0.0,1.0,1.0,,
scidocs,ms2,pool50_ndcg5,50,5,copeland_graph,graph,ndcg,120,0.18771409261976651,0.18771409261976651,0.0,0.0,0.0,0,0,120,1.0,0.0,0.0,0.0,78495383450e02c5fe817e408726134b3084905d,0.0,0.0,0.0,0.0,0.0,0.0,0.0,0.0,1.0,1.0,,
scidocs,ms2,pool50_ndcg5,50,5,copeland_hybrid,hybrid,ndcg,120,0.21236257364096592,0.21236257364096592,0.0,0.0,0.0,0,0,120,1.0,0.0,0.0,0.0,78495383450e02c5fe817e408726134b3084905d,0.0,0.0,0.0,0.0,0.0,0.0,0.0,0.0,1.0,1.0,,
scidocs,ms2,pool50_ndcg5,50,5,markov_graph,graph,ndcg,120,0.19013190089679435,0.19013190089679435,0.0,0.0,0.0,0,0,120,1.0,0.0,0.0,0.0,78495383450e02c5fe817e408726134b3084905d,0.0,0.0,0.0,0.0,0.0,0.0,0.0,0.0,1.0,1.0,,
bright,ms1,pool20_ndcg10,20,10,balance_graph,graph,map,50,0.4741239134542705,0.4746762944066515,0.0005523809523809531,0.0,0.027020606315270923,8,5,37,0.8905109489051095,-0.007251355820105817,0.008023300264550266,0.5616,biology:43,-0.1111111111111111,0.0028312277291869135,0.0,-0.03854166666666667,0.0,0.0,0.0,0.02775000000000001,,,,
bright,ms1,pool20_ndcg10,20,10,balance_hybrid,hybrid,map,50,0.5039645880574453,0.49633980851599907,-0.007624779541446209,0.0,0.039101844672523665,2,5,43,0.23737626237376264,-0.020607054673721346,0.0004883487654320955,0.0573,biology:49,-0.25,-0.002678346470863479,0.0,-0.01708333333333337,0.0,0.0,0.0,0.0,,,,
bright,ms1,pool20_ndcg10,20,10,copeland_graph,graph,map,50,0.475650037792895,0.463887427563618,-0.011762610229276903,0.0,0.11437488482292253,14,12,24,0.49165083491650835,-0.04597594576719576,0.016992988315696633,0.2539,biology:36,-0.5083333333333333,-0.001628513839398199,0.0,-0.18749999999999997,0.0,0.0,0.014781746031746024,0.13919642857142836,,,,
bright,ms1,pool20_ndcg10,20,10,copeland_hybrid,hybrid,map,50,0.4871193499622071,0.4911480095742,0.004028659611992946,0.0,0.0835378884840748,9,9,32,0.7888211178882112,-0.01661114417989418,0.029829398148148147,0.5942,biology:40,0.5,-0.006093204477558218,0.0,-0.050115740740740725,0.0,0.0,0.0,0.02726190476190469,,,,
bright,ms1,pool20_ndcg10,20,10,markov_graph,graph,map,50,0.4610505291005291,0.44873082010582016,-0.012319708994709005,0.0,0.04997218118379219,5,10,35,0.09219078092190781,-0.027620168650793663,0.00021581679894178965,0.0274,biology:27,-0.25,-0.007469090810927555,0.0,-0.10000000000000002,0.0,0.0,0.0,0.027496031746031584,,,,
bright,ms1,pool20_ndcg20,20,20,balance_graph,graph,map,50,0.5155816782986453,0.5175761871122718,0.0019945088136264656,0.0,0.014437871347899851,10,8,32,0.3381661833816618,-0.002037132271323446,0.006037002399833284,0.8377,biology:11,0.04999999999999993,0.0010148049118637419,0.0,-0.01714882339882335,0.0,0.0,0.0,0.02500000000000001,,,,
bright,ms1,pool20_ndcg20,20,20,balance_hybrid,hybrid,map,50,0.5397306707879242,0.5318836690242558,-0.007847001763668435,0.0,0.03908945150514749,2,6,42,0.17268273172682733,-0.02080012125220459,0.00029188712522045744,0.0417,biology:49,-0.25,-0.0029051038404779954,0.0,-0.0172222222222223,0.0,0.0,0.0,0.0,,,,
bright,ms1,pool20_ndcg20,20,20,copeland_graph,graph,map,50,0.5171320131761862,0.5078813841574198,-0.009250629018766278,0.0,0.11082984007121158,19,13,18,0.5762423757624238,-0.0425757697644585,0.01846445880463036,0.3029,biology:36,-0.5083333333333333,0.0009347322937759029,0.0,-0.1771022727272727,-0.0018887362637362778,0.0,0.02264610389610376,0.09136308136308122,,,,
bright,ms1,pool20_ndcg20,20,20,copeland_hybrid,hybrid,map,50,0.5248770297609086,0.5281991306142271,0.0033221008533186047,0.0,0.08138441203681153,10,10,30,0.8093190680931907,-0.016726627536263753,0.028861882056425404,0.5711,biology:40,0.5,-0.006814182802736117,0.0,-0.01895833333333334,0.0,0.0,0.0,0.01948412698412696,,,,
bright,ms1,pool20_ndcg20,20,20,markov_graph,graph,map,50,0.5073728357212104,0.4976802003609279,-0.009692635360282436,0.0,0.049020725813574924,6,13,31,0.1840815918408159,-0.02483426946827684,0.0025482964434802497,0.0699,biology:27,-0.25,-0.0047884034288596285,0.0,-0.09250000000000003,-0.0013786764705882408,0.0,0.0,0.04881934269434257,,,,
bright,ms1,pool20_ndcg5,20,5,balance_graph,graph,map,50,0.44432222222222223,0.44572222222222224,0.0013999999999999996,0.0,0.012941578128050864,4,2,44,0.5217478252174782,-0.0020999999999999986,0.005167499999999987,0.7716,biology:11,0.04999999999999993,0.0004081632653061234,0.0,0.0,0.0,0.0,0.0,0.027749999999999997,,,,
bright,ms1,pool20_ndcg5,20,5,balance_hybrid,hybrid,map,50,0.4837777777777778,0.4730777777777778,-0.010700000000000001,0.0,0.044272000180701127,0,3,47,0.2535746425357464,-0.025,0.0,0.0,biology:49,-0.25,-0.005816326530612245,0.0,-0.06874999999999998,0.0,0.0,0.0,0.0,,,,
bright,ms1,pool20_ndcg5,20,5,copeland_graph,graph,map,50,0.4339833333333334,0.4360722222222222,0.0020888888888888906,0.0,0.1363760939913799,11,8,31,0.9137086291370863,-0.03693361111111112,0.038912777777777754,0.5492,biology:36,-0.5083333333333333,0.012505668934240365,0.0,-0.205,0.0,0.0,0.0,0.21099999999999994,,,,
bright,ms1,pool20_ndcg5,20,5,copeland_hybrid,hybrid,map,50,0.4587777777777778,0.46391111111111116,0.005133333333333334,0.0,0.09429318344633637,3,4,43,0.7482251774822518,-0.018866666666666664,0.03346999999999995,0.627,biology:40,0.5,-0.0049659863945578225,0.0,-0.11833333333333332,0.0,0.0,0.0,0.1099999999999994,,,,
bright,ms1,pool20_ndcg5,20,5,markov_graph,graph,map,50,0.4288722222222222,0.41460555555555556,-0.014266666666666672,0.0,0.06371826879143672,4,6,40,0.12538746125387462,-0.03366666666666667,0.0017333333333333272,0.0435,biology:36,-0.2666666666666667,-0.009115646258503406,0.0,-0.15916666666666668,0.0,0.0,0.0,0.03649999999999987,,,,
bright,ms1,pool50_ndcg10,50,10,balance_graph,graph,map,50,0.47726587301587303,0.4688047619047619,-0.008461111111111107,0.0,0.03141627943998296,3,10,37,0.055094490550944904,-0.0179453621031746,-0.0005057787698412687,0.0184,biology:47,-0.16666666666666669,-0.0052324263038548684,0.0,-0.05448412698412695,0.0,0.0,0.0,0.008593749999999956,,,,
bright,ms1,pool50_ndcg10,50,10,balance_hybrid,hybrid,map,50,0.4502010582010582,0.4469576719576719,-0.0032433862433862413,0.0,0.020922953119628166,3,6,41,0.29387061293870614,-0.00927526455026455,0.0024921957671957705,0.1365,biology:33,0.08333333333333337,-0.00501025807148256,0.0,-0.04416666666666668,0.0,0.0,0.0,0.006547619047619021,,,,
bright,ms1,pool50_ndcg10,50,10,copeland_graph,graph,map,50,0.4480852040816326,0.4502322751322751,0.002147071050642478,0.0,0.06311316621489181,11,13,26,0.8182181781821818,-0.015895942460317454,0.019718700396825387,0.5946,biology:36,-0.25833333333333325,0.007462997670723615,0.0,-0.06574074074074075,-0.008333333333333345,0.0,0.0,0.1076785714285713,,,,
bright,ms1,pool50_ndcg10,50,10,copeland_hybrid,hybrid,map,50,0.4419137377173092,0.4453882275132275,0.0034744897959183662,0.0,0.022989795170505277,8,4,38,0.32636736326367366,-0.0026938775510204076,0.010153273809523805,0.8614,biology:33,0.11111111111111116,0.0012778240547919833,0.0,-0.010625000000000002,0.0,0.0,0.0,0.04319727891156461,,,,
bright,ms1,pool50_ndcg10,50,10,markov_graph,graph,map,50,0.44210621693121693,0.43210333207357016,-0.010002884857646761,0.0,0.04679435739531259,6,9,35,0.1463853614638536,-0.02451175610985135,0.0012800888133031039,0.0479,biology:27,-0.25,-0.005104984548619144,0.0,-0.08333333333333336,0.0,0.0,0.0,0.026369047619047542,,,,
bright,ms1,pool50_ndcg20,50,20,balance_graph,graph,map,50,0.49944974409206083,0.49397568506878686,-0.005474059023273967,0.0,0.02995600562942075,4,14,32,0.23307669233076692,-0.014815077901605979,0.0019262011342743067,0.0845,biology:47,-0.16666666666666669,-0.0021844139693271776,0.0,-0.05174603174603167,-0.0009740259740259188,0.0,0.0,0.012002840909090883,,,,
bright,ms1,pool50_ndcg20,50,20,balance_hybrid,hybrid,map,50,0.4744042051312202,0.4712470376656162,-0.0031571674656039957,0.0,0.022071844325321395,5,8,37,0.3361663833616638,-0.00961627401093345,0.0028443366055885375,0.1527,biology:33,0.08333333333333337,-0.004922279726806799,0.0,-0.04416666666666669,0.0,0.0,0.0,0.008202030812324915,,,,
bright,ms1,pool50_ndcg20,50,20,copeland_graph,graph,map,50,0.4764103092296093,0.47887127427931736,0.0024609650497080483,0.0,0.06411285623012658,14,14,22,0.7835216478352165,-0.015740394820661367,0.020398527210758022,0.6118,biology:36,-0.25833333333333325,0.007783297669770116,0.0,-0.0820651661337936,-0.0023437499999999986,0.0,0.008537400099900096,0.08339407987845483,,,,
bright,ms1,pool50_ndcg20,50,20,copeland_hybrid,hybrid,map,50,0.4678288250057516,0.4712600653381419,0.003431240332390264,0.0,0.022865929978526385,9,7,34,0.33036696330366966,-0.002704195522113479,0.010092172540406171,0.8584,biology:33,0.11111111111111116,0.0012336919491510623,0.0,-0.006548864147548352,0.0,0.0,0.0,0.04319727891156458,,,,
bright,ms1,pool50_ndcg20,50,20,markov_graph,graph,map,50,0.4643445086102981,0.45358368242497316,-0.010760826185324928,0.0,0.04604935042201691,8,12,30,0.10168983101689831,-0.025085185838075872,0.0003979295071400376,0.0307,biology:27,-0.25,-0.005878394066658089,0.0,-0.08214912280701751,0.0,0.0,0.0,0.017321428571428557,,,,
bright,ms1,pool50_ndcg5,50,5,balance_graph,graph,map,50,0.47138888888888886,0.46682222222222225,-0.004566666666666667,0.0,0.03661330966253179,1,5,44,0.41185881411858816,-0.01483416666666667,0.005599999999999995,0.1791,biology:47,-0.16666666666666669,-0.0012585034013605444,0.0,-0.04624999999999996,0.0,0.0,0.0,0.0,,,,
bright,ms1,pool50_ndcg5,50,5,balance_hybrid,hybrid,map,50,0.46399999999999997,0.4646666666666668,0.0006666666666666665,0.0,0.035584016386886706,2,4,44,0.9398060193980602,-0.008333333333333328,0.011666666666666664,0.5164,biology:21,0.19999999999999996,-0.0034013605442176865,0.0,-0.049999999999999996,0.0,0.0,0.0,0.0,,,,
bright,ms1,pool50_ndcg5,50,5,copeland_graph,graph,map,50,0.4295777777777778,0.43946666666666667,0.00988888888888889,0.0,0.08984183633227649,7,6,37,0.4597540245975402,-0.014222222222222221,0.036122499999999995,0.7884,biology:13,0.36,0.0027437641723356016,0.0,-0.11600000000000002,0.0,0.0,0.0,0.21222222222222215,,,,
bright,ms1,pool50_ndcg5,50,5,copeland_hybrid,hybrid,map,50,0.44897777777777775,0.45899999999999996,0.010022222222222217,0.0,0.044716660799822915,5,2,43,0.14188581141885812,-0.0011111111111111115,0.02384555555555553,0.9558,biology:13,0.19999999999999996,0.006145124716553285,0.0,0.0,0.0,0.0,0.0,0.08361111111111094,,,,
bright,ms1,pool50_ndcg5,50,5,markov_graph,graph,map,50,0.4326055555555556,0.42105000000000004,-0.011555555555555555,0.0,0.07859797691613088,4,9,37,0.32166783321667836,-0.03446805555555556,0.009078333333333327,0.1465,biology:36,-0.325,-0.005158730158730158,0.0,-0.15949999999999995,0.0,0.0,0.0,0.09099999999999982,,,,
bright,ms1_drop_mutual,pool20_ndcg10,20,10,balance_graph,graph,map,50,0.47674229969765686,0.47807563303099015,0.001333333333333333,0.0,0.009333333333333329,1,0,49,1.0,0.0,0.003999999999999999,0.6353,biology:6,0.06666666666666665,0.0,0.0,0.0,0.0,0.0,0.0,0.0,,,,
bright,ms1_drop_mutual,pool20_ndcg10,20,10,balance_hybrid,hybrid,map,50,0.5029487150415721,0.5029487150415721,0.0,0.0,0.0,0,0,50,1.0,0.0,0.0,0.0,biology:0,0.0,0.0,0.0,0.0,0.0,0.0,0.0,0.0,,,,
bright,ms1_drop_mutual,pool20_ndcg10,20,10,copeland_graph,graph,map,50,0.476650037792895,0.47694765684051404,0.00029761904761904656,0.0,0.002083333333333326,1,0,49,1.0,0.0,0.0008928571428571397,0.6361,biology:30,0.014880952380952328,0.0,0.0,0.0,0.0,0.0,0.0,0.0,,,,
bright,ms1_drop_mutual,pool20_ndcg10,20,10,copeland_hybrid,hybrid,map,50,0.4871193499622071,0.4871193499622071,0.0,0.0,0.0,0,0,50,1.0,0.0,0.0,0.0,biology:0,0.0,0.0,0.0,0.0,0.0,0.0,0.0,0.0,,,,
bright,ms1_drop_mutual,pool20_ndcg10,20,10,markov_graph,graph,map,50,0.46221124338624336,0.46419272486772484,0.0019814814814814825,0.0,0.010877182545915756,2,0,48,0.49545045495450457,0.0,0.005444444444444447,0.8666,biology:6,0.07407407407407413,0.000510204081632653,0.0,0.0,0.0,0.0,0.0,0.0,,,,
bright,ms1_drop_mutual,pool20_ndcg20,20,20,balance_graph,graph,map,50,0.5191886418688443,0.519416691596894,0.00022804972804972844,0.0,0.0015963480963480995,1,0,49,1.0,0.0,0.0006841491841491854,0.6353,biology:6,0.011402486402486423,0.0,0.0,0.0,0.0,0.0,0.0,0.0,,,,
bright,ms1_drop_mutual,pool20_ndcg20,20,20,balance_hybrid,hybrid,map,50,0.5386354326926862,0.5388063728636263,0.00017094017094017034,0.0,0.0011965811965811927,1,0,49,1.0,0.0,0.000512820512820511,0.6353,biology:6,0.008547008547008517,0.0,0.0,0.0,0.0,0.0,0.0,0.0,,,,
bright,ms1_drop_mutual,pool20_ndcg20,20,20,copeland_graph,graph,map,50,0.5182272512714242,0.5189927953678507,0.0007655440964264517,0.0,0.0053325241935060245,2,3,45,0.5082491750824918,-0.0003412061794414739,0.0024941123419064625,0.8325,biology:30,0.03436147186147198,7.991291754797157e-05,0.0,-0.0010110294117647097,0.0,0.0,0.0,0.0,,,,
bright,ms1_drop_mutual,pool20_ndcg20,20,20,copeland_hybrid,hybrid,map,50,0.5248770297609086,0.5251639650478438,0.00028693528693528813,0.0,0.0014452368973432396,2,0,48,0.49375062493750627,0.0,0.0007509157509157549,0.8692,biology:6,0.008852258852258932,0.00011213276519398928,0.0,0.0,0.0,0.0,0.0,0.0,,,,
bright,ms1_drop_mutual,pool20_ndcg20,20,20,markov_graph,graph,map,50,0.5093595573329319,0.5102905655948224,0.0009310082618906149,0.0,0.004758296256558508,2,1,47,0.49545045495450457,-7.352941176470617e-05,0.002398781229663583,0.8666,biology:43,0.024999999999999994,0.00043980434886797446,0.0,0.0,0.0,0.0,0.0,0.0,,,,
bright,ms1_drop_mutual,pool20_ndcg5,20,5,balance_graph,graph,map,50,0.44278888888888884,0.44278888888888884,0.0,0.0,0.0,0,0,50,1.0,0.0,0.0,0.0,biology:0,0.0,0.0,0.0,0.0,0.0,0.0,0.0,0.0,,,,
bright,ms1_drop_mutual,pool20_ndcg5,20,5,balance_hybrid,hybrid,map,50,0.4797777777777778,0.4797777777777778,0.0,0.0,0.0,0,0,50,1.0,0.0,0.0,0.0,biology:0,0.0,0.0,0.0,0.0,0.0,0.0,0.0,0.0,,,,
bright,ms1_drop_mutual,pool20_ndcg5,20,5,copeland_graph,graph,map,50,0.43498333333333333,0.43498333333333333,0.0,0.0,0.0,0,0,50,1.0,0.0,0.0,0.0,biology:0,0.0,0.0,0.0,0.0,0.0,0.0,0.0,0.0,,,,
bright,ms1_drop_mutual,pool20_ndcg5,20,5,copeland_hybrid,hybrid,map,50,0.4587777777777778,0.4587777777777778,0.0,0.0,0.0,0,0,50,1.0,0.0,0.0,0.0,biology:0,0.0,0.0,0.0,0.0,0.0,0.0,0.0,0.0,,,,
bright,ms1_drop_mutual,pool20_ndcg5,20,5,markov_graph,graph,map,50,0.4265055555555556,0.4265055555555556,0.0,0.0,0.0,0,0,50,1.0,0.0,0.0,0.0,biology:0,0.0,0.0,0.0,0.0,0.0,0.0,0.0,0.0,,,,
bright,ms1_drop_mutual,pool50_ndcg10,50,10,balance_graph,graph,map,50,0.47762857142857135,0.47876349206349206,0.0011349206349206362,0.0,0.008507259064476849,2,1,47,0.5013498650134987,-0.0006666666666666665,0.0037380952380952413,0.8261,biology:42,0.055555555555555566,2.4295432458698812e-05,0.0,0.0,0.0,0.0,0.0,0.0,,,,
bright,ms1_drop_mutual,pool50_ndcg10,50,10,balance_hybrid,hybrid,map,50,0.45030820105820096,0.45030820105820096,0.0,0.0,0.0,0,0,50,1.0,0.0,0.0,0.0,biology:0,0.0,0.0,0.0,0.0,0.0,0.0,0.0,0.0,,,,
bright,ms1_drop_mutual,pool50_ndcg10,50,10,copeland_graph,graph,map,50,0.4483609977324263,0.4510430964978584,0.0026820987654321026,0.0,0.028980644515082032,2,4,44,0.7179282071792821,-0.004259126984126979,0.011665476190476197,0.7031,biology:33,0.16666666666666669,-0.0006645250692869702,0.0,-0.006319444444444428,0.0,0.0,0.0,0.0,,,,
bright,ms1_drop_mutual,pool50_ndcg10,50,10,copeland_hybrid,hybrid,map,50,0.4419137377173092,0.4462020975056689,0.004288359788359788,0.0,0.017999556355714652,5,2,43,0.0964903509649035,0.00027910052910053054,0.010103373015873014,0.9869,biology:33,0.11111111111111116,0.002108303638915883,0.0,0.0,0.0,0.0,0.0,0.03214285714285712,,,,
bright,ms1_drop_mutual,pool50_ndcg10,50,10,markov_graph,graph,map,50,0.4449740047871,0.44539993071302597,0.0004259259259259268,0.0,0.013670141583724255,2,2,46,1.0,-0.003444444444444439,0.004168055555555534,0.5793,biology:25,-0.06666666666666665,0.0017951625094482244,0.0,0.0,0.0,0.0,0.0,0.0,,,,
bright,ms1_drop_mutual,pool50_ndcg20,50,20,balance_graph,graph,map,50,0.49986667162939274,0.5000679928775891,0.00020132124819625092,0.0,0.0037667374344173906,3,3,44,0.7825217478252174,-0.000836391256313128,0.0012958152958152988,0.6405,biology:30,0.017857142857142905,-0.00015900164178225224,0.0,-0.0006944444444444449,0.0,0.0,0.0,0.0013095238095238019,,,,
bright,ms1_drop_mutual,pool50_ndcg20,50,20,balance_hybrid,hybrid,map,50,0.4746094720864872,0.47375232922934435,-0.0008571428571428563,0.0,0.005999999999999994,0,1,49,1.0,-0.002571428571428569,0.0,0.0,biology:1,-0.042857142857142816,0.0,0.0,0.0,0.0,0.0,0.0,0.0,,,,
bright,ms1_drop_mutual,pool50_ndcg20,50,20,copeland_graph,graph,map,50,0.47679599299029307,0.48094738871979764,0.004151395729504603,0.0,0.026593873808796468,5,6,39,0.39446055394460555,-0.0016492799360607706,0.012648777559729566,0.8648,biology:33,0.16666666666666669,0.0008347575471135406,0.0,-0.01166666666666666,0.0,0.0,0.0,0.017661146723646742,,,,
bright,ms1_drop_mutual,pool50_ndcg20,50,20,copeland_hybrid,hybrid,map,50,0.46771893489586147,0.4709787484254119,0.003259813529550372,0.0,0.020326189322230497,5,3,42,0.3233676632336766,-0.001882545104749051,0.009400018274853802,0.8778,biology:33,0.11111111111111116,0.0010587666401307642,0.0,-0.0009046052631578896,0.0,0.0,0.0,0.03214285714285712,,,,
bright,ms1_drop_mutual,pool50_ndcg20,50,20,markov_graph,graph,map,50,0.46688672194426106,0.46681687962770824,-6.984231655284168e-05,0.0,0.0075372828026015635,2,5,43,0.9861013898610139,-0.002025220640105505,0.0022361357970732956,0.4475,biology:30,0.04166666666666663,-0.0009216078060063003,0.0,-0.007436342592592545,0.0,0.0,0.0,0.0,,,,
bright,ms1_drop_mutual,pool50_ndcg5,50,5,balance_graph,graph,map,50,0.473,0.47240000000000004,-0.0006000000000000005,0.0,0.004200000000000004,0,1,49,1.0,-0.0018000000000000017,0.0,0.0,biology:25,-0.030000000000000027,0.0,0.0,0.0,0.0,0.0,0.0,0.0,,,,
bright,ms1_drop_mutual,pool50_ndcg5,50,5,balance_hybrid,hybrid,map,50,0.4640000000000001,0.4640000000000001,0.0,0.0,0.0,0,0,50,1.0,0.0,0.0,0.0,biology:0,0.0,0.0,0.0,0.0,0.0,0.0,0.0,0.0,,,,
bright,ms1_drop_mutual,pool50_ndcg5,50,5,copeland_graph,graph,map,50,0.4295777777777778,0.43681111111111115,0.007233333333333334,0.0,0.03851927367493376,2,1,47,0.49825017498250174,-0.0009999999999999998,0.019866666666666668,0.8682,biology:1,0.22000000000000003,0.0028911564625850347,0.0,0.0,0.0,0.0,0.0,0.0,,,,
bright,ms1_drop_mutual,pool50_ndcg5,50,5,copeland_hybrid,hybrid,map,50,0.44897777777777775,0.4568666666666667,0.007888888888888888,0.0,0.032510017449517016,4,0,46,0.12658734126587343,0.0006666666666666668,0.018222222222222223,0.9873,biology:30,0.19999999999999996,0.003968253968253968,0.0,0.0,0.0,0.0,0.0,0.04249999999999992,,,,
bright,ms1_drop_mutual,pool50_ndcg5,50,5,markov_graph,graph,map,50,0.44004999999999994,0.44004999999999994,0.0,0.0,0.0,0,0,50,1.0,0.0,0.0,0.0,biology:0,0.0,0.0,0.0,0.0,0.0,0.0,0.0,0.0,,,,
bright,ms2,pool20_ndcg10,20,10,balance_graph,graph,map,50,0.4547617283950617,0.4547617283950617,0.0,0.0,0.0,0,0,50,1.0,0.0,0.0,0.0,biology:0,0.0,0.0,0.0,0.0,0.0,0.0,0.0,0.0,,,,
bright,ms2,pool20_ndcg10,20,10,balance_hybrid,hybrid,map,50,0.4971145880574452,0.4971145880574452,0.0,0.0,0.0,0,0,50,1.0,0.0,0.0,0.0,biology:0,0.0,0.0,0.0,0.0,0.0,0.0,0.0,0.0,,,,
bright,ms2,pool20_ndcg10,20,10,copeland_graph,graph,map,50,0.4603847442680776,0.4603847442680776,0.0,0.0,0.0,0,0,50,1.0,0.0,0.0,0.0,biology:0,0.0,0.0,0.0,0.0,0.0,0.0,0.0,0.0,,,,
bright,ms2,pool20_ndcg10,20,10,copeland_hybrid,hybrid,map,50,0.496439984882842,0.496439984882842,0.0,0.0,0.0,0,0,50,1.0,0.0,0.0,0.0,biology:0,0.0,0.0,0.0,0.0,0.0,0.0,0.0,0.0,,,,
bright,ms2,pool20_ndcg10,20,10,markov_graph,graph,map,50,0.43307100970017637,0.43307100970017637,0.0,0.0,0.0,0,0,50,1.0,0.0,0.0,0.0,biology:0,0.0,0.0,0.0,0.0,0.0,0.0,0.0,0.0,,,,
bright,ms2,pool20_ndcg20,20,20,balance_graph,graph,map,50,0.5043205193530677,0.5043205193530677,0.0,0.0,0.0,0,0,50,1.0,0.0,0.0,0.0,biology:0,0.0,0.0,0.0,0.0,0.0,0.0,0.0,0.0,,,,
bright,ms2,pool20_ndcg20,20,20,balance_hybrid,hybrid,map,50,0.5328015020378576,0.5328015020378576,0.0,0.0,0.0,0,0,50,1.0,0.0,0.0,0.0,biology:0,0.0,0.0,0.0,0.0,0.0,0.0,0.0,0.0,,,,
bright,ms2,pool20_ndcg20,20,20,copeland_graph,graph,map,50,0.5076412453063124,0.5076412453063124,0.0,0.0,0.0,0,0,50,1.0,0.0,0.0,0.0,biology:0,0.0,0.0,0.0,0.0,0.0,0.0,0.0,0.0,,,,
bright,ms2,pool20_ndcg20,20,20,copeland_hybrid,hybrid,map,50,0.5320161699713079,0.5320161699713079,0.0,0.0,0.0,0,0,50,1.0,0.0,0.0,0.0,biology:0,0.0,0.0,0.0,0.0,0.0,0.0,0.0,0.0,,,,
bright,ms2,pool20_ndcg20,20,20,markov_graph,graph,map,50,0.4918075105144636,0.4918075105144636,0.0,0.0,0.0,0,0,50,1.0,0.0,0.0,0.0,biology:0,0.0,0.0,0.0,0.0,0.0,0.0,0.0,0.0,,,,
bright,ms2,pool20_ndcg5,20,5,balance_graph,graph,map,50,0.4421777777777778,0.4421777777777778,0.0,0.0,0.0,0,0,50,1.0,0.0,0.0,0.0,biology:0,0.0,0.0,0.0,0.0,0.0,0.0,0.0,0.0,,,,
bright,ms2,pool20_ndcg5,20,5,balance_hybrid,hybrid,map,50,0.47303333333333336,0.47303333333333336,0.0,0.0,0.0,0,0,50,1.0,0.0,0.0,0.0,biology:0,0.0,0.0,0.0,0.0,0.0,0.0,0.0,0.0,,,,
bright,ms2,pool20_ndcg5,20,5,copeland_graph,graph,map,50,0.4467611111111111,0.4467611111111111,0.0,0.0,0.0,0,0,50,1.0,0.0,0.0,0.0,biology:0,0.0,0.0,0.0,0.0,0.0,0.0,0.0,0.0,,,,
bright,ms2,pool20_ndcg5,20,5,copeland_hybrid,hybrid,map,50,0.4755333333333334,0.4755333333333334,0.0,0.0,0.0,0,0,50,1.0,0.0,0.0,0.0,biology:0,0.0,0.0,0.0,0.0,0.0,0.0,0.0,0.0,,,,
bright,ms2,pool20_ndcg5,20,5,markov_graph,graph,map,50,0.42112777777777777,0.42112777777777777,0.0,0.0,0.0,0,0,50,1.0,0.0,0.0,0.0,biology:0,0.0,0.0,0.0,0.0,0.0,0.0,0.0,0.0,,,,
bright,ms2,pool50_ndcg10,50,10,balance_graph,graph,map,50,0.38960608465608465,0.38960608465608465,0.0,0.0,0.0,0,0,50,1.0,0.0,0.0,0.0,biology:0,0.0,0.0,0.0,0.0,0.0,0.0,0.0,0.0,,,,
bright,ms2,pool50_ndcg10,50,10,balance_hybrid,hybrid,map,50,0.43247486772486776,0.43247486772486776,0.0,0.0,0.0,0,0,50,1.0,0.0,0.0,0.0,biology:0,0.0,0.0,0.0,0.0,0.0,0.0,0.0,0.0,,,,
bright,ms2,pool50_ndcg10,50,10,copeland_graph,graph,map,50,0.39315753968253964,0.39315753968253964,0.0,0.0,0.0,0,0,50,1.0,0.0,0.0,0.0,biology:0,0.0,0.0,0.0,0.0,0.0,0.0,0.0,0.0,,,,
bright,ms2,pool50_ndcg10,50,10,copeland_hybrid,hybrid,map,50,0.42563624338624345,0.42563624338624345,0.0,0.0,0.0,0,0,50,1.0,0.0,0.0,0.0,biology:0,0.0,0.0,0.0,0.0,0.0,0.0,0.0,0.0,,,,
bright,ms2,pool50_ndcg10,50,10,markov_graph,graph,map,50,0.36363915343915343,0.36363915343915343,0.0,0.0,0.0,0,0,50,1.0,0.0,0.0,0.0,biology:0,0.0,0.0,0.0,0.0,0.0,0.0,0.0,0.0,,,,
bright,ms2,pool50_ndcg20,50,20,balance_graph,graph,map,50,0.39463879459964984,0.39463879459964984,0.0,0.0,0.0,0,0,50,1.0,0.0,0.0,0.0,biology:0,0.0,0.0,0.0,0.0,0.0,0.0,0.0,0.0,,,,
bright,ms2,pool50_ndcg20,50,20,balance_hybrid,hybrid,map,50,0.4536361196412888,0.4536361196412888,0.0,0.0,0.0,0,0,50,1.0,0.0,0.0,0.0,biology:0,0.0,0.0,0.0,0.0,0.0,0.0,0.0,0.0,,,,
bright,ms2,pool50_ndcg20,50,20,copeland_graph,graph,map,50,0.39702270576645576,0.39702270576645576,0.0,0.0,0.0,0,0,50,1.0,0.0,0.0,0.0,biology:0,0.0,0.0,0.0,0.0,0.0,0.0,0.0,0.0,,,,
bright,ms2,pool50_ndcg20,50,20,copeland_hybrid,hybrid,map,50,0.44879007217024136,0.44879007217024136,0.0,0.0,0.0,0,0,50,1.0,0.0,0.0,0.0,biology:0,0.0,0.0,0.0,0.0,0.0,0.0,0.0,0.0,,,,
bright,ms2,pool50_ndcg20,50,20,markov_graph,graph,map,50,0.37147701975813435,0.37147701975813435,0.0,0.0,0.0,0,0,50,1.0,0.0,0.0,0.0,biology:0,0.0,0.0,0.0,0.0,0.0,0.0,0.0,0.0,,,,
bright,ms2,pool50_ndcg5,50,5,balance_graph,graph,map,50,0.39819444444444435,0.39819444444444435,0.0,0.0,0.0,0,0,50,1.0,0.0,0.0,0.0,biology:0,0.0,0.0,0.0,0.0,0.0,0.0,0.0,0.0,,,,
bright,ms2,pool50_ndcg5,50,5,balance_hybrid,hybrid,map,50,0.44692777777777776,0.44692777777777776,0.0,0.0,0.0,0,0,50,1.0,0.0,0.0,0.0,biology:0,0.0,0.0,0.0,0.0,0.0,0.0,0.0,0.0,,,,
bright,ms2,pool50_ndcg5,50,5,copeland_graph,graph,map,50,0.3996055555555555,0.3996055555555555,0.0,0.0,0.0,0,0,50,1.0,0.0,0.0,0.0,biology:0,0.0,0.0,0.0,0.0,0.0,0.0,0.0,0.0,,,,
bright,ms2,pool50_ndcg5,50,5,copeland_hybrid,hybrid,map,50,0.43592777777777775,0.43592777777777775,0.0,0.0,0.0,0,0,50,1.0,0.0,0.0,0.0,biology:0,0.0,0.0,0.0,0.0,0.0,0.0,0.0,0.0,,,,
bright,ms2,pool50_ndcg5,50,5,markov_graph,graph,map,50,0.38121666666666665,0.38121666666666665,0.0,0.0,0.0,0,0,50,1.0,0.0,0.0,0.0,biology:0,0.0,0.0,0.0,0.0,0.0,0.0,0.0,0.0,,,,
fiqa,ms1,pool20_ndcg10,20,10,balance_graph,graph,map,120,0.21097552910052908,0.21775132275132272,0.0067757936507936494,0.0,0.04175787329601264,11,3,106,0.07039296070392961,0.00032399140211640146,0.014894427910052906,0.9808,62,0.35714285714285715,0.003831532613045217,0.0,0.0,0.0,0.0,0.0,0.05166666666666651,,,,
fiqa,ms1,pool20_ndcg10,20,10,balance_hybrid,hybrid,map,120,0.22983878968253968,0.22787119708994708,-0.0019675925925925924,0.0,0.02277211942290339,1,1,118,1.0,-0.00625,0.0003472222222222224,0.2301,12,-0.25,0.0001167133520074697,0.0,0.0,0.0,0.0,0.0,0.0,,,,
fiqa,ms1,pool20_ndcg10,20,10,copeland_graph,graph,map,120,0.19567460317460317,0.20526455026455023,0.009589947089947091,0.0,0.0614859862978218,19,5,96,0.08639136086391361,-0.0018657407407407396,0.019818452380952378,0.9517,12,-0.45833333333333337,0.013522075496865415,0.0,0.0,0.0,0.0,0.0,0.125,,,,
fiqa,ms1,pool20_ndcg10,20,10,copeland_hybrid,hybrid,map,120,0.2261946097883598,0.2208573082010582,-0.005337301587301587,0.0,0.057606940485037866,8,7,105,0.36836316368363164,-0.017073495370370367,0.0034825562169312108,0.1494,497,-0.5,-0.0011804721888755494,0.0,-0.011746031746031733,0.0,0.0,0.0,0.018154761904761882,,,,
fiqa,ms1,pool20_ndcg10,20,10,markov_graph,graph,map,120,0.2080654761904762,0.21392526455026453,0.00585978835978836,0.0,0.040036573276024244,13,6,101,0.10528947105289471,-0.0008433366402116383,0.013356646825396822,0.9539,45,0.25,0.003808189942643725,0.0,-0.0012499999999999953,0.0,0.0,0.0,0.08472222222222213,,,,
fiqa,ms1,pool20_ndcg20,20,20,balance_graph,graph,map,120,0.22130526282712815,0.22551404356164415,0.004208780734516027,0.0,0.03735595176602252,16,5,99,0.25617438256174385,-0.0013543956813596928,0.011799965859805254,0.9169,62,0.35714285714285715,0.0012429481596560178,0.0,0.0,0.0,0.0,0.0,0.015404040404040377,,,,
fiqa,ms1,pool20_ndcg20,20,20,balance_hybrid,hybrid,map,120,0.23935569857057862,0.23746219277082278,-0.0018935057997557995,0.0,0.023318443769256025,3,2,115,0.9366063393660634,-0.006329492266992267,0.0005042989417989417,0.3372,12,-0.2554945054945055,0.00023759503801520595,0.0,0.0,0.0,0.0,0.0,0.0,,,,
fiqa,ms1,pool20_ndcg20,20,20,copeland_graph,graph,map,120,0.20876312903499436,0.21302219989332988,0.004259070858335563,0.0,0.054977177838519624,21,10,89,0.45585441455854414,-0.00631942727518869,0.013162239032861124,0.8126,12,-0.45833333333333337,0.008146401985996648,0.0,-0.021886446886446892,0.0,0.0,0.0,0.07639880952380951,,,,
fiqa,ms1,pool20_ndcg20,20,20,copeland_hybrid,hybrid,map,120,0.23722357655745813,0.2308306649347671,-0.006392911622691035,0.0,0.05468347755650521,16,8,96,0.24387561243875613,-0.017629187312551284,0.0015919153014741227,0.0811,497,-0.5,-0.002244952896831296,0.0,-0.011746031746031733,0.0,0.0,0.0,0.01797438672438671,,,,
fiqa,ms1,pool20_ndcg20,20,20,markov_graph,graph,map,120,0.21650082774695775,0.220953858376459,0.004453030629501217,0.0,0.03739641686070272,17,7,96,0.19788021197880212,-0.0017881649725689976,0.01160315337361583,0.9103,45,0.25,0.002389610718824757,0.0,-0.006469780219780224,0.0,0.0,0.0,0.03452922077922072,,,,
fiqa,ms1,pool20_ndcg5,20,5,balance_graph,graph,map,120,0.19349537037037037,0.1991203703703704,0.005625,0.0,0.05218781187531561,3,1,116,0.3775622437756224,-0.0016666666666666672,0.016666666666666666,0.8799,62,0.5,0.0014705882352941172,0.0,0.0,0.0,0.0,0.0,0.0,,,,
fiqa,ms1,pool20_ndcg5,20,5,balance_hybrid,hybrid,map,120,0.21432870370370372,0.21224537037037036,-0.0020833333333333333,0.0,0.022726483572157744,0,1,119,1.0,-0.00625,0.0,0.0,12,-0.25,0.0,0.0,0.0,0.0,0.0,0.0,0.0,,,,
fiqa,ms1,pool20_ndcg5,20,5,copeland_graph,graph,map,120,0.1802314814814815,0.18363425925925927,0.0034027777777777776,0.0,0.0773886284094683,6,4,110,0.664033596640336,-0.011180555555555556,0.01659722222222222,0.7009,12,-0.5833333333333334,0.008333333333333333,0.0,0.0,0.0,0.0,0.0,0.0041666666666664316,,,,
fiqa,ms1,pool20_ndcg5,20,5,copeland_hybrid,hybrid,map,120,0.21224537037037036,0.20627314814814818,-0.005972222222222222,0.0,0.05551925897635838,3,4,113,0.3274672532746725,-0.01736111111111111,0.002361111111111111,0.1067,497,-0.5,-0.0018207282913165262,0.0,0.0,0.0,0.0,0.0,0.0,,,,
fiqa,ms1,pool20_ndcg5,20,5,markov_graph,graph,map,120,0.1903009259259259,0.19418981481481482,0.0038888888888888888,0.0,0.0427082768743981,5,5,110,0.33586641335866413,-0.0032638888888888882,0.01215277777777778,0.8415,45,0.25,0.0018207282913165262,0.0,0.0,0.0,0.0,0.0,0.0,,,,
fiqa,ms1,pool50_ndcg10,50,10,balance_graph,graph,map,120,0.21282159391534392,0.21837384259259263,0.005552248677248677,0.0,0.025947925680702096,12,2,106,0.012198780121987801,0.0015509259259259252,0.010711144179894177,0.9992,482,0.16666666666666669,0.004198346005068693,0.0,0.0,0.0,0.0,0.0,0.015694444444444292,,,,
fiqa,ms1,pool50_ndcg10,50,10,balance_hybrid,hybrid,map,120,0.20333195546737215,0.20333195546737215,-1.1564823173178714e-19,0.0,0.006454972243679027,1,1,118,1.0,-0.0012500000000000002,0.0012499999999999998,0.3407,25,-0.05,0.0004201680672268907,0.0,0.0,0.0,0.0,0.0,0.0,,,,
fiqa,ms1,pool50_ndcg10,50,10,copeland_graph,graph,map,120,0.21650793650793648,0.22194857804232804,0.005440641534391533,0.0,0.09042370575096886,17,7,96,0.5484451554844516,-0.011702835648148148,0.02062223048941798,0.7539,498,-0.6666666666666667,0.01108860210750967,0.0,-0.050069444444444444,0.0,0.0,0.0,0.13361111111111107,,,,
fiqa,ms1,pool50_ndcg10,50,10,copeland_hybrid,hybrid,map,120,0.21178102954144623,0.21276455026455027,0.0009835207231040568,0.0,0.005769630056107302,7,2,111,0.0633936606339366,1.8738977072310933e-05,0.0020836777998236326,0.9777,482,0.031746031746031744,0.0007250122271130677,0.0,0.0,0.0,0.0,0.0,0.005092592592592566,,,,
fiqa,ms1,pool50_ndcg10,50,10,markov_graph,graph,map,120,0.2250710978835979,0.2310019841269841,0.005930886243386242,0.0,0.0825588530367474,11,9,100,0.45755424457554245,-0.008838210978835977,0.021344411375661367,0.7863,21,-0.5,0.010182406295851671,0.0,-0.025833333333333326,0.0,0.0,0.0,0.05563492063492055,,,,
fiqa,ms1,pool50_ndcg20,50,20,balance_graph,graph,map,120,0.2212982858895204,0.22663276690414846,0.005334481014628073,0.0,0.02449508231691315,16,2,102,0.0057994200579942,0.0015385265400019651,0.010211763195775384,0.9998,482,0.16666666666666669,0.003978748362089934,0.0,0.0,0.0,0.0,0.0,0.023517156862745005,,,,
fiqa,ms1,pool50_ndcg20,50,20,balance_hybrid,hybrid,map,120,0.21151312553998958,0.212046118375614,0.0005329928356244143,0.0,0.0048266400903648025,3,2,115,0.30896910308969106,-7.395382395382413e-05,0.0015313852813852807,0.9168,41,0.04999999999999999,0.00011730369978932543,0.0,0.0,0.0,0.0,0.0,0.0,,,,
fiqa,ms1,pool50_ndcg20,50,20,copeland_graph,graph,map,120,0.22825734865982544,0.234535017821589,0.0062776691617635865,0.0,0.0838669281403927,23,11,86,0.46215378462153783,-0.010044931028132947,0.020039368546794042,0.8034,498,-0.6666666666666667,0.011932663580489892,0.0,-0.017321428571428585,0.0,0.0,0.0,0.11222222222222215,,,,
fiqa,ms1,pool50_ndcg20,50,20,copeland_hybrid,hybrid,map,120,0.21975189650128377,0.22097581730418417,0.0012239208029004218,0.0,0.006091063153075882,13,6,101,0.027797220277972202,0.00020839018070780885,0.002382603142024098,0.9918,482,0.031746031746031744,0.0009674324756472173,0.0,-0.00010416666666666627,0.0,0.0,0.0,0.013915598290598295,,,,
fiqa,ms1,pool50_ndcg20,50,20,markov_graph,graph,map,120,0.23374108322734485,0.24115596828638625,0.007414885059041406,0.0,0.081498270636209,16,10,94,0.33786621337866213,-0.00704734950149037,0.022514739563089987,0.8434,21,-0.5,0.01167887568978965,0.0,-0.025454545454545445,0.0,0.0,0.0,0.05563492063492055,,,,
fiqa,ms1,pool50_ndcg5,50,5,balance_graph,graph,map,120,0.18828703703703703,0.19523148148148148,0.006944444444444444,0.0,0.03900280933218105,5,0,115,0.06329367063293671,0.0011111111111111107,0.014722222222222223,0.9944,62,0.3333333333333333,0.004201680672268907,0.0,0.0,0.0,0.0,0.0,0.0,,,,
fiqa,ms1,pool50_ndcg5,50,5,balance_hybrid,hybrid,map,120,0.19016203703703702,0.1905787037037037,0.0004166666666666666,0.0,0.004545296714431545,1,0,119,1.0,0.0,0.0012499999999999998,0.6309,41,0.04999999999999999,0.0,0.0,0.0,0.0,0.0,0.0,0.0,,,,
fiqa,ms1,pool50_ndcg5,50,5,copeland_graph,graph,map,120,0.20601851851851852,0.20855324074074075,0.002534722222222222,0.0,0.09029000317862944,8,6,106,0.7854214578542146,-0.014585069444444446,0.017778645833333325,0.6331,498,-0.6666666666666667,0.00815826330532213,0.0,-0.003124999999999989,0.0,0.0,0.0,0.12541666666666665,,,,
fiqa,ms1,pool50_ndcg5,50,5,copeland_hybrid,hybrid,map,120,0.1996064814814815,0.20043981481481482,0.0008333333333333334,0.0,0.009090593428863094,1,0,119,1.0,0.0,0.0025000000000000005,0.6349,442,0.1,0.0,0.0,0.0,0.0,0.0,0.0,0.0,,,,
fiqa,ms1,pool50_ndcg5,50,5,markov_graph,graph,map,120,0.19662037037037036,0.2077314814814815,0.011111111111111112,0.0,0.09237311952011007,9,4,107,0.197980201979802,-0.005069444444444445,0.028333333333333332,0.9145,21,-0.5,0.015406162464985993,0.0,0.0,0.0,0.0,0.0,0.08666666666666649,,,,
fiqa,ms1_drop_mutual,pool20_ndcg10,20,10,balance_graph,graph,map,120,0.20373346560846559,0.20373346560846559,0.0,0.0,0.0,0,0,120,1.0,0.0,0.0,0.0,0,0.0,0.0,0.0,0.0,0.0,0.0,0.0,0.0,,,,
fiqa,ms1_drop_mutual,pool20_ndcg10,20,10,balance_hybrid,hybrid,map,120,0.2292700066137566,0.2292700066137566,0.0,0.0,0.0,0,0,120,1.0,0.0,0.0,0.0,0,0.0,0.0,0.0,0.0,0.0,0.0,0.0,0.0,,,,
fiqa,ms1_drop_mutual,pool20_ndcg10,20,10,copeland_graph,graph,map,120,0.19650793650793652,0.1963095238095238,-0.00019841269841269863,0.0,0.0021644270068721678,0,1,119,1.0,-0.0005952380952380959,0.0,0.0,454,-0.023809523809523836,0.0,0.0,0.0,0.0,0.0,0.0,0.0,,,,
fiqa,ms1_drop_mutual,pool20_ndcg10,20,10,copeland_hybrid,hybrid,map,120,0.2256159060846561,0.2256159060846561,0.0,0.0,0.0,0,0,120,1.0,0.0,0.0,0.0,0,0.0,0.0,0.0,0.0,0.0,0.0,0.0,0.0,,,,
fiqa,ms1_drop_mutual,pool20_ndcg10,20,10,markov_graph,graph,map,120,0.20232473544973545,0.20232473544973545,0.0,0.0,0.0,0,0,120,1.0,0.0,0.0,0.0,0,0.0,0.0,0.0,0.0,0.0,0.0,0.0,0.0,,,,
fiqa,ms1_drop_mutual,pool20_ndcg20,20,20,balance_graph,graph,map,120,0.2165986153079806,0.2165528277621931,-4.5787545787545855e-05,0.0,0.000499483155432039,0,1,119,1.0,-0.00013736263736263758,0.0,0.0,13,-0.005494505494505503,0.0,0.0,0.0,0.0,0.0,0.0,0.0,,,,
fiqa,ms1_drop_mutual,pool20_ndcg20,20,20,balance_hybrid,hybrid,map,120,0.23867188433413278,0.23867188433413278,0.0,0.0,0.0,0,0,120,1.0,0.0,0.0,0.0,0,0.0,0.0,0.0,0.0,0.0,0.0,0.0,0.0,,,,
fiqa,ms1_drop_mutual,pool20_ndcg20,20,20,copeland_graph,graph,map,120,0.20882891242314613,0.2085847121789459,-0.00024420024420024447,0.0,0.0022172185344731254,0,2,118,0.5046495350464953,-0.0006879578754578752,0.0,0.0,454,-0.023809523809523836,-4.6172315079878174e-05,0.0,0.0,0.0,0.0,0.0,0.0,,,,
fiqa,ms1_drop_mutual,pool20_ndcg20,20,20,copeland_hybrid,hybrid,map,120,0.23670800416688575,0.23670800416688575,0.0,0.0,0.0,0,0,120,1.0,0.0,0.0,0.0,0,0.0,0.0,0.0,0.0,0.0,0.0,0.0,0.0,,,,
fiqa,ms1_drop_mutual,pool20_ndcg20,20,20,markov_graph,graph,map,120,0.2157677794771448,0.21572199193135724,-4.5787545787545855e-05,0.0,0.000499483155432039,0,1,119,1.0,-0.00013736263736263758,0.0,0.0,13,-0.005494505494505503,0.0,0.0,0.0,0.0,0.0,0.0,0.0,,,,
fiqa,ms1_drop_mutual,pool20_ndcg5,20,5,balance_graph,graph,map,120,0.1903009259259259,0.1903009259259259,0.0,0.0,0.0,0,0,120,1.0,0.0,0.0,0.0,0,0.0,0.0,0.0,0.0,0.0,0.0,0.0,0.0,,,,
fiqa,ms1_drop_mutual,pool20_ndcg5,20,5,balance_hybrid,hybrid,map,120,0.212662037037037,0.212662037037037,0.0,0.0,0.0,0,0,120,1.0,0.0,0.0,0.0,0,0.0,0.0,0.0,0.0,0.0,0.0,0.0,0.0,,,,
fiqa,ms1_drop_mutual,pool20_ndcg5,20,5,copeland_graph,graph,map,120,0.1802314814814815,0.1802314814814815,0.0,0.0,0.0,0,0,120,1.0,0.0,0.0,0.0,0,0.0,0.0,0.0,0.0,0.0,0.0,0.0,0.0,,,,
fiqa,ms1_drop_mutual,pool20_ndcg5,20,5,copeland_hybrid,hybrid,map,120,0.21016203703703704,0.21016203703703704,0.0,0.0,0.0,0,0,120,1.0,0.0,0.0,0.0,0,0.0,0.0,0.0,0.0,0.0,0.0,0.0,0.0,,,,
fiqa,ms1_drop_mutual,pool20_ndcg5,20,5,markov_graph,graph,map,120,0.18905092592592596,0.18905092592592596,0.0,0.0,0.0,0,0,120,1.0,0.0,0.0,0.0,0,0.0,0.0,0.0,0.0,0.0,0.0,0.0,0.0,,,,
fiqa,ms1_drop_mutual,pool50_ndcg10,50,10,balance_graph,graph,map,120,0.21124421296296297,0.21054315476190474,-0.0007010582010582015,0.0,0.009340123086712315,2,2,116,0.8703129687031297,-0.0025992063492063493,0.0004629629629629618,0.2757,20,-0.1,0.00013338668800853639,0.0,0.0,0.0,0.0,0.0,0.0,,,,
fiqa,ms1_drop_mutual,pool50_ndcg10,50,10,balance_hybrid,hybrid,map,120,0.20300788139329803,0.20300788139329803,0.0,0.0,0.0,0,0,120,1.0,0.0,0.0,0.0,0,0.0,0.0,0.0,0.0,0.0,0.0,0.0,0.0,,,,
fiqa,ms1_drop_mutual,pool50_ndcg10,50,10,copeland_graph,graph,map,120,0.21650793650793648,0.2162709435626102,-0.0002369929453262786,0.0,0.018049860655798777,3,2,115,1.0,-0.003233024691358025,0.0030467372134038782,0.4323,65,0.1428571428571428,-0.0014394646747587917,0.0,0.0,0.0,0.0,0.0,0.0,,,,
fiqa,ms1_drop_mutual,pool50_ndcg10,50,10,copeland_hybrid,hybrid,map,120,0.21178102954144623,0.21222635582010582,0.00044532627865961194,0.0,0.0031484507237794055,3,0,117,0.25037496250374963,0.0,0.0010791446208112873,0.95,96,0.024999999999999994,0.00023898448268196165,0.0,0.0,0.0,0.0,0.0,0.0,,,,
fiqa,ms1_drop_mutual,pool50_ndcg10,50,10,markov_graph,graph,map,120,0.22700066137566136,0.22771164021164023,0.0007109788359788355,0.0,0.009308339662221924,2,2,116,0.8833116688331167,-0.0004133597883597887,0.0025925925925925917,0.6979,65,0.09999999999999998,-0.00012338268640789675,0.0,0.0,0.0,0.0,0.0,0.0,,,,
fiqa,ms1_drop_mutual,pool50_ndcg20,50,20,balance_graph,graph,map,120,0.219973211361079,0.2200388202734371,6.56089123581381e-05,0.0,0.002284991605464434,4,3,113,0.7256274372562743,-0.0003286487907230942,0.0004901960784313713,0.6183,62,0.013888888888888895,-5.055310425136406e-05,0.0,0.0,0.0,0.0,0.0,0.0,,,,
fiqa,ms1_drop_mutual,pool50_ndcg20,50,20,balance_hybrid,hybrid,map,120,0.2115160964253134,0.21158145590243757,6.535947712418277e-05,0.0,0.0007129877199108283,1,0,119,1.0,0.0,0.00019607843137254833,0.6328,65,0.007843137254901933,0.0,0.0,0.0,0.0,0.0,0.0,0.0,,,,
fiqa,ms1_drop_mutual,pool50_ndcg20,50,20,copeland_graph,graph,map,120,0.22825734865982544,0.23004017259209467,0.0017828239322692364,0.0,0.013867316679980668,12,3,105,0.1743825617438256,-0.0006329954030628039,0.004253776454692345,0.9246,12,-0.09166666666666662,0.0025681137692350835,0.0,0.0,0.0,0.0,0.0,0.017045454545454534,,,,
fiqa,ms1_drop_mutual,pool50_ndcg20,50,20,copeland_hybrid,hybrid,map,120,0.21975189650128377,0.22027619881480176,0.0005243023135179995,0.0,0.0032204094717766265,5,0,115,0.061193880611938804,5.191312636165604e-05,0.0011699670608984326,0.9927,96,0.024999999999999994,0.0003186241816988231,0.0,0.0,0.0,0.0,0.0,0.0,,,,
fiqa,ms1_drop_mutual,pool50_ndcg20,50,20,markov_graph,graph,map,120,0.23828947160797007,0.23823858925445612,-5.088235351393324e-05,0.0,0.0036109863648229996,4,3,113,0.9506049395060494,-0.0007366244866244872,0.0005815407789091978,0.4459,25,-0.025,0.00015877409729687404,0.0,0.0,0.0,0.0,0.0,0.0,,,,
fiqa,ms1_drop_mutual,pool50_ndcg5,50,5,balance_graph,graph,map,120,0.19037037037037038,0.19037037037037038,0.0,0.0,0.0,0,0,120,1.0,0.0,0.0,0.0,0,0.0,0.0,0.0,0.0,0.0,0.0,0.0,0.0,,,,
fiqa,ms1_drop_mutual,pool50_ndcg5,50,5,balance_hybrid,hybrid,map,120,0.19016203703703702,0.19016203703703702,0.0,0.0,0.0,0,0,120,1.0,0.0,0.0,0.0,0,0.0,0.0,0.0,0.0,0.0,0.0,0.0,0.0,,,,
fiqa,ms1_drop_mutual,pool50_ndcg5,50,5,copeland_graph,graph,map,120,0.20601851851851852,0.20608796296296295,6.944444444444489e-05,0.0,0.012383523688781687,1,1,118,1.0,-0.0022916666666666654,0.0025000000000000005,0.5159,32,0.1,-0.0007703081232492994,0.0,0.0,0.0,0.0,0.0,0.0,,,,
fiqa,ms1_drop_mutual,pool50_ndcg5,50,5,copeland_hybrid,hybrid,map,120,0.1996064814814815,0.1996064814814815,0.0,0.0,0.0,0,0,120,1.0,0.0,0.0,0.0,0,0.0,0.0,0.0,0.0,0.0,0.0,0.0,0.0,,,,
fiqa,ms1_drop_mutual,pool50_ndcg5,50,5,markov_graph,graph,map,120,0.20814814814814814,0.20814814814814814,0.0,0.0,0.0,0,0,120,1.0,0.0,0.0,0.0,0,0.0,0.0,0.0,0.0,0.0,0.0,0.0,0.0,,,,
fiqa,ms2,pool20_ndcg10,20,10,balance_graph,graph,map,120,0.2191898148148148,0.2191898148148148,0.0,0.0,0.0,0,0,120,1.0,0.0,0.0,0.0,0,0.0,0.0,0.0,0.0,0.0,0.0,0.0,0.0,,,,
fiqa,ms2,pool20_ndcg10,20,10,balance_hybrid,hybrid,map,120,0.2289029431216931,0.2289029431216931,0.0,0.0,0.0,0,0,120,1.0,0.0,0.0,0.0,0,0.0,0.0,0.0,0.0,0.0,0.0,0.0,0.0,,,,
fiqa,ms2,pool20_ndcg10,20,10,copeland_graph,graph,map,120,0.20450727513227512,0.20450727513227512,0.0,0.0,0.0,0,0,120,1.0,0.0,0.0,0.0,0,0.0,0.0,0.0,0.0,0.0,0.0,0.0,0.0,,,,
fiqa,ms2,pool20_ndcg10,20,10,copeland_hybrid,hybrid,map,120,0.2269122023809524,0.2269122023809524,0.0,0.0,0.0,0,0,120,1.0,0.0,0.0,0.0,0,0.0,0.0,0.0,0.0,0.0,0.0,0.0,0.0,,,,
fiqa,ms2,pool20_ndcg10,20,10,markov_graph,graph,map,120,0.21882936507936504,0.21882936507936504,0.0,0.0,0.0,0,0,120,1.0,0.0,0.0,0.0,0,0.0,0.0,0.0,0.0,0.0,0.0,0.0,0.0,,,,
fiqa,ms2,pool20_ndcg20,20,20,balance_graph,graph,map,120,0.22587952724949628,0.22587952724949628,0.0,0.0,0.0,0,0,120,1.0,0.0,0.0,0.0,0,0.0,0.0,0.0,0.0,0.0,0.0,0.0,0.0,,,,
fiqa,ms2,pool20_ndcg20,20,20,balance_hybrid,hybrid,map,120,0.23773285316048476,0.23773285316048476,0.0,0.0,0.0,0,0,120,1.0,0.0,0.0,0.0,0,0.0,0.0,0.0,0.0,0.0,0.0,0.0,0.0,,,,
fiqa,ms2,pool20_ndcg20,20,20,copeland_graph,graph,map,120,0.21193097240020617,0.21193097240020617,0.0,0.0,0.0,0,0,120,1.0,0.0,0.0,0.0,0,0.0,0.0,0.0,0.0,0.0,0.0,0.0,0.0,,,,
fiqa,ms2,pool20_ndcg20,20,20,copeland_hybrid,hybrid,map,120,0.23578225507937195,0.23578225507937195,0.0,0.0,0.0,0,0,120,1.0,0.0,0.0,0.0,0,0.0,0.0,0.0,0.0,0.0,0.0,0.0,0.0,,,,
fiqa,ms2,pool20_ndcg20,20,20,markov_graph,graph,map,120,0.22572478666736598,0.22572478666736598,0.0,0.0,0.0,0,0,120,1.0,0.0,0.0,0.0,0,0.0,0.0,0.0,0.0,0.0,0.0,0.0,0.0,,,,
fiqa,ms2,pool20_ndcg5,20,5,balance_graph,graph,map,120,0.19599537037037038,0.19599537037037038,0.0,0.0,0.0,0,0,120,1.0,0.0,0.0,0.0,0,0.0,0.0,0.0,0.0,0.0,0.0,0.0,0.0,,,,
fiqa,ms2,pool20_ndcg5,20,5,balance_hybrid,hybrid,map,120,0.21168981481481483,0.21168981481481483,0.0,0.0,0.0,0,0,120,1.0,0.0,0.0,0.0,0,0.0,0.0,0.0,0.0,0.0,0.0,0.0,0.0,,,,
fiqa,ms2,pool20_ndcg5,20,5,copeland_graph,graph,map,120,0.18280092592592592,0.18280092592592592,0.0,0.0,0.0,0,0,120,1.0,0.0,0.0,0.0,0,0.0,0.0,0.0,0.0,0.0,0.0,0.0,0.0,,,,
fiqa,ms2,pool20_ndcg5,20,5,copeland_hybrid,hybrid,map,120,0.20960648148148148,0.20960648148148148,0.0,0.0,0.0,0,0,120,1.0,0.0,0.0,0.0,0,0.0,0.0,0.0,0.0,0.0,0.0,0.0,0.0,,,,
fiqa,ms2,pool20_ndcg5,20,5,markov_graph,graph,map,120,0.1979398148148148,0.1979398148148148,0.0,0.0,0.0,0,0,120,1.0,0.0,0.0,0.0,0,0.0,0.0,0.0,0.0,0.0,0.0,0.0,0.0,,,,
fiqa,ms2,pool50_ndcg10,50,10,balance_graph,graph,map,120,0.1852695105820106,0.1852695105820106,0.0,0.0,0.0,0,0,120,1.0,0.0,0.0,0.0,0,0.0,0.0,0.0,0.0,0.0,0.0,0.0,0.0,,,,
fiqa,ms2,pool50_ndcg10,50,10,balance_hybrid,hybrid,map,120,0.20372878086419752,0.20372878086419752,0.0,0.0,0.0,0,0,120,1.0,0.0,0.0,0.0,0,0.0,0.0,0.0,0.0,0.0,0.0,0.0,0.0,,,,
fiqa,ms2,pool50_ndcg10,50,10,copeland_graph,graph,map,120,0.17692680776014108,0.17692680776014108,0.0,0.0,0.0,0,0,120,1.0,0.0,0.0,0.0,0,0.0,0.0,0.0,0.0,0.0,0.0,0.0,0.0,,,,
fiqa,ms2,pool50_ndcg10,50,10,copeland_hybrid,hybrid,map,120,0.1998266644620811,0.1998266644620811,0.0,0.0,0.0,0,0,120,1.0,0.0,0.0,0.0,0,0.0,0.0,0.0,0.0,0.0,0.0,0.0,0.0,,,,
fiqa,ms2,pool50_ndcg10,50,10,markov_graph,graph,map,120,0.1873313492063492,0.1873313492063492,0.0,0.0,0.0,0,0,120,1.0,0.0,0.0,0.0,0,0.0,0.0,0.0,0.0,0.0,0.0,0.0,0.0,,,,
fiqa,ms2,pool50_ndcg20,50,20,balance_graph,graph,map,120,0.19610990054657818,0.19610990054657818,0.0,0.0,0.0,0,0,120,1.0,0.0,0.0,0.0,0,0.0,0.0,0.0,0.0,0.0,0.0,0.0,0.0,,,,
fiqa,ms2,pool50_ndcg20,50,20,balance_hybrid,hybrid,map,120,0.2120700522733869,0.2120700522733869,0.0,0.0,0.0,0,0,120,1.0,0.0,0.0,0.0,0,0.0,0.0,0.0,0.0,0.0,0.0,0.0,0.0,,,,
fiqa,ms2,pool50_ndcg20,50,20,copeland_graph,graph,map,120,0.1887940228607153,0.1887940228607153,0.0,0.0,0.0,0,0,120,1.0,0.0,0.0,0.0,0,0.0,0.0,0.0,0.0,0.0,0.0,0.0,0.0,,,,
fiqa,ms2,pool50_ndcg20,50,20,copeland_hybrid,hybrid,map,120,0.20813321364904827,0.20813321364904827,0.0,0.0,0.0,0,0,120,1.0,0.0,0.0,0.0,0,0.0,0.0,0.0,0.0,0.0,0.0,0.0,0.0,,,,
fiqa,ms2,pool50_ndcg20,50,20,markov_graph,graph,map,120,0.19860773389120912,0.19860773389120912,0.0,0.0,0.0,0,0,120,1.0,0.0,0.0,0.0,0,0.0,0.0,0.0,0.0,0.0,0.0,0.0,0.0,,,,
fiqa,ms2,pool50_ndcg5,50,5,balance_graph,graph,map,120,0.16388888888888886,0.16388888888888886,0.0,0.0,0.0,0,0,120,1.0,0.0,0.0,0.0,0,0.0,0.0,0.0,0.0,0.0,0.0,0.0,0.0,,,,
fiqa,ms2,pool50_ndcg5,50,5,balance_hybrid,hybrid,map,120,0.18879629629629632,0.18879629629629632,0.0,0.0,0.0,0,0,120,1.0,0.0,0.0,0.0,0,0.0,0.0,0.0,0.0,0.0,0.0,0.0,0.0,,,,
fiqa,ms2,pool50_ndcg5,50,5,copeland_graph,graph,map,120,0.15694444444444447,0.15694444444444447,0.0,0.0,0.0,0,0,120,1.0,0.0,0.0,0.0,0,0.0,0.0,0.0,0.0,0.0,0.0,0.0,0.0,,,,
fiqa,ms2,pool50_ndcg5,50,5,copeland_hybrid,hybrid,map,120,0.1836574074074074,0.1836574074074074,0.0,0.0,0.0,0,0,120,1.0,0.0,0.0,0.0,0,0.0,0.0,0.0,0.0,0.0,0.0,0.0,0.0,,,,
fiqa,ms2,pool50_ndcg5,50,5,markov_graph,graph,map,120,0.17152777777777778,0.17152777777777778,0.0,0.0,0.0,0,0,120,1.0,0.0,0.0,0.0,0,0.0,0.0,0.0,0.0,0.0,0.0,0.0,0.0,,,,
hotpotqa,ms1,pool10_ndcg5,10,5,balance_graph,graph,map,52,0.8358974358974359,0.8342948717948718,-0.0016025641025641023,0.0,0.011444596840613538,0,1,51,1.0,-0.004807692307692306,0.0,0.0,5a7cc50e554299452d57ba3e,-0.08333333333333331,0.0,0.0,0.0,0.0,0.0,0.0,0.0,,,,
hotpotqa,ms1,pool10_ndcg5,10,5,balance_hybrid,hybrid,map,52,0.8192307692307691,0.8240384615384614,0.004807692307692308,0.0,0.03433379052184063,1,0,51,1.0,0.0,0.014423076923076924,0.6338,5ab51dae5542991779162d82,0.25,0.0,0.0,0.0,0.0,0.0,0.0,0.0,,,,
hotpotqa,ms1,pool10_ndcg5,10,5,copeland_graph,graph,map,52,0.8120192307692307,0.8310897435897436,0.019070512820512822,0.0,0.12862621153131817,5,2,45,0.3655634436556344,-0.014583333333333334,0.057532051282051286,0.8529,5a85ea095542994775f606a8,0.5,0.009640522875816994,0.0,0.0,0.0,0.0,0.0,0.25,,,,
hotpotqa,ms1,pool10_ndcg5,10,5,copeland_hybrid,hybrid,map,52,0.8096153846153845,0.8256410256410256,0.016025641025641024,0.0,0.0767224948947809,3,0,49,0.25317468253174685,0.0,0.04006410256410256,0.956,5a85ea095542994775f606a8,0.5,0.006535947712418299,0.0,0.0,0.0,0.0,0.0,0.03749999999999961,,,,
hotpotqa,ms1,pool10_ndcg5,10,5,markov_graph,graph,map,52,0.8368589743589744,0.8374999999999999,0.000641025641025642,0.0,0.032185615924700484,1,2,49,1.0,-0.006410256410256409,0.010576923076923078,0.5013,5ab6d09255429954757d337d,0.2,-0.0032679738562091496,0.0,0.0,0.0,0.0,0.0,0.0,,,,
hotpotqa,ms1,pool35_ndcg10,35,10,balance_graph,graph,map,52,0.8122329059829059,0.8145299145299145,0.0022970085470085462,0.0,0.018447594226392156,1,1,50,1.0,-0.0008012820512820484,0.0076923076923076875,0.6328,5ae0361155429925eb1afc2c,0.13333333333333325,-0.0002723311546840949,0.0,0.0,0.0,0.0,0.0,0.0,,,,
hotpotqa,ms1,pool35_ndcg10,35,10,balance_hybrid,hybrid,map,52,0.8131639194139194,0.8131639194139194,0.0,0.0,0.0,0,0,52,1.0,0.0,0.0,0.0,5a8c7595554299585d9e36b6,0.0,0.0,0.0,0.0,0.0,0.0,0.0,0.0,,,,
hotpotqa,ms1,pool35_ndcg10,35,10,copeland_graph,graph,map,52,0.7775335775335775,0.7959859584859584,0.01845238095238095,0.0,0.08776159815844459,6,3,43,0.14438556144385561,-0.0022435897435897443,0.045535714285714284,0.9546,5a74106b55429979e288289e,0.5,0.009010270774976655,0.0,-0.006249999999999974,0.0,0.0,0.0,0.16749999999999934,,,,
hotpotqa,ms1,pool35_ndcg10,35,10,copeland_hybrid,hybrid,map,52,0.8029075091575091,0.8030677655677655,0.00016025641025641183,0.0,0.009024300144423776,1,1,50,1.0,-0.002403846153846152,0.0028846153846153874,0.5246,5ae0361155429925eb1afc2c,0.050000000000000044,-0.0008169934640522868,0.0,0.0,0.0,0.0,0.0,0.0,,,,
hotpotqa,ms1,pool35_ndcg10,35,10,markov_graph,graph,map,52,0.7837301587301587,0.7887362637362637,0.0050061050061050065,0.0,0.03311331336963575,2,3,47,0.49795020497950204,-0.0023656898656898647,0.015384615384615387,0.8552,5ab56e32554299637185c594,0.16666666666666674,0.0018362900715841884,0.0,-0.00500000000000003,0.0,0.0,0.0,0.0,,,,
hotpotqa,ms1,pool35_ndcg20,35,20,balance_graph,graph,map,52,0.814966691804927,0.8172637003519356,0.0022970085470085462,0.0,0.018447594226392156,1,1,50,1.0,-0.0008012820512820484,0.0076923076923076875,0.6328,5ae0361155429925eb1afc2c,0.13333333333333325,-0.0002723311546840949,0.0,0.0,0.0,0.0,0.0,0.0,,,,
hotpotqa,ms1,pool35_ndcg20,35,20,balance_hybrid,hybrid,map,52,0.8161942224442225,0.8161942224442225,0.0,0.0,0.0,0,0,52,1.0,0.0,0.0,0.0,5a8c7595554299585d9e36b6,0.0,0.0,0.0,0.0,0.0,0.0,0.0,0.0,,,,
hotpotqa,ms1,pool35_ndcg20,35,20,copeland_graph,graph,map,52,0.7792818292818293,0.7959859584859584,0.0167041292041292,0.0,0.08702207863026083,6,3,43,0.17348265173482652,-0.0036107642357642365,0.044100066600066594,0.9311,5a74106b55429979e288289e,0.5,0.007227739580680754,0.0,-0.006249999999999974,0.0,0.0,0.0,0.13999999999999913,,,,
hotpotqa,ms1,pool35_ndcg20,35,20,copeland_hybrid,hybrid,map,52,0.8041895604395605,0.8042696886446886,8.012820512820644e-05,0.0,0.00904384443728361,1,2,49,1.0,-0.002403846153846152,0.0028044871794871817,0.5152,5ae0361155429925eb1afc2c,0.050000000000000044,-0.0008986928104575159,0.0,0.0,0.0,0.0,0.0,0.0,,,,
hotpotqa,ms1,pool35_ndcg20,35,20,markov_graph,graph,map,52,0.7892653098535451,0.7940997115629469,0.0048344017094017104,0.0,0.03316193955288378,2,4,46,0.49795020497950204,-0.002522130647130647,0.015354471916971911,0.8507,5ab56e32554299637185c594,0.16666666666666674,0.0016612200435729846,0.0,-0.0099107142857143,0.0,0.0,0.0,0.0,,,,
hotpotqa,ms1,pool35_ndcg5,35,5,balance_graph,graph,map,52,0.8012820512820512,0.8038461538461538,0.0025641025641025624,0.0,0.018311354944981654,1,0,51,1.0,0.0,0.0076923076923076875,0.6328,5ae0361155429925eb1afc2c,0.13333333333333325,0.0,0.0,0.0,0.0,0.0,0.0,0.0,,,,
hotpotqa,ms1,pool35_ndcg5,35,5,balance_hybrid,hybrid,map,52,0.7996794871794871,0.7996794871794871,0.0,0.0,0.0,0,0,52,1.0,0.0,0.0,0.0,5a8c7595554299585d9e36b6,0.0,0.0,0.0,0.0,0.0,0.0,0.0,0.0,,,,
hotpotqa,ms1,pool35_ndcg5,35,5,copeland_graph,graph,map,52,0.7649038461538461,0.7794871794871795,0.014583333333333334,0.0,0.08877843531468142,4,2,46,0.2780721927807219,-0.006410256410256411,0.04262820512820513,0.8889,5a74106b55429979e288289e,0.5,0.005065359477124182,0.0,0.0,0.0,0.0,0.0,0.13999999999999913,,,,
hotpotqa,ms1,pool35_ndcg5,35,5,copeland_hybrid,hybrid,map,52,0.7875000000000001,0.7884615384615384,0.0009615384615384624,0.0,0.00686675810436813,1,0,51,1.0,0.0,0.0028846153846153874,0.6328,5ae0361155429925eb1afc2c,0.050000000000000044,0.0,0.0,0.0,0.0,0.0,0.0,0.0,,,,
hotpotqa,ms1,pool35_ndcg5,35,5,markov_graph,graph,map,52,0.7740384615384616,0.7826923076923076,0.008653846153846154,0.0,0.051421085565774044,2,1,49,0.49795020497950204,-0.0019230769230769206,0.02564102564102564,0.8692,5ae0361155429925eb1afc2c,0.33333333333333326,0.002287581699346408,0.0,0.0,0.0,0.0,0.0,0.0,,,,
hotpotqa,ms1_drop_mutual,pool10_ndcg5,10,5,balance_graph,graph,map,52,0.8368589743589744,0.8368589743589744,0.0,0.0,0.0,0,0,52,1.0,0.0,0.0,0.0,5a8c7595554299585d9e36b6,0.0,0.0,0.0,0.0,0.0,0.0,0.0,0.0,,,,
hotpotqa,ms1_drop_mutual,pool10_ndcg5,10,5,balance_hybrid,hybrid,map,52,0.8192307692307691,0.8192307692307691,0.0,0.0,0.0,0,0,52,1.0,0.0,0.0,0.0,5a8c7595554299585d9e36b6,0.0,0.0,0.0,0.0,0.0,0.0,0.0,0.0,,,,
hotpotqa,ms1_drop_mutual,pool10_ndcg5,10,5,copeland_graph,graph,map,52,0.8120192307692307,0.8120192307692307,0.0,0.0,0.0,0,0,52,1.0,0.0,0.0,0.0,5a8c7595554299585d9e36b6,0.0,0.0,0.0,0.0,0.0,0.0,0.0,0.0,,,,
hotpotqa,ms1_drop_mutual,pool10_ndcg5,10,5,copeland_hybrid,hybrid,map,52,0.8096153846153845,0.8096153846153845,0.0,0.0,0.0,0,0,52,1.0,0.0,0.0,0.0,5a8c7595554299585d9e36b6,0.0,0.0,0.0,0.0,0.0,0.0,0.0,0.0,,,,
hotpotqa,ms1_drop_mutual,pool10_ndcg5,10,5,markov_graph,graph,map,52,0.832051282051282,0.832051282051282,0.0,0.0,0.0,0,0,52,1.0,0.0,0.0,0.0,5a8c7595554299585d9e36b6,0.0,0.0,0.0,0.0,0.0,0.0,0.0,0.0,,,,
hotpotqa,ms1_drop_mutual,pool35_ndcg10,35,10,balance_graph,graph,map,52,0.8130036630036629,0.8130036630036629,0.0,0.0,0.0,0,0,52,1.0,0.0,0.0,0.0,5a8c7595554299585d9e36b6,0.0,0.0,0.0,0.0,0.0,0.0,0.0,0.0,,,,
hotpotqa,ms1_drop_mutual,pool35_ndcg10,35,10,balance_hybrid,hybrid,map,52,0.8131639194139194,0.8131639194139194,0.0,0.0,0.0,0,0,52,1.0,0.0,0.0,0.0,5a8c7595554299585d9e36b6,0.0,0.0,0.0,0.0,0.0,0.0,0.0,0.0,,,,
hotpotqa,ms1_drop_mutual,pool35_ndcg10,35,10,copeland_graph,graph,map,52,0.7775335775335775,0.7775335775335775,0.0,0.0,0.0,0,0,52,1.0,0.0,0.0,0.0,5a8c7595554299585d9e36b6,0.0,0.0,0.0,0.0,0.0,0.0,0.0,0.0,,,,
hotpotqa,ms1_drop_mutual,pool35_ndcg10,35,10,copeland_hybrid,hybrid,map,52,0.8029075091575091,0.8029075091575091,0.0,0.0,0.0,0,0,52,1.0,0.0,0.0,0.0,5a8c7595554299585d9e36b6,0.0,0.0,0.0,0.0,0.0,0.0,0.0,0.0,,,,
hotpotqa,ms1_drop_mutual,pool35_ndcg10,35,10,markov_graph,graph,map,52,0.7830357142857143,0.7830357142857143,0.0,0.0,0.0,0,0,52,1.0,0.0,0.0,0.0,5a8c7595554299585d9e36b6,0.0,0.0,0.0,0.0,0.0,0.0,0.0,0.0,,,,
hotpotqa,ms1_drop_mutual,pool35_ndcg20,35,20,balance_graph,graph,map,52,0.8174107142857143,0.8174107142857143,0.0,0.0,0.0,0,0,52,1.0,0.0,0.0,0.0,5a8c7595554299585d9e36b6,0.0,0.0,0.0,0.0,0.0,0.0,0.0,0.0,,,,
hotpotqa,ms1_drop_mutual,pool35_ndcg20,35,20,balance_hybrid,hybrid,map,52,0.8161942224442225,0.8161942224442225,0.0,0.0,0.0,0,0,52,1.0,0.0,0.0,0.0,5a8c7595554299585d9e36b6,0.0,0.0,0.0,0.0,0.0,0.0,0.0,0.0,,,,
hotpotqa,ms1_drop_mutual,pool35_ndcg20,35,20,copeland_graph,graph,map,52,0.7792818292818293,0.7792818292818293,0.0,0.0,0.0,0,0,52,1.0,0.0,0.0,0.0,5a8c7595554299585d9e36b6,0.0,0.0,0.0,0.0,0.0,0.0,0.0,0.0,,,,
hotpotqa,ms1_drop_mutual,pool35_ndcg20,35,20,copeland_hybrid,hybrid,map,52,0.8041895604395605,0.8041895604395605,0.0,0.0,0.0,0,0,52,1.0,0.0,0.0,0.0,5a8c7595554299585d9e36b6,0.0,0.0,0.0,0.0,0.0,0.0,0.0,0.0,,,,
hotpotqa,ms1_drop_mutual,pool35_ndcg20,35,20,markov_graph,graph,map,52,0.7882483325498032,0.7882483325498032,0.0,0.0,0.0,0,0,52,1.0,0.0,0.0,0.0,5a8c7595554299585d9e36b6,0.0,0.0,0.0,0.0,0.0,0.0,0.0,0.0,,,,
hotpotqa,ms1_drop_mutual,pool35_ndcg5,35,5,balance_graph,graph,map,52,0.8038461538461538,0.8038461538461538,0.0,0.0,0.0,0,0,52,1.0,0.0,0.0,0.0,5a8c7595554299585d9e36b6,0.0,0.0,0.0,0.0,0.0,0.0,0.0,0.0,,,,
hotpotqa,ms1_drop_mutual,pool35_ndcg5,35,5,balance_hybrid,hybrid,map,52,0.7996794871794871,0.7996794871794871,0.0,0.0,0.0,0,0,52,1.0,0.0,0.0,0.0,5a8c7595554299585d9e36b6,0.0,0.0,0.0,0.0,0.0,0.0,0.0,0.0,,,,
hotpotqa,ms1_drop_mutual,pool35_ndcg5,35,5,copeland_graph,graph,map,52,0.7649038461538461,0.7649038461538461,0.0,0.0,0.0,0,0,52,1.0,0.0,0.0,0.0,5a8c7595554299585d9e36b6,0.0,0.0,0.0,0.0,0.0,0.0,0.0,0.0,,,,
hotpotqa,ms1_drop_mutual,pool35_ndcg5,35,5,copeland_hybrid,hybrid,map,52,0.7875000000000001,0.7875000000000001,0.0,0.0,0.0,0,0,52,1.0,0.0,0.0,0.0,5a8c7595554299585d9e36b6,0.0,0.0,0.0,0.0,0.0,0.0,0.0,0.0,,,,
hotpotqa,ms1_drop_mutual,pool35_ndcg5,35,5,markov_graph,graph,map,52,0.7770833333333333,0.7770833333333333,0.0,0.0,0.0,0,0,52,1.0,0.0,0.0,0.0,5a8c7595554299585d9e36b6,0.0,0.0,0.0,0.0,0.0,0.0,0.0,0.0,,,,
hotpotqa,ms2,pool10_ndcg5,10,5,balance_graph,graph,map,52,0.8224358974358974,0.8224358974358974,0.0,0.0,0.0,0,0,52,1.0,0.0,0.0,0.0,5a8c7595554299585d9e36b6,0.0,0.0,0.0,0.0,0.0,0.0,0.0,0.0,,,,
hotpotqa,ms2,pool10_ndcg5,10,5,balance_hybrid,hybrid,map,52,0.8208333333333333,0.8208333333333333,0.0,0.0,0.0,0,0,52,1.0,0.0,0.0,0.0,5a8c7595554299585d9e36b6,0.0,0.0,0.0,0.0,0.0,0.0,0.0,0.0,,,,
hotpotqa,ms2,pool10_ndcg5,10,5,copeland_graph,graph,map,52,0.7905448717948718,0.7905448717948718,0.0,0.0,0.0,0,0,52,1.0,0.0,0.0,0.0,5a8c7595554299585d9e36b6,0.0,0.0,0.0,0.0,0.0,0.0,0.0,0.0,,,,
hotpotqa,ms2,pool10_ndcg5,10,5,copeland_hybrid,hybrid,map,52,0.8208333333333333,0.8208333333333333,0.0,0.0,0.0,0,0,52,1.0,0.0,0.0,0.0,5a8c7595554299585d9e36b6,0.0,0.0,0.0,0.0,0.0,0.0,0.0,0.0,,,,
hotpotqa,ms2,pool10_ndcg5,10,5,markov_graph,graph,map,52,0.8025641025641026,0.8025641025641026,0.0,0.0,0.0,0,0,52,1.0,0.0,0.0,0.0,5a8c7595554299585d9e36b6,0.0,0.0,0.0,0.0,0.0,0.0,0.0,0.0,,,,
hotpotqa,ms2,pool35_ndcg10,35,10,balance_graph,graph,map,52,0.8038461538461537,0.8038461538461537,0.0,0.0,0.0,0,0,52,1.0,0.0,0.0,0.0,5a8c7595554299585d9e36b6,0.0,0.0,0.0,0.0,0.0,0.0,0.0,0.0,,,,
hotpotqa,ms2,pool35_ndcg10,35,10,balance_hybrid,hybrid,map,52,0.815407509157509,0.815407509157509,0.0,0.0,0.0,0,0,52,1.0,0.0,0.0,0.0,5a8c7595554299585d9e36b6,0.0,0.0,0.0,0.0,0.0,0.0,0.0,0.0,,,,
hotpotqa,ms2,pool35_ndcg10,35,10,copeland_graph,graph,map,52,0.7754807692307693,0.7754807692307693,0.0,0.0,0.0,0,0,52,1.0,0.0,0.0,0.0,5a8c7595554299585d9e36b6,0.0,0.0,0.0,0.0,0.0,0.0,0.0,0.0,,,,
hotpotqa,ms2,pool35_ndcg10,35,10,copeland_hybrid,hybrid,map,52,0.8030677655677655,0.8030677655677655,0.0,0.0,0.0,0,0,52,1.0,0.0,0.0,0.0,5a8c7595554299585d9e36b6,0.0,0.0,0.0,0.0,0.0,0.0,0.0,0.0,,,,
hotpotqa,ms2,pool35_ndcg10,35,10,markov_graph,graph,map,52,0.7759615384615384,0.7759615384615384,0.0,0.0,0.0,0,0,52,1.0,0.0,0.0,0.0,5a8c7595554299585d9e36b6,0.0,0.0,0.0,0.0,0.0,0.0,0.0,0.0,,,,
hotpotqa,ms2,pool35_ndcg20,35,20,balance_graph,graph,map,52,0.8059266756635176,0.8059266756635176,0.0,0.0,0.0,0,0,52,1.0,0.0,0.0,0.0,5a8c7595554299585d9e36b6,0.0,0.0,0.0,0.0,0.0,0.0,0.0,0.0,,,,
hotpotqa,ms2,pool35_ndcg20,35,20,balance_hybrid,hybrid,map,52,0.8184378121878121,0.8184378121878121,0.0,0.0,0.0,0,0,52,1.0,0.0,0.0,0.0,5a8c7595554299585d9e36b6,0.0,0.0,0.0,0.0,0.0,0.0,0.0,0.0,,,,
hotpotqa,ms2,pool35_ndcg20,35,20,copeland_graph,graph,map,52,0.7793924825174826,0.7793924825174826,0.0,0.0,0.0,0,0,52,1.0,0.0,0.0,0.0,5a8c7595554299585d9e36b6,0.0,0.0,0.0,0.0,0.0,0.0,0.0,0.0,,,,
hotpotqa,ms2,pool35_ndcg20,35,20,copeland_hybrid,hybrid,map,52,0.807059607059607,0.807059607059607,0.0,0.0,0.0,0,0,52,1.0,0.0,0.0,0.0,5a8c7595554299585d9e36b6,0.0,0.0,0.0,0.0,0.0,0.0,0.0,0.0,,,,
hotpotqa,ms2,pool35_ndcg20,35,20,markov_graph,graph,map,52,0.7820127859095469,0.7820127859095469,0.0,0.0,0.0,0,0,52,1.0,0.0,0.0,0.0,5a8c7595554299585d9e36b6,0.0,0.0,0.0,0.0,0.0,0.0,0.0,0.0,,,,
hotpotqa,ms2,pool35_ndcg5,35,5,balance_graph,graph,map,52,0.7942307692307692,0.7942307692307692,0.0,0.0,0.0,0,0,52,1.0,0.0,0.0,0.0,5a8c7595554299585d9e36b6,0.0,0.0,0.0,0.0,0.0,0.0,0.0,0.0,,,,
hotpotqa,ms2,pool35_ndcg5,35,5,balance_hybrid,hybrid,map,52,0.805128205128205,0.805128205128205,0.0,0.0,0.0,0,0,52,1.0,0.0,0.0,0.0,5a8c7595554299585d9e36b6,0.0,0.0,0.0,0.0,0.0,0.0,0.0,0.0,,,,
hotpotqa,ms2,pool35_ndcg5,35,5,copeland_graph,graph,map,52,0.7722756410256412,0.7722756410256412,0.0,0.0,0.0,0,0,52,1.0,0.0,0.0,0.0,5a8c7595554299585d9e36b6,0.0,0.0,0.0,0.0,0.0,0.0,0.0,0.0,,,,
hotpotqa,ms2,pool35_ndcg5,35,5,copeland_hybrid,hybrid,map,52,0.7900641025641024,0.7900641025641024,0.0,0.0,0.0,0,0,52,1.0,0.0,0.0,0.0,5a8c7595554299585d9e36b6,0.0,0.0,0.0,0.0,0.0,0.0,0.0,0.0,,,,
hotpotqa,ms2,pool35_ndcg5,35,5,markov_graph,graph,map,52,0.7759615384615384,0.7759615384615384,0.0,0.0,0.0,0,0,52,1.0,0.0,0.0,0.0,5a8c7595554299585d9e36b6,0.0,0.0,0.0,0.0,0.0,0.0,0.0,0.0,,,,
scidocs,ms1,pool20_ndcg10,20,10,balance_graph,graph,map,120,0.1946275352733686,0.19358752204585536,-0.0010400132275132283,0.0,0.02714362578578099,8,8,104,0.6938306169383062,-0.00617075892857143,0.0036344659391534325,0.3433,0bf046038a555bc848030a28530f9836e5611b96,-0.16666666666666669,0.0003518073896225149,0.0,-0.015694444444444445,0.0,0.0,0.0,0.019047619047618973,,,,
scidocs,ms1,pool20_ndcg10,20,10,balance_hybrid,hybrid,map,120,0.2219367283950617,0.22098517416225746,-0.0009515542328042326,0.0,0.011587769409359072,3,5,112,0.40085991400859916,-0.003311032572751322,0.0009004629629629611,0.1752,071f47b7bc5830643e31dbed82e0375bf9b26559,-0.09999999999999998,-0.00011921435240762965,0.0,0.0,0.0,0.0,0.0,0.0,,,,
scidocs,ms1,pool20_ndcg10,20,10,copeland_graph,graph,map,120,0.17700958994708996,0.19184138007054674,0.014831790123456787,0.0,0.07473813313968239,31,16,73,0.022897710228977103,0.0026361386684303325,0.029118504739858903,0.9923,78495383450e02c5fe817e408726134b3084905d,0.5,0.010754746342981633,0.0,-0.07805555555555556,0.0,0.0,0.008134920634920655,0.1333333333333333,,,,
scidocs,ms1,pool20_ndcg10,20,10,copeland_hybrid,hybrid,map,120,0.21583388447971782,0.22616457231040563,0.010330687830687833,0.0,0.057791183918168086,23,9,88,0.0292970702929707,0.0012976190476190507,0.021791129298941798,0.99,78495383450e02c5fe817e408726134b3084905d,0.5,0.006215819661197814,0.0,-0.012003968253968237,0.0,0.0,0.0,0.06354166666666661,,,,
scidocs,ms1,pool20_ndcg10,20,10,markov_graph,graph,map,120,0.1904302799823633,0.19843540564373896,0.008005125661375661,0.0,0.05586065392608091,15,8,97,0.11598840115988401,-0.0004009796626984107,0.019411479001322753,0.9664,6519bf5580fcdcc9c50fd72c6c8dc5d040d443e8,0.5,0.003870714952647727,0.0,-0.01785714285714285,0.0,0.0,0.0,0.05027777777777776,,,,
scidocs,ms1,pool20_ndcg20,20,20,balance_graph,graph,map,120,0.22203462984861336,0.21948252949368788,-0.0025521003549254326,0.0,0.024358416606682566,12,18,90,0.272972702729727,-0.007288031337857188,0.0015579895438883424,0.1178,0bf046038a555bc848030a28530f9836e5611b96,-0.16666666666666669,-0.0011729863523057586,0.0,-0.012569444444444442,0.0,0.0,0.0,0.009141414141414141,,,,
scidocs,ms1,pool20_ndcg20,20,20,balance_hybrid,hybrid,map,120,0.24561587840741606,0.2450431120533997,-0.0005727663540163551,0.0,0.0052286953165614205,3,5,112,0.2866713328667133,-0.001648178210678213,0.00018338143338143345,0.0945,9003fb79e7848ced3be975c3d87a9348a4b8d377,-0.050000000000000044,-0.0001574114494282569,0.0,0.0,0.0,0.0,0.0,0.0,,,,
scidocs,ms1,pool20_ndcg20,20,20,copeland_graph,graph,map,120,0.2057226496378006,0.21902155081641023,0.01329890117860964,0.0,0.06772922975989641,36,22,62,0.016698330166983303,0.002676207076448948,0.026820814439455592,0.994,78495383450e02c5fe817e408726134b3084905d,0.5,0.009208975978429887,0.0,-0.045755866940077466,0.0,0.0,0.0111111111111111,0.08361111111111111,,,,
scidocs,ms1,pool20_ndcg20,20,20,copeland_hybrid,hybrid,map,120,0.23963365801343095,0.24976361724265495,0.010129959229223936,0.0,0.05589378046082487,30,10,80,0.019998000199980003,0.0015601107430151526,0.021255323822419413,0.9929,78495383450e02c5fe817e408726134b3084905d,0.5,0.006013404264763633,0.0,-0.011907814407814394,0.0,0.0,0.0008169934640522847,0.0502777777777778,,,,
scidocs,ms1,pool20_ndcg20,20,20,markov_graph,graph,map,120,0.21710166350939702,0.22463473839589684,0.00753307488649981,0.0,0.052881934510677714,19,18,83,0.11038896110388961,-4.2283133783713865e-06,0.01833771863868129,0.9748,6519bf5580fcdcc9c50fd72c6c8dc5d040d443e8,0.5,0.003394697364537624,0.0,-0.01455298786181138,0.0,0.0,0.0,0.02277777777777778,,,,
scidocs,ms1,pool20_ndcg5,20,5,balance_graph,graph,map,120,0.1663564814814815,0.1626064814814815,-0.0037500000000000007,0.0,0.0289845504823978,2,5,113,0.1332866713328667,-0.009444444444444445,0.0006944444444444443,0.0513,9003fb79e7848ced3be975c3d87a9348a4b8d377,-0.19999999999999996,-0.0021008403361344546,0.0,0.0,0.0,0.0,0.0,0.0,,,,
scidocs,ms1,pool20_ndcg5,20,5,balance_hybrid,hybrid,map,120,0.1874537037037037,0.18703703703703703,-0.000416666666666667,0.0,0.00454529671443155,0,1,119,1.0,-0.0012500000000000011,0.0,0.0,9003fb79e7848ced3be975c3d87a9348a4b8d377,-0.050000000000000044,0.0,0.0,0.0,0.0,0.0,0.0,0.0,,,,
scidocs,ms1,pool20_ndcg5,20,5,copeland_graph,graph,map,120,0.15023842592592593,0.16188657407407406,0.011648148148148149,0.0,0.07626676039682433,16,9,95,0.09919008099190081,-0.0012153356481481494,0.026625752314814805,0.9606,78495383450e02c5fe817e408726134b3084905d,0.5,0.007544351073762837,0.0,-0.04999999999999999,0.0,0.0,0.0,0.10166666666666657,,,,
scidocs,ms1,pool20_ndcg5,20,5,copeland_hybrid,hybrid,map,120,0.18208333333333335,0.19215277777777776,0.010069444444444445,0.0,0.05822085993334864,13,2,105,0.0405959404059594,0.0011111111111111111,0.021736111111111112,0.9876,78495383450e02c5fe817e408726134b3084905d,0.5,0.005952380952380954,0.0,0.0,0.0,0.0,0.0,0.05694444444444439,,,,
scidocs,ms1,pool20_ndcg5,20,5,markov_graph,graph,map,120,0.160037037037037,0.17038425925925926,0.010347222222222223,0.0,0.056560315164815064,7,1,112,0.029897010298970104,0.0018749999999999995,0.021527777777777778,0.9964,6519bf5580fcdcc9c50fd72c6c8dc5d040d443e8,0.5,0.006232492997198879,0.0,0.0,0.0,0.0,0.0,0.0420833333333333,,,,
scidocs,ms1,pool50_ndcg10,50,10,balance_graph,graph,map,120,0.16644218474426806,0.16553058862433861,-0.000911596119929454,0.0,0.020017280712198614,3,10,107,0.6724327567243276,-0.004297867063492066,0.002921130952380951,0.2873,fd65ca4e3ae95302f74bf863988cdb95d6a12824,0.16666666666666669,-0.002319816815615136,0.0,-0.011250000000000067,0.0,0.0,0.0,0.0,,,,
scidocs,ms1,pool50_ndcg10,50,10,balance_hybrid,hybrid,map,120,0.17991765873015872,0.18199548059964726,0.0020778218694885364,0.0,0.01599728504413101,5,0,115,0.05909409059094091,7.716049382716044e-05,0.005390211640211641,0.994,fd65ca4e3ae95302f74bf863988cdb95d6a12824,0.16666666666666669,0.0006947223333777956,0.0,0.0,0.0,0.0,0.0,0.0,,,,
scidocs,ms1,pool50_ndcg10,50,10,copeland_graph,graph,map,120,0.1790120701058201,0.1709455467372134,-0.008066523368606702,0.0,0.09063878371510767,22,19,79,0.3491650834916508,-0.025679358190035275,0.006676386133156963,0.1662,a22e737d38a1bc671893a7ed341aba436571097a,-0.5,-0.003932628606998355,0.0,-0.07592592592592597,0.0,0.0,0.0,0.08333333333333331,,,,
scidocs,ms1,pool50_ndcg10,50,10,copeland_hybrid,hybrid,map,120,0.18472712742504407,0.18377634479717814,-0.0009507826278659608,0.0,0.03343220597286854,16,11,93,0.7806219378062194,-0.007330756723985892,0.004640408675044091,0.3856,6519bf5580fcdcc9c50fd72c6c8dc5d040d443e8,-0.25,0.0011420679382864263,0.0,-0.02084986772486772,0.0,0.0,0.0,0.024999999999999967,,,,
scidocs,ms1,pool50_ndcg10,50,10,markov_graph,graph,map,120,0.18284027777777778,0.18231922398589068,-0.0005210537918871256,0.0,0.01653261441471199,11,13,96,0.742025797420258,-0.003460416666666668,0.00237832341269841,0.3601,19115f66f6ac1c02568bbb38eceedfa3521a8cc2,-0.08333333333333334,0.0001748477168645232,0.0,-0.0333333333333333,0.0,0.0,0.0,0.024999999999999994,,,,
scidocs,ms1,pool50_ndcg20,50,20,balance_graph,graph,map,120,0.18732693166885958,0.18886788823324557,0.001540956564386003,0.0,0.016994702752645446,13,19,88,0.41555844415558446,-0.0008085130045458836,0.004964430093601599,0.8396,fd65ca4e3ae95302f74bf863988cdb95d6a12824,0.16666666666666669,0.00015334555512314007,0.0,-0.008942924765293157,0.0,0.0,0.0,0.005598568098568101,,,,
scidocs,ms1,pool50_ndcg20,50,20,balance_hybrid,hybrid,map,120,0.1986140794476708,0.2007401782036715,0.002126098756000716,0.0,0.015995384163238396,7,0,113,0.014198580141985802,0.00012736845579982862,0.005431155479868714,0.9994,fd65ca4e3ae95302f74bf863988cdb95d6a12824,0.16666666666666669,0.0007434049080119265,0.0,0.0,0.0,0.0,0.0,0.0025623885918003575,,,,
scidocs,ms1,pool50_ndcg20,50,20,copeland_graph,graph,map,120,0.20320520286566143,0.19325874227657636,-0.009946460589085073,0.0,0.08611533291457954,32,27,61,0.22057794220577942,-0.027091023877056513,0.003680773672163792,0.096,a22e737d38a1bc671893a7ed341aba436571097a,-0.5,-0.0058283636192454505,0.0,-0.06600694444444444,0.0,0.0,0.0037525017981674194,0.05724867724867726,,,,
scidocs,ms1,pool50_ndcg20,50,20,copeland_hybrid,hybrid,map,120,0.20255725119847282,0.20296550987998352,0.0004082586815107454,0.0,0.03103928465631306,24,15,81,0.8882111788821118,-0.005503795492773336,0.005638352957081186,0.5804,6519bf5580fcdcc9c50fd72c6c8dc5d040d443e8,-0.25,0.0025125297628679787,0.0,-0.020113636363636368,0.0,0.0,0.0,0.024999999999999967,,,,
scidocs,ms1,pool50_ndcg20,50,20,markov_graph,graph,map,120,0.20158186940004535,0.20043215451606836,-0.0011497148839770101,0.0,0.015483254961954095,16,24,80,0.42985701429857015,-0.003950632677603138,0.0015133768505519356,0.2042,19115f66f6ac1c02568bbb38eceedfa3521a8cc2,-0.07714138286893707,-0.0005111294387252448,0.0,-0.025065789473684232,0.0,0.0,0.0,0.022455357142857114,,,,
scidocs,ms1,pool50_ndcg5,50,5,balance_graph,graph,map,120,0.13849768518518518,0.14113657407407407,0.0026388888888888894,0.0,0.024055860275206262,2,1,117,0.5011498850114988,-0.0008333333333333334,0.007638888888888889,0.8564,3be10c45163c61dfb9f250412699b3f8cb0ada1d,0.2,0.0009803921568627453,0.0,0.0,0.0,0.0,0.0,0.0,,,,
scidocs,ms1,pool50_ndcg5,50,5,balance_hybrid,hybrid,map,120,0.153,0.15485185185185185,0.001851851851851852,0.0,0.015930231976004867,2,0,118,0.49465053494650535,0.0,0.005092592592592593,0.8614,fd65ca4e3ae95302f74bf863988cdb95d6a12824,0.16666666666666669,0.0004668534080298786,0.0,0.0,0.0,0.0,0.0,0.0,,,,
scidocs,ms1,pool50_ndcg5,50,5,copeland_graph,graph,map,120,0.1538611111111111,0.14696527777777776,-0.0068958333333333345,0.0,0.08954824652030385,12,7,101,0.42045795420457954,-0.02477777777777778,0.007764062499999997,0.2035,a22e737d38a1bc671893a7ed341aba436571097a,-0.5,-0.002752100840336135,0.0,-0.02624999999999999,0.0,0.0,0.0,0.06749999999999995,,,,
scidocs,ms1,pool50_ndcg5,50,5,copeland_hybrid,hybrid,map,120,0.15781018518518522,0.15738194444444442,-0.0004282407407407412,0.0,0.03048961520892211,5,4,111,0.8741125887411259,-0.006423611111111112,0.004618055555555556,0.4553,6519bf5580fcdcc9c50fd72c6c8dc5d040d443e8,-0.25,0.0016690009337068158,0.0,0.0,0.0,0.0,0.0,0.0,,,,
scidocs,ms1,pool50_ndcg5,50,5,markov_graph,graph,map,120,0.1601898148148148,0.16078703703703703,0.0005972222222222219,0.0,0.030529126827941597,5,5,110,0.8443155684431557,-0.004652777777777777,0.006361111111111112,0.5696,3be10c45163c61dfb9f250412699b3f8cb0ada1d,0.2,-0.0010784313725490198,0.0,0.0,0.0,0.0,0.0,0.0,,,,
scidocs,ms1_drop_mutual,pool20_ndcg10,20,10,balance_graph,graph,map,120,0.18896136463844795,0.18896136463844795,0.0,0.0,0.0,0,0,120,1.0,0.0,0.0,0.0,78495383450e02c5fe817e408726134b3084905d,0.0,0.0,0.0,0.0,0.0,0.0,0.0,0.0,,,,
scidocs,ms1_drop_mutual,pool20_ndcg10,20,10,balance_hybrid,hybrid,map,120,0.2137976741622575,0.2137976741622575,0.0,0.0,0.0,0,0,120,1.0,0.0,0.0,0.0,78495383450e02c5fe817e408726134b3084905d,0.0,0.0,0.0,0.0,0.0,0.0,0.0,0.0,,,,
scidocs,ms1_drop_mutual,pool20_ndcg10,20,10,copeland_graph,graph,map,120,0.17783162477954143,0.1785260692239859,0.0006944444444444443,0.0,0.007575494524052576,1,0,119,1.0,0.0,0.002083333333333333,0.6287,30c9a7660281ad8e4538ff9beb20282c74fac810,0.08333333333333331,0.0,0.0,0.0,0.0,0.0,0.0,0.0,,,,
scidocs,ms1_drop_mutual,pool20_ndcg10,20,10,copeland_hybrid,hybrid,map,120,0.21402832892416226,0.21402832892416226,0.0,0.0,0.0,0,0,120,1.0,0.0,0.0,0.0,78495383450e02c5fe817e408726134b3084905d,0.0,0.0,0.0,0.0,0.0,0.0,0.0,0.0,,,,
scidocs,ms1_drop_mutual,pool20_ndcg10,20,10,markov_graph,graph,map,120,0.1889208553791887,0.1889208553791887,0.0,0.0,0.0,0,0,120,1.0,0.0,0.0,0.0,78495383450e02c5fe817e408726134b3084905d,0.0,0.0,0.0,0.0,0.0,0.0,0.0,0.0,,,,
scidocs,ms1_drop_mutual,pool20_ndcg20,20,20,balance_graph,graph,map,120,0.21576778435750316,0.21576778435750316,0.0,0.0,0.0,0,0,120,1.0,0.0,0.0,0.0,78495383450e02c5fe817e408726134b3084905d,0.0,0.0,0.0,0.0,0.0,0.0,0.0,0.0,,,,
scidocs,ms1_drop_mutual,pool20_ndcg20,20,20,balance_hybrid,hybrid,map,120,0.23741817095419393,0.23741817095419393,0.0,0.0,0.0,0,0,120,1.0,0.0,0.0,0.0,78495383450e02c5fe817e408726134b3084905d,0.0,0.0,0.0,0.0,0.0,0.0,0.0,0.0,,,,
scidocs,ms1_drop_mutual,pool20_ndcg20,20,20,copeland_graph,graph,map,120,0.20630014841205505,0.2069945928564995,0.0006944444444444443,0.0,0.007575494524052576,1,0,119,1.0,0.0,0.002083333333333333,0.6287,30c9a7660281ad8e4538ff9beb20282c74fac810,0.08333333333333331,0.0,0.0,0.0,0.0,0.0,0.0,0.0,,,,
scidocs,ms1_drop_mutual,pool20_ndcg20,20,20,copeland_hybrid,hybrid,map,120,0.2378544071716801,0.2378544071716801,0.0,0.0,0.0,0,0,120,1.0,0.0,0.0,0.0,78495383450e02c5fe817e408726134b3084905d,0.0,0.0,0.0,0.0,0.0,0.0,0.0,0.0,,,,
scidocs,ms1_drop_mutual,pool20_ndcg20,20,20,markov_graph,graph,map,120,0.21571620977467856,0.21571620977467856,0.0,0.0,0.0,0,0,120,1.0,0.0,0.0,0.0,78495383450e02c5fe817e408726134b3084905d,0.0,0.0,0.0,0.0,0.0,0.0,0.0,0.0,,,,
scidocs,ms1_drop_mutual,pool20_ndcg5,20,5,balance_graph,graph,map,120,0.16231481481481483,0.16231481481481483,0.0,0.0,0.0,0,0,120,1.0,0.0,0.0,0.0,78495383450e02c5fe817e408726134b3084905d,0.0,0.0,0.0,0.0,0.0,0.0,0.0,0.0,,,,
scidocs,ms1_drop_mutual,pool20_ndcg5,20,5,balance_hybrid,hybrid,map,120,0.1789814814814815,0.1789814814814815,0.0,0.0,0.0,0,0,120,1.0,0.0,0.0,0.0,78495383450e02c5fe817e408726134b3084905d,0.0,0.0,0.0,0.0,0.0,0.0,0.0,0.0,,,,
scidocs,ms1_drop_mutual,pool20_ndcg5,20,5,copeland_graph,graph,map,120,0.15016898148148147,0.15086342592592591,0.0006944444444444443,0.0,0.007575494524052576,1,0,119,1.0,0.0,0.002083333333333333,0.6287,30c9a7660281ad8e4538ff9beb20282c74fac810,0.08333333333333331,0.0,0.0,0.0,0.0,0.0,0.0,0.0,,,,
scidocs,ms1_drop_mutual,pool20_ndcg5,20,5,copeland_hybrid,hybrid,map,120,0.1802777777777778,0.1802777777777778,0.0,0.0,0.0,0,0,120,1.0,0.0,0.0,0.0,78495383450e02c5fe817e408726134b3084905d,0.0,0.0,0.0,0.0,0.0,0.0,0.0,0.0,,,,
scidocs,ms1_drop_mutual,pool20_ndcg5,20,5,markov_graph,graph,map,120,0.16043981481481484,0.16043981481481484,0.0,0.0,0.0,0,0,120,1.0,0.0,0.0,0.0,78495383450e02c5fe817e408726134b3084905d,0.0,0.0,0.0,0.0,0.0,0.0,0.0,0.0,,,,
scidocs,ms1_drop_mutual,pool50_ndcg10,50,10,balance_graph,graph,map,120,0.16546075837742505,0.16523754409171076,-0.00022321428571428563,0.0,0.0018088163364796443,0,2,118,0.5046495350464953,-0.000595238095238095,0.0,0.0,8501e330d78391f4e690886a8eb8fac867704ea6,-0.01785714285714285,-7.503001200480189e-05,0.0,0.0,0.0,0.0,0.0,0.0,,,,
scidocs,ms1_drop_mutual,pool50_ndcg10,50,10,balance_hybrid,hybrid,map,120,0.1795152116402116,0.1794160052910053,-9.92063492063492e-05,0.0,0.0010822135034360826,0,1,119,1.0,-0.0002976190476190476,0.0,0.0,065985d4d0854c51f52ad7a7507b267d9b88ab1c,-0.011904761904761904,0.0,0.0,0.0,0.0,0.0,0.0,0.0,,,,
scidocs,ms1_drop_mutual,pool50_ndcg10,50,10,copeland_graph,graph,map,120,0.1790120701058201,0.1752838955026455,-0.0037281746031746035,0.0,0.04776169101437886,8,7,105,0.6306369363063694,-0.013354050925925927,0.0024444830246913565,0.2322,a22e737d38a1bc671893a7ed341aba436571097a,-0.5,0.0004421768707482984,0.0,-0.0055555555555555506,0.0,0.0,0.0,0.002870370370370362,,,,
scidocs,ms1_drop_mutual,pool50_ndcg10,50,10,copeland_hybrid,hybrid,map,120,0.18472712742504407,0.18393303571428574,-0.0007940917107583771,0.0,0.006115202285900062,3,6,111,0.20777922207779223,-0.0020253940696649026,0.00014120370370370415,0.0617,ca464085b3da330f2ea895543a78c446a3af1bb6,-0.04999999999999999,-0.00038059668311769124,0.0,-0.00033333333333333224,0.0,0.0,0.0,0.0,,,,
scidocs,ms1_drop_mutual,pool50_ndcg10,50,10,markov_graph,graph,map,120,0.1797549603174603,0.18094212962962963,0.0011871693121693126,0.0,0.01218750392554342,4,1,115,0.37636236376362364,-0.0006944444444444444,0.0036313657407407362,0.8644,7b6652910c5cc0df9ff6bc91912a02e58a742d26,0.11190476190476195,0.00025676937441643336,0.0,0.0,0.0,0.0,0.0,0.0,,,,
scidocs,ms1_drop_mutual,pool50_ndcg20,50,20,balance_graph,graph,map,120,0.18750370270639233,0.18733085970879446,-0.0001728429975978995,0.0,0.0019430252635308145,2,4,114,0.406959304069593,-0.0005605623214385467,0.00011749393489589527,0.1655,8501e330d78391f4e690886a8eb8fac867704ea6,-0.01785714285714285,-2.423543575298396e-05,0.0,0.0,0.0,0.0,0.0,0.0,,,,
scidocs,ms1_drop_mutual,pool50_ndcg20,50,20,balance_hybrid,hybrid,map,120,0.1985070354840092,0.19842919665617034,-7.78388278388278e-05,0.0,0.0011089443628739485,1,1,118,1.0,-0.0002976190476190476,6.410256410256422e-05,0.2356,065985d4d0854c51f52ad7a7507b267d9b88ab1c,-0.011904761904761904,2.154708037060982e-05,0.0,0.0,0.0,0.0,0.0,0.0,,,,
scidocs,ms1_drop_mutual,pool50_ndcg20,50,20,copeland_graph,graph,map,120,0.20328993295039155,0.19970323863478853,-0.003586694315602984,0.0,0.046299652480555314,17,10,93,0.7626237376262374,-0.012792164656820553,0.00173109204678477,0.2847,a22e737d38a1bc671893a7ed341aba436571097a,-0.5,0.0005848460682995116,0.0,-0.005732323232323226,0.0,0.0,0.0,0.011388888888888863,,,,
scidocs,ms1_drop_mutual,pool50_ndcg20,50,20,copeland_hybrid,hybrid,map,120,0.20260521018751151,0.20162004418464044,-0.000985166002871111,0.0,0.007062327244950919,5,8,107,0.1528847115288471,-0.002377982899865155,9.633951118326115e-05,0.0428,065985d4d0854c51f52ad7a7507b267d9b88ab1c,-0.05263157894736842,-0.0005511625327492847,0.0,-0.006680555555555557,0.0,0.0,0.0,0.0,,,,
scidocs,ms1_drop_mutual,pool50_ndcg20,50,20,markov_graph,graph,map,120,0.19747317697304798,0.1983187332771956,0.0008455563041476368,0.0,0.006588596390965129,8,4,108,0.1386861313868613,-3.776159573856892e-05,0.0021884144273124546,0.9636,129397ed6557da93db5ba18cf112ee7b0a7927d8,0.0666666666666667,0.00029243772967268674,0.0,0.0,0.0,0.0,0.0,0.002102272727272752,,,,
scidocs,ms1_drop_mutual,pool50_ndcg5,50,5,balance_graph,graph,map,120,0.13798842592592594,0.13798842592592594,0.0,0.0,0.0,0,0,120,1.0,0.0,0.0,0.0,78495383450e02c5fe817e408726134b3084905d,0.0,0.0,0.0,0.0,0.0,0.0,0.0,0.0,,,,
scidocs,ms1_drop_mutual,pool50_ndcg5,50,5,balance_hybrid,hybrid,map,120,0.15296296296296294,0.15296296296296294,0.0,0.0,0.0,0,0,120,1.0,0.0,0.0,0.0,78495383450e02c5fe817e408726134b3084905d,0.0,0.0,0.0,0.0,0.0,0.0,0.0,0.0,,,,
scidocs,ms1_drop_mutual,pool50_ndcg5,50,5,copeland_graph,graph,map,120,0.1538611111111111,0.14906944444444442,-0.004791666666666667,0.0,0.0456772911910892,0,3,117,0.25477452254774524,-0.013541666666666669,0.0,0.0,a22e737d38a1bc671893a7ed341aba436571097a,-0.5,-0.0006302521008403361,0.0,0.0,0.0,0.0,0.0,0.0,,,,
scidocs,ms1_drop_mutual,pool50_ndcg5,50,5,copeland_hybrid,hybrid,map,120,0.15781018518518522,0.15747685185185184,-0.0003333333333333332,0.0,0.007408703590297625,1,2,117,1.0,-0.0016687499999999981,0.0009166666666666668,0.3458,7db20fcc1d71edc32c365f145148d24b9f1427a5,0.05,-0.0007563025210084033,0.0,0.0,0.0,0.0,0.0,0.0,,,,
scidocs,ms1_drop_mutual,pool50_ndcg5,50,5,markov_graph,graph,map,120,0.15657870370370372,0.15741203703703702,0.0008333333333333334,0.0,0.009090593428863094,1,0,119,1.0,0.0,0.0025000000000000005,0.6399,129397ed6557da93db5ba18cf112ee7b0a7927d8,0.1,0.0,0.0,0.0,0.0,0.0,0.0,0.0,,,,
scidocs,ms2,pool20_ndcg10,20,10,balance_graph,graph,map,120,0.19561160714285714,0.19561160714285714,0.0,0.0,0.0,0,0,120,1.0,0.0,0.0,0.0,78495383450e02c5fe817e408726134b3084905d,0.0,0.0,0.0,0.0,0.0,0.0,0.0,0.0,,,,
scidocs,ms2,pool20_ndcg10,20,10,balance_hybrid,hybrid,map,120,0.2218970458553792,0.2218970458553792,0.0,0.0,0.0,0,0,120,1.0,0.0,0.0,0.0,78495383450e02c5fe817e408726134b3084905d,0.0,0.0,0.0,0.0,0.0,0.0,0.0,0.0,,,,
scidocs,ms2,pool20_ndcg10,20,10,copeland_graph,graph,map,120,0.2077980048500882,0.2077980048500882,0.0,0.0,0.0,0,0,120,1.0,0.0,0.0,0.0,78495383450e02c5fe817e408726134b3084905d,0.0,0.0,0.0,0.0,0.0,0.0,0.0,0.0,,,,
scidocs,ms2,pool20_ndcg10,20,10,copeland_hybrid,hybrid,map,120,0.22492449294532632,0.22492449294532632,0.0,0.0,0.0,0,0,120,1.0,0.0,0.0,0.0,78495383450e02c5fe817e408726134b3084905d,0.0,0.0,0.0,0.0,0.0,0.0,0.0,0.0,,,,
scidocs,ms2,pool20_ndcg10,20,10,markov_graph,graph,map,120,0.18675578703703702,0.18675578703703702,0.0,0.0,0.0,0,0,120,1.0,0.0,0.0,0.0,78495383450e02c5fe817e408726134b3084905d,0.0,0.0,0.0,0.0,0.0,0.0,0.0,0.0,,,,
scidocs,ms2,pool20_ndcg20,20,20,balance_graph,graph,map,120,0.22230020205900622,0.22230020205900622,0.0,0.0,0.0,0,0,120,1.0,0.0,0.0,0.0,78495383450e02c5fe817e408726134b3084905d,0.0,0.0,0.0,0.0,0.0,0.0,0.0,0.0,,,,
scidocs,ms2,pool20_ndcg20,20,20,balance_hybrid,hybrid,map,120,0.24590704557358325,0.24590704557358325,0.0,0.0,0.0,0,0,120,1.0,0.0,0.0,0.0,78495383450e02c5fe817e408726134b3084905d,0.0,0.0,0.0,0.0,0.0,0.0,0.0,0.0,,,,
scidocs,ms2,pool20_ndcg20,20,20,copeland_graph,graph,map,120,0.23300802917388957,0.23300802917388957,0.0,0.0,0.0,0,0,120,1.0,0.0,0.0,0.0,78495383450e02c5fe817e408726134b3084905d,0.0,0.0,0.0,0.0,0.0,0.0,0.0,0.0,,,,
scidocs,ms2,pool20_ndcg20,20,20,copeland_hybrid,hybrid,map,120,0.24729825512655748,0.24729825512655748,0.0,0.0,0.0,0,0,120,1.0,0.0,0.0,0.0,78495383450e02c5fe817e408726134b3084905d,0.0,0.0,0.0,0.0,0.0,0.0,0.0,0.0,,,,
scidocs,ms2,pool20_ndcg20,20,20,markov_graph,graph,map,120,0.21529322755203173,0.21529322755203173,0.0,0.0,0.0,0,0,120,1.0,0.0,0.0,0.0,78495383450e02c5fe817e408726134b3084905d,0.0,0.0,0.0,0.0,0.0,0.0,0.0,0.0,,,,
scidocs,ms2,pool20_ndcg5,20,5,balance_graph,graph,map,120,0.17031481481481478,0.17031481481481478,0.0,0.0,0.0,0,0,120,1.0,0.0,0.0,0.0,78495383450e02c5fe817e408726134b3084905d,0.0,0.0,0.0,0.0,0.0,0.0,0.0,0.0,,,,
scidocs,ms2,pool20_ndcg5,20,5,balance_hybrid,hybrid,map,120,0.1885648148148148,0.1885648148148148,0.0,0.0,0.0,0,0,120,1.0,0.0,0.0,0.0,78495383450e02c5fe817e408726134b3084905d,0.0,0.0,0.0,0.0,0.0,0.0,0.0,0.0,,,,
scidocs,ms2,pool20_ndcg5,20,5,copeland_graph,graph,map,120,0.18080092592592595,0.18080092592592595,0.0,0.0,0.0,0,0,120,1.0,0.0,0.0,0.0,78495383450e02c5fe817e408726134b3084905d,0.0,0.0,0.0,0.0,0.0,0.0,0.0,0.0,,,,
scidocs,ms2,pool20_ndcg5,20,5,copeland_hybrid,hybrid,map,120,0.18898148148148147,0.18898148148148147,0.0,0.0,0.0,0,0,120,1.0,0.0,0.0,0.0,78495383450e02c5fe817e408726134b3084905d,0.0,0.0,0.0,0.0,0.0,0.0,0.0,0.0,,,,
scidocs,ms2,pool20_ndcg5,20,5,markov_graph,graph,map,120,0.16480555555555554,0.16480555555555554,0.0,0.0,0.0,0,0,120,1.0,0.0,0.0,0.0,78495383450e02c5fe817e408726134b3084905d,0.0,0.0,0.0,0.0,0.0,0.0,0.0,0.0,,,,
scidocs,ms2,pool50_ndcg10,50,10,balance_graph,graph,map,120,0.15883267195767198,0.15883267195767198,0.0,0.0,0.0,0,0,120,1.0,0.0,0.0,0.0,78495383450e02c5fe817e408726134b3084905d,0.0,0.0,0.0,0.0,0.0,0.0,0.0,0.0,,,,
scidocs,ms2,pool50_ndcg10,50,10,balance_hybrid,hybrid,map,120,0.18293380731922398,0.18293380731922398,0.0,0.0,0.0,0,0,120,1.0,0.0,0.0,0.0,78495383450e02c5fe817e408726134b3084905d,0.0,0.0,0.0,0.0,0.0,0.0,0.0,0.0,,,,
scidocs,ms2,pool50_ndcg10,50,10,copeland_graph,graph,map,120,0.1647952491181658,0.1647952491181658,0.0,0.0,0.0,0,0,120,1.0,0.0,0.0,0.0,78495383450e02c5fe817e408726134b3084905d,0.0,0.0,0.0,0.0,0.0,0.0,0.0,0.0,,,,
scidocs,ms2,pool50_ndcg10,50,10,copeland_hybrid,hybrid,map,120,0.18844328703703703,0.18844328703703703,0.0,0.0,0.0,0,0,120,1.0,0.0,0.0,0.0,78495383450e02c5fe817e408726134b3084905d,0.0,0.0,0.0,0.0,0.0,0.0,0.0,0.0,,,,
scidocs,ms2,pool50_ndcg10,50,10,markov_graph,graph,map,120,0.1565696097883598,0.1565696097883598,0.0,0.0,0.0,0,0,120,1.0,0.0,0.0,0.0,78495383450e02c5fe817e408726134b3084905d,0.0,0.0,0.0,0.0,0.0,0.0,0.0,0.0,,,,
scidocs,ms2,pool50_ndcg20,50,20,balance_graph,graph,map,120,0.1768601953124657,0.1768601953124657,0.0,0.0,0.0,0,0,120,1.0,0.0,0.0,0.0,78495383450e02c5fe817e408726134b3084905d,0.0,0.0,0.0,0.0,0.0,0.0,0.0,0.0,,,,
scidocs,ms2,pool50_ndcg20,50,20,balance_hybrid,hybrid,map,120,0.20061474655685826,0.20061474655685826,0.0,0.0,0.0,0,0,120,1.0,0.0,0.0,0.0,78495383450e02c5fe817e408726134b3084905d,0.0,0.0,0.0,0.0,0.0,0.0,0.0,0.0,,,,
scidocs,ms2,pool50_ndcg20,50,20,copeland_graph,graph,map,120,0.18228739884938286,0.18228739884938286,0.0,0.0,0.0,0,0,120,1.0,0.0,0.0,0.0,78495383450e02c5fe817e408726134b3084905d,0.0,0.0,0.0,0.0,0.0,0.0,0.0,0.0,,,,
scidocs,ms2,pool50_ndcg20,50,20,copeland_hybrid,hybrid,map,120,0.20524155704689762,0.20524155704689762,0.0,0.0,0.0,0,0,120,1.0,0.0,0.0,0.0,78495383450e02c5fe817e408726134b3084905d,0.0,0.0,0.0,0.0,0.0,0.0,0.0,0.0,,,,
scidocs,ms2,pool50_ndcg20,50,20,markov_graph,graph,map,120,0.1748825062136627,0.1748825062136627,0.0,0.0,0.0,0,0,120,1.0,0.0,0.0,0.0,78495383450e02c5fe817e408726134b3084905d,0.0,0.0,0.0,0.0,0.0,0.0,0.0,0.0,,,,
scidocs,ms2,pool50_ndcg5,50,5,balance_graph,graph,map,120,0.13170138888888888,0.13170138888888888,0.0,0.0,0.0,0,0,120,1.0,0.0,0.0,0.0,78495383450e02c5fe817e408726134b3084905d,0.0,0.0,0.0,0.0,0.0,0.0,0.0,0.0,,,,
scidocs,ms2,pool50_ndcg5,50,5,balance_hybrid,hybrid,map,120,0.1570277777777778,0.1570277777777778,0.0,0.0,0.0,0,0,120,1.0,0.0,0.0,0.0,78495383450e02c5fe817e408726134b3084905d,0.0,0.0,0.0,0.0,0.0,0.0,0.0,0.0,,,,
scidocs,ms2,pool50_ndcg5,50,5,copeland_graph,graph,map,120,0.1376273148148148,0.1376273148148148,0.0,0.0,0.0,0,0,120,1.0,0.0,0.0,0.0,78495383450e02c5fe817e408726134b3084905d,0.0,0.0,0.0,0.0,0.0,0.0,0.0,0.0,,,,
scidocs,ms2,pool50_ndcg5,50,5,copeland_hybrid,hybrid,map,120,0.1612986111111111,0.1612986111111111,0.0,0.0,0.0,0,0,120,1.0,0.0,0.0,0.0,78495383450e02c5fe817e408726134b3084905d,0.0,0.0,0.0,0.0,0.0,0.0,0.0,0.0,,,,
scidocs,ms2,pool50_ndcg5,50,5,markov_graph,graph,map,120,0.13784027777777777,0.13784027777777777,0.0,0.0,0.0,0,0,120,1.0,0.0,0.0,0.0,78495383450e02c5fe817e408726134b3084905d,0.0,0.0,0.0,0.0,0.0,0.0,0.0,0.0,,,,
bright,ms1,pool20_ndcg10,20,10,balance_graph,graph,mrr,50,0.5992698412698413,0.5965793650793652,-0.00269047619047619,0.0,0.021065604671510543,2,3,45,0.43425657434256576,-0.009167261904761904,0.0024285714285714284,0.1849,biology:43,-0.1111111111111111,-0.0004778101716877227,0.0,-0.0076388888888888895,0.0,0.0,0.0,0.0,,,,
bright,ms1,pool20_ndcg10,20,10,balance_hybrid,hybrid,mrr,50,0.6178888888888888,0.6028888888888888,-0.015,0.0,0.07762087348130012,0,2,48,0.49775022497750226,-0.04,0.0,0.0,biology:49,-0.5,-0.00510204081632653,0.0,0.0,0.0,0.0,0.0,0.0,,,,
bright,ms1,pool20_ndcg10,20,10,copeland_graph,graph,mrr,50,0.6225793650793651,0.5789126984126984,-0.04366666666666666,0.0,0.1450472108440757,3,8,39,0.020097990200979902,-0.08989007936507937,-0.008600396825396865,0.0014,biology:36,-0.75,-0.029251700680272108,0.0,-0.38749999999999996,0.0,0.0,0.0,0.006111111111111073,,,,
bright,ms1,pool20_ndcg10,20,10,copeland_hybrid,hybrid,mrr,50,0.5938888888888889,0.5890555555555556,-0.004833333333333334,0.0,0.10290354167320427,1,4,45,0.622937706229377,-0.03483333333333333,0.02500416666666661,0.3273,biology:40,0.5,-0.015136054421768708,0.0,-0.03791666666666667,0.0,0.0,0.0,0.0,,,,
bright,ms1,pool20_ndcg10,20,10,markov_graph,graph,mrr,50,0.5892460317460317,0.5743571428571428,-0.014888888888888889,0.0,0.08029605712688175,1,5,44,0.2502749725027497,-0.04066666666666666,0.0033333333333333335,0.0669,biology:27,-0.5,-0.004988662131519273,0.0,-0.11833333333333332,0.0,0.0,0.0,0.0,,,,
bright,ms1,pool20_ndcg20,20,20,balance_graph,graph,mrr,50,0.6005198412698413,0.5995740174857822,-0.000945823784059078,0.0,0.014547266428957038,2,4,44,0.6878312168783122,-0.005404040404040402,0.002746753246753246,0.3383,biology:36,-0.08333333333333331,0.0007355539618444779,0.0,-0.009293300653594773,0.0,0.0,0.0,0.0,,,,
bright,ms1,pool20_ndcg20,20,20,balance_hybrid,hybrid,mrr,50,0.623982905982906,0.6087606837606837,-0.015222222222222222,0.0,0.07759351188353156,0,3,47,0.24677532246775322,-0.04022222222222222,0.0,0.0,biology:49,-0.5,-0.005328798185941043,0.0,-0.0061111111111111106,0.0,0.0,0.0,0.0,,,,
bright,ms1,pool20_ndcg20,20,20,copeland_graph,graph,mrr,50,0.623829365079365,0.5816904761904762,-0.042138888888888885,0.0,0.14470407119125836,3,9,38,0.024697530246975304,-0.08775158730158727,-0.006698412698412699,0.0021,biology:36,-0.75,-0.027692743764172335,0.0,-0.38749999999999996,0.0,0.0,0.0,0.006111111111111073,,,,
bright,ms1,pool20_ndcg20,20,20,copeland_hybrid,hybrid,mrr,50,0.6001435035552682,0.5951315987933635,-0.005011904761904762,0.0,0.10290274631132396,1,5,44,0.5660433956604339,-0.03484910714285714,0.02464702380952375,0.3257,biology:40,0.5,-0.01531827016520894,0.0,-0.03791666666666667,0.0,0.0,0.0,0.0,,,,
bright,ms1,pool20_ndcg20,20,20,markov_graph,graph,mrr,50,0.5904960317460318,0.57735179526356,-0.013144236482471774,0.0,0.07936175446046856,1,6,43,0.27857214278572145,-0.039185468657159835,0.004000000000000001,0.0976,biology:27,-0.5,-0.003208404573950791,0.0,-0.07833333333333328,0.0,0.0,0.0,0.0,,,,
bright,ms1,pool20_ndcg5,20,5,balance_graph,graph,mrr,50,0.583,0.5823333333333334,-0.0006666666666666665,0.0,0.013727506854649333,1,1,48,1.0,-0.004999999999999999,0.002999999999999999,0.3374,biology:36,-0.08333333333333331,0.001020408163265306,0.0,0.0,0.0,0.0,0.0,0.0,,,,
bright,ms1,pool20_ndcg5,20,5,balance_hybrid,hybrid,mrr,50,0.607,0.592,-0.015,0.0,0.07762087348130012,0,2,48,0.49775022497750226,-0.04,0.0,0.0,biology:49,-0.5,-0.00510204081632653,0.0,0.0,0.0,0.0,0.0,0.0,,,,
bright,ms1,pool20_ndcg5,20,5,copeland_graph,graph,mrr,50,0.6063333333333333,0.5646666666666667,-0.04166666666666667,0.0,0.1500092589734973,1,6,43,0.0451954804519548,-0.08834166666666665,-0.005,0.0096,biology:36,-0.75,-0.027210884353741496,0.0,-0.38749999999999996,0.0,0.0,0.0,0.0,,,,
bright,ms1,pool20_ndcg5,20,5,copeland_hybrid,hybrid,mrr,50,0.5796666666666667,0.5723333333333332,-0.007333333333333334,0.0,0.10630981976175943,1,3,46,0.7488251174882512,-0.038,0.022666666666666665,0.2713,biology:40,0.5,-0.017687074829931974,0.0,-0.09166666666666665,0.0,0.0,0.0,0.0,,,,
bright,ms1,pool20_ndcg5,20,5,markov_graph,graph,mrr,50,0.5763333333333334,0.5636666666666666,-0.012666666666666666,0.0,0.07941172597433091,1,3,46,0.4941505849415059,-0.03866666666666667,0.004666666666666669,0.1078,biology:27,-0.5,-0.002721088435374149,0.0,-0.07333333333333329,0.0,0.0,0.0,0.0,,,,
bright,ms1,pool50_ndcg10,50,10,balance_graph,graph,mrr,50,0.6564365079365081,0.6388571428571429,-0.01757936507936508,0.0,0.07509128777107346,0,5,45,0.0598940105989401,-0.04257936507936508,-0.002023809523809523,0.0,biology:47,-0.5,-0.007734045999352121,0.0,-0.0986111111111111,0.0,0.0,0.0,0.0,,,,
bright,ms1,pool50_ndcg10,50,10,balance_hybrid,hybrid,mrr,50,0.6234126984126984,0.620079365079365,-0.0033333333333333335,0.0,0.023333333333333334,0,1,49,1.0,-0.01,0.0,0.0,biology:36,-0.16666666666666669,0.0,0.0,0.0,0.0,0.0,0.0,0.0,,,,
bright,ms1,pool50_ndcg10,50,10,copeland_graph,graph,mrr,50,0.6097460317460317,0.5988809523809523,-0.010865079365079366,0.0,0.1249742954170624,5,5,40,0.5540445955404459,-0.04819900793650795,0.02244781746031741,0.2651,biology:6,-0.6666666666666667,0.002518626498218335,0.0,-0.10611111111111111,0.0,0.0,0.0,0.033333333333333354,,,,
bright,ms1,pool50_ndcg10,50,10,copeland_hybrid,hybrid,mrr,50,0.6263015873015874,0.6209365079365079,-0.005365079365079365,0.0,0.030041358909841477,1,2,47,0.49665033496650335,-0.0146984126984127,0.0012698412698412698,0.084,biology:36,-0.16666666666666669,-0.002073210236475542,0.0,0.0,0.0,0.0,0.0,0.0,,,,
bright,ms1,pool50_ndcg10,50,10,markov_graph,graph,mrr,50,0.6184920634920634,0.5868253968253968,-0.03166666666666667,0.0,0.11166666666666666,1,6,43,0.0731926807319268,-0.065,-0.0033333333333333335,0.0073,biology:25,-0.5,-0.02210884353741497,0.0,-0.2125,0.0,0.0,0.0,0.0,,,,
bright,ms1,pool50_ndcg20,50,20,balance_graph,graph,mrr,50,0.6595046897546898,0.6433902568020216,-0.016114432952668244,0.0,0.07384776217968783,0,7,43,0.0156984301569843,-0.040995178432678435,-0.0012348599113304992,0.0,biology:47,-0.5,-0.0062392172986410685,0.0,-0.0549242424242424,0.0,0.0,0.0,0.0,,,,
bright,ms1,pool50_ndcg20,50,20,balance_hybrid,hybrid,mrr,50,0.6309375522138679,0.6275208855472013,-0.003416666666666667,0.0,0.02332871978199118,0,2,48,0.49645035496450357,-0.010166666666666666,0.0,0.0,biology:36,-0.16666666666666669,-8.503401360544216e-05,0.0,0.0,0.0,0.0,0.0,0.0,,,,
bright,ms1,pool50_ndcg20,50,20,copeland_graph,graph,mrr,50,0.6126031746031746,0.6047976190476191,-0.007805555555555557,0.0,0.12349825805912486,5,7,38,0.6422357764223577,-0.044865079365079365,0.02480952380952381,0.3278,biology:6,-0.6666666666666667,0.005640589569160998,0.0,-0.03999999999999999,0.0,0.0,0.0,0.033333333333333354,,,,
bright,ms1,pool50_ndcg20,50,20,copeland_hybrid,hybrid,mrr,50,0.6328709027470637,0.6274404639048601,-0.0054304388422035475,0.0,0.03003316914325055,1,3,46,0.37436256374362564,-0.014798179271708683,0.0012044817927170867,0.084,biology:36,-0.16666666666666669,-0.0021399035804798103,0.0,-0.0017973856209150334,0.0,0.0,0.0,0.0,,,,
bright,ms1,pool50_ndcg20,50,20,markov_graph,graph,mrr,50,0.6208780284043441,0.5890753968253968,-0.03180263157894737,0.0,0.11163019561594124,1,8,41,0.028697130286971302,-0.06521929824561404,-0.003521929824561404,0.0065,biology:25,-0.5,-0.022247583243823844,0.0,-0.2125,0.0,0.0,0.0,0.0,,,,
bright,ms1,pool50_ndcg5,50,5,balance_graph,graph,mrr,50,0.6373333333333333,0.6223333333333333,-0.015,0.0,0.07395569244111262,0,3,47,0.24917508249175083,-0.04,0.0,0.0,biology:47,-0.5,-0.00510204081632653,0.0,-0.04583333333333331,0.0,0.0,0.0,0.0,,,,
bright,ms1,pool50_ndcg5,50,5,balance_hybrid,hybrid,mrr,50,0.613,0.6096666666666667,-0.0033333333333333335,0.0,0.023333333333333334,0,1,49,1.0,-0.01,0.0,0.0,biology:36,-0.16666666666666669,0.0,0.0,0.0,0.0,0.0,0.0,0.0,,,,
bright,ms1,pool50_ndcg5,50,5,copeland_graph,graph,mrr,50,0.5856666666666667,0.5853333333333333,-0.00033333333333333435,0.0,0.12976431627291754,4,3,43,1.0,-0.03866666666666667,0.03467499999999988,0.5031,biology:6,-0.6666666666666667,0.013265306122448977,0.0,-0.027499999999999986,0.0,0.0,0.0,0.13249999999999956,,,,
bright,ms1,pool50_ndcg5,50,5,copeland_hybrid,hybrid,mrr,50,0.6116666666666667,0.6056666666666667,-0.006,0.0,0.029582276976445054,0,2,48,0.49665033496650335,-0.015333333333333332,0.0,0.0,biology:36,-0.16666666666666669,-0.002721088435374149,0.0,0.0,0.0,0.0,0.0,0.0,,,,
bright,ms1,pool50_ndcg5,50,5,markov_graph,graph,mrr,50,0.605,0.5733333333333334,-0.03166666666666667,0.0,0.11166666666666666,1,6,43,0.0731926807319268,-0.065,-0.0033333333333333335,0.0073,biology:25,-0.5,-0.02210884353741497,0.0,-0.2125,0.0,0.0,0.0,0.0,,,,
bright,ms1_drop_mutual,pool20_ndcg10,20,10,balance_graph,graph,mrr,50,0.6112936507936508,0.6112936507936508,0.0,0.0,0.0,0,0,50,1.0,0.0,0.0,0.0,biology:0,0.0,0.0,0.0,0.0,0.0,0.0,0.0,0.0,,,,
bright,ms1_drop_mutual,pool20_ndcg10,20,10,balance_hybrid,hybrid,mrr,50,0.6178888888888888,0.6178888888888888,0.0,0.0,0.0,0,0,50,1.0,0.0,0.0,0.0,biology:0,0.0,0.0,0.0,0.0,0.0,0.0,0.0,0.0,,,,
bright,ms1_drop_mutual,pool20_ndcg10,20,10,copeland_graph,graph,mrr,50,0.6225793650793651,0.6225793650793651,0.0,0.0,0.0,0,0,50,1.0,0.0,0.0,0.0,biology:0,0.0,0.0,0.0,0.0,0.0,0.0,0.0,0.0,,,,
bright,ms1_drop_mutual,pool20_ndcg10,20,10,copeland_hybrid,hybrid,mrr,50,0.5938888888888889,0.5938888888888889,0.0,0.0,0.0,0,0,50,1.0,0.0,0.0,0.0,biology:0,0.0,0.0,0.0,0.0,0.0,0.0,0.0,0.0,,,,
bright,ms1_drop_mutual,pool20_ndcg10,20,10,markov_graph,graph,mrr,50,0.6052460317460318,0.6057460317460318,0.0004999999999999999,0.0,0.0034999999999999988,1,0,49,1.0,0.0,0.0014999999999999996,0.6361,biology:43,0.024999999999999994,0.0,0.0,0.0,0.0,0.0,0.0,0.0,,,,
bright,ms1_drop_mutual,pool20_ndcg20,20,20,balance_graph,graph,mrr,50,0.6125436507936508,0.6125436507936508,0.0,0.0,0.0,0,0,50,1.0,0.0,0.0,0.0,biology:0,0.0,0.0,0.0,0.0,0.0,0.0,0.0,0.0,,,,
bright,ms1_drop_mutual,pool20_ndcg20,20,20,balance_hybrid,hybrid,mrr,50,0.623982905982906,0.623982905982906,0.0,0.0,0.0,0,0,50,1.0,0.0,0.0,0.0,biology:0,0.0,0.0,0.0,0.0,0.0,0.0,0.0,0.0,,,,
bright,ms1_drop_mutual,pool20_ndcg20,20,20,copeland_graph,graph,mrr,50,0.623829365079365,0.6237558356676003,-7.35294117647059e-05,0.0,0.0005147058823529414,0,1,49,1.0,-0.0002205882352941177,0.0,0.0,biology:15,-0.003676470588235295,0.0,0.0,0.0,0.0,0.0,0.0,0.0,,,,
bright,ms1_drop_mutual,pool20_ndcg20,20,20,copeland_hybrid,hybrid,mrr,50,0.6001435035552682,0.6001435035552682,0.0,0.0,0.0,0,0,50,1.0,0.0,0.0,0.0,biology:0,0.0,0.0,0.0,0.0,0.0,0.0,0.0,0.0,,,,
bright,ms1_drop_mutual,pool20_ndcg20,20,20,markov_graph,graph,mrr,50,0.6064960317460318,0.606922502334267,0.000426470588235294,0.0,0.003548020794343435,1,1,48,1.0,-0.0002205882352941177,0.0014999999999999996,0.6361,biology:43,0.024999999999999994,-7.503001200480194e-05,0.0,0.0,0.0,0.0,0.0,0.0,,,,
bright,ms1_drop_mutual,pool20_ndcg5,20,5,balance_graph,graph,mrr,50,0.5946666666666666,0.5946666666666666,0.0,0.0,0.0,0,0,50,1.0,0.0,0.0,0.0,biology:0,0.0,0.0,0.0,0.0,0.0,0.0,0.0,0.0,,,,
bright,ms1_drop_mutual,pool20_ndcg5,20,5,balance_hybrid,hybrid,mrr,50,0.607,0.607,0.0,0.0,0.0,0,0,50,1.0,0.0,0.0,0.0,biology:0,0.0,0.0,0.0,0.0,0.0,0.0,0.0,0.0,,,,
bright,ms1_drop_mutual,pool20_ndcg5,20,5,copeland_graph,graph,mrr,50,0.6063333333333333,0.6063333333333333,0.0,0.0,0.0,0,0,50,1.0,0.0,0.0,0.0,biology:0,0.0,0.0,0.0,0.0,0.0,0.0,0.0,0.0,,,,
bright,ms1_drop_mutual,pool20_ndcg5,20,5,copeland_hybrid,hybrid,mrr,50,0.5796666666666667,0.5796666666666667,0.0,0.0,0.0,0,0,50,1.0,0.0,0.0,0.0,biology:0,0.0,0.0,0.0,0.0,0.0,0.0,0.0,0.0,,,,
bright,ms1_drop_mutual,pool20_ndcg5,20,5,markov_graph,graph,mrr,50,0.589,0.589,0.0,0.0,0.0,0,0,50,1.0,0.0,0.0,0.0,biology:0,0.0,0.0,0.0,0.0,0.0,0.0,0.0,0.0,,,,
bright,ms1_drop_mutual,pool50_ndcg10,50,10,balance_graph,graph,mrr,50,0.653547619047619,0.653547619047619,0.0,0.0,0.0,0,0,50,1.0,0.0,0.0,0.0,biology:0,0.0,0.0,0.0,0.0,0.0,0.0,0.0,0.0,,,,
bright,ms1_drop_mutual,pool50_ndcg10,50,10,balance_hybrid,hybrid,mrr,50,0.6234126984126984,0.6234126984126984,0.0,0.0,0.0,0,0,50,1.0,0.0,0.0,0.0,biology:0,0.0,0.0,0.0,0.0,0.0,0.0,0.0,0.0,,,,
bright,ms1_drop_mutual,pool50_ndcg10,50,10,copeland_graph,graph,mrr,50,0.609468253968254,0.6182460317460317,0.008777777777777778,0.0,0.07053665538630549,1,2,47,1.0,-0.002999999999999999,0.03,0.6261,biology:33,0.5,-0.0012471655328798181,0.0,0.0,0.0,0.0,0.0,0.0,,,,
bright,ms1_drop_mutual,pool50_ndcg10,50,10,copeland_hybrid,hybrid,mrr,50,0.6263015873015874,0.6296349206349207,0.0033333333333333335,0.0,0.023333333333333334,1,0,49,1.0,0.0,0.01,0.6387,biology:15,0.16666666666666669,0.0,0.0,0.0,0.0,0.0,0.0,0.0,,,,
bright,ms1_drop_mutual,pool50_ndcg10,50,10,markov_graph,graph,mrr,50,0.6218253968253968,0.6218253968253968,0.0,0.0,0.0,0,0,50,1.0,0.0,0.0,0.0,biology:0,0.0,0.0,0.0,0.0,0.0,0.0,0.0,0.0,,,,
bright,ms1_drop_mutual,pool50_ndcg20,50,20,balance_graph,graph,mrr,50,0.658517316017316,0.6584610389610391,-5.627705627705648e-05,0.0,0.0012641952733255973,1,1,48,1.0,-0.000454545454545455,0.0002857142857142855,0.3317,biology:15,-0.007575757575757583,9.7181729834791e-05,0.0,0.0,0.0,0.0,0.0,0.0,,,,
bright,ms1_drop_mutual,pool50_ndcg20,50,20,balance_hybrid,hybrid,mrr,50,0.6311843054606212,0.6311843054606212,0.0,0.0,0.0,0,0,50,1.0,0.0,0.0,0.0,biology:0,0.0,0.0,0.0,0.0,0.0,0.0,0.0,0.0,,,,
bright,ms1_drop_mutual,pool50_ndcg20,50,20,copeland_graph,graph,mrr,50,0.6123253968253968,0.6213412698412699,0.009015873015873017,0.0,0.07052671576561823,2,2,46,0.7530246975302469,-0.002761904761904761,0.030238095238095238,0.696,biology:33,0.5,-0.0010042112082928405,0.0,0.0,0.0,0.0,0.0,0.0,,,,
bright,ms1_drop_mutual,pool50_ndcg20,50,20,copeland_hybrid,hybrid,mrr,50,0.6328709027470637,0.6362042360803971,0.0033333333333333335,0.0,0.023333333333333334,1,0,49,1.0,0.0,0.01,0.6387,biology:15,0.16666666666666669,0.0,0.0,0.0,0.0,0.0,0.0,0.0,,,,
bright,ms1_drop_mutual,pool50_ndcg20,50,20,markov_graph,graph,mrr,50,0.6252639933166249,0.6241587301587301,-0.0011052631578947368,0.0,0.007370112587795841,0,2,48,0.5029497050294971,-0.0032631578947368424,0.0,0.0,biology:29,-0.05263157894736842,-5.370569280343705e-05,0.0,0.0,0.0,0.0,0.0,0.0,,,,
bright,ms1_drop_mutual,pool50_ndcg5,50,5,balance_graph,graph,mrr,50,0.6366666666666666,0.6366666666666666,0.0,0.0,0.0,0,0,50,1.0,0.0,0.0,0.0,biology:0,0.0,0.0,0.0,0.0,0.0,0.0,0.0,0.0,,,,
bright,ms1_drop_mutual,pool50_ndcg5,50,5,balance_hybrid,hybrid,mrr,50,0.613,0.613,0.0,0.0,0.0,0,0,50,1.0,0.0,0.0,0.0,biology:0,0.0,0.0,0.0,0.0,0.0,0.0,0.0,0.0,,,,
bright,ms1_drop_mutual,pool50_ndcg5,50,5,copeland_graph,graph,mrr,50,0.5856666666666667,0.5946666666666667,0.009000000000000001,0.0,0.07049113419430843,1,1,48,1.0,-0.002999999999999999,0.03,0.6261,biology:33,0.5,-0.001020408163265306,0.0,0.0,0.0,0.0,0.0,0.0,,,,
bright,ms1_drop_mutual,pool50_ndcg5,50,5,copeland_hybrid,hybrid,mrr,50,0.6116666666666667,0.615,0.0033333333333333335,0.0,0.023333333333333334,1,0,49,1.0,0.0,0.01,0.6387,biology:15,0.16666666666666669,0.0,0.0,0.0,0.0,0.0,0.0,0.0,,,,
bright,ms1_drop_mutual,pool50_ndcg5,50,5,markov_graph,graph,mrr,50,0.6083333333333334,0.6083333333333334,0.0,0.0,0.0,0,0,50,1.0,0.0,0.0,0.0,biology:0,0.0,0.0,0.0,0.0,0.0,0.0,0.0,0.0,,,,
bright,ms2,pool20_ndcg10,20,10,balance_graph,graph,mrr,50,0.5961031746031746,0.5961031746031746,0.0,0.0,0.0,0,0,50,1.0,0.0,0.0,0.0,biology:0,0.0,0.0,0.0,0.0,0.0,0.0,0.0,0.0,,,,
bright,ms2,pool20_ndcg10,20,10,balance_hybrid,hybrid,mrr,50,0.6149126984126984,0.6149126984126984,0.0,0.0,0.0,0,0,50,1.0,0.0,0.0,0.0,biology:0,0.0,0.0,0.0,0.0,0.0,0.0,0.0,0.0,,,,
bright,ms2,pool20_ndcg10,20,10,copeland_graph,graph,mrr,50,0.5963571428571428,0.5963571428571428,0.0,0.0,0.0,0,0,50,1.0,0.0,0.0,0.0,biology:0,0.0,0.0,0.0,0.0,0.0,0.0,0.0,0.0,,,,
bright,ms2,pool20_ndcg10,20,10,copeland_hybrid,hybrid,mrr,50,0.6143888888888889,0.6143888888888889,0.0,0.0,0.0,0,0,50,1.0,0.0,0.0,0.0,biology:0,0.0,0.0,0.0,0.0,0.0,0.0,0.0,0.0,,,,
bright,ms2,pool20_ndcg10,20,10,markov_graph,graph,mrr,50,0.604,0.604,0.0,0.0,0.0,0,0,50,1.0,0.0,0.0,0.0,biology:0,0.0,0.0,0.0,0.0,0.0,0.0,0.0,0.0,,,,
bright,ms2,pool20_ndcg20,20,20,balance_graph,graph,mrr,50,0.6038883893883894,0.6038883893883894,0.0,0.0,0.0,0,0,50,1.0,0.0,0.0,0.0,biology:0,0.0,0.0,0.0,0.0,0.0,0.0,0.0,0.0,,,,
bright,ms2,pool20_ndcg20,20,20,balance_hybrid,hybrid,mrr,50,0.6205564231090547,0.6205564231090547,0.0,0.0,0.0,0,0,50,1.0,0.0,0.0,0.0,biology:0,0.0,0.0,0.0,0.0,0.0,0.0,0.0,0.0,,,,
bright,ms2,pool20_ndcg20,20,20,copeland_graph,graph,mrr,50,0.6042971195471195,0.6042971195471195,0.0,0.0,0.0,0,0,50,1.0,0.0,0.0,0.0,biology:0,0.0,0.0,0.0,0.0,0.0,0.0,0.0,0.0,,,,
bright,ms2,pool20_ndcg20,20,20,copeland_hybrid,hybrid,mrr,50,0.6199799820062978,0.6199799820062978,0.0,0.0,0.0,0,0,50,1.0,0.0,0.0,0.0,biology:0,0.0,0.0,0.0,0.0,0.0,0.0,0.0,0.0,,,,
bright,ms2,pool20_ndcg20,20,20,markov_graph,graph,mrr,50,0.6134935064935064,0.6134935064935064,0.0,0.0,0.0,0,0,50,1.0,0.0,0.0,0.0,biology:0,0.0,0.0,0.0,0.0,0.0,0.0,0.0,0.0,,,,
bright,ms2,pool20_ndcg5,20,5,balance_graph,graph,mrr,50,0.5856666666666667,0.5856666666666667,0.0,0.0,0.0,0,0,50,1.0,0.0,0.0,0.0,biology:0,0.0,0.0,0.0,0.0,0.0,0.0,0.0,0.0,,,,
bright,ms2,pool20_ndcg5,20,5,balance_hybrid,hybrid,mrr,50,0.604,0.604,0.0,0.0,0.0,0,0,50,1.0,0.0,0.0,0.0,biology:0,0.0,0.0,0.0,0.0,0.0,0.0,0.0,0.0,,,,
bright,ms2,pool20_ndcg5,20,5,copeland_graph,graph,mrr,50,0.5856666666666667,0.5856666666666667,0.0,0.0,0.0,0,0,50,1.0,0.0,0.0,0.0,biology:0,0.0,0.0,0.0,0.0,0.0,0.0,0.0,0.0,,,,
bright,ms2,pool20_ndcg5,20,5,copeland_hybrid,hybrid,mrr,50,0.603,0.603,0.0,0.0,0.0,0,0,50,1.0,0.0,0.0,0.0,biology:0,0.0,0.0,0.0,0.0,0.0,0.0,0.0,0.0,,,,
bright,ms2,pool20_ndcg5,20,5,markov_graph,graph,mrr,50,0.5956666666666667,0.5956666666666667,0.0,0.0,0.0,0,0,50,1.0,0.0,0.0,0.0,biology:0,0.0,0.0,0.0,0.0,0.0,0.0,0.0,0.0,,,,
bright,ms2,pool50_ndcg10,50,10,balance_graph,graph,mrr,50,0.573047619047619,0.573047619047619,0.0,0.0,0.0,0,0,50,1.0,0.0,0.0,0.0,biology:0,0.0,0.0,0.0,0.0,0.0,0.0,0.0,0.0,,,,
bright,ms2,pool50_ndcg10,50,10,balance_hybrid,hybrid,mrr,50,0.5977777777777777,0.5977777777777777,0.0,0.0,0.0,0,0,50,1.0,0.0,0.0,0.0,biology:0,0.0,0.0,0.0,0.0,0.0,0.0,0.0,0.0,,,,
bright,ms2,pool50_ndcg10,50,10,copeland_graph,graph,mrr,50,0.5760238095238095,0.5760238095238095,0.0,0.0,0.0,0,0,50,1.0,0.0,0.0,0.0,biology:0,0.0,0.0,0.0,0.0,0.0,0.0,0.0,0.0,,,,
bright,ms2,pool50_ndcg10,50,10,copeland_hybrid,hybrid,mrr,50,0.5987460317460317,0.5987460317460317,0.0,0.0,0.0,0,0,50,1.0,0.0,0.0,0.0,biology:0,0.0,0.0,0.0,0.0,0.0,0.0,0.0,0.0,,,,
bright,ms2,pool50_ndcg10,50,10,markov_graph,graph,mrr,50,0.6035238095238095,0.6035238095238095,0.0,0.0,0.0,0,0,50,1.0,0.0,0.0,0.0,biology:0,0.0,0.0,0.0,0.0,0.0,0.0,0.0,0.0,,,,
bright,ms2,pool50_ndcg20,50,20,balance_graph,graph,mrr,50,0.5751002506265663,0.5751002506265663,0.0,0.0,0.0,0,0,50,1.0,0.0,0.0,0.0,biology:0,0.0,0.0,0.0,0.0,0.0,0.0,0.0,0.0,,,,
bright,ms2,pool50_ndcg20,50,20,balance_hybrid,hybrid,mrr,50,0.6036188708951866,0.6036188708951866,0.0,0.0,0.0,0,0,50,1.0,0.0,0.0,0.0,biology:0,0.0,0.0,0.0,0.0,0.0,0.0,0.0,0.0,,,,
bright,ms2,pool50_ndcg20,50,20,copeland_graph,graph,mrr,50,0.5770238095238095,0.5770238095238095,0.0,0.0,0.0,0,0,50,1.0,0.0,0.0,0.0,biology:0,0.0,0.0,0.0,0.0,0.0,0.0,0.0,0.0,,,,
bright,ms2,pool50_ndcg20,50,20,copeland_hybrid,hybrid,mrr,50,0.6047153299916458,0.6047153299916458,0.0,0.0,0.0,0,0,50,1.0,0.0,0.0,0.0,biology:0,0.0,0.0,0.0,0.0,0.0,0.0,0.0,0.0,,,,
bright,ms2,pool50_ndcg20,50,20,markov_graph,graph,mrr,50,0.6057002801120448,0.6057002801120448,0.0,0.0,0.0,0,0,50,1.0,0.0,0.0,0.0,biology:0,0.0,0.0,0.0,0.0,0.0,0.0,0.0,0.0,,,,
bright,ms2,pool50_ndcg5,50,5,balance_graph,graph,mrr,50,0.5673333333333332,0.5673333333333332,0.0,0.0,0.0,0,0,50,1.0,0.0,0.0,0.0,biology:0,0.0,0.0,0.0,0.0,0.0,0.0,0.0,0.0,,,,
bright,ms2,pool50_ndcg5,50,5,balance_hybrid,hybrid,mrr,50,0.5866666666666667,0.5866666666666667,0.0,0.0,0.0,0,0,50,1.0,0.0,0.0,0.0,biology:0,0.0,0.0,0.0,0.0,0.0,0.0,0.0,0.0,,,,
bright,ms2,pool50_ndcg5,50,5,copeland_graph,graph,mrr,50,0.5673333333333332,0.5673333333333332,0.0,0.0,0.0,0,0,50,1.0,0.0,0.0,0.0,biology:0,0.0,0.0,0.0,0.0,0.0,0.0,0.0,0.0,,,,
bright,ms2,pool50_ndcg5,50,5,copeland_hybrid,hybrid,mrr,50,0.5883333333333334,0.5883333333333334,0.0,0.0,0.0,0,0,50,1.0,0.0,0.0,0.0,biology:0,0.0,0.0,0.0,0.0,0.0,0.0,0.0,0.0,,,,
bright,ms2,pool50_ndcg5,50,5,markov_graph,graph,mrr,50,0.6006666666666667,0.6006666666666667,0.0,0.0,0.0,0,0,50,1.0,0.0,0.0,0.0,biology:0,0.0,0.0,0.0,0.0,0.0,0.0,0.0,0.0,,,,
fiqa,ms1,pool20_ndcg10,20,10,balance_graph,graph,mrr,120,0.23614087301587303,0.23997685185185186,0.0038359788359788364,0.0,0.04371518018729859,7,2,111,0.44175582441755823,-0.0034226190476190476,0.012136243386243386,0.8355,62,0.35714285714285715,0.000867013472055489,0.0,0.0,0.0,0.0,0.0,0.013888888888888895,,,,
fiqa,ms1,pool20_ndcg10,20,10,balance_hybrid,hybrid,mrr,120,0.25880291005291006,0.25475198412698413,-0.004050925925925926,0.0,0.045481104238618265,1,1,118,1.0,-0.0125,0.0003472222222222224,0.2301,12,-0.5,0.0001167133520074697,0.0,0.0,0.0,0.0,0.0,0.0,,,,
fiqa,ms1,pool20_ndcg10,20,10,copeland_graph,graph,mrr,120,0.2235482804232804,0.22414682539682537,0.0005985449735449733,0.0,0.08767858408785045,14,6,100,0.9437056294370563,-0.016455687830687835,0.014468171296296288,0.5574,12,-0.6666666666666667,0.006205815659597172,0.0,-0.0015873015873015817,0.0,0.0,0.0,0.125,,,,
fiqa,ms1,pool20_ndcg10,20,10,copeland_hybrid,hybrid,mrr,120,0.2547189153439154,0.24815476190476193,-0.00656415343915344,0.0,0.06940469186911538,8,6,106,0.37196280371962803,-0.020484126984126983,0.003998429232804227,0.1444,12,-0.5,-0.0024176337201547286,0.0,-0.000555555555555553,0.0,0.0,0.0,0.024285714285714258,,,,
fiqa,ms1,pool20_ndcg10,20,10,markov_graph,graph,mrr,120,0.23217261904761907,0.23677910052910053,0.0046064814814814805,0.0,0.059054461218753074,10,6,104,0.4500549945005499,-0.004920634920634922,0.016263475529100527,0.802,45,0.5,0.0004435107376283843,0.0,-0.0012499999999999953,0.0,0.0,0.0,0.04488095238095225,,,,
fiqa,ms1,pool20_ndcg20,20,20,balance_graph,graph,mrr,120,0.24239153512179828,0.2449871103412125,0.0025955752194142287,0.0,0.0414549423896149,10,3,107,0.5389461053894611,-0.004255817396684269,0.010624675748514757,0.7544,62,0.35714285714285715,-0.00038381370431218214,0.0,0.0,0.0,0.0,0.0,0.013888888888888895,,,,
fiqa,ms1,pool20_ndcg20,20,20,balance_hybrid,hybrid,mrr,120,0.2636313874965191,0.2596052631578948,-0.0040261243386243385,0.0,0.045503588019291094,2,2,116,0.8718128187181282,-0.012549603174603175,0.0004133597883597886,0.2845,12,-0.5,0.00014172335600907038,0.0,0.0,0.0,0.0,0.0,0.0,,,,
fiqa,ms1,pool20_ndcg20,20,20,copeland_graph,graph,mrr,120,0.23129513918600605,0.22912791557141401,-0.002167223614592036,0.0,0.08356019538666348,17,8,95,0.7691230876912308,-0.01862555807374886,0.010780057250863173,0.4186,12,-0.6666666666666667,0.0034168053186186755,0.0,-0.01690170940170941,0.0,0.0,0.0,0.05470238095238089,,,,
fiqa,ms1,pool20_ndcg20,20,20,copeland_hybrid,hybrid,mrr,120,0.2613894901394901,0.2535556722689076,-0.007833817870582576,0.0,0.06677128256566316,12,7,101,0.29417058294170584,-0.021216348976459274,0.0020334370490620495,0.0864,12,-0.5,-0.0036979676005874725,0.0,-0.009037698412698409,0.0,0.0,0.0,0.020233585858585847,,,,
fiqa,ms1,pool20_ndcg20,20,20,markov_graph,graph,mrr,120,0.2371198623501255,0.2410552320343342,0.003935369684208693,0.0,0.058263923566278436,13,7,100,0.5261473852614739,-0.005359172523597833,0.01549650266779717,0.7643,45,0.5,-0.0002332406545794694,0.0,-0.006469780219780224,0.0,0.0,0.0,0.024761904761904707,,,,
fiqa,ms1,pool20_ndcg5,20,5,balance_graph,graph,mrr,120,0.22374999999999998,0.22791666666666666,0.004166666666666667,0.0,0.055746200667748554,2,1,117,0.7622237776222378,-0.004166666666666667,0.014583333333333334,0.7099,62,0.5,0.0,0.0,0.0,0.0,0.0,0.0,0.0,,,,
fiqa,ms1,pool20_ndcg5,20,5,balance_hybrid,hybrid,mrr,120,0.24708333333333335,0.2429166666666667,-0.004166666666666667,0.0,0.04545296714431549,0,1,119,1.0,-0.0125,0.0,0.0,12,-0.5,0.0,0.0,0.0,0.0,0.0,0.0,0.0,,,,
fiqa,ms1,pool20_ndcg5,20,5,copeland_graph,graph,mrr,120,0.21180555555555552,0.21027777777777779,-0.0015277777777777779,0.0,0.08887141755381588,5,3,112,0.8714128587141285,-0.018472222222222223,0.01263888888888889,0.4473,12,-0.6666666666666667,0.004061624649859945,0.0,0.0,0.0,0.0,0.0,0.0,,,,
fiqa,ms1,pool20_ndcg5,20,5,copeland_hybrid,hybrid,mrr,120,0.24305555555555555,0.2373611111111111,-0.005694444444444445,0.0,0.07134604745642412,3,3,114,0.43225677432256776,-0.019861111111111114,0.005277777777777778,0.1935,12,-0.5,-0.0015406162464985996,0.0,0.0,0.0,0.0,0.0,0.0,,,,
fiqa,ms1,pool20_ndcg5,20,5,markov_graph,graph,mrr,120,0.22,0.2227777777777778,0.0027777777777777775,0.0,0.06499050262999022,5,5,110,0.708029197080292,-0.008055555555555557,0.015416666666666665,0.6627,45,0.5,-0.001400560224089636,0.0,0.0,0.0,0.0,0.0,0.0,,,,
fiqa,ms1,pool50_ndcg10,50,10,balance_graph,graph,mrr,120,0.2536276455026455,0.2590112433862434,0.005383597883597883,0.0,0.02791790681641534,7,1,112,0.0282971702829717,0.0011243386243386243,0.01093915343915344,0.9972,482,0.16666666666666669,0.00402827797785781,0.0,0.0,0.0,0.0,0.0,0.011448412698412668,,,,
fiqa,ms1,pool50_ndcg10,50,10,balance_hybrid,hybrid,mrr,120,0.2559920634920635,0.2555753968253968,-0.0004166666666666668,0.0,0.010197698542100344,1,1,118,1.0,-0.0025000000000000005,0.0012499999999999998,0.256,25,-0.1,0.0004201680672268907,0.0,0.0,0.0,0.0,0.0,0.0,,,,
fiqa,ms1,pool50_ndcg10,50,10,copeland_graph,graph,mrr,120,0.26556547619047616,0.2689649470899471,0.0033994708994708983,0.0,0.08362342010010608,12,6,102,0.6997300269973002,-0.012632357804232807,0.017265459656084656,0.6846,498,-0.6666666666666667,0.009030278778177938,0.0,-0.004166666666666651,0.0,0.0,0.0,0.12569444444444441,,,,
fiqa,ms1,pool50_ndcg10,50,10,copeland_hybrid,hybrid,mrr,120,0.27110780423280423,0.2720469576719577,0.0009391534391534395,0.0,0.005797349089004867,6,2,112,0.08399160083991601,-3.306878306878249e-05,0.0020568783068783073,0.97,442,0.033333333333333354,0.0006669334400426839,0.0,0.0,0.0,0.0,0.0,0.0006944444444444053,,,,
fiqa,ms1,pool50_ndcg10,50,10,markov_graph,graph,mrr,120,0.26487103174603177,0.2728108465608466,0.007939814814814814,0.0,0.0946471483036773,8,4,108,0.37546245375462456,-0.008664765211640208,0.025986193783068778,0.821,21,-0.5,0.012208216619981326,0.0,0.0,0.0,0.0,0.0,0.03452380952380948,,,,
fiqa,ms1,pool50_ndcg20,50,20,balance_graph,graph,mrr,120,0.26017742197889254,0.2654292771069087,0.00525185512801612,0.0,0.026589374475269607,11,1,108,0.0045995400459954,0.0010479604853637359,0.010644994328140613,0.9998,482,0.16666666666666669,0.003895428140296366,0.0,0.0,0.0,0.0,0.0,0.018154761904761882,,,,
fiqa,ms1,pool50_ndcg20,50,20,balance_hybrid,hybrid,mrr,120,0.26043147398410554,0.26091127196390357,0.00047979797979797963,0.0,0.004858667232985781,2,1,117,0.5008499150084992,-0.00015151515151515157,0.0015151515151515147,0.8284,41,0.04999999999999999,6.366182836771066e-05,0.0,0.0,0.0,0.0,0.0,0.0,,,,
fiqa,ms1,pool50_ndcg20,50,20,copeland_graph,graph,mrr,120,0.2722493157284179,0.2768715111642743,0.004622195435856426,0.0,0.08096698916658983,16,10,94,0.593940605939406,-0.011081520553463281,0.017867568772923836,0.7498,498,-0.6666666666666667,0.010263278310667544,0.0,-0.009231601731601735,0.0,0.0,0.0,0.11249999999999992,,,,
fiqa,ms1,pool50_ndcg20,50,20,copeland_hybrid,hybrid,mrr,120,0.27570631914381916,0.27672568172568174,0.0010193625818625822,0.0,0.006079998962873721,10,6,104,0.06729327067293271,7.585585710585891e-06,0.0021906461593961596,0.9757,442,0.033333333333333354,0.0007478166091611472,0.0,-0.00020833333333333253,0.0,0.0,0.0,0.013888888888888895,,,,
fiqa,ms1,pool50_ndcg20,50,20,markov_graph,graph,mrr,120,0.2730058312788576,0.28143500322776643,0.008429171948908791,0.0,0.0946744018358135,13,4,103,0.34606539346065396,-0.008110963187032265,0.026490247082352324,0.8356,21,-0.5,0.01270168599889962,0.0,0.0,0.0,0.0,0.0,0.03922077922077917,,,,
fiqa,ms1,pool50_ndcg5,50,5,balance_graph,graph,mrr,120,0.23791666666666667,0.2434722222222222,0.005555555555555556,0.0,0.036851386559504436,3,0,117,0.23737626237376264,0.0,0.012500000000000002,0.9504,62,0.3333333333333333,0.002801120448179272,0.0,0.0,0.0,0.0,0.0,0.0,,,,
fiqa,ms1,pool50_ndcg5,50,5,balance_hybrid,hybrid,mrr,120,0.24430555555555555,0.24472222222222223,0.0004166666666666666,0.0,0.004545296714431545,1,0,119,1.0,0.0,0.0012499999999999998,0.6309,41,0.04999999999999999,0.0,0.0,0.0,0.0,0.0,0.0,0.0,,,,
fiqa,ms1,pool50_ndcg5,50,5,copeland_graph,graph,mrr,120,0.255,0.2608333333333333,0.005833333333333333,0.0,0.08736497518393106,8,4,108,0.5262473752624738,-0.010694444444444447,0.020555555555555556,0.7767,498,-0.6666666666666667,0.011484593837535015,0.0,0.0,0.0,0.0,0.0,0.16833333333333325,,,,
fiqa,ms1,pool50_ndcg5,50,5,copeland_hybrid,hybrid,mrr,120,0.26083333333333336,0.2625,0.0016666666666666668,0.0,0.018181186857726187,1,0,119,1.0,0.0,0.005000000000000001,0.6349,442,0.2,0.0,0.0,0.0,0.0,0.0,0.0,0.0,,,,
fiqa,ms1,pool50_ndcg5,50,5,markov_graph,graph,mrr,120,0.2501388888888889,0.26097222222222227,0.010833333333333332,0.0,0.10645051884778656,7,4,109,0.2872712728727127,-0.007777777777777777,0.030694444444444444,0.8728,21,-0.5,0.015126050420168067,0.0,0.0,0.0,0.0,0.0,0.16833333333333325,,,,
fiqa,ms1_drop_mutual,pool20_ndcg10,20,10,balance_graph,graph,mrr,120,0.22985780423280425,0.22985780423280425,0.0,0.0,0.0,0,0,120,1.0,0.0,0.0,0.0,0,0.0,0.0,0.0,0.0,0.0,0.0,0.0,0.0,,,,
fiqa,ms1_drop_mutual,pool20_ndcg10,20,10,balance_hybrid,hybrid,mrr,120,0.25795634920634924,0.25795634920634924,0.0,0.0,0.0,0,0,120,1.0,0.0,0.0,0.0,0,0.0,0.0,0.0,0.0,0.0,0.0,0.0,0.0,,,,
fiqa,ms1_drop_mutual,pool20_ndcg10,20,10,copeland_graph,graph,mrr,120,0.2235482804232804,0.2235482804232804,0.0,0.0,0.0,0,0,120,1.0,0.0,0.0,0.0,0,0.0,0.0,0.0,0.0,0.0,0.0,0.0,0.0,,,,
fiqa,ms1_drop_mutual,pool20_ndcg10,20,10,copeland_hybrid,hybrid,mrr,120,0.25430224867724865,0.25430224867724865,0.0,0.0,0.0,0,0,120,1.0,0.0,0.0,0.0,0,0.0,0.0,0.0,0.0,0.0,0.0,0.0,0.0,,,,
fiqa,ms1_drop_mutual,pool20_ndcg10,20,10,markov_graph,graph,mrr,120,0.22773148148148145,0.22773148148148145,0.0,0.0,0.0,0,0,120,1.0,0.0,0.0,0.0,0,0.0,0.0,0.0,0.0,0.0,0.0,0.0,0.0,,,,
fiqa,ms1_drop_mutual,pool20_ndcg20,20,20,balance_graph,graph,mrr,120,0.23800805980082299,0.23796227225503544,-4.5787545787545855e-05,0.0,0.000499483155432039,0,1,119,1.0,-0.00013736263736263758,0.0,0.0,13,-0.005494505494505503,0.0,0.0,0.0,0.0,0.0,0.0,0.0,,,,
fiqa,ms1_drop_mutual,pool20_ndcg20,20,20,balance_hybrid,hybrid,mrr,120,0.26269172530685686,0.26269172530685686,0.0,0.0,0.0,0,0,120,1.0,0.0,0.0,0.0,0,0.0,0.0,0.0,0.0,0.0,0.0,0.0,0.0,,,,
fiqa,ms1_drop_mutual,pool20_ndcg20,20,20,copeland_graph,graph,mrr,120,0.23129513918600605,0.23124935164021848,-4.5787545787545855e-05,0.0,0.000499483155432039,0,1,119,1.0,-0.00013736263736263758,0.0,0.0,70,-0.005494505494505503,0.0,0.0,0.0,0.0,0.0,0.0,0.0,,,,
fiqa,ms1_drop_mutual,pool20_ndcg20,20,20,copeland_hybrid,hybrid,mrr,120,0.26097282347282347,0.26097282347282347,0.0,0.0,0.0,0,0,120,1.0,0.0,0.0,0.0,0,0.0,0.0,0.0,0.0,0.0,0.0,0.0,0.0,,,,
fiqa,ms1_drop_mutual,pool20_ndcg20,20,20,markov_graph,graph,mrr,120,0.23657618149394466,0.23653039394815714,-4.5787545787545855e-05,0.0,0.000499483155432039,0,1,119,1.0,-0.00013736263736263758,0.0,0.0,13,-0.005494505494505503,0.0,0.0,0.0,0.0,0.0,0.0,0.0,,,,
fiqa,ms1_drop_mutual,pool20_ndcg5,20,5,balance_graph,graph,mrr,120,0.2209722222222222,0.2209722222222222,0.0,0.0,0.0,0,0,120,1.0,0.0,0.0,0.0,0,0.0,0.0,0.0,0.0,0.0,0.0,0.0,0.0,,,,
fiqa,ms1_drop_mutual,pool20_ndcg5,20,5,balance_hybrid,hybrid,mrr,120,0.24375,0.24375,0.0,0.0,0.0,0,0,120,1.0,0.0,0.0,0.0,0,0.0,0.0,0.0,0.0,0.0,0.0,0.0,0.0,,,,
fiqa,ms1_drop_mutual,pool20_ndcg5,20,5,copeland_graph,graph,mrr,120,0.21180555555555552,0.21180555555555552,0.0,0.0,0.0,0,0,120,1.0,0.0,0.0,0.0,0,0.0,0.0,0.0,0.0,0.0,0.0,0.0,0.0,,,,
fiqa,ms1_drop_mutual,pool20_ndcg5,20,5,copeland_hybrid,hybrid,mrr,120,0.2426388888888889,0.2426388888888889,0.0,0.0,0.0,0,0,120,1.0,0.0,0.0,0.0,0,0.0,0.0,0.0,0.0,0.0,0.0,0.0,0.0,,,,
fiqa,ms1_drop_mutual,pool20_ndcg5,20,5,markov_graph,graph,mrr,120,0.22027777777777777,0.22027777777777777,0.0,0.0,0.0,0,0,120,1.0,0.0,0.0,0.0,0,0.0,0.0,0.0,0.0,0.0,0.0,0.0,0.0,,,,
fiqa,ms1_drop_mutual,pool50_ndcg10,50,10,balance_graph,graph,mrr,120,0.25314484126984127,0.252228835978836,-0.0009160052910052909,0.0,0.009424748792154542,1,2,117,0.49595040495950404,-0.0028968253968253968,0.00023148148148148157,0.1188,20,-0.1,-8.336668000533541e-05,0.0,0.0,0.0,0.0,0.0,0.0,,,,
fiqa,ms1_drop_mutual,pool50_ndcg10,50,10,balance_hybrid,hybrid,mrr,120,0.2552513227513228,0.2552513227513228,0.0,0.0,0.0,0,0,120,1.0,0.0,0.0,0.0,0,0.0,0.0,0.0,0.0,0.0,0.0,0.0,0.0,,,,
fiqa,ms1_drop_mutual,pool50_ndcg10,50,10,copeland_graph,graph,mrr,120,0.26556547619047616,0.2644080687830687,-0.0011574074074074071,0.0,0.012253659765172342,2,2,116,0.5018498150184981,-0.003657407407407407,0.0006481481481481483,0.1452,93,-0.1,-0.0003267973856209148,0.0,0.0,0.0,0.0,0.0,0.0,,,,
fiqa,ms1_drop_mutual,pool50_ndcg10,50,10,copeland_hybrid,hybrid,mrr,120,0.27110780423280423,0.271630291005291,0.0005224867724867725,0.0,0.0033566297175804984,3,0,117,0.25037496250374963,0.0,0.0012203207671957657,0.95,96,0.024999999999999994,0.00031679338402027484,0.0,0.0,0.0,0.0,0.0,0.0,,,,
fiqa,ms1_drop_mutual,pool50_ndcg10,50,10,markov_graph,graph,mrr,120,0.27014880952380954,0.27012566137566135,-2.3148148148148296e-05,0.0,0.0016235088652869416,1,1,118,1.0,-0.0003472222222222224,0.0002777777777777775,0.3453,16,-0.013888888888888895,9.337068160597562e-05,0.0,0.0,0.0,0.0,0.0,0.0,,,,
fiqa,ms1_drop_mutual,pool50_ndcg20,50,20,balance_graph,graph,mrr,120,0.2599909499541852,0.2598750696041717,-0.00011588035001347691,0.0,0.0027122145400216625,3,3,114,0.716928307169283,-0.0006500930914630607,0.00032290310129899863,0.329,53,-0.023809523809523808,8.322589754543343e-05,0.0,0.0,0.0,0.0,0.0,0.0,,,,
fiqa,ms1_drop_mutual,pool50_ndcg20,50,20,balance_hybrid,hybrid,mrr,120,0.260475542116409,0.260475542116409,0.0,0.0,0.0,0,0,120,1.0,0.0,0.0,0.0,0,0.0,0.0,0.0,0.0,0.0,0.0,0.0,0.0,,,,
fiqa,ms1_drop_mutual,pool50_ndcg20,50,20,copeland_graph,graph,mrr,120,0.2722493157284179,0.27285797109810267,0.0006086553696847817,0.0,0.01090380396218104,6,3,111,0.5663433656634337,-0.0014239406937017229,0.0025206240858814386,0.7398,12,-0.08333333333333331,0.001314050232735354,0.0,0.0,0.0,0.0,0.0,0.00020833333333332145,,,,
fiqa,ms1_drop_mutual,pool50_ndcg20,50,20,copeland_hybrid,hybrid,mrr,120,0.27570631914381916,0.27625603903177437,0.0005497198879551821,0.0,0.0033655253144982593,4,0,116,0.12588741125887412,2.7233115468409606e-05,0.0012499999999999998,0.9837,96,0.024999999999999994,0.000344255349198503,0.0,0.0,0.0,0.0,0.0,0.0,,,,
fiqa,ms1_drop_mutual,pool50_ndcg20,50,20,markov_graph,graph,mrr,120,0.2788141676792993,0.2783743528644845,-0.00043981481481481497,0.0,0.004824542790195845,1,2,117,0.49805019498050196,-0.0014814814814814818,0.00018518518518518499,0.1298,25,-0.05,-2.3342670401494082e-05,0.0,0.0,0.0,0.0,0.0,0.0,,,,
fiqa,ms1_drop_mutual,pool50_ndcg5,50,5,balance_graph,graph,mrr,120,0.23986111111111114,0.23986111111111114,0.0,0.0,0.0,0,0,120,1.0,0.0,0.0,0.0,0,0.0,0.0,0.0,0.0,0.0,0.0,0.0,0.0,,,,
fiqa,ms1_drop_mutual,pool50_ndcg5,50,5,balance_hybrid,hybrid,mrr,120,0.24430555555555555,0.24430555555555555,0.0,0.0,0.0,0,0,120,1.0,0.0,0.0,0.0,0,0.0,0.0,0.0,0.0,0.0,0.0,0.0,0.0,,,,
fiqa,ms1_drop_mutual,pool50_ndcg5,50,5,copeland_graph,graph,mrr,120,0.255,0.2559722222222222,0.0009722222222222225,0.0,0.01975496108966861,1,1,118,1.0,-0.002083333333333333,0.005000000000000001,0.5989,32,0.2,-0.0007002801120448178,0.0,0.0,0.0,0.0,0.0,0.0,,,,
fiqa,ms1_drop_mutual,pool50_ndcg5,50,5,copeland_hybrid,hybrid,mrr,120,0.26083333333333336,0.26083333333333336,0.0,0.0,0.0,0,0,120,1.0,0.0,0.0,0.0,0,0.0,0.0,0.0,0.0,0.0,0.0,0.0,0.0,,,,
fiqa,ms1_drop_mutual,pool50_ndcg5,50,5,markov_graph,graph,mrr,120,0.25875,0.25875,0.0,0.0,0.0,0,0,120,1.0,0.0,0.0,0.0,0,0.0,0.0,0.0,0.0,0.0,0.0,0.0,0.0,,,,
fiqa,ms2,pool20_ndcg10,20,10,balance_graph,graph,mrr,120,0.24039021164021165,0.24039021164021165,0.0,0.0,0.0,0,0,120,1.0,0.0,0.0,0.0,0,0.0,0.0,0.0,0.0,0.0,0.0,0.0,0.0,,,,
fiqa,ms2,pool20_ndcg10,20,10,balance_hybrid,hybrid,mrr,120,0.25762896825396825,0.25762896825396825,0.0,0.0,0.0,0,0,120,1.0,0.0,0.0,0.0,0,0.0,0.0,0.0,0.0,0.0,0.0,0.0,0.0,,,,
fiqa,ms2,pool20_ndcg10,20,10,copeland_graph,graph,mrr,120,0.22726521164021166,0.22726521164021166,0.0,0.0,0.0,0,0,120,1.0,0.0,0.0,0.0,0,0.0,0.0,0.0,0.0,0.0,0.0,0.0,0.0,,,,
fiqa,ms2,pool20_ndcg10,20,10,copeland_hybrid,hybrid,mrr,120,0.2535548941798942,0.2535548941798942,0.0,0.0,0.0,0,0,120,1.0,0.0,0.0,0.0,0,0.0,0.0,0.0,0.0,0.0,0.0,0.0,0.0,,,,
fiqa,ms2,pool20_ndcg10,20,10,markov_graph,graph,mrr,120,0.23884589947089946,0.23884589947089946,0.0,0.0,0.0,0,0,120,1.0,0.0,0.0,0.0,0,0.0,0.0,0.0,0.0,0.0,0.0,0.0,0.0,,,,
fiqa,ms2,pool20_ndcg20,20,20,balance_graph,graph,mrr,120,0.2446043878077547,0.2446043878077547,0.0,0.0,0.0,0,0,120,1.0,0.0,0.0,0.0,0,0.0,0.0,0.0,0.0,0.0,0.0,0.0,0.0,,,,
fiqa,ms2,pool20_ndcg20,20,20,balance_hybrid,hybrid,mrr,120,0.2618087887989204,0.2618087887989204,0.0,0.0,0.0,0,0,120,1.0,0.0,0.0,0.0,0,0.0,0.0,0.0,0.0,0.0,0.0,0.0,0.0,,,,
fiqa,ms2,pool20_ndcg20,20,20,copeland_graph,graph,mrr,120,0.23197525377672434,0.23197525377672434,0.0,0.0,0.0,0,0,120,1.0,0.0,0.0,0.0,0,0.0,0.0,0.0,0.0,0.0,0.0,0.0,0.0,,,,
fiqa,ms2,pool20_ndcg20,20,20,copeland_hybrid,hybrid,mrr,120,0.25776943694706855,0.25776943694706855,0.0,0.0,0.0,0,0,120,1.0,0.0,0.0,0.0,0,0.0,0.0,0.0,0.0,0.0,0.0,0.0,0.0,,,,
fiqa,ms2,pool20_ndcg20,20,20,markov_graph,graph,mrr,120,0.2435894455060477,0.2435894455060477,0.0,0.0,0.0,0,0,120,1.0,0.0,0.0,0.0,0,0.0,0.0,0.0,0.0,0.0,0.0,0.0,0.0,,,,
fiqa,ms2,pool20_ndcg5,20,5,balance_graph,graph,mrr,120,0.22652777777777774,0.22652777777777774,0.0,0.0,0.0,0,0,120,1.0,0.0,0.0,0.0,0,0.0,0.0,0.0,0.0,0.0,0.0,0.0,0.0,,,,
fiqa,ms2,pool20_ndcg5,20,5,balance_hybrid,hybrid,mrr,120,0.2436111111111111,0.2436111111111111,0.0,0.0,0.0,0,0,120,1.0,0.0,0.0,0.0,0,0.0,0.0,0.0,0.0,0.0,0.0,0.0,0.0,,,,
fiqa,ms2,pool20_ndcg5,20,5,copeland_graph,graph,mrr,120,0.215,0.215,0.0,0.0,0.0,0,0,120,1.0,0.0,0.0,0.0,0,0.0,0.0,0.0,0.0,0.0,0.0,0.0,0.0,,,,
fiqa,ms2,pool20_ndcg5,20,5,copeland_hybrid,hybrid,mrr,120,0.23944444444444446,0.23944444444444446,0.0,0.0,0.0,0,0,120,1.0,0.0,0.0,0.0,0,0.0,0.0,0.0,0.0,0.0,0.0,0.0,0.0,,,,
fiqa,ms2,pool20_ndcg5,20,5,markov_graph,graph,mrr,120,0.225,0.225,0.0,0.0,0.0,0,0,120,1.0,0.0,0.0,0.0,0,0.0,0.0,0.0,0.0,0.0,0.0,0.0,0.0,,,,
fiqa,ms2,pool50_ndcg10,50,10,balance_graph,graph,mrr,120,0.2305621693121693,0.2305621693121693,0.0,0.0,0.0,0,0,120,1.0,0.0,0.0,0.0,0,0.0,0.0,0.0,0.0,0.0,0.0,0.0,0.0,,,,
fiqa,ms2,pool50_ndcg10,50,10,balance_hybrid,hybrid,mrr,120,0.2571230158730159,0.2571230158730159,0.0,0.0,0.0,0,0,120,1.0,0.0,0.0,0.0,0,0.0,0.0,0.0,0.0,0.0,0.0,0.0,0.0,,,,
fiqa,ms2,pool50_ndcg10,50,10,copeland_graph,graph,mrr,120,0.22223875661375658,0.22223875661375658,0.0,0.0,0.0,0,0,120,1.0,0.0,0.0,0.0,0,0.0,0.0,0.0,0.0,0.0,0.0,0.0,0.0,,,,
fiqa,ms2,pool50_ndcg10,50,10,copeland_hybrid,hybrid,mrr,120,0.2511838624338624,0.2511838624338624,0.0,0.0,0.0,0,0,120,1.0,0.0,0.0,0.0,0,0.0,0.0,0.0,0.0,0.0,0.0,0.0,0.0,,,,
fiqa,ms2,pool50_ndcg10,50,10,markov_graph,graph,mrr,120,0.23731481481481478,0.23731481481481478,0.0,0.0,0.0,0,0,120,1.0,0.0,0.0,0.0,0,0.0,0.0,0.0,0.0,0.0,0.0,0.0,0.0,,,,
fiqa,ms2,pool50_ndcg20,50,20,balance_graph,graph,mrr,120,0.237600986975987,0.237600986975987,0.0,0.0,0.0,0,0,120,1.0,0.0,0.0,0.0,0,0.0,0.0,0.0,0.0,0.0,0.0,0.0,0.0,,,,
fiqa,ms2,pool50_ndcg20,50,20,balance_hybrid,hybrid,mrr,120,0.2619443048351717,0.2619443048351717,0.0,0.0,0.0,0,0,120,1.0,0.0,0.0,0.0,0,0.0,0.0,0.0,0.0,0.0,0.0,0.0,0.0,,,,
fiqa,ms2,pool50_ndcg20,50,20,copeland_graph,graph,mrr,120,0.2303232488758805,0.2303232488758805,0.0,0.0,0.0,0,0,120,1.0,0.0,0.0,0.0,0,0.0,0.0,0.0,0.0,0.0,0.0,0.0,0.0,,,,
fiqa,ms2,pool50_ndcg20,50,20,copeland_hybrid,hybrid,mrr,120,0.25595173259259946,0.25595173259259946,0.0,0.0,0.0,0,0,120,1.0,0.0,0.0,0.0,0,0.0,0.0,0.0,0.0,0.0,0.0,0.0,0.0,,,,
fiqa,ms2,pool50_ndcg20,50,20,markov_graph,graph,mrr,120,0.2443015951984605,0.2443015951984605,0.0,0.0,0.0,0,0,120,1.0,0.0,0.0,0.0,0,0.0,0.0,0.0,0.0,0.0,0.0,0.0,0.0,,,,
fiqa,ms2,pool50_ndcg5,50,5,balance_graph,graph,mrr,120,0.21194444444444446,0.21194444444444446,0.0,0.0,0.0,0,0,120,1.0,0.0,0.0,0.0,0,0.0,0.0,0.0,0.0,0.0,0.0,0.0,0.0,,,,
fiqa,ms2,pool50_ndcg5,50,5,balance_hybrid,hybrid,mrr,120,0.24388888888888888,0.24388888888888888,0.0,0.0,0.0,0,0,120,1.0,0.0,0.0,0.0,0,0.0,0.0,0.0,0.0,0.0,0.0,0.0,0.0,,,,
fiqa,ms2,pool50_ndcg5,50,5,copeland_graph,graph,mrr,120,0.2029166666666667,0.2029166666666667,0.0,0.0,0.0,0,0,120,1.0,0.0,0.0,0.0,0,0.0,0.0,0.0,0.0,0.0,0.0,0.0,0.0,,,,
fiqa,ms2,pool50_ndcg5,50,5,copeland_hybrid,hybrid,mrr,120,0.2366666666666667,0.2366666666666667,0.0,0.0,0.0,0,0,120,1.0,0.0,0.0,0.0,0,0.0,0.0,0.0,0.0,0.0,0.0,0.0,0.0,,,,
fiqa,ms2,pool50_ndcg5,50,5,markov_graph,graph,mrr,120,0.22263888888888891,0.22263888888888891,0.0,0.0,0.0,0,0,120,1.0,0.0,0.0,0.0,0,0.0,0.0,0.0,0.0,0.0,0.0,0.0,0.0,,,,
hotpotqa,ms1,pool10_ndcg5,10,5,balance_graph,graph,mrr,52,0.8730769230769232,0.871474358974359,-0.0016025641025641023,0.0,0.011444596840613538,0,1,51,1.0,-0.004807692307692306,0.0,0.0,5a7cc50e554299452d57ba3e,-0.08333333333333331,0.0,0.0,0.0,0.0,0.0,0.0,0.0,,,,
hotpotqa,ms1,pool10_ndcg5,10,5,balance_hybrid,hybrid,mrr,52,0.8564102564102564,0.866025641025641,0.009615384615384616,0.0,0.06866758104368126,1,0,51,1.0,0.0,0.028846153846153848,0.6338,5ab51dae5542991779162d82,0.5,0.0,0.0,0.0,0.0,0.0,0.0,0.0,,,,
hotpotqa,ms1,pool10_ndcg5,10,5,copeland_graph,graph,mrr,52,0.8435897435897437,0.8730769230769232,0.029487179487179487,0.0,0.15280900404091485,5,2,45,0.2126787321267873,-0.009615384615384616,0.07596153846153847,0.9198,5a85ea095542994775f606a8,0.5,0.02026143790849673,0.0,0.0,0.0,0.0,0.0,0.5,,,,
hotpotqa,ms1,pool10_ndcg5,10,5,copeland_hybrid,hybrid,mrr,52,0.8467948717948718,0.866025641025641,0.019230769230769232,0.0,0.09615384615384615,2,0,50,0.49455054494550543,0.0,0.04807692307692308,0.8725,5a85ea095542994775f606a8,0.5,0.00980392156862745,0.0,0.0,0.0,0.0,0.0,0.0,,,,
hotpotqa,ms1,pool10_ndcg5,10,5,markov_graph,graph,mrr,52,0.8724358974358976,0.871474358974359,-0.0009615384615384614,0.0,0.03789513498792153,1,2,49,1.0,-0.011217948717948718,0.009935897435897437,0.3891,5ab6d09255429954757d337d,0.2,-0.004901960784313725,0.0,0.0,0.0,0.0,0.0,0.0,,,,
hotpotqa,ms1,pool35_ndcg10,35,10,balance_graph,graph,mrr,52,0.8724358974358974,0.8724358974358974,0.0,0.0,0.0,0,0,52,1.0,0.0,0.0,0.0,5a8c7595554299585d9e36b6,0.0,0.0,0.0,0.0,0.0,0.0,0.0,0.0,,,,
hotpotqa,ms1,pool35_ndcg10,35,10,balance_hybrid,hybrid,mrr,52,0.8647435897435897,0.8647435897435897,0.0,0.0,0.0,0,0,52,1.0,0.0,0.0,0.0,5a8c7595554299585d9e36b6,0.0,0.0,0.0,0.0,0.0,0.0,0.0,0.0,,,,
hotpotqa,ms1,pool35_ndcg10,35,10,copeland_graph,graph,mrr,52,0.8269230769230768,0.8509615384615383,0.02403846153846154,0.0,0.12046976522213308,3,2,47,0.24437556244375563,-0.004807692307692308,0.060897435897435896,0.9296,5abc0a5d5542993f40c73c64,0.5,0.014705882352941176,0.0,0.0,0.0,0.0,0.0,0.22499999999999787,,,,
hotpotqa,ms1,pool35_ndcg10,35,10,copeland_hybrid,hybrid,mrr,52,0.8519230769230769,0.8519230769230769,0.0,0.0,0.0,0,0,52,1.0,0.0,0.0,0.0,5a8c7595554299585d9e36b6,0.0,0.0,0.0,0.0,0.0,0.0,0.0,0.0,,,,
hotpotqa,ms1,pool35_ndcg10,35,10,markov_graph,graph,mrr,52,0.8477564102564101,0.8472985347985348,-0.0004578754578754579,0.0,0.0032698848116038703,0,1,51,1.0,-0.0013736263736263735,0.0,0.0,5ab6d09255429954757d337d,-0.023809523809523808,0.0,0.0,0.0,0.0,0.0,0.0,0.0,,,,
hotpotqa,ms1,pool35_ndcg20,35,20,balance_graph,graph,mrr,52,0.8724358974358974,0.8724358974358974,0.0,0.0,0.0,0,0,52,1.0,0.0,0.0,0.0,5a8c7595554299585d9e36b6,0.0,0.0,0.0,0.0,0.0,0.0,0.0,0.0,,,,
hotpotqa,ms1,pool35_ndcg20,35,20,balance_hybrid,hybrid,mrr,52,0.8647435897435897,0.8647435897435897,0.0,0.0,0.0,0,0,52,1.0,0.0,0.0,0.0,5a8c7595554299585d9e36b6,0.0,0.0,0.0,0.0,0.0,0.0,0.0,0.0,,,,
hotpotqa,ms1,pool35_ndcg20,35,20,copeland_graph,graph,mrr,52,0.8269230769230768,0.8509615384615383,0.02403846153846154,0.0,0.12046976522213308,3,2,47,0.24437556244375563,-0.004807692307692308,0.060897435897435896,0.9296,5abc0a5d5542993f40c73c64,0.5,0.014705882352941176,0.0,0.0,0.0,0.0,0.0,0.22499999999999787,,,,
hotpotqa,ms1,pool35_ndcg20,35,20,copeland_hybrid,hybrid,mrr,52,0.8519230769230769,0.8519230769230769,0.0,0.0,0.0,0,0,52,1.0,0.0,0.0,0.0,5a8c7595554299585d9e36b6,0.0,0.0,0.0,0.0,0.0,0.0,0.0,0.0,,,,
hotpotqa,ms1,pool35_ndcg20,35,20,markov_graph,graph,mrr,52,0.849504662004662,0.8490467865467866,-0.0004578754578754579,0.0,0.0032698848116038703,0,1,51,1.0,-0.0013736263736263735,0.0,0.0,5ab6d09255429954757d337d,-0.023809523809523808,0.0,0.0,0.0,0.0,0.0,0.0,0.0,,,,
hotpotqa,ms1,pool35_ndcg5,35,5,balance_graph,graph,mrr,52,0.8692307692307693,0.8692307692307693,0.0,0.0,0.0,0,0,52,1.0,0.0,0.0,0.0,5a8c7595554299585d9e36b6,0.0,0.0,0.0,0.0,0.0,0.0,0.0,0.0,,,,
hotpotqa,ms1,pool35_ndcg5,35,5,balance_hybrid,hybrid,mrr,52,0.8596153846153847,0.8596153846153847,0.0,0.0,0.0,0,0,52,1.0,0.0,0.0,0.0,5a8c7595554299585d9e36b6,0.0,0.0,0.0,0.0,0.0,0.0,0.0,0.0,,,,
hotpotqa,ms1,pool35_ndcg5,35,5,copeland_graph,graph,mrr,52,0.8237179487179487,0.844551282051282,0.020833333333333332,0.0,0.12540000102236948,3,2,47,0.24437556244375563,-0.009615384615384616,0.057692307692307696,0.8798,5abc0a5d5542993f40c73c64,0.5,0.011437908496732025,0.0,0.0,0.0,0.0,0.0,0.22499999999999787,,,,
hotpotqa,ms1,pool35_ndcg5,35,5,copeland_hybrid,hybrid,mrr,52,0.8467948717948718,0.8467948717948718,0.0,0.0,0.0,0,0,52,1.0,0.0,0.0,0.0,5a8c7595554299585d9e36b6,0.0,0.0,0.0,0.0,0.0,0.0,0.0,0.0,,,,
hotpotqa,ms1,pool35_ndcg5,35,5,markov_graph,graph,mrr,52,0.8445512820512822,0.8445512820512822,0.0,0.0,0.0,0,0,52,1.0,0.0,0.0,0.0,5a8c7595554299585d9e36b6,0.0,0.0,0.0,0.0,0.0,0.0,0.0,0.0,,,,
hotpotqa,ms1_drop_mutual,pool10_ndcg5,10,5,balance_graph,graph,mrr,52,0.8740384615384615,0.8740384615384615,0.0,0.0,0.0,0,0,52,1.0,0.0,0.0,0.0,5a8c7595554299585d9e36b6,0.0,0.0,0.0,0.0,0.0,0.0,0.0,0.0,,,,
hotpotqa,ms1_drop_mutual,pool10_ndcg5,10,5,balance_hybrid,hybrid,mrr,52,0.8564102564102564,0.8564102564102564,0.0,0.0,0.0,0,0,52,1.0,0.0,0.0,0.0,5a8c7595554299585d9e36b6,0.0,0.0,0.0,0.0,0.0,0.0,0.0,0.0,,,,
hotpotqa,ms1_drop_mutual,pool10_ndcg5,10,5,copeland_graph,graph,mrr,52,0.8435897435897437,0.8435897435897437,0.0,0.0,0.0,0,0,52,1.0,0.0,0.0,0.0,5a8c7595554299585d9e36b6,0.0,0.0,0.0,0.0,0.0,0.0,0.0,0.0,,,,
hotpotqa,ms1_drop_mutual,pool10_ndcg5,10,5,copeland_hybrid,hybrid,mrr,52,0.8467948717948718,0.8467948717948718,0.0,0.0,0.0,0,0,52,1.0,0.0,0.0,0.0,5a8c7595554299585d9e36b6,0.0,0.0,0.0,0.0,0.0,0.0,0.0,0.0,,,,
hotpotqa,ms1_drop_mutual,pool10_ndcg5,10,5,markov_graph,graph,mrr,52,0.866025641025641,0.866025641025641,0.0,0.0,0.0,0,0,52,1.0,0.0,0.0,0.0,5a8c7595554299585d9e36b6,0.0,0.0,0.0,0.0,0.0,0.0,0.0,0.0,,,,
hotpotqa,ms1_drop_mutual,pool35_ndcg10,35,10,balance_graph,graph,mrr,52,0.8724358974358974,0.8724358974358974,0.0,0.0,0.0,0,0,52,1.0,0.0,0.0,0.0,5a8c7595554299585d9e36b6,0.0,0.0,0.0,0.0,0.0,0.0,0.0,0.0,,,,
hotpotqa,ms1_drop_mutual,pool35_ndcg10,35,10,balance_hybrid,hybrid,mrr,52,0.8647435897435897,0.8647435897435897,0.0,0.0,0.0,0,0,52,1.0,0.0,0.0,0.0,5a8c7595554299585d9e36b6,0.0,0.0,0.0,0.0,0.0,0.0,0.0,0.0,,,,
hotpotqa,ms1_drop_mutual,pool35_ndcg10,35,10,copeland_graph,graph,mrr,52,0.8269230769230768,0.8269230769230768,0.0,0.0,0.0,0,0,52,1.0,0.0,0.0,0.0,5a8c7595554299585d9e36b6,0.0,0.0,0.0,0.0,0.0,0.0,0.0,0.0,,,,
hotpotqa,ms1_drop_mutual,pool35_ndcg10,35,10,copeland_hybrid,hybrid,mrr,52,0.8519230769230769,0.8519230769230769,0.0,0.0,0.0,0,0,52,1.0,0.0,0.0,0.0,5a8c7595554299585d9e36b6,0.0,0.0,0.0,0.0,0.0,0.0,0.0,0.0,,,,
hotpotqa,ms1_drop_mutual,pool35_ndcg10,35,10,markov_graph,graph,mrr,52,0.8413461538461539,0.8413461538461539,0.0,0.0,0.0,0,0,52,1.0,0.0,0.0,0.0,5a8c7595554299585d9e36b6,0.0,0.0,0.0,0.0,0.0,0.0,0.0,0.0,,,,
hotpotqa,ms1_drop_mutual,pool35_ndcg20,35,20,balance_graph,graph,mrr,52,0.8724358974358974,0.8724358974358974,0.0,0.0,0.0,0,0,52,1.0,0.0,0.0,0.0,5a8c7595554299585d9e36b6,0.0,0.0,0.0,0.0,0.0,0.0,0.0,0.0,,,,
hotpotqa,ms1_drop_mutual,pool35_ndcg20,35,20,balance_hybrid,hybrid,mrr,52,0.8647435897435897,0.8647435897435897,0.0,0.0,0.0,0,0,52,1.0,0.0,0.0,0.0,5a8c7595554299585d9e36b6,0.0,0.0,0.0,0.0,0.0,0.0,0.0,0.0,,,,
hotpotqa,ms1_drop_mutual,pool35_ndcg20,35,20,copeland_graph,graph,mrr,52,0.8269230769230768,0.8269230769230768,0.0,0.0,0.0,0,0,52,1.0,0.0,0.0,0.0,5a8c7595554299585d9e36b6,0.0,0.0,0.0,0.0,0.0,0.0,0.0,0.0,,,,
hotpotqa,ms1_drop_mutual,pool35_ndcg20,35,20,copeland_hybrid,hybrid,mrr,52,0.8519230769230769,0.8519230769230769,0.0,0.0,0.0,0,0,52,1.0,0.0,0.0,0.0,5a8c7595554299585d9e36b6,0.0,0.0,0.0,0.0,0.0,0.0,0.0,0.0,,,,
hotpotqa,ms1_drop_mutual,pool35_ndcg20,35,20,markov_graph,graph,mrr,52,0.8430944055944056,0.8430944055944056,0.0,0.0,0.0,0,0,52,1.0,0.0,0.0,0.0,5a8c7595554299585d9e36b6,0.0,0.0,0.0,0.0,0.0,0.0,0.0,0.0,,,,
hotpotqa,ms1_drop_mutual,pool35_ndcg5,35,5,balance_graph,graph,mrr,52,0.8692307692307693,0.8692307692307693,0.0,0.0,0.0,0,0,52,1.0,0.0,0.0,0.0,5a8c7595554299585d9e36b6,0.0,0.0,0.0,0.0,0.0,0.0,0.0,0.0,,,,
hotpotqa,ms1_drop_mutual,pool35_ndcg5,35,5,balance_hybrid,hybrid,mrr,52,0.8596153846153847,0.8596153846153847,0.0,0.0,0.0,0,0,52,1.0,0.0,0.0,0.0,5a8c7595554299585d9e36b6,0.0,0.0,0.0,0.0,0.0,0.0,0.0,0.0,,,,
hotpotqa,ms1_drop_mutual,pool35_ndcg5,35,5,copeland_graph,graph,mrr,52,0.8237179487179487,0.8237179487179487,0.0,0.0,0.0,0,0,52,1.0,0.0,0.0,0.0,5a8c7595554299585d9e36b6,0.0,0.0,0.0,0.0,0.0,0.0,0.0,0.0,,,,
hotpotqa,ms1_drop_mutual,pool35_ndcg5,35,5,copeland_hybrid,hybrid,mrr,52,0.8467948717948718,0.8467948717948718,0.0,0.0,0.0,0,0,52,1.0,0.0,0.0,0.0,5a8c7595554299585d9e36b6,0.0,0.0,0.0,0.0,0.0,0.0,0.0,0.0,,,,
hotpotqa,ms1_drop_mutual,pool35_ndcg5,35,5,markov_graph,graph,mrr,52,0.8413461538461539,0.8413461538461539,0.0,0.0,0.0,0,0,52,1.0,0.0,0.0,0.0,5a8c7595554299585d9e36b6,0.0,0.0,0.0,0.0,0.0,0.0,0.0,0.0,,,,
hotpotqa,ms2,pool10_ndcg5,10,5,balance_graph,graph,mrr,52,0.8548076923076924,0.8548076923076924,0.0,0.0,0.0,0,0,52,1.0,0.0,0.0,0.0,5a8c7595554299585d9e36b6,0.0,0.0,0.0,0.0,0.0,0.0,0.0,0.0,,,,
hotpotqa,ms2,pool10_ndcg5,10,5,balance_hybrid,hybrid,mrr,52,0.8564102564102564,0.8564102564102564,0.0,0.0,0.0,0,0,52,1.0,0.0,0.0,0.0,5a8c7595554299585d9e36b6,0.0,0.0,0.0,0.0,0.0,0.0,0.0,0.0,,,,
hotpotqa,ms2,pool10_ndcg5,10,5,copeland_graph,graph,mrr,52,0.8195512820512819,0.8195512820512819,0.0,0.0,0.0,0,0,52,1.0,0.0,0.0,0.0,5a8c7595554299585d9e36b6,0.0,0.0,0.0,0.0,0.0,0.0,0.0,0.0,,,,
hotpotqa,ms2,pool10_ndcg5,10,5,copeland_hybrid,hybrid,mrr,52,0.8564102564102564,0.8564102564102564,0.0,0.0,0.0,0,0,52,1.0,0.0,0.0,0.0,5a8c7595554299585d9e36b6,0.0,0.0,0.0,0.0,0.0,0.0,0.0,0.0,,,,
hotpotqa,ms2,pool10_ndcg5,10,5,markov_graph,graph,mrr,52,0.8301282051282052,0.8301282051282052,0.0,0.0,0.0,0,0,52,1.0,0.0,0.0,0.0,5a8c7595554299585d9e36b6,0.0,0.0,0.0,0.0,0.0,0.0,0.0,0.0,,,,
hotpotqa,ms2,pool35_ndcg10,35,10,balance_graph,graph,mrr,52,0.8628205128205129,0.8628205128205129,0.0,0.0,0.0,0,0,52,1.0,0.0,0.0,0.0,5a8c7595554299585d9e36b6,0.0,0.0,0.0,0.0,0.0,0.0,0.0,0.0,,,,
hotpotqa,ms2,pool35_ndcg10,35,10,balance_hybrid,hybrid,mrr,52,0.8647435897435897,0.8647435897435897,0.0,0.0,0.0,0,0,52,1.0,0.0,0.0,0.0,5a8c7595554299585d9e36b6,0.0,0.0,0.0,0.0,0.0,0.0,0.0,0.0,,,,
hotpotqa,ms2,pool35_ndcg10,35,10,copeland_graph,graph,mrr,52,0.830448717948718,0.830448717948718,0.0,0.0,0.0,0,0,52,1.0,0.0,0.0,0.0,5a8c7595554299585d9e36b6,0.0,0.0,0.0,0.0,0.0,0.0,0.0,0.0,,,,
hotpotqa,ms2,pool35_ndcg10,35,10,copeland_hybrid,hybrid,mrr,52,0.8519230769230769,0.8519230769230769,0.0,0.0,0.0,0,0,52,1.0,0.0,0.0,0.0,5a8c7595554299585d9e36b6,0.0,0.0,0.0,0.0,0.0,0.0,0.0,0.0,,,,
hotpotqa,ms2,pool35_ndcg10,35,10,markov_graph,graph,mrr,52,0.8323717948717948,0.8323717948717948,0.0,0.0,0.0,0,0,52,1.0,0.0,0.0,0.0,5a8c7595554299585d9e36b6,0.0,0.0,0.0,0.0,0.0,0.0,0.0,0.0,,,,
hotpotqa,ms2,pool35_ndcg20,35,20,balance_graph,graph,mrr,52,0.8628205128205129,0.8628205128205129,0.0,0.0,0.0,0,0,52,1.0,0.0,0.0,0.0,5a8c7595554299585d9e36b6,0.0,0.0,0.0,0.0,0.0,0.0,0.0,0.0,,,,
hotpotqa,ms2,pool35_ndcg20,35,20,balance_hybrid,hybrid,mrr,52,0.8647435897435897,0.8647435897435897,0.0,0.0,0.0,0,0,52,1.0,0.0,0.0,0.0,5a8c7595554299585d9e36b6,0.0,0.0,0.0,0.0,0.0,0.0,0.0,0.0,,,,
hotpotqa,ms2,pool35_ndcg20,35,20,copeland_graph,graph,mrr,52,0.830448717948718,0.830448717948718,0.0,0.0,0.0,0,0,52,1.0,0.0,0.0,0.0,5a8c7595554299585d9e36b6,0.0,0.0,0.0,0.0,0.0,0.0,0.0,0.0,,,,
hotpotqa,ms2,pool35_ndcg20,35,20,copeland_hybrid,hybrid,mrr,52,0.8519230769230769,0.8519230769230769,0.0,0.0,0.0,0,0,52,1.0,0.0,0.0,0.0,5a8c7595554299585d9e36b6,0.0,0.0,0.0,0.0,0.0,0.0,0.0,0.0,,,,
hotpotqa,ms2,pool35_ndcg20,35,20,markov_graph,graph,mrr,52,0.8333839406207827,0.8333839406207827,0.0,0.0,0.0,0,0,52,1.0,0.0,0.0,0.0,5a8c7595554299585d9e36b6,0.0,0.0,0.0,0.0,0.0,0.0,0.0,0.0,,,,
hotpotqa,ms2,pool35_ndcg5,35,5,balance_graph,graph,mrr,52,0.8596153846153847,0.8596153846153847,0.0,0.0,0.0,0,0,52,1.0,0.0,0.0,0.0,5a8c7595554299585d9e36b6,0.0,0.0,0.0,0.0,0.0,0.0,0.0,0.0,,,,
hotpotqa,ms2,pool35_ndcg5,35,5,balance_hybrid,hybrid,mrr,52,0.8596153846153847,0.8596153846153847,0.0,0.0,0.0,0,0,52,1.0,0.0,0.0,0.0,5a8c7595554299585d9e36b6,0.0,0.0,0.0,0.0,0.0,0.0,0.0,0.0,,,,
hotpotqa,ms2,pool35_ndcg5,35,5,copeland_graph,graph,mrr,52,0.830448717948718,0.830448717948718,0.0,0.0,0.0,0,0,52,1.0,0.0,0.0,0.0,5a8c7595554299585d9e36b6,0.0,0.0,0.0,0.0,0.0,0.0,0.0,0.0,,,,
hotpotqa,ms2,pool35_ndcg5,35,5,copeland_hybrid,hybrid,mrr,52,0.8467948717948718,0.8467948717948718,0.0,0.0,0.0,0,0,52,1.0,0.0,0.0,0.0,5a8c7595554299585d9e36b6,0.0,0.0,0.0,0.0,0.0,0.0,0.0,0.0,,,,
hotpotqa,ms2,pool35_ndcg5,35,5,markov_graph,graph,mrr,52,0.8323717948717948,0.8323717948717948,0.0,0.0,0.0,0,0,52,1.0,0.0,0.0,0.0,5a8c7595554299585d9e36b6,0.0,0.0,0.0,0.0,0.0,0.0,0.0,0.0,,,,
scidocs,ms1,pool20_ndcg10,20,10,balance_graph,graph,mrr,120,0.25775462962962964,0.257010582010582,-0.0007440476190476194,0.0,0.026402339855685655,6,6,108,0.7825217478252174,-0.005697833994708996,0.0037932374338624296,0.3811,0bf046038a555bc848030a28530f9836e5611b96,-0.16666666666666669,0.0006502601040416164,0.0,-0.0006944444444444423,0.0,0.0,0.0,0.0008928571428570917,,,,
scidocs,ms1,pool20_ndcg10,20,10,balance_hybrid,hybrid,mrr,120,0.2795800264550265,0.2804001322751323,0.00082010582010582,0.0,0.010835553842112166,3,2,115,0.6903309669033096,-0.0005952380952380952,0.003055555555555555,0.7498,de8e80d409aaaa3244da4f2cb5b5bb053d453cee,0.1111111111111111,-0.00010670935040682949,0.0,0.0,0.0,0.0,0.0,0.0,,,,
scidocs,ms1,pool20_ndcg10,20,10,copeland_graph,graph,mrr,120,0.236765873015873,0.25397817460317457,0.01721230158730159,0.0,0.0961701397745426,21,16,83,0.030996900309969003,0.0023742559523809523,0.036267030423280416,0.9907,958ebc7e24012b419316489515f2c2f908773bd5,0.8,0.010634253701480592,0.0,-0.04999999999999999,0.0,0.0,0.0,0.12541666666666665,,,,
scidocs,ms1,pool20_ndcg10,20,10,copeland_hybrid,hybrid,mrr,120,0.26969246031746036,0.2841369047619048,0.014444444444444442,0.0,0.07139599859894252,18,5,97,0.011398860113988602,0.003267113095238094,0.02850214947089947,0.9971,78495383450e02c5fe817e408726134b3084905d,0.5,0.010364145658263303,0.0,0.0,0.0,0.0,0.0,0.0841666666666666,,,,
scidocs,ms1,pool20_ndcg10,20,10,markov_graph,graph,mrr,120,0.25561838624338623,0.2645998677248677,0.008981481481481481,0.0,0.055167910938346276,9,6,105,0.055694430556944306,0.0007969576719576716,0.02027190806878306,0.9874,6519bf5580fcdcc9c50fd72c6c8dc5d040d443e8,0.5,0.004855275443510737,0.0,-0.000555555555555553,0.0,0.0,0.0,0.04488095238095225,,,,
scidocs,ms1,pool20_ndcg20,20,20,balance_graph,graph,mrr,120,0.26435492185975934,0.2630304434629125,-0.0013244783968468182,0.0,0.020936281984467845,9,8,103,0.53994600539946,-0.005490788440575592,0.00202123799975967,0.2559,0bf046038a555bc848030a28530f9836e5611b96,-0.16666666666666669,6.49517566810799e-05,0.0,-0.007905525846702318,0.0,0.0,0.0,0.006112637362637335,,,,
scidocs,ms1,pool20_ndcg20,20,20,balance_hybrid,hybrid,mrr,120,0.28845003716327244,0.2885125672258025,6.253006253006237e-05,0.0,0.004312568339003192,3,2,115,1.0,-0.0007010582010582011,0.0008261183261183258,0.5395,df0ef17f63582603dafb1ac5c489dec1416ecbf4,-0.023809523809523808,0.00026313555725320415,0.0,0.0,0.0,0.0,0.0,0.0,,,,
scidocs,ms1,pool20_ndcg20,20,20,copeland_graph,graph,mrr,120,0.24501612068272285,0.26082232410405787,0.015806203421335,0.0,0.09310710628319445,25,19,76,0.0387961203879612,0.0017350865830935483,0.034650075753960195,0.9873,958ebc7e24012b419316489515f2c2f908773bd5,0.8,0.009216339584539494,0.0,-0.04750000000000001,0.0,0.0,0.0,0.0892063492063492,,,,
scidocs,ms1,pool20_ndcg20,20,20,copeland_hybrid,hybrid,mrr,120,0.277759107722343,0.2908370020502373,0.013077894327894326,0.0,0.06894644731962804,19,5,96,0.015198480151984802,0.0026244311244311242,0.02698732864357863,0.9958,78495383450e02c5fe817e408726134b3084905d,0.5,0.008986111927288395,0.0,0.0,0.0,0.0,0.0,0.05166666666666656,,,,
scidocs,ms1,pool20_ndcg20,20,20,markov_graph,graph,mrr,120,0.2623537830203852,0.27061972917719823,0.00826594615681303,0.0,0.05295095394303684,12,9,99,0.05219478052194781,0.0007165975829869016,0.019217579478270262,0.9903,6519bf5580fcdcc9c50fd72c6c8dc5d040d443e8,0.5,0.004133727216954315,0.0,-0.009191919191919194,0.0,0.0,0.0,0.03333333333333334,,,,
scidocs,ms1,pool20_ndcg5,20,5,balance_graph,graph,mrr,120,0.23583333333333334,0.23375,-0.0020833333333333333,0.0,0.020018799035277188,1,3,116,0.5026497350264973,-0.00625,0.0006944444444444443,0.0738,0bf046038a555bc848030a28530f9836e5611b96,-0.16666666666666669,-0.0007002801120448178,0.0,0.0,0.0,0.0,0.0,0.0,,,,
scidocs,ms1,pool20_ndcg5,20,5,balance_hybrid,hybrid,mrr,120,0.2602777777777778,0.2602777777777778,0.0,0.0,0.0,0,0,120,1.0,0.0,0.0,0.0,78495383450e02c5fe817e408726134b3084905d,0.0,0.0,0.0,0.0,0.0,0.0,0.0,0.0,,,,
scidocs,ms1,pool20_ndcg5,20,5,copeland_graph,graph,mrr,120,0.21888888888888888,0.23083333333333336,0.011944444444444443,0.0,0.1067877640144688,13,9,98,0.24717528247175283,-0.005694444444444446,0.03333333333333333,0.9007,958ebc7e24012b419316489515f2c2f908773bd5,0.8,0.005322128851540616,0.0,-0.05166666666666665,0.0,0.0,0.0,0.13499999999999987,,,,
scidocs,ms1,pool20_ndcg5,20,5,copeland_hybrid,hybrid,mrr,120,0.24916666666666668,0.26208333333333333,0.012916666666666665,0.0,0.07079124566613419,9,1,110,0.0357964203579642,0.0020833333333333324,0.027222222222222217,0.9925,78495383450e02c5fe817e408726134b3084905d,0.5,0.008823529411764704,0.0,0.0,0.0,0.0,0.0,0.08333333333333331,,,,
scidocs,ms1,pool20_ndcg5,20,5,markov_graph,graph,mrr,120,0.23388888888888892,0.24194444444444443,0.008055555555555555,0.0,0.05841198401478254,5,1,114,0.1581841815818418,-0.0011111111111111118,0.019447916666666617,0.9514,6519bf5580fcdcc9c50fd72c6c8dc5d040d443e8,0.5,0.00392156862745098,0.0,0.0,0.0,0.0,0.0,0.0,,,,
scidocs,ms1,pool50_ndcg10,50,10,balance_graph,graph,mrr,120,0.2606547619047619,0.26120039682539686,0.0005456349206349208,0.0,0.01844982505624685,3,4,113,0.7813218678132187,-0.002430555555555555,0.004166666666666667,0.6021,fd65ca4e3ae95302f74bf863988cdb95d6a12824,0.16666666666666669,-0.0008503401360544217,0.0,0.0,0.0,0.0,0.0,0.0,,,,
scidocs,ms1,pool50_ndcg10,50,10,balance_hybrid,hybrid,mrr,120,0.27601521164021164,0.27897817460317464,0.002962962962962963,0.0,0.021359808674512912,4,0,116,0.12038796120387961,9.259259259259249e-05,0.007222222222222223,0.9797,44a56dc083e3e2b07f11aae29c1ee560f46efa4a,0.16666666666666669,0.0015873015873015873,0.0,0.0,0.0,0.0,0.0,0.0,,,,
scidocs,ms1,pool50_ndcg10,50,10,copeland_graph,graph,mrr,120,0.286792328042328,0.2806018518518518,-0.006190476190476192,0.0,0.10320722673073772,17,14,89,0.5303469653034697,-0.026058449074074074,0.010687830687830687,0.2663,6519bf5580fcdcc9c50fd72c6c8dc5d040d443e8,-0.5,-0.0020408163265306137,0.0,-0.07625000000000001,0.0,0.0,0.0,0.12589285714285708,,,,
scidocs,ms1,pool50_ndcg10,50,10,copeland_hybrid,hybrid,mrr,120,0.28468915343915346,0.28380291005291003,-0.0008862433862433868,0.0,0.05418768448302501,11,6,103,0.9111088891110889,-0.012010747354497356,0.007357969576719574,0.4689,6519bf5580fcdcc9c50fd72c6c8dc5d040d443e8,-0.5,0.0033079898626117107,0.0,-0.000555555555555553,0.0,0.0,0.0,0.04321428571428568,,,,
scidocs,ms1,pool50_ndcg10,50,10,markov_graph,graph,mrr,120,0.28065145502645505,0.27953042328042327,-0.0011210317460317468,0.0,0.03036391417806782,8,8,104,0.6922307769223077,-0.006620618386243388,0.004196676587301584,0.3409,19115f66f6ac1c02568bbb38eceedfa3521a8cc2,-0.16666666666666669,0.00027010804321728644,0.0,-0.018630952380952373,0.0,0.0,0.0,0.02541666666666664,,,,
scidocs,ms1,pool50_ndcg20,50,20,balance_graph,graph,mrr,120,0.27092074166087327,0.2722021184153537,0.00128137675448047,0.0,0.01617517815047777,7,9,104,0.575042495750425,-0.0008526015527515141,0.0045628905927377296,0.7771,fd65ca4e3ae95302f74bf863988cdb95d6a12824,0.16666666666666669,-0.00010841559772277546,0.0,-0.006468531468531461,0.0,0.0,0.0,0.004233058608058604,,,,
scidocs,ms1,pool50_ndcg20,50,20,balance_hybrid,hybrid,mrr,120,0.2845330817989487,0.28755917607504294,0.0030260942760942764,0.0,0.021362153381333047,5,0,115,0.056894310568943104,9.259259259259249e-05,0.007285353535353535,0.9939,44a56dc083e3e2b07f11aae29c1ee560f46efa4a,0.16666666666666669,0.001650963415669298,0.0,0.0,0.0,0.0,0.0,0.0,,,,
scidocs,ms1,pool50_ndcg20,50,20,copeland_graph,graph,mrr,120,0.2962063498005836,0.28821859767196456,-0.007987752128619002,0.0,0.09955944286084983,22,18,80,0.40685931406859316,-0.02734280376951623,0.008185232272887064,0.1954,6519bf5580fcdcc9c50fd72c6c8dc5d040d443e8,-0.5,-0.0038531954238174805,0.0,-0.05027777777777778,0.0,0.0,0.0,0.07202380952380949,,,,
scidocs,ms1,pool50_ndcg20,50,20,copeland_hybrid,hybrid,mrr,120,0.2938783811074833,0.2926120176120176,-0.0012663634954656632,0.0,0.05309464624253091,17,7,96,0.8812118788121188,-0.012386627617809894,0.006610168843382853,0.4373,6519bf5580fcdcc9c50fd72c6c8dc5d040d443e8,-0.5,0.0029246754667573145,0.0,-0.0036601307189542487,0.0,0.0,0.0,0.03452922077922075,,,,
scidocs,ms1,pool50_ndcg20,50,20,markov_graph,graph,mrr,120,0.2895010420794089,0.2889352892477893,-0.0005657528316197053,0.0,0.023117616795713638,11,12,97,0.807919208079192,-0.0048938284018827756,0.0032682064667358766,0.4015,19115f66f6ac1c02568bbb38eceedfa3521a8cc2,-0.16666666666666669,0.000830053166994135,0.0,-0.017974386724386716,0.0,0.0,0.0,0.02541666666666664,,,,
scidocs,ms1,pool50_ndcg5,50,5,balance_graph,graph,mrr,120,0.23708333333333334,0.23847222222222222,0.001388888888888889,0.0,0.02993691927708108,2,1,117,1.0,-0.0036111111111111114,0.007222222222222223,0.6026,a04b5b99f5d9d8748843e870536a4a9f65562012,-0.2,0.003081232492997199,0.0,0.0,0.0,0.0,0.0,0.0,,,,
scidocs,ms1,pool50_ndcg5,50,5,balance_hybrid,hybrid,mrr,120,0.25652777777777774,0.25930555555555557,0.002777777777777778,0.0,0.021336515966301695,2,0,118,0.49465053494650535,0.0,0.006944444444444446,0.8614,44a56dc083e3e2b07f11aae29c1ee560f46efa4a,0.16666666666666669,0.001400560224089636,0.0,0.0,0.0,0.0,0.0,0.0,,,,
scidocs,ms1,pool50_ndcg5,50,5,copeland_graph,graph,mrr,120,0.2608333333333333,0.25361111111111106,-0.007222222222222224,0.0,0.11029701763314106,9,7,104,0.48495150484951505,-0.028055555555555556,0.011527777777777777,0.2384,6519bf5580fcdcc9c50fd72c6c8dc5d040d443e8,-0.5,-0.0030812324929972,0.0,-0.05749999999999996,0.0,0.0,0.0,0.08333333333333331,,,,
scidocs,ms1,pool50_ndcg5,50,5,copeland_hybrid,hybrid,mrr,120,0.2665277777777778,0.26375000000000004,-0.002777777777777778,0.0,0.059408088570954046,5,3,112,0.6936306369363063,-0.014444444444444446,0.006527777777777777,0.3153,6519bf5580fcdcc9c50fd72c6c8dc5d040d443e8,-0.5,0.0014005602240896356,0.0,0.0,0.0,0.0,0.0,0.0,,,,
scidocs,ms1,pool50_ndcg5,50,5,markov_graph,graph,mrr,120,0.26541666666666663,0.2634722222222222,-0.001944444444444445,0.0,0.038919630706379875,4,3,113,0.6392360763923608,-0.009444444444444446,0.004583333333333333,0.2861,8ff6581f94c366e34c6f2d55806f7781194c33c8,-0.25,0.0001400560224089631,0.0,0.0,0.0,0.0,0.0,0.0,,,,
scidocs,ms1_drop_mutual,pool20_ndcg10,20,10,balance_graph,graph,mrr,120,0.2500496031746032,0.2500496031746032,0.0,0.0,0.0,0,0,120,1.0,0.0,0.0,0.0,78495383450e02c5fe817e408726134b3084905d,0.0,0.0,0.0,0.0,0.0,0.0,0.0,0.0,,,,
scidocs,ms1_drop_mutual,pool20_ndcg10,20,10,balance_hybrid,hybrid,mrr,120,0.26764550264550263,0.26764550264550263,0.0,0.0,0.0,0,0,120,1.0,0.0,0.0,0.0,78495383450e02c5fe817e408726134b3084905d,0.0,0.0,0.0,0.0,0.0,0.0,0.0,0.0,,,,
scidocs,ms1_drop_mutual,pool20_ndcg10,20,10,copeland_graph,graph,mrr,120,0.2381084656084656,0.23880291005291004,0.0006944444444444443,0.0,0.007575494524052576,1,0,119,1.0,0.0,0.002083333333333333,0.6287,30c9a7660281ad8e4538ff9beb20282c74fac810,0.08333333333333331,0.0,0.0,0.0,0.0,0.0,0.0,0.0,,,,
scidocs,ms1_drop_mutual,pool20_ndcg10,20,10,copeland_hybrid,hybrid,mrr,120,0.26788690476190474,0.26788690476190474,0.0,0.0,0.0,0,0,120,1.0,0.0,0.0,0.0,78495383450e02c5fe817e408726134b3084905d,0.0,0.0,0.0,0.0,0.0,0.0,0.0,0.0,,,,
scidocs,ms1_drop_mutual,pool20_ndcg10,20,10,markov_graph,graph,mrr,120,0.2509193121693122,0.2509193121693122,0.0,0.0,0.0,0,0,120,1.0,0.0,0.0,0.0,78495383450e02c5fe817e408726134b3084905d,0.0,0.0,0.0,0.0,0.0,0.0,0.0,0.0,,,,
scidocs,ms1_drop_mutual,pool20_ndcg20,20,20,balance_graph,graph,mrr,120,0.2565367494276163,0.2565367494276163,0.0,0.0,0.0,0,0,120,1.0,0.0,0.0,0.0,78495383450e02c5fe817e408726134b3084905d,0.0,0.0,0.0,0.0,0.0,0.0,0.0,0.0,,,,
scidocs,ms1_drop_mutual,pool20_ndcg20,20,20,balance_hybrid,hybrid,mrr,120,0.27660098343921874,0.27660098343921874,0.0,0.0,0.0,0,0,120,1.0,0.0,0.0,0.0,78495383450e02c5fe817e408726134b3084905d,0.0,0.0,0.0,0.0,0.0,0.0,0.0,0.0,,,,
scidocs,ms1_drop_mutual,pool20_ndcg20,20,20,copeland_graph,graph,mrr,120,0.2455170814594189,0.24621152590386336,0.0006944444444444443,0.0,0.007575494524052576,1,0,119,1.0,0.0,0.002083333333333333,0.6287,30c9a7660281ad8e4538ff9beb20282c74fac810,0.08333333333333331,0.0,0.0,0.0,0.0,0.0,0.0,0.0,,,,
scidocs,ms1_drop_mutual,pool20_ndcg20,20,20,copeland_hybrid,hybrid,mrr,120,0.2758904208536561,0.2758904208536561,0.0,0.0,0.0,0,0,120,1.0,0.0,0.0,0.0,78495383450e02c5fe817e408726134b3084905d,0.0,0.0,0.0,0.0,0.0,0.0,0.0,0.0,,,,
scidocs,ms1_drop_mutual,pool20_ndcg20,20,20,markov_graph,graph,mrr,120,0.2574411806445475,0.2574411806445475,0.0,0.0,0.0,0,0,120,1.0,0.0,0.0,0.0,78495383450e02c5fe817e408726134b3084905d,0.0,0.0,0.0,0.0,0.0,0.0,0.0,0.0,,,,
scidocs,ms1_drop_mutual,pool20_ndcg5,20,5,balance_graph,graph,mrr,120,0.22972222222222222,0.22972222222222222,0.0,0.0,0.0,0,0,120,1.0,0.0,0.0,0.0,78495383450e02c5fe817e408726134b3084905d,0.0,0.0,0.0,0.0,0.0,0.0,0.0,0.0,,,,
scidocs,ms1_drop_mutual,pool20_ndcg5,20,5,balance_hybrid,hybrid,mrr,120,0.24750000000000003,0.24750000000000003,0.0,0.0,0.0,0,0,120,1.0,0.0,0.0,0.0,78495383450e02c5fe817e408726134b3084905d,0.0,0.0,0.0,0.0,0.0,0.0,0.0,0.0,,,,
scidocs,ms1_drop_mutual,pool20_ndcg5,20,5,copeland_graph,graph,mrr,120,0.21930555555555556,0.22,0.0006944444444444443,0.0,0.007575494524052576,1,0,119,1.0,0.0,0.002083333333333333,0.6287,30c9a7660281ad8e4538ff9beb20282c74fac810,0.08333333333333331,0.0,0.0,0.0,0.0,0.0,0.0,0.0,,,,
scidocs,ms1_drop_mutual,pool20_ndcg5,20,5,copeland_hybrid,hybrid,mrr,120,0.24736111111111111,0.24736111111111111,0.0,0.0,0.0,0,0,120,1.0,0.0,0.0,0.0,78495383450e02c5fe817e408726134b3084905d,0.0,0.0,0.0,0.0,0.0,0.0,0.0,0.0,,,,
scidocs,ms1_drop_mutual,pool20_ndcg5,20,5,markov_graph,graph,mrr,120,0.22930555555555554,0.22930555555555554,0.0,0.0,0.0,0,0,120,1.0,0.0,0.0,0.0,78495383450e02c5fe817e408726134b3084905d,0.0,0.0,0.0,0.0,0.0,0.0,0.0,0.0,,,,
scidocs,ms1_drop_mutual,pool50_ndcg10,50,10,balance_graph,graph,mrr,120,0.26072089947089944,0.26057208994708997,-0.00014880952380952374,0.0,0.0016233202551541237,0,1,119,1.0,-0.00044642857142857125,0.0,0.0,232427099d4a8acf1dc29efc852f09c5964e6165,-0.01785714285714285,0.0,0.0,0.0,0.0,0.0,0.0,0.0,,,,
scidocs,ms1_drop_mutual,pool50_ndcg10,50,10,balance_hybrid,hybrid,mrr,120,0.27630291005291,0.2761044973544974,-0.0001984126984126984,0.0,0.002164427006872165,0,1,119,1.0,-0.0005952380952380952,0.0,0.0,065985d4d0854c51f52ad7a7507b267d9b88ab1c,-0.023809523809523808,0.0,0.0,0.0,0.0,0.0,0.0,0.0,,,,
scidocs,ms1_drop_mutual,pool50_ndcg10,50,10,copeland_graph,graph,mrr,120,0.286792328042328,0.28145833333333337,-0.005333994708994709,0.0,0.04671077116241706,5,6,109,0.1558844115588441,-0.014708994708994708,0.00022156084656084623,0.0427,a22e737d38a1bc671893a7ed341aba436571097a,-0.5,-0.001177137521675337,0.0,-0.000555555555555553,0.0,0.0,0.0,0.0,,,,
scidocs,ms1_drop_mutual,pool50_ndcg10,50,10,copeland_hybrid,hybrid,mrr,120,0.28468915343915346,0.2834292328042328,-0.0012599206349206348,0.0,0.013025070802043768,2,5,113,0.36676332366763326,-0.0037499999999999994,0.0008730158730158731,0.1322,a9d7e7e918a68d1b95c6c6b29f7fabbbe01010f7,-0.1111111111111111,-0.00033680138722155524,0.0,0.0,0.0,0.0,0.0,0.0,,,,
scidocs,ms1_drop_mutual,pool50_ndcg10,50,10,markov_graph,graph,mrr,120,0.2779761904761905,0.2775363756613757,-0.00043981481481481465,0.0,0.009695703471606788,2,1,117,1.0,-0.0025000000000000005,0.0009027777777777783,0.3442,232427099d4a8acf1dc29efc852f09c5964e6165,-0.1,0.00039682539682539704,0.0,0.0,0.0,0.0,0.0,0.0,,,,
scidocs,ms1_drop_mutual,pool50_ndcg20,50,20,balance_graph,graph,mrr,120,0.270766162443794,0.27052884529471216,-0.00023731714908185493,0.0,0.0017650801779209677,0,3,117,0.24957504249575044,-0.000596210706504824,0.0,0.0,232427099d4a8acf1dc29efc852f09c5964e6165,-0.01785714285714285,-8.925138682924153e-05,0.0,0.0,0.0,0.0,0.0,0.0,,,,
scidocs,ms1_drop_mutual,pool50_ndcg20,50,20,balance_hybrid,hybrid,mrr,120,0.2857068467594784,0.28550843406106563,-0.0001984126984126984,0.0,0.002164427006872165,0,1,119,1.0,-0.0005952380952380952,0.0,0.0,065985d4d0854c51f52ad7a7507b267d9b88ab1c,-0.023809523809523808,0.0,0.0,0.0,0.0,0.0,0.0,0.0,,,,
scidocs,ms1_drop_mutual,pool50_ndcg20,50,20,copeland_graph,graph,mrr,120,0.2963686874629212,0.29136130327790544,-0.005007384185015766,0.0,0.046128577986288784,8,9,103,0.13958604139586042,-0.014186278390225758,0.00022878665559586408,0.0507,a22e737d38a1bc671893a7ed341aba436571097a,-0.5,-0.0008477823714444683,0.0,-0.011448412698412685,0.0,0.0,0.0,0.006468531468531457,,,,
scidocs,ms1_drop_mutual,pool50_ndcg20,50,20,copeland_hybrid,hybrid,mrr,120,0.29395480590817274,0.2934871832530502,-0.000467622655122655,0.0,0.008466772079647801,3,5,112,0.5906409359064093,-0.0019841683201058196,0.0010684561387686385,0.2641,7db20fcc1d71edc32c365f145148d24b9f1427a5,0.05714285714285716,-0.0009517443340972754,0.0,0.0,0.0,0.0,0.0,0.0,,,,
scidocs,ms1_drop_mutual,pool50_ndcg20,50,20,markov_graph,graph,mrr,120,0.28683395222481906,0.28711699094535786,0.00028303872053872075,0.0,0.0035463466888518893,3,3,114,0.5047495250474953,-0.00023779461279461282,0.0009995791245791252,0.7978,129397ed6557da93db5ba18cf112ee7b0a7927d8,0.033333333333333354,5.305152363975927e-06,0.0,0.0,0.0,0.0,0.0,0.0,,,,
scidocs,ms1_drop_mutual,pool50_ndcg5,50,5,balance_graph,graph,mrr,120,0.23541666666666666,0.23541666666666666,0.0,0.0,0.0,0,0,120,1.0,0.0,0.0,0.0,78495383450e02c5fe817e408726134b3084905d,0.0,0.0,0.0,0.0,0.0,0.0,0.0,0.0,,,,
scidocs,ms1_drop_mutual,pool50_ndcg5,50,5,balance_hybrid,hybrid,mrr,120,0.25958333333333333,0.25958333333333333,0.0,0.0,0.0,0,0,120,1.0,0.0,0.0,0.0,78495383450e02c5fe817e408726134b3084905d,0.0,0.0,0.0,0.0,0.0,0.0,0.0,0.0,,,,
scidocs,ms1_drop_mutual,pool50_ndcg5,50,5,copeland_graph,graph,mrr,120,0.2608333333333333,0.25458333333333333,-0.00625,0.0,0.04897384506039932,0,3,117,0.25477452254774524,-0.01625,0.0,0.0,a22e737d38a1bc671893a7ed341aba436571097a,-0.5,-0.0021008403361344537,0.0,0.0,0.0,0.0,0.0,0.0,,,,
scidocs,ms1_drop_mutual,pool50_ndcg5,50,5,copeland_hybrid,hybrid,mrr,120,0.2665277777777778,0.2661111111111111,-0.0004166666666666666,0.0,0.026216910361232297,1,2,117,1.0,-0.005416666666666666,0.004583333333333333,0.3466,714c194a2fc326151b905270558aa137f9f22730,-0.2,0.0012605042016806726,0.0,0.0,0.0,0.0,0.0,0.0,,,,
scidocs,ms1_drop_mutual,pool50_ndcg5,50,5,markov_graph,graph,mrr,120,0.26166666666666666,0.26333333333333336,0.0016666666666666668,0.0,0.018181186857726187,1,0,119,1.0,0.0,0.005000000000000001,0.6399,129397ed6557da93db5ba18cf112ee7b0a7927d8,0.2,0.0,0.0,0.0,0.0,0.0,0.0,0.0,,,,
scidocs,ms2,pool20_ndcg10,20,10,balance_graph,graph,mrr,120,0.26022486772486775,0.26022486772486775,0.0,0.0,0.0,0,0,120,1.0,0.0,0.0,0.0,78495383450e02c5fe817e408726134b3084905d,0.0,0.0,0.0,0.0,0.0,0.0,0.0,0.0,,,,
scidocs,ms2,pool20_ndcg10,20,10,balance_hybrid,hybrid,mrr,120,0.2800033068783069,0.2800033068783069,0.0,0.0,0.0,0,0,120,1.0,0.0,0.0,0.0,78495383450e02c5fe817e408726134b3084905d,0.0,0.0,0.0,0.0,0.0,0.0,0.0,0.0,,,,
scidocs,ms2,pool20_ndcg10,20,10,copeland_graph,graph,mrr,120,0.27921957671957676,0.27921957671957676,0.0,0.0,0.0,0,0,120,1.0,0.0,0.0,0.0,78495383450e02c5fe817e408726134b3084905d,0.0,0.0,0.0,0.0,0.0,0.0,0.0,0.0,,,,
scidocs,ms2,pool20_ndcg10,20,10,copeland_hybrid,hybrid,mrr,120,0.2806878306878307,0.2806878306878307,0.0,0.0,0.0,0,0,120,1.0,0.0,0.0,0.0,78495383450e02c5fe817e408726134b3084905d,0.0,0.0,0.0,0.0,0.0,0.0,0.0,0.0,,,,
scidocs,ms2,pool20_ndcg10,20,10,markov_graph,graph,mrr,120,0.25188492063492063,0.25188492063492063,0.0,0.0,0.0,0,0,120,1.0,0.0,0.0,0.0,78495383450e02c5fe817e408726134b3084905d,0.0,0.0,0.0,0.0,0.0,0.0,0.0,0.0,,,,
scidocs,ms2,pool20_ndcg20,20,20,balance_graph,graph,mrr,120,0.26696283563930623,0.26696283563930623,0.0,0.0,0.0,0,0,120,1.0,0.0,0.0,0.0,78495383450e02c5fe817e408726134b3084905d,0.0,0.0,0.0,0.0,0.0,0.0,0.0,0.0,,,,
scidocs,ms2,pool20_ndcg20,20,20,balance_hybrid,hybrid,mrr,120,0.28790538845685903,0.28790538845685903,0.0,0.0,0.0,0,0,120,1.0,0.0,0.0,0.0,78495383450e02c5fe817e408726134b3084905d,0.0,0.0,0.0,0.0,0.0,0.0,0.0,0.0,,,,
scidocs,ms2,pool20_ndcg20,20,20,copeland_graph,graph,mrr,120,0.2851969313366372,0.2851969313366372,0.0,0.0,0.0,0,0,120,1.0,0.0,0.0,0.0,78495383450e02c5fe817e408726134b3084905d,0.0,0.0,0.0,0.0,0.0,0.0,0.0,0.0,,,,
scidocs,ms2,pool20_ndcg20,20,20,copeland_hybrid,hybrid,mrr,120,0.2878864225371578,0.2878864225371578,0.0,0.0,0.0,0,0,120,1.0,0.0,0.0,0.0,78495383450e02c5fe817e408726134b3084905d,0.0,0.0,0.0,0.0,0.0,0.0,0.0,0.0,,,,
scidocs,ms2,pool20_ndcg20,20,20,markov_graph,graph,mrr,120,0.2608956158220864,0.2608956158220864,0.0,0.0,0.0,0,0,120,1.0,0.0,0.0,0.0,78495383450e02c5fe817e408726134b3084905d,0.0,0.0,0.0,0.0,0.0,0.0,0.0,0.0,,,,
scidocs,ms2,pool20_ndcg5,20,5,balance_graph,graph,mrr,120,0.2375,0.2375,0.0,0.0,0.0,0,0,120,1.0,0.0,0.0,0.0,78495383450e02c5fe817e408726134b3084905d,0.0,0.0,0.0,0.0,0.0,0.0,0.0,0.0,,,,
scidocs,ms2,pool20_ndcg5,20,5,balance_hybrid,hybrid,mrr,120,0.2602777777777778,0.2602777777777778,0.0,0.0,0.0,0,0,120,1.0,0.0,0.0,0.0,78495383450e02c5fe817e408726134b3084905d,0.0,0.0,0.0,0.0,0.0,0.0,0.0,0.0,,,,
scidocs,ms2,pool20_ndcg5,20,5,copeland_graph,graph,mrr,120,0.25625,0.25625,0.0,0.0,0.0,0,0,120,1.0,0.0,0.0,0.0,78495383450e02c5fe817e408726134b3084905d,0.0,0.0,0.0,0.0,0.0,0.0,0.0,0.0,,,,
scidocs,ms2,pool20_ndcg5,20,5,copeland_hybrid,hybrid,mrr,120,0.2602777777777778,0.2602777777777778,0.0,0.0,0.0,0,0,120,1.0,0.0,0.0,0.0,78495383450e02c5fe817e408726134b3084905d,0.0,0.0,0.0,0.0,0.0,0.0,0.0,0.0,,,,
scidocs,ms2,pool20_ndcg5,20,5,markov_graph,graph,mrr,120,0.2338888888888889,0.2338888888888889,0.0,0.0,0.0,0,0,120,1.0,0.0,0.0,0.0,78495383450e02c5fe817e408726134b3084905d,0.0,0.0,0.0,0.0,0.0,0.0,0.0,0.0,,,,
scidocs,ms2,pool50_ndcg10,50,10,balance_graph,graph,mrr,120,0.25210978835978837,0.25210978835978837,0.0,0.0,0.0,0,0,120,1.0,0.0,0.0,0.0,78495383450e02c5fe817e408726134b3084905d,0.0,0.0,0.0,0.0,0.0,0.0,0.0,0.0,,,,
scidocs,ms2,pool50_ndcg10,50,10,balance_hybrid,hybrid,mrr,120,0.278396164021164,0.278396164021164,0.0,0.0,0.0,0,0,120,1.0,0.0,0.0,0.0,78495383450e02c5fe817e408726134b3084905d,0.0,0.0,0.0,0.0,0.0,0.0,0.0,0.0,,,,
scidocs,ms2,pool50_ndcg10,50,10,copeland_graph,graph,mrr,120,0.26663690476190477,0.26663690476190477,0.0,0.0,0.0,0,0,120,1.0,0.0,0.0,0.0,78495383450e02c5fe817e408726134b3084905d,0.0,0.0,0.0,0.0,0.0,0.0,0.0,0.0,,,,
scidocs,ms2,pool50_ndcg10,50,10,copeland_hybrid,hybrid,mrr,120,0.2841501322751323,0.2841501322751323,0.0,0.0,0.0,0,0,120,1.0,0.0,0.0,0.0,78495383450e02c5fe817e408726134b3084905d,0.0,0.0,0.0,0.0,0.0,0.0,0.0,0.0,,,,
scidocs,ms2,pool50_ndcg10,50,10,markov_graph,graph,mrr,120,0.25098544973544973,0.25098544973544973,0.0,0.0,0.0,0,0,120,1.0,0.0,0.0,0.0,78495383450e02c5fe817e408726134b3084905d,0.0,0.0,0.0,0.0,0.0,0.0,0.0,0.0,,,,
scidocs,ms2,pool50_ndcg20,50,20,balance_graph,graph,mrr,120,0.26184954275027805,0.26184954275027805,0.0,0.0,0.0,0,0,120,1.0,0.0,0.0,0.0,78495383450e02c5fe817e408726134b3084905d,0.0,0.0,0.0,0.0,0.0,0.0,0.0,0.0,,,,
scidocs,ms2,pool50_ndcg20,50,20,balance_hybrid,hybrid,mrr,120,0.286884064149931,0.286884064149931,0.0,0.0,0.0,0,0,120,1.0,0.0,0.0,0.0,78495383450e02c5fe817e408726134b3084905d,0.0,0.0,0.0,0.0,0.0,0.0,0.0,0.0,,,,
scidocs,ms2,pool50_ndcg20,50,20,copeland_graph,graph,mrr,120,0.2755837565212565,0.2755837565212565,0.0,0.0,0.0,0,0,120,1.0,0.0,0.0,0.0,78495383450e02c5fe817e408726134b3084905d,0.0,0.0,0.0,0.0,0.0,0.0,0.0,0.0,,,,
scidocs,ms2,pool50_ndcg20,50,20,copeland_hybrid,hybrid,mrr,120,0.2911672471047471,0.2911672471047471,0.0,0.0,0.0,0,0,120,1.0,0.0,0.0,0.0,78495383450e02c5fe817e408726134b3084905d,0.0,0.0,0.0,0.0,0.0,0.0,0.0,0.0,,,,
scidocs,ms2,pool50_ndcg20,50,20,markov_graph,graph,mrr,120,0.26152210312620533,0.26152210312620533,0.0,0.0,0.0,0,0,120,1.0,0.0,0.0,0.0,78495383450e02c5fe817e408726134b3084905d,0.0,0.0,0.0,0.0,0.0,0.0,0.0,0.0,,,,
scidocs,ms2,pool50_ndcg5,50,5,balance_graph,graph,mrr,120,0.22430555555555556,0.22430555555555556,0.0,0.0,0.0,0,0,120,1.0,0.0,0.0,0.0,78495383450e02c5fe817e408726134b3084905d,0.0,0.0,0.0,0.0,0.0,0.0,0.0,0.0,,,,
scidocs,ms2,pool50_ndcg5,50,5,balance_hybrid,hybrid,mrr,120,0.2609722222222222,0.2609722222222222,0.0,0.0,0.0,0,0,120,1.0,0.0,0.0,0.0,78495383450e02c5fe817e408726134b3084905d,0.0,0.0,0.0,0.0,0.0,0.0,0.0,0.0,,,,
scidocs,ms2,pool50_ndcg5,50,5,copeland_graph,graph,mrr,120,0.23888888888888887,0.23888888888888887,0.0,0.0,0.0,0,0,120,1.0,0.0,0.0,0.0,78495383450e02c5fe817e408726134b3084905d,0.0,0.0,0.0,0.0,0.0,0.0,0.0,0.0,,,,
scidocs,ms2,pool50_ndcg5,50,5,copeland_hybrid,hybrid,mrr,120,0.26569444444444446,0.26569444444444446,0.0,0.0,0.0,0,0,120,1.0,0.0,0.0,0.0,78495383450e02c5fe817e408726134b3084905d,0.0,0.0,0.0,0.0,0.0,0.0,0.0,0.0,,,,
scidocs,ms2,pool50_ndcg5,50,5,markov_graph,graph,mrr,120,0.23027777777777778,0.23027777777777778,0.0,0.0,0.0,0,0,120,1.0,0.0,0.0,0.0,78495383450e02c5fe817e408726134b3084905d,0.0,0.0,0.0,0.0,0.0,0.0,0.0,0.0,,,,
