dataset,query_id,method,preference_source,preference_source_note,n_nodes,n_edges,graph_density,n_sccs,largest_scc,is_cyclic,n_non_trivial_sccs,scc_cycle_burden,fas_weight_removed,fas_n_edges_removed,graph_ref_bew_pre,graph_ref_bew_post,graph_ref_pic_pre,graph_ref_pic_post,n_eval_candidates,primary_metric,backward_edge_weight,pairwise_inconsistency,kendall_tau,kendall_tau_legacy,ndcg_at_k,map_at_k,precision_at_k,recall_at_k,pairwise_accuracy,runtime_pref_gen_s,runtime_graph_build_s,runtime_cycle_detect_s,runtime_fas_solver_s,runtime_ranking_s,runtime_evaluation_s,runtime_total_s
hotpotqa,q_hop_000164,score_sum,qrels_flip,synthetic corruption: qrels-derived edges with flip_prob=0.15,10,21,0.233333,4,7,True,1,7,4.0,4,5.0,3.0,5,3,10,ndcg_at_k,5.0,5,0.644444,0.644444,1.0,1.0,0.3,1.0,1.0,0.000108,0.000365,1.9e-05,0.000997,2.1e-05,0.000747,0.201088
hotpotqa,q_hop_000164,borda,qrels_flip,synthetic corruption: qrels-derived edges with flip_prob=0.15,10,21,0.233333,4,7,True,1,7,4.0,4,5.0,3.0,5,3,10,ndcg_at_k,5.0,5,0.644444,0.644444,1.0,1.0,0.3,1.0,1.0,0.000108,0.000365,1.9e-05,0.000997,1.9e-05,0.000747,0.201088
hotpotqa,q_hop_000164,pagerank,qrels_flip,synthetic corruption: qrels-derived edges with flip_prob=0.15,10,21,0.233333,4,7,True,1,7,4.0,4,5.0,3.0,5,3,10,ndcg_at_k,7.0,7,0.288889,0.288889,0.906025,0.805556,0.3,1.0,0.904762,0.000108,0.000365,1.9e-05,0.000997,0.198455,0.000747,0.201088
hotpotqa,q_hop_000164,greedy_fas_topological,qrels_flip,synthetic corruption: qrels-derived edges with flip_prob=0.15,10,21,0.233333,4,7,True,1,7,4.0,4,5.0,3.0,5,3,10,ndcg_at_k,3.0,3,0.155556,0.155556,0.827812,0.642857,0.3,1.0,0.714286,0.000108,0.000365,1.9e-05,0.000997,6.9e-05,0.000747,0.201088
hotpotqa,q_hop_000164,greedy_fas_weighted_balance,qrels_flip,synthetic corruption: qrels-derived edges with flip_prob=0.15,10,21,0.233333,4,7,True,1,7,4.0,4,5.0,3.0,5,3,10,ndcg_at_k,5.0,5,0.644444,0.644444,1.0,1.0,0.3,1.0,1.0,0.000108,0.000365,1.9e-05,0.000997,3.3e-05,0.000747,0.201088
hotpotqa,q_hop_000164,greedy_fas_copeland,qrels_flip,synthetic corruption: qrels-derived edges with flip_prob=0.15,10,21,0.233333,4,7,True,1,7,4.0,4,5.0,3.0,5,3,10,ndcg_at_k,5.0,5,0.644444,0.644444,1.0,1.0,0.3,1.0,1.0,0.000108,0.000365,1.9e-05,0.000997,6.5e-05,0.000747,0.201088
hotpotqa,q_hop_000164,greedy_fas_score_augmented_topological,qrels_flip,synthetic corruption: qrels-derived edges with flip_prob=0.15,10,21,0.233333,4,7,True,1,7,4.0,4,5.0,3.0,5,3,10,ndcg_at_k,3.0,3,0.155556,0.155556,0.827812,0.642857,0.3,1.0,0.714286,0.000108,0.000365,1.9e-05,0.000997,2.7e-05,0.000747,0.201088
hotpotqa,q_hop_000164,fas_balance_score_prior_alpha_beta,qrels_flip,synthetic corruption: qrels-derived edges with flip_prob=0.15,10,21,0.233333,4,7,True,1,7,4.0,4,5.0,3.0,5,3,10,ndcg_at_k,5.0,5,0.6,0.6,1.0,1.0,0.3,1.0,1.0,0.000108,0.000365,1.9e-05,0.000997,4.6e-05,0.000747,0.201088
hotpotqa,q_hop_000164,hybrid_rrf_fas_regularized,qrels_flip,synthetic corruption: qrels-derived edges with flip_prob=0.15,10,21,0.233333,4,7,True,1,7,4.0,4,5.0,3.0,5,3,10,ndcg_at_k,5.0,5,0.644444,0.644444,1.0,1.0,0.3,1.0,1.0,0.000108,0.000365,1.9e-05,0.000997,3.1e-05,0.000747,0.201088
hotpotqa,q_hop_000164,hybrid_rrf_balance_a05,qrels_flip,synthetic corruption: qrels-derived edges with flip_prob=0.15,10,21,0.233333,4,7,True,1,7,4.0,4,5.0,3.0,5,3,10,ndcg_at_k,5.0,5,0.644444,0.644444,1.0,1.0,0.3,1.0,1.0,0.000108,0.000365,1.9e-05,0.000997,2.3e-05,0.000747,0.201088
hotpotqa,q_hop_000164,hybrid_rrf_copeland_a03,qrels_flip,synthetic corruption: qrels-derived edges with flip_prob=0.15,10,21,0.233333,4,7,True,1,7,4.0,4,5.0,3.0,5,3,10,ndcg_at_k,5.0,5,0.644444,0.644444,1.0,1.0,0.3,1.0,1.0,0.000108,0.000365,1.9e-05,0.000997,2.2e-05,0.000747,0.201088
hotpotqa,q_hop_000164,hybrid_rrf_priority_topo_a03,qrels_flip,synthetic corruption: qrels-derived edges with flip_prob=0.15,10,21,0.233333,4,7,True,1,7,4.0,4,5.0,3.0,5,3,10,ndcg_at_k,2.0,2,0.2,0.2,0.838547,0.666667,0.3,1.0,0.761905,0.000108,0.000365,1.9e-05,0.000997,4.1e-05,0.000747,0.201088
hotpotqa,q_hop_000383,score_sum,qrels_flip,synthetic corruption: qrels-derived edges with flip_prob=0.15,10,21,0.233333,3,8,True,1,8,4.0,4,5.0,2.0,5,2,10,ndcg_at_k,5.0,5,0.688889,0.688889,1.0,1.0,0.3,1.0,1.0,9.5e-05,6.3e-05,1.5e-05,0.000573,1.7e-05,0.000728,0.0051
hotpotqa,q_hop_000383,borda,qrels_flip,synthetic corruption: qrels-derived edges with flip_prob=0.15,10,21,0.233333,3,8,True,1,8,4.0,4,5.0,2.0,5,2,10,ndcg_at_k,5.0,5,0.688889,0.688889,1.0,1.0,0.3,1.0,1.0,9.5e-05,6.3e-05,1.5e-05,0.000573,1.3e-05,0.000728,0.0051
hotpotqa,q_hop_000383,pagerank,qrels_flip,synthetic corruption: qrels-derived edges with flip_prob=0.15,10,21,0.233333,3,8,True,1,8,4.0,4,5.0,2.0,5,2,10,ndcg_at_k,5.0,5,0.466667,0.466667,1.0,1.0,0.3,1.0,1.0,9.5e-05,6.3e-05,1.5e-05,0.000573,0.003322,0.000728,0.0051
hotpotqa,q_hop_000383,greedy_fas_topological,qrels_flip,synthetic corruption: qrels-derived edges with flip_prob=0.15,10,21,0.233333,3,8,True,1,8,4.0,4,5.0,2.0,5,2,10,ndcg_at_k,4.0,4,0.155556,0.155556,0.88546,0.755556,0.3,1.0,0.857143,9.5e-05,6.3e-05,1.5e-05,0.000573,4.4e-05,0.000728,0.0051
hotpotqa,q_hop_000383,greedy_fas_weighted_balance,qrels_flip,synthetic corruption: qrels-derived edges with flip_prob=0.15,10,21,0.233333,3,8,True,1,8,4.0,4,5.0,2.0,5,2,10,ndcg_at_k,5.0,5,0.466667,0.466667,1.0,1.0,0.3,1.0,1.0,9.5e-05,6.3e-05,1.5e-05,0.000573,2e-05,0.000728,0.0051
hotpotqa,q_hop_000383,greedy_fas_copeland,qrels_flip,synthetic corruption: qrels-derived edges with flip_prob=0.15,10,21,0.233333,3,8,True,1,8,4.0,4,5.0,2.0,5,2,10,ndcg_at_k,5.0,5,0.466667,0.466667,1.0,1.0,0.3,1.0,1.0,9.5e-05,6.3e-05,1.5e-05,0.000573,1.9e-05,0.000728,0.0051
hotpotqa,q_hop_000383,greedy_fas_score_augmented_topological,qrels_flip,synthetic corruption: qrels-derived edges with flip_prob=0.15,10,21,0.233333,3,8,True,1,8,4.0,4,5.0,2.0,5,2,10,ndcg_at_k,4.0,4,0.066667,0.066667,0.88546,0.755556,0.3,1.0,0.857143,9.5e-05,6.3e-05,1.5e-05,0.000573,2.3e-05,0.000728,0.0051
hotpotqa,q_hop_000383,fas_balance_score_prior_alpha_beta,qrels_flip,synthetic corruption: qrels-derived edges with flip_prob=0.15,10,21,0.233333,3,8,True,1,8,4.0,4,5.0,2.0,5,2,10,ndcg_at_k,5.0,5,0.466667,0.466667,1.0,1.0,0.3,1.0,1.0,9.5e-05,6.3e-05,1.5e-05,0.000573,3.1e-05,0.000728,0.0051
hotpotqa,q_hop_000383,hybrid_rrf_fas_regularized,qrels_flip,synthetic corruption: qrels-derived edges with flip_prob=0.15,10,21,0.233333,3,8,True,1,8,4.0,4,5.0,2.0,5,2,10,ndcg_at_k,5.0,5,0.466667,0.466667,1.0,1.0,0.3,1.0,1.0,9.5e-05,6.3e-05,1.5e-05,0.000573,2.4e-05,0.000728,0.0051
hotpotqa,q_hop_000383,hybrid_rrf_balance_a05,qrels_flip,synthetic corruption: qrels-derived edges with flip_prob=0.15,10,21,0.233333,3,8,True,1,8,4.0,4,5.0,2.0,5,2,10,ndcg_at_k,5.0,5,0.466667,0.466667,1.0,1.0,0.3,1.0,1.0,9.5e-05,6.3e-05,1.5e-05,0.000573,2e-05,0.000728,0.0051
hotpotqa,q_hop_000383,hybrid_rrf_copeland_a03,qrels_flip,synthetic corruption: qrels-derived edges with flip_prob=0.15,10,21,0.233333,3,8,True,1,8,4.0,4,5.0,2.0,5,2,10,ndcg_at_k,5.0,5,0.466667,0.466667,1.0,1.0,0.3,1.0,1.0,9.5e-05,6.3e-05,1.5e-05,0.000573,2.1e-05,0.000728,0.0051
hotpotqa,q_hop_000383,hybrid_rrf_priority_topo_a03,qrels_flip,synthetic corruption: qrels-derived edges with flip_prob=0.15,10,21,0.233333,3,8,True,1,8,4.0,4,5.0,2.0,5,2,10,ndcg_at_k,4.0,4,0.2,0.2,0.88546,0.755556,0.3,1.0,0.857143,9.5e-05,6.3e-05,1.5e-05,0.000573,7.2e-05,0.000728,0.0051
hotpotqa,q_hop_000045,score_sum,qrels_flip,synthetic corruption: qrels-derived edges with flip_prob=0.15,10,16,0.177778,10,1,False,0,0,0,0,2.0,2.0,2,2,10,ndcg_at_k,2.0,2,0.777778,0.777778,1.0,1.0,0.2,1.0,1.0,7.4e-05,4.4e-05,2e-05,0.000221,1.4e-05,0.000705,0.003194
hotpotqa,q_hop_000045,borda,qrels_flip,synthetic corruption: qrels-derived edges with flip_prob=0.15,10,16,0.177778,10,1,False,0,0,0,0,2.0,2.0,2,2,10,ndcg_at_k,2.0,2,0.777778,0.777778,1.0,1.0,0.2,1.0,1.0,7.4e-05,4.4e-05,2e-05,0.000221,1.3e-05,0.000705,0.003194
hotpotqa,q_hop_000045,pagerank,qrels_flip,synthetic corruption: qrels-derived edges with flip_prob=0.15,10,16,0.177778,10,1,False,0,0,0,0,2.0,2.0,2,2,10,ndcg_at_k,0.0,0,0.111111,0.111111,0.693426,0.583333,0.2,1.0,0.875,7.4e-05,4.4e-05,2e-05,0.000221,0.001879,0.000705,0.003194
hotpotqa,q_hop_000045,greedy_fas_topological,qrels_flip,synthetic corruption: qrels-derived edges with flip_prob=0.15,10,16,0.177778,10,1,False,0,0,0,0,2.0,2.0,2,2,10,ndcg_at_k,0.0,0,0.111111,0.111111,0.693426,0.583333,0.2,1.0,0.875,7.4e-05,4.4e-05,2e-05,0.000221,4e-05,0.000705,0.003194
hotpotqa,q_hop_000045,greedy_fas_weighted_balance,qrels_flip,synthetic corruption: qrels-derived edges with flip_prob=0.15,10,16,0.177778,10,1,False,0,0,0,0,2.0,2.0,2,2,10,ndcg_at_k,2.0,2,0.777778,0.777778,1.0,1.0,0.2,1.0,1.0,7.4e-05,4.4e-05,2e-05,0.000221,1.8e-05,0.000705,0.003194
hotpotqa,q_hop_000045,greedy_fas_copeland,qrels_flip,synthetic corruption: qrels-derived edges with flip_prob=0.15,10,16,0.177778,10,1,False,0,0,0,0,2.0,2.0,2,2,10,ndcg_at_k,2.0,2,0.777778,0.777778,1.0,1.0,0.2,1.0,1.0,7.4e-05,4.4e-05,2e-05,0.000221,1.8e-05,0.000705,0.003194
hotpotqa,q_hop_000045,greedy_fas_score_augmented_topological,qrels_flip,synthetic corruption: qrels-derived edges with flip_prob=0.15,10,16,0.177778,10,1,False,0,0,0,0,2.0,2.0,2,2,10,ndcg_at_k,0.0,0,-0.288889,-0.288889,0.693426,0.583333,0.2,1.0,0.875,7.4e-05,4.4e-05,2e-05,0.000221,2.3e-05,0.000705,0.003194
hotpotqa,q_hop_000045,fas_balance_score_prior_alpha_beta,qrels_flip,synthetic corruption: qrels-derived edges with flip_prob=0.15,10,16,0.177778,10,1,False,0,0,0,0,2.0,2.0,2,2,10,ndcg_at_k,2.0,2,0.777778,0.777778,1.0,1.0,0.2,1.0,1.0,7.4e-05,4.4e-05,2e-05,0.000221,2.8e-05,0.000705,0.003194
hotpotqa,q_hop_000045,hybrid_rrf_fas_regularized,qrels_flip,synthetic corruption: qrels-derived edges with flip_prob=0.15,10,16,0.177778,10,1,False,0,0,0,0,2.0,2.0,2,2,10,ndcg_at_k,2.0,2,0.777778,0.777778,1.0,1.0,0.2,1.0,1.0,7.4e-05,4.4e-05,2e-05,0.000221,2.3e-05,0.000705,0.003194
hotpotqa,q_hop_000045,hybrid_rrf_balance_a05,qrels_flip,synthetic corruption: qrels-derived edges with flip_prob=0.15,10,16,0.177778,10,1,False,0,0,0,0,2.0,2.0,2,2,10,ndcg_at_k,2.0,2,0.777778,0.777778,1.0,1.0,0.2,1.0,1.0,7.4e-05,4.4e-05,2e-05,0.000221,1.9e-05,0.000705,0.003194
hotpotqa,q_hop_000045,hybrid_rrf_copeland_a03,qrels_flip,synthetic corruption: qrels-derived edges with flip_prob=0.15,10,16,0.177778,10,1,False,0,0,0,0,2.0,2.0,2,2,10,ndcg_at_k,2.0,2,0.777778,0.777778,1.0,1.0,0.2,1.0,1.0,7.4e-05,4.4e-05,2e-05,0.000221,1.9e-05,0.000705,0.003194
hotpotqa,q_hop_000045,hybrid_rrf_priority_topo_a03,qrels_flip,synthetic corruption: qrels-derived edges with flip_prob=0.15,10,16,0.177778,10,1,False,0,0,0,0,2.0,2.0,2,2,10,ndcg_at_k,0.0,0,-0.288889,-0.288889,0.693426,0.583333,0.2,1.0,0.875,7.4e-05,4.4e-05,2e-05,0.000221,3.6e-05,0.000705,0.003194
hotpotqa,q_hop_000156,score_sum,qrels_flip,synthetic corruption: qrels-derived edges with flip_prob=0.15,10,21,0.233333,3,8,True,1,8,4.0,4,5.0,3.0,5,3,10,ndcg_at_k,5.0,5,0.777778,0.777778,1.0,1.0,0.3,1.0,1.0,0.00011,6.4e-05,2.4e-05,0.000702,1.7e-05,0.000747,0.005138
hotpotqa,q_hop_000156,borda,qrels_flip,synthetic corruption: qrels-derived edges with flip_prob=0.15,10,21,0.233333,3,8,True,1,8,4.0,4,5.0,3.0,5,3,10,ndcg_at_k,5.0,5,0.777778,0.777778,1.0,1.0,0.3,1.0,1.0,0.00011,6.4e-05,2.4e-05,0.000702,1.4e-05,0.000747,0.005138
hotpotqa,q_hop_000156,pagerank,qrels_flip,synthetic corruption: qrels-derived edges with flip_prob=0.15,10,21,0.233333,3,8,True,1,8,4.0,4,5.0,3.0,5,3,10,ndcg_at_k,5.0,5,0.422222,0.422222,1.0,1.0,0.3,1.0,1.0,0.00011,6.4e-05,2.4e-05,0.000702,0.003219,0.000747,0.005138
hotpotqa,q_hop_000156,greedy_fas_topological,qrels_flip,synthetic corruption: qrels-derived edges with flip_prob=0.15,10,21,0.233333,3,8,True,1,8,4.0,4,5.0,3.0,5,3,10,ndcg_at_k,4.0,4,0.422222,0.422222,0.860344,0.698413,0.3,1.0,0.761905,0.00011,6.4e-05,2.4e-05,0.000702,4.5e-05,0.000747,0.005138
hotpotqa,q_hop_000156,greedy_fas_weighted_balance,qrels_flip,synthetic corruption: qrels-derived edges with flip_prob=0.15,10,21,0.233333,3,8,True,1,8,4.0,4,5.0,3.0,5,3,10,ndcg_at_k,5.0,5,0.733333,0.733333,1.0,1.0,0.3,1.0,1.0,0.00011,6.4e-05,2.4e-05,0.000702,1.9e-05,0.000747,0.005138
hotpotqa,q_hop_000156,greedy_fas_copeland,qrels_flip,synthetic corruption: qrels-derived edges with flip_prob=0.15,10,21,0.233333,3,8,True,1,8,4.0,4,5.0,3.0,5,3,10,ndcg_at_k,5.0,5,0.733333,0.733333,1.0,1.0,0.3,1.0,1.0,0.00011,6.4e-05,2.4e-05,0.000702,1.8e-05,0.000747,0.005138
hotpotqa,q_hop_000156,greedy_fas_score_augmented_topological,qrels_flip,synthetic corruption: qrels-derived edges with flip_prob=0.15,10,21,0.233333,3,8,True,1,8,4.0,4,5.0,3.0,5,3,10,ndcg_at_k,4.0,4,0.288889,0.288889,0.860344,0.698413,0.3,1.0,0.761905,0.00011,6.4e-05,2.4e-05,0.000702,2.3e-05,0.000747,0.005138
hotpotqa,q_hop_000156,fas_balance_score_prior_alpha_beta,qrels_flip,synthetic corruption: qrels-derived edges with flip_prob=0.15,10,21,0.233333,3,8,True,1,8,4.0,4,5.0,3.0,5,3,10,ndcg_at_k,5.0,5,0.733333,0.733333,1.0,1.0,0.3,1.0,1.0,0.00011,6.4e-05,2.4e-05,0.000702,2.8e-05,0.000747,0.005138
hotpotqa,q_hop_000156,hybrid_rrf_fas_regularized,qrels_flip,synthetic corruption: qrels-derived edges with flip_prob=0.15,10,21,0.233333,3,8,True,1,8,4.0,4,5.0,3.0,5,3,10,ndcg_at_k,5.0,5,0.733333,0.733333,1.0,1.0,0.3,1.0,1.0,0.00011,6.4e-05,2.4e-05,0.000702,3e-05,0.000747,0.005138
hotpotqa,q_hop_000156,hybrid_rrf_balance_a05,qrels_flip,synthetic corruption: qrels-derived edges with flip_prob=0.15,10,21,0.233333,3,8,True,1,8,4.0,4,5.0,3.0,5,3,10,ndcg_at_k,5.0,5,0.733333,0.733333,1.0,1.0,0.3,1.0,1.0,0.00011,6.4e-05,2.4e-05,0.000702,2.1e-05,0.000747,0.005138
hotpotqa,q_hop_000156,hybrid_rrf_copeland_a03,qrels_flip,synthetic corruption: qrels-derived edges with flip_prob=0.15,10,21,0.233333,3,8,True,1,8,4.0,4,5.0,3.0,5,3,10,ndcg_at_k,5.0,5,0.733333,0.733333,1.0,1.0,0.3,1.0,1.0,0.00011,6.4e-05,2.4e-05,0.000702,2e-05,0.000747,0.005138
hotpotqa,q_hop_000156,hybrid_rrf_priority_topo_a03,qrels_flip,synthetic corruption: qrels-derived edges with flip_prob=0.15,10,21,0.233333,3,8,True,1,8,4.0,4,5.0,3.0,5,3,10,ndcg_at_k,3.0,3,0.377778,0.377778,0.871079,0.722222,0.3,1.0,0.809524,0.00011,6.4e-05,2.4e-05,0.000702,3.7e-05,0.000747,0.005138
hotpotqa,q_hop_000053,score_sum,qrels_flip,synthetic corruption: qrels-derived edges with flip_prob=0.15,10,16,0.177778,7,4,True,1,4,1.0,1,4.0,4.0,4,4,10,ndcg_at_k,4.0,4,0.733333,0.733333,1.0,1.0,0.2,1.0,1.0,6.6e-05,4.1e-05,1.5e-05,0.000347,1.5e-05,0.000662,0.002528
hotpotqa,q_hop_000053,borda,qrels_flip,synthetic corruption: qrels-derived edges with flip_prob=0.15,10,16,0.177778,7,4,True,1,4,1.0,1,4.0,4.0,4,4,10,ndcg_at_k,4.0,4,0.733333,0.733333,1.0,1.0,0.2,1.0,1.0,6.6e-05,4.1e-05,1.5e-05,0.000347,1.2e-05,0.000662,0.002528
hotpotqa,q_hop_000053,pagerank,qrels_flip,synthetic corruption: qrels-derived edges with flip_prob=0.15,10,16,0.177778,7,4,True,1,4,1.0,1,4.0,4.0,4,4,10,ndcg_at_k,2.0,2,0.466667,0.466667,0.693426,0.583333,0.2,1.0,0.875,6.6e-05,4.1e-05,1.5e-05,0.000347,0.001143,0.000662,0.002528
hotpotqa,q_hop_000053,greedy_fas_topological,qrels_flip,synthetic corruption: qrels-derived edges with flip_prob=0.15,10,16,0.177778,7,4,True,1,4,1.0,1,4.0,4.0,4,4,10,ndcg_at_k,1.0,1,0.377778,0.377778,0.543771,0.366667,0.2,1.0,0.6875,6.6e-05,4.1e-05,1.5e-05,0.000347,4.1e-05,0.000662,0.002528
hotpotqa,q_hop_000053,greedy_fas_weighted_balance,qrels_flip,synthetic corruption: qrels-derived edges with flip_prob=0.15,10,16,0.177778,7,4,True,1,4,1.0,1,4.0,4.0,4,4,10,ndcg_at_k,4.0,4,0.733333,0.733333,1.0,1.0,0.2,1.0,1.0,6.6e-05,4.1e-05,1.5e-05,0.000347,1.9e-05,0.000662,0.002528
hotpotqa,q_hop_000053,greedy_fas_copeland,qrels_flip,synthetic corruption: qrels-derived edges with flip_prob=0.15,10,16,0.177778,7,4,True,1,4,1.0,1,4.0,4.0,4,4,10,ndcg_at_k,4.0,4,0.733333,0.733333,1.0,1.0,0.2,1.0,1.0,6.6e-05,4.1e-05,1.5e-05,0.000347,1.6e-05,0.000662,0.002528
hotpotqa,q_hop_000053,greedy_fas_score_augmented_topological,qrels_flip,synthetic corruption: qrels-derived edges with flip_prob=0.15,10,16,0.177778,7,4,True,1,4,1.0,1,4.0,4.0,4,4,10,ndcg_at_k,1.0,1,0.066667,0.066667,0.543771,0.366667,0.2,1.0,0.6875,6.6e-05,4.1e-05,1.5e-05,0.000347,2.2e-05,0.000662,0.002528
hotpotqa,q_hop_000053,fas_balance_score_prior_alpha_beta,qrels_flip,synthetic corruption: qrels-derived edges with flip_prob=0.15,10,16,0.177778,7,4,True,1,4,1.0,1,4.0,4.0,4,4,10,ndcg_at_k,4.0,4,0.733333,0.733333,1.0,1.0,0.2,1.0,1.0,6.6e-05,4.1e-05,1.5e-05,0.000347,3.2e-05,0.000662,0.002528
hotpotqa,q_hop_000053,hybrid_rrf_fas_regularized,qrels_flip,synthetic corruption: qrels-derived edges with flip_prob=0.15,10,16,0.177778,7,4,True,1,4,1.0,1,4.0,4.0,4,4,10,ndcg_at_k,4.0,4,0.733333,0.733333,1.0,1.0,0.2,1.0,1.0,6.6e-05,4.1e-05,1.5e-05,0.000347,2.2e-05,0.000662,0.002528
hotpotqa,q_hop_000053,hybrid_rrf_balance_a05,qrels_flip,synthetic corruption: qrels-derived edges with flip_prob=0.15,10,16,0.177778,7,4,True,1,4,1.0,1,4.0,4.0,4,4,10,ndcg_at_k,4.0,4,0.733333,0.733333,1.0,1.0,0.2,1.0,1.0,6.6e-05,4.1e-05,1.5e-05,0.000347,1.8e-05,0.000662,0.002528
hotpotqa,q_hop_000053,hybrid_rrf_copeland_a03,qrels_flip,synthetic corruption: qrels-derived edges with flip_prob=0.15,10,16,0.177778,7,4,True,1,4,1.0,1,4.0,4.0,4,4,10,ndcg_at_k,4.0,4,0.733333,0.733333,1.0,1.0,0.2,1.0,1.0,6.6e-05,4.1e-05,1.5e-05,0.000347,1.8e-05,0.000662,0.002528
hotpotqa,q_hop_000053,hybrid_rrf_priority_topo_a03,qrels_flip,synthetic corruption: qrels-derived edges with flip_prob=0.15,10,16,0.177778,7,4,True,1,4,1.0,1,4.0,4.0,4,4,10,ndcg_at_k,1.0,1,0.066667,0.066667,0.543771,0.366667,0.2,1.0,0.6875,6.6e-05,4.1e-05,1.5e-05,0.000347,3.9e-05,0.000662,0.002528
hotpotqa,q_hop_000072,score_sum,qrels_flip,synthetic corruption: qrels-derived edges with flip_prob=0.15,10,16,0.177778,10,1,False,0,0,0,0,1.0,1.0,1,1,10,ndcg_at_k,1.0,1,0.911111,0.911111,1.0,1.0,0.2,1.0,1.0,6.4e-05,3.7e-05,4.2e-05,0.000282,2.2e-05,0.000732,0.003343
hotpotqa,q_hop_000072,borda,qrels_flip,synthetic corruption: qrels-derived edges with flip_prob=0.15,10,16,0.177778,10,1,False,0,0,0,0,1.0,1.0,1,1,10,ndcg_at_k,1.0,1,0.911111,0.911111,1.0,1.0,0.2,1.0,1.0,6.4e-05,3.7e-05,4.2e-05,0.000282,1.3e-05,0.000732,0.003343
hotpotqa,q_hop_000072,pagerank,qrels_flip,synthetic corruption: qrels-derived edges with flip_prob=0.15,10,16,0.177778,10,1,False,0,0,0,0,1.0,1.0,1,1,10,ndcg_at_k,0.0,0,0.377778,0.377778,0.919721,0.833333,0.2,1.0,0.9375,6.4e-05,3.7e-05,4.2e-05,0.000282,0.001875,0.000732,0.003343
hotpotqa,q_hop_000072,greedy_fas_topological,qrels_flip,synthetic corruption: qrels-derived edges with flip_prob=0.15,10,16,0.177778,10,1,False,0,0,0,0,1.0,1.0,1,1,10,ndcg_at_k,0.0,0,0.377778,0.377778,0.919721,0.833333,0.2,1.0,0.9375,6.4e-05,3.7e-05,4.2e-05,0.000282,3.8e-05,0.000732,0.003343
hotpotqa,q_hop_000072,greedy_fas_weighted_balance,qrels_flip,synthetic corruption: qrels-derived edges with flip_prob=0.15,10,16,0.177778,10,1,False,0,0,0,0,1.0,1.0,1,1,10,ndcg_at_k,1.0,1,0.911111,0.911111,1.0,1.0,0.2,1.0,1.0,6.4e-05,3.7e-05,4.2e-05,0.000282,1.8e-05,0.000732,0.003343
hotpotqa,q_hop_000072,greedy_fas_copeland,qrels_flip,synthetic corruption: qrels-derived edges with flip_prob=0.15,10,16,0.177778,10,1,False,0,0,0,0,1.0,1.0,1,1,10,ndcg_at_k,1.0,1,0.911111,0.911111,1.0,1.0,0.2,1.0,1.0,6.4e-05,3.7e-05,4.2e-05,0.000282,1.7e-05,0.000732,0.003343
hotpotqa,q_hop_000072,greedy_fas_score_augmented_topological,qrels_flip,synthetic corruption: qrels-derived edges with flip_prob=0.15,10,16,0.177778,10,1,False,0,0,0,0,1.0,1.0,1,1,10,ndcg_at_k,0.0,0,-0.066667,-0.066667,0.919721,0.833333,0.2,1.0,0.9375,6.4e-05,3.7e-05,4.2e-05,0.000282,2.4e-05,0.000732,0.003343
hotpotqa,q_hop_000072,fas_balance_score_prior_alpha_beta,qrels_flip,synthetic corruption: qrels-derived edges with flip_prob=0.15,10,16,0.177778,10,1,False,0,0,0,0,1.0,1.0,1,1,10,ndcg_at_k,1.0,1,0.911111,0.911111,1.0,1.0,0.2,1.0,1.0,6.4e-05,3.7e-05,4.2e-05,0.000282,2.8e-05,0.000732,0.003343
hotpotqa,q_hop_000072,hybrid_rrf_fas_regularized,qrels_flip,synthetic corruption: qrels-derived edges with flip_prob=0.15,10,16,0.177778,10,1,False,0,0,0,0,1.0,1.0,1,1,10,ndcg_at_k,1.0,1,0.911111,0.911111,1.0,1.0,0.2,1.0,1.0,6.4e-05,3.7e-05,4.2e-05,0.000282,2.3e-05,0.000732,0.003343
hotpotqa,q_hop_000072,hybrid_rrf_balance_a05,qrels_flip,synthetic corruption: qrels-derived edges with flip_prob=0.15,10,16,0.177778,10,1,False,0,0,0,0,1.0,1.0,1,1,10,ndcg_at_k,1.0,1,0.911111,0.911111,1.0,1.0,0.2,1.0,1.0,6.4e-05,3.7e-05,4.2e-05,0.000282,1.9e-05,0.000732,0.003343
hotpotqa,q_hop_000072,hybrid_rrf_copeland_a03,qrels_flip,synthetic corruption: qrels-derived edges with flip_prob=0.15,10,16,0.177778,10,1,False,0,0,0,0,1.0,1.0,1,1,10,ndcg_at_k,1.0,1,0.911111,0.911111,1.0,1.0,0.2,1.0,1.0,6.4e-05,3.7e-05,4.2e-05,0.000282,5.1e-05,0.000732,0.003343
hotpotqa,q_hop_000072,hybrid_rrf_priority_topo_a03,qrels_flip,synthetic corruption: qrels-derived edges with flip_prob=0.15,10,16,0.177778,10,1,False,0,0,0,0,1.0,1.0,1,1,10,ndcg_at_k,0.0,0,-0.066667,-0.066667,0.919721,0.833333,0.2,1.0,0.9375,6.4e-05,3.7e-05,4.2e-05,0.000282,5.8e-05,0.000732,0.003343
hotpotqa,q_hop_000315,score_sum,qrels_flip,synthetic corruption: qrels-derived edges with flip_prob=0.15,10,16,0.177778,6,5,True,1,5,2.0,2,5.0,5.0,5,5,10,ndcg_at_k,5.0,5,0.777778,0.777778,1.0,1.0,0.2,1.0,1.0,6.8e-05,3.7e-05,1.5e-05,0.000368,1.5e-05,0.000666,0.002722
hotpotqa,q_hop_000315,borda,qrels_flip,synthetic corruption: qrels-derived edges with flip_prob=0.15,10,16,0.177778,6,5,True,1,5,2.0,2,5.0,5.0,5,5,10,ndcg_at_k,5.0,5,0.777778,0.777778,1.0,1.0,0.2,1.0,1.0,6.8e-05,3.7e-05,1.5e-05,0.000368,1.2e-05,0.000666,0.002722
hotpotqa,q_hop_000315,pagerank,qrels_flip,synthetic corruption: qrels-derived edges with flip_prob=0.15,10,16,0.177778,6,5,True,1,5,2.0,2,5.0,5.0,5,5,10,ndcg_at_k,5.0,5,0.422222,0.422222,1.0,1.0,0.2,1.0,1.0,6.8e-05,3.7e-05,1.5e-05,0.000368,0.001331,0.000666,0.002722
hotpotqa,q_hop_000315,greedy_fas_topological,qrels_flip,synthetic corruption: qrels-derived edges with flip_prob=0.15,10,16,0.177778,6,5,True,1,5,2.0,2,5.0,5.0,5,5,10,ndcg_at_k,2.0,2,0.066667,0.066667,0.482476,0.291667,0.2,1.0,0.5625,6.8e-05,3.7e-05,1.5e-05,0.000368,3.8e-05,0.000666,0.002722
hotpotqa,q_hop_000315,greedy_fas_weighted_balance,qrels_flip,synthetic corruption: qrels-derived edges with flip_prob=0.15,10,16,0.177778,6,5,True,1,5,2.0,2,5.0,5.0,5,5,10,ndcg_at_k,3.0,3,0.688889,0.688889,0.693426,0.583333,0.2,1.0,0.875,6.8e-05,3.7e-05,1.5e-05,0.000368,1.7e-05,0.000666,0.002722
hotpotqa,q_hop_000315,greedy_fas_copeland,qrels_flip,synthetic corruption: qrels-derived edges with flip_prob=0.15,10,16,0.177778,6,5,True,1,5,2.0,2,5.0,5.0,5,5,10,ndcg_at_k,3.0,3,0.688889,0.688889,0.693426,0.583333,0.2,1.0,0.875,6.8e-05,3.7e-05,1.5e-05,0.000368,1.6e-05,0.000666,0.002722
hotpotqa,q_hop_000315,greedy_fas_score_augmented_topological,qrels_flip,synthetic corruption: qrels-derived edges with flip_prob=0.15,10,16,0.177778,6,5,True,1,5,2.0,2,5.0,5.0,5,5,10,ndcg_at_k,2.0,2,0.022222,0.022222,0.482476,0.291667,0.2,1.0,0.5625,6.8e-05,3.7e-05,1.5e-05,0.000368,2.2e-05,0.000666,0.002722
hotpotqa,q_hop_000315,fas_balance_score_prior_alpha_beta,qrels_flip,synthetic corruption: qrels-derived edges with flip_prob=0.15,10,16,0.177778,6,5,True,1,5,2.0,2,5.0,5.0,5,5,10,ndcg_at_k,5.0,5,0.777778,0.777778,1.0,1.0,0.2,1.0,1.0,6.8e-05,3.7e-05,1.5e-05,0.000368,2.6e-05,0.000666,0.002722
hotpotqa,q_hop_000315,hybrid_rrf_fas_regularized,qrels_flip,synthetic corruption: qrels-derived edges with flip_prob=0.15,10,16,0.177778,6,5,True,1,5,2.0,2,5.0,5.0,5,5,10,ndcg_at_k,3.0,3,0.688889,0.688889,0.693426,0.583333,0.2,1.0,0.875,6.8e-05,3.7e-05,1.5e-05,0.000368,2.2e-05,0.000666,0.002722
hotpotqa,q_hop_000315,hybrid_rrf_balance_a05,qrels_flip,synthetic corruption: qrels-derived edges with flip_prob=0.15,10,16,0.177778,6,5,True,1,5,2.0,2,5.0,5.0,5,5,10,ndcg_at_k,3.0,3,0.688889,0.688889,0.693426,0.583333,0.2,1.0,0.875,6.8e-05,3.7e-05,1.5e-05,0.000368,1.8e-05,0.000666,0.002722
hotpotqa,q_hop_000315,hybrid_rrf_copeland_a03,qrels_flip,synthetic corruption: qrels-derived edges with flip_prob=0.15,10,16,0.177778,6,5,True,1,5,2.0,2,5.0,5.0,5,5,10,ndcg_at_k,3.0,3,0.688889,0.688889,0.693426,0.583333,0.2,1.0,0.875,6.8e-05,3.7e-05,1.5e-05,0.000368,1.8e-05,0.000666,0.002722
hotpotqa,q_hop_000315,hybrid_rrf_priority_topo_a03,qrels_flip,synthetic corruption: qrels-derived edges with flip_prob=0.15,10,16,0.177778,6,5,True,1,5,2.0,2,5.0,5.0,5,5,10,ndcg_at_k,2.0,2,0.111111,0.111111,0.482476,0.291667,0.2,1.0,0.5625,6.8e-05,3.7e-05,1.5e-05,0.000368,3.3e-05,0.000666,0.002722
hotpotqa,q_hop_000209,score_sum,qrels_flip,synthetic corruption: qrels-derived edges with flip_prob=0.15,10,16,0.177778,10,1,False,0,0,0,0,0.0,0.0,0,0,10,ndcg_at_k,0.0,0,1.0,1.0,1.0,1.0,0.2,1.0,1.0,6.2e-05,5.4e-05,1.8e-05,0.000238,1.4e-05,0.000678,0.003046
hotpotqa,q_hop_000209,borda,qrels_flip,synthetic corruption: qrels-derived edges with flip_prob=0.15,10,16,0.177778,10,1,False,0,0,0,0,0.0,0.0,0,0,10,ndcg_at_k,0.0,0,1.0,1.0,1.0,1.0,0.2,1.0,1.0,6.2e-05,5.4e-05,1.8e-05,0.000238,1.2e-05,0.000678,0.003046
hotpotqa,q_hop_000209,pagerank,qrels_flip,synthetic corruption: qrels-derived edges with flip_prob=0.15,10,16,0.177778,10,1,False,0,0,0,0,0.0,0.0,0,0,10,ndcg_at_k,0.0,0,0.2,0.2,1.0,1.0,0.2,1.0,1.0,6.2e-05,5.4e-05,1.8e-05,0.000238,0.001692,0.000678,0.003046
hotpotqa,q_hop_000209,greedy_fas_topological,qrels_flip,synthetic corruption: qrels-derived edges with flip_prob=0.15,10,16,0.177778,10,1,False,0,0,0,0,0.0,0.0,0,0,10,ndcg_at_k,0.0,0,0.2,0.2,1.0,1.0,0.2,1.0,1.0,6.2e-05,5.4e-05,1.8e-05,0.000238,3.9e-05,0.000678,0.003046
hotpotqa,q_hop_000209,greedy_fas_weighted_balance,qrels_flip,synthetic corruption: qrels-derived edges with flip_prob=0.15,10,16,0.177778,10,1,False,0,0,0,0,0.0,0.0,0,0,10,ndcg_at_k,0.0,0,1.0,1.0,1.0,1.0,0.2,1.0,1.0,6.2e-05,5.4e-05,1.8e-05,0.000238,6.9e-05,0.000678,0.003046
hotpotqa,q_hop_000209,greedy_fas_copeland,qrels_flip,synthetic corruption: qrels-derived edges with flip_prob=0.15,10,16,0.177778,10,1,False,0,0,0,0,0.0,0.0,0,0,10,ndcg_at_k,0.0,0,1.0,1.0,1.0,1.0,0.2,1.0,1.0,6.2e-05,5.4e-05,1.8e-05,0.000238,1.8e-05,0.000678,0.003046
hotpotqa,q_hop_000209,greedy_fas_score_augmented_topological,qrels_flip,synthetic corruption: qrels-derived edges with flip_prob=0.15,10,16,0.177778,10,1,False,0,0,0,0,0.0,0.0,0,0,10,ndcg_at_k,0.0,0,-0.288889,-0.288889,1.0,1.0,0.2,1.0,1.0,6.2e-05,5.4e-05,1.8e-05,0.000238,2.5e-05,0.000678,0.003046
hotpotqa,q_hop_000209,fas_balance_score_prior_alpha_beta,qrels_flip,synthetic corruption: qrels-derived edges with flip_prob=0.15,10,16,0.177778,10,1,False,0,0,0,0,0.0,0.0,0,0,10,ndcg_at_k,0.0,0,1.0,1.0,1.0,1.0,0.2,1.0,1.0,6.2e-05,5.4e-05,1.8e-05,0.000238,2.7e-05,0.000678,0.003046
hotpotqa,q_hop_000209,hybrid_rrf_fas_regularized,qrels_flip,synthetic corruption: qrels-derived edges with flip_prob=0.15,10,16,0.177778,10,1,False,0,0,0,0,0.0,0.0,0,0,10,ndcg_at_k,0.0,0,1.0,1.0,1.0,1.0,0.2,1.0,1.0,6.2e-05,5.4e-05,1.8e-05,0.000238,2.3e-05,0.000678,0.003046
hotpotqa,q_hop_000209,hybrid_rrf_balance_a05,qrels_flip,synthetic corruption: qrels-derived edges with flip_prob=0.15,10,16,0.177778,10,1,False,0,0,0,0,0.0,0.0,0,0,10,ndcg_at_k,0.0,0,1.0,1.0,1.0,1.0,0.2,1.0,1.0,6.2e-05,5.4e-05,1.8e-05,0.000238,2e-05,0.000678,0.003046
hotpotqa,q_hop_000209,hybrid_rrf_copeland_a03,qrels_flip,synthetic corruption: qrels-derived edges with flip_prob=0.15,10,16,0.177778,10,1,False,0,0,0,0,0.0,0.0,0,0,10,ndcg_at_k,0.0,0,1.0,1.0,1.0,1.0,0.2,1.0,1.0,6.2e-05,5.4e-05,1.8e-05,0.000238,2e-05,0.000678,0.003046
hotpotqa,q_hop_000209,hybrid_rrf_priority_topo_a03,qrels_flip,synthetic corruption: qrels-derived edges with flip_prob=0.15,10,16,0.177778,10,1,False,0,0,0,0,0.0,0.0,0,0,10,ndcg_at_k,0.0,0,-0.288889,-0.288889,1.0,1.0,0.2,1.0,1.0,6.2e-05,5.4e-05,1.8e-05,0.000238,3.7e-05,0.000678,0.003046
hotpotqa,q_hop_000074,score_sum,qrels_flip,synthetic corruption: qrels-derived edges with flip_prob=0.15,10,16,0.177778,6,5,True,1,5,1.0,1,3.0,2.0,3,2,10,ndcg_at_k,3.0,3,0.511111,0.511111,1.0,1.0,0.2,1.0,1.0,6.3e-05,3.7e-05,1.3e-05,0.000259,1.4e-05,0.000651,0.004308
hotpotqa,q_hop_000074,borda,qrels_flip,synthetic corruption: qrels-derived edges with flip_prob=0.15,10,16,0.177778,6,5,True,1,5,1.0,1,3.0,2.0,3,2,10,ndcg_at_k,3.0,3,0.511111,0.511111,1.0,1.0,0.2,1.0,1.0,6.3e-05,3.7e-05,1.3e-05,0.000259,2.9e-05,0.000651,0.004308
hotpotqa,q_hop_000074,pagerank,qrels_flip,synthetic corruption: qrels-derived edges with flip_prob=0.15,10,16,0.177778,6,5,True,1,5,1.0,1,3.0,2.0,3,2,10,ndcg_at_k,3.0,3,0.2,0.2,1.0,1.0,0.2,1.0,1.0,6.3e-05,3.7e-05,1.3e-05,0.000259,0.003019,0.000651,0.004308
hotpotqa,q_hop_000074,greedy_fas_topological,qrels_flip,synthetic corruption: qrels-derived edges with flip_prob=0.15,10,16,0.177778,6,5,True,1,5,1.0,1,3.0,2.0,3,2,10,ndcg_at_k,1.0,1,0.111111,0.111111,0.877215,0.75,0.2,1.0,0.875,6.3e-05,3.7e-05,1.3e-05,0.000259,4.1e-05,0.000651,0.004308
hotpotqa,q_hop_000074,greedy_fas_weighted_balance,qrels_flip,synthetic corruption: qrels-derived edges with flip_prob=0.15,10,16,0.177778,6,5,True,1,5,1.0,1,3.0,2.0,3,2,10,ndcg_at_k,3.0,3,0.466667,0.466667,1.0,1.0,0.2,1.0,1.0,6.3e-05,3.7e-05,1.3e-05,0.000259,1.9e-05,0.000651,0.004308
hotpotqa,q_hop_000074,greedy_fas_copeland,qrels_flip,synthetic corruption: qrels-derived edges with flip_prob=0.15,10,16,0.177778,6,5,True,1,5,1.0,1,3.0,2.0,3,2,10,ndcg_at_k,3.0,3,0.466667,0.466667,1.0,1.0,0.2,1.0,1.0,6.3e-05,3.7e-05,1.3e-05,0.000259,1.7e-05,0.000651,0.004308
hotpotqa,q_hop_000074,greedy_fas_score_augmented_topological,qrels_flip,synthetic corruption: qrels-derived edges with flip_prob=0.15,10,16,0.177778,6,5,True,1,5,1.0,1,3.0,2.0,3,2,10,ndcg_at_k,1.0,1,-0.111111,-0.111111,0.877215,0.75,0.2,1.0,0.875,6.3e-05,3.7e-05,1.3e-05,0.000259,2.3e-05,0.000651,0.004308
hotpotqa,q_hop_000074,fas_balance_score_prior_alpha_beta,qrels_flip,synthetic corruption: qrels-derived edges with flip_prob=0.15,10,16,0.177778,6,5,True,1,5,1.0,1,3.0,2.0,3,2,10,ndcg_at_k,3.0,3,0.466667,0.466667,1.0,1.0,0.2,1.0,1.0,6.3e-05,3.7e-05,1.3e-05,0.000259,2.7e-05,0.000651,0.004308
hotpotqa,q_hop_000074,hybrid_rrf_fas_regularized,qrels_flip,synthetic corruption: qrels-derived edges with flip_prob=0.15,10,16,0.177778,6,5,True,1,5,1.0,1,3.0,2.0,3,2,10,ndcg_at_k,3.0,3,0.466667,0.466667,1.0,1.0,0.2,1.0,1.0,6.3e-05,3.7e-05,1.3e-05,0.000259,2.3e-05,0.000651,0.004308
hotpotqa,q_hop_000074,hybrid_rrf_balance_a05,qrels_flip,synthetic corruption: qrels-derived edges with flip_prob=0.15,10,16,0.177778,6,5,True,1,5,1.0,1,3.0,2.0,3,2,10,ndcg_at_k,3.0,3,0.466667,0.466667,1.0,1.0,0.2,1.0,1.0,6.3e-05,3.7e-05,1.3e-05,0.000259,1.8e-05,0.000651,0.004308
hotpotqa,q_hop_000074,hybrid_rrf_copeland_a03,qrels_flip,synthetic corruption: qrels-derived edges with flip_prob=0.15,10,16,0.177778,6,5,True,1,5,1.0,1,3.0,2.0,3,2,10,ndcg_at_k,3.0,3,0.466667,0.466667,1.0,1.0,0.2,1.0,1.0,6.3e-05,3.7e-05,1.3e-05,0.000259,2e-05,0.000651,0.004308
hotpotqa,q_hop_000074,hybrid_rrf_priority_topo_a03,qrels_flip,synthetic corruption: qrels-derived edges with flip_prob=0.15,10,16,0.177778,6,5,True,1,5,1.0,1,3.0,2.0,3,2,10,ndcg_at_k,1.0,1,-0.111111,-0.111111,0.877215,0.75,0.2,1.0,0.875,6.3e-05,3.7e-05,1.3e-05,0.000259,3.5e-05,0.000651,0.004308
hotpotqa,q_hop_000333,score_sum,qrels_flip,synthetic corruption: qrels-derived edges with flip_prob=0.15,10,21,0.233333,4,7,True,1,7,4.0,4,4.0,2.0,4,2,10,ndcg_at_k,4.0,4,0.644444,0.644444,1.0,1.0,0.3,1.0,1.0,7.1e-05,4.5e-05,1.3e-05,0.000629,1.7e-05,0.000661,0.004683
hotpotqa,q_hop_000333,borda,qrels_flip,synthetic corruption: qrels-derived edges with flip_prob=0.15,10,21,0.233333,4,7,True,1,7,4.0,4,4.0,2.0,4,2,10,ndcg_at_k,4.0,4,0.644444,0.644444,1.0,1.0,0.3,1.0,1.0,7.1e-05,4.5e-05,1.3e-05,0.000629,1.2e-05,0.000661,0.004683
hotpotqa,q_hop_000333,pagerank,qrels_flip,synthetic corruption: qrels-derived edges with flip_prob=0.15,10,21,0.233333,4,7,True,1,7,4.0,4,4.0,2.0,4,2,10,ndcg_at_k,4.0,4,0.466667,0.466667,1.0,1.0,0.3,1.0,1.0,7.1e-05,4.5e-05,1.3e-05,0.000629,0.003015,0.000661,0.004683
hotpotqa,q_hop_000333,greedy_fas_topological,qrels_flip,synthetic corruption: qrels-derived edges with flip_prob=0.15,10,21,0.233333,4,7,True,1,7,4.0,4,4.0,2.0,4,2,10,ndcg_at_k,4.0,4,0.155556,0.155556,0.871079,0.722222,0.3,1.0,0.809524,7.1e-05,4.5e-05,1.3e-05,0.000629,4e-05,0.000661,0.004683
hotpotqa,q_hop_000333,greedy_fas_weighted_balance,qrels_flip,synthetic corruption: qrels-derived edges with flip_prob=0.15,10,21,0.233333,4,7,True,1,7,4.0,4,4.0,2.0,4,2,10,ndcg_at_k,4.0,4,0.511111,0.511111,1.0,1.0,0.3,1.0,1.0,7.1e-05,4.5e-05,1.3e-05,0.000629,1.8e-05,0.000661,0.004683
hotpotqa,q_hop_000333,greedy_fas_copeland,qrels_flip,synthetic corruption: qrels-derived edges with flip_prob=0.15,10,21,0.233333,4,7,True,1,7,4.0,4,4.0,2.0,4,2,10,ndcg_at_k,4.0,4,0.511111,0.511111,1.0,1.0,0.3,1.0,1.0,7.1e-05,4.5e-05,1.3e-05,0.000629,1.6e-05,0.000661,0.004683
hotpotqa,q_hop_000333,greedy_fas_score_augmented_topological,qrels_flip,synthetic corruption: qrels-derived edges with flip_prob=0.15,10,21,0.233333,4,7,True,1,7,4.0,4,4.0,2.0,4,2,10,ndcg_at_k,4.0,4,0.111111,0.111111,0.871079,0.722222,0.3,1.0,0.809524,7.1e-05,4.5e-05,1.3e-05,0.000629,2.1e-05,0.000661,0.004683
hotpotqa,q_hop_000333,fas_balance_score_prior_alpha_beta,qrels_flip,synthetic corruption: qrels-derived edges with flip_prob=0.15,10,21,0.233333,4,7,True,1,7,4.0,4,4.0,2.0,4,2,10,ndcg_at_k,4.0,4,0.511111,0.511111,1.0,1.0,0.3,1.0,1.0,7.1e-05,4.5e-05,1.3e-05,0.000629,3.2e-05,0.000661,0.004683
hotpotqa,q_hop_000333,hybrid_rrf_fas_regularized,qrels_flip,synthetic corruption: qrels-derived edges with flip_prob=0.15,10,21,0.233333,4,7,True,1,7,4.0,4,4.0,2.0,4,2,10,ndcg_at_k,4.0,4,0.511111,0.511111,1.0,1.0,0.3,1.0,1.0,7.1e-05,4.5e-05,1.3e-05,0.000629,2.3e-05,0.000661,0.004683
hotpotqa,q_hop_000333,hybrid_rrf_balance_a05,qrels_flip,synthetic corruption: qrels-derived edges with flip_prob=0.15,10,21,0.233333,4,7,True,1,7,4.0,4,4.0,2.0,4,2,10,ndcg_at_k,4.0,4,0.511111,0.511111,1.0,1.0,0.3,1.0,1.0,7.1e-05,4.5e-05,1.3e-05,0.000629,1.8e-05,0.000661,0.004683
hotpotqa,q_hop_000333,hybrid_rrf_copeland_a03,qrels_flip,synthetic corruption: qrels-derived edges with flip_prob=0.15,10,21,0.233333,4,7,True,1,7,4.0,4,4.0,2.0,4,2,10,ndcg_at_k,4.0,4,0.511111,0.511111,1.0,1.0,0.3,1.0,1.0,7.1e-05,4.5e-05,1.3e-05,0.000629,1.8e-05,0.000661,0.004683
hotpotqa,q_hop_000333,hybrid_rrf_priority_topo_a03,qrels_flip,synthetic corruption: qrels-derived edges with flip_prob=0.15,10,21,0.233333,4,7,True,1,7,4.0,4,4.0,2.0,4,2,10,ndcg_at_k,4.0,4,0.155556,0.155556,0.871079,0.722222,0.3,1.0,0.809524,7.1e-05,4.5e-05,1.3e-05,0.000629,3.4e-05,0.000661,0.004683
hotpotqa,q_hop_000403,score_sum,qrels_flip,synthetic corruption: qrels-derived edges with flip_prob=0.15,10,16,0.177778,10,1,False,0,0,0,0,1.0,1.0,1,1,10,ndcg_at_k,1.0,1,0.688889,0.688889,1.0,1.0,0.2,1.0,1.0,7.1e-05,4.3e-05,1.9e-05,0.000298,1.4e-05,0.000657,0.003226
hotpotqa,q_hop_000403,borda,qrels_flip,synthetic corruption: qrels-derived edges with flip_prob=0.15,10,16,0.177778,10,1,False,0,0,0,0,1.0,1.0,1,1,10,ndcg_at_k,1.0,1,0.688889,0.688889,1.0,1.0,0.2,1.0,1.0,7.1e-05,4.3e-05,1.9e-05,0.000298,1.2e-05,0.000657,0.003226
hotpotqa,q_hop_000403,pagerank,qrels_flip,synthetic corruption: qrels-derived edges with flip_prob=0.15,10,16,0.177778,10,1,False,0,0,0,0,1.0,1.0,1,1,10,ndcg_at_k,0.0,0,-0.066667,-0.066667,0.919721,0.833333,0.2,1.0,0.9375,7.1e-05,4.3e-05,1.9e-05,0.000298,0.001884,0.000657,0.003226
hotpotqa,q_hop_000403,greedy_fas_topological,qrels_flip,synthetic corruption: qrels-derived edges with flip_prob=0.15,10,16,0.177778,10,1,False,0,0,0,0,1.0,1.0,1,1,10,ndcg_at_k,0.0,0,-0.066667,-0.066667,0.919721,0.833333,0.2,1.0,0.9375,7.1e-05,4.3e-05,1.9e-05,0.000298,4.2e-05,0.000657,0.003226
hotpotqa,q_hop_000403,greedy_fas_weighted_balance,qrels_flip,synthetic corruption: qrels-derived edges with flip_prob=0.15,10,16,0.177778,10,1,False,0,0,0,0,1.0,1.0,1,1,10,ndcg_at_k,1.0,1,0.688889,0.688889,1.0,1.0,0.2,1.0,1.0,7.1e-05,4.3e-05,1.9e-05,0.000298,2e-05,0.000657,0.003226
hotpotqa,q_hop_000403,greedy_fas_copeland,qrels_flip,synthetic corruption: qrels-derived edges with flip_prob=0.15,10,16,0.177778,10,1,False,0,0,0,0,1.0,1.0,1,1,10,ndcg_at_k,1.0,1,0.688889,0.688889,1.0,1.0,0.2,1.0,1.0,7.1e-05,4.3e-05,1.9e-05,0.000298,1.7e-05,0.000657,0.003226
hotpotqa,q_hop_000403,greedy_fas_score_augmented_topological,qrels_flip,synthetic corruption: qrels-derived edges with flip_prob=0.15,10,16,0.177778,10,1,False,0,0,0,0,1.0,1.0,1,1,10,ndcg_at_k,0.0,0,-0.288889,-0.288889,0.919721,0.833333,0.2,1.0,0.9375,7.1e-05,4.3e-05,1.9e-05,0.000298,2.4e-05,0.000657,0.003226
hotpotqa,q_hop_000403,fas_balance_score_prior_alpha_beta,qrels_flip,synthetic corruption: qrels-derived edges with flip_prob=0.15,10,16,0.177778,10,1,False,0,0,0,0,1.0,1.0,1,1,10,ndcg_at_k,1.0,1,0.688889,0.688889,1.0,1.0,0.2,1.0,1.0,7.1e-05,4.3e-05,1.9e-05,0.000298,2.8e-05,0.000657,0.003226
hotpotqa,q_hop_000403,hybrid_rrf_fas_regularized,qrels_flip,synthetic corruption: qrels-derived edges with flip_prob=0.15,10,16,0.177778,10,1,False,0,0,0,0,1.0,1.0,1,1,10,ndcg_at_k,1.0,1,0.688889,0.688889,1.0,1.0,0.2,1.0,1.0,7.1e-05,4.3e-05,1.9e-05,0.000298,2.3e-05,0.000657,0.003226
hotpotqa,q_hop_000403,hybrid_rrf_balance_a05,qrels_flip,synthetic corruption: qrels-derived edges with flip_prob=0.15,10,16,0.177778,10,1,False,0,0,0,0,1.0,1.0,1,1,10,ndcg_at_k,1.0,1,0.688889,0.688889,1.0,1.0,0.2,1.0,1.0,7.1e-05,4.3e-05,1.9e-05,0.000298,1.9e-05,0.000657,0.003226
hotpotqa,q_hop_000403,hybrid_rrf_copeland_a03,qrels_flip,synthetic corruption: qrels-derived edges with flip_prob=0.15,10,16,0.177778,10,1,False,0,0,0,0,1.0,1.0,1,1,10,ndcg_at_k,1.0,1,0.688889,0.688889,1.0,1.0,0.2,1.0,1.0,7.1e-05,4.3e-05,1.9e-05,0.000298,1.9e-05,0.000657,0.003226
hotpotqa,q_hop_000403,hybrid_rrf_priority_topo_a03,qrels_flip,synthetic corruption: qrels-derived edges with flip_prob=0.15,10,16,0.177778,10,1,False,0,0,0,0,1.0,1.0,1,1,10,ndcg_at_k,0.0,0,-0.288889,-0.288889,0.919721,0.833333,0.2,1.0,0.9375,7.1e-05,4.3e-05,1.9e-05,0.000298,3.6e-05,0.000657,0.003226
hotpotqa,q_hop_000415,score_sum,qrels_flip,synthetic corruption: qrels-derived edges with flip_prob=0.15,10,21,0.233333,5,6,True,1,6,3.0,3,4.0,3.0,4,3,10,ndcg_at_k,4.0,4,0.422222,0.422222,1.0,1.0,0.3,1.0,1.0,7.3e-05,4.3e-05,1.3e-05,0.000482,1.6e-05,0.000679,0.004587
hotpotqa,q_hop_000415,borda,qrels_flip,synthetic corruption: qrels-derived edges with flip_prob=0.15,10,21,0.233333,5,6,True,1,6,3.0,3,4.0,3.0,4,3,10,ndcg_at_k,4.0,4,0.422222,0.422222,1.0,1.0,0.3,1.0,1.0,7.3e-05,4.3e-05,1.3e-05,0.000482,1.2e-05,0.000679,0.004587
hotpotqa,q_hop_000415,pagerank,qrels_flip,synthetic corruption: qrels-derived edges with flip_prob=0.15,10,21,0.233333,5,6,True,1,6,3.0,3,4.0,3.0,4,3,10,ndcg_at_k,4.0,4,0.022222,0.022222,0.852928,0.7,0.3,1.0,0.809524,7.3e-05,4.3e-05,1.3e-05,0.000482,0.003046,0.000679,0.004587
hotpotqa,q_hop_000415,greedy_fas_topological,qrels_flip,synthetic corruption: qrels-derived edges with flip_prob=0.15,10,21,0.233333,5,6,True,1,6,3.0,3,4.0,3.0,4,3,10,ndcg_at_k,2.0,2,0.022222,0.022222,0.852928,0.7,0.3,1.0,0.809524,7.3e-05,4.3e-05,1.3e-05,0.000482,4e-05,0.000679,0.004587
hotpotqa,q_hop_000415,greedy_fas_weighted_balance,qrels_flip,synthetic corruption: qrels-derived edges with flip_prob=0.15,10,21,0.233333,5,6,True,1,6,3.0,3,4.0,3.0,4,3,10,ndcg_at_k,4.0,4,0.422222,0.422222,1.0,1.0,0.3,1.0,1.0,7.3e-05,4.3e-05,1.3e-05,0.000482,1.9e-05,0.000679,0.004587
hotpotqa,q_hop_000415,greedy_fas_copeland,qrels_flip,synthetic corruption: qrels-derived edges with flip_prob=0.15,10,21,0.233333,5,6,True,1,6,3.0,3,4.0,3.0,4,3,10,ndcg_at_k,4.0,4,0.422222,0.422222,1.0,1.0,0.3,1.0,1.0,7.3e-05,4.3e-05,1.3e-05,0.000482,1.6e-05,0.000679,0.004587
hotpotqa,q_hop_000415,greedy_fas_score_augmented_topological,qrels_flip,synthetic corruption: qrels-derived edges with flip_prob=0.15,10,21,0.233333,5,6,True,1,6,3.0,3,4.0,3.0,4,3,10,ndcg_at_k,2.0,2,-0.111111,-0.111111,0.852928,0.7,0.3,1.0,0.809524,7.3e-05,4.3e-05,1.3e-05,0.000482,2.2e-05,0.000679,0.004587
hotpotqa,q_hop_000415,fas_balance_score_prior_alpha_beta,qrels_flip,synthetic corruption: qrels-derived edges with flip_prob=0.15,10,21,0.233333,5,6,True,1,6,3.0,3,4.0,3.0,4,3,10,ndcg_at_k,4.0,4,0.377778,0.377778,1.0,1.0,0.3,1.0,1.0,7.3e-05,4.3e-05,1.3e-05,0.000482,2.8e-05,0.000679,0.004587
hotpotqa,q_hop_000415,hybrid_rrf_fas_regularized,qrels_flip,synthetic corruption: qrels-derived edges with flip_prob=0.15,10,21,0.233333,5,6,True,1,6,3.0,3,4.0,3.0,4,3,10,ndcg_at_k,4.0,4,0.422222,0.422222,1.0,1.0,0.3,1.0,1.0,7.3e-05,4.3e-05,1.3e-05,0.000482,2.3e-05,0.000679,0.004587
hotpotqa,q_hop_000415,hybrid_rrf_balance_a05,qrels_flip,synthetic corruption: qrels-derived edges with flip_prob=0.15,10,21,0.233333,5,6,True,1,6,3.0,3,4.0,3.0,4,3,10,ndcg_at_k,4.0,4,0.422222,0.422222,1.0,1.0,0.3,1.0,1.0,7.3e-05,4.3e-05,1.3e-05,0.000482,2e-05,0.000679,0.004587
hotpotqa,q_hop_000415,hybrid_rrf_copeland_a03,qrels_flip,synthetic corruption: qrels-derived edges with flip_prob=0.15,10,21,0.233333,5,6,True,1,6,3.0,3,4.0,3.0,4,3,10,ndcg_at_k,4.0,4,0.422222,0.422222,1.0,1.0,0.3,1.0,1.0,7.3e-05,4.3e-05,1.3e-05,0.000482,1.9e-05,0.000679,0.004587
hotpotqa,q_hop_000415,hybrid_rrf_priority_topo_a03,qrels_flip,synthetic corruption: qrels-derived edges with flip_prob=0.15,10,21,0.233333,5,6,True,1,6,3.0,3,4.0,3.0,4,3,10,ndcg_at_k,1.0,1,-0.022222,-0.022222,0.88546,0.755556,0.3,1.0,0.857143,7.3e-05,4.3e-05,1.3e-05,0.000482,3.6e-05,0.000679,0.004587
hotpotqa,q_hop_000092,score_sum,qrels_flip,synthetic corruption: qrels-derived edges with flip_prob=0.15,10,16,0.177778,10,1,False,0,0,0,0,0.0,0.0,0,0,10,ndcg_at_k,0.0,0,1.0,1.0,1.0,1.0,0.2,1.0,1.0,5.9e-05,4.1e-05,1.7e-05,0.000222,1.3e-05,0.000645,0.002907
hotpotqa,q_hop_000092,borda,qrels_flip,synthetic corruption: qrels-derived edges with flip_prob=0.15,10,16,0.177778,10,1,False,0,0,0,0,0.0,0.0,0,0,10,ndcg_at_k,0.0,0,1.0,1.0,1.0,1.0,0.2,1.0,1.0,5.9e-05,4.1e-05,1.7e-05,0.000222,1.2e-05,0.000645,0.002907
hotpotqa,q_hop_000092,pagerank,qrels_flip,synthetic corruption: qrels-derived edges with flip_prob=0.15,10,16,0.177778,10,1,False,0,0,0,0,0.0,0.0,0,0,10,ndcg_at_k,0.0,0,0.155556,0.155556,1.0,1.0,0.2,1.0,1.0,5.9e-05,4.1e-05,1.7e-05,0.000222,0.001682,0.000645,0.002907
hotpotqa,q_hop_000092,greedy_fas_topological,qrels_flip,synthetic corruption: qrels-derived edges with flip_prob=0.15,10,16,0.177778,10,1,False,0,0,0,0,0.0,0.0,0,0,10,ndcg_at_k,0.0,0,0.155556,0.155556,1.0,1.0,0.2,1.0,1.0,5.9e-05,4.1e-05,1.7e-05,0.000222,3.5e-05,0.000645,0.002907
hotpotqa,q_hop_000092,greedy_fas_weighted_balance,qrels_flip,synthetic corruption: qrels-derived edges with flip_prob=0.15,10,16,0.177778,10,1,False,0,0,0,0,0.0,0.0,0,0,10,ndcg_at_k,0.0,0,1.0,1.0,1.0,1.0,0.2,1.0,1.0,5.9e-05,4.1e-05,1.7e-05,0.000222,1.8e-05,0.000645,0.002907
hotpotqa,q_hop_000092,greedy_fas_copeland,qrels_flip,synthetic corruption: qrels-derived edges with flip_prob=0.15,10,16,0.177778,10,1,False,0,0,0,0,0.0,0.0,0,0,10,ndcg_at_k,0.0,0,1.0,1.0,1.0,1.0,0.2,1.0,1.0,5.9e-05,4.1e-05,1.7e-05,0.000222,1.6e-05,0.000645,0.002907
hotpotqa,q_hop_000092,greedy_fas_score_augmented_topological,qrels_flip,synthetic corruption: qrels-derived edges with flip_prob=0.15,10,16,0.177778,10,1,False,0,0,0,0,0.0,0.0,0,0,10,ndcg_at_k,0.0,0,-0.288889,-0.288889,1.0,1.0,0.2,1.0,1.0,5.9e-05,4.1e-05,1.7e-05,0.000222,2.5e-05,0.000645,0.002907
hotpotqa,q_hop_000092,fas_balance_score_prior_alpha_beta,qrels_flip,synthetic corruption: qrels-derived edges with flip_prob=0.15,10,16,0.177778,10,1,False,0,0,0,0,0.0,0.0,0,0,10,ndcg_at_k,0.0,0,1.0,1.0,1.0,1.0,0.2,1.0,1.0,5.9e-05,4.1e-05,1.7e-05,0.000222,2.7e-05,0.000645,0.002907
hotpotqa,q_hop_000092,hybrid_rrf_fas_regularized,qrels_flip,synthetic corruption: qrels-derived edges with flip_prob=0.15,10,16,0.177778,10,1,False,0,0,0,0,0.0,0.0,0,0,10,ndcg_at_k,0.0,0,1.0,1.0,1.0,1.0,0.2,1.0,1.0,5.9e-05,4.1e-05,1.7e-05,0.000222,2.3e-05,0.000645,0.002907
hotpotqa,q_hop_000092,hybrid_rrf_balance_a05,qrels_flip,synthetic corruption: qrels-derived edges with flip_prob=0.15,10,16,0.177778,10,1,False,0,0,0,0,0.0,0.0,0,0,10,ndcg_at_k,0.0,0,1.0,1.0,1.0,1.0,0.2,1.0,1.0,5.9e-05,4.1e-05,1.7e-05,0.000222,1.8e-05,0.000645,0.002907
hotpotqa,q_hop_000092,hybrid_rrf_copeland_a03,qrels_flip,synthetic corruption: qrels-derived edges with flip_prob=0.15,10,16,0.177778,10,1,False,0,0,0,0,0.0,0.0,0,0,10,ndcg_at_k,0.0,0,1.0,1.0,1.0,1.0,0.2,1.0,1.0,5.9e-05,4.1e-05,1.7e-05,0.000222,1.8e-05,0.000645,0.002907
hotpotqa,q_hop_000092,hybrid_rrf_priority_topo_a03,qrels_flip,synthetic corruption: qrels-derived edges with flip_prob=0.15,10,16,0.177778,10,1,False,0,0,0,0,0.0,0.0,0,0,10,ndcg_at_k,0.0,0,-0.288889,-0.288889,1.0,1.0,0.2,1.0,1.0,5.9e-05,4.1e-05,1.7e-05,0.000222,3.6e-05,0.000645,0.002907
hotpotqa,q_hop_000215,score_sum,qrels_flip,synthetic corruption: qrels-derived edges with flip_prob=0.15,10,16,0.177778,7,4,True,1,4,1.0,1,4.0,4.0,4,4,10,ndcg_at_k,4.0,4,0.6,0.6,1.0,1.0,0.2,1.0,1.0,6.3e-05,7.1e-05,1.5e-05,0.000426,1.6e-05,0.000641,0.002592
hotpotqa,q_hop_000215,borda,qrels_flip,synthetic corruption: qrels-derived edges with flip_prob=0.15,10,16,0.177778,7,4,True,1,4,1.0,1,4.0,4.0,4,4,10,ndcg_at_k,4.0,4,0.6,0.6,1.0,1.0,0.2,1.0,1.0,6.3e-05,7.1e-05,1.5e-05,0.000426,1.2e-05,0.000641,0.002592
hotpotqa,q_hop_000215,pagerank,qrels_flip,synthetic corruption: qrels-derived edges with flip_prob=0.15,10,16,0.177778,7,4,True,1,4,1.0,1,4.0,4.0,4,4,10,ndcg_at_k,2.0,2,0.066667,0.066667,0.693426,0.583333,0.2,1.0,0.875,6.3e-05,7.1e-05,1.5e-05,0.000426,0.001118,0.000641,0.002592
hotpotqa,q_hop_000215,greedy_fas_topological,qrels_flip,synthetic corruption: qrels-derived edges with flip_prob=0.15,10,16,0.177778,7,4,True,1,4,1.0,1,4.0,4.0,4,4,10,ndcg_at_k,1.0,1,-0.066667,-0.066667,0.543771,0.366667,0.2,1.0,0.6875,6.3e-05,7.1e-05,1.5e-05,0.000426,3.9e-05,0.000641,0.002592
hotpotqa,q_hop_000215,greedy_fas_weighted_balance,qrels_flip,synthetic corruption: qrels-derived edges with flip_prob=0.15,10,16,0.177778,7,4,True,1,4,1.0,1,4.0,4.0,4,4,10,ndcg_at_k,4.0,4,0.555556,0.555556,1.0,1.0,0.2,1.0,1.0,6.3e-05,7.1e-05,1.5e-05,0.000426,1.6e-05,0.000641,0.002592
hotpotqa,q_hop_000215,greedy_fas_copeland,qrels_flip,synthetic corruption: qrels-derived edges with flip_prob=0.15,10,16,0.177778,7,4,True,1,4,1.0,1,4.0,4.0,4,4,10,ndcg_at_k,4.0,4,0.555556,0.555556,1.0,1.0,0.2,1.0,1.0,6.3e-05,7.1e-05,1.5e-05,0.000426,1.5e-05,0.000641,0.002592
hotpotqa,q_hop_000215,greedy_fas_score_augmented_topological,qrels_flip,synthetic corruption: qrels-derived edges with flip_prob=0.15,10,16,0.177778,7,4,True,1,4,1.0,1,4.0,4.0,4,4,10,ndcg_at_k,1.0,1,-0.111111,-0.111111,0.543771,0.366667,0.2,1.0,0.6875,6.3e-05,7.1e-05,1.5e-05,0.000426,2.2e-05,0.000641,0.002592
hotpotqa,q_hop_000215,fas_balance_score_prior_alpha_beta,qrels_flip,synthetic corruption: qrels-derived edges with flip_prob=0.15,10,16,0.177778,7,4,True,1,4,1.0,1,4.0,4.0,4,4,10,ndcg_at_k,4.0,4,0.555556,0.555556,1.0,1.0,0.2,1.0,1.0,6.3e-05,7.1e-05,1.5e-05,0.000426,2.8e-05,0.000641,0.002592
hotpotqa,q_hop_000215,hybrid_rrf_fas_regularized,qrels_flip,synthetic corruption: qrels-derived edges with flip_prob=0.15,10,16,0.177778,7,4,True,1,4,1.0,1,4.0,4.0,4,4,10,ndcg_at_k,4.0,4,0.555556,0.555556,1.0,1.0,0.2,1.0,1.0,6.3e-05,7.1e-05,1.5e-05,0.000426,2.2e-05,0.000641,0.002592
hotpotqa,q_hop_000215,hybrid_rrf_balance_a05,qrels_flip,synthetic corruption: qrels-derived edges with flip_prob=0.15,10,16,0.177778,7,4,True,1,4,1.0,1,4.0,4.0,4,4,10,ndcg_at_k,4.0,4,0.555556,0.555556,1.0,1.0,0.2,1.0,1.0,6.3e-05,7.1e-05,1.5e-05,0.000426,1.8e-05,0.000641,0.002592
hotpotqa,q_hop_000215,hybrid_rrf_copeland_a03,qrels_flip,synthetic corruption: qrels-derived edges with flip_prob=0.15,10,16,0.177778,7,4,True,1,4,1.0,1,4.0,4.0,4,4,10,ndcg_at_k,4.0,4,0.555556,0.555556,1.0,1.0,0.2,1.0,1.0,6.3e-05,7.1e-05,1.5e-05,0.000426,1.9e-05,0.000641,0.002592
hotpotqa,q_hop_000215,hybrid_rrf_priority_topo_a03,qrels_flip,synthetic corruption: qrels-derived edges with flip_prob=0.15,10,16,0.177778,7,4,True,1,4,1.0,1,4.0,4.0,4,4,10,ndcg_at_k,1.0,1,-0.111111,-0.111111,0.543771,0.366667,0.2,1.0,0.6875,6.3e-05,7.1e-05,1.5e-05,0.000426,5.1e-05,0.000641,0.002592
hotpotqa,q_hop_000479,score_sum,qrels_flip,synthetic corruption: qrels-derived edges with flip_prob=0.15,10,21,0.233333,10,1,False,0,0,0,0,1.0,1.0,1,1,10,ndcg_at_k,1.0,1,0.866667,0.866667,1.0,1.0,0.3,1.0,1.0,7.7e-05,4.1e-05,1.9e-05,0.000305,1.4e-05,0.000636,0.002905
hotpotqa,q_hop_000479,borda,qrels_flip,synthetic corruption: qrels-derived edges with flip_prob=0.15,10,21,0.233333,10,1,False,0,0,0,0,1.0,1.0,1,1,10,ndcg_at_k,1.0,1,0.866667,0.866667,1.0,1.0,0.3,1.0,1.0,7.7e-05,4.1e-05,1.9e-05,0.000305,1.1e-05,0.000636,0.002905
hotpotqa,q_hop_000479,pagerank,qrels_flip,synthetic corruption: qrels-derived edges with flip_prob=0.15,10,21,0.233333,10,1,False,0,0,0,0,1.0,1.0,1,1,10,ndcg_at_k,0.0,0,0.422222,0.422222,0.967468,0.916667,0.3,1.0,0.952381,7.7e-05,4.1e-05,1.9e-05,0.000305,0.001585,0.000636,0.002905
hotpotqa,q_hop_000479,greedy_fas_topological,qrels_flip,synthetic corruption: qrels-derived edges with flip_prob=0.15,10,21,0.233333,10,1,False,0,0,0,0,1.0,1.0,1,1,10,ndcg_at_k,0.0,0,0.422222,0.422222,0.967468,0.916667,0.3,1.0,0.952381,7.7e-05,4.1e-05,1.9e-05,0.000305,3.7e-05,0.000636,0.002905
hotpotqa,q_hop_000479,greedy_fas_weighted_balance,qrels_flip,synthetic corruption: qrels-derived edges with flip_prob=0.15,10,21,0.233333,10,1,False,0,0,0,0,1.0,1.0,1,1,10,ndcg_at_k,1.0,1,0.866667,0.866667,1.0,1.0,0.3,1.0,1.0,7.7e-05,4.1e-05,1.9e-05,0.000305,1.9e-05,0.000636,0.002905
hotpotqa,q_hop_000479,greedy_fas_copeland,qrels_flip,synthetic corruption: qrels-derived edges with flip_prob=0.15,10,21,0.233333,10,1,False,0,0,0,0,1.0,1.0,1,1,10,ndcg_at_k,1.0,1,0.866667,0.866667,1.0,1.0,0.3,1.0,1.0,7.7e-05,4.1e-05,1.9e-05,0.000305,1.6e-05,0.000636,0.002905
hotpotqa,q_hop_000479,greedy_fas_score_augmented_topological,qrels_flip,synthetic corruption: qrels-derived edges with flip_prob=0.15,10,21,0.233333,10,1,False,0,0,0,0,1.0,1.0,1,1,10,ndcg_at_k,0.0,0,0.111111,0.111111,0.967468,0.916667,0.3,1.0,0.952381,7.7e-05,4.1e-05,1.9e-05,0.000305,2.1e-05,0.000636,0.002905
hotpotqa,q_hop_000479,fas_balance_score_prior_alpha_beta,qrels_flip,synthetic corruption: qrels-derived edges with flip_prob=0.15,10,21,0.233333,10,1,False,0,0,0,0,1.0,1.0,1,1,10,ndcg_at_k,1.0,1,0.866667,0.866667,1.0,1.0,0.3,1.0,1.0,7.7e-05,4.1e-05,1.9e-05,0.000305,2.8e-05,0.000636,0.002905
hotpotqa,q_hop_000479,hybrid_rrf_fas_regularized,qrels_flip,synthetic corruption: qrels-derived edges with flip_prob=0.15,10,21,0.233333,10,1,False,0,0,0,0,1.0,1.0,1,1,10,ndcg_at_k,1.0,1,0.866667,0.866667,1.0,1.0,0.3,1.0,1.0,7.7e-05,4.1e-05,1.9e-05,0.000305,2.3e-05,0.000636,0.002905
hotpotqa,q_hop_000479,hybrid_rrf_balance_a05,qrels_flip,synthetic corruption: qrels-derived edges with flip_prob=0.15,10,21,0.233333,10,1,False,0,0,0,0,1.0,1.0,1,1,10,ndcg_at_k,1.0,1,0.866667,0.866667,1.0,1.0,0.3,1.0,1.0,7.7e-05,4.1e-05,1.9e-05,0.000305,1.9e-05,0.000636,0.002905
hotpotqa,q_hop_000479,hybrid_rrf_copeland_a03,qrels_flip,synthetic corruption: qrels-derived edges with flip_prob=0.15,10,21,0.233333,10,1,False,0,0,0,0,1.0,1.0,1,1,10,ndcg_at_k,1.0,1,0.866667,0.866667,1.0,1.0,0.3,1.0,1.0,7.7e-05,4.1e-05,1.9e-05,0.000305,1.8e-05,0.000636,0.002905
hotpotqa,q_hop_000479,hybrid_rrf_priority_topo_a03,qrels_flip,synthetic corruption: qrels-derived edges with flip_prob=0.15,10,21,0.233333,10,1,False,0,0,0,0,1.0,1.0,1,1,10,ndcg_at_k,0.0,0,0.111111,0.111111,0.967468,0.916667,0.3,1.0,0.952381,7.7e-05,4.1e-05,1.9e-05,0.000305,3.6e-05,0.000636,0.002905
hotpotqa,q_hop_000059,score_sum,qrels_flip,synthetic corruption: qrels-derived edges with flip_prob=0.15,10,16,0.177778,10,1,False,0,0,0,0,1.0,1.0,1,1,10,ndcg_at_k,1.0,1,0.822222,0.822222,1.0,1.0,0.2,1.0,1.0,5.9e-05,3.6e-05,1.8e-05,0.000278,1.3e-05,0.000618,0.003144
hotpotqa,q_hop_000059,borda,qrels_flip,synthetic corruption: qrels-derived edges with flip_prob=0.15,10,16,0.177778,10,1,False,0,0,0,0,1.0,1.0,1,1,10,ndcg_at_k,1.0,1,0.822222,0.822222,1.0,1.0,0.2,1.0,1.0,5.9e-05,3.6e-05,1.8e-05,0.000278,1.2e-05,0.000618,0.003144
hotpotqa,q_hop_000059,pagerank,qrels_flip,synthetic corruption: qrels-derived edges with flip_prob=0.15,10,16,0.177778,10,1,False,0,0,0,0,1.0,1.0,1,1,10,ndcg_at_k,0.0,0,0.066667,0.066667,0.919721,0.833333,0.2,1.0,0.9375,5.9e-05,3.6e-05,1.8e-05,0.000278,0.001883,0.000618,0.003144
hotpotqa,q_hop_000059,greedy_fas_topological,qrels_flip,synthetic corruption: qrels-derived edges with flip_prob=0.15,10,16,0.177778,10,1,False,0,0,0,0,1.0,1.0,1,1,10,ndcg_at_k,0.0,0,0.066667,0.066667,0.919721,0.833333,0.2,1.0,0.9375,5.9e-05,3.6e-05,1.8e-05,0.000278,3.5e-05,0.000618,0.003144
hotpotqa,q_hop_000059,greedy_fas_weighted_balance,qrels_flip,synthetic corruption: qrels-derived edges with flip_prob=0.15,10,16,0.177778,10,1,False,0,0,0,0,1.0,1.0,1,1,10,ndcg_at_k,1.0,1,0.822222,0.822222,1.0,1.0,0.2,1.0,1.0,5.9e-05,3.6e-05,1.8e-05,0.000278,1.7e-05,0.000618,0.003144
hotpotqa,q_hop_000059,greedy_fas_copeland,qrels_flip,synthetic corruption: qrels-derived edges with flip_prob=0.15,10,16,0.177778,10,1,False,0,0,0,0,1.0,1.0,1,1,10,ndcg_at_k,1.0,1,0.822222,0.822222,1.0,1.0,0.2,1.0,1.0,5.9e-05,3.6e-05,1.8e-05,0.000278,1.6e-05,0.000618,0.003144
hotpotqa,q_hop_000059,greedy_fas_score_augmented_topological,qrels_flip,synthetic corruption: qrels-derived edges with flip_prob=0.15,10,16,0.177778,10,1,False,0,0,0,0,1.0,1.0,1,1,10,ndcg_at_k,0.0,0,-0.155556,-0.155556,0.919721,0.833333,0.2,1.0,0.9375,5.9e-05,3.6e-05,1.8e-05,0.000278,3.8e-05,0.000618,0.003144
hotpotqa,q_hop_000059,fas_balance_score_prior_alpha_beta,qrels_flip,synthetic corruption: qrels-derived edges with flip_prob=0.15,10,16,0.177778,10,1,False,0,0,0,0,1.0,1.0,1,1,10,ndcg_at_k,1.0,1,0.822222,0.822222,1.0,1.0,0.2,1.0,1.0,5.9e-05,3.6e-05,1.8e-05,0.000278,2.6e-05,0.000618,0.003144
hotpotqa,q_hop_000059,hybrid_rrf_fas_regularized,qrels_flip,synthetic corruption: qrels-derived edges with flip_prob=0.15,10,16,0.177778,10,1,False,0,0,0,0,1.0,1.0,1,1,10,ndcg_at_k,1.0,1,0.822222,0.822222,1.0,1.0,0.2,1.0,1.0,5.9e-05,3.6e-05,1.8e-05,0.000278,2.3e-05,0.000618,0.003144
hotpotqa,q_hop_000059,hybrid_rrf_balance_a05,qrels_flip,synthetic corruption: qrels-derived edges with flip_prob=0.15,10,16,0.177778,10,1,False,0,0,0,0,1.0,1.0,1,1,10,ndcg_at_k,1.0,1,0.822222,0.822222,1.0,1.0,0.2,1.0,1.0,5.9e-05,3.6e-05,1.8e-05,0.000278,1.9e-05,0.000618,0.003144
hotpotqa,q_hop_000059,hybrid_rrf_copeland_a03,qrels_flip,synthetic corruption: qrels-derived edges with flip_prob=0.15,10,16,0.177778,10,1,False,0,0,0,0,1.0,1.0,1,1,10,ndcg_at_k,1.0,1,0.822222,0.822222,1.0,1.0,0.2,1.0,1.0,5.9e-05,3.6e-05,1.8e-05,0.000278,1.8e-05,0.000618,0.003144
hotpotqa,q_hop_000059,hybrid_rrf_priority_topo_a03,qrels_flip,synthetic corruption: qrels-derived edges with flip_prob=0.15,10,16,0.177778,10,1,False,0,0,0,0,1.0,1.0,1,1,10,ndcg_at_k,0.0,0,-0.155556,-0.155556,0.919721,0.833333,0.2,1.0,0.9375,5.9e-05,3.6e-05,1.8e-05,0.000278,3.5e-05,0.000618,0.003144
hotpotqa,q_hop_000368,score_sum,qrels_flip,synthetic corruption: qrels-derived edges with flip_prob=0.15,10,21,0.233333,10,1,False,0,0,0,0,3.0,3.0,3,3,10,ndcg_at_k,3.0,3,0.955556,0.955556,1.0,1.0,0.3,1.0,1.0,7.1e-05,4.2e-05,1.9e-05,0.000323,1.6e-05,0.000708,0.002857
hotpotqa,q_hop_000368,borda,qrels_flip,synthetic corruption: qrels-derived edges with flip_prob=0.15,10,21,0.233333,10,1,False,0,0,0,0,3.0,3.0,3,3,10,ndcg_at_k,3.0,3,0.955556,0.955556,1.0,1.0,0.3,1.0,1.0,7.1e-05,4.2e-05,1.9e-05,0.000323,1.2e-05,0.000708,0.002857
hotpotqa,q_hop_000368,pagerank,qrels_flip,synthetic corruption: qrels-derived edges with flip_prob=0.15,10,21,0.233333,10,1,False,0,0,0,0,3.0,3.0,3,3,10,ndcg_at_k,3.0,3,0.688889,0.688889,1.0,1.0,0.3,1.0,1.0,7.1e-05,4.2e-05,1.9e-05,0.000323,0.001442,0.000708,0.002857
hotpotqa,q_hop_000368,greedy_fas_topological,qrels_flip,synthetic corruption: qrels-derived edges with flip_prob=0.15,10,21,0.233333,10,1,False,0,0,0,0,3.0,3.0,3,3,10,ndcg_at_k,0.0,0,0.555556,0.555556,0.932521,0.833333,0.3,1.0,0.857143,7.1e-05,4.2e-05,1.9e-05,0.000323,4e-05,0.000708,0.002857
hotpotqa,q_hop_000368,greedy_fas_weighted_balance,qrels_flip,synthetic corruption: qrels-derived edges with flip_prob=0.15,10,21,0.233333,10,1,False,0,0,0,0,3.0,3.0,3,3,10,ndcg_at_k,3.0,3,0.955556,0.955556,1.0,1.0,0.3,1.0,1.0,7.1e-05,4.2e-05,1.9e-05,0.000323,1.9e-05,0.000708,0.002857
hotpotqa,q_hop_000368,greedy_fas_copeland,qrels_flip,synthetic corruption: qrels-derived edges with flip_prob=0.15,10,21,0.233333,10,1,False,0,0,0,0,3.0,3.0,3,3,10,ndcg_at_k,3.0,3,0.955556,0.955556,1.0,1.0,0.3,1.0,1.0,7.1e-05,4.2e-05,1.9e-05,0.000323,1.6e-05,0.000708,0.002857
hotpotqa,q_hop_000368,greedy_fas_score_augmented_topological,qrels_flip,synthetic corruption: qrels-derived edges with flip_prob=0.15,10,21,0.233333,10,1,False,0,0,0,0,3.0,3.0,3,3,10,ndcg_at_k,0.0,0,0.377778,0.377778,0.932521,0.833333,0.3,1.0,0.857143,7.1e-05,4.2e-05,1.9e-05,0.000323,2.2e-05,0.000708,0.002857
hotpotqa,q_hop_000368,fas_balance_score_prior_alpha_beta,qrels_flip,synthetic corruption: qrels-derived edges with flip_prob=0.15,10,21,0.233333,10,1,False,0,0,0,0,3.0,3.0,3,3,10,ndcg_at_k,3.0,3,0.955556,0.955556,1.0,1.0,0.3,1.0,1.0,7.1e-05,4.2e-05,1.9e-05,0.000323,2.8e-05,0.000708,0.002857
hotpotqa,q_hop_000368,hybrid_rrf_fas_regularized,qrels_flip,synthetic corruption: qrels-derived edges with flip_prob=0.15,10,21,0.233333,10,1,False,0,0,0,0,3.0,3.0,3,3,10,ndcg_at_k,3.0,3,0.955556,0.955556,1.0,1.0,0.3,1.0,1.0,7.1e-05,4.2e-05,1.9e-05,0.000323,2.4e-05,0.000708,0.002857
hotpotqa,q_hop_000368,hybrid_rrf_balance_a05,qrels_flip,synthetic corruption: qrels-derived edges with flip_prob=0.15,10,21,0.233333,10,1,False,0,0,0,0,3.0,3.0,3,3,10,ndcg_at_k,3.0,3,0.955556,0.955556,1.0,1.0,0.3,1.0,1.0,7.1e-05,4.2e-05,1.9e-05,0.000323,2e-05,0.000708,0.002857
hotpotqa,q_hop_000368,hybrid_rrf_copeland_a03,qrels_flip,synthetic corruption: qrels-derived edges with flip_prob=0.15,10,21,0.233333,10,1,False,0,0,0,0,3.0,3.0,3,3,10,ndcg_at_k,3.0,3,0.955556,0.955556,1.0,1.0,0.3,1.0,1.0,7.1e-05,4.2e-05,1.9e-05,0.000323,1.9e-05,0.000708,0.002857
hotpotqa,q_hop_000368,hybrid_rrf_priority_topo_a03,qrels_flip,synthetic corruption: qrels-derived edges with flip_prob=0.15,10,21,0.233333,10,1,False,0,0,0,0,3.0,3.0,3,3,10,ndcg_at_k,0.0,0,0.377778,0.377778,0.932521,0.833333,0.3,1.0,0.857143,7.1e-05,4.2e-05,1.9e-05,0.000323,3.6e-05,0.000708,0.002857
hotpotqa,q_hop_000163,score_sum,qrels_flip,synthetic corruption: qrels-derived edges with flip_prob=0.15,10,21,0.233333,3,8,True,1,8,3.0,3,5.0,4.0,5,4,10,ndcg_at_k,5.0,5,0.644444,0.644444,1.0,1.0,0.3,1.0,1.0,7.1e-05,4.4e-05,1.3e-05,0.000468,1.5e-05,0.000691,0.004513
hotpotqa,q_hop_000163,borda,qrels_flip,synthetic corruption: qrels-derived edges with flip_prob=0.15,10,21,0.233333,3,8,True,1,8,3.0,3,5.0,4.0,5,4,10,ndcg_at_k,5.0,5,0.644444,0.644444,1.0,1.0,0.3,1.0,1.0,7.1e-05,4.4e-05,1.3e-05,0.000468,1.2e-05,0.000691,0.004513
hotpotqa,q_hop_000163,pagerank,qrels_flip,synthetic corruption: qrels-derived edges with flip_prob=0.15,10,21,0.233333,3,8,True,1,8,3.0,3,5.0,4.0,5,4,10,ndcg_at_k,5.0,5,0.244444,0.244444,1.0,1.0,0.3,1.0,1.0,7.1e-05,4.4e-05,1.3e-05,0.000468,0.00298,0.000691,0.004513
hotpotqa,q_hop_000163,greedy_fas_topological,qrels_flip,synthetic corruption: qrels-derived edges with flip_prob=0.15,10,21,0.233333,3,8,True,1,8,3.0,3,5.0,4.0,5,4,10,ndcg_at_k,3.0,3,0.244444,0.244444,0.827812,0.642857,0.3,1.0,0.714286,7.1e-05,4.4e-05,1.3e-05,0.000468,4.1e-05,0.000691,0.004513
hotpotqa,q_hop_000163,greedy_fas_weighted_balance,qrels_flip,synthetic corruption: qrels-derived edges with flip_prob=0.15,10,21,0.233333,3,8,True,1,8,3.0,3,5.0,4.0,5,4,10,ndcg_at_k,5.0,5,0.555556,0.555556,1.0,1.0,0.3,1.0,1.0,7.1e-05,4.4e-05,1.3e-05,0.000468,1.8e-05,0.000691,0.004513
hotpotqa,q_hop_000163,greedy_fas_copeland,qrels_flip,synthetic corruption: qrels-derived edges with flip_prob=0.15,10,21,0.233333,3,8,True,1,8,3.0,3,5.0,4.0,5,4,10,ndcg_at_k,5.0,5,0.555556,0.555556,1.0,1.0,0.3,1.0,1.0,7.1e-05,4.4e-05,1.3e-05,0.000468,1.6e-05,0.000691,0.004513
hotpotqa,q_hop_000163,greedy_fas_score_augmented_topological,qrels_flip,synthetic corruption: qrels-derived edges with flip_prob=0.15,10,21,0.233333,3,8,True,1,8,3.0,3,5.0,4.0,5,4,10,ndcg_at_k,3.0,3,0.155556,0.155556,0.827812,0.642857,0.3,1.0,0.714286,7.1e-05,4.4e-05,1.3e-05,0.000468,2.1e-05,0.000691,0.004513
hotpotqa,q_hop_000163,fas_balance_score_prior_alpha_beta,qrels_flip,synthetic corruption: qrels-derived edges with flip_prob=0.15,10,21,0.233333,3,8,True,1,8,3.0,3,5.0,4.0,5,4,10,ndcg_at_k,5.0,5,0.555556,0.555556,1.0,1.0,0.3,1.0,1.0,7.1e-05,4.4e-05,1.3e-05,0.000468,2.8e-05,0.000691,0.004513
hotpotqa,q_hop_000163,hybrid_rrf_fas_regularized,qrels_flip,synthetic corruption: qrels-derived edges with flip_prob=0.15,10,21,0.233333,3,8,True,1,8,3.0,3,5.0,4.0,5,4,10,ndcg_at_k,5.0,5,0.555556,0.555556,1.0,1.0,0.3,1.0,1.0,7.1e-05,4.4e-05,1.3e-05,0.000468,2.3e-05,0.000691,0.004513
hotpotqa,q_hop_000163,hybrid_rrf_balance_a05,qrels_flip,synthetic corruption: qrels-derived edges with flip_prob=0.15,10,21,0.233333,3,8,True,1,8,3.0,3,5.0,4.0,5,4,10,ndcg_at_k,5.0,5,0.555556,0.555556,1.0,1.0,0.3,1.0,1.0,7.1e-05,4.4e-05,1.3e-05,0.000468,1.9e-05,0.000691,0.004513
hotpotqa,q_hop_000163,hybrid_rrf_copeland_a03,qrels_flip,synthetic corruption: qrels-derived edges with flip_prob=0.15,10,21,0.233333,3,8,True,1,8,3.0,3,5.0,4.0,5,4,10,ndcg_at_k,5.0,5,0.555556,0.555556,1.0,1.0,0.3,1.0,1.0,7.1e-05,4.4e-05,1.3e-05,0.000468,1.9e-05,0.000691,0.004513
hotpotqa,q_hop_000163,hybrid_rrf_priority_topo_a03,qrels_flip,synthetic corruption: qrels-derived edges with flip_prob=0.15,10,21,0.233333,3,8,True,1,8,3.0,3,5.0,4.0,5,4,10,ndcg_at_k,3.0,3,0.155556,0.155556,0.827812,0.642857,0.3,1.0,0.714286,7.1e-05,4.4e-05,1.3e-05,0.000468,3.4e-05,0.000691,0.004513
hotpotqa,q_hop_000210,score_sum,qrels_flip,synthetic corruption: qrels-derived edges with flip_prob=0.15,10,21,0.233333,5,6,True,1,6,2.0,2,4.0,3.0,4,3,10,ndcg_at_k,4.0,4,0.911111,0.911111,1.0,1.0,0.3,1.0,1.0,6.9e-05,4.7e-05,1.3e-05,0.000475,2e-05,0.000674,0.004644
hotpotqa,q_hop_000210,borda,qrels_flip,synthetic corruption: qrels-derived edges with flip_prob=0.15,10,21,0.233333,5,6,True,1,6,2.0,2,4.0,3.0,4,3,10,ndcg_at_k,4.0,4,0.911111,0.911111,1.0,1.0,0.3,1.0,1.0,6.9e-05,4.7e-05,1.3e-05,0.000475,1.5e-05,0.000674,0.004644
hotpotqa,q_hop_000210,pagerank,qrels_flip,synthetic corruption: qrels-derived edges with flip_prob=0.15,10,21,0.233333,5,6,True,1,6,2.0,2,4.0,3.0,4,3,10,ndcg_at_k,4.0,4,0.555556,0.555556,0.852928,0.7,0.3,1.0,0.809524,6.9e-05,4.7e-05,1.3e-05,0.000475,0.003106,0.000674,0.004644
hotpotqa,q_hop_000210,greedy_fas_topological,qrels_flip,synthetic corruption: qrels-derived edges with flip_prob=0.15,10,21,0.233333,5,6,True,1,6,2.0,2,4.0,3.0,4,3,10,ndcg_at_k,2.0,2,0.6,0.6,0.871079,0.722222,0.3,1.0,0.809524,6.9e-05,4.7e-05,1.3e-05,0.000475,3.9e-05,0.000674,0.004644
hotpotqa,q_hop_000210,greedy_fas_weighted_balance,qrels_flip,synthetic corruption: qrels-derived edges with flip_prob=0.15,10,21,0.233333,5,6,True,1,6,2.0,2,4.0,3.0,4,3,10,ndcg_at_k,4.0,4,0.911111,0.911111,1.0,1.0,0.3,1.0,1.0,6.9e-05,4.7e-05,1.3e-05,0.000475,1.9e-05,0.000674,0.004644
hotpotqa,q_hop_000210,greedy_fas_copeland,qrels_flip,synthetic corruption: qrels-derived edges with flip_prob=0.15,10,21,0.233333,5,6,True,1,6,2.0,2,4.0,3.0,4,3,10,ndcg_at_k,4.0,4,0.911111,0.911111,1.0,1.0,0.3,1.0,1.0,6.9e-05,4.7e-05,1.3e-05,0.000475,1.6e-05,0.000674,0.004644
hotpotqa,q_hop_000210,greedy_fas_score_augmented_topological,qrels_flip,synthetic corruption: qrels-derived edges with flip_prob=0.15,10,21,0.233333,5,6,True,1,6,2.0,2,4.0,3.0,4,3,10,ndcg_at_k,1.0,1,0.288889,0.288889,0.88546,0.755556,0.3,1.0,0.857143,6.9e-05,4.7e-05,1.3e-05,0.000475,2.3e-05,0.000674,0.004644
hotpotqa,q_hop_000210,fas_balance_score_prior_alpha_beta,qrels_flip,synthetic corruption: qrels-derived edges with flip_prob=0.15,10,21,0.233333,5,6,True,1,6,2.0,2,4.0,3.0,4,3,10,ndcg_at_k,4.0,4,0.911111,0.911111,1.0,1.0,0.3,1.0,1.0,6.9e-05,4.7e-05,1.3e-05,0.000475,3.2e-05,0.000674,0.004644
hotpotqa,q_hop_000210,hybrid_rrf_fas_regularized,qrels_flip,synthetic corruption: qrels-derived edges with flip_prob=0.15,10,21,0.233333,5,6,True,1,6,2.0,2,4.0,3.0,4,3,10,ndcg_at_k,4.0,4,0.911111,0.911111,1.0,1.0,0.3,1.0,1.0,6.9e-05,4.7e-05,1.3e-05,0.000475,2.4e-05,0.000674,0.004644
hotpotqa,q_hop_000210,hybrid_rrf_balance_a05,qrels_flip,synthetic corruption: qrels-derived edges with flip_prob=0.15,10,21,0.233333,5,6,True,1,6,2.0,2,4.0,3.0,4,3,10,ndcg_at_k,4.0,4,0.911111,0.911111,1.0,1.0,0.3,1.0,1.0,6.9e-05,4.7e-05,1.3e-05,0.000475,1.9e-05,0.000674,0.004644
hotpotqa,q_hop_000210,hybrid_rrf_copeland_a03,qrels_flip,synthetic corruption: qrels-derived edges with flip_prob=0.15,10,21,0.233333,5,6,True,1,6,2.0,2,4.0,3.0,4,3,10,ndcg_at_k,4.0,4,0.911111,0.911111,1.0,1.0,0.3,1.0,1.0,6.9e-05,4.7e-05,1.3e-05,0.000475,1.8e-05,0.000674,0.004644
hotpotqa,q_hop_000210,hybrid_rrf_priority_topo_a03,qrels_flip,synthetic corruption: qrels-derived edges with flip_prob=0.15,10,21,0.233333,5,6,True,1,6,2.0,2,4.0,3.0,4,3,10,ndcg_at_k,1.0,1,0.466667,0.466667,0.88546,0.755556,0.3,1.0,0.857143,6.9e-05,4.7e-05,1.3e-05,0.000475,3.5e-05,0.000674,0.004644
hotpotqa,q_hop_000251,score_sum,qrels_flip,synthetic corruption: qrels-derived edges with flip_prob=0.15,10,21,0.233333,6,5,True,1,5,1.0,1,3.0,2.0,3,2,10,ndcg_at_k,3.0,3,0.644444,0.644444,1.0,1.0,0.3,1.0,1.0,7.6e-05,0.000101,1.5e-05,0.000336,1.6e-05,0.000692,0.003366
hotpotqa,q_hop_000251,borda,qrels_flip,synthetic corruption: qrels-derived edges with flip_prob=0.15,10,21,0.233333,6,5,True,1,5,1.0,1,3.0,2.0,3,2,10,ndcg_at_k,3.0,3,0.644444,0.644444,1.0,1.0,0.3,1.0,1.0,7.6e-05,0.000101,1.5e-05,0.000336,1.1e-05,0.000692,0.003366
hotpotqa,q_hop_000251,pagerank,qrels_flip,synthetic corruption: qrels-derived edges with flip_prob=0.15,10,21,0.233333,6,5,True,1,5,1.0,1,3.0,2.0,3,2,10,ndcg_at_k,3.0,3,0.288889,0.288889,0.906025,0.805556,0.3,1.0,0.904762,7.6e-05,0.000101,1.5e-05,0.000336,0.0019,0.000692,0.003366
hotpotqa,q_hop_000251,greedy_fas_topological,qrels_flip,synthetic corruption: qrels-derived edges with flip_prob=0.15,10,21,0.233333,6,5,True,1,5,1.0,1,3.0,2.0,3,2,10,ndcg_at_k,1.0,1,0.155556,0.155556,0.946902,0.866667,0.3,1.0,0.904762,7.6e-05,0.000101,1.5e-05,0.000336,3.8e-05,0.000692,0.003366
hotpotqa,q_hop_000251,greedy_fas_weighted_balance,qrels_flip,synthetic corruption: qrels-derived edges with flip_prob=0.15,10,21,0.233333,6,5,True,1,5,1.0,1,3.0,2.0,3,2,10,ndcg_at_k,3.0,3,0.555556,0.555556,1.0,1.0,0.3,1.0,1.0,7.6e-05,0.000101,1.5e-05,0.000336,1.9e-05,0.000692,0.003366
hotpotqa,q_hop_000251,greedy_fas_copeland,qrels_flip,synthetic corruption: qrels-derived edges with flip_prob=0.15,10,21,0.233333,6,5,True,1,5,1.0,1,3.0,2.0,3,2,10,ndcg_at_k,3.0,3,0.555556,0.555556,1.0,1.0,0.3,1.0,1.0,7.6e-05,0.000101,1.5e-05,0.000336,1.6e-05,0.000692,0.003366
hotpotqa,q_hop_000251,greedy_fas_score_augmented_topological,qrels_flip,synthetic corruption: qrels-derived edges with flip_prob=0.15,10,21,0.233333,6,5,True,1,5,1.0,1,3.0,2.0,3,2,10,ndcg_at_k,1.0,1,-0.022222,-0.022222,0.946902,0.866667,0.3,1.0,0.904762,7.6e-05,0.000101,1.5e-05,0.000336,2.2e-05,0.000692,0.003366
hotpotqa,q_hop_000251,fas_balance_score_prior_alpha_beta,qrels_flip,synthetic corruption: qrels-derived edges with flip_prob=0.15,10,21,0.233333,6,5,True,1,5,1.0,1,3.0,2.0,3,2,10,ndcg_at_k,3.0,3,0.555556,0.555556,1.0,1.0,0.3,1.0,1.0,7.6e-05,0.000101,1.5e-05,0.000336,2.8e-05,0.000692,0.003366
hotpotqa,q_hop_000251,hybrid_rrf_fas_regularized,qrels_flip,synthetic corruption: qrels-derived edges with flip_prob=0.15,10,21,0.233333,6,5,True,1,5,1.0,1,3.0,2.0,3,2,10,ndcg_at_k,3.0,3,0.555556,0.555556,1.0,1.0,0.3,1.0,1.0,7.6e-05,0.000101,1.5e-05,0.000336,2.4e-05,0.000692,0.003366
hotpotqa,q_hop_000251,hybrid_rrf_balance_a05,qrels_flip,synthetic corruption: qrels-derived edges with flip_prob=0.15,10,21,0.233333,6,5,True,1,5,1.0,1,3.0,2.0,3,2,10,ndcg_at_k,3.0,3,0.555556,0.555556,1.0,1.0,0.3,1.0,1.0,7.6e-05,0.000101,1.5e-05,0.000336,1.9e-05,0.000692,0.003366
hotpotqa,q_hop_000251,hybrid_rrf_copeland_a03,qrels_flip,synthetic corruption: qrels-derived edges with flip_prob=0.15,10,21,0.233333,6,5,True,1,5,1.0,1,3.0,2.0,3,2,10,ndcg_at_k,3.0,3,0.555556,0.555556,1.0,1.0,0.3,1.0,1.0,7.6e-05,0.000101,1.5e-05,0.000336,1.8e-05,0.000692,0.003366
hotpotqa,q_hop_000251,hybrid_rrf_priority_topo_a03,qrels_flip,synthetic corruption: qrels-derived edges with flip_prob=0.15,10,21,0.233333,6,5,True,1,5,1.0,1,3.0,2.0,3,2,10,ndcg_at_k,1.0,1,0.155556,0.155556,0.946902,0.866667,0.3,1.0,0.904762,7.6e-05,0.000101,1.5e-05,0.000336,3.5e-05,0.000692,0.003366
hotpotqa,q_hop_000443,score_sum,qrels_flip,synthetic corruption: qrels-derived edges with flip_prob=0.15,10,16,0.177778,10,1,False,0,0,0,0,1.0,1.0,1,1,10,ndcg_at_k,1.0,1,0.688889,0.688889,1.0,1.0,0.2,1.0,1.0,7.6e-05,3.7e-05,1.7e-05,0.000246,1.5e-05,0.000631,0.003167
hotpotqa,q_hop_000443,borda,qrels_flip,synthetic corruption: qrels-derived edges with flip_prob=0.15,10,16,0.177778,10,1,False,0,0,0,0,1.0,1.0,1,1,10,ndcg_at_k,1.0,1,0.688889,0.688889,1.0,1.0,0.2,1.0,1.0,7.6e-05,3.7e-05,1.7e-05,0.000246,1.2e-05,0.000631,0.003167
hotpotqa,q_hop_000443,pagerank,qrels_flip,synthetic corruption: qrels-derived edges with flip_prob=0.15,10,16,0.177778,10,1,False,0,0,0,0,1.0,1.0,1,1,10,ndcg_at_k,0.0,0,0.066667,0.066667,0.919721,0.833333,0.2,1.0,0.9375,7.6e-05,3.7e-05,1.7e-05,0.000246,0.00192,0.000631,0.003167
hotpotqa,q_hop_000443,greedy_fas_topological,qrels_flip,synthetic corruption: qrels-derived edges with flip_prob=0.15,10,16,0.177778,10,1,False,0,0,0,0,1.0,1.0,1,1,10,ndcg_at_k,0.0,0,0.066667,0.066667,0.919721,0.833333,0.2,1.0,0.9375,7.6e-05,3.7e-05,1.7e-05,0.000246,3.7e-05,0.000631,0.003167
hotpotqa,q_hop_000443,greedy_fas_weighted_balance,qrels_flip,synthetic corruption: qrels-derived edges with flip_prob=0.15,10,16,0.177778,10,1,False,0,0,0,0,1.0,1.0,1,1,10,ndcg_at_k,1.0,1,0.688889,0.688889,1.0,1.0,0.2,1.0,1.0,7.6e-05,3.7e-05,1.7e-05,0.000246,1.8e-05,0.000631,0.003167
hotpotqa,q_hop_000443,greedy_fas_copeland,qrels_flip,synthetic corruption: qrels-derived edges with flip_prob=0.15,10,16,0.177778,10,1,False,0,0,0,0,1.0,1.0,1,1,10,ndcg_at_k,1.0,1,0.688889,0.688889,1.0,1.0,0.2,1.0,1.0,7.6e-05,3.7e-05,1.7e-05,0.000246,1.6e-05,0.000631,0.003167
hotpotqa,q_hop_000443,greedy_fas_score_augmented_topological,qrels_flip,synthetic corruption: qrels-derived edges with flip_prob=0.15,10,16,0.177778,10,1,False,0,0,0,0,1.0,1.0,1,1,10,ndcg_at_k,0.0,0,-0.288889,-0.288889,0.919721,0.833333,0.2,1.0,0.9375,7.6e-05,3.7e-05,1.7e-05,0.000246,2.2e-05,0.000631,0.003167
hotpotqa,q_hop_000443,fas_balance_score_prior_alpha_beta,qrels_flip,synthetic corruption: qrels-derived edges with flip_prob=0.15,10,16,0.177778,10,1,False,0,0,0,0,1.0,1.0,1,1,10,ndcg_at_k,1.0,1,0.688889,0.688889,1.0,1.0,0.2,1.0,1.0,7.6e-05,3.7e-05,1.7e-05,0.000246,2.8e-05,0.000631,0.003167
hotpotqa,q_hop_000443,hybrid_rrf_fas_regularized,qrels_flip,synthetic corruption: qrels-derived edges with flip_prob=0.15,10,16,0.177778,10,1,False,0,0,0,0,1.0,1.0,1,1,10,ndcg_at_k,1.0,1,0.688889,0.688889,1.0,1.0,0.2,1.0,1.0,7.6e-05,3.7e-05,1.7e-05,0.000246,2.2e-05,0.000631,0.003167
hotpotqa,q_hop_000443,hybrid_rrf_balance_a05,qrels_flip,synthetic corruption: qrels-derived edges with flip_prob=0.15,10,16,0.177778,10,1,False,0,0,0,0,1.0,1.0,1,1,10,ndcg_at_k,1.0,1,0.688889,0.688889,1.0,1.0,0.2,1.0,1.0,7.6e-05,3.7e-05,1.7e-05,0.000246,1.8e-05,0.000631,0.003167
hotpotqa,q_hop_000443,hybrid_rrf_copeland_a03,qrels_flip,synthetic corruption: qrels-derived edges with flip_prob=0.15,10,16,0.177778,10,1,False,0,0,0,0,1.0,1.0,1,1,10,ndcg_at_k,1.0,1,0.688889,0.688889,1.0,1.0,0.2,1.0,1.0,7.6e-05,3.7e-05,1.7e-05,0.000246,1.8e-05,0.000631,0.003167
hotpotqa,q_hop_000443,hybrid_rrf_priority_topo_a03,qrels_flip,synthetic corruption: qrels-derived edges with flip_prob=0.15,10,16,0.177778,10,1,False,0,0,0,0,1.0,1.0,1,1,10,ndcg_at_k,0.0,0,-0.288889,-0.288889,0.919721,0.833333,0.2,1.0,0.9375,7.6e-05,3.7e-05,1.7e-05,0.000246,3.4e-05,0.000631,0.003167
hotpotqa,q_hop_000320,score_sum,qrels_flip,synthetic corruption: qrels-derived edges with flip_prob=0.15,10,21,0.233333,7,4,True,1,4,1.0,1,2.0,2.0,2,2,10,ndcg_at_k,2.0,2,0.733333,0.733333,1.0,1.0,0.3,1.0,1.0,7.5e-05,4.9e-05,1.6e-05,0.000384,1.7e-05,0.000701,0.004013
hotpotqa,q_hop_000320,borda,qrels_flip,synthetic corruption: qrels-derived edges with flip_prob=0.15,10,21,0.233333,7,4,True,1,4,1.0,1,2.0,2.0,2,2,10,ndcg_at_k,2.0,2,0.733333,0.733333,1.0,1.0,0.3,1.0,1.0,7.5e-05,4.9e-05,1.6e-05,0.000384,1.1e-05,0.000701,0.004013
hotpotqa,q_hop_000320,pagerank,qrels_flip,synthetic corruption: qrels-derived edges with flip_prob=0.15,10,21,0.233333,7,4,True,1,4,1.0,1,2.0,2.0,2,2,10,ndcg_at_k,2.0,2,0.155556,0.155556,0.852928,0.7,0.3,1.0,0.809524,7.5e-05,4.9e-05,1.6e-05,0.000384,0.001878,0.000701,0.004013
hotpotqa,q_hop_000320,greedy_fas_topological,qrels_flip,synthetic corruption: qrels-derived edges with flip_prob=0.15,10,21,0.233333,7,4,True,1,4,1.0,1,2.0,2.0,2,2,10,ndcg_at_k,1.0,1,0.155556,0.155556,0.88546,0.755556,0.3,1.0,0.857143,7.5e-05,4.9e-05,1.6e-05,0.000384,5.6e-05,0.000701,0.004013
hotpotqa,q_hop_000320,greedy_fas_weighted_balance,qrels_flip,synthetic corruption: qrels-derived edges with flip_prob=0.15,10,21,0.233333,7,4,True,1,4,1.0,1,2.0,2.0,2,2,10,ndcg_at_k,2.0,2,0.688889,0.688889,1.0,1.0,0.3,1.0,1.0,7.5e-05,4.9e-05,1.6e-05,0.000384,2e-05,0.000701,0.004013
hotpotqa,q_hop_000320,greedy_fas_copeland,qrels_flip,synthetic corruption: qrels-derived edges with flip_prob=0.15,10,21,0.233333,7,4,True,1,4,1.0,1,2.0,2.0,2,2,10,ndcg_at_k,2.0,2,0.688889,0.688889,1.0,1.0,0.3,1.0,1.0,7.5e-05,4.9e-05,1.6e-05,0.000384,1.7e-05,0.000701,0.004013
hotpotqa,q_hop_000320,greedy_fas_score_augmented_topological,qrels_flip,synthetic corruption: qrels-derived edges with flip_prob=0.15,10,21,0.233333,7,4,True,1,4,1.0,1,2.0,2.0,2,2,10,ndcg_at_k,1.0,1,0.111111,0.111111,0.88546,0.755556,0.3,1.0,0.857143,7.5e-05,4.9e-05,1.6e-05,0.000384,2.3e-05,0.000701,0.004013
hotpotqa,q_hop_000320,fas_balance_score_prior_alpha_beta,qrels_flip,synthetic corruption: qrels-derived edges with flip_prob=0.15,10,21,0.233333,7,4,True,1,4,1.0,1,2.0,2.0,2,2,10,ndcg_at_k,2.0,2,0.688889,0.688889,1.0,1.0,0.3,1.0,1.0,7.5e-05,4.9e-05,1.6e-05,0.000384,2.9e-05,0.000701,0.004013
hotpotqa,q_hop_000320,hybrid_rrf_fas_regularized,qrels_flip,synthetic corruption: qrels-derived edges with flip_prob=0.15,10,21,0.233333,7,4,True,1,4,1.0,1,2.0,2.0,2,2,10,ndcg_at_k,2.0,2,0.688889,0.688889,1.0,1.0,0.3,1.0,1.0,7.5e-05,4.9e-05,1.6e-05,0.000384,2.4e-05,0.000701,0.004013
hotpotqa,q_hop_000320,hybrid_rrf_balance_a05,qrels_flip,synthetic corruption: qrels-derived edges with flip_prob=0.15,10,21,0.233333,7,4,True,1,4,1.0,1,2.0,2.0,2,2,10,ndcg_at_k,2.0,2,0.688889,0.688889,1.0,1.0,0.3,1.0,1.0,7.5e-05,4.9e-05,1.6e-05,0.000384,2.5e-05,0.000701,0.004013
hotpotqa,q_hop_000320,hybrid_rrf_copeland_a03,qrels_flip,synthetic corruption: qrels-derived edges with flip_prob=0.15,10,21,0.233333,7,4,True,1,4,1.0,1,2.0,2.0,2,2,10,ndcg_at_k,2.0,2,0.688889,0.688889,1.0,1.0,0.3,1.0,1.0,7.5e-05,4.9e-05,1.6e-05,0.000384,1.9e-05,0.000701,0.004013
hotpotqa,q_hop_000320,hybrid_rrf_priority_topo_a03,qrels_flip,synthetic corruption: qrels-derived edges with flip_prob=0.15,10,21,0.233333,7,4,True,1,4,1.0,1,2.0,2.0,2,2,10,ndcg_at_k,1.0,1,0.111111,0.111111,0.88546,0.755556,0.3,1.0,0.857143,7.5e-05,4.9e-05,1.6e-05,0.000384,0.000669,0.000701,0.004013
hotpotqa,q_hop_000289,score_sum,qrels_flip,synthetic corruption: qrels-derived edges with flip_prob=0.15,10,21,0.233333,10,1,False,0,0,0,0,2.0,2.0,2,2,10,ndcg_at_k,2.0,2,0.733333,0.733333,1.0,1.0,0.3,1.0,1.0,9.2e-05,4.4e-05,1.8e-05,0.000317,1.5e-05,0.000701,0.002945
hotpotqa,q_hop_000289,borda,qrels_flip,synthetic corruption: qrels-derived edges with flip_prob=0.15,10,21,0.233333,10,1,False,0,0,0,0,2.0,2.0,2,2,10,ndcg_at_k,2.0,2,0.733333,0.733333,1.0,1.0,0.3,1.0,1.0,9.2e-05,4.4e-05,1.8e-05,0.000317,1.1e-05,0.000701,0.002945
hotpotqa,q_hop_000289,pagerank,qrels_flip,synthetic corruption: qrels-derived edges with flip_prob=0.15,10,21,0.233333,10,1,False,0,0,0,0,2.0,2.0,2,2,10,ndcg_at_k,2.0,2,0.377778,0.377778,1.0,1.0,0.3,1.0,1.0,9.2e-05,4.4e-05,1.8e-05,0.000317,0.001521,0.000701,0.002945
hotpotqa,q_hop_000289,greedy_fas_topological,qrels_flip,synthetic corruption: qrels-derived edges with flip_prob=0.15,10,21,0.233333,10,1,False,0,0,0,0,2.0,2.0,2,2,10,ndcg_at_k,0.0,0,0.288889,0.288889,0.946902,0.866667,0.3,1.0,0.904762,9.2e-05,4.4e-05,1.8e-05,0.000317,3.9e-05,0.000701,0.002945
hotpotqa,q_hop_000289,greedy_fas_weighted_balance,qrels_flip,synthetic corruption: qrels-derived edges with flip_prob=0.15,10,21,0.233333,10,1,False,0,0,0,0,2.0,2.0,2,2,10,ndcg_at_k,2.0,2,0.733333,0.733333,1.0,1.0,0.3,1.0,1.0,9.2e-05,4.4e-05,1.8e-05,0.000317,1.9e-05,0.000701,0.002945
hotpotqa,q_hop_000289,greedy_fas_copeland,qrels_flip,synthetic corruption: qrels-derived edges with flip_prob=0.15,10,21,0.233333,10,1,False,0,0,0,0,2.0,2.0,2,2,10,ndcg_at_k,2.0,2,0.733333,0.733333,1.0,1.0,0.3,1.0,1.0,9.2e-05,4.4e-05,1.8e-05,0.000317,1.6e-05,0.000701,0.002945
hotpotqa,q_hop_000289,greedy_fas_score_augmented_topological,qrels_flip,synthetic corruption: qrels-derived edges with flip_prob=0.15,10,21,0.233333,10,1,False,0,0,0,0,2.0,2.0,2,2,10,ndcg_at_k,0.0,0,0.111111,0.111111,0.946902,0.866667,0.3,1.0,0.904762,9.2e-05,4.4e-05,1.8e-05,0.000317,2.3e-05,0.000701,0.002945
hotpotqa,q_hop_000289,fas_balance_score_prior_alpha_beta,qrels_flip,synthetic corruption: qrels-derived edges with flip_prob=0.15,10,21,0.233333,10,1,False,0,0,0,0,2.0,2.0,2,2,10,ndcg_at_k,2.0,2,0.733333,0.733333,1.0,1.0,0.3,1.0,1.0,9.2e-05,4.4e-05,1.8e-05,0.000317,3.1e-05,0.000701,0.002945
hotpotqa,q_hop_000289,hybrid_rrf_fas_regularized,qrels_flip,synthetic corruption: qrels-derived edges with flip_prob=0.15,10,21,0.233333,10,1,False,0,0,0,0,2.0,2.0,2,2,10,ndcg_at_k,2.0,2,0.733333,0.733333,1.0,1.0,0.3,1.0,1.0,9.2e-05,4.4e-05,1.8e-05,0.000317,2.4e-05,0.000701,0.002945
hotpotqa,q_hop_000289,hybrid_rrf_balance_a05,qrels_flip,synthetic corruption: qrels-derived edges with flip_prob=0.15,10,21,0.233333,10,1,False,0,0,0,0,2.0,2.0,2,2,10,ndcg_at_k,2.0,2,0.733333,0.733333,1.0,1.0,0.3,1.0,1.0,9.2e-05,4.4e-05,1.8e-05,0.000317,2e-05,0.000701,0.002945
hotpotqa,q_hop_000289,hybrid_rrf_copeland_a03,qrels_flip,synthetic corruption: qrels-derived edges with flip_prob=0.15,10,21,0.233333,10,1,False,0,0,0,0,2.0,2.0,2,2,10,ndcg_at_k,2.0,2,0.733333,0.733333,1.0,1.0,0.3,1.0,1.0,9.2e-05,4.4e-05,1.8e-05,0.000317,1.8e-05,0.000701,0.002945
hotpotqa,q_hop_000289,hybrid_rrf_priority_topo_a03,qrels_flip,synthetic corruption: qrels-derived edges with flip_prob=0.15,10,21,0.233333,10,1,False,0,0,0,0,2.0,2.0,2,2,10,ndcg_at_k,0.0,0,0.111111,0.111111,0.946902,0.866667,0.3,1.0,0.904762,9.2e-05,4.4e-05,1.8e-05,0.000317,3.6e-05,0.000701,0.002945
hotpotqa,q_hop_000389,score_sum,qrels_flip,synthetic corruption: qrels-derived edges with flip_prob=0.15,10,16,0.177778,6,5,True,1,5,1.0,1,3.0,3.0,3,3,10,ndcg_at_k,3.0,3,0.733333,0.733333,1.0,1.0,0.2,1.0,1.0,6.7e-05,3.9e-05,1.3e-05,0.000298,1.5e-05,0.000636,0.004409
hotpotqa,q_hop_000389,borda,qrels_flip,synthetic corruption: qrels-derived edges with flip_prob=0.15,10,16,0.177778,6,5,True,1,5,1.0,1,3.0,3.0,3,3,10,ndcg_at_k,3.0,3,0.733333,0.733333,1.0,1.0,0.2,1.0,1.0,6.7e-05,3.9e-05,1.3e-05,0.000298,1.2e-05,0.000636,0.004409
hotpotqa,q_hop_000389,pagerank,qrels_flip,synthetic corruption: qrels-derived edges with flip_prob=0.15,10,16,0.177778,6,5,True,1,5,1.0,1,3.0,3.0,3,3,10,ndcg_at_k,3.0,3,0.244444,0.244444,1.0,1.0,0.2,1.0,1.0,6.7e-05,3.9e-05,1.3e-05,0.000298,0.003104,0.000636,0.004409
hotpotqa,q_hop_000389,greedy_fas_topological,qrels_flip,synthetic corruption: qrels-derived edges with flip_prob=0.15,10,16,0.177778,6,5,True,1,5,1.0,1,3.0,3.0,3,3,10,ndcg_at_k,1.0,1,0.066667,0.066667,0.624051,0.45,0.2,1.0,0.75,6.7e-05,3.9e-05,1.3e-05,0.000298,4e-05,0.000636,0.004409
hotpotqa,q_hop_000389,greedy_fas_weighted_balance,qrels_flip,synthetic corruption: qrels-derived edges with flip_prob=0.15,10,16,0.177778,6,5,True,1,5,1.0,1,3.0,3.0,3,3,10,ndcg_at_k,3.0,3,0.644444,0.644444,1.0,1.0,0.2,1.0,1.0,6.7e-05,3.9e-05,1.3e-05,0.000298,1.9e-05,0.000636,0.004409
hotpotqa,q_hop_000389,greedy_fas_copeland,qrels_flip,synthetic corruption: qrels-derived edges with flip_prob=0.15,10,16,0.177778,6,5,True,1,5,1.0,1,3.0,3.0,3,3,10,ndcg_at_k,3.0,3,0.644444,0.644444,1.0,1.0,0.2,1.0,1.0,6.7e-05,3.9e-05,1.3e-05,0.000298,1.7e-05,0.000636,0.004409
hotpotqa,q_hop_000389,greedy_fas_score_augmented_topological,qrels_flip,synthetic corruption: qrels-derived edges with flip_prob=0.15,10,16,0.177778,6,5,True,1,5,1.0,1,3.0,3.0,3,3,10,ndcg_at_k,1.0,1,-0.022222,-0.022222,0.624051,0.45,0.2,1.0,0.75,6.7e-05,3.9e-05,1.3e-05,0.000298,2.2e-05,0.000636,0.004409
hotpotqa,q_hop_000389,fas_balance_score_prior_alpha_beta,qrels_flip,synthetic corruption: qrels-derived edges with flip_prob=0.15,10,16,0.177778,6,5,True,1,5,1.0,1,3.0,3.0,3,3,10,ndcg_at_k,3.0,3,0.644444,0.644444,1.0,1.0,0.2,1.0,1.0,6.7e-05,3.9e-05,1.3e-05,0.000298,2.8e-05,0.000636,0.004409
hotpotqa,q_hop_000389,hybrid_rrf_fas_regularized,qrels_flip,synthetic corruption: qrels-derived edges with flip_prob=0.15,10,16,0.177778,6,5,True,1,5,1.0,1,3.0,3.0,3,3,10,ndcg_at_k,3.0,3,0.644444,0.644444,1.0,1.0,0.2,1.0,1.0,6.7e-05,3.9e-05,1.3e-05,0.000298,2.4e-05,0.000636,0.004409
hotpotqa,q_hop_000389,hybrid_rrf_balance_a05,qrels_flip,synthetic corruption: qrels-derived edges with flip_prob=0.15,10,16,0.177778,6,5,True,1,5,1.0,1,3.0,3.0,3,3,10,ndcg_at_k,3.0,3,0.644444,0.644444,1.0,1.0,0.2,1.0,1.0,6.7e-05,3.9e-05,1.3e-05,0.000298,2e-05,0.000636,0.004409
hotpotqa,q_hop_000389,hybrid_rrf_copeland_a03,qrels_flip,synthetic corruption: qrels-derived edges with flip_prob=0.15,10,16,0.177778,6,5,True,1,5,1.0,1,3.0,3.0,3,3,10,ndcg_at_k,3.0,3,0.644444,0.644444,1.0,1.0,0.2,1.0,1.0,6.7e-05,3.9e-05,1.3e-05,0.000298,1.9e-05,0.000636,0.004409
hotpotqa,q_hop_000389,hybrid_rrf_priority_topo_a03,qrels_flip,synthetic corruption: qrels-derived edges with flip_prob=0.15,10,16,0.177778,6,5,True,1,5,1.0,1,3.0,3.0,3,3,10,ndcg_at_k,1.0,1,-0.022222,-0.022222,0.624051,0.45,0.2,1.0,0.75,6.7e-05,3.9e-05,1.3e-05,0.000298,3.6e-05,0.000636,0.004409
hotpotqa,q_hop_000007,score_sum,qrels_flip,synthetic corruption: qrels-derived edges with flip_prob=0.15,10,16,0.177778,10,1,False,0,0,0,0,3.0,3.0,3,3,10,ndcg_at_k,3.0,3,0.644444,0.644444,1.0,1.0,0.2,1.0,1.0,6.7e-05,3.7e-05,1.9e-05,0.000395,1.4e-05,0.00067,0.003269
hotpotqa,q_hop_000007,borda,qrels_flip,synthetic corruption: qrels-derived edges with flip_prob=0.15,10,16,0.177778,10,1,False,0,0,0,0,3.0,3.0,3,3,10,ndcg_at_k,3.0,3,0.644444,0.644444,1.0,1.0,0.2,1.0,1.0,6.7e-05,3.7e-05,1.9e-05,0.000395,1.3e-05,0.00067,0.003269
hotpotqa,q_hop_000007,pagerank,qrels_flip,synthetic corruption: qrels-derived edges with flip_prob=0.15,10,16,0.177778,10,1,False,0,0,0,0,3.0,3.0,3,3,10,ndcg_at_k,3.0,3,0.244444,0.244444,1.0,1.0,0.2,1.0,1.0,6.7e-05,3.7e-05,1.9e-05,0.000395,0.001786,0.00067,0.003269
hotpotqa,q_hop_000007,greedy_fas_topological,qrels_flip,synthetic corruption: qrels-derived edges with flip_prob=0.15,10,16,0.177778,10,1,False,0,0,0,0,3.0,3.0,3,3,10,ndcg_at_k,0.0,0,0.111111,0.111111,0.850345,0.7,0.2,1.0,0.8125,6.7e-05,3.7e-05,1.9e-05,0.000395,3.7e-05,0.00067,0.003269
hotpotqa,q_hop_000007,greedy_fas_weighted_balance,qrels_flip,synthetic corruption: qrels-derived edges with flip_prob=0.15,10,16,0.177778,10,1,False,0,0,0,0,3.0,3.0,3,3,10,ndcg_at_k,3.0,3,0.644444,0.644444,1.0,1.0,0.2,1.0,1.0,6.7e-05,3.7e-05,1.9e-05,0.000395,1.9e-05,0.00067,0.003269
hotpotqa,q_hop_000007,greedy_fas_copeland,qrels_flip,synthetic corruption: qrels-derived edges with flip_prob=0.15,10,16,0.177778,10,1,False,0,0,0,0,3.0,3.0,3,3,10,ndcg_at_k,3.0,3,0.644444,0.644444,1.0,1.0,0.2,1.0,1.0,6.7e-05,3.7e-05,1.9e-05,0.000395,1.6e-05,0.00067,0.003269
hotpotqa,q_hop_000007,greedy_fas_score_augmented_topological,qrels_flip,synthetic corruption: qrels-derived edges with flip_prob=0.15,10,16,0.177778,10,1,False,0,0,0,0,3.0,3.0,3,3,10,ndcg_at_k,0.0,0,-0.066667,-0.066667,0.850345,0.7,0.2,1.0,0.8125,6.7e-05,3.7e-05,1.9e-05,0.000395,4.8e-05,0.00067,0.003269
hotpotqa,q_hop_000007,fas_balance_score_prior_alpha_beta,qrels_flip,synthetic corruption: qrels-derived edges with flip_prob=0.15,10,16,0.177778,10,1,False,0,0,0,0,3.0,3.0,3,3,10,ndcg_at_k,3.0,3,0.644444,0.644444,1.0,1.0,0.2,1.0,1.0,6.7e-05,3.7e-05,1.9e-05,0.000395,2.8e-05,0.00067,0.003269
hotpotqa,q_hop_000007,hybrid_rrf_fas_regularized,qrels_flip,synthetic corruption: qrels-derived edges with flip_prob=0.15,10,16,0.177778,10,1,False,0,0,0,0,3.0,3.0,3,3,10,ndcg_at_k,3.0,3,0.644444,0.644444,1.0,1.0,0.2,1.0,1.0,6.7e-05,3.7e-05,1.9e-05,0.000395,4.1e-05,0.00067,0.003269
hotpotqa,q_hop_000007,hybrid_rrf_balance_a05,qrels_flip,synthetic corruption: qrels-derived edges with flip_prob=0.15,10,16,0.177778,10,1,False,0,0,0,0,3.0,3.0,3,3,10,ndcg_at_k,3.0,3,0.644444,0.644444,1.0,1.0,0.2,1.0,1.0,6.7e-05,3.7e-05,1.9e-05,0.000395,2.4e-05,0.00067,0.003269
hotpotqa,q_hop_000007,hybrid_rrf_copeland_a03,qrels_flip,synthetic corruption: qrels-derived edges with flip_prob=0.15,10,16,0.177778,10,1,False,0,0,0,0,3.0,3.0,3,3,10,ndcg_at_k,3.0,3,0.644444,0.644444,1.0,1.0,0.2,1.0,1.0,6.7e-05,3.7e-05,1.9e-05,0.000395,1.9e-05,0.00067,0.003269
hotpotqa,q_hop_000007,hybrid_rrf_priority_topo_a03,qrels_flip,synthetic corruption: qrels-derived edges with flip_prob=0.15,10,16,0.177778,10,1,False,0,0,0,0,3.0,3.0,3,3,10,ndcg_at_k,0.0,0,-0.066667,-0.066667,0.850345,0.7,0.2,1.0,0.8125,6.7e-05,3.7e-05,1.9e-05,0.000395,3.6e-05,0.00067,0.003269
hotpotqa,q_hop_000462,score_sum,qrels_flip,synthetic corruption: qrels-derived edges with flip_prob=0.15,10,21,0.233333,5,6,True,1,6,2.0,2,4.0,3.0,4,3,10,ndcg_at_k,4.0,4,0.644444,0.644444,1.0,1.0,0.3,1.0,1.0,8.1e-05,4.4e-05,1.3e-05,0.000497,1.6e-05,0.000658,0.004552
hotpotqa,q_hop_000462,borda,qrels_flip,synthetic corruption: qrels-derived edges with flip_prob=0.15,10,21,0.233333,5,6,True,1,6,2.0,2,4.0,3.0,4,3,10,ndcg_at_k,4.0,4,0.644444,0.644444,1.0,1.0,0.3,1.0,1.0,8.1e-05,4.4e-05,1.3e-05,0.000497,1.1e-05,0.000658,0.004552
hotpotqa,q_hop_000462,pagerank,qrels_flip,synthetic corruption: qrels-derived edges with flip_prob=0.15,10,21,0.233333,5,6,True,1,6,2.0,2,4.0,3.0,4,3,10,ndcg_at_k,4.0,4,0.377778,0.377778,0.852928,0.7,0.3,1.0,0.809524,8.1e-05,4.4e-05,1.3e-05,0.000497,0.003016,0.000658,0.004552
hotpotqa,q_hop_000462,greedy_fas_topological,qrels_flip,synthetic corruption: qrels-derived edges with flip_prob=0.15,10,21,0.233333,5,6,True,1,6,2.0,2,4.0,3.0,4,3,10,ndcg_at_k,2.0,2,0.288889,0.288889,0.871079,0.722222,0.3,1.0,0.809524,8.1e-05,4.4e-05,1.3e-05,0.000497,3.8e-05,0.000658,0.004552
hotpotqa,q_hop_000462,greedy_fas_weighted_balance,qrels_flip,synthetic corruption: qrels-derived edges with flip_prob=0.15,10,21,0.233333,5,6,True,1,6,2.0,2,4.0,3.0,4,3,10,ndcg_at_k,4.0,4,0.644444,0.644444,1.0,1.0,0.3,1.0,1.0,8.1e-05,4.4e-05,1.3e-05,0.000497,1.8e-05,0.000658,0.004552
hotpotqa,q_hop_000462,greedy_fas_copeland,qrels_flip,synthetic corruption: qrels-derived edges with flip_prob=0.15,10,21,0.233333,5,6,True,1,6,2.0,2,4.0,3.0,4,3,10,ndcg_at_k,4.0,4,0.644444,0.644444,1.0,1.0,0.3,1.0,1.0,8.1e-05,4.4e-05,1.3e-05,0.000497,1.6e-05,0.000658,0.004552
hotpotqa,q_hop_000462,greedy_fas_score_augmented_topological,qrels_flip,synthetic corruption: qrels-derived edges with flip_prob=0.15,10,21,0.233333,5,6,True,1,6,2.0,2,4.0,3.0,4,3,10,ndcg_at_k,2.0,2,0.155556,0.155556,0.871079,0.722222,0.3,1.0,0.809524,8.1e-05,4.4e-05,1.3e-05,0.000497,2.1e-05,0.000658,0.004552
hotpotqa,q_hop_000462,fas_balance_score_prior_alpha_beta,qrels_flip,synthetic corruption: qrels-derived edges with flip_prob=0.15,10,21,0.233333,5,6,True,1,6,2.0,2,4.0,3.0,4,3,10,ndcg_at_k,4.0,4,0.6,0.6,1.0,1.0,0.3,1.0,1.0,8.1e-05,4.4e-05,1.3e-05,0.000497,2.8e-05,0.000658,0.004552
hotpotqa,q_hop_000462,hybrid_rrf_fas_regularized,qrels_flip,synthetic corruption: qrels-derived edges with flip_prob=0.15,10,21,0.233333,5,6,True,1,6,2.0,2,4.0,3.0,4,3,10,ndcg_at_k,4.0,4,0.644444,0.644444,1.0,1.0,0.3,1.0,1.0,8.1e-05,4.4e-05,1.3e-05,0.000497,2.3e-05,0.000658,0.004552
hotpotqa,q_hop_000462,hybrid_rrf_balance_a05,qrels_flip,synthetic corruption: qrels-derived edges with flip_prob=0.15,10,21,0.233333,5,6,True,1,6,2.0,2,4.0,3.0,4,3,10,ndcg_at_k,4.0,4,0.644444,0.644444,1.0,1.0,0.3,1.0,1.0,8.1e-05,4.4e-05,1.3e-05,0.000497,1.9e-05,0.000658,0.004552
hotpotqa,q_hop_000462,hybrid_rrf_copeland_a03,qrels_flip,synthetic corruption: qrels-derived edges with flip_prob=0.15,10,21,0.233333,5,6,True,1,6,2.0,2,4.0,3.0,4,3,10,ndcg_at_k,4.0,4,0.644444,0.644444,1.0,1.0,0.3,1.0,1.0,8.1e-05,4.4e-05,1.3e-05,0.000497,1.8e-05,0.000658,0.004552
hotpotqa,q_hop_000462,hybrid_rrf_priority_topo_a03,qrels_flip,synthetic corruption: qrels-derived edges with flip_prob=0.15,10,21,0.233333,5,6,True,1,6,2.0,2,4.0,3.0,4,3,10,ndcg_at_k,2.0,2,0.2,0.2,0.871079,0.722222,0.3,1.0,0.809524,8.1e-05,4.4e-05,1.3e-05,0.000497,3.5e-05,0.000658,0.004552
hotpotqa,q_hop_000249,score_sum,qrels_flip,synthetic corruption: qrels-derived edges with flip_prob=0.15,10,21,0.233333,10,1,False,0,0,0,0,4.0,4.0,4,4,10,ndcg_at_k,4.0,4,0.466667,0.466667,1.0,1.0,0.3,1.0,1.0,7.5e-05,4.7e-05,2e-05,0.000316,1.6e-05,0.000659,0.002987
hotpotqa,q_hop_000249,borda,qrels_flip,synthetic corruption: qrels-derived edges with flip_prob=0.15,10,21,0.233333,10,1,False,0,0,0,0,4.0,4.0,4,4,10,ndcg_at_k,4.0,4,0.466667,0.466667,1.0,1.0,0.3,1.0,1.0,7.5e-05,4.7e-05,2e-05,0.000316,1.2e-05,0.000659,0.002987
hotpotqa,q_hop_000249,pagerank,qrels_flip,synthetic corruption: qrels-derived edges with flip_prob=0.15,10,21,0.233333,10,1,False,0,0,0,0,4.0,4.0,4,4,10,ndcg_at_k,2.0,2,0.155556,0.155556,0.906025,0.805556,0.3,1.0,0.904762,7.5e-05,4.7e-05,2e-05,0.000316,0.001615,0.000659,0.002987
hotpotqa,q_hop_000249,greedy_fas_topological,qrels_flip,synthetic corruption: qrels-derived edges with flip_prob=0.15,10,21,0.233333,10,1,False,0,0,0,0,4.0,4.0,4,4,10,ndcg_at_k,0.0,0,0.066667,0.066667,0.871079,0.722222,0.3,1.0,0.809524,7.5e-05,4.7e-05,2e-05,0.000316,4.1e-05,0.000659,0.002987
hotpotqa,q_hop_000249,greedy_fas_weighted_balance,qrels_flip,synthetic corruption: qrels-derived edges with flip_prob=0.15,10,21,0.233333,10,1,False,0,0,0,0,4.0,4.0,4,4,10,ndcg_at_k,4.0,4,0.466667,0.466667,1.0,1.0,0.3,1.0,1.0,7.5e-05,4.7e-05,2e-05,0.000316,2e-05,0.000659,0.002987
hotpotqa,q_hop_000249,greedy_fas_copeland,qrels_flip,synthetic corruption: qrels-derived edges with flip_prob=0.15,10,21,0.233333,10,1,False,0,0,0,0,4.0,4.0,4,4,10,ndcg_at_k,4.0,4,0.466667,0.466667,1.0,1.0,0.3,1.0,1.0,7.5e-05,4.7e-05,2e-05,0.000316,1.6e-05,0.000659,0.002987
hotpotqa,q_hop_000249,greedy_fas_score_augmented_topological,qrels_flip,synthetic corruption: qrels-derived edges with flip_prob=0.15,10,21,0.233333,10,1,False,0,0,0,0,4.0,4.0,4,4,10,ndcg_at_k,0.0,0,-0.022222,-0.022222,0.871079,0.722222,0.3,1.0,0.809524,7.5e-05,4.7e-05,2e-05,0.000316,2.2e-05,0.000659,0.002987
hotpotqa,q_hop_000249,fas_balance_score_prior_alpha_beta,qrels_flip,synthetic corruption: qrels-derived edges with flip_prob=0.15,10,21,0.233333,10,1,False,0,0,0,0,4.0,4.0,4,4,10,ndcg_at_k,4.0,4,0.466667,0.466667,1.0,1.0,0.3,1.0,1.0,7.5e-05,4.7e-05,2e-05,0.000316,3e-05,0.000659,0.002987
hotpotqa,q_hop_000249,hybrid_rrf_fas_regularized,qrels_flip,synthetic corruption: qrels-derived edges with flip_prob=0.15,10,21,0.233333,10,1,False,0,0,0,0,4.0,4.0,4,4,10,ndcg_at_k,4.0,4,0.466667,0.466667,1.0,1.0,0.3,1.0,1.0,7.5e-05,4.7e-05,2e-05,0.000316,2.4e-05,0.000659,0.002987
hotpotqa,q_hop_000249,hybrid_rrf_balance_a05,qrels_flip,synthetic corruption: qrels-derived edges with flip_prob=0.15,10,21,0.233333,10,1,False,0,0,0,0,4.0,4.0,4,4,10,ndcg_at_k,4.0,4,0.466667,0.466667,1.0,1.0,0.3,1.0,1.0,7.5e-05,4.7e-05,2e-05,0.000316,2e-05,0.000659,0.002987
hotpotqa,q_hop_000249,hybrid_rrf_copeland_a03,qrels_flip,synthetic corruption: qrels-derived edges with flip_prob=0.15,10,21,0.233333,10,1,False,0,0,0,0,4.0,4.0,4,4,10,ndcg_at_k,4.0,4,0.466667,0.466667,1.0,1.0,0.3,1.0,1.0,7.5e-05,4.7e-05,2e-05,0.000316,1.9e-05,0.000659,0.002987
hotpotqa,q_hop_000249,hybrid_rrf_priority_topo_a03,qrels_flip,synthetic corruption: qrels-derived edges with flip_prob=0.15,10,21,0.233333,10,1,False,0,0,0,0,4.0,4.0,4,4,10,ndcg_at_k,0.0,0,-0.022222,-0.022222,0.871079,0.722222,0.3,1.0,0.809524,7.5e-05,4.7e-05,2e-05,0.000316,3.5e-05,0.000659,0.002987
hotpotqa,q_hop_000228,score_sum,qrels_flip,synthetic corruption: qrels-derived edges with flip_prob=0.15,10,21,0.233333,5,6,True,1,6,2.0,2,4.0,2.0,4,2,10,ndcg_at_k,4.0,4,0.6,0.6,1.0,1.0,0.3,1.0,1.0,7.2e-05,4.7e-05,1.6e-05,0.00043,1.8e-05,0.000729,0.003412
hotpotqa,q_hop_000228,borda,qrels_flip,synthetic corruption: qrels-derived edges with flip_prob=0.15,10,21,0.233333,5,6,True,1,6,2.0,2,4.0,2.0,4,2,10,ndcg_at_k,4.0,4,0.6,0.6,1.0,1.0,0.3,1.0,1.0,7.2e-05,4.7e-05,1.6e-05,0.00043,1.3e-05,0.000729,0.003412
hotpotqa,q_hop_000228,pagerank,qrels_flip,synthetic corruption: qrels-derived edges with flip_prob=0.15,10,21,0.233333,5,6,True,1,6,2.0,2,4.0,2.0,4,2,10,ndcg_at_k,4.0,4,0.333333,0.333333,1.0,1.0,0.3,1.0,1.0,7.2e-05,4.7e-05,1.6e-05,0.00043,0.001856,0.000729,0.003412
hotpotqa,q_hop_000228,greedy_fas_topological,qrels_flip,synthetic corruption: qrels-derived edges with flip_prob=0.15,10,21,0.233333,5,6,True,1,6,2.0,2,4.0,2.0,4,2,10,ndcg_at_k,2.0,2,0.288889,0.288889,0.946902,0.866667,0.3,1.0,0.904762,7.2e-05,4.7e-05,1.6e-05,0.00043,4e-05,0.000729,0.003412
hotpotqa,q_hop_000228,greedy_fas_weighted_balance,qrels_flip,synthetic corruption: qrels-derived edges with flip_prob=0.15,10,21,0.233333,5,6,True,1,6,2.0,2,4.0,2.0,4,2,10,ndcg_at_k,4.0,4,0.511111,0.511111,1.0,1.0,0.3,1.0,1.0,7.2e-05,4.7e-05,1.6e-05,0.00043,1.9e-05,0.000729,0.003412
hotpotqa,q_hop_000228,greedy_fas_copeland,qrels_flip,synthetic corruption: qrels-derived edges with flip_prob=0.15,10,21,0.233333,5,6,True,1,6,2.0,2,4.0,2.0,4,2,10,ndcg_at_k,4.0,4,0.511111,0.511111,1.0,1.0,0.3,1.0,1.0,7.2e-05,4.7e-05,1.6e-05,0.00043,1.7e-05,0.000729,0.003412
hotpotqa,q_hop_000228,greedy_fas_score_augmented_topological,qrels_flip,synthetic corruption: qrels-derived edges with flip_prob=0.15,10,21,0.233333,5,6,True,1,6,2.0,2,4.0,2.0,4,2,10,ndcg_at_k,2.0,2,0.066667,0.066667,0.946902,0.866667,0.3,1.0,0.904762,7.2e-05,4.7e-05,1.6e-05,0.00043,2.4e-05,0.000729,0.003412
hotpotqa,q_hop_000228,fas_balance_score_prior_alpha_beta,qrels_flip,synthetic corruption: qrels-derived edges with flip_prob=0.15,10,21,0.233333,5,6,True,1,6,2.0,2,4.0,2.0,4,2,10,ndcg_at_k,4.0,4,0.511111,0.511111,1.0,1.0,0.3,1.0,1.0,7.2e-05,4.7e-05,1.6e-05,0.00043,2.9e-05,0.000729,0.003412
hotpotqa,q_hop_000228,hybrid_rrf_fas_regularized,qrels_flip,synthetic corruption: qrels-derived edges with flip_prob=0.15,10,21,0.233333,5,6,True,1,6,2.0,2,4.0,2.0,4,2,10,ndcg_at_k,4.0,4,0.511111,0.511111,1.0,1.0,0.3,1.0,1.0,7.2e-05,4.7e-05,1.6e-05,0.00043,2.5e-05,0.000729,0.003412
hotpotqa,q_hop_000228,hybrid_rrf_balance_a05,qrels_flip,synthetic corruption: qrels-derived edges with flip_prob=0.15,10,21,0.233333,5,6,True,1,6,2.0,2,4.0,2.0,4,2,10,ndcg_at_k,4.0,4,0.511111,0.511111,1.0,1.0,0.3,1.0,1.0,7.2e-05,4.7e-05,1.6e-05,0.00043,2e-05,0.000729,0.003412
hotpotqa,q_hop_000228,hybrid_rrf_copeland_a03,qrels_flip,synthetic corruption: qrels-derived edges with flip_prob=0.15,10,21,0.233333,5,6,True,1,6,2.0,2,4.0,2.0,4,2,10,ndcg_at_k,4.0,4,0.511111,0.511111,1.0,1.0,0.3,1.0,1.0,7.2e-05,4.7e-05,1.6e-05,0.00043,2e-05,0.000729,0.003412
hotpotqa,q_hop_000228,hybrid_rrf_priority_topo_a03,qrels_flip,synthetic corruption: qrels-derived edges with flip_prob=0.15,10,21,0.233333,5,6,True,1,6,2.0,2,4.0,2.0,4,2,10,ndcg_at_k,2.0,2,0.2,0.2,0.946902,0.866667,0.3,1.0,0.904762,7.2e-05,4.7e-05,1.6e-05,0.00043,3.7e-05,0.000729,0.003412
hotpotqa,q_hop_000245,score_sum,qrels_flip,synthetic corruption: qrels-derived edges with flip_prob=0.15,10,16,0.177778,7,4,True,1,4,1.0,1,2.0,2.0,2,2,10,ndcg_at_k,2.0,2,0.733333,0.733333,1.0,1.0,0.2,1.0,1.0,7e-05,3.9e-05,1.4e-05,0.00033,1.4e-05,0.000664,0.004461
hotpotqa,q_hop_000245,borda,qrels_flip,synthetic corruption: qrels-derived edges with flip_prob=0.15,10,16,0.177778,7,4,True,1,4,1.0,1,2.0,2.0,2,2,10,ndcg_at_k,2.0,2,0.733333,0.733333,1.0,1.0,0.2,1.0,1.0,7e-05,3.9e-05,1.4e-05,0.00033,1.2e-05,0.000664,0.004461
hotpotqa,q_hop_000245,pagerank,qrels_flip,synthetic corruption: qrels-derived edges with flip_prob=0.15,10,16,0.177778,7,4,True,1,4,1.0,1,2.0,2.0,2,2,10,ndcg_at_k,2.0,2,0.288889,0.288889,1.0,1.0,0.2,1.0,1.0,7e-05,3.9e-05,1.4e-05,0.00033,0.003093,0.000664,0.004461
hotpotqa,q_hop_000245,greedy_fas_topological,qrels_flip,synthetic corruption: qrels-derived edges with flip_prob=0.15,10,16,0.177778,7,4,True,1,4,1.0,1,2.0,2.0,2,2,10,ndcg_at_k,1.0,1,0.111111,0.111111,0.650921,0.5,0.2,1.0,0.8125,7e-05,3.9e-05,1.4e-05,0.00033,4e-05,0.000664,0.004461
hotpotqa,q_hop_000245,greedy_fas_weighted_balance,qrels_flip,synthetic corruption: qrels-derived edges with flip_prob=0.15,10,16,0.177778,7,4,True,1,4,1.0,1,2.0,2.0,2,2,10,ndcg_at_k,2.0,2,0.688889,0.688889,1.0,1.0,0.2,1.0,1.0,7e-05,3.9e-05,1.4e-05,0.00033,1.8e-05,0.000664,0.004461
hotpotqa,q_hop_000245,greedy_fas_copeland,qrels_flip,synthetic corruption: qrels-derived edges with flip_prob=0.15,10,16,0.177778,7,4,True,1,4,1.0,1,2.0,2.0,2,2,10,ndcg_at_k,2.0,2,0.688889,0.688889,1.0,1.0,0.2,1.0,1.0,7e-05,3.9e-05,1.4e-05,0.00033,1.9e-05,0.000664,0.004461
hotpotqa,q_hop_000245,greedy_fas_score_augmented_topological,qrels_flip,synthetic corruption: qrels-derived edges with flip_prob=0.15,10,16,0.177778,7,4,True,1,4,1.0,1,2.0,2.0,2,2,10,ndcg_at_k,1.0,1,-0.111111,-0.111111,0.650921,0.5,0.2,1.0,0.8125,7e-05,3.9e-05,1.4e-05,0.00033,2.3e-05,0.000664,0.004461
hotpotqa,q_hop_000245,fas_balance_score_prior_alpha_beta,qrels_flip,synthetic corruption: qrels-derived edges with flip_prob=0.15,10,16,0.177778,7,4,True,1,4,1.0,1,2.0,2.0,2,2,10,ndcg_at_k,2.0,2,0.688889,0.688889,1.0,1.0,0.2,1.0,1.0,7e-05,3.9e-05,1.4e-05,0.00033,3e-05,0.000664,0.004461
hotpotqa,q_hop_000245,hybrid_rrf_fas_regularized,qrels_flip,synthetic corruption: qrels-derived edges with flip_prob=0.15,10,16,0.177778,7,4,True,1,4,1.0,1,2.0,2.0,2,2,10,ndcg_at_k,2.0,2,0.688889,0.688889,1.0,1.0,0.2,1.0,1.0,7e-05,3.9e-05,1.4e-05,0.00033,2.3e-05,0.000664,0.004461
hotpotqa,q_hop_000245,hybrid_rrf_balance_a05,qrels_flip,synthetic corruption: qrels-derived edges with flip_prob=0.15,10,16,0.177778,7,4,True,1,4,1.0,1,2.0,2.0,2,2,10,ndcg_at_k,2.0,2,0.688889,0.688889,1.0,1.0,0.2,1.0,1.0,7e-05,3.9e-05,1.4e-05,0.00033,1.9e-05,0.000664,0.004461
hotpotqa,q_hop_000245,hybrid_rrf_copeland_a03,qrels_flip,synthetic corruption: qrels-derived edges with flip_prob=0.15,10,16,0.177778,7,4,True,1,4,1.0,1,2.0,2.0,2,2,10,ndcg_at_k,2.0,2,0.688889,0.688889,1.0,1.0,0.2,1.0,1.0,7e-05,3.9e-05,1.4e-05,0.00033,1.8e-05,0.000664,0.004461
hotpotqa,q_hop_000245,hybrid_rrf_priority_topo_a03,qrels_flip,synthetic corruption: qrels-derived edges with flip_prob=0.15,10,16,0.177778,7,4,True,1,4,1.0,1,2.0,2.0,2,2,10,ndcg_at_k,1.0,1,-0.111111,-0.111111,0.650921,0.5,0.2,1.0,0.8125,7e-05,3.9e-05,1.4e-05,0.00033,3.5e-05,0.000664,0.004461
hotpotqa,q_hop_000211,score_sum,qrels_flip,synthetic corruption: qrels-derived edges with flip_prob=0.15,10,16,0.177778,10,1,False,0,0,0,0,2.0,2.0,2,2,10,ndcg_at_k,2.0,2,0.688889,0.688889,1.0,1.0,0.2,1.0,1.0,6.6e-05,3.6e-05,1.9e-05,0.000223,1.3e-05,0.00063,0.003153
hotpotqa,q_hop_000211,borda,qrels_flip,synthetic corruption: qrels-derived edges with flip_prob=0.15,10,16,0.177778,10,1,False,0,0,0,0,2.0,2.0,2,2,10,ndcg_at_k,2.0,2,0.688889,0.688889,1.0,1.0,0.2,1.0,1.0,6.6e-05,3.6e-05,1.9e-05,0.000223,1.2e-05,0.00063,0.003153
hotpotqa,q_hop_000211,pagerank,qrels_flip,synthetic corruption: qrels-derived edges with flip_prob=0.15,10,16,0.177778,10,1,False,0,0,0,0,2.0,2.0,2,2,10,ndcg_at_k,2.0,2,0.288889,0.288889,1.0,1.0,0.2,1.0,1.0,6.6e-05,3.6e-05,1.9e-05,0.000223,0.001945,0.00063,0.003153
hotpotqa,q_hop_000211,greedy_fas_topological,qrels_flip,synthetic corruption: qrels-derived edges with flip_prob=0.15,10,16,0.177778,10,1,False,0,0,0,0,2.0,2.0,2,2,10,ndcg_at_k,0.0,0,0.2,0.2,0.877215,0.75,0.2,1.0,0.875,6.6e-05,3.6e-05,1.9e-05,0.000223,3.7e-05,0.00063,0.003153
hotpotqa,q_hop_000211,greedy_fas_weighted_balance,qrels_flip,synthetic corruption: qrels-derived edges with flip_prob=0.15,10,16,0.177778,10,1,False,0,0,0,0,2.0,2.0,2,2,10,ndcg_at_k,2.0,2,0.688889,0.688889,1.0,1.0,0.2,1.0,1.0,6.6e-05,3.6e-05,1.9e-05,0.000223,1.7e-05,0.00063,0.003153
hotpotqa,q_hop_000211,greedy_fas_copeland,qrels_flip,synthetic corruption: qrels-derived edges with flip_prob=0.15,10,16,0.177778,10,1,False,0,0,0,0,2.0,2.0,2,2,10,ndcg_at_k,2.0,2,0.688889,0.688889,1.0,1.0,0.2,1.0,1.0,6.6e-05,3.6e-05,1.9e-05,0.000223,1.6e-05,0.00063,0.003153
hotpotqa,q_hop_000211,greedy_fas_score_augmented_topological,qrels_flip,synthetic corruption: qrels-derived edges with flip_prob=0.15,10,16,0.177778,10,1,False,0,0,0,0,2.0,2.0,2,2,10,ndcg_at_k,0.0,0,-0.111111,-0.111111,0.877215,0.75,0.2,1.0,0.875,6.6e-05,3.6e-05,1.9e-05,0.000223,2.1e-05,0.00063,0.003153
hotpotqa,q_hop_000211,fas_balance_score_prior_alpha_beta,qrels_flip,synthetic corruption: qrels-derived edges with flip_prob=0.15,10,16,0.177778,10,1,False,0,0,0,0,2.0,2.0,2,2,10,ndcg_at_k,2.0,2,0.688889,0.688889,1.0,1.0,0.2,1.0,1.0,6.6e-05,3.6e-05,1.9e-05,0.000223,2.7e-05,0.00063,0.003153
hotpotqa,q_hop_000211,hybrid_rrf_fas_regularized,qrels_flip,synthetic corruption: qrels-derived edges with flip_prob=0.15,10,16,0.177778,10,1,False,0,0,0,0,2.0,2.0,2,2,10,ndcg_at_k,2.0,2,0.688889,0.688889,1.0,1.0,0.2,1.0,1.0,6.6e-05,3.6e-05,1.9e-05,0.000223,2.2e-05,0.00063,0.003153
hotpotqa,q_hop_000211,hybrid_rrf_balance_a05,qrels_flip,synthetic corruption: qrels-derived edges with flip_prob=0.15,10,16,0.177778,10,1,False,0,0,0,0,2.0,2.0,2,2,10,ndcg_at_k,2.0,2,0.688889,0.688889,1.0,1.0,0.2,1.0,1.0,6.6e-05,3.6e-05,1.9e-05,0.000223,1.8e-05,0.00063,0.003153
hotpotqa,q_hop_000211,hybrid_rrf_copeland_a03,qrels_flip,synthetic corruption: qrels-derived edges with flip_prob=0.15,10,16,0.177778,10,1,False,0,0,0,0,2.0,2.0,2,2,10,ndcg_at_k,2.0,2,0.688889,0.688889,1.0,1.0,0.2,1.0,1.0,6.6e-05,3.6e-05,1.9e-05,0.000223,1.7e-05,0.00063,0.003153
hotpotqa,q_hop_000211,hybrid_rrf_priority_topo_a03,qrels_flip,synthetic corruption: qrels-derived edges with flip_prob=0.15,10,16,0.177778,10,1,False,0,0,0,0,2.0,2.0,2,2,10,ndcg_at_k,0.0,0,-0.111111,-0.111111,0.877215,0.75,0.2,1.0,0.875,6.6e-05,3.6e-05,1.9e-05,0.000223,3.4e-05,0.00063,0.003153
hotpotqa,q_hop_000129,score_sum,qrels_flip,synthetic corruption: qrels-derived edges with flip_prob=0.15,10,21,0.233333,10,1,False,0,0,0,0,4.0,4.0,4,4,10,ndcg_at_k,4.0,4,0.733333,0.733333,1.0,1.0,0.3,1.0,1.0,8.5e-05,4.9e-05,2e-05,0.000409,1.8e-05,0.00075,0.003172
hotpotqa,q_hop_000129,borda,qrels_flip,synthetic corruption: qrels-derived edges with flip_prob=0.15,10,21,0.233333,10,1,False,0,0,0,0,4.0,4.0,4,4,10,ndcg_at_k,4.0,4,0.733333,0.733333,1.0,1.0,0.3,1.0,1.0,8.5e-05,4.9e-05,2e-05,0.000409,1.2e-05,0.00075,0.003172
hotpotqa,q_hop_000129,pagerank,qrels_flip,synthetic corruption: qrels-derived edges with flip_prob=0.15,10,21,0.233333,10,1,False,0,0,0,0,4.0,4.0,4,4,10,ndcg_at_k,2.0,2,0.333333,0.333333,0.906025,0.805556,0.3,1.0,0.904762,8.5e-05,4.9e-05,2e-05,0.000409,0.00158,0.00075,0.003172
hotpotqa,q_hop_000129,greedy_fas_topological,qrels_flip,synthetic corruption: qrels-derived edges with flip_prob=0.15,10,21,0.233333,10,1,False,0,0,0,0,4.0,4.0,4,4,10,ndcg_at_k,0.0,0,0.244444,0.244444,0.871079,0.722222,0.3,1.0,0.809524,8.5e-05,4.9e-05,2e-05,0.000409,3.8e-05,0.00075,0.003172
hotpotqa,q_hop_000129,greedy_fas_weighted_balance,qrels_flip,synthetic corruption: qrels-derived edges with flip_prob=0.15,10,21,0.233333,10,1,False,0,0,0,0,4.0,4.0,4,4,10,ndcg_at_k,3.0,3,0.688889,0.688889,0.967468,0.916667,0.3,1.0,0.952381,8.5e-05,4.9e-05,2e-05,0.000409,1.9e-05,0.00075,0.003172
hotpotqa,q_hop_000129,greedy_fas_copeland,qrels_flip,synthetic corruption: qrels-derived edges with flip_prob=0.15,10,21,0.233333,10,1,False,0,0,0,0,4.0,4.0,4,4,10,ndcg_at_k,3.0,3,0.688889,0.688889,0.967468,0.916667,0.3,1.0,0.952381,8.5e-05,4.9e-05,2e-05,0.000409,3.3e-05,0.00075,0.003172
hotpotqa,q_hop_000129,greedy_fas_score_augmented_topological,qrels_flip,synthetic corruption: qrels-derived edges with flip_prob=0.15,10,21,0.233333,10,1,False,0,0,0,0,4.0,4.0,4,4,10,ndcg_at_k,0.0,0,0.244444,0.244444,0.871079,0.722222,0.3,1.0,0.809524,8.5e-05,4.9e-05,2e-05,0.000409,2.1e-05,0.00075,0.003172
hotpotqa,q_hop_000129,fas_balance_score_prior_alpha_beta,qrels_flip,synthetic corruption: qrels-derived edges with flip_prob=0.15,10,21,0.233333,10,1,False,0,0,0,0,4.0,4.0,4,4,10,ndcg_at_k,4.0,4,0.733333,0.733333,1.0,1.0,0.3,1.0,1.0,8.5e-05,4.9e-05,2e-05,0.000409,3e-05,0.00075,0.003172
hotpotqa,q_hop_000129,hybrid_rrf_fas_regularized,qrels_flip,synthetic corruption: qrels-derived edges with flip_prob=0.15,10,21,0.233333,10,1,False,0,0,0,0,4.0,4.0,4,4,10,ndcg_at_k,3.0,3,0.688889,0.688889,0.967468,0.916667,0.3,1.0,0.952381,8.5e-05,4.9e-05,2e-05,0.000409,2.4e-05,0.00075,0.003172
hotpotqa,q_hop_000129,hybrid_rrf_balance_a05,qrels_flip,synthetic corruption: qrels-derived edges with flip_prob=0.15,10,21,0.233333,10,1,False,0,0,0,0,4.0,4.0,4,4,10,ndcg_at_k,3.0,3,0.688889,0.688889,0.967468,0.916667,0.3,1.0,0.952381,8.5e-05,4.9e-05,2e-05,0.000409,2e-05,0.00075,0.003172
hotpotqa,q_hop_000129,hybrid_rrf_copeland_a03,qrels_flip,synthetic corruption: qrels-derived edges with flip_prob=0.15,10,21,0.233333,10,1,False,0,0,0,0,4.0,4.0,4,4,10,ndcg_at_k,3.0,3,0.688889,0.688889,0.967468,0.916667,0.3,1.0,0.952381,8.5e-05,4.9e-05,2e-05,0.000409,1.9e-05,0.00075,0.003172
hotpotqa,q_hop_000129,hybrid_rrf_priority_topo_a03,qrels_flip,synthetic corruption: qrels-derived edges with flip_prob=0.15,10,21,0.233333,10,1,False,0,0,0,0,4.0,4.0,4,4,10,ndcg_at_k,0.0,0,0.244444,0.244444,0.871079,0.722222,0.3,1.0,0.809524,8.5e-05,4.9e-05,2e-05,0.000409,4.5e-05,0.00075,0.003172
hotpotqa,q_hop_000162,score_sum,qrels_flip,synthetic corruption: qrels-derived edges with flip_prob=0.15,10,21,0.233333,6,5,True,1,5,2.0,2,3.0,1.0,3,1,10,ndcg_at_k,3.0,3,0.688889,0.688889,1.0,1.0,0.3,1.0,1.0,7.3e-05,4.2e-05,1.5e-05,0.000391,1.5e-05,0.000656,0.00331
hotpotqa,q_hop_000162,borda,qrels_flip,synthetic corruption: qrels-derived edges with flip_prob=0.15,10,21,0.233333,6,5,True,1,5,2.0,2,3.0,1.0,3,1,10,ndcg_at_k,3.0,3,0.688889,0.688889,1.0,1.0,0.3,1.0,1.0,7.3e-05,4.2e-05,1.5e-05,0.000391,1.3e-05,0.000656,0.00331
hotpotqa,q_hop_000162,pagerank,qrels_flip,synthetic corruption: qrels-derived edges with flip_prob=0.15,10,21,0.233333,6,5,True,1,5,2.0,2,3.0,1.0,3,1,10,ndcg_at_k,3.0,3,0.466667,0.466667,0.906025,0.805556,0.3,1.0,0.904762,7.3e-05,4.2e-05,1.5e-05,0.000391,0.001879,0.000656,0.00331
hotpotqa,q_hop_000162,greedy_fas_topological,qrels_flip,synthetic corruption: qrels-derived edges with flip_prob=0.15,10,21,0.233333,6,5,True,1,5,2.0,2,3.0,1.0,3,1,10,ndcg_at_k,2.0,2,0.644444,0.644444,0.967468,0.916667,0.3,1.0,0.952381,7.3e-05,4.2e-05,1.5e-05,0.000391,3.8e-05,0.000656,0.00331
hotpotqa,q_hop_000162,greedy_fas_weighted_balance,qrels_flip,synthetic corruption: qrels-derived edges with flip_prob=0.15,10,21,0.233333,6,5,True,1,5,2.0,2,3.0,1.0,3,1,10,ndcg_at_k,3.0,3,0.688889,0.688889,1.0,1.0,0.3,1.0,1.0,7.3e-05,4.2e-05,1.5e-05,0.000391,1.8e-05,0.000656,0.00331
hotpotqa,q_hop_000162,greedy_fas_copeland,qrels_flip,synthetic corruption: qrels-derived edges with flip_prob=0.15,10,21,0.233333,6,5,True,1,5,2.0,2,3.0,1.0,3,1,10,ndcg_at_k,3.0,3,0.688889,0.688889,1.0,1.0,0.3,1.0,1.0,7.3e-05,4.2e-05,1.5e-05,0.000391,1.6e-05,0.000656,0.00331
hotpotqa,q_hop_000162,greedy_fas_score_augmented_topological,qrels_flip,synthetic corruption: qrels-derived edges with flip_prob=0.15,10,21,0.233333,6,5,True,1,5,2.0,2,3.0,1.0,3,1,10,ndcg_at_k,2.0,2,0.155556,0.155556,0.967468,0.916667,0.3,1.0,0.952381,7.3e-05,4.2e-05,1.5e-05,0.000391,2.5e-05,0.000656,0.00331
hotpotqa,q_hop_000162,fas_balance_score_prior_alpha_beta,qrels_flip,synthetic corruption: qrels-derived edges with flip_prob=0.15,10,21,0.233333,6,5,True,1,5,2.0,2,3.0,1.0,3,1,10,ndcg_at_k,3.0,3,0.688889,0.688889,1.0,1.0,0.3,1.0,1.0,7.3e-05,4.2e-05,1.5e-05,0.000391,2.8e-05,0.000656,0.00331
hotpotqa,q_hop_000162,hybrid_rrf_fas_regularized,qrels_flip,synthetic corruption: qrels-derived edges with flip_prob=0.15,10,21,0.233333,6,5,True,1,5,2.0,2,3.0,1.0,3,1,10,ndcg_at_k,3.0,3,0.688889,0.688889,1.0,1.0,0.3,1.0,1.0,7.3e-05,4.2e-05,1.5e-05,0.000391,2.5e-05,0.000656,0.00331
hotpotqa,q_hop_000162,hybrid_rrf_balance_a05,qrels_flip,synthetic corruption: qrels-derived edges with flip_prob=0.15,10,21,0.233333,6,5,True,1,5,2.0,2,3.0,1.0,3,1,10,ndcg_at_k,3.0,3,0.688889,0.688889,1.0,1.0,0.3,1.0,1.0,7.3e-05,4.2e-05,1.5e-05,0.000391,2e-05,0.000656,0.00331
hotpotqa,q_hop_000162,hybrid_rrf_copeland_a03,qrels_flip,synthetic corruption: qrels-derived edges with flip_prob=0.15,10,21,0.233333,6,5,True,1,5,2.0,2,3.0,1.0,3,1,10,ndcg_at_k,3.0,3,0.688889,0.688889,1.0,1.0,0.3,1.0,1.0,7.3e-05,4.2e-05,1.5e-05,0.000391,2e-05,0.000656,0.00331
hotpotqa,q_hop_000162,hybrid_rrf_priority_topo_a03,qrels_flip,synthetic corruption: qrels-derived edges with flip_prob=0.15,10,21,0.233333,6,5,True,1,5,2.0,2,3.0,1.0,3,1,10,ndcg_at_k,2.0,2,0.288889,0.288889,0.967468,0.916667,0.3,1.0,0.952381,7.3e-05,4.2e-05,1.5e-05,0.000391,3.6e-05,0.000656,0.00331
hotpotqa,q_hop_000223,score_sum,qrels_flip,synthetic corruption: qrels-derived edges with flip_prob=0.15,10,16,0.177778,7,4,True,1,4,1.0,1,2.0,2.0,2,2,10,ndcg_at_k,2.0,2,0.777778,0.777778,1.0,1.0,0.2,1.0,1.0,7e-05,3.8e-05,1.3e-05,0.000323,1.4e-05,0.000667,0.004494
hotpotqa,q_hop_000223,borda,qrels_flip,synthetic corruption: qrels-derived edges with flip_prob=0.15,10,16,0.177778,7,4,True,1,4,1.0,1,2.0,2.0,2,2,10,ndcg_at_k,2.0,2,0.777778,0.777778,1.0,1.0,0.2,1.0,1.0,7e-05,3.8e-05,1.3e-05,0.000323,1.1e-05,0.000667,0.004494
hotpotqa,q_hop_000223,pagerank,qrels_flip,synthetic corruption: qrels-derived edges with flip_prob=0.15,10,16,0.177778,7,4,True,1,4,1.0,1,2.0,2.0,2,2,10,ndcg_at_k,2.0,2,0.333333,0.333333,1.0,1.0,0.2,1.0,1.0,7e-05,3.8e-05,1.3e-05,0.000323,0.003131,0.000667,0.004494
hotpotqa,q_hop_000223,greedy_fas_topological,qrels_flip,synthetic corruption: qrels-derived edges with flip_prob=0.15,10,16,0.177778,7,4,True,1,4,1.0,1,2.0,2.0,2,2,10,ndcg_at_k,1.0,1,0.2,0.2,0.650921,0.5,0.2,1.0,0.8125,7e-05,3.8e-05,1.3e-05,0.000323,4.1e-05,0.000667,0.004494
hotpotqa,q_hop_000223,greedy_fas_weighted_balance,qrels_flip,synthetic corruption: qrels-derived edges with flip_prob=0.15,10,16,0.177778,7,4,True,1,4,1.0,1,2.0,2.0,2,2,10,ndcg_at_k,2.0,2,0.733333,0.733333,1.0,1.0,0.2,1.0,1.0,7e-05,3.8e-05,1.3e-05,0.000323,1.9e-05,0.000667,0.004494
hotpotqa,q_hop_000223,greedy_fas_copeland,qrels_flip,synthetic corruption: qrels-derived edges with flip_prob=0.15,10,16,0.177778,7,4,True,1,4,1.0,1,2.0,2.0,2,2,10,ndcg_at_k,2.0,2,0.733333,0.733333,1.0,1.0,0.2,1.0,1.0,7e-05,3.8e-05,1.3e-05,0.000323,1.7e-05,0.000667,0.004494
hotpotqa,q_hop_000223,greedy_fas_score_augmented_topological,qrels_flip,synthetic corruption: qrels-derived edges with flip_prob=0.15,10,16,0.177778,7,4,True,1,4,1.0,1,2.0,2.0,2,2,10,ndcg_at_k,1.0,1,-0.066667,-0.066667,0.650921,0.5,0.2,1.0,0.8125,7e-05,3.8e-05,1.3e-05,0.000323,2.3e-05,0.000667,0.004494
hotpotqa,q_hop_000223,fas_balance_score_prior_alpha_beta,qrels_flip,synthetic corruption: qrels-derived edges with flip_prob=0.15,10,16,0.177778,7,4,True,1,4,1.0,1,2.0,2.0,2,2,10,ndcg_at_k,2.0,2,0.733333,0.733333,1.0,1.0,0.2,1.0,1.0,7e-05,3.8e-05,1.3e-05,0.000323,3e-05,0.000667,0.004494
hotpotqa,q_hop_000223,hybrid_rrf_fas_regularized,qrels_flip,synthetic corruption: qrels-derived edges with flip_prob=0.15,10,16,0.177778,7,4,True,1,4,1.0,1,2.0,2.0,2,2,10,ndcg_at_k,2.0,2,0.733333,0.733333,1.0,1.0,0.2,1.0,1.0,7e-05,3.8e-05,1.3e-05,0.000323,2.4e-05,0.000667,0.004494
hotpotqa,q_hop_000223,hybrid_rrf_balance_a05,qrels_flip,synthetic corruption: qrels-derived edges with flip_prob=0.15,10,16,0.177778,7,4,True,1,4,1.0,1,2.0,2.0,2,2,10,ndcg_at_k,2.0,2,0.733333,0.733333,1.0,1.0,0.2,1.0,1.0,7e-05,3.8e-05,1.3e-05,0.000323,1.9e-05,0.000667,0.004494
hotpotqa,q_hop_000223,hybrid_rrf_copeland_a03,qrels_flip,synthetic corruption: qrels-derived edges with flip_prob=0.15,10,16,0.177778,7,4,True,1,4,1.0,1,2.0,2.0,2,2,10,ndcg_at_k,2.0,2,0.733333,0.733333,1.0,1.0,0.2,1.0,1.0,7e-05,3.8e-05,1.3e-05,0.000323,1.9e-05,0.000667,0.004494
hotpotqa,q_hop_000223,hybrid_rrf_priority_topo_a03,qrels_flip,synthetic corruption: qrels-derived edges with flip_prob=0.15,10,16,0.177778,7,4,True,1,4,1.0,1,2.0,2.0,2,2,10,ndcg_at_k,1.0,1,-0.066667,-0.066667,0.650921,0.5,0.2,1.0,0.8125,7e-05,3.8e-05,1.3e-05,0.000323,3.5e-05,0.000667,0.004494
hotpotqa,q_hop_000041,score_sum,qrels_flip,synthetic corruption: qrels-derived edges with flip_prob=0.15,10,21,0.233333,5,6,True,1,6,2.0,2,3.0,1.0,3,1,10,ndcg_at_k,3.0,3,0.777778,0.777778,1.0,1.0,0.3,1.0,1.0,7.7e-05,5.5e-05,1.3e-05,0.000423,1.5e-05,0.000675,0.004949
hotpotqa,q_hop_000041,borda,qrels_flip,synthetic corruption: qrels-derived edges with flip_prob=0.15,10,21,0.233333,5,6,True,1,6,2.0,2,3.0,1.0,3,1,10,ndcg_at_k,3.0,3,0.777778,0.777778,1.0,1.0,0.3,1.0,1.0,7.7e-05,5.5e-05,1.3e-05,0.000423,1.2e-05,0.000675,0.004949
hotpotqa,q_hop_000041,pagerank,qrels_flip,synthetic corruption: qrels-derived edges with flip_prob=0.15,10,21,0.233333,5,6,True,1,6,2.0,2,3.0,1.0,3,1,10,ndcg_at_k,3.0,3,0.377778,0.377778,1.0,1.0,0.3,1.0,1.0,7.7e-05,5.5e-05,1.3e-05,0.000423,0.00345,0.000675,0.004949
hotpotqa,q_hop_000041,greedy_fas_topological,qrels_flip,synthetic corruption: qrels-derived edges with flip_prob=0.15,10,21,0.233333,5,6,True,1,6,2.0,2,3.0,1.0,3,1,10,ndcg_at_k,2.0,2,0.377778,0.377778,0.967468,0.916667,0.3,1.0,0.952381,7.7e-05,5.5e-05,1.3e-05,0.000423,4.2e-05,0.000675,0.004949
hotpotqa,q_hop_000041,greedy_fas_weighted_balance,qrels_flip,synthetic corruption: qrels-derived edges with flip_prob=0.15,10,21,0.233333,5,6,True,1,6,2.0,2,3.0,1.0,3,1,10,ndcg_at_k,3.0,3,0.733333,0.733333,1.0,1.0,0.3,1.0,1.0,7.7e-05,5.5e-05,1.3e-05,0.000423,1.9e-05,0.000675,0.004949
hotpotqa,q_hop_000041,greedy_fas_copeland,qrels_flip,synthetic corruption: qrels-derived edges with flip_prob=0.15,10,21,0.233333,5,6,True,1,6,2.0,2,3.0,1.0,3,1,10,ndcg_at_k,3.0,3,0.733333,0.733333,1.0,1.0,0.3,1.0,1.0,7.7e-05,5.5e-05,1.3e-05,0.000423,1.7e-05,0.000675,0.004949
hotpotqa,q_hop_000041,greedy_fas_score_augmented_topological,qrels_flip,synthetic corruption: qrels-derived edges with flip_prob=0.15,10,21,0.233333,5,6,True,1,6,2.0,2,3.0,1.0,3,1,10,ndcg_at_k,2.0,2,0.111111,0.111111,0.967468,0.916667,0.3,1.0,0.952381,7.7e-05,5.5e-05,1.3e-05,0.000423,2.2e-05,0.000675,0.004949
hotpotqa,q_hop_000041,fas_balance_score_prior_alpha_beta,qrels_flip,synthetic corruption: qrels-derived edges with flip_prob=0.15,10,21,0.233333,5,6,True,1,6,2.0,2,3.0,1.0,3,1,10,ndcg_at_k,3.0,3,0.733333,0.733333,1.0,1.0,0.3,1.0,1.0,7.7e-05,5.5e-05,1.3e-05,0.000423,2.9e-05,0.000675,0.004949
hotpotqa,q_hop_000041,hybrid_rrf_fas_regularized,qrels_flip,synthetic corruption: qrels-derived edges with flip_prob=0.15,10,21,0.233333,5,6,True,1,6,2.0,2,3.0,1.0,3,1,10,ndcg_at_k,3.0,3,0.733333,0.733333,1.0,1.0,0.3,1.0,1.0,7.7e-05,5.5e-05,1.3e-05,0.000423,2.4e-05,0.000675,0.004949
hotpotqa,q_hop_000041,hybrid_rrf_balance_a05,qrels_flip,synthetic corruption: qrels-derived edges with flip_prob=0.15,10,21,0.233333,5,6,True,1,6,2.0,2,3.0,1.0,3,1,10,ndcg_at_k,3.0,3,0.733333,0.733333,1.0,1.0,0.3,1.0,1.0,7.7e-05,5.5e-05,1.3e-05,0.000423,2e-05,0.000675,0.004949
hotpotqa,q_hop_000041,hybrid_rrf_copeland_a03,qrels_flip,synthetic corruption: qrels-derived edges with flip_prob=0.15,10,21,0.233333,5,6,True,1,6,2.0,2,3.0,1.0,3,1,10,ndcg_at_k,3.0,3,0.733333,0.733333,1.0,1.0,0.3,1.0,1.0,7.7e-05,5.5e-05,1.3e-05,0.000423,1.9e-05,0.000675,0.004949
hotpotqa,q_hop_000041,hybrid_rrf_priority_topo_a03,qrels_flip,synthetic corruption: qrels-derived edges with flip_prob=0.15,10,21,0.233333,5,6,True,1,6,2.0,2,3.0,1.0,3,1,10,ndcg_at_k,2.0,2,0.333333,0.333333,0.967468,0.916667,0.3,1.0,0.952381,7.7e-05,5.5e-05,1.3e-05,0.000423,3.7e-05,0.000675,0.004949
hotpotqa,q_hop_000278,score_sum,qrels_flip,synthetic corruption: qrels-derived edges with flip_prob=0.15,10,16,0.177778,7,4,True,1,4,1.0,1,2.0,1.0,2,1,10,ndcg_at_k,2.0,2,0.6,0.6,1.0,1.0,0.2,1.0,1.0,6.4e-05,3.8e-05,1.3e-05,0.000279,1.4e-05,0.000628,0.004263
hotpotqa,q_hop_000278,borda,qrels_flip,synthetic corruption: qrels-derived edges with flip_prob=0.15,10,16,0.177778,7,4,True,1,4,1.0,1,2.0,1.0,2,1,10,ndcg_at_k,2.0,2,0.6,0.6,1.0,1.0,0.2,1.0,1.0,6.4e-05,3.8e-05,1.3e-05,0.000279,1.1e-05,0.000628,0.004263
hotpotqa,q_hop_000278,pagerank,qrels_flip,synthetic corruption: qrels-derived edges with flip_prob=0.15,10,16,0.177778,7,4,True,1,4,1.0,1,2.0,1.0,2,1,10,ndcg_at_k,2.0,2,0.155556,0.155556,1.0,1.0,0.2,1.0,1.0,6.4e-05,3.8e-05,1.3e-05,0.000279,0.003009,0.000628,0.004263
hotpotqa,q_hop_000278,greedy_fas_topological,qrels_flip,synthetic corruption: qrels-derived edges with flip_prob=0.15,10,16,0.177778,7,4,True,1,4,1.0,1,2.0,1.0,2,1,10,ndcg_at_k,1.0,1,0.155556,0.155556,0.919721,0.833333,0.2,1.0,0.9375,6.4e-05,3.8e-05,1.3e-05,0.000279,3.7e-05,0.000628,0.004263
hotpotqa,q_hop_000278,greedy_fas_weighted_balance,qrels_flip,synthetic corruption: qrels-derived edges with flip_prob=0.15,10,16,0.177778,7,4,True,1,4,1.0,1,2.0,1.0,2,1,10,ndcg_at_k,2.0,2,0.555556,0.555556,1.0,1.0,0.2,1.0,1.0,6.4e-05,3.8e-05,1.3e-05,0.000279,1.6e-05,0.000628,0.004263
hotpotqa,q_hop_000278,greedy_fas_copeland,qrels_flip,synthetic corruption: qrels-derived edges with flip_prob=0.15,10,16,0.177778,7,4,True,1,4,1.0,1,2.0,1.0,2,1,10,ndcg_at_k,2.0,2,0.555556,0.555556,1.0,1.0,0.2,1.0,1.0,6.4e-05,3.8e-05,1.3e-05,0.000279,1.6e-05,0.000628,0.004263
hotpotqa,q_hop_000278,greedy_fas_score_augmented_topological,qrels_flip,synthetic corruption: qrels-derived edges with flip_prob=0.15,10,16,0.177778,7,4,True,1,4,1.0,1,2.0,1.0,2,1,10,ndcg_at_k,1.0,1,-0.2,-0.2,0.919721,0.833333,0.2,1.0,0.9375,6.4e-05,3.8e-05,1.3e-05,0.000279,2.2e-05,0.000628,0.004263
hotpotqa,q_hop_000278,fas_balance_score_prior_alpha_beta,qrels_flip,synthetic corruption: qrels-derived edges with flip_prob=0.15,10,16,0.177778,7,4,True,1,4,1.0,1,2.0,1.0,2,1,10,ndcg_at_k,2.0,2,0.555556,0.555556,1.0,1.0,0.2,1.0,1.0,6.4e-05,3.8e-05,1.3e-05,0.000279,2.6e-05,0.000628,0.004263
hotpotqa,q_hop_000278,hybrid_rrf_fas_regularized,qrels_flip,synthetic corruption: qrels-derived edges with flip_prob=0.15,10,16,0.177778,7,4,True,1,4,1.0,1,2.0,1.0,2,1,10,ndcg_at_k,2.0,2,0.555556,0.555556,1.0,1.0,0.2,1.0,1.0,6.4e-05,3.8e-05,1.3e-05,0.000279,2.1e-05,0.000628,0.004263
hotpotqa,q_hop_000278,hybrid_rrf_balance_a05,qrels_flip,synthetic corruption: qrels-derived edges with flip_prob=0.15,10,16,0.177778,7,4,True,1,4,1.0,1,2.0,1.0,2,1,10,ndcg_at_k,2.0,2,0.555556,0.555556,1.0,1.0,0.2,1.0,1.0,6.4e-05,3.8e-05,1.3e-05,0.000279,1.8e-05,0.000628,0.004263
hotpotqa,q_hop_000278,hybrid_rrf_copeland_a03,qrels_flip,synthetic corruption: qrels-derived edges with flip_prob=0.15,10,16,0.177778,7,4,True,1,4,1.0,1,2.0,1.0,2,1,10,ndcg_at_k,2.0,2,0.555556,0.555556,1.0,1.0,0.2,1.0,1.0,6.4e-05,3.8e-05,1.3e-05,0.000279,1.8e-05,0.000628,0.004263
hotpotqa,q_hop_000278,hybrid_rrf_priority_topo_a03,qrels_flip,synthetic corruption: qrels-derived edges with flip_prob=0.15,10,16,0.177778,7,4,True,1,4,1.0,1,2.0,1.0,2,1,10,ndcg_at_k,1.0,1,-0.155556,-0.155556,0.919721,0.833333,0.2,1.0,0.9375,6.4e-05,3.8e-05,1.3e-05,0.000279,3.3e-05,0.000628,0.004263
hotpotqa,q_hop_000021,score_sum,qrels_flip,synthetic corruption: qrels-derived edges with flip_prob=0.15,10,21,0.233333,4,7,True,1,7,3.0,3,4.0,3.0,4,3,10,ndcg_at_k,4.0,4,0.733333,0.733333,1.0,1.0,0.3,1.0,1.0,7.6e-05,4.9e-05,1.3e-05,0.000542,1.6e-05,0.000667,0.004612
hotpotqa,q_hop_000021,borda,qrels_flip,synthetic corruption: qrels-derived edges with flip_prob=0.15,10,21,0.233333,4,7,True,1,7,3.0,3,4.0,3.0,4,3,10,ndcg_at_k,4.0,4,0.733333,0.733333,1.0,1.0,0.3,1.0,1.0,7.6e-05,4.9e-05,1.3e-05,0.000542,1.2e-05,0.000667,0.004612
hotpotqa,q_hop_000021,pagerank,qrels_flip,synthetic corruption: qrels-derived edges with flip_prob=0.15,10,21,0.233333,4,7,True,1,7,3.0,3,4.0,3.0,4,3,10,ndcg_at_k,4.0,4,0.422222,0.422222,1.0,1.0,0.3,1.0,1.0,7.6e-05,4.9e-05,1.3e-05,0.000542,0.002964,0.000667,0.004612
hotpotqa,q_hop_000021,greedy_fas_topological,qrels_flip,synthetic corruption: qrels-derived edges with flip_prob=0.15,10,21,0.233333,4,7,True,1,7,3.0,3,4.0,3.0,4,3,10,ndcg_at_k,3.0,3,0.155556,0.155556,0.860344,0.698413,0.3,1.0,0.761905,7.6e-05,4.9e-05,1.3e-05,0.000542,4e-05,0.000667,0.004612
hotpotqa,q_hop_000021,greedy_fas_weighted_balance,qrels_flip,synthetic corruption: qrels-derived edges with flip_prob=0.15,10,21,0.233333,4,7,True,1,7,3.0,3,4.0,3.0,4,3,10,ndcg_at_k,4.0,4,0.555556,0.555556,1.0,1.0,0.3,1.0,1.0,7.6e-05,4.9e-05,1.3e-05,0.000542,1.8e-05,0.000667,0.004612
hotpotqa,q_hop_000021,greedy_fas_copeland,qrels_flip,synthetic corruption: qrels-derived edges with flip_prob=0.15,10,21,0.233333,4,7,True,1,7,3.0,3,4.0,3.0,4,3,10,ndcg_at_k,4.0,4,0.555556,0.555556,1.0,1.0,0.3,1.0,1.0,7.6e-05,4.9e-05,1.3e-05,0.000542,1.6e-05,0.000667,0.004612
hotpotqa,q_hop_000021,greedy_fas_score_augmented_topological,qrels_flip,synthetic corruption: qrels-derived edges with flip_prob=0.15,10,21,0.233333,4,7,True,1,7,3.0,3,4.0,3.0,4,3,10,ndcg_at_k,3.0,3,0.066667,0.066667,0.860344,0.698413,0.3,1.0,0.761905,7.6e-05,4.9e-05,1.3e-05,0.000542,2.1e-05,0.000667,0.004612
hotpotqa,q_hop_000021,fas_balance_score_prior_alpha_beta,qrels_flip,synthetic corruption: qrels-derived edges with flip_prob=0.15,10,21,0.233333,4,7,True,1,7,3.0,3,4.0,3.0,4,3,10,ndcg_at_k,4.0,4,0.555556,0.555556,1.0,1.0,0.3,1.0,1.0,7.6e-05,4.9e-05,1.3e-05,0.000542,8.1e-05,0.000667,0.004612
hotpotqa,q_hop_000021,hybrid_rrf_fas_regularized,qrels_flip,synthetic corruption: qrels-derived edges with flip_prob=0.15,10,21,0.233333,4,7,True,1,7,3.0,3,4.0,3.0,4,3,10,ndcg_at_k,4.0,4,0.555556,0.555556,1.0,1.0,0.3,1.0,1.0,7.6e-05,4.9e-05,1.3e-05,0.000542,2.4e-05,0.000667,0.004612
hotpotqa,q_hop_000021,hybrid_rrf_balance_a05,qrels_flip,synthetic corruption: qrels-derived edges with flip_prob=0.15,10,21,0.233333,4,7,True,1,7,3.0,3,4.0,3.0,4,3,10,ndcg_at_k,4.0,4,0.555556,0.555556,1.0,1.0,0.3,1.0,1.0,7.6e-05,4.9e-05,1.3e-05,0.000542,2e-05,0.000667,0.004612
hotpotqa,q_hop_000021,hybrid_rrf_copeland_a03,qrels_flip,synthetic corruption: qrels-derived edges with flip_prob=0.15,10,21,0.233333,4,7,True,1,7,3.0,3,4.0,3.0,4,3,10,ndcg_at_k,4.0,4,0.555556,0.555556,1.0,1.0,0.3,1.0,1.0,7.6e-05,4.9e-05,1.3e-05,0.000542,1.9e-05,0.000667,0.004612
hotpotqa,q_hop_000021,hybrid_rrf_priority_topo_a03,qrels_flip,synthetic corruption: qrels-derived edges with flip_prob=0.15,10,21,0.233333,4,7,True,1,7,3.0,3,4.0,3.0,4,3,10,ndcg_at_k,3.0,3,0.066667,0.066667,0.860344,0.698413,0.3,1.0,0.761905,7.6e-05,4.9e-05,1.3e-05,0.000542,3.4e-05,0.000667,0.004612
hotpotqa,q_hop_000434,score_sum,qrels_flip,synthetic corruption: qrels-derived edges with flip_prob=0.15,10,21,0.233333,7,4,True,1,4,1.0,1,2.0,2.0,2,2,10,ndcg_at_k,2.0,2,0.822222,0.822222,1.0,1.0,0.3,1.0,1.0,6.9e-05,4.2e-05,1.5e-05,0.000395,1.5e-05,0.000684,0.003325
hotpotqa,q_hop_000434,borda,qrels_flip,synthetic corruption: qrels-derived edges with flip_prob=0.15,10,21,0.233333,7,4,True,1,4,1.0,1,2.0,2.0,2,2,10,ndcg_at_k,2.0,2,0.822222,0.822222,1.0,1.0,0.3,1.0,1.0,6.9e-05,4.2e-05,1.5e-05,0.000395,1.2e-05,0.000684,0.003325
hotpotqa,q_hop_000434,pagerank,qrels_flip,synthetic corruption: qrels-derived edges with flip_prob=0.15,10,21,0.233333,7,4,True,1,4,1.0,1,2.0,2.0,2,2,10,ndcg_at_k,2.0,2,0.555556,0.555556,0.852928,0.7,0.3,1.0,0.809524,6.9e-05,4.2e-05,1.5e-05,0.000395,0.001871,0.000684,0.003325
hotpotqa,q_hop_000434,greedy_fas_topological,qrels_flip,synthetic corruption: qrels-derived edges with flip_prob=0.15,10,21,0.233333,7,4,True,1,4,1.0,1,2.0,2.0,2,2,10,ndcg_at_k,1.0,1,0.6,0.6,0.88546,0.755556,0.3,1.0,0.857143,6.9e-05,4.2e-05,1.5e-05,0.000395,3.9e-05,0.000684,0.003325
hotpotqa,q_hop_000434,greedy_fas_weighted_balance,qrels_flip,synthetic corruption: qrels-derived edges with flip_prob=0.15,10,21,0.233333,7,4,True,1,4,1.0,1,2.0,2.0,2,2,10,ndcg_at_k,2.0,2,0.777778,0.777778,1.0,1.0,0.3,1.0,1.0,6.9e-05,4.2e-05,1.5e-05,0.000395,1.9e-05,0.000684,0.003325
hotpotqa,q_hop_000434,greedy_fas_copeland,qrels_flip,synthetic corruption: qrels-derived edges with flip_prob=0.15,10,21,0.233333,7,4,True,1,4,1.0,1,2.0,2.0,2,2,10,ndcg_at_k,2.0,2,0.777778,0.777778,1.0,1.0,0.3,1.0,1.0,6.9e-05,4.2e-05,1.5e-05,0.000395,1.6e-05,0.000684,0.003325
hotpotqa,q_hop_000434,greedy_fas_score_augmented_topological,qrels_flip,synthetic corruption: qrels-derived edges with flip_prob=0.15,10,21,0.233333,7,4,True,1,4,1.0,1,2.0,2.0,2,2,10,ndcg_at_k,1.0,1,0.2,0.2,0.88546,0.755556,0.3,1.0,0.857143,6.9e-05,4.2e-05,1.5e-05,0.000395,2.2e-05,0.000684,0.003325
hotpotqa,q_hop_000434,fas_balance_score_prior_alpha_beta,qrels_flip,synthetic corruption: qrels-derived edges with flip_prob=0.15,10,21,0.233333,7,4,True,1,4,1.0,1,2.0,2.0,2,2,10,ndcg_at_k,2.0,2,0.777778,0.777778,1.0,1.0,0.3,1.0,1.0,6.9e-05,4.2e-05,1.5e-05,0.000395,2.8e-05,0.000684,0.003325
hotpotqa,q_hop_000434,hybrid_rrf_fas_regularized,qrels_flip,synthetic corruption: qrels-derived edges with flip_prob=0.15,10,21,0.233333,7,4,True,1,4,1.0,1,2.0,2.0,2,2,10,ndcg_at_k,2.0,2,0.777778,0.777778,1.0,1.0,0.3,1.0,1.0,6.9e-05,4.2e-05,1.5e-05,0.000395,2.4e-05,0.000684,0.003325
hotpotqa,q_hop_000434,hybrid_rrf_balance_a05,qrels_flip,synthetic corruption: qrels-derived edges with flip_prob=0.15,10,21,0.233333,7,4,True,1,4,1.0,1,2.0,2.0,2,2,10,ndcg_at_k,2.0,2,0.777778,0.777778,1.0,1.0,0.3,1.0,1.0,6.9e-05,4.2e-05,1.5e-05,0.000395,2e-05,0.000684,0.003325
hotpotqa,q_hop_000434,hybrid_rrf_copeland_a03,qrels_flip,synthetic corruption: qrels-derived edges with flip_prob=0.15,10,21,0.233333,7,4,True,1,4,1.0,1,2.0,2.0,2,2,10,ndcg_at_k,2.0,2,0.777778,0.777778,1.0,1.0,0.3,1.0,1.0,6.9e-05,4.2e-05,1.5e-05,0.000395,1.8e-05,0.000684,0.003325
hotpotqa,q_hop_000434,hybrid_rrf_priority_topo_a03,qrels_flip,synthetic corruption: qrels-derived edges with flip_prob=0.15,10,21,0.233333,7,4,True,1,4,1.0,1,2.0,2.0,2,2,10,ndcg_at_k,1.0,1,0.2,0.2,0.88546,0.755556,0.3,1.0,0.857143,6.9e-05,4.2e-05,1.5e-05,0.000395,3.6e-05,0.000684,0.003325
hotpotqa,q_hop_000068,score_sum,qrels_flip,synthetic corruption: qrels-derived edges with flip_prob=0.15,10,16,0.177778,4,7,True,1,7,4.0,4,5.0,5.0,5,5,10,ndcg_at_k,5.0,5,0.733333,0.733333,1.0,1.0,0.2,1.0,1.0,6.7e-05,3.6e-05,1.2e-05,0.000545,1.5e-05,0.000684,0.004616
hotpotqa,q_hop_000068,borda,qrels_flip,synthetic corruption: qrels-derived edges with flip_prob=0.15,10,16,0.177778,4,7,True,1,7,4.0,4,5.0,5.0,5,5,10,ndcg_at_k,5.0,5,0.733333,0.733333,1.0,1.0,0.2,1.0,1.0,6.7e-05,3.6e-05,1.2e-05,0.000545,1.1e-05,0.000684,0.004616
hotpotqa,q_hop_000068,pagerank,qrels_flip,synthetic corruption: qrels-derived edges with flip_prob=0.15,10,16,0.177778,4,7,True,1,7,4.0,4,5.0,5.0,5,5,10,ndcg_at_k,5.0,5,0.511111,0.511111,1.0,1.0,0.2,1.0,1.0,6.7e-05,3.6e-05,1.2e-05,0.000545,0.003036,0.000684,0.004616
hotpotqa,q_hop_000068,greedy_fas_topological,qrels_flip,synthetic corruption: qrels-derived edges with flip_prob=0.15,10,16,0.177778,4,7,True,1,7,4.0,4,5.0,5.0,5,5,10,ndcg_at_k,4.0,4,0.066667,0.066667,0.44158,0.242857,0.2,1.0,0.4375,6.7e-05,3.6e-05,1.2e-05,0.000545,3.7e-05,0.000684,0.004616
hotpotqa,q_hop_000068,greedy_fas_weighted_balance,qrels_flip,synthetic corruption: qrels-derived edges with flip_prob=0.15,10,16,0.177778,4,7,True,1,7,4.0,4,5.0,5.0,5,5,10,ndcg_at_k,1.0,1,0.422222,0.422222,0.831555,0.666667,0.2,1.0,0.75,6.7e-05,3.6e-05,1.2e-05,0.000545,1.7e-05,0.000684,0.004616
hotpotqa,q_hop_000068,greedy_fas_copeland,qrels_flip,synthetic corruption: qrels-derived edges with flip_prob=0.15,10,16,0.177778,4,7,True,1,7,4.0,4,5.0,5.0,5,5,10,ndcg_at_k,1.0,1,0.422222,0.422222,0.831555,0.666667,0.2,1.0,0.75,6.7e-05,3.6e-05,1.2e-05,0.000545,1.6e-05,0.000684,0.004616
hotpotqa,q_hop_000068,greedy_fas_score_augmented_topological,qrels_flip,synthetic corruption: qrels-derived edges with flip_prob=0.15,10,16,0.177778,4,7,True,1,7,4.0,4,5.0,5.0,5,5,10,ndcg_at_k,4.0,4,-0.155556,-0.155556,0.44158,0.242857,0.2,1.0,0.4375,6.7e-05,3.6e-05,1.2e-05,0.000545,2.2e-05,0.000684,0.004616
hotpotqa,q_hop_000068,fas_balance_score_prior_alpha_beta,qrels_flip,synthetic corruption: qrels-derived edges with flip_prob=0.15,10,16,0.177778,4,7,True,1,7,4.0,4,5.0,5.0,5,5,10,ndcg_at_k,1.0,1,0.422222,0.422222,0.831555,0.666667,0.2,1.0,0.75,6.7e-05,3.6e-05,1.2e-05,0.000545,2.6e-05,0.000684,0.004616
hotpotqa,q_hop_000068,hybrid_rrf_fas_regularized,qrels_flip,synthetic corruption: qrels-derived edges with flip_prob=0.15,10,16,0.177778,4,7,True,1,7,4.0,4,5.0,5.0,5,5,10,ndcg_at_k,1.0,1,0.422222,0.422222,0.831555,0.666667,0.2,1.0,0.75,6.7e-05,3.6e-05,1.2e-05,0.000545,2.2e-05,0.000684,0.004616
hotpotqa,q_hop_000068,hybrid_rrf_balance_a05,qrels_flip,synthetic corruption: qrels-derived edges with flip_prob=0.15,10,16,0.177778,4,7,True,1,7,4.0,4,5.0,5.0,5,5,10,ndcg_at_k,1.0,1,0.422222,0.422222,0.831555,0.666667,0.2,1.0,0.75,6.7e-05,3.6e-05,1.2e-05,0.000545,1.8e-05,0.000684,0.004616
hotpotqa,q_hop_000068,hybrid_rrf_copeland_a03,qrels_flip,synthetic corruption: qrels-derived edges with flip_prob=0.15,10,16,0.177778,4,7,True,1,7,4.0,4,5.0,5.0,5,5,10,ndcg_at_k,1.0,1,0.422222,0.422222,0.831555,0.666667,0.2,1.0,0.75,6.7e-05,3.6e-05,1.2e-05,0.000545,1.9e-05,0.000684,0.004616
hotpotqa,q_hop_000068,hybrid_rrf_priority_topo_a03,qrels_flip,synthetic corruption: qrels-derived edges with flip_prob=0.15,10,16,0.177778,4,7,True,1,7,4.0,4,5.0,5.0,5,5,10,ndcg_at_k,4.0,4,-0.155556,-0.155556,0.44158,0.242857,0.2,1.0,0.4375,6.7e-05,3.6e-05,1.2e-05,0.000545,3.3e-05,0.000684,0.004616
hotpotqa,q_hop_000227,score_sum,qrels_flip,synthetic corruption: qrels-derived edges with flip_prob=0.15,10,21,0.233333,10,1,False,0,0,0,0,1.0,1.0,1,1,10,ndcg_at_k,1.0,1,0.733333,0.733333,1.0,1.0,0.3,1.0,1.0,7.2e-05,4.7e-05,1.8e-05,0.000279,1.6e-05,0.000687,0.002843
hotpotqa,q_hop_000227,borda,qrels_flip,synthetic corruption: qrels-derived edges with flip_prob=0.15,10,21,0.233333,10,1,False,0,0,0,0,1.0,1.0,1,1,10,ndcg_at_k,1.0,1,0.733333,0.733333,1.0,1.0,0.3,1.0,1.0,7.2e-05,4.7e-05,1.8e-05,0.000279,1.2e-05,0.000687,0.002843
hotpotqa,q_hop_000227,pagerank,qrels_flip,synthetic corruption: qrels-derived edges with flip_prob=0.15,10,21,0.233333,10,1,False,0,0,0,0,1.0,1.0,1,1,10,ndcg_at_k,0.0,0,0.155556,0.155556,0.967468,0.916667,0.3,1.0,0.952381,7.2e-05,4.7e-05,1.8e-05,0.000279,0.001492,0.000687,0.002843
hotpotqa,q_hop_000227,greedy_fas_topological,qrels_flip,synthetic corruption: qrels-derived edges with flip_prob=0.15,10,21,0.233333,10,1,False,0,0,0,0,1.0,1.0,1,1,10,ndcg_at_k,0.0,0,0.155556,0.155556,0.967468,0.916667,0.3,1.0,0.952381,7.2e-05,4.7e-05,1.8e-05,0.000279,3.8e-05,0.000687,0.002843
hotpotqa,q_hop_000227,greedy_fas_weighted_balance,qrels_flip,synthetic corruption: qrels-derived edges with flip_prob=0.15,10,21,0.233333,10,1,False,0,0,0,0,1.0,1.0,1,1,10,ndcg_at_k,1.0,1,0.733333,0.733333,1.0,1.0,0.3,1.0,1.0,7.2e-05,4.7e-05,1.8e-05,0.000279,1.9e-05,0.000687,0.002843
hotpotqa,q_hop_000227,greedy_fas_copeland,qrels_flip,synthetic corruption: qrels-derived edges with flip_prob=0.15,10,21,0.233333,10,1,False,0,0,0,0,1.0,1.0,1,1,10,ndcg_at_k,1.0,1,0.733333,0.733333,1.0,1.0,0.3,1.0,1.0,7.2e-05,4.7e-05,1.8e-05,0.000279,1.6e-05,0.000687,0.002843
hotpotqa,q_hop_000227,greedy_fas_score_augmented_topological,qrels_flip,synthetic corruption: qrels-derived edges with flip_prob=0.15,10,21,0.233333,10,1,False,0,0,0,0,1.0,1.0,1,1,10,ndcg_at_k,0.0,0,-0.022222,-0.022222,0.967468,0.916667,0.3,1.0,0.952381,7.2e-05,4.7e-05,1.8e-05,0.000279,2.3e-05,0.000687,0.002843
hotpotqa,q_hop_000227,fas_balance_score_prior_alpha_beta,qrels_flip,synthetic corruption: qrels-derived edges with flip_prob=0.15,10,21,0.233333,10,1,False,0,0,0,0,1.0,1.0,1,1,10,ndcg_at_k,1.0,1,0.733333,0.733333,1.0,1.0,0.3,1.0,1.0,7.2e-05,4.7e-05,1.8e-05,0.000279,2.8e-05,0.000687,0.002843
hotpotqa,q_hop_000227,hybrid_rrf_fas_regularized,qrels_flip,synthetic corruption: qrels-derived edges with flip_prob=0.15,10,21,0.233333,10,1,False,0,0,0,0,1.0,1.0,1,1,10,ndcg_at_k,1.0,1,0.733333,0.733333,1.0,1.0,0.3,1.0,1.0,7.2e-05,4.7e-05,1.8e-05,0.000279,2.3e-05,0.000687,0.002843
hotpotqa,q_hop_000227,hybrid_rrf_balance_a05,qrels_flip,synthetic corruption: qrels-derived edges with flip_prob=0.15,10,21,0.233333,10,1,False,0,0,0,0,1.0,1.0,1,1,10,ndcg_at_k,1.0,1,0.733333,0.733333,1.0,1.0,0.3,1.0,1.0,7.2e-05,4.7e-05,1.8e-05,0.000279,1.9e-05,0.000687,0.002843
hotpotqa,q_hop_000227,hybrid_rrf_copeland_a03,qrels_flip,synthetic corruption: qrels-derived edges with flip_prob=0.15,10,21,0.233333,10,1,False,0,0,0,0,1.0,1.0,1,1,10,ndcg_at_k,1.0,1,0.733333,0.733333,1.0,1.0,0.3,1.0,1.0,7.2e-05,4.7e-05,1.8e-05,0.000279,1.8e-05,0.000687,0.002843
hotpotqa,q_hop_000227,hybrid_rrf_priority_topo_a03,qrels_flip,synthetic corruption: qrels-derived edges with flip_prob=0.15,10,21,0.233333,10,1,False,0,0,0,0,1.0,1.0,1,1,10,ndcg_at_k,0.0,0,-0.022222,-0.022222,0.967468,0.916667,0.3,1.0,0.952381,7.2e-05,4.7e-05,1.8e-05,0.000279,3.6e-05,0.000687,0.002843
hotpotqa,q_hop_000151,score_sum,qrels_flip,synthetic corruption: qrels-derived edges with flip_prob=0.15,10,16,0.177778,5,6,True,1,6,2.0,2,6.0,6.0,6,6,10,ndcg_at_k,6.0,6,0.644444,0.644444,1.0,1.0,0.2,1.0,1.0,6.5e-05,5.2e-05,1.5e-05,0.000473,1.4e-05,0.000699,0.002874
hotpotqa,q_hop_000151,borda,qrels_flip,synthetic corruption: qrels-derived edges with flip_prob=0.15,10,16,0.177778,5,6,True,1,6,2.0,2,6.0,6.0,6,6,10,ndcg_at_k,6.0,6,0.644444,0.644444,1.0,1.0,0.2,1.0,1.0,6.5e-05,5.2e-05,1.5e-05,0.000473,1.1e-05,0.000699,0.002874
hotpotqa,q_hop_000151,pagerank,qrels_flip,synthetic corruption: qrels-derived edges with flip_prob=0.15,10,16,0.177778,5,6,True,1,6,2.0,2,6.0,6.0,6,6,10,ndcg_at_k,6.0,6,0.422222,0.422222,1.0,1.0,0.2,1.0,1.0,6.5e-05,5.2e-05,1.5e-05,0.000473,0.001325,0.000699,0.002874
hotpotqa,q_hop_000151,greedy_fas_topological,qrels_flip,synthetic corruption: qrels-derived edges with flip_prob=0.15,10,16,0.177778,5,6,True,1,6,2.0,2,6.0,6.0,6,6,10,ndcg_at_k,2.0,2,0.022222,0.022222,0.468451,0.267857,0.2,1.0,0.5,6.5e-05,5.2e-05,1.5e-05,0.000473,3.9e-05,0.000699,0.002874
hotpotqa,q_hop_000151,greedy_fas_weighted_balance,qrels_flip,synthetic corruption: qrels-derived edges with flip_prob=0.15,10,16,0.177778,5,6,True,1,6,2.0,2,6.0,6.0,6,6,10,ndcg_at_k,5.0,5,0.288889,0.288889,0.60526,0.416667,0.2,1.0,0.6875,6.5e-05,5.2e-05,1.5e-05,0.000473,2e-05,0.000699,0.002874
hotpotqa,q_hop_000151,greedy_fas_copeland,qrels_flip,synthetic corruption: qrels-derived edges with flip_prob=0.15,10,16,0.177778,5,6,True,1,6,2.0,2,6.0,6.0,6,6,10,ndcg_at_k,5.0,5,0.288889,0.288889,0.60526,0.416667,0.2,1.0,0.6875,6.5e-05,5.2e-05,1.5e-05,0.000473,1.8e-05,0.000699,0.002874
hotpotqa,q_hop_000151,greedy_fas_score_augmented_topological,qrels_flip,synthetic corruption: qrels-derived edges with flip_prob=0.15,10,16,0.177778,5,6,True,1,6,2.0,2,6.0,6.0,6,6,10,ndcg_at_k,2.0,2,-0.155556,-0.155556,0.468451,0.267857,0.2,1.0,0.5,6.5e-05,5.2e-05,1.5e-05,0.000473,2.1e-05,0.000699,0.002874
hotpotqa,q_hop_000151,fas_balance_score_prior_alpha_beta,qrels_flip,synthetic corruption: qrels-derived edges with flip_prob=0.15,10,16,0.177778,5,6,True,1,6,2.0,2,6.0,6.0,6,6,10,ndcg_at_k,5.0,5,0.466667,0.466667,0.919721,0.833333,0.2,1.0,0.9375,6.5e-05,5.2e-05,1.5e-05,0.000473,2.8e-05,0.000699,0.002874
hotpotqa,q_hop_000151,hybrid_rrf_fas_regularized,qrels_flip,synthetic corruption: qrels-derived edges with flip_prob=0.15,10,16,0.177778,5,6,True,1,6,2.0,2,6.0,6.0,6,6,10,ndcg_at_k,5.0,5,0.288889,0.288889,0.60526,0.416667,0.2,1.0,0.6875,6.5e-05,5.2e-05,1.5e-05,0.000473,2.3e-05,0.000699,0.002874
hotpotqa,q_hop_000151,hybrid_rrf_balance_a05,qrels_flip,synthetic corruption: qrels-derived edges with flip_prob=0.15,10,16,0.177778,5,6,True,1,6,2.0,2,6.0,6.0,6,6,10,ndcg_at_k,5.0,5,0.288889,0.288889,0.60526,0.416667,0.2,1.0,0.6875,6.5e-05,5.2e-05,1.5e-05,0.000473,1.8e-05,0.000699,0.002874
hotpotqa,q_hop_000151,hybrid_rrf_copeland_a03,qrels_flip,synthetic corruption: qrels-derived edges with flip_prob=0.15,10,16,0.177778,5,6,True,1,6,2.0,2,6.0,6.0,6,6,10,ndcg_at_k,5.0,5,0.288889,0.288889,0.60526,0.416667,0.2,1.0,0.6875,6.5e-05,5.2e-05,1.5e-05,0.000473,1.9e-05,0.000699,0.002874
hotpotqa,q_hop_000151,hybrid_rrf_priority_topo_a03,qrels_flip,synthetic corruption: qrels-derived edges with flip_prob=0.15,10,16,0.177778,5,6,True,1,6,2.0,2,6.0,6.0,6,6,10,ndcg_at_k,2.0,2,-0.066667,-0.066667,0.468451,0.267857,0.2,1.0,0.5,6.5e-05,5.2e-05,1.5e-05,0.000473,3.4e-05,0.000699,0.002874
hotpotqa,q_hop_000369,score_sum,qrels_flip,synthetic corruption: qrels-derived edges with flip_prob=0.15,10,16,0.177778,10,1,False,0,0,0,0,3.0,3.0,3,3,10,ndcg_at_k,3.0,3,0.777778,0.777778,1.0,1.0,0.2,1.0,1.0,8.7e-05,3.8e-05,1.8e-05,0.00034,1.4e-05,0.000643,0.003203
hotpotqa,q_hop_000369,borda,qrels_flip,synthetic corruption: qrels-derived edges with flip_prob=0.15,10,16,0.177778,10,1,False,0,0,0,0,3.0,3.0,3,3,10,ndcg_at_k,3.0,3,0.777778,0.777778,1.0,1.0,0.2,1.0,1.0,8.7e-05,3.8e-05,1.8e-05,0.00034,1.1e-05,0.000643,0.003203
hotpotqa,q_hop_000369,pagerank,qrels_flip,synthetic corruption: qrels-derived edges with flip_prob=0.15,10,16,0.177778,10,1,False,0,0,0,0,3.0,3.0,3,3,10,ndcg_at_k,3.0,3,0.555556,0.555556,1.0,1.0,0.2,1.0,1.0,8.7e-05,3.8e-05,1.8e-05,0.00034,0.001816,0.000643,0.003203
hotpotqa,q_hop_000369,greedy_fas_topological,qrels_flip,synthetic corruption: qrels-derived edges with flip_prob=0.15,10,16,0.177778,10,1,False,0,0,0,0,3.0,3.0,3,3,10,ndcg_at_k,0.0,0,0.422222,0.422222,0.850345,0.7,0.2,1.0,0.8125,8.7e-05,3.8e-05,1.8e-05,0.00034,3.8e-05,0.000643,0.003203
hotpotqa,q_hop_000369,greedy_fas_weighted_balance,qrels_flip,synthetic corruption: qrels-derived edges with flip_prob=0.15,10,16,0.177778,10,1,False,0,0,0,0,3.0,3.0,3,3,10,ndcg_at_k,3.0,3,0.777778,0.777778,1.0,1.0,0.2,1.0,1.0,8.7e-05,3.8e-05,1.8e-05,0.00034,1.8e-05,0.000643,0.003203
hotpotqa,q_hop_000369,greedy_fas_copeland,qrels_flip,synthetic corruption: qrels-derived edges with flip_prob=0.15,10,16,0.177778,10,1,False,0,0,0,0,3.0,3.0,3,3,10,ndcg_at_k,3.0,3,0.777778,0.777778,1.0,1.0,0.2,1.0,1.0,8.7e-05,3.8e-05,1.8e-05,0.00034,1.6e-05,0.000643,0.003203
hotpotqa,q_hop_000369,greedy_fas_score_augmented_topological,qrels_flip,synthetic corruption: qrels-derived edges with flip_prob=0.15,10,16,0.177778,10,1,False,0,0,0,0,3.0,3.0,3,3,10,ndcg_at_k,0.0,0,0.066667,0.066667,0.850345,0.7,0.2,1.0,0.8125,8.7e-05,3.8e-05,1.8e-05,0.00034,2.4e-05,0.000643,0.003203
hotpotqa,q_hop_000369,fas_balance_score_prior_alpha_beta,qrels_flip,synthetic corruption: qrels-derived edges with flip_prob=0.15,10,16,0.177778,10,1,False,0,0,0,0,3.0,3.0,3,3,10,ndcg_at_k,3.0,3,0.777778,0.777778,1.0,1.0,0.2,1.0,1.0,8.7e-05,3.8e-05,1.8e-05,0.00034,4.4e-05,0.000643,0.003203
hotpotqa,q_hop_000369,hybrid_rrf_fas_regularized,qrels_flip,synthetic corruption: qrels-derived edges with flip_prob=0.15,10,16,0.177778,10,1,False,0,0,0,0,3.0,3.0,3,3,10,ndcg_at_k,3.0,3,0.777778,0.777778,1.0,1.0,0.2,1.0,1.0,8.7e-05,3.8e-05,1.8e-05,0.00034,2.4e-05,0.000643,0.003203
hotpotqa,q_hop_000369,hybrid_rrf_balance_a05,qrels_flip,synthetic corruption: qrels-derived edges with flip_prob=0.15,10,16,0.177778,10,1,False,0,0,0,0,3.0,3.0,3,3,10,ndcg_at_k,3.0,3,0.777778,0.777778,1.0,1.0,0.2,1.0,1.0,8.7e-05,3.8e-05,1.8e-05,0.00034,1.9e-05,0.000643,0.003203
hotpotqa,q_hop_000369,hybrid_rrf_copeland_a03,qrels_flip,synthetic corruption: qrels-derived edges with flip_prob=0.15,10,16,0.177778,10,1,False,0,0,0,0,3.0,3.0,3,3,10,ndcg_at_k,3.0,3,0.777778,0.777778,1.0,1.0,0.2,1.0,1.0,8.7e-05,3.8e-05,1.8e-05,0.00034,1.8e-05,0.000643,0.003203
hotpotqa,q_hop_000369,hybrid_rrf_priority_topo_a03,qrels_flip,synthetic corruption: qrels-derived edges with flip_prob=0.15,10,16,0.177778,10,1,False,0,0,0,0,3.0,3.0,3,3,10,ndcg_at_k,0.0,0,0.066667,0.066667,0.850345,0.7,0.2,1.0,0.8125,8.7e-05,3.8e-05,1.8e-05,0.00034,3.5e-05,0.000643,0.003203
hotpotqa,q_hop_000217,score_sum,qrels_flip,synthetic corruption: qrels-derived edges with flip_prob=0.15,10,21,0.233333,7,4,True,1,4,1.0,1,2.0,1.0,2,1,10,ndcg_at_k,2.0,2,0.688889,0.688889,1.0,1.0,0.3,1.0,1.0,7.3e-05,4.5e-05,1.5e-05,0.000336,1.5e-05,0.000701,0.00331
hotpotqa,q_hop_000217,borda,qrels_flip,synthetic corruption: qrels-derived edges with flip_prob=0.15,10,21,0.233333,7,4,True,1,4,1.0,1,2.0,1.0,2,1,10,ndcg_at_k,2.0,2,0.688889,0.688889,1.0,1.0,0.3,1.0,1.0,7.3e-05,4.5e-05,1.5e-05,0.000336,1.2e-05,0.000701,0.00331
hotpotqa,q_hop_000217,pagerank,qrels_flip,synthetic corruption: qrels-derived edges with flip_prob=0.15,10,21,0.233333,7,4,True,1,4,1.0,1,2.0,1.0,2,1,10,ndcg_at_k,2.0,2,0.111111,0.111111,0.852928,0.7,0.3,1.0,0.809524,7.3e-05,4.5e-05,1.5e-05,0.000336,0.001881,0.000701,0.00331
hotpotqa,q_hop_000217,greedy_fas_topological,qrels_flip,synthetic corruption: qrels-derived edges with flip_prob=0.15,10,21,0.233333,7,4,True,1,4,1.0,1,2.0,1.0,2,1,10,ndcg_at_k,1.0,1,0.333333,0.333333,0.967468,0.916667,0.3,1.0,0.952381,7.3e-05,4.5e-05,1.5e-05,0.000336,4e-05,0.000701,0.00331
hotpotqa,q_hop_000217,greedy_fas_weighted_balance,qrels_flip,synthetic corruption: qrels-derived edges with flip_prob=0.15,10,21,0.233333,7,4,True,1,4,1.0,1,2.0,1.0,2,1,10,ndcg_at_k,2.0,2,0.688889,0.688889,1.0,1.0,0.3,1.0,1.0,7.3e-05,4.5e-05,1.5e-05,0.000336,1.9e-05,0.000701,0.00331
hotpotqa,q_hop_000217,greedy_fas_copeland,qrels_flip,synthetic corruption: qrels-derived edges with flip_prob=0.15,10,21,0.233333,7,4,True,1,4,1.0,1,2.0,1.0,2,1,10,ndcg_at_k,2.0,2,0.688889,0.688889,1.0,1.0,0.3,1.0,1.0,7.3e-05,4.5e-05,1.5e-05,0.000336,1.6e-05,0.000701,0.00331
hotpotqa,q_hop_000217,greedy_fas_score_augmented_topological,qrels_flip,synthetic corruption: qrels-derived edges with flip_prob=0.15,10,21,0.233333,7,4,True,1,4,1.0,1,2.0,1.0,2,1,10,ndcg_at_k,1.0,1,0.111111,0.111111,0.967468,0.916667,0.3,1.0,0.952381,7.3e-05,4.5e-05,1.5e-05,0.000336,2.7e-05,0.000701,0.00331
hotpotqa,q_hop_000217,fas_balance_score_prior_alpha_beta,qrels_flip,synthetic corruption: qrels-derived edges with flip_prob=0.15,10,21,0.233333,7,4,True,1,4,1.0,1,2.0,1.0,2,1,10,ndcg_at_k,2.0,2,0.688889,0.688889,1.0,1.0,0.3,1.0,1.0,7.3e-05,4.5e-05,1.5e-05,0.000336,2.9e-05,0.000701,0.00331
hotpotqa,q_hop_000217,hybrid_rrf_fas_regularized,qrels_flip,synthetic corruption: qrels-derived edges with flip_prob=0.15,10,21,0.233333,7,4,True,1,4,1.0,1,2.0,1.0,2,1,10,ndcg_at_k,2.0,2,0.688889,0.688889,1.0,1.0,0.3,1.0,1.0,7.3e-05,4.5e-05,1.5e-05,0.000336,2.4e-05,0.000701,0.00331
hotpotqa,q_hop_000217,hybrid_rrf_balance_a05,qrels_flip,synthetic corruption: qrels-derived edges with flip_prob=0.15,10,21,0.233333,7,4,True,1,4,1.0,1,2.0,1.0,2,1,10,ndcg_at_k,2.0,2,0.688889,0.688889,1.0,1.0,0.3,1.0,1.0,7.3e-05,4.5e-05,1.5e-05,0.000336,2.1e-05,0.000701,0.00331
hotpotqa,q_hop_000217,hybrid_rrf_copeland_a03,qrels_flip,synthetic corruption: qrels-derived edges with flip_prob=0.15,10,21,0.233333,7,4,True,1,4,1.0,1,2.0,1.0,2,1,10,ndcg_at_k,2.0,2,0.688889,0.688889,1.0,1.0,0.3,1.0,1.0,7.3e-05,4.5e-05,1.5e-05,0.000336,1.9e-05,0.000701,0.00331
hotpotqa,q_hop_000217,hybrid_rrf_priority_topo_a03,qrels_flip,synthetic corruption: qrels-derived edges with flip_prob=0.15,10,21,0.233333,7,4,True,1,4,1.0,1,2.0,1.0,2,1,10,ndcg_at_k,1.0,1,0.2,0.2,0.967468,0.916667,0.3,1.0,0.952381,7.3e-05,4.5e-05,1.5e-05,0.000336,3.7e-05,0.000701,0.00331
hotpotqa,q_hop_000154,score_sum,qrels_flip,synthetic corruption: qrels-derived edges with flip_prob=0.15,10,21,0.233333,7,4,True,1,4,1.0,1,2.0,2.0,2,2,10,ndcg_at_k,2.0,2,0.466667,0.466667,1.0,1.0,0.3,1.0,1.0,8.3e-05,4.9e-05,1.7e-05,0.00035,1.5e-05,0.000694,0.003375
hotpotqa,q_hop_000154,borda,qrels_flip,synthetic corruption: qrels-derived edges with flip_prob=0.15,10,21,0.233333,7,4,True,1,4,1.0,1,2.0,2.0,2,2,10,ndcg_at_k,2.0,2,0.466667,0.466667,1.0,1.0,0.3,1.0,1.0,8.3e-05,4.9e-05,1.7e-05,0.00035,1.1e-05,0.000694,0.003375
hotpotqa,q_hop_000154,pagerank,qrels_flip,synthetic corruption: qrels-derived edges with flip_prob=0.15,10,21,0.233333,7,4,True,1,4,1.0,1,2.0,2.0,2,2,10,ndcg_at_k,2.0,2,0.022222,0.022222,0.852928,0.7,0.3,1.0,0.809524,8.3e-05,4.9e-05,1.7e-05,0.00035,0.001926,0.000694,0.003375
hotpotqa,q_hop_000154,greedy_fas_topological,qrels_flip,synthetic corruption: qrels-derived edges with flip_prob=0.15,10,21,0.233333,7,4,True,1,4,1.0,1,2.0,2.0,2,2,10,ndcg_at_k,1.0,1,0.022222,0.022222,0.88546,0.755556,0.3,1.0,0.857143,8.3e-05,4.9e-05,1.7e-05,0.00035,4.1e-05,0.000694,0.003375
hotpotqa,q_hop_000154,greedy_fas_weighted_balance,qrels_flip,synthetic corruption: qrels-derived edges with flip_prob=0.15,10,21,0.233333,7,4,True,1,4,1.0,1,2.0,2.0,2,2,10,ndcg_at_k,2.0,2,0.422222,0.422222,1.0,1.0,0.3,1.0,1.0,8.3e-05,4.9e-05,1.7e-05,0.00035,1.9e-05,0.000694,0.003375
hotpotqa,q_hop_000154,greedy_fas_copeland,qrels_flip,synthetic corruption: qrels-derived edges with flip_prob=0.15,10,21,0.233333,7,4,True,1,4,1.0,1,2.0,2.0,2,2,10,ndcg_at_k,2.0,2,0.422222,0.422222,1.0,1.0,0.3,1.0,1.0,8.3e-05,4.9e-05,1.7e-05,0.00035,1.7e-05,0.000694,0.003375
hotpotqa,q_hop_000154,greedy_fas_score_augmented_topological,qrels_flip,synthetic corruption: qrels-derived edges with flip_prob=0.15,10,21,0.233333,7,4,True,1,4,1.0,1,2.0,2.0,2,2,10,ndcg_at_k,1.0,1,-0.155556,-0.155556,0.88546,0.755556,0.3,1.0,0.857143,8.3e-05,4.9e-05,1.7e-05,0.00035,2.3e-05,0.000694,0.003375
hotpotqa,q_hop_000154,fas_balance_score_prior_alpha_beta,qrels_flip,synthetic corruption: qrels-derived edges with flip_prob=0.15,10,21,0.233333,7,4,True,1,4,1.0,1,2.0,2.0,2,2,10,ndcg_at_k,2.0,2,0.422222,0.422222,1.0,1.0,0.3,1.0,1.0,8.3e-05,4.9e-05,1.7e-05,0.00035,3e-05,0.000694,0.003375
hotpotqa,q_hop_000154,hybrid_rrf_fas_regularized,qrels_flip,synthetic corruption: qrels-derived edges with flip_prob=0.15,10,21,0.233333,7,4,True,1,4,1.0,1,2.0,2.0,2,2,10,ndcg_at_k,2.0,2,0.422222,0.422222,1.0,1.0,0.3,1.0,1.0,8.3e-05,4.9e-05,1.7e-05,0.00035,2.4e-05,0.000694,0.003375
hotpotqa,q_hop_000154,hybrid_rrf_balance_a05,qrels_flip,synthetic corruption: qrels-derived edges with flip_prob=0.15,10,21,0.233333,7,4,True,1,4,1.0,1,2.0,2.0,2,2,10,ndcg_at_k,2.0,2,0.422222,0.422222,1.0,1.0,0.3,1.0,1.0,8.3e-05,4.9e-05,1.7e-05,0.00035,2e-05,0.000694,0.003375
hotpotqa,q_hop_000154,hybrid_rrf_copeland_a03,qrels_flip,synthetic corruption: qrels-derived edges with flip_prob=0.15,10,21,0.233333,7,4,True,1,4,1.0,1,2.0,2.0,2,2,10,ndcg_at_k,2.0,2,0.422222,0.422222,1.0,1.0,0.3,1.0,1.0,8.3e-05,4.9e-05,1.7e-05,0.00035,1.9e-05,0.000694,0.003375
hotpotqa,q_hop_000154,hybrid_rrf_priority_topo_a03,qrels_flip,synthetic corruption: qrels-derived edges with flip_prob=0.15,10,21,0.233333,7,4,True,1,4,1.0,1,2.0,2.0,2,2,10,ndcg_at_k,1.0,1,-0.155556,-0.155556,0.88546,0.755556,0.3,1.0,0.857143,8.3e-05,4.9e-05,1.7e-05,0.00035,3.7e-05,0.000694,0.003375
hotpotqa,q_hop_000177,score_sum,qrels_flip,synthetic corruption: qrels-derived edges with flip_prob=0.15,10,21,0.233333,10,1,False,0,0,0,0,3.0,3.0,3,3,10,ndcg_at_k,3.0,3,0.777778,0.777778,1.0,1.0,0.3,1.0,1.0,7.2e-05,4.4e-05,2e-05,0.00029,1.5e-05,0.000743,0.003052
hotpotqa,q_hop_000177,borda,qrels_flip,synthetic corruption: qrels-derived edges with flip_prob=0.15,10,21,0.233333,10,1,False,0,0,0,0,3.0,3.0,3,3,10,ndcg_at_k,3.0,3,0.777778,0.777778,1.0,1.0,0.3,1.0,1.0,7.2e-05,4.4e-05,2e-05,0.00029,1.2e-05,0.000743,0.003052
hotpotqa,q_hop_000177,pagerank,qrels_flip,synthetic corruption: qrels-derived edges with flip_prob=0.15,10,21,0.233333,10,1,False,0,0,0,0,3.0,3.0,3,3,10,ndcg_at_k,1.0,1,0.377778,0.377778,0.906025,0.805556,0.3,1.0,0.904762,7.2e-05,4.4e-05,2e-05,0.00029,0.001623,0.000743,0.003052
hotpotqa,q_hop_000177,greedy_fas_topological,qrels_flip,synthetic corruption: qrels-derived edges with flip_prob=0.15,10,21,0.233333,10,1,False,0,0,0,0,3.0,3.0,3,3,10,ndcg_at_k,0.0,0,0.333333,0.333333,0.88546,0.755556,0.3,1.0,0.857143,7.2e-05,4.4e-05,2e-05,0.00029,4.5e-05,0.000743,0.003052
hotpotqa,q_hop_000177,greedy_fas_weighted_balance,qrels_flip,synthetic corruption: qrels-derived edges with flip_prob=0.15,10,21,0.233333,10,1,False,0,0,0,0,3.0,3.0,3,3,10,ndcg_at_k,3.0,3,0.777778,0.777778,1.0,1.0,0.3,1.0,1.0,7.2e-05,4.4e-05,2e-05,0.00029,1.9e-05,0.000743,0.003052
hotpotqa,q_hop_000177,greedy_fas_copeland,qrels_flip,synthetic corruption: qrels-derived edges with flip_prob=0.15,10,21,0.233333,10,1,False,0,0,0,0,3.0,3.0,3,3,10,ndcg_at_k,3.0,3,0.777778,0.777778,1.0,1.0,0.3,1.0,1.0,7.2e-05,4.4e-05,2e-05,0.00029,1.6e-05,0.000743,0.003052
hotpotqa,q_hop_000177,greedy_fas_score_augmented_topological,qrels_flip,synthetic corruption: qrels-derived edges with flip_prob=0.15,10,21,0.233333,10,1,False,0,0,0,0,3.0,3.0,3,3,10,ndcg_at_k,0.0,0,0.2,0.2,0.88546,0.755556,0.3,1.0,0.857143,7.2e-05,4.4e-05,2e-05,0.00029,2.2e-05,0.000743,0.003052
hotpotqa,q_hop_000177,fas_balance_score_prior_alpha_beta,qrels_flip,synthetic corruption: qrels-derived edges with flip_prob=0.15,10,21,0.233333,10,1,False,0,0,0,0,3.0,3.0,3,3,10,ndcg_at_k,3.0,3,0.777778,0.777778,1.0,1.0,0.3,1.0,1.0,7.2e-05,4.4e-05,2e-05,0.00029,3e-05,0.000743,0.003052
hotpotqa,q_hop_000177,hybrid_rrf_fas_regularized,qrels_flip,synthetic corruption: qrels-derived edges with flip_prob=0.15,10,21,0.233333,10,1,False,0,0,0,0,3.0,3.0,3,3,10,ndcg_at_k,3.0,3,0.777778,0.777778,1.0,1.0,0.3,1.0,1.0,7.2e-05,4.4e-05,2e-05,0.00029,2.3e-05,0.000743,0.003052
hotpotqa,q_hop_000177,hybrid_rrf_balance_a05,qrels_flip,synthetic corruption: qrels-derived edges with flip_prob=0.15,10,21,0.233333,10,1,False,0,0,0,0,3.0,3.0,3,3,10,ndcg_at_k,3.0,3,0.777778,0.777778,1.0,1.0,0.3,1.0,1.0,7.2e-05,4.4e-05,2e-05,0.00029,2.1e-05,0.000743,0.003052
hotpotqa,q_hop_000177,hybrid_rrf_copeland_a03,qrels_flip,synthetic corruption: qrels-derived edges with flip_prob=0.15,10,21,0.233333,10,1,False,0,0,0,0,3.0,3.0,3,3,10,ndcg_at_k,3.0,3,0.777778,0.777778,1.0,1.0,0.3,1.0,1.0,7.2e-05,4.4e-05,2e-05,0.00029,1.9e-05,0.000743,0.003052
hotpotqa,q_hop_000177,hybrid_rrf_priority_topo_a03,qrels_flip,synthetic corruption: qrels-derived edges with flip_prob=0.15,10,21,0.233333,10,1,False,0,0,0,0,3.0,3.0,3,3,10,ndcg_at_k,0.0,0,0.2,0.2,0.88546,0.755556,0.3,1.0,0.857143,7.2e-05,4.4e-05,2e-05,0.00029,3.8e-05,0.000743,0.003052
hotpotqa,q_hop_000397,score_sum,qrels_flip,synthetic corruption: qrels-derived edges with flip_prob=0.15,10,16,0.177778,10,1,False,0,0,0,0,0.0,0.0,0,0,10,ndcg_at_k,0.0,0,1.0,1.0,1.0,1.0,0.2,1.0,1.0,6.4e-05,3.8e-05,1.7e-05,0.000229,1.3e-05,0.000622,0.002935
hotpotqa,q_hop_000397,borda,qrels_flip,synthetic corruption: qrels-derived edges with flip_prob=0.15,10,16,0.177778,10,1,False,0,0,0,0,0.0,0.0,0,0,10,ndcg_at_k,0.0,0,1.0,1.0,1.0,1.0,0.2,1.0,1.0,6.4e-05,3.8e-05,1.7e-05,0.000229,1.1e-05,0.000622,0.002935
hotpotqa,q_hop_000397,pagerank,qrels_flip,synthetic corruption: qrels-derived edges with flip_prob=0.15,10,16,0.177778,10,1,False,0,0,0,0,0.0,0.0,0,0,10,ndcg_at_k,0.0,0,0.155556,0.155556,1.0,1.0,0.2,1.0,1.0,6.4e-05,3.8e-05,1.7e-05,0.000229,0.001725,0.000622,0.002935
hotpotqa,q_hop_000397,greedy_fas_topological,qrels_flip,synthetic corruption: qrels-derived edges with flip_prob=0.15,10,16,0.177778,10,1,False,0,0,0,0,0.0,0.0,0,0,10,ndcg_at_k,0.0,0,0.155556,0.155556,1.0,1.0,0.2,1.0,1.0,6.4e-05,3.8e-05,1.7e-05,0.000229,3.7e-05,0.000622,0.002935
hotpotqa,q_hop_000397,greedy_fas_weighted_balance,qrels_flip,synthetic corruption: qrels-derived edges with flip_prob=0.15,10,16,0.177778,10,1,False,0,0,0,0,0.0,0.0,0,0,10,ndcg_at_k,0.0,0,1.0,1.0,1.0,1.0,0.2,1.0,1.0,6.4e-05,3.8e-05,1.7e-05,0.000229,1.7e-05,0.000622,0.002935
hotpotqa,q_hop_000397,greedy_fas_copeland,qrels_flip,synthetic corruption: qrels-derived edges with flip_prob=0.15,10,16,0.177778,10,1,False,0,0,0,0,0.0,0.0,0,0,10,ndcg_at_k,0.0,0,1.0,1.0,1.0,1.0,0.2,1.0,1.0,6.4e-05,3.8e-05,1.7e-05,0.000229,1.6e-05,0.000622,0.002935
hotpotqa,q_hop_000397,greedy_fas_score_augmented_topological,qrels_flip,synthetic corruption: qrels-derived edges with flip_prob=0.15,10,16,0.177778,10,1,False,0,0,0,0,0.0,0.0,0,0,10,ndcg_at_k,0.0,0,-0.288889,-0.288889,1.0,1.0,0.2,1.0,1.0,6.4e-05,3.8e-05,1.7e-05,0.000229,2.3e-05,0.000622,0.002935
hotpotqa,q_hop_000397,fas_balance_score_prior_alpha_beta,qrels_flip,synthetic corruption: qrels-derived edges with flip_prob=0.15,10,16,0.177778,10,1,False,0,0,0,0,0.0,0.0,0,0,10,ndcg_at_k,0.0,0,1.0,1.0,1.0,1.0,0.2,1.0,1.0,6.4e-05,3.8e-05,1.7e-05,0.000229,2.7e-05,0.000622,0.002935
hotpotqa,q_hop_000397,hybrid_rrf_fas_regularized,qrels_flip,synthetic corruption: qrels-derived edges with flip_prob=0.15,10,16,0.177778,10,1,False,0,0,0,0,0.0,0.0,0,0,10,ndcg_at_k,0.0,0,1.0,1.0,1.0,1.0,0.2,1.0,1.0,6.4e-05,3.8e-05,1.7e-05,0.000229,2.3e-05,0.000622,0.002935
hotpotqa,q_hop_000397,hybrid_rrf_balance_a05,qrels_flip,synthetic corruption: qrels-derived edges with flip_prob=0.15,10,16,0.177778,10,1,False,0,0,0,0,0.0,0.0,0,0,10,ndcg_at_k,0.0,0,1.0,1.0,1.0,1.0,0.2,1.0,1.0,6.4e-05,3.8e-05,1.7e-05,0.000229,1.8e-05,0.000622,0.002935
hotpotqa,q_hop_000397,hybrid_rrf_copeland_a03,qrels_flip,synthetic corruption: qrels-derived edges with flip_prob=0.15,10,16,0.177778,10,1,False,0,0,0,0,0.0,0.0,0,0,10,ndcg_at_k,0.0,0,1.0,1.0,1.0,1.0,0.2,1.0,1.0,6.4e-05,3.8e-05,1.7e-05,0.000229,1.8e-05,0.000622,0.002935
hotpotqa,q_hop_000397,hybrid_rrf_priority_topo_a03,qrels_flip,synthetic corruption: qrels-derived edges with flip_prob=0.15,10,16,0.177778,10,1,False,0,0,0,0,0.0,0.0,0,0,10,ndcg_at_k,0.0,0,-0.288889,-0.288889,1.0,1.0,0.2,1.0,1.0,6.4e-05,3.8e-05,1.7e-05,0.000229,3.7e-05,0.000622,0.002935
hotpotqa,q_hop_000139,score_sum,qrels_flip,synthetic corruption: qrels-derived edges with flip_prob=0.15,10,21,0.233333,10,1,False,0,0,0,0,3.0,3.0,3,3,10,ndcg_at_k,3.0,3,0.688889,0.688889,1.0,1.0,0.3,1.0,1.0,6.9e-05,6.1e-05,2e-05,0.00023,1.5e-05,0.000702,0.002989
hotpotqa,q_hop_000139,borda,qrels_flip,synthetic corruption: qrels-derived edges with flip_prob=0.15,10,21,0.233333,10,1,False,0,0,0,0,3.0,3.0,3,3,10,ndcg_at_k,3.0,3,0.688889,0.688889,1.0,1.0,0.3,1.0,1.0,6.9e-05,6.1e-05,2e-05,0.00023,1.2e-05,0.000702,0.002989
hotpotqa,q_hop_000139,pagerank,qrels_flip,synthetic corruption: qrels-derived edges with flip_prob=0.15,10,21,0.233333,10,1,False,0,0,0,0,3.0,3.0,3,3,10,ndcg_at_k,1.0,1,0.333333,0.333333,0.906025,0.805556,0.3,1.0,0.904762,6.9e-05,6.1e-05,2e-05,0.00023,0.001656,0.000702,0.002989
hotpotqa,q_hop_000139,greedy_fas_topological,qrels_flip,synthetic corruption: qrels-derived edges with flip_prob=0.15,10,21,0.233333,10,1,False,0,0,0,0,3.0,3.0,3,3,10,ndcg_at_k,0.0,0,0.288889,0.288889,0.88546,0.755556,0.3,1.0,0.857143,6.9e-05,6.1e-05,2e-05,0.00023,4.2e-05,0.000702,0.002989
hotpotqa,q_hop_000139,greedy_fas_weighted_balance,qrels_flip,synthetic corruption: qrels-derived edges with flip_prob=0.15,10,21,0.233333,10,1,False,0,0,0,0,3.0,3.0,3,3,10,ndcg_at_k,3.0,3,0.688889,0.688889,1.0,1.0,0.3,1.0,1.0,6.9e-05,6.1e-05,2e-05,0.00023,1.9e-05,0.000702,0.002989
hotpotqa,q_hop_000139,greedy_fas_copeland,qrels_flip,synthetic corruption: qrels-derived edges with flip_prob=0.15,10,21,0.233333,10,1,False,0,0,0,0,3.0,3.0,3,3,10,ndcg_at_k,3.0,3,0.688889,0.688889,1.0,1.0,0.3,1.0,1.0,6.9e-05,6.1e-05,2e-05,0.00023,1.7e-05,0.000702,0.002989
hotpotqa,q_hop_000139,greedy_fas_score_augmented_topological,qrels_flip,synthetic corruption: qrels-derived edges with flip_prob=0.15,10,21,0.233333,10,1,False,0,0,0,0,3.0,3.0,3,3,10,ndcg_at_k,0.0,0,0.111111,0.111111,0.88546,0.755556,0.3,1.0,0.857143,6.9e-05,6.1e-05,2e-05,0.00023,2.2e-05,0.000702,0.002989
hotpotqa,q_hop_000139,fas_balance_score_prior_alpha_beta,qrels_flip,synthetic corruption: qrels-derived edges with flip_prob=0.15,10,21,0.233333,10,1,False,0,0,0,0,3.0,3.0,3,3,10,ndcg_at_k,3.0,3,0.688889,0.688889,1.0,1.0,0.3,1.0,1.0,6.9e-05,6.1e-05,2e-05,0.00023,2.8e-05,0.000702,0.002989
hotpotqa,q_hop_000139,hybrid_rrf_fas_regularized,qrels_flip,synthetic corruption: qrels-derived edges with flip_prob=0.15,10,21,0.233333,10,1,False,0,0,0,0,3.0,3.0,3,3,10,ndcg_at_k,3.0,3,0.688889,0.688889,1.0,1.0,0.3,1.0,1.0,6.9e-05,6.1e-05,2e-05,0.00023,2.4e-05,0.000702,0.002989
hotpotqa,q_hop_000139,hybrid_rrf_balance_a05,qrels_flip,synthetic corruption: qrels-derived edges with flip_prob=0.15,10,21,0.233333,10,1,False,0,0,0,0,3.0,3.0,3,3,10,ndcg_at_k,3.0,3,0.688889,0.688889,1.0,1.0,0.3,1.0,1.0,6.9e-05,6.1e-05,2e-05,0.00023,1.9e-05,0.000702,0.002989
hotpotqa,q_hop_000139,hybrid_rrf_copeland_a03,qrels_flip,synthetic corruption: qrels-derived edges with flip_prob=0.15,10,21,0.233333,10,1,False,0,0,0,0,3.0,3.0,3,3,10,ndcg_at_k,3.0,3,0.688889,0.688889,1.0,1.0,0.3,1.0,1.0,6.9e-05,6.1e-05,2e-05,0.00023,1.8e-05,0.000702,0.002989
hotpotqa,q_hop_000139,hybrid_rrf_priority_topo_a03,qrels_flip,synthetic corruption: qrels-derived edges with flip_prob=0.15,10,21,0.233333,10,1,False,0,0,0,0,3.0,3.0,3,3,10,ndcg_at_k,0.0,0,0.111111,0.111111,0.88546,0.755556,0.3,1.0,0.857143,6.9e-05,6.1e-05,2e-05,0.00023,3.5e-05,0.000702,0.002989
hotpotqa,q_hop_000141,score_sum,qrels_flip,synthetic corruption: qrels-derived edges with flip_prob=0.15,10,21,0.233333,5,6,True,1,6,3.0,3,4.0,3.0,4,3,10,ndcg_at_k,4.0,4,0.688889,0.688889,1.0,1.0,0.3,1.0,1.0,7.2e-05,6.2e-05,1.5e-05,0.000604,1.7e-05,0.000721,0.003688
hotpotqa,q_hop_000141,borda,qrels_flip,synthetic corruption: qrels-derived edges with flip_prob=0.15,10,21,0.233333,5,6,True,1,6,3.0,3,4.0,3.0,4,3,10,ndcg_at_k,4.0,4,0.688889,0.688889,1.0,1.0,0.3,1.0,1.0,7.2e-05,6.2e-05,1.5e-05,0.000604,1.2e-05,0.000721,0.003688
hotpotqa,q_hop_000141,pagerank,qrels_flip,synthetic corruption: qrels-derived edges with flip_prob=0.15,10,21,0.233333,5,6,True,1,6,3.0,3,4.0,3.0,4,3,10,ndcg_at_k,4.0,4,0.377778,0.377778,1.0,1.0,0.3,1.0,1.0,7.2e-05,6.2e-05,1.5e-05,0.000604,0.001958,0.000721,0.003688
hotpotqa,q_hop_000141,greedy_fas_topological,qrels_flip,synthetic corruption: qrels-derived edges with flip_prob=0.15,10,21,0.233333,5,6,True,1,6,3.0,3,4.0,3.0,4,3,10,ndcg_at_k,2.0,2,0.155556,0.155556,0.827812,0.642857,0.3,1.0,0.714286,7.2e-05,6.2e-05,1.5e-05,0.000604,4.2e-05,0.000721,0.003688
hotpotqa,q_hop_000141,greedy_fas_weighted_balance,qrels_flip,synthetic corruption: qrels-derived edges with flip_prob=0.15,10,21,0.233333,5,6,True,1,6,3.0,3,4.0,3.0,4,3,10,ndcg_at_k,4.0,4,0.555556,0.555556,1.0,1.0,0.3,1.0,1.0,7.2e-05,6.2e-05,1.5e-05,0.000604,1.9e-05,0.000721,0.003688
hotpotqa,q_hop_000141,greedy_fas_copeland,qrels_flip,synthetic corruption: qrels-derived edges with flip_prob=0.15,10,21,0.233333,5,6,True,1,6,3.0,3,4.0,3.0,4,3,10,ndcg_at_k,4.0,4,0.555556,0.555556,1.0,1.0,0.3,1.0,1.0,7.2e-05,6.2e-05,1.5e-05,0.000604,1.7e-05,0.000721,0.003688
hotpotqa,q_hop_000141,greedy_fas_score_augmented_topological,qrels_flip,synthetic corruption: qrels-derived edges with flip_prob=0.15,10,21,0.233333,5,6,True,1,6,3.0,3,4.0,3.0,4,3,10,ndcg_at_k,2.0,2,0.066667,0.066667,0.827812,0.642857,0.3,1.0,0.714286,7.2e-05,6.2e-05,1.5e-05,0.000604,2.2e-05,0.000721,0.003688
hotpotqa,q_hop_000141,fas_balance_score_prior_alpha_beta,qrels_flip,synthetic corruption: qrels-derived edges with flip_prob=0.15,10,21,0.233333,5,6,True,1,6,3.0,3,4.0,3.0,4,3,10,ndcg_at_k,4.0,4,0.555556,0.555556,1.0,1.0,0.3,1.0,1.0,7.2e-05,6.2e-05,1.5e-05,0.000604,2.8e-05,0.000721,0.003688
hotpotqa,q_hop_000141,hybrid_rrf_fas_regularized,qrels_flip,synthetic corruption: qrels-derived edges with flip_prob=0.15,10,21,0.233333,5,6,True,1,6,3.0,3,4.0,3.0,4,3,10,ndcg_at_k,4.0,4,0.555556,0.555556,1.0,1.0,0.3,1.0,1.0,7.2e-05,6.2e-05,1.5e-05,0.000604,2.4e-05,0.000721,0.003688
hotpotqa,q_hop_000141,hybrid_rrf_balance_a05,qrels_flip,synthetic corruption: qrels-derived edges with flip_prob=0.15,10,21,0.233333,5,6,True,1,6,3.0,3,4.0,3.0,4,3,10,ndcg_at_k,4.0,4,0.555556,0.555556,1.0,1.0,0.3,1.0,1.0,7.2e-05,6.2e-05,1.5e-05,0.000604,1.9e-05,0.000721,0.003688
hotpotqa,q_hop_000141,hybrid_rrf_copeland_a03,qrels_flip,synthetic corruption: qrels-derived edges with flip_prob=0.15,10,21,0.233333,5,6,True,1,6,3.0,3,4.0,3.0,4,3,10,ndcg_at_k,4.0,4,0.555556,0.555556,1.0,1.0,0.3,1.0,1.0,7.2e-05,6.2e-05,1.5e-05,0.000604,1.9e-05,0.000721,0.003688
hotpotqa,q_hop_000141,hybrid_rrf_priority_topo_a03,qrels_flip,synthetic corruption: qrels-derived edges with flip_prob=0.15,10,21,0.233333,5,6,True,1,6,3.0,3,4.0,3.0,4,3,10,ndcg_at_k,3.0,3,0.155556,0.155556,0.838547,0.666667,0.3,1.0,0.761905,7.2e-05,6.2e-05,1.5e-05,0.000604,3.7e-05,0.000721,0.003688
hotpotqa,q_hop_000326,score_sum,qrels_flip,synthetic corruption: qrels-derived edges with flip_prob=0.15,10,21,0.233333,4,7,True,1,7,2.0,2,4.0,3.0,4,3,10,ndcg_at_k,4.0,4,0.6,0.6,1.0,1.0,0.3,1.0,1.0,7.3e-05,4.3e-05,1.3e-05,0.000375,1.5e-05,0.000693,0.004484
hotpotqa,q_hop_000326,borda,qrels_flip,synthetic corruption: qrels-derived edges with flip_prob=0.15,10,21,0.233333,4,7,True,1,7,2.0,2,4.0,3.0,4,3,10,ndcg_at_k,4.0,4,0.6,0.6,1.0,1.0,0.3,1.0,1.0,7.3e-05,4.3e-05,1.3e-05,0.000375,1.1e-05,0.000693,0.004484
hotpotqa,q_hop_000326,pagerank,qrels_flip,synthetic corruption: qrels-derived edges with flip_prob=0.15,10,21,0.233333,4,7,True,1,7,2.0,2,4.0,3.0,4,3,10,ndcg_at_k,4.0,4,0.377778,0.377778,1.0,1.0,0.3,1.0,1.0,7.3e-05,4.3e-05,1.3e-05,0.000375,0.003045,0.000693,0.004484
hotpotqa,q_hop_000326,greedy_fas_topological,qrels_flip,synthetic corruption: qrels-derived edges with flip_prob=0.15,10,21,0.233333,4,7,True,1,7,2.0,2,4.0,3.0,4,3,10,ndcg_at_k,2.0,2,0.111111,0.111111,0.871079,0.722222,0.3,1.0,0.809524,7.3e-05,4.3e-05,1.3e-05,0.000375,3.9e-05,0.000693,0.004484
hotpotqa,q_hop_000326,greedy_fas_weighted_balance,qrels_flip,synthetic corruption: qrels-derived edges with flip_prob=0.15,10,21,0.233333,4,7,True,1,7,2.0,2,4.0,3.0,4,3,10,ndcg_at_k,4.0,4,0.422222,0.422222,1.0,1.0,0.3,1.0,1.0,7.3e-05,4.3e-05,1.3e-05,0.000375,1.8e-05,0.000693,0.004484
hotpotqa,q_hop_000326,greedy_fas_copeland,qrels_flip,synthetic corruption: qrels-derived edges with flip_prob=0.15,10,21,0.233333,4,7,True,1,7,2.0,2,4.0,3.0,4,3,10,ndcg_at_k,4.0,4,0.422222,0.422222,1.0,1.0,0.3,1.0,1.0,7.3e-05,4.3e-05,1.3e-05,0.000375,1.6e-05,0.000693,0.004484
hotpotqa,q_hop_000326,greedy_fas_score_augmented_topological,qrels_flip,synthetic corruption: qrels-derived edges with flip_prob=0.15,10,21,0.233333,4,7,True,1,7,2.0,2,4.0,3.0,4,3,10,ndcg_at_k,2.0,2,-0.022222,-0.022222,0.871079,0.722222,0.3,1.0,0.809524,7.3e-05,4.3e-05,1.3e-05,0.000375,2.1e-05,0.000693,0.004484
hotpotqa,q_hop_000326,fas_balance_score_prior_alpha_beta,qrels_flip,synthetic corruption: qrels-derived edges with flip_prob=0.15,10,21,0.233333,4,7,True,1,7,2.0,2,4.0,3.0,4,3,10,ndcg_at_k,4.0,4,0.422222,0.422222,1.0,1.0,0.3,1.0,1.0,7.3e-05,4.3e-05,1.3e-05,0.000375,2.8e-05,0.000693,0.004484
hotpotqa,q_hop_000326,hybrid_rrf_fas_regularized,qrels_flip,synthetic corruption: qrels-derived edges with flip_prob=0.15,10,21,0.233333,4,7,True,1,7,2.0,2,4.0,3.0,4,3,10,ndcg_at_k,4.0,4,0.422222,0.422222,1.0,1.0,0.3,1.0,1.0,7.3e-05,4.3e-05,1.3e-05,0.000375,2.3e-05,0.000693,0.004484
hotpotqa,q_hop_000326,hybrid_rrf_balance_a05,qrels_flip,synthetic corruption: qrels-derived edges with flip_prob=0.15,10,21,0.233333,4,7,True,1,7,2.0,2,4.0,3.0,4,3,10,ndcg_at_k,4.0,4,0.422222,0.422222,1.0,1.0,0.3,1.0,1.0,7.3e-05,4.3e-05,1.3e-05,0.000375,2e-05,0.000693,0.004484
hotpotqa,q_hop_000326,hybrid_rrf_copeland_a03,qrels_flip,synthetic corruption: qrels-derived edges with flip_prob=0.15,10,21,0.233333,4,7,True,1,7,2.0,2,4.0,3.0,4,3,10,ndcg_at_k,4.0,4,0.422222,0.422222,1.0,1.0,0.3,1.0,1.0,7.3e-05,4.3e-05,1.3e-05,0.000375,1.8e-05,0.000693,0.004484
hotpotqa,q_hop_000326,hybrid_rrf_priority_topo_a03,qrels_flip,synthetic corruption: qrels-derived edges with flip_prob=0.15,10,21,0.233333,4,7,True,1,7,2.0,2,4.0,3.0,4,3,10,ndcg_at_k,2.0,2,0.066667,0.066667,0.871079,0.722222,0.3,1.0,0.809524,7.3e-05,4.3e-05,1.3e-05,0.000375,3.3e-05,0.000693,0.004484
hotpotqa,q_hop_000175,score_sum,qrels_flip,synthetic corruption: qrels-derived edges with flip_prob=0.15,10,21,0.233333,10,1,False,0,0,0,0,0.0,0.0,0,0,10,ndcg_at_k,0.0,0,1.0,1.0,1.0,1.0,0.3,1.0,1.0,6.8e-05,4.3e-05,1.8e-05,0.000283,2.4e-05,0.000671,0.002728
hotpotqa,q_hop_000175,borda,qrels_flip,synthetic corruption: qrels-derived edges with flip_prob=0.15,10,21,0.233333,10,1,False,0,0,0,0,0.0,0.0,0,0,10,ndcg_at_k,0.0,0,1.0,1.0,1.0,1.0,0.3,1.0,1.0,6.8e-05,4.3e-05,1.8e-05,0.000283,1.2e-05,0.000671,0.002728
hotpotqa,q_hop_000175,pagerank,qrels_flip,synthetic corruption: qrels-derived edges with flip_prob=0.15,10,21,0.233333,10,1,False,0,0,0,0,0.0,0.0,0,0,10,ndcg_at_k,0.0,0,0.244444,0.244444,1.0,1.0,0.3,1.0,1.0,6.8e-05,4.3e-05,1.8e-05,0.000283,0.001388,0.000671,0.002728
hotpotqa,q_hop_000175,greedy_fas_topological,qrels_flip,synthetic corruption: qrels-derived edges with flip_prob=0.15,10,21,0.233333,10,1,False,0,0,0,0,0.0,0.0,0,0,10,ndcg_at_k,0.0,0,0.244444,0.244444,1.0,1.0,0.3,1.0,1.0,6.8e-05,4.3e-05,1.8e-05,0.000283,3.5e-05,0.000671,0.002728
hotpotqa,q_hop_000175,greedy_fas_weighted_balance,qrels_flip,synthetic corruption: qrels-derived edges with flip_prob=0.15,10,21,0.233333,10,1,False,0,0,0,0,0.0,0.0,0,0,10,ndcg_at_k,0.0,0,1.0,1.0,1.0,1.0,0.3,1.0,1.0,6.8e-05,4.3e-05,1.8e-05,0.000283,1.9e-05,0.000671,0.002728
hotpotqa,q_hop_000175,greedy_fas_copeland,qrels_flip,synthetic corruption: qrels-derived edges with flip_prob=0.15,10,21,0.233333,10,1,False,0,0,0,0,0.0,0.0,0,0,10,ndcg_at_k,0.0,0,1.0,1.0,1.0,1.0,0.3,1.0,1.0,6.8e-05,4.3e-05,1.8e-05,0.000283,1.6e-05,0.000671,0.002728
hotpotqa,q_hop_000175,greedy_fas_score_augmented_topological,qrels_flip,synthetic corruption: qrels-derived edges with flip_prob=0.15,10,21,0.233333,10,1,False,0,0,0,0,0.0,0.0,0,0,10,ndcg_at_k,0.0,0,-0.066667,-0.066667,1.0,1.0,0.3,1.0,1.0,6.8e-05,4.3e-05,1.8e-05,0.000283,2.3e-05,0.000671,0.002728
hotpotqa,q_hop_000175,fas_balance_score_prior_alpha_beta,qrels_flip,synthetic corruption: qrels-derived edges with flip_prob=0.15,10,21,0.233333,10,1,False,0,0,0,0,0.0,0.0,0,0,10,ndcg_at_k,0.0,0,1.0,1.0,1.0,1.0,0.3,1.0,1.0,6.8e-05,4.3e-05,1.8e-05,0.000283,2.9e-05,0.000671,0.002728
hotpotqa,q_hop_000175,hybrid_rrf_fas_regularized,qrels_flip,synthetic corruption: qrels-derived edges with flip_prob=0.15,10,21,0.233333,10,1,False,0,0,0,0,0.0,0.0,0,0,10,ndcg_at_k,0.0,0,1.0,1.0,1.0,1.0,0.3,1.0,1.0,6.8e-05,4.3e-05,1.8e-05,0.000283,2.4e-05,0.000671,0.002728
hotpotqa,q_hop_000175,hybrid_rrf_balance_a05,qrels_flip,synthetic corruption: qrels-derived edges with flip_prob=0.15,10,21,0.233333,10,1,False,0,0,0,0,0.0,0.0,0,0,10,ndcg_at_k,0.0,0,1.0,1.0,1.0,1.0,0.3,1.0,1.0,6.8e-05,4.3e-05,1.8e-05,0.000283,2e-05,0.000671,0.002728
hotpotqa,q_hop_000175,hybrid_rrf_copeland_a03,qrels_flip,synthetic corruption: qrels-derived edges with flip_prob=0.15,10,21,0.233333,10,1,False,0,0,0,0,0.0,0.0,0,0,10,ndcg_at_k,0.0,0,1.0,1.0,1.0,1.0,0.3,1.0,1.0,6.8e-05,4.3e-05,1.8e-05,0.000283,1.8e-05,0.000671,0.002728
hotpotqa,q_hop_000175,hybrid_rrf_priority_topo_a03,qrels_flip,synthetic corruption: qrels-derived edges with flip_prob=0.15,10,21,0.233333,10,1,False,0,0,0,0,0.0,0.0,0,0,10,ndcg_at_k,0.0,0,-0.066667,-0.066667,1.0,1.0,0.3,1.0,1.0,6.8e-05,4.3e-05,1.8e-05,0.000283,3.7e-05,0.000671,0.002728
hotpotqa,q_hop_000170,score_sum,qrels_flip,synthetic corruption: qrels-derived edges with flip_prob=0.15,10,21,0.233333,6,5,True,1,5,2.0,2,6.0,4.0,6,4,10,ndcg_at_k,6.0,6,0.422222,0.422222,1.0,1.0,0.3,1.0,1.0,8e-05,6.1e-05,1.6e-05,0.000455,1.5e-05,0.000689,0.00276
hotpotqa,q_hop_000170,borda,qrels_flip,synthetic corruption: qrels-derived edges with flip_prob=0.15,10,21,0.233333,6,5,True,1,5,2.0,2,6.0,4.0,6,4,10,ndcg_at_k,6.0,6,0.422222,0.422222,1.0,1.0,0.3,1.0,1.0,8e-05,6.1e-05,1.6e-05,0.000455,1.1e-05,0.000689,0.00276
hotpotqa,q_hop_000170,pagerank,qrels_flip,synthetic corruption: qrels-derived edges with flip_prob=0.15,10,21,0.233333,6,5,True,1,5,2.0,2,6.0,4.0,6,4,10,ndcg_at_k,3.0,3,0.155556,0.155556,0.732829,0.638889,0.3,1.0,0.857143,8e-05,6.1e-05,1.6e-05,0.000455,0.001202,0.000689,0.00276
hotpotqa,q_hop_000170,greedy_fas_topological,qrels_flip,synthetic corruption: qrels-derived edges with flip_prob=0.15,10,21,0.233333,6,5,True,1,5,2.0,2,6.0,4.0,6,4,10,ndcg_at_k,2.0,2,0.155556,0.155556,0.712263,0.588889,0.3,1.0,0.809524,8e-05,6.1e-05,1.6e-05,0.000455,4.1e-05,0.000689,0.00276
hotpotqa,q_hop_000170,greedy_fas_weighted_balance,qrels_flip,synthetic corruption: qrels-derived edges with flip_prob=0.15,10,21,0.233333,6,5,True,1,5,2.0,2,6.0,4.0,6,4,10,ndcg_at_k,4.0,4,0.377778,0.377778,0.906025,0.805556,0.3,1.0,0.904762,8e-05,6.1e-05,1.6e-05,0.000455,2.1e-05,0.000689,0.00276
hotpotqa,q_hop_000170,greedy_fas_copeland,qrels_flip,synthetic corruption: qrels-derived edges with flip_prob=0.15,10,21,0.233333,6,5,True,1,5,2.0,2,6.0,4.0,6,4,10,ndcg_at_k,4.0,4,0.377778,0.377778,0.906025,0.805556,0.3,1.0,0.904762,8e-05,6.1e-05,1.6e-05,0.000455,1.6e-05,0.000689,0.00276
hotpotqa,q_hop_000170,greedy_fas_score_augmented_topological,qrels_flip,synthetic corruption: qrels-derived edges with flip_prob=0.15,10,21,0.233333,6,5,True,1,5,2.0,2,6.0,4.0,6,4,10,ndcg_at_k,2.0,2,0.066667,0.066667,0.712263,0.588889,0.3,1.0,0.809524,8e-05,6.1e-05,1.6e-05,0.000455,2.3e-05,0.000689,0.00276
hotpotqa,q_hop_000170,fas_balance_score_prior_alpha_beta,qrels_flip,synthetic corruption: qrels-derived edges with flip_prob=0.15,10,21,0.233333,6,5,True,1,5,2.0,2,6.0,4.0,6,4,10,ndcg_at_k,6.0,6,0.422222,0.422222,1.0,1.0,0.3,1.0,1.0,8e-05,6.1e-05,1.6e-05,0.000455,2.9e-05,0.000689,0.00276
hotpotqa,q_hop_000170,hybrid_rrf_fas_regularized,qrels_flip,synthetic corruption: qrels-derived edges with flip_prob=0.15,10,21,0.233333,6,5,True,1,5,2.0,2,6.0,4.0,6,4,10,ndcg_at_k,4.0,4,0.377778,0.377778,0.906025,0.805556,0.3,1.0,0.904762,8e-05,6.1e-05,1.6e-05,0.000455,2.5e-05,0.000689,0.00276
hotpotqa,q_hop_000170,hybrid_rrf_balance_a05,qrels_flip,synthetic corruption: qrels-derived edges with flip_prob=0.15,10,21,0.233333,6,5,True,1,5,2.0,2,6.0,4.0,6,4,10,ndcg_at_k,4.0,4,0.377778,0.377778,0.906025,0.805556,0.3,1.0,0.904762,8e-05,6.1e-05,1.6e-05,0.000455,2e-05,0.000689,0.00276
hotpotqa,q_hop_000170,hybrid_rrf_copeland_a03,qrels_flip,synthetic corruption: qrels-derived edges with flip_prob=0.15,10,21,0.233333,6,5,True,1,5,2.0,2,6.0,4.0,6,4,10,ndcg_at_k,4.0,4,0.377778,0.377778,0.906025,0.805556,0.3,1.0,0.904762,8e-05,6.1e-05,1.6e-05,0.000455,2e-05,0.000689,0.00276
hotpotqa,q_hop_000170,hybrid_rrf_priority_topo_a03,qrels_flip,synthetic corruption: qrels-derived edges with flip_prob=0.15,10,21,0.233333,6,5,True,1,5,2.0,2,6.0,4.0,6,4,10,ndcg_at_k,2.0,2,0.111111,0.111111,0.712263,0.588889,0.3,1.0,0.809524,8e-05,6.1e-05,1.6e-05,0.000455,3.6e-05,0.000689,0.00276
