dataset,query_id,method,preference_source,preference_source_note,n_nodes,n_edges,graph_density,n_sccs,largest_scc,is_cyclic,n_non_trivial_sccs,scc_cycle_burden,fas_weight_removed,fas_n_edges_removed,graph_ref_bew_pre,graph_ref_bew_post,graph_ref_pic_pre,graph_ref_pic_post,n_eval_candidates,primary_metric,backward_edge_weight,pairwise_inconsistency,kendall_tau,kendall_tau_legacy,ndcg_at_k,map_at_k,precision_at_k,recall_at_k,pairwise_accuracy,runtime_pref_gen_s,runtime_graph_build_s,runtime_cycle_detect_s,runtime_fas_solver_s,runtime_ranking_s,runtime_evaluation_s,runtime_total_s
bright,aops:aops_2020_AMC_10B_Problems/Problem_25,score_sum,qrels,label-derived pairwise preferences from qrels,20,96,0.252632,20,1,False,0,0,0,0,0.0,0.0,0,0,20,ndcg_at_k,0.0,0,1.0,0.111111,1.0,1.0,0.4,1.0,1.0,0.00077,0.000383,2.7e-05,0.00103,3e-05,0.000984,0.12396
bright,aops:aops_2020_AMC_10B_Problems/Problem_25,borda,qrels,label-derived pairwise preferences from qrels,20,96,0.252632,20,1,False,0,0,0,0,0.0,0.0,0,0,20,ndcg_at_k,0.0,0,1.0,0.111111,1.0,1.0,0.4,1.0,1.0,0.00077,0.000383,2.7e-05,0.00103,2.1e-05,0.000984,0.12396
bright,aops:aops_2020_AMC_10B_Problems/Problem_25,pagerank,qrels,label-derived pairwise preferences from qrels,20,96,0.252632,20,1,False,0,0,0,0,0.0,0.0,0,0,20,ndcg_at_k,0.0,0,0.505263,0.166667,1.0,1.0,0.4,1.0,1.0,0.00077,0.000383,2.7e-05,0.00103,0.120318,0.000984,0.12396
bright,aops:aops_2020_AMC_10B_Problems/Problem_25,greedy_fas_topological,qrels,label-derived pairwise preferences from qrels,20,96,0.252632,20,1,False,0,0,0,0,0.0,0.0,0,0,20,ndcg_at_k,0.0,0,0.505263,0.166667,1.0,1.0,0.4,1.0,1.0,0.00077,0.000383,2.7e-05,0.00103,5.5e-05,0.000984,0.12396
bright,aops:aops_2020_AMC_10B_Problems/Problem_25,greedy_fas_weighted_balance,qrels,label-derived pairwise preferences from qrels,20,96,0.252632,20,1,False,0,0,0,0,0.0,0.0,0,0,20,ndcg_at_k,0.0,0,1.0,0.111111,1.0,1.0,0.4,1.0,1.0,0.00077,0.000383,2.7e-05,0.00103,3.7e-05,0.000984,0.12396
bright,aops:aops_2020_AMC_10B_Problems/Problem_25,greedy_fas_copeland,qrels,label-derived pairwise preferences from qrels,20,96,0.252632,20,1,False,0,0,0,0,0.0,0.0,0,0,20,ndcg_at_k,0.0,0,1.0,0.111111,1.0,1.0,0.4,1.0,1.0,0.00077,0.000383,2.7e-05,0.00103,2.6e-05,0.000984,0.12396
bright,aops:aops_2020_AMC_10B_Problems/Problem_25,greedy_fas_score_augmented_topological,qrels,label-derived pairwise preferences from qrels,20,96,0.252632,20,1,False,0,0,0,0,0.0,0.0,0,0,20,ndcg_at_k,0.0,0,0.010526,0.333333,1.0,1.0,0.4,1.0,1.0,0.00077,0.000383,2.7e-05,0.00103,4.9e-05,0.000984,0.12396
bright,aops:aops_2020_AMC_10B_Problems/Problem_25,fas_balance_score_prior_alpha_beta,qrels,label-derived pairwise preferences from qrels,20,96,0.252632,20,1,False,0,0,0,0,0.0,0.0,0,0,20,ndcg_at_k,0.0,0,1.0,0.111111,1.0,1.0,0.4,1.0,1.0,0.00077,0.000383,2.7e-05,0.00103,6.6e-05,0.000984,0.12396
bright,aops:aops_2020_AMC_10B_Problems/Problem_25,hybrid_rrf_fas_regularized,qrels,label-derived pairwise preferences from qrels,20,96,0.252632,20,1,False,0,0,0,0,0.0,0.0,0,0,20,ndcg_at_k,0.0,0,1.0,0.111111,1.0,1.0,0.4,1.0,1.0,0.00077,0.000383,2.7e-05,0.00103,4.3e-05,0.000984,0.12396
bright,aops:aops_2020_AMC_10B_Problems/Problem_25,hybrid_rrf_balance_a05,qrels,label-derived pairwise preferences from qrels,20,96,0.252632,20,1,False,0,0,0,0,0.0,0.0,0,0,20,ndcg_at_k,0.0,0,1.0,0.111111,1.0,1.0,0.4,1.0,1.0,0.00077,0.000383,2.7e-05,0.00103,3.4e-05,0.000984,0.12396
bright,aops:aops_2020_AMC_10B_Problems/Problem_25,hybrid_rrf_copeland_a03,qrels,label-derived pairwise preferences from qrels,20,96,0.252632,20,1,False,0,0,0,0,0.0,0.0,0,0,20,ndcg_at_k,0.0,0,1.0,0.111111,1.0,1.0,0.4,1.0,1.0,0.00077,0.000383,2.7e-05,0.00103,2.4e-05,0.000984,0.12396
bright,aops:aops_2020_AMC_10B_Problems/Problem_25,hybrid_rrf_priority_topo_a03,qrels,label-derived pairwise preferences from qrels,20,96,0.252632,20,1,False,0,0,0,0,0.0,0.0,0,0,20,ndcg_at_k,0.0,0,0.010526,0.333333,1.0,1.0,0.4,1.0,1.0,0.00077,0.000383,2.7e-05,0.00103,6.3e-05,0.000984,0.12396
bright,theoremqa_questions:TheoremQA_elainewan/math_abstact_algebra_7_5.json,score_sum,qrels,label-derived pairwise preferences from qrels,20,36,0.094737,20,1,False,0,0,0,0,0.0,0.0,0,0,20,ndcg_at_k,0.0,0,1.0,-1.0,1.0,1.0,0.1,1.0,1.0,0.002319,7.9e-05,2.2e-05,0.000324,1.8e-05,0.000763,0.005215
bright,theoremqa_questions:TheoremQA_elainewan/math_abstact_algebra_7_5.json,borda,qrels,label-derived pairwise preferences from qrels,20,36,0.094737,20,1,False,0,0,0,0,0.0,0.0,0,0,20,ndcg_at_k,0.0,0,1.0,-1.0,1.0,1.0,0.1,1.0,1.0,0.002319,7.9e-05,2.2e-05,0.000324,1.6e-05,0.000763,0.005215
bright,theoremqa_questions:TheoremQA_elainewan/math_abstact_algebra_7_5.json,pagerank,qrels,label-derived pairwise preferences from qrels,20,36,0.094737,20,1,False,0,0,0,0,0.0,0.0,0,0,20,ndcg_at_k,0.0,0,0.136842,1.0,1.0,1.0,0.1,1.0,1.0,0.002319,7.9e-05,2.2e-05,0.000324,0.001374,0.000763,0.005215
bright,theoremqa_questions:TheoremQA_elainewan/math_abstact_algebra_7_5.json,greedy_fas_topological,qrels,label-derived pairwise preferences from qrels,20,36,0.094737,20,1,False,0,0,0,0,0.0,0.0,0,0,20,ndcg_at_k,0.0,0,0.136842,1.0,1.0,1.0,0.1,1.0,1.0,0.002319,7.9e-05,2.2e-05,0.000324,4.3e-05,0.000763,0.005215
bright,theoremqa_questions:TheoremQA_elainewan/math_abstact_algebra_7_5.json,greedy_fas_weighted_balance,qrels,label-derived pairwise preferences from qrels,20,36,0.094737,20,1,False,0,0,0,0,0.0,0.0,0,0,20,ndcg_at_k,0.0,0,1.0,-1.0,1.0,1.0,0.1,1.0,1.0,0.002319,7.9e-05,2.2e-05,0.000324,2.2e-05,0.000763,0.005215
bright,theoremqa_questions:TheoremQA_elainewan/math_abstact_algebra_7_5.json,greedy_fas_copeland,qrels,label-derived pairwise preferences from qrels,20,36,0.094737,20,1,False,0,0,0,0,0.0,0.0,0,0,20,ndcg_at_k,0.0,0,1.0,-1.0,1.0,1.0,0.1,1.0,1.0,0.002319,7.9e-05,2.2e-05,0.000324,2e-05,0.000763,0.005215
bright,theoremqa_questions:TheoremQA_elainewan/math_abstact_algebra_7_5.json,greedy_fas_score_augmented_topological,qrels,label-derived pairwise preferences from qrels,20,36,0.094737,20,1,False,0,0,0,0,0.0,0.0,0,0,20,ndcg_at_k,0.0,0,-0.621053,1.0,1.0,1.0,0.1,1.0,1.0,0.002319,7.9e-05,2.2e-05,0.000324,3.8e-05,0.000763,0.005215
bright,theoremqa_questions:TheoremQA_elainewan/math_abstact_algebra_7_5.json,fas_balance_score_prior_alpha_beta,qrels,label-derived pairwise preferences from qrels,20,36,0.094737,20,1,False,0,0,0,0,0.0,0.0,0,0,20,ndcg_at_k,0.0,0,1.0,-1.0,1.0,1.0,0.1,1.0,1.0,0.002319,7.9e-05,2.2e-05,0.000324,3.5e-05,0.000763,0.005215
bright,theoremqa_questions:TheoremQA_elainewan/math_abstact_algebra_7_5.json,hybrid_rrf_fas_regularized,qrels,label-derived pairwise preferences from qrels,20,36,0.094737,20,1,False,0,0,0,0,0.0,0.0,0,0,20,ndcg_at_k,0.0,0,1.0,-1.0,1.0,1.0,0.1,1.0,1.0,0.002319,7.9e-05,2.2e-05,0.000324,2.9e-05,0.000763,0.005215
bright,theoremqa_questions:TheoremQA_elainewan/math_abstact_algebra_7_5.json,hybrid_rrf_balance_a05,qrels,label-derived pairwise preferences from qrels,20,36,0.094737,20,1,False,0,0,0,0,0.0,0.0,0,0,20,ndcg_at_k,0.0,0,1.0,-1.0,1.0,1.0,0.1,1.0,1.0,0.002319,7.9e-05,2.2e-05,0.000324,2.3e-05,0.000763,0.005215
bright,theoremqa_questions:TheoremQA_elainewan/math_abstact_algebra_7_5.json,hybrid_rrf_copeland_a03,qrels,label-derived pairwise preferences from qrels,20,36,0.094737,20,1,False,0,0,0,0,0.0,0.0,0,0,20,ndcg_at_k,0.0,0,1.0,-1.0,1.0,1.0,0.1,1.0,1.0,0.002319,7.9e-05,2.2e-05,0.000324,2.4e-05,0.000763,0.005215
bright,theoremqa_questions:TheoremQA_elainewan/math_abstact_algebra_7_5.json,hybrid_rrf_priority_topo_a03,qrels,label-derived pairwise preferences from qrels,20,36,0.094737,20,1,False,0,0,0,0,0.0,0.0,0,0,20,ndcg_at_k,0.0,0,-0.621053,1.0,1.0,1.0,0.1,1.0,1.0,0.002319,7.9e-05,2.2e-05,0.000324,6.6e-05,0.000763,0.005215
bright,theoremqa_questions:TheoremQA_xueguangma/effective_rates_1.json,score_sum,qrels,label-derived pairwise preferences from qrels,2,1,0.5,2,1,False,0,0,0,0,0.0,0.0,0,0,2,ndcg_at_k,0.0,0,1.0,1.0,1.0,1.0,0.5,1.0,1.0,1.8e-05,1.8e-05,8e-06,8.4e-05,1.3e-05,0.000122,0.000978
bright,theoremqa_questions:TheoremQA_xueguangma/effective_rates_1.json,borda,qrels,label-derived pairwise preferences from qrels,2,1,0.5,2,1,False,0,0,0,0,0.0,0.0,0,0,2,ndcg_at_k,0.0,0,1.0,1.0,1.0,1.0,0.5,1.0,1.0,1.8e-05,1.8e-05,8e-06,8.4e-05,6e-06,0.000122,0.000978
bright,theoremqa_questions:TheoremQA_xueguangma/effective_rates_1.json,pagerank,qrels,label-derived pairwise preferences from qrels,2,1,0.5,2,1,False,0,0,0,0,0.0,0.0,0,0,2,ndcg_at_k,0.0,0,1.0,1.0,1.0,1.0,0.5,1.0,1.0,1.8e-05,1.8e-05,8e-06,8.4e-05,0.000639,0.000122,0.000978
bright,theoremqa_questions:TheoremQA_xueguangma/effective_rates_1.json,greedy_fas_topological,qrels,label-derived pairwise preferences from qrels,2,1,0.5,2,1,False,0,0,0,0,0.0,0.0,0,0,2,ndcg_at_k,0.0,0,1.0,1.0,1.0,1.0,0.5,1.0,1.0,1.8e-05,1.8e-05,8e-06,8.4e-05,1.7e-05,0.000122,0.000978
bright,theoremqa_questions:TheoremQA_xueguangma/effective_rates_1.json,greedy_fas_weighted_balance,qrels,label-derived pairwise preferences from qrels,2,1,0.5,2,1,False,0,0,0,0,0.0,0.0,0,0,2,ndcg_at_k,0.0,0,1.0,1.0,1.0,1.0,0.5,1.0,1.0,1.8e-05,1.8e-05,8e-06,8.4e-05,7e-06,0.000122,0.000978
bright,theoremqa_questions:TheoremQA_xueguangma/effective_rates_1.json,greedy_fas_copeland,qrels,label-derived pairwise preferences from qrels,2,1,0.5,2,1,False,0,0,0,0,0.0,0.0,0,0,2,ndcg_at_k,0.0,0,1.0,1.0,1.0,1.0,0.5,1.0,1.0,1.8e-05,1.8e-05,8e-06,8.4e-05,6e-06,0.000122,0.000978
bright,theoremqa_questions:TheoremQA_xueguangma/effective_rates_1.json,greedy_fas_score_augmented_topological,qrels,label-derived pairwise preferences from qrels,2,1,0.5,2,1,False,0,0,0,0,0.0,0.0,0,0,2,ndcg_at_k,0.0,0,1.0,1.0,1.0,1.0,0.5,1.0,1.0,1.8e-05,1.8e-05,8e-06,8.4e-05,5e-06,0.000122,0.000978
bright,theoremqa_questions:TheoremQA_xueguangma/effective_rates_1.json,fas_balance_score_prior_alpha_beta,qrels,label-derived pairwise preferences from qrels,2,1,0.5,2,1,False,0,0,0,0,0.0,0.0,0,0,2,ndcg_at_k,0.0,0,1.0,1.0,1.0,1.0,0.5,1.0,1.0,1.8e-05,1.8e-05,8e-06,8.4e-05,1.1e-05,0.000122,0.000978
bright,theoremqa_questions:TheoremQA_xueguangma/effective_rates_1.json,hybrid_rrf_fas_regularized,qrels,label-derived pairwise preferences from qrels,2,1,0.5,2,1,False,0,0,0,0,0.0,0.0,0,0,2,ndcg_at_k,0.0,0,1.0,1.0,1.0,1.0,0.5,1.0,1.0,1.8e-05,1.8e-05,8e-06,8.4e-05,8e-06,0.000122,0.000978
bright,theoremqa_questions:TheoremQA_xueguangma/effective_rates_1.json,hybrid_rrf_balance_a05,qrels,label-derived pairwise preferences from qrels,2,1,0.5,2,1,False,0,0,0,0,0.0,0.0,0,0,2,ndcg_at_k,0.0,0,1.0,1.0,1.0,1.0,0.5,1.0,1.0,1.8e-05,1.8e-05,8e-06,8.4e-05,5e-06,0.000122,0.000978
bright,theoremqa_questions:TheoremQA_xueguangma/effective_rates_1.json,hybrid_rrf_copeland_a03,qrels,label-derived pairwise preferences from qrels,2,1,0.5,2,1,False,0,0,0,0,0.0,0.0,0,0,2,ndcg_at_k,0.0,0,1.0,1.0,1.0,1.0,0.5,1.0,1.0,1.8e-05,1.8e-05,8e-06,8.4e-05,4e-06,0.000122,0.000978
bright,theoremqa_questions:TheoremQA_xueguangma/effective_rates_1.json,hybrid_rrf_priority_topo_a03,qrels,label-derived pairwise preferences from qrels,2,1,0.5,2,1,False,0,0,0,0,0.0,0.0,0,0,2,ndcg_at_k,0.0,0,1.0,1.0,1.0,1.0,0.5,1.0,1.0,1.8e-05,1.8e-05,8e-06,8.4e-05,7e-06,0.000122,0.000978
bright,theoremqa_questions:TheoremQA_wenhuchen/definite_matrix1.json,score_sum,qrels,label-derived pairwise preferences from qrels,20,19,0.05,20,1,False,0,0,0,0,0.0,0.0,0,0,20,ndcg_at_k,0.0,0,1.0,,1.0,1.0,0.05,1.0,1.0,0.002265,5.1e-05,2.4e-05,0.000218,1.5e-05,0.000687,0.004896
bright,theoremqa_questions:TheoremQA_wenhuchen/definite_matrix1.json,borda,qrels,label-derived pairwise preferences from qrels,20,19,0.05,20,1,False,0,0,0,0,0.0,0.0,0,0,20,ndcg_at_k,0.0,0,1.0,,1.0,1.0,0.05,1.0,1.0,0.002265,5.1e-05,2.4e-05,0.000218,1.4e-05,0.000687,0.004896
bright,theoremqa_questions:TheoremQA_wenhuchen/definite_matrix1.json,pagerank,qrels,label-derived pairwise preferences from qrels,20,19,0.05,20,1,False,0,0,0,0,0.0,0.0,0,0,20,ndcg_at_k,0.0,0,0.031579,,1.0,1.0,0.05,1.0,1.0,0.002265,5.1e-05,2.4e-05,0.000218,0.001368,0.000687,0.004896
bright,theoremqa_questions:TheoremQA_wenhuchen/definite_matrix1.json,greedy_fas_topological,qrels,label-derived pairwise preferences from qrels,20,19,0.05,20,1,False,0,0,0,0,0.0,0.0,0,0,20,ndcg_at_k,0.0,0,0.031579,,1.0,1.0,0.05,1.0,1.0,0.002265,5.1e-05,2.4e-05,0.000218,3.8e-05,0.000687,0.004896
bright,theoremqa_questions:TheoremQA_wenhuchen/definite_matrix1.json,greedy_fas_weighted_balance,qrels,label-derived pairwise preferences from qrels,20,19,0.05,20,1,False,0,0,0,0,0.0,0.0,0,0,20,ndcg_at_k,0.0,0,1.0,,1.0,1.0,0.05,1.0,1.0,0.002265,5.1e-05,2.4e-05,0.000218,1.7e-05,0.000687,0.004896
bright,theoremqa_questions:TheoremQA_wenhuchen/definite_matrix1.json,greedy_fas_copeland,qrels,label-derived pairwise preferences from qrels,20,19,0.05,20,1,False,0,0,0,0,0.0,0.0,0,0,20,ndcg_at_k,0.0,0,1.0,,1.0,1.0,0.05,1.0,1.0,0.002265,5.1e-05,2.4e-05,0.000218,2e-05,0.000687,0.004896
bright,theoremqa_questions:TheoremQA_wenhuchen/definite_matrix1.json,greedy_fas_score_augmented_topological,qrels,label-derived pairwise preferences from qrels,20,19,0.05,20,1,False,0,0,0,0,0.0,0.0,0,0,20,ndcg_at_k,0.0,0,-0.8,,1.0,1.0,0.05,1.0,1.0,0.002265,5.1e-05,2.4e-05,0.000218,3.7e-05,0.000687,0.004896
bright,theoremqa_questions:TheoremQA_wenhuchen/definite_matrix1.json,fas_balance_score_prior_alpha_beta,qrels,label-derived pairwise preferences from qrels,20,19,0.05,20,1,False,0,0,0,0,0.0,0.0,0,0,20,ndcg_at_k,0.0,0,1.0,,1.0,1.0,0.05,1.0,1.0,0.002265,5.1e-05,2.4e-05,0.000218,2.9e-05,0.000687,0.004896
bright,theoremqa_questions:TheoremQA_wenhuchen/definite_matrix1.json,hybrid_rrf_fas_regularized,qrels,label-derived pairwise preferences from qrels,20,19,0.05,20,1,False,0,0,0,0,0.0,0.0,0,0,20,ndcg_at_k,0.0,0,1.0,,1.0,1.0,0.05,1.0,1.0,0.002265,5.1e-05,2.4e-05,0.000218,2.3e-05,0.000687,0.004896
bright,theoremqa_questions:TheoremQA_wenhuchen/definite_matrix1.json,hybrid_rrf_balance_a05,qrels,label-derived pairwise preferences from qrels,20,19,0.05,20,1,False,0,0,0,0,0.0,0.0,0,0,20,ndcg_at_k,0.0,0,1.0,,1.0,1.0,0.05,1.0,1.0,0.002265,5.1e-05,2.4e-05,0.000218,1.8e-05,0.000687,0.004896
bright,theoremqa_questions:TheoremQA_wenhuchen/definite_matrix1.json,hybrid_rrf_copeland_a03,qrels,label-derived pairwise preferences from qrels,20,19,0.05,20,1,False,0,0,0,0,0.0,0.0,0,0,20,ndcg_at_k,0.0,0,1.0,,1.0,1.0,0.05,1.0,1.0,0.002265,5.1e-05,2.4e-05,0.000218,2.2e-05,0.000687,0.004896
bright,theoremqa_questions:TheoremQA_wenhuchen/definite_matrix1.json,hybrid_rrf_priority_topo_a03,qrels,label-derived pairwise preferences from qrels,20,19,0.05,20,1,False,0,0,0,0,0.0,0.0,0,0,20,ndcg_at_k,0.0,0,-0.8,,1.0,1.0,0.05,1.0,1.0,0.002265,5.1e-05,2.4e-05,0.000218,5e-05,0.000687,0.004896
bright,theoremqa_questions:TheoremQA_xinyi/dag_1.json,score_sum,qrels,label-derived pairwise preferences from qrels,20,36,0.094737,20,1,False,0,0,0,0,0.0,0.0,0,0,20,ndcg_at_k,0.0,0,1.0,1.0,1.0,1.0,0.1,1.0,1.0,0.0008,5.5e-05,1.9e-05,0.00028,1.6e-05,0.000735,0.003442
bright,theoremqa_questions:TheoremQA_xinyi/dag_1.json,borda,qrels,label-derived pairwise preferences from qrels,20,36,0.094737,20,1,False,0,0,0,0,0.0,0.0,0,0,20,ndcg_at_k,0.0,0,1.0,1.0,1.0,1.0,0.1,1.0,1.0,0.0008,5.5e-05,1.9e-05,0.00028,1.4e-05,0.000735,0.003442
bright,theoremqa_questions:TheoremQA_xinyi/dag_1.json,pagerank,qrels,label-derived pairwise preferences from qrels,20,36,0.094737,20,1,False,0,0,0,0,0.0,0.0,0,0,20,ndcg_at_k,0.0,0,0.115789,1.0,1.0,1.0,0.1,1.0,1.0,0.0008,5.5e-05,1.9e-05,0.00028,0.00125,0.000735,0.003442
bright,theoremqa_questions:TheoremQA_xinyi/dag_1.json,greedy_fas_topological,qrels,label-derived pairwise preferences from qrels,20,36,0.094737,20,1,False,0,0,0,0,0.0,0.0,0,0,20,ndcg_at_k,0.0,0,0.115789,1.0,1.0,1.0,0.1,1.0,1.0,0.0008,5.5e-05,1.9e-05,0.00028,4e-05,0.000735,0.003442
bright,theoremqa_questions:TheoremQA_xinyi/dag_1.json,greedy_fas_weighted_balance,qrels,label-derived pairwise preferences from qrels,20,36,0.094737,20,1,False,0,0,0,0,0.0,0.0,0,0,20,ndcg_at_k,0.0,0,1.0,1.0,1.0,1.0,0.1,1.0,1.0,0.0008,5.5e-05,1.9e-05,0.00028,2.1e-05,0.000735,0.003442
bright,theoremqa_questions:TheoremQA_xinyi/dag_1.json,greedy_fas_copeland,qrels,label-derived pairwise preferences from qrels,20,36,0.094737,20,1,False,0,0,0,0,0.0,0.0,0,0,20,ndcg_at_k,0.0,0,1.0,1.0,1.0,1.0,0.1,1.0,1.0,0.0008,5.5e-05,1.9e-05,0.00028,1.9e-05,0.000735,0.003442
bright,theoremqa_questions:TheoremQA_xinyi/dag_1.json,greedy_fas_score_augmented_topological,qrels,label-derived pairwise preferences from qrels,20,36,0.094737,20,1,False,0,0,0,0,0.0,0.0,0,0,20,ndcg_at_k,0.0,0,-0.621053,-1.0,1.0,1.0,0.1,1.0,1.0,0.0008,5.5e-05,1.9e-05,0.00028,3.7e-05,0.000735,0.003442
bright,theoremqa_questions:TheoremQA_xinyi/dag_1.json,fas_balance_score_prior_alpha_beta,qrels,label-derived pairwise preferences from qrels,20,36,0.094737,20,1,False,0,0,0,0,0.0,0.0,0,0,20,ndcg_at_k,0.0,0,1.0,1.0,1.0,1.0,0.1,1.0,1.0,0.0008,5.5e-05,1.9e-05,0.00028,3.3e-05,0.000735,0.003442
bright,theoremqa_questions:TheoremQA_xinyi/dag_1.json,hybrid_rrf_fas_regularized,qrels,label-derived pairwise preferences from qrels,20,36,0.094737,20,1,False,0,0,0,0,0.0,0.0,0,0,20,ndcg_at_k,0.0,0,1.0,1.0,1.0,1.0,0.1,1.0,1.0,0.0008,5.5e-05,1.9e-05,0.00028,2.7e-05,0.000735,0.003442
bright,theoremqa_questions:TheoremQA_xinyi/dag_1.json,hybrid_rrf_balance_a05,qrels,label-derived pairwise preferences from qrels,20,36,0.094737,20,1,False,0,0,0,0,0.0,0.0,0,0,20,ndcg_at_k,0.0,0,1.0,1.0,1.0,1.0,0.1,1.0,1.0,0.0008,5.5e-05,1.9e-05,0.00028,2.2e-05,0.000735,0.003442
bright,theoremqa_questions:TheoremQA_xinyi/dag_1.json,hybrid_rrf_copeland_a03,qrels,label-derived pairwise preferences from qrels,20,36,0.094737,20,1,False,0,0,0,0,0.0,0.0,0,0,20,ndcg_at_k,0.0,0,1.0,1.0,1.0,1.0,0.1,1.0,1.0,0.0008,5.5e-05,1.9e-05,0.00028,2.3e-05,0.000735,0.003442
bright,theoremqa_questions:TheoremQA_xinyi/dag_1.json,hybrid_rrf_priority_topo_a03,qrels,label-derived pairwise preferences from qrels,20,36,0.094737,20,1,False,0,0,0,0,0.0,0.0,0,0,20,ndcg_at_k,0.0,0,-0.621053,-1.0,1.0,1.0,0.1,1.0,1.0,0.0008,5.5e-05,1.9e-05,0.00028,5.1e-05,0.000735,0.003442
bright,leetcode:43,score_sum,qrels,label-derived pairwise preferences from qrels,20,36,0.094737,20,1,False,0,0,0,0,0.0,0.0,0,0,20,ndcg_at_k,0.0,0,1.0,1.0,1.0,1.0,0.1,1.0,1.0,0.0001,9.5e-05,1.8e-05,0.000276,1.6e-05,0.000735,0.002698
bright,leetcode:43,borda,qrels,label-derived pairwise preferences from qrels,20,36,0.094737,20,1,False,0,0,0,0,0.0,0.0,0,0,20,ndcg_at_k,0.0,0,1.0,1.0,1.0,1.0,0.1,1.0,1.0,0.0001,9.5e-05,1.8e-05,0.000276,1.2e-05,0.000735,0.002698
bright,leetcode:43,pagerank,qrels,label-derived pairwise preferences from qrels,20,36,0.094737,20,1,False,0,0,0,0,0.0,0.0,0,0,20,ndcg_at_k,0.0,0,0.178947,0.333333,1.0,1.0,0.1,1.0,1.0,0.0001,9.5e-05,1.8e-05,0.000276,0.001173,0.000735,0.002698
bright,leetcode:43,greedy_fas_topological,qrels,label-derived pairwise preferences from qrels,20,36,0.094737,20,1,False,0,0,0,0,0.0,0.0,0,0,20,ndcg_at_k,0.0,0,0.178947,0.333333,1.0,1.0,0.1,1.0,1.0,0.0001,9.5e-05,1.8e-05,0.000276,5e-05,0.000735,0.002698
bright,leetcode:43,greedy_fas_weighted_balance,qrels,label-derived pairwise preferences from qrels,20,36,0.094737,20,1,False,0,0,0,0,0.0,0.0,0,0,20,ndcg_at_k,0.0,0,1.0,1.0,1.0,1.0,0.1,1.0,1.0,0.0001,9.5e-05,1.8e-05,0.000276,1.9e-05,0.000735,0.002698
bright,leetcode:43,greedy_fas_copeland,qrels,label-derived pairwise preferences from qrels,20,36,0.094737,20,1,False,0,0,0,0,0.0,0.0,0,0,20,ndcg_at_k,0.0,0,1.0,1.0,1.0,1.0,0.1,1.0,1.0,0.0001,9.5e-05,1.8e-05,0.000276,1.8e-05,0.000735,0.002698
bright,leetcode:43,greedy_fas_score_augmented_topological,qrels,label-derived pairwise preferences from qrels,20,36,0.094737,20,1,False,0,0,0,0,0.0,0.0,0,0,20,ndcg_at_k,0.0,0,-0.621053,0.333333,1.0,1.0,0.1,1.0,1.0,0.0001,9.5e-05,1.8e-05,0.000276,3.7e-05,0.000735,0.002698
bright,leetcode:43,fas_balance_score_prior_alpha_beta,qrels,label-derived pairwise preferences from qrels,20,36,0.094737,20,1,False,0,0,0,0,0.0,0.0,0,0,20,ndcg_at_k,0.0,0,1.0,1.0,1.0,1.0,0.1,1.0,1.0,0.0001,9.5e-05,1.8e-05,0.000276,3.2e-05,0.000735,0.002698
bright,leetcode:43,hybrid_rrf_fas_regularized,qrels,label-derived pairwise preferences from qrels,20,36,0.094737,20,1,False,0,0,0,0,0.0,0.0,0,0,20,ndcg_at_k,0.0,0,1.0,1.0,1.0,1.0,0.1,1.0,1.0,0.0001,9.5e-05,1.8e-05,0.000276,2.5e-05,0.000735,0.002698
bright,leetcode:43,hybrid_rrf_balance_a05,qrels,label-derived pairwise preferences from qrels,20,36,0.094737,20,1,False,0,0,0,0,0.0,0.0,0,0,20,ndcg_at_k,0.0,0,1.0,1.0,1.0,1.0,0.1,1.0,1.0,0.0001,9.5e-05,1.8e-05,0.000276,2e-05,0.000735,0.002698
bright,leetcode:43,hybrid_rrf_copeland_a03,qrels,label-derived pairwise preferences from qrels,20,36,0.094737,20,1,False,0,0,0,0,0.0,0.0,0,0,20,ndcg_at_k,0.0,0,1.0,1.0,1.0,1.0,0.1,1.0,1.0,0.0001,9.5e-05,1.8e-05,0.000276,2.1e-05,0.000735,0.002698
bright,leetcode:43,hybrid_rrf_priority_topo_a03,qrels,label-derived pairwise preferences from qrels,20,36,0.094737,20,1,False,0,0,0,0,0.0,0.0,0,0,20,ndcg_at_k,0.0,0,-0.621053,0.333333,1.0,1.0,0.1,1.0,1.0,0.0001,9.5e-05,1.8e-05,0.000276,5.1e-05,0.000735,0.002698
bright,leetcode:71,score_sum,qrels,label-derived pairwise preferences from qrels,20,36,0.094737,20,1,False,0,0,0,0,0.0,0.0,0,0,20,ndcg_at_k,0.0,0,1.0,0.142857,1.0,1.0,0.1,1.0,1.0,8.3e-05,4.7e-05,1.8e-05,0.000267,1.5e-05,0.000747,0.00265
bright,leetcode:71,borda,qrels,label-derived pairwise preferences from qrels,20,36,0.094737,20,1,False,0,0,0,0,0.0,0.0,0,0,20,ndcg_at_k,0.0,0,1.0,0.142857,1.0,1.0,0.1,1.0,1.0,8.3e-05,4.7e-05,1.8e-05,0.000267,1.2e-05,0.000747,0.00265
bright,leetcode:71,pagerank,qrels,label-derived pairwise preferences from qrels,20,36,0.094737,20,1,False,0,0,0,0,0.0,0.0,0,0,20,ndcg_at_k,0.0,0,0.136842,0.333333,1.0,1.0,0.1,1.0,1.0,8.3e-05,4.7e-05,1.8e-05,0.000267,0.001198,0.000747,0.00265
bright,leetcode:71,greedy_fas_topological,qrels,label-derived pairwise preferences from qrels,20,36,0.094737,20,1,False,0,0,0,0,0.0,0.0,0,0,20,ndcg_at_k,0.0,0,0.136842,0.333333,1.0,1.0,0.1,1.0,1.0,8.3e-05,4.7e-05,1.8e-05,0.000267,3.8e-05,0.000747,0.00265
bright,leetcode:71,greedy_fas_weighted_balance,qrels,label-derived pairwise preferences from qrels,20,36,0.094737,20,1,False,0,0,0,0,0.0,0.0,0,0,20,ndcg_at_k,0.0,0,1.0,0.142857,1.0,1.0,0.1,1.0,1.0,8.3e-05,4.7e-05,1.8e-05,0.000267,1.8e-05,0.000747,0.00265
bright,leetcode:71,greedy_fas_copeland,qrels,label-derived pairwise preferences from qrels,20,36,0.094737,20,1,False,0,0,0,0,0.0,0.0,0,0,20,ndcg_at_k,0.0,0,1.0,0.142857,1.0,1.0,0.1,1.0,1.0,8.3e-05,4.7e-05,1.8e-05,0.000267,1.8e-05,0.000747,0.00265
bright,leetcode:71,greedy_fas_score_augmented_topological,qrels,label-derived pairwise preferences from qrels,20,36,0.094737,20,1,False,0,0,0,0,0.0,0.0,0,0,20,ndcg_at_k,0.0,0,-0.621053,0.809524,1.0,1.0,0.1,1.0,1.0,8.3e-05,4.7e-05,1.8e-05,0.000267,3.7e-05,0.000747,0.00265
bright,leetcode:71,fas_balance_score_prior_alpha_beta,qrels,label-derived pairwise preferences from qrels,20,36,0.094737,20,1,False,0,0,0,0,0.0,0.0,0,0,20,ndcg_at_k,0.0,0,1.0,0.142857,1.0,1.0,0.1,1.0,1.0,8.3e-05,4.7e-05,1.8e-05,0.000267,3.2e-05,0.000747,0.00265
bright,leetcode:71,hybrid_rrf_fas_regularized,qrels,label-derived pairwise preferences from qrels,20,36,0.094737,20,1,False,0,0,0,0,0.0,0.0,0,0,20,ndcg_at_k,0.0,0,1.0,0.142857,1.0,1.0,0.1,1.0,1.0,8.3e-05,4.7e-05,1.8e-05,0.000267,2.6e-05,0.000747,0.00265
bright,leetcode:71,hybrid_rrf_balance_a05,qrels,label-derived pairwise preferences from qrels,20,36,0.094737,20,1,False,0,0,0,0,0.0,0.0,0,0,20,ndcg_at_k,0.0,0,1.0,0.142857,1.0,1.0,0.1,1.0,1.0,8.3e-05,4.7e-05,1.8e-05,0.000267,2.1e-05,0.000747,0.00265
bright,leetcode:71,hybrid_rrf_copeland_a03,qrels,label-derived pairwise preferences from qrels,20,36,0.094737,20,1,False,0,0,0,0,0.0,0.0,0,0,20,ndcg_at_k,0.0,0,1.0,0.142857,1.0,1.0,0.1,1.0,1.0,8.3e-05,4.7e-05,1.8e-05,0.000267,2.1e-05,0.000747,0.00265
bright,leetcode:71,hybrid_rrf_priority_topo_a03,qrels,label-derived pairwise preferences from qrels,20,36,0.094737,20,1,False,0,0,0,0,0.0,0.0,0,0,20,ndcg_at_k,0.0,0,-0.621053,0.809524,1.0,1.0,0.1,1.0,1.0,8.3e-05,4.7e-05,1.8e-05,0.000267,5.2e-05,0.000747,0.00265
bright,leetcode:96,score_sum,qrels,label-derived pairwise preferences from qrels,20,51,0.134211,20,1,False,0,0,0,0,0.0,0.0,0,0,20,ndcg_at_k,0.0,0,1.0,0.333333,1.0,1.0,0.15,1.0,1.0,7.7e-05,5.8e-05,1.7e-05,0.000321,1.7e-05,0.000758,0.002647
bright,leetcode:96,borda,qrels,label-derived pairwise preferences from qrels,20,51,0.134211,20,1,False,0,0,0,0,0.0,0.0,0,0,20,ndcg_at_k,0.0,0,1.0,0.333333,1.0,1.0,0.15,1.0,1.0,7.7e-05,5.8e-05,1.7e-05,0.000321,1.2e-05,0.000758,0.002647
bright,leetcode:96,pagerank,qrels,label-derived pairwise preferences from qrels,20,51,0.134211,20,1,False,0,0,0,0,0.0,0.0,0,0,20,ndcg_at_k,0.0,0,0.515789,0.555556,1.0,1.0,0.15,1.0,1.0,7.7e-05,5.8e-05,1.7e-05,0.000321,0.001107,0.000758,0.002647
bright,leetcode:96,greedy_fas_topological,qrels,label-derived pairwise preferences from qrels,20,51,0.134211,20,1,False,0,0,0,0,0.0,0.0,0,0,20,ndcg_at_k,0.0,0,0.515789,0.555556,1.0,1.0,0.15,1.0,1.0,7.7e-05,5.8e-05,1.7e-05,0.000321,3.8e-05,0.000758,0.002647
bright,leetcode:96,greedy_fas_weighted_balance,qrels,label-derived pairwise preferences from qrels,20,51,0.134211,20,1,False,0,0,0,0,0.0,0.0,0,0,20,ndcg_at_k,0.0,0,1.0,0.333333,1.0,1.0,0.15,1.0,1.0,7.7e-05,5.8e-05,1.7e-05,0.000321,2.3e-05,0.000758,0.002647
bright,leetcode:96,greedy_fas_copeland,qrels,label-derived pairwise preferences from qrels,20,51,0.134211,20,1,False,0,0,0,0,0.0,0.0,0,0,20,ndcg_at_k,0.0,0,1.0,0.333333,1.0,1.0,0.15,1.0,1.0,7.7e-05,5.8e-05,1.7e-05,0.000321,1.8e-05,0.000758,0.002647
bright,leetcode:96,greedy_fas_score_augmented_topological,qrels,label-derived pairwise preferences from qrels,20,51,0.134211,20,1,False,0,0,0,0,0.0,0.0,0,0,20,ndcg_at_k,0.0,0,-0.463158,0.666667,1.0,1.0,0.15,1.0,1.0,7.7e-05,5.8e-05,1.7e-05,0.000321,3.7e-05,0.000758,0.002647
bright,leetcode:96,fas_balance_score_prior_alpha_beta,qrels,label-derived pairwise preferences from qrels,20,51,0.134211,20,1,False,0,0,0,0,0.0,0.0,0,0,20,ndcg_at_k,0.0,0,1.0,0.333333,1.0,1.0,0.15,1.0,1.0,7.7e-05,5.8e-05,1.7e-05,0.000321,3.6e-05,0.000758,0.002647
bright,leetcode:96,hybrid_rrf_fas_regularized,qrels,label-derived pairwise preferences from qrels,20,51,0.134211,20,1,False,0,0,0,0,0.0,0.0,0,0,20,ndcg_at_k,0.0,0,1.0,0.333333,1.0,1.0,0.15,1.0,1.0,7.7e-05,5.8e-05,1.7e-05,0.000321,2.7e-05,0.000758,0.002647
bright,leetcode:96,hybrid_rrf_balance_a05,qrels,label-derived pairwise preferences from qrels,20,51,0.134211,20,1,False,0,0,0,0,0.0,0.0,0,0,20,ndcg_at_k,0.0,0,1.0,0.333333,1.0,1.0,0.15,1.0,1.0,7.7e-05,5.8e-05,1.7e-05,0.000321,2.3e-05,0.000758,0.002647
bright,leetcode:96,hybrid_rrf_copeland_a03,qrels,label-derived pairwise preferences from qrels,20,51,0.134211,20,1,False,0,0,0,0,0.0,0.0,0,0,20,ndcg_at_k,0.0,0,1.0,0.333333,1.0,1.0,0.15,1.0,1.0,7.7e-05,5.8e-05,1.7e-05,0.000321,2e-05,0.000758,0.002647
bright,leetcode:96,hybrid_rrf_priority_topo_a03,qrels,label-derived pairwise preferences from qrels,20,51,0.134211,20,1,False,0,0,0,0,0.0,0.0,0,0,20,ndcg_at_k,0.0,0,-0.463158,0.666667,1.0,1.0,0.15,1.0,1.0,7.7e-05,5.8e-05,1.7e-05,0.000321,5.8e-05,0.000758,0.002647
bright,theoremqa_questions:TheoremQA_xueguangma/present_value_2.json,score_sum,qrels,label-derived pairwise preferences from qrels,2,1,0.5,2,1,False,0,0,0,0,0.0,0.0,0,0,2,ndcg_at_k,0.0,0,1.0,1.0,1.0,1.0,0.5,1.0,1.0,1.4e-05,1.3e-05,7e-06,7.8e-05,4e-06,0.000128,0.000913
bright,theoremqa_questions:TheoremQA_xueguangma/present_value_2.json,borda,qrels,label-derived pairwise preferences from qrels,2,1,0.5,2,1,False,0,0,0,0,0.0,0.0,0,0,2,ndcg_at_k,0.0,0,1.0,1.0,1.0,1.0,0.5,1.0,1.0,1.4e-05,1.3e-05,7e-06,7.8e-05,4e-06,0.000128,0.000913
bright,theoremqa_questions:TheoremQA_xueguangma/present_value_2.json,pagerank,qrels,label-derived pairwise preferences from qrels,2,1,0.5,2,1,False,0,0,0,0,0.0,0.0,0,0,2,ndcg_at_k,0.0,0,1.0,1.0,1.0,1.0,0.5,1.0,1.0,1.4e-05,1.3e-05,7e-06,7.8e-05,0.000601,0.000128,0.000913
bright,theoremqa_questions:TheoremQA_xueguangma/present_value_2.json,greedy_fas_topological,qrels,label-derived pairwise preferences from qrels,2,1,0.5,2,1,False,0,0,0,0,0.0,0.0,0,0,2,ndcg_at_k,0.0,0,1.0,1.0,1.0,1.0,0.5,1.0,1.0,1.4e-05,1.3e-05,7e-06,7.8e-05,1.5e-05,0.000128,0.000913
bright,theoremqa_questions:TheoremQA_xueguangma/present_value_2.json,greedy_fas_weighted_balance,qrels,label-derived pairwise preferences from qrels,2,1,0.5,2,1,False,0,0,0,0,0.0,0.0,0,0,2,ndcg_at_k,0.0,0,1.0,1.0,1.0,1.0,0.5,1.0,1.0,1.4e-05,1.3e-05,7e-06,7.8e-05,6e-06,0.000128,0.000913
bright,theoremqa_questions:TheoremQA_xueguangma/present_value_2.json,greedy_fas_copeland,qrels,label-derived pairwise preferences from qrels,2,1,0.5,2,1,False,0,0,0,0,0.0,0.0,0,0,2,ndcg_at_k,0.0,0,1.0,1.0,1.0,1.0,0.5,1.0,1.0,1.4e-05,1.3e-05,7e-06,7.8e-05,5e-06,0.000128,0.000913
bright,theoremqa_questions:TheoremQA_xueguangma/present_value_2.json,greedy_fas_score_augmented_topological,qrels,label-derived pairwise preferences from qrels,2,1,0.5,2,1,False,0,0,0,0,0.0,0.0,0,0,2,ndcg_at_k,0.0,0,1.0,1.0,1.0,1.0,0.5,1.0,1.0,1.4e-05,1.3e-05,7e-06,7.8e-05,5e-06,0.000128,0.000913
bright,theoremqa_questions:TheoremQA_xueguangma/present_value_2.json,fas_balance_score_prior_alpha_beta,qrels,label-derived pairwise preferences from qrels,2,1,0.5,2,1,False,0,0,0,0,0.0,0.0,0,0,2,ndcg_at_k,0.0,0,1.0,1.0,1.0,1.0,0.5,1.0,1.0,1.4e-05,1.3e-05,7e-06,7.8e-05,9e-06,0.000128,0.000913
bright,theoremqa_questions:TheoremQA_xueguangma/present_value_2.json,hybrid_rrf_fas_regularized,qrels,label-derived pairwise preferences from qrels,2,1,0.5,2,1,False,0,0,0,0,0.0,0.0,0,0,2,ndcg_at_k,0.0,0,1.0,1.0,1.0,1.0,0.5,1.0,1.0,1.4e-05,1.3e-05,7e-06,7.8e-05,6e-06,0.000128,0.000913
bright,theoremqa_questions:TheoremQA_xueguangma/present_value_2.json,hybrid_rrf_balance_a05,qrels,label-derived pairwise preferences from qrels,2,1,0.5,2,1,False,0,0,0,0,0.0,0.0,0,0,2,ndcg_at_k,0.0,0,1.0,1.0,1.0,1.0,0.5,1.0,1.0,1.4e-05,1.3e-05,7e-06,7.8e-05,5e-06,0.000128,0.000913
bright,theoremqa_questions:TheoremQA_xueguangma/present_value_2.json,hybrid_rrf_copeland_a03,qrels,label-derived pairwise preferences from qrels,2,1,0.5,2,1,False,0,0,0,0,0.0,0.0,0,0,2,ndcg_at_k,0.0,0,1.0,1.0,1.0,1.0,0.5,1.0,1.0,1.4e-05,1.3e-05,7e-06,7.8e-05,5e-06,0.000128,0.000913
bright,theoremqa_questions:TheoremQA_xueguangma/present_value_2.json,hybrid_rrf_priority_topo_a03,qrels,label-derived pairwise preferences from qrels,2,1,0.5,2,1,False,0,0,0,0,0.0,0.0,0,0,2,ndcg_at_k,0.0,0,1.0,1.0,1.0,1.0,0.5,1.0,1.0,1.4e-05,1.3e-05,7e-06,7.8e-05,8e-06,0.000128,0.000913
bright,aops:math_test_counting_and_probability_838,score_sum,qrels,label-derived pairwise preferences from qrels,20,64,0.168421,20,1,False,0,0,0,0,0.0,0.0,0,0,20,ndcg_at_k,0.0,0,1.0,0.0,1.0,1.0,0.2,1.0,1.0,0.000723,0.000184,2e-05,0.000367,1.9e-05,0.000796,0.00349
bright,aops:math_test_counting_and_probability_838,borda,qrels,label-derived pairwise preferences from qrels,20,64,0.168421,20,1,False,0,0,0,0,0.0,0.0,0,0,20,ndcg_at_k,0.0,0,1.0,0.0,1.0,1.0,0.2,1.0,1.0,0.000723,0.000184,2e-05,0.000367,1.3e-05,0.000796,0.00349
bright,aops:math_test_counting_and_probability_838,pagerank,qrels,label-derived pairwise preferences from qrels,20,64,0.168421,20,1,False,0,0,0,0,0.0,0.0,0,0,20,ndcg_at_k,0.0,0,0.284211,0.333333,1.0,1.0,0.2,1.0,1.0,0.000723,0.000184,2e-05,0.000367,0.001069,0.000796,0.00349
bright,aops:math_test_counting_and_probability_838,greedy_fas_topological,qrels,label-derived pairwise preferences from qrels,20,64,0.168421,20,1,False,0,0,0,0,0.0,0.0,0,0,20,ndcg_at_k,0.0,0,0.284211,0.333333,1.0,1.0,0.2,1.0,1.0,0.000723,0.000184,2e-05,0.000367,4.3e-05,0.000796,0.00349
bright,aops:math_test_counting_and_probability_838,greedy_fas_weighted_balance,qrels,label-derived pairwise preferences from qrels,20,64,0.168421,20,1,False,0,0,0,0,0.0,0.0,0,0,20,ndcg_at_k,0.0,0,1.0,0.0,1.0,1.0,0.2,1.0,1.0,0.000723,0.000184,2e-05,0.000367,2.6e-05,0.000796,0.00349
bright,aops:math_test_counting_and_probability_838,greedy_fas_copeland,qrels,label-derived pairwise preferences from qrels,20,64,0.168421,20,1,False,0,0,0,0,0.0,0.0,0,0,20,ndcg_at_k,0.0,0,1.0,0.0,1.0,1.0,0.2,1.0,1.0,0.000723,0.000184,2e-05,0.000367,1.8e-05,0.000796,0.00349
bright,aops:math_test_counting_and_probability_838,greedy_fas_score_augmented_topological,qrels,label-derived pairwise preferences from qrels,20,64,0.168421,20,1,False,0,0,0,0,0.0,0.0,0,0,20,ndcg_at_k,0.0,0,-0.326316,0.0,1.0,1.0,0.2,1.0,1.0,0.000723,0.000184,2e-05,0.000367,4.3e-05,0.000796,0.00349
bright,aops:math_test_counting_and_probability_838,fas_balance_score_prior_alpha_beta,qrels,label-derived pairwise preferences from qrels,20,64,0.168421,20,1,False,0,0,0,0,0.0,0.0,0,0,20,ndcg_at_k,0.0,0,1.0,0.0,1.0,1.0,0.2,1.0,1.0,0.000723,0.000184,2e-05,0.000367,3.6e-05,0.000796,0.00349
bright,aops:math_test_counting_and_probability_838,hybrid_rrf_fas_regularized,qrels,label-derived pairwise preferences from qrels,20,64,0.168421,20,1,False,0,0,0,0,0.0,0.0,0,0,20,ndcg_at_k,0.0,0,1.0,0.0,1.0,1.0,0.2,1.0,1.0,0.000723,0.000184,2e-05,0.000367,3e-05,0.000796,0.00349
bright,aops:math_test_counting_and_probability_838,hybrid_rrf_balance_a05,qrels,label-derived pairwise preferences from qrels,20,64,0.168421,20,1,False,0,0,0,0,0.0,0.0,0,0,20,ndcg_at_k,0.0,0,1.0,0.0,1.0,1.0,0.2,1.0,1.0,0.000723,0.000184,2e-05,0.000367,2.4e-05,0.000796,0.00349
bright,aops:math_test_counting_and_probability_838,hybrid_rrf_copeland_a03,qrels,label-derived pairwise preferences from qrels,20,64,0.168421,20,1,False,0,0,0,0,0.0,0.0,0,0,20,ndcg_at_k,0.0,0,1.0,0.0,1.0,1.0,0.2,1.0,1.0,0.000723,0.000184,2e-05,0.000367,2.1e-05,0.000796,0.00349
bright,aops:math_test_counting_and_probability_838,hybrid_rrf_priority_topo_a03,qrels,label-derived pairwise preferences from qrels,20,64,0.168421,20,1,False,0,0,0,0,0.0,0.0,0,0,20,ndcg_at_k,0.0,0,-0.326316,0.0,1.0,1.0,0.2,1.0,1.0,0.000723,0.000184,2e-05,0.000367,5.8e-05,0.000796,0.00349
bright,aops:math_train_number_theory_7066,score_sum,qrels,label-derived pairwise preferences from qrels,20,64,0.168421,20,1,False,0,0,0,0,0.0,0.0,0,0,20,ndcg_at_k,0.0,0,1.0,0.0,1.0,1.0,0.2,1.0,1.0,0.000721,8.2e-05,2e-05,0.000513,2e-05,0.00079,0.0035
bright,aops:math_train_number_theory_7066,borda,qrels,label-derived pairwise preferences from qrels,20,64,0.168421,20,1,False,0,0,0,0,0.0,0.0,0,0,20,ndcg_at_k,0.0,0,1.0,0.0,1.0,1.0,0.2,1.0,1.0,0.000721,8.2e-05,2e-05,0.000513,1.2e-05,0.00079,0.0035
bright,aops:math_train_number_theory_7066,pagerank,qrels,label-derived pairwise preferences from qrels,20,64,0.168421,20,1,False,0,0,0,0,0.0,0.0,0,0,20,ndcg_at_k,0.0,0,0.284211,0.333333,1.0,1.0,0.2,1.0,1.0,0.000721,8.2e-05,2e-05,0.000513,0.001047,0.00079,0.0035
bright,aops:math_train_number_theory_7066,greedy_fas_topological,qrels,label-derived pairwise preferences from qrels,20,64,0.168421,20,1,False,0,0,0,0,0.0,0.0,0,0,20,ndcg_at_k,0.0,0,0.284211,0.333333,1.0,1.0,0.2,1.0,1.0,0.000721,8.2e-05,2e-05,0.000513,4.2e-05,0.00079,0.0035
bright,aops:math_train_number_theory_7066,greedy_fas_weighted_balance,qrels,label-derived pairwise preferences from qrels,20,64,0.168421,20,1,False,0,0,0,0,0.0,0.0,0,0,20,ndcg_at_k,0.0,0,1.0,0.0,1.0,1.0,0.2,1.0,1.0,0.000721,8.2e-05,2e-05,0.000513,2.6e-05,0.00079,0.0035
bright,aops:math_train_number_theory_7066,greedy_fas_copeland,qrels,label-derived pairwise preferences from qrels,20,64,0.168421,20,1,False,0,0,0,0,0.0,0.0,0,0,20,ndcg_at_k,0.0,0,1.0,0.0,1.0,1.0,0.2,1.0,1.0,0.000721,8.2e-05,2e-05,0.000513,1.8e-05,0.00079,0.0035
bright,aops:math_train_number_theory_7066,greedy_fas_score_augmented_topological,qrels,label-derived pairwise preferences from qrels,20,64,0.168421,20,1,False,0,0,0,0,0.0,0.0,0,0,20,ndcg_at_k,0.0,0,-0.326316,0.0,1.0,1.0,0.2,1.0,1.0,0.000721,8.2e-05,2e-05,0.000513,3.5e-05,0.00079,0.0035
bright,aops:math_train_number_theory_7066,fas_balance_score_prior_alpha_beta,qrels,label-derived pairwise preferences from qrels,20,64,0.168421,20,1,False,0,0,0,0,0.0,0.0,0,0,20,ndcg_at_k,0.0,0,1.0,0.0,1.0,1.0,0.2,1.0,1.0,0.000721,8.2e-05,2e-05,0.000513,3.6e-05,0.00079,0.0035
bright,aops:math_train_number_theory_7066,hybrid_rrf_fas_regularized,qrels,label-derived pairwise preferences from qrels,20,64,0.168421,20,1,False,0,0,0,0,0.0,0.0,0,0,20,ndcg_at_k,0.0,0,1.0,0.0,1.0,1.0,0.2,1.0,1.0,0.000721,8.2e-05,2e-05,0.000513,3e-05,0.00079,0.0035
bright,aops:math_train_number_theory_7066,hybrid_rrf_balance_a05,qrels,label-derived pairwise preferences from qrels,20,64,0.168421,20,1,False,0,0,0,0,0.0,0.0,0,0,20,ndcg_at_k,0.0,0,1.0,0.0,1.0,1.0,0.2,1.0,1.0,0.000721,8.2e-05,2e-05,0.000513,2.5e-05,0.00079,0.0035
bright,aops:math_train_number_theory_7066,hybrid_rrf_copeland_a03,qrels,label-derived pairwise preferences from qrels,20,64,0.168421,20,1,False,0,0,0,0,0.0,0.0,0,0,20,ndcg_at_k,0.0,0,1.0,0.0,1.0,1.0,0.2,1.0,1.0,0.000721,8.2e-05,2e-05,0.000513,2.8e-05,0.00079,0.0035
bright,aops:math_train_number_theory_7066,hybrid_rrf_priority_topo_a03,qrels,label-derived pairwise preferences from qrels,20,64,0.168421,20,1,False,0,0,0,0,0.0,0.0,0,0,20,ndcg_at_k,0.0,0,-0.326316,0.0,1.0,1.0,0.2,1.0,1.0,0.000721,8.2e-05,2e-05,0.000513,5.5e-05,0.00079,0.0035
bright,leetcode:118,score_sum,qrels,label-derived pairwise preferences from qrels,20,19,0.05,20,1,False,0,0,0,0,0.0,0.0,0,0,20,ndcg_at_k,0.0,0,1.0,0.333333,1.0,1.0,0.05,1.0,1.0,6.2e-05,3.8e-05,1.7e-05,0.0002,1.3e-05,0.000692,0.002653
bright,leetcode:118,borda,qrels,label-derived pairwise preferences from qrels,20,19,0.05,20,1,False,0,0,0,0,0.0,0.0,0,0,20,ndcg_at_k,0.0,0,1.0,0.333333,1.0,1.0,0.05,1.0,1.0,6.2e-05,3.8e-05,1.7e-05,0.0002,1.2e-05,0.000692,0.002653
bright,leetcode:118,pagerank,qrels,label-derived pairwise preferences from qrels,20,19,0.05,20,1,False,0,0,0,0,0.0,0.0,0,0,20,ndcg_at_k,0.0,0,-0.010526,0.666667,1.0,1.0,0.05,1.0,1.0,6.2e-05,3.8e-05,1.7e-05,0.0002,0.001368,0.000692,0.002653
bright,leetcode:118,greedy_fas_topological,qrels,label-derived pairwise preferences from qrels,20,19,0.05,20,1,False,0,0,0,0,0.0,0.0,0,0,20,ndcg_at_k,0.0,0,-0.010526,0.666667,1.0,1.0,0.05,1.0,1.0,6.2e-05,3.8e-05,1.7e-05,0.0002,3.3e-05,0.000692,0.002653
bright,leetcode:118,greedy_fas_weighted_balance,qrels,label-derived pairwise preferences from qrels,20,19,0.05,20,1,False,0,0,0,0,0.0,0.0,0,0,20,ndcg_at_k,0.0,0,1.0,0.333333,1.0,1.0,0.05,1.0,1.0,6.2e-05,3.8e-05,1.7e-05,0.0002,1.7e-05,0.000692,0.002653
bright,leetcode:118,greedy_fas_copeland,qrels,label-derived pairwise preferences from qrels,20,19,0.05,20,1,False,0,0,0,0,0.0,0.0,0,0,20,ndcg_at_k,0.0,0,1.0,0.333333,1.0,1.0,0.05,1.0,1.0,6.2e-05,3.8e-05,1.7e-05,0.0002,1.8e-05,0.000692,0.002653
bright,leetcode:118,greedy_fas_score_augmented_topological,qrels,label-derived pairwise preferences from qrels,20,19,0.05,20,1,False,0,0,0,0,0.0,0.0,0,0,20,ndcg_at_k,0.0,0,-0.8,0.666667,1.0,1.0,0.05,1.0,1.0,6.2e-05,3.8e-05,1.7e-05,0.0002,3.7e-05,0.000692,0.002653
bright,leetcode:118,fas_balance_score_prior_alpha_beta,qrels,label-derived pairwise preferences from qrels,20,19,0.05,20,1,False,0,0,0,0,0.0,0.0,0,0,20,ndcg_at_k,0.0,0,1.0,0.333333,1.0,1.0,0.05,1.0,1.0,6.2e-05,3.8e-05,1.7e-05,0.0002,2.8e-05,0.000692,0.002653
bright,leetcode:118,hybrid_rrf_fas_regularized,qrels,label-derived pairwise preferences from qrels,20,19,0.05,20,1,False,0,0,0,0,0.0,0.0,0,0,20,ndcg_at_k,0.0,0,1.0,0.333333,1.0,1.0,0.05,1.0,1.0,6.2e-05,3.8e-05,1.7e-05,0.0002,2.3e-05,0.000692,0.002653
bright,leetcode:118,hybrid_rrf_balance_a05,qrels,label-derived pairwise preferences from qrels,20,19,0.05,20,1,False,0,0,0,0,0.0,0.0,0,0,20,ndcg_at_k,0.0,0,1.0,0.333333,1.0,1.0,0.05,1.0,1.0,6.2e-05,3.8e-05,1.7e-05,0.0002,1.9e-05,0.000692,0.002653
bright,leetcode:118,hybrid_rrf_copeland_a03,qrels,label-derived pairwise preferences from qrels,20,19,0.05,20,1,False,0,0,0,0,0.0,0.0,0,0,20,ndcg_at_k,0.0,0,1.0,0.333333,1.0,1.0,0.05,1.0,1.0,6.2e-05,3.8e-05,1.7e-05,0.0002,2.1e-05,0.000692,0.002653
bright,leetcode:118,hybrid_rrf_priority_topo_a03,qrels,label-derived pairwise preferences from qrels,20,19,0.05,20,1,False,0,0,0,0,0.0,0.0,0,0,20,ndcg_at_k,0.0,0,-0.8,0.666667,1.0,1.0,0.05,1.0,1.0,6.2e-05,3.8e-05,1.7e-05,0.0002,5.5e-05,0.000692,0.002653
bright,theoremqa_questions:TheoremQA_jianyu_xu/Binomial_5.json,score_sum,qrels,label-derived pairwise preferences from qrels,20,91,0.239474,20,1,False,0,0,0,0,0.0,0.0,0,0,20,ndcg_at_k,0.0,0,1.0,-0.619048,1.0,1.0,0.35,1.0,1.0,0.001144,0.000314,3.3e-05,0.000507,2.5e-05,0.000856,0.004127
bright,theoremqa_questions:TheoremQA_jianyu_xu/Binomial_5.json,borda,qrels,label-derived pairwise preferences from qrels,20,91,0.239474,20,1,False,0,0,0,0,0.0,0.0,0,0,20,ndcg_at_k,0.0,0,1.0,-0.619048,1.0,1.0,0.35,1.0,1.0,0.001144,0.000314,3.3e-05,0.000507,1.4e-05,0.000856,0.004127
bright,theoremqa_questions:TheoremQA_jianyu_xu/Binomial_5.json,pagerank,qrels,label-derived pairwise preferences from qrels,20,91,0.239474,20,1,False,0,0,0,0,0.0,0.0,0,0,20,ndcg_at_k,0.0,0,0.431579,0.52381,1.0,1.0,0.35,1.0,1.0,0.001144,0.000314,3.3e-05,0.000507,0.000935,0.000856,0.004127
bright,theoremqa_questions:TheoremQA_jianyu_xu/Binomial_5.json,greedy_fas_topological,qrels,label-derived pairwise preferences from qrels,20,91,0.239474,20,1,False,0,0,0,0,0.0,0.0,0,0,20,ndcg_at_k,0.0,0,0.431579,0.52381,1.0,1.0,0.35,1.0,1.0,0.001144,0.000314,3.3e-05,0.000507,4.4e-05,0.000856,0.004127
bright,theoremqa_questions:TheoremQA_jianyu_xu/Binomial_5.json,greedy_fas_weighted_balance,qrels,label-derived pairwise preferences from qrels,20,91,0.239474,20,1,False,0,0,0,0,0.0,0.0,0,0,20,ndcg_at_k,0.0,0,1.0,-0.619048,1.0,1.0,0.35,1.0,1.0,0.001144,0.000314,3.3e-05,0.000507,2.7e-05,0.000856,0.004127
bright,theoremqa_questions:TheoremQA_jianyu_xu/Binomial_5.json,greedy_fas_copeland,qrels,label-derived pairwise preferences from qrels,20,91,0.239474,20,1,False,0,0,0,0,0.0,0.0,0,0,20,ndcg_at_k,0.0,0,1.0,-0.619048,1.0,1.0,0.35,1.0,1.0,0.001144,0.000314,3.3e-05,0.000507,1.8e-05,0.000856,0.004127
bright,theoremqa_questions:TheoremQA_jianyu_xu/Binomial_5.json,greedy_fas_score_augmented_topological,qrels,label-derived pairwise preferences from qrels,20,91,0.239474,20,1,False,0,0,0,0,0.0,0.0,0,0,20,ndcg_at_k,0.0,0,-0.042105,0.619048,1.0,1.0,0.35,1.0,1.0,0.001144,0.000314,3.3e-05,0.000507,3.3e-05,0.000856,0.004127
bright,theoremqa_questions:TheoremQA_jianyu_xu/Binomial_5.json,fas_balance_score_prior_alpha_beta,qrels,label-derived pairwise preferences from qrels,20,91,0.239474,20,1,False,0,0,0,0,0.0,0.0,0,0,20,ndcg_at_k,0.0,0,1.0,-0.619048,1.0,1.0,0.35,1.0,1.0,0.001144,0.000314,3.3e-05,0.000507,3.8e-05,0.000856,0.004127
bright,theoremqa_questions:TheoremQA_jianyu_xu/Binomial_5.json,hybrid_rrf_fas_regularized,qrels,label-derived pairwise preferences from qrels,20,91,0.239474,20,1,False,0,0,0,0,0.0,0.0,0,0,20,ndcg_at_k,0.0,0,1.0,-0.619048,1.0,1.0,0.35,1.0,1.0,0.001144,0.000314,3.3e-05,0.000507,3.2e-05,0.000856,0.004127
bright,theoremqa_questions:TheoremQA_jianyu_xu/Binomial_5.json,hybrid_rrf_balance_a05,qrels,label-derived pairwise preferences from qrels,20,91,0.239474,20,1,False,0,0,0,0,0.0,0.0,0,0,20,ndcg_at_k,0.0,0,1.0,-0.619048,1.0,1.0,0.35,1.0,1.0,0.001144,0.000314,3.3e-05,0.000507,2.7e-05,0.000856,0.004127
bright,theoremqa_questions:TheoremQA_jianyu_xu/Binomial_5.json,hybrid_rrf_copeland_a03,qrels,label-derived pairwise preferences from qrels,20,91,0.239474,20,1,False,0,0,0,0,0.0,0.0,0,0,20,ndcg_at_k,0.0,0,1.0,-0.619048,1.0,1.0,0.35,1.0,1.0,0.001144,0.000314,3.3e-05,0.000507,2.5e-05,0.000856,0.004127
bright,theoremqa_questions:TheoremQA_jianyu_xu/Binomial_5.json,hybrid_rrf_priority_topo_a03,qrels,label-derived pairwise preferences from qrels,20,91,0.239474,20,1,False,0,0,0,0,0.0,0.0,0,0,20,ndcg_at_k,0.0,0,-0.042105,0.619048,1.0,1.0,0.35,1.0,1.0,0.001144,0.000314,3.3e-05,0.000507,5.5e-05,0.000856,0.004127
bright,leetcode:82,score_sum,qrels,label-derived pairwise preferences from qrels,18,17,0.055556,18,1,False,0,0,0,0,0.0,0.0,0,0,18,ndcg_at_k,0.0,0,1.0,0.24183,1.0,1.0,0.055556,1.0,1.0,3.7e-05,3.6e-05,1.5e-05,0.000185,1.2e-05,0.000751,0.002593
bright,leetcode:82,borda,qrels,label-derived pairwise preferences from qrels,18,17,0.055556,18,1,False,0,0,0,0,0.0,0.0,0,0,18,ndcg_at_k,0.0,0,1.0,0.24183,1.0,1.0,0.055556,1.0,1.0,3.7e-05,3.6e-05,1.5e-05,0.000185,1.1e-05,0.000751,0.002593
bright,leetcode:82,pagerank,qrels,label-derived pairwise preferences from qrels,18,17,0.055556,18,1,False,0,0,0,0,0.0,0.0,0,0,18,ndcg_at_k,0.0,0,-0.019608,0.084967,1.0,1.0,0.055556,1.0,1.0,3.7e-05,3.6e-05,1.5e-05,0.000185,0.001322,0.000751,0.002593
bright,leetcode:82,greedy_fas_topological,qrels,label-derived pairwise preferences from qrels,18,17,0.055556,18,1,False,0,0,0,0,0.0,0.0,0,0,18,ndcg_at_k,0.0,0,-0.019608,0.084967,1.0,1.0,0.055556,1.0,1.0,3.7e-05,3.6e-05,1.5e-05,0.000185,3.2e-05,0.000751,0.002593
bright,leetcode:82,greedy_fas_weighted_balance,qrels,label-derived pairwise preferences from qrels,18,17,0.055556,18,1,False,0,0,0,0,0.0,0.0,0,0,18,ndcg_at_k,0.0,0,1.0,0.24183,1.0,1.0,0.055556,1.0,1.0,3.7e-05,3.6e-05,1.5e-05,0.000185,1.4e-05,0.000751,0.002593
bright,leetcode:82,greedy_fas_copeland,qrels,label-derived pairwise preferences from qrels,18,17,0.055556,18,1,False,0,0,0,0,0.0,0.0,0,0,18,ndcg_at_k,0.0,0,1.0,0.24183,1.0,1.0,0.055556,1.0,1.0,3.7e-05,3.6e-05,1.5e-05,0.000185,1.6e-05,0.000751,0.002593
bright,leetcode:82,greedy_fas_score_augmented_topological,qrels,label-derived pairwise preferences from qrels,18,17,0.055556,18,1,False,0,0,0,0,0.0,0.0,0,0,18,ndcg_at_k,0.0,0,-0.777778,-0.019608,1.0,1.0,0.055556,1.0,1.0,3.7e-05,3.6e-05,1.5e-05,0.000185,3.3e-05,0.000751,0.002593
bright,leetcode:82,fas_balance_score_prior_alpha_beta,qrels,label-derived pairwise preferences from qrels,18,17,0.055556,18,1,False,0,0,0,0,0.0,0.0,0,0,18,ndcg_at_k,0.0,0,1.0,0.24183,1.0,1.0,0.055556,1.0,1.0,3.7e-05,3.6e-05,1.5e-05,0.000185,2.8e-05,0.000751,0.002593
bright,leetcode:82,hybrid_rrf_fas_regularized,qrels,label-derived pairwise preferences from qrels,18,17,0.055556,18,1,False,0,0,0,0,0.0,0.0,0,0,18,ndcg_at_k,0.0,0,1.0,0.24183,1.0,1.0,0.055556,1.0,1.0,3.7e-05,3.6e-05,1.5e-05,0.000185,2.1e-05,0.000751,0.002593
bright,leetcode:82,hybrid_rrf_balance_a05,qrels,label-derived pairwise preferences from qrels,18,17,0.055556,18,1,False,0,0,0,0,0.0,0.0,0,0,18,ndcg_at_k,0.0,0,1.0,0.24183,1.0,1.0,0.055556,1.0,1.0,3.7e-05,3.6e-05,1.5e-05,0.000185,1.7e-05,0.000751,0.002593
bright,leetcode:82,hybrid_rrf_copeland_a03,qrels,label-derived pairwise preferences from qrels,18,17,0.055556,18,1,False,0,0,0,0,0.0,0.0,0,0,18,ndcg_at_k,0.0,0,1.0,0.24183,1.0,1.0,0.055556,1.0,1.0,3.7e-05,3.6e-05,1.5e-05,0.000185,1.9e-05,0.000751,0.002593
bright,leetcode:82,hybrid_rrf_priority_topo_a03,qrels,label-derived pairwise preferences from qrels,18,17,0.055556,18,1,False,0,0,0,0,0.0,0.0,0,0,18,ndcg_at_k,0.0,0,-0.777778,-0.019608,1.0,1.0,0.055556,1.0,1.0,3.7e-05,3.6e-05,1.5e-05,0.000185,4.4e-05,0.000751,0.002593
bright,aops:aops_2022_AMC_10B_Problems/Problem_9,score_sum,qrels,label-derived pairwise preferences from qrels,20,51,0.134211,20,1,False,0,0,0,0,0.0,0.0,0,0,20,ndcg_at_k,0.0,0,1.0,-0.333333,1.0,1.0,0.15,1.0,1.0,0.002252,0.000378,1.9e-05,0.000341,1.9e-05,0.000733,0.005125
bright,aops:aops_2022_AMC_10B_Problems/Problem_9,borda,qrels,label-derived pairwise preferences from qrels,20,51,0.134211,20,1,False,0,0,0,0,0.0,0.0,0,0,20,ndcg_at_k,0.0,0,1.0,-0.333333,1.0,1.0,0.15,1.0,1.0,0.002252,0.000378,1.9e-05,0.000341,1.5e-05,0.000733,0.005125
bright,aops:aops_2022_AMC_10B_Problems/Problem_9,pagerank,qrels,label-derived pairwise preferences from qrels,20,51,0.134211,20,1,False,0,0,0,0,0.0,0.0,0,0,20,ndcg_at_k,0.0,0,0.284211,0.333333,1.0,1.0,0.15,1.0,1.0,0.002252,0.000378,1.9e-05,0.000341,0.001105,0.000733,0.005125
bright,aops:aops_2022_AMC_10B_Problems/Problem_9,greedy_fas_topological,qrels,label-derived pairwise preferences from qrels,20,51,0.134211,20,1,False,0,0,0,0,0.0,0.0,0,0,20,ndcg_at_k,0.0,0,0.284211,0.333333,1.0,1.0,0.15,1.0,1.0,0.002252,0.000378,1.9e-05,0.000341,3.8e-05,0.000733,0.005125
bright,aops:aops_2022_AMC_10B_Problems/Problem_9,greedy_fas_weighted_balance,qrels,label-derived pairwise preferences from qrels,20,51,0.134211,20,1,False,0,0,0,0,0.0,0.0,0,0,20,ndcg_at_k,0.0,0,1.0,-0.333333,1.0,1.0,0.15,1.0,1.0,0.002252,0.000378,1.9e-05,0.000341,2.1e-05,0.000733,0.005125
bright,aops:aops_2022_AMC_10B_Problems/Problem_9,greedy_fas_copeland,qrels,label-derived pairwise preferences from qrels,20,51,0.134211,20,1,False,0,0,0,0,0.0,0.0,0,0,20,ndcg_at_k,0.0,0,1.0,-0.333333,1.0,1.0,0.15,1.0,1.0,0.002252,0.000378,1.9e-05,0.000341,1.8e-05,0.000733,0.005125
bright,aops:aops_2022_AMC_10B_Problems/Problem_9,greedy_fas_score_augmented_topological,qrels,label-derived pairwise preferences from qrels,20,51,0.134211,20,1,False,0,0,0,0,0.0,0.0,0,0,20,ndcg_at_k,0.0,0,-0.463158,0.333333,1.0,1.0,0.15,1.0,1.0,0.002252,0.000378,1.9e-05,0.000341,3.6e-05,0.000733,0.005125
bright,aops:aops_2022_AMC_10B_Problems/Problem_9,fas_balance_score_prior_alpha_beta,qrels,label-derived pairwise preferences from qrels,20,51,0.134211,20,1,False,0,0,0,0,0.0,0.0,0,0,20,ndcg_at_k,0.0,0,1.0,-0.333333,1.0,1.0,0.15,1.0,1.0,0.002252,0.000378,1.9e-05,0.000341,3.2e-05,0.000733,0.005125
bright,aops:aops_2022_AMC_10B_Problems/Problem_9,hybrid_rrf_fas_regularized,qrels,label-derived pairwise preferences from qrels,20,51,0.134211,20,1,False,0,0,0,0,0.0,0.0,0,0,20,ndcg_at_k,0.0,0,1.0,-0.333333,1.0,1.0,0.15,1.0,1.0,0.002252,0.000378,1.9e-05,0.000341,2.6e-05,0.000733,0.005125
bright,aops:aops_2022_AMC_10B_Problems/Problem_9,hybrid_rrf_balance_a05,qrels,label-derived pairwise preferences from qrels,20,51,0.134211,20,1,False,0,0,0,0,0.0,0.0,0,0,20,ndcg_at_k,0.0,0,1.0,-0.333333,1.0,1.0,0.15,1.0,1.0,0.002252,0.000378,1.9e-05,0.000341,2.2e-05,0.000733,0.005125
bright,aops:aops_2022_AMC_10B_Problems/Problem_9,hybrid_rrf_copeland_a03,qrels,label-derived pairwise preferences from qrels,20,51,0.134211,20,1,False,0,0,0,0,0.0,0.0,0,0,20,ndcg_at_k,0.0,0,1.0,-0.333333,1.0,1.0,0.15,1.0,1.0,0.002252,0.000378,1.9e-05,0.000341,1.9e-05,0.000733,0.005125
bright,aops:aops_2022_AMC_10B_Problems/Problem_9,hybrid_rrf_priority_topo_a03,qrels,label-derived pairwise preferences from qrels,20,51,0.134211,20,1,False,0,0,0,0,0.0,0.0,0,0,20,ndcg_at_k,0.0,0,-0.463158,0.333333,1.0,1.0,0.15,1.0,1.0,0.002252,0.000378,1.9e-05,0.000341,5.1e-05,0.000733,0.005125
bright,theoremqa_questions:TheoremQA_jianyu_xu/Cayley_3.json,score_sum,qrels,label-derived pairwise preferences from qrels,20,19,0.05,20,1,False,0,0,0,0,0.0,0.0,0,0,20,ndcg_at_k,0.0,0,1.0,,1.0,1.0,0.05,1.0,1.0,0.000782,4e-05,1.8e-05,0.000198,1.4e-05,0.000659,0.003409
bright,theoremqa_questions:TheoremQA_jianyu_xu/Cayley_3.json,borda,qrels,label-derived pairwise preferences from qrels,20,19,0.05,20,1,False,0,0,0,0,0.0,0.0,0,0,20,ndcg_at_k,0.0,0,1.0,,1.0,1.0,0.05,1.0,1.0,0.000782,4e-05,1.8e-05,0.000198,1.3e-05,0.000659,0.003409
bright,theoremqa_questions:TheoremQA_jianyu_xu/Cayley_3.json,pagerank,qrels,label-derived pairwise preferences from qrels,20,19,0.05,20,1,False,0,0,0,0,0.0,0.0,0,0,20,ndcg_at_k,0.0,0,0.178947,,1.0,1.0,0.05,1.0,1.0,0.000782,4e-05,1.8e-05,0.000198,0.001433,0.000659,0.003409
bright,theoremqa_questions:TheoremQA_jianyu_xu/Cayley_3.json,greedy_fas_topological,qrels,label-derived pairwise preferences from qrels,20,19,0.05,20,1,False,0,0,0,0,0.0,0.0,0,0,20,ndcg_at_k,0.0,0,0.178947,,1.0,1.0,0.05,1.0,1.0,0.000782,4e-05,1.8e-05,0.000198,3.6e-05,0.000659,0.003409
bright,theoremqa_questions:TheoremQA_jianyu_xu/Cayley_3.json,greedy_fas_weighted_balance,qrels,label-derived pairwise preferences from qrels,20,19,0.05,20,1,False,0,0,0,0,0.0,0.0,0,0,20,ndcg_at_k,0.0,0,1.0,,1.0,1.0,0.05,1.0,1.0,0.000782,4e-05,1.8e-05,0.000198,1.7e-05,0.000659,0.003409
bright,theoremqa_questions:TheoremQA_jianyu_xu/Cayley_3.json,greedy_fas_copeland,qrels,label-derived pairwise preferences from qrels,20,19,0.05,20,1,False,0,0,0,0,0.0,0.0,0,0,20,ndcg_at_k,0.0,0,1.0,,1.0,1.0,0.05,1.0,1.0,0.000782,4e-05,1.8e-05,0.000198,1.8e-05,0.000659,0.003409
bright,theoremqa_questions:TheoremQA_jianyu_xu/Cayley_3.json,greedy_fas_score_augmented_topological,qrels,label-derived pairwise preferences from qrels,20,19,0.05,20,1,False,0,0,0,0,0.0,0.0,0,0,20,ndcg_at_k,0.0,0,-0.8,,1.0,1.0,0.05,1.0,1.0,0.000782,4e-05,1.8e-05,0.000198,3.6e-05,0.000659,0.003409
bright,theoremqa_questions:TheoremQA_jianyu_xu/Cayley_3.json,fas_balance_score_prior_alpha_beta,qrels,label-derived pairwise preferences from qrels,20,19,0.05,20,1,False,0,0,0,0,0.0,0.0,0,0,20,ndcg_at_k,0.0,0,1.0,,1.0,1.0,0.05,1.0,1.0,0.000782,4e-05,1.8e-05,0.000198,2.9e-05,0.000659,0.003409
bright,theoremqa_questions:TheoremQA_jianyu_xu/Cayley_3.json,hybrid_rrf_fas_regularized,qrels,label-derived pairwise preferences from qrels,20,19,0.05,20,1,False,0,0,0,0,0.0,0.0,0,0,20,ndcg_at_k,0.0,0,1.0,,1.0,1.0,0.05,1.0,1.0,0.000782,4e-05,1.8e-05,0.000198,2.2e-05,0.000659,0.003409
bright,theoremqa_questions:TheoremQA_jianyu_xu/Cayley_3.json,hybrid_rrf_balance_a05,qrels,label-derived pairwise preferences from qrels,20,19,0.05,20,1,False,0,0,0,0,0.0,0.0,0,0,20,ndcg_at_k,0.0,0,1.0,,1.0,1.0,0.05,1.0,1.0,0.000782,4e-05,1.8e-05,0.000198,1.7e-05,0.000659,0.003409
bright,theoremqa_questions:TheoremQA_jianyu_xu/Cayley_3.json,hybrid_rrf_copeland_a03,qrels,label-derived pairwise preferences from qrels,20,19,0.05,20,1,False,0,0,0,0,0.0,0.0,0,0,20,ndcg_at_k,0.0,0,1.0,,1.0,1.0,0.05,1.0,1.0,0.000782,4e-05,1.8e-05,0.000198,2.8e-05,0.000659,0.003409
bright,theoremqa_questions:TheoremQA_jianyu_xu/Cayley_3.json,hybrid_rrf_priority_topo_a03,qrels,label-derived pairwise preferences from qrels,20,19,0.05,20,1,False,0,0,0,0,0.0,0.0,0,0,20,ndcg_at_k,0.0,0,-0.8,,1.0,1.0,0.05,1.0,1.0,0.000782,4e-05,1.8e-05,0.000198,4.9e-05,0.000659,0.003409
bright,theoremqa_questions:TheoremQA_wenhuchen/Poisson_process2.json,score_sum,qrels,label-derived pairwise preferences from qrels,20,19,0.05,20,1,False,0,0,0,0,0.0,0.0,0,0,20,ndcg_at_k,0.0,0,1.0,,1.0,1.0,0.05,1.0,1.0,0.001074,4.3e-05,1.6e-05,0.000215,1.4e-05,0.000668,0.003613
bright,theoremqa_questions:TheoremQA_wenhuchen/Poisson_process2.json,borda,qrels,label-derived pairwise preferences from qrels,20,19,0.05,20,1,False,0,0,0,0,0.0,0.0,0,0,20,ndcg_at_k,0.0,0,1.0,,1.0,1.0,0.05,1.0,1.0,0.001074,4.3e-05,1.6e-05,0.000215,1.3e-05,0.000668,0.003613
bright,theoremqa_questions:TheoremQA_wenhuchen/Poisson_process2.json,pagerank,qrels,label-derived pairwise preferences from qrels,20,19,0.05,20,1,False,0,0,0,0,0.0,0.0,0,0,20,ndcg_at_k,0.0,0,-0.052632,,1.0,1.0,0.05,1.0,1.0,0.001074,4.3e-05,1.6e-05,0.000215,0.001331,0.000668,0.003613
bright,theoremqa_questions:TheoremQA_wenhuchen/Poisson_process2.json,greedy_fas_topological,qrels,label-derived pairwise preferences from qrels,20,19,0.05,20,1,False,0,0,0,0,0.0,0.0,0,0,20,ndcg_at_k,0.0,0,-0.052632,,1.0,1.0,0.05,1.0,1.0,0.001074,4.3e-05,1.6e-05,0.000215,3.5e-05,0.000668,0.003613
bright,theoremqa_questions:TheoremQA_wenhuchen/Poisson_process2.json,greedy_fas_weighted_balance,qrels,label-derived pairwise preferences from qrels,20,19,0.05,20,1,False,0,0,0,0,0.0,0.0,0,0,20,ndcg_at_k,0.0,0,1.0,,1.0,1.0,0.05,1.0,1.0,0.001074,4.3e-05,1.6e-05,0.000215,1.5e-05,0.000668,0.003613
bright,theoremqa_questions:TheoremQA_wenhuchen/Poisson_process2.json,greedy_fas_copeland,qrels,label-derived pairwise preferences from qrels,20,19,0.05,20,1,False,0,0,0,0,0.0,0.0,0,0,20,ndcg_at_k,0.0,0,1.0,,1.0,1.0,0.05,1.0,1.0,0.001074,4.3e-05,1.6e-05,0.000215,1.7e-05,0.000668,0.003613
bright,theoremqa_questions:TheoremQA_wenhuchen/Poisson_process2.json,greedy_fas_score_augmented_topological,qrels,label-derived pairwise preferences from qrels,20,19,0.05,20,1,False,0,0,0,0,0.0,0.0,0,0,20,ndcg_at_k,0.0,0,-0.8,,1.0,1.0,0.05,1.0,1.0,0.001074,4.3e-05,1.6e-05,0.000215,3.6e-05,0.000668,0.003613
bright,theoremqa_questions:TheoremQA_wenhuchen/Poisson_process2.json,fas_balance_score_prior_alpha_beta,qrels,label-derived pairwise preferences from qrels,20,19,0.05,20,1,False,0,0,0,0,0.0,0.0,0,0,20,ndcg_at_k,0.0,0,1.0,,1.0,1.0,0.05,1.0,1.0,0.001074,4.3e-05,1.6e-05,0.000215,2.8e-05,0.000668,0.003613
bright,theoremqa_questions:TheoremQA_wenhuchen/Poisson_process2.json,hybrid_rrf_fas_regularized,qrels,label-derived pairwise preferences from qrels,20,19,0.05,20,1,False,0,0,0,0,0.0,0.0,0,0,20,ndcg_at_k,0.0,0,1.0,,1.0,1.0,0.05,1.0,1.0,0.001074,4.3e-05,1.6e-05,0.000215,2.2e-05,0.000668,0.003613
bright,theoremqa_questions:TheoremQA_wenhuchen/Poisson_process2.json,hybrid_rrf_balance_a05,qrels,label-derived pairwise preferences from qrels,20,19,0.05,20,1,False,0,0,0,0,0.0,0.0,0,0,20,ndcg_at_k,0.0,0,1.0,,1.0,1.0,0.05,1.0,1.0,0.001074,4.3e-05,1.6e-05,0.000215,1.9e-05,0.000668,0.003613
bright,theoremqa_questions:TheoremQA_wenhuchen/Poisson_process2.json,hybrid_rrf_copeland_a03,qrels,label-derived pairwise preferences from qrels,20,19,0.05,20,1,False,0,0,0,0,0.0,0.0,0,0,20,ndcg_at_k,0.0,0,1.0,,1.0,1.0,0.05,1.0,1.0,0.001074,4.3e-05,1.6e-05,0.000215,2e-05,0.000668,0.003613
bright,theoremqa_questions:TheoremQA_wenhuchen/Poisson_process2.json,hybrid_rrf_priority_topo_a03,qrels,label-derived pairwise preferences from qrels,20,19,0.05,20,1,False,0,0,0,0,0.0,0.0,0,0,20,ndcg_at_k,0.0,0,-0.8,,1.0,1.0,0.05,1.0,1.0,0.001074,4.3e-05,1.6e-05,0.000215,4.7e-05,0.000668,0.003613
bright,theoremqa_questions:TheoremQA_wenhuchen/determinant1.json,score_sum,qrels,label-derived pairwise preferences from qrels,20,51,0.134211,20,1,False,0,0,0,0,0.0,0.0,0,0,20,ndcg_at_k,0.0,0,1.0,0.333333,1.0,1.0,0.15,1.0,1.0,0.00235,7.4e-05,1.8e-05,0.000658,2.1e-05,0.000746,0.005282
bright,theoremqa_questions:TheoremQA_wenhuchen/determinant1.json,borda,qrels,label-derived pairwise preferences from qrels,20,51,0.134211,20,1,False,0,0,0,0,0.0,0.0,0,0,20,ndcg_at_k,0.0,0,1.0,0.333333,1.0,1.0,0.15,1.0,1.0,0.00235,7.4e-05,1.8e-05,0.000658,1.4e-05,0.000746,0.005282
bright,theoremqa_questions:TheoremQA_wenhuchen/determinant1.json,pagerank,qrels,label-derived pairwise preferences from qrels,20,51,0.134211,20,1,False,0,0,0,0,0.0,0.0,0,0,20,ndcg_at_k,0.0,0,0.336842,0.333333,1.0,1.0,0.15,1.0,1.0,0.00235,7.4e-05,1.8e-05,0.000658,0.001125,0.000746,0.005282
bright,theoremqa_questions:TheoremQA_wenhuchen/determinant1.json,greedy_fas_topological,qrels,label-derived pairwise preferences from qrels,20,51,0.134211,20,1,False,0,0,0,0,0.0,0.0,0,0,20,ndcg_at_k,0.0,0,0.336842,0.333333,1.0,1.0,0.15,1.0,1.0,0.00235,7.4e-05,1.8e-05,0.000658,4e-05,0.000746,0.005282
bright,theoremqa_questions:TheoremQA_wenhuchen/determinant1.json,greedy_fas_weighted_balance,qrels,label-derived pairwise preferences from qrels,20,51,0.134211,20,1,False,0,0,0,0,0.0,0.0,0,0,20,ndcg_at_k,0.0,0,1.0,0.333333,1.0,1.0,0.15,1.0,1.0,0.00235,7.4e-05,1.8e-05,0.000658,2.3e-05,0.000746,0.005282
bright,theoremqa_questions:TheoremQA_wenhuchen/determinant1.json,greedy_fas_copeland,qrels,label-derived pairwise preferences from qrels,20,51,0.134211,20,1,False,0,0,0,0,0.0,0.0,0,0,20,ndcg_at_k,0.0,0,1.0,0.333333,1.0,1.0,0.15,1.0,1.0,0.00235,7.4e-05,1.8e-05,0.000658,1.9e-05,0.000746,0.005282
bright,theoremqa_questions:TheoremQA_wenhuchen/determinant1.json,greedy_fas_score_augmented_topological,qrels,label-derived pairwise preferences from qrels,20,51,0.134211,20,1,False,0,0,0,0,0.0,0.0,0,0,20,ndcg_at_k,0.0,0,-0.463158,-0.333333,1.0,1.0,0.15,1.0,1.0,0.00235,7.4e-05,1.8e-05,0.000658,3.5e-05,0.000746,0.005282
bright,theoremqa_questions:TheoremQA_wenhuchen/determinant1.json,fas_balance_score_prior_alpha_beta,qrels,label-derived pairwise preferences from qrels,20,51,0.134211,20,1,False,0,0,0,0,0.0,0.0,0,0,20,ndcg_at_k,0.0,0,1.0,0.333333,1.0,1.0,0.15,1.0,1.0,0.00235,7.4e-05,1.8e-05,0.000658,3.4e-05,0.000746,0.005282
bright,theoremqa_questions:TheoremQA_wenhuchen/determinant1.json,hybrid_rrf_fas_regularized,qrels,label-derived pairwise preferences from qrels,20,51,0.134211,20,1,False,0,0,0,0,0.0,0.0,0,0,20,ndcg_at_k,0.0,0,1.0,0.333333,1.0,1.0,0.15,1.0,1.0,0.00235,7.4e-05,1.8e-05,0.000658,2.7e-05,0.000746,0.005282
bright,theoremqa_questions:TheoremQA_wenhuchen/determinant1.json,hybrid_rrf_balance_a05,qrels,label-derived pairwise preferences from qrels,20,51,0.134211,20,1,False,0,0,0,0,0.0,0.0,0,0,20,ndcg_at_k,0.0,0,1.0,0.333333,1.0,1.0,0.15,1.0,1.0,0.00235,7.4e-05,1.8e-05,0.000658,2.4e-05,0.000746,0.005282
bright,theoremqa_questions:TheoremQA_wenhuchen/determinant1.json,hybrid_rrf_copeland_a03,qrels,label-derived pairwise preferences from qrels,20,51,0.134211,20,1,False,0,0,0,0,0.0,0.0,0,0,20,ndcg_at_k,0.0,0,1.0,0.333333,1.0,1.0,0.15,1.0,1.0,0.00235,7.4e-05,1.8e-05,0.000658,2.1e-05,0.000746,0.005282
bright,theoremqa_questions:TheoremQA_wenhuchen/determinant1.json,hybrid_rrf_priority_topo_a03,qrels,label-derived pairwise preferences from qrels,20,51,0.134211,20,1,False,0,0,0,0,0.0,0.0,0,0,20,ndcg_at_k,0.0,0,-0.463158,-0.333333,1.0,1.0,0.15,1.0,1.0,0.00235,7.4e-05,1.8e-05,0.000658,5.3e-05,0.000746,0.005282
bright,leetcode:55,score_sum,qrels,label-derived pairwise preferences from qrels,20,19,0.05,20,1,False,0,0,0,0,0.0,0.0,0,0,20,ndcg_at_k,0.0,0,1.0,1.0,1.0,1.0,0.05,1.0,1.0,0.0001,4.2e-05,1.7e-05,0.000202,1.3e-05,0.000674,0.002617
bright,leetcode:55,borda,qrels,label-derived pairwise preferences from qrels,20,19,0.05,20,1,False,0,0,0,0,0.0,0.0,0,0,20,ndcg_at_k,0.0,0,1.0,1.0,1.0,1.0,0.05,1.0,1.0,0.0001,4.2e-05,1.7e-05,0.000202,1.3e-05,0.000674,0.002617
bright,leetcode:55,pagerank,qrels,label-derived pairwise preferences from qrels,20,19,0.05,20,1,False,0,0,0,0,0.0,0.0,0,0,20,ndcg_at_k,0.0,0,-0.136842,0.333333,1.0,1.0,0.05,1.0,1.0,0.0001,4.2e-05,1.7e-05,0.000202,0.001309,0.000674,0.002617
bright,leetcode:55,greedy_fas_topological,qrels,label-derived pairwise preferences from qrels,20,19,0.05,20,1,False,0,0,0,0,0.0,0.0,0,0,20,ndcg_at_k,0.0,0,-0.136842,0.333333,1.0,1.0,0.05,1.0,1.0,0.0001,4.2e-05,1.7e-05,0.000202,3.3e-05,0.000674,0.002617
bright,leetcode:55,greedy_fas_weighted_balance,qrels,label-derived pairwise preferences from qrels,20,19,0.05,20,1,False,0,0,0,0,0.0,0.0,0,0,20,ndcg_at_k,0.0,0,1.0,1.0,1.0,1.0,0.05,1.0,1.0,0.0001,4.2e-05,1.7e-05,0.000202,2.3e-05,0.000674,0.002617
bright,leetcode:55,greedy_fas_copeland,qrels,label-derived pairwise preferences from qrels,20,19,0.05,20,1,False,0,0,0,0,0.0,0.0,0,0,20,ndcg_at_k,0.0,0,1.0,1.0,1.0,1.0,0.05,1.0,1.0,0.0001,4.2e-05,1.7e-05,0.000202,1.7e-05,0.000674,0.002617
bright,leetcode:55,greedy_fas_score_augmented_topological,qrels,label-derived pairwise preferences from qrels,20,19,0.05,20,1,False,0,0,0,0,0.0,0.0,0,0,20,ndcg_at_k,0.0,0,-0.8,0.333333,1.0,1.0,0.05,1.0,1.0,0.0001,4.2e-05,1.7e-05,0.000202,3.7e-05,0.000674,0.002617
bright,leetcode:55,fas_balance_score_prior_alpha_beta,qrels,label-derived pairwise preferences from qrels,20,19,0.05,20,1,False,0,0,0,0,0.0,0.0,0,0,20,ndcg_at_k,0.0,0,1.0,1.0,1.0,1.0,0.05,1.0,1.0,0.0001,4.2e-05,1.7e-05,0.000202,2.9e-05,0.000674,0.002617
bright,leetcode:55,hybrid_rrf_fas_regularized,qrels,label-derived pairwise preferences from qrels,20,19,0.05,20,1,False,0,0,0,0,0.0,0.0,0,0,20,ndcg_at_k,0.0,0,1.0,1.0,1.0,1.0,0.05,1.0,1.0,0.0001,4.2e-05,1.7e-05,0.000202,2.3e-05,0.000674,0.002617
bright,leetcode:55,hybrid_rrf_balance_a05,qrels,label-derived pairwise preferences from qrels,20,19,0.05,20,1,False,0,0,0,0,0.0,0.0,0,0,20,ndcg_at_k,0.0,0,1.0,1.0,1.0,1.0,0.05,1.0,1.0,0.0001,4.2e-05,1.7e-05,0.000202,1.7e-05,0.000674,0.002617
bright,leetcode:55,hybrid_rrf_copeland_a03,qrels,label-derived pairwise preferences from qrels,20,19,0.05,20,1,False,0,0,0,0,0.0,0.0,0,0,20,ndcg_at_k,0.0,0,1.0,1.0,1.0,1.0,0.05,1.0,1.0,0.0001,4.2e-05,1.7e-05,0.000202,2e-05,0.000674,0.002617
bright,leetcode:55,hybrid_rrf_priority_topo_a03,qrels,label-derived pairwise preferences from qrels,20,19,0.05,20,1,False,0,0,0,0,0.0,0.0,0,0,20,ndcg_at_k,0.0,0,-0.8,0.333333,1.0,1.0,0.05,1.0,1.0,0.0001,4.2e-05,1.7e-05,0.000202,4.8e-05,0.000674,0.002617
bright,leetcode:88,score_sum,qrels,label-derived pairwise preferences from qrels,20,36,0.094737,20,1,False,0,0,0,0,0.0,0.0,0,0,20,ndcg_at_k,0.0,0,1.0,0.5,1.0,1.0,0.1,1.0,1.0,5.9e-05,4.4e-05,1.6e-05,0.00032,1.5e-05,0.00071,0.002591
bright,leetcode:88,borda,qrels,label-derived pairwise preferences from qrels,20,36,0.094737,20,1,False,0,0,0,0,0.0,0.0,0,0,20,ndcg_at_k,0.0,0,1.0,0.5,1.0,1.0,0.1,1.0,1.0,5.9e-05,4.4e-05,1.6e-05,0.00032,1.1e-05,0.00071,0.002591
bright,leetcode:88,pagerank,qrels,label-derived pairwise preferences from qrels,20,36,0.094737,20,1,False,0,0,0,0,0.0,0.0,0,0,20,ndcg_at_k,0.0,0,0.452632,0.428571,1.0,1.0,0.1,1.0,1.0,5.9e-05,4.4e-05,1.6e-05,0.00032,0.001167,0.00071,0.002591
bright,leetcode:88,greedy_fas_topological,qrels,label-derived pairwise preferences from qrels,20,36,0.094737,20,1,False,0,0,0,0,0.0,0.0,0,0,20,ndcg_at_k,0.0,0,0.452632,0.428571,1.0,1.0,0.1,1.0,1.0,5.9e-05,4.4e-05,1.6e-05,0.00032,3.5e-05,0.00071,0.002591
bright,leetcode:88,greedy_fas_weighted_balance,qrels,label-derived pairwise preferences from qrels,20,36,0.094737,20,1,False,0,0,0,0,0.0,0.0,0,0,20,ndcg_at_k,0.0,0,1.0,0.5,1.0,1.0,0.1,1.0,1.0,5.9e-05,4.4e-05,1.6e-05,0.00032,1.8e-05,0.00071,0.002591
bright,leetcode:88,greedy_fas_copeland,qrels,label-derived pairwise preferences from qrels,20,36,0.094737,20,1,False,0,0,0,0,0.0,0.0,0,0,20,ndcg_at_k,0.0,0,1.0,0.5,1.0,1.0,0.1,1.0,1.0,5.9e-05,4.4e-05,1.6e-05,0.00032,1.6e-05,0.00071,0.002591
bright,leetcode:88,greedy_fas_score_augmented_topological,qrels,label-derived pairwise preferences from qrels,20,36,0.094737,20,1,False,0,0,0,0,0.0,0.0,0,0,20,ndcg_at_k,0.0,0,-0.621053,0.357143,1.0,1.0,0.1,1.0,1.0,5.9e-05,4.4e-05,1.6e-05,0.00032,3.6e-05,0.00071,0.002591
bright,leetcode:88,fas_balance_score_prior_alpha_beta,qrels,label-derived pairwise preferences from qrels,20,36,0.094737,20,1,False,0,0,0,0,0.0,0.0,0,0,20,ndcg_at_k,0.0,0,1.0,0.5,1.0,1.0,0.1,1.0,1.0,5.9e-05,4.4e-05,1.6e-05,0.00032,2.9e-05,0.00071,0.002591
bright,leetcode:88,hybrid_rrf_fas_regularized,qrels,label-derived pairwise preferences from qrels,20,36,0.094737,20,1,False,0,0,0,0,0.0,0.0,0,0,20,ndcg_at_k,0.0,0,1.0,0.5,1.0,1.0,0.1,1.0,1.0,5.9e-05,4.4e-05,1.6e-05,0.00032,2.5e-05,0.00071,0.002591
bright,leetcode:88,hybrid_rrf_balance_a05,qrels,label-derived pairwise preferences from qrels,20,36,0.094737,20,1,False,0,0,0,0,0.0,0.0,0,0,20,ndcg_at_k,0.0,0,1.0,0.5,1.0,1.0,0.1,1.0,1.0,5.9e-05,4.4e-05,1.6e-05,0.00032,2e-05,0.00071,0.002591
bright,leetcode:88,hybrid_rrf_copeland_a03,qrels,label-derived pairwise preferences from qrels,20,36,0.094737,20,1,False,0,0,0,0,0.0,0.0,0,0,20,ndcg_at_k,0.0,0,1.0,0.5,1.0,1.0,0.1,1.0,1.0,5.9e-05,4.4e-05,1.6e-05,0.00032,2e-05,0.00071,0.002591
bright,leetcode:88,hybrid_rrf_priority_topo_a03,qrels,label-derived pairwise preferences from qrels,20,36,0.094737,20,1,False,0,0,0,0,0.0,0.0,0,0,20,ndcg_at_k,0.0,0,-0.621053,0.357143,1.0,1.0,0.1,1.0,1.0,5.9e-05,4.4e-05,1.6e-05,0.00032,5e-05,0.00071,0.002591
bright,theoremqa_questions:TheoremQA_maxku/cv-imageprocessing9-digital-image.json,score_sum,qrels,label-derived pairwise preferences from qrels,2,1,0.5,2,1,False,0,0,0,0,0.0,0.0,0,0,2,ndcg_at_k,0.0,0,1.0,1.0,1.0,1.0,0.5,1.0,1.0,1.4e-05,1.2e-05,7e-06,7.4e-05,4e-06,0.000122,0.000901
bright,theoremqa_questions:TheoremQA_maxku/cv-imageprocessing9-digital-image.json,borda,qrels,label-derived pairwise preferences from qrels,2,1,0.5,2,1,False,0,0,0,0,0.0,0.0,0,0,2,ndcg_at_k,0.0,0,1.0,1.0,1.0,1.0,0.5,1.0,1.0,1.4e-05,1.2e-05,7e-06,7.4e-05,4e-06,0.000122,0.000901
bright,theoremqa_questions:TheoremQA_maxku/cv-imageprocessing9-digital-image.json,pagerank,qrels,label-derived pairwise preferences from qrels,2,1,0.5,2,1,False,0,0,0,0,0.0,0.0,0,0,2,ndcg_at_k,0.0,0,1.0,1.0,1.0,1.0,0.5,1.0,1.0,1.4e-05,1.2e-05,7e-06,7.4e-05,0.000598,0.000122,0.000901
bright,theoremqa_questions:TheoremQA_maxku/cv-imageprocessing9-digital-image.json,greedy_fas_topological,qrels,label-derived pairwise preferences from qrels,2,1,0.5,2,1,False,0,0,0,0,0.0,0.0,0,0,2,ndcg_at_k,0.0,0,1.0,1.0,1.0,1.0,0.5,1.0,1.0,1.4e-05,1.2e-05,7e-06,7.4e-05,1.4e-05,0.000122,0.000901
bright,theoremqa_questions:TheoremQA_maxku/cv-imageprocessing9-digital-image.json,greedy_fas_weighted_balance,qrels,label-derived pairwise preferences from qrels,2,1,0.5,2,1,False,0,0,0,0,0.0,0.0,0,0,2,ndcg_at_k,0.0,0,1.0,1.0,1.0,1.0,0.5,1.0,1.0,1.4e-05,1.2e-05,7e-06,7.4e-05,7e-06,0.000122,0.000901
bright,theoremqa_questions:TheoremQA_maxku/cv-imageprocessing9-digital-image.json,greedy_fas_copeland,qrels,label-derived pairwise preferences from qrels,2,1,0.5,2,1,False,0,0,0,0,0.0,0.0,0,0,2,ndcg_at_k,0.0,0,1.0,1.0,1.0,1.0,0.5,1.0,1.0,1.4e-05,1.2e-05,7e-06,7.4e-05,5e-06,0.000122,0.000901
bright,theoremqa_questions:TheoremQA_maxku/cv-imageprocessing9-digital-image.json,greedy_fas_score_augmented_topological,qrels,label-derived pairwise preferences from qrels,2,1,0.5,2,1,False,0,0,0,0,0.0,0.0,0,0,2,ndcg_at_k,0.0,0,1.0,1.0,1.0,1.0,0.5,1.0,1.0,1.4e-05,1.2e-05,7e-06,7.4e-05,5e-06,0.000122,0.000901
bright,theoremqa_questions:TheoremQA_maxku/cv-imageprocessing9-digital-image.json,fas_balance_score_prior_alpha_beta,qrels,label-derived pairwise preferences from qrels,2,1,0.5,2,1,False,0,0,0,0,0.0,0.0,0,0,2,ndcg_at_k,0.0,0,1.0,1.0,1.0,1.0,0.5,1.0,1.0,1.4e-05,1.2e-05,7e-06,7.4e-05,1e-05,0.000122,0.000901
bright,theoremqa_questions:TheoremQA_maxku/cv-imageprocessing9-digital-image.json,hybrid_rrf_fas_regularized,qrels,label-derived pairwise preferences from qrels,2,1,0.5,2,1,False,0,0,0,0,0.0,0.0,0,0,2,ndcg_at_k,0.0,0,1.0,1.0,1.0,1.0,0.5,1.0,1.0,1.4e-05,1.2e-05,7e-06,7.4e-05,7e-06,0.000122,0.000901
bright,theoremqa_questions:TheoremQA_maxku/cv-imageprocessing9-digital-image.json,hybrid_rrf_balance_a05,qrels,label-derived pairwise preferences from qrels,2,1,0.5,2,1,False,0,0,0,0,0.0,0.0,0,0,2,ndcg_at_k,0.0,0,1.0,1.0,1.0,1.0,0.5,1.0,1.0,1.4e-05,1.2e-05,7e-06,7.4e-05,5e-06,0.000122,0.000901
bright,theoremqa_questions:TheoremQA_maxku/cv-imageprocessing9-digital-image.json,hybrid_rrf_copeland_a03,qrels,label-derived pairwise preferences from qrels,2,1,0.5,2,1,False,0,0,0,0,0.0,0.0,0,0,2,ndcg_at_k,0.0,0,1.0,1.0,1.0,1.0,0.5,1.0,1.0,1.4e-05,1.2e-05,7e-06,7.4e-05,5e-06,0.000122,0.000901
bright,theoremqa_questions:TheoremQA_maxku/cv-imageprocessing9-digital-image.json,hybrid_rrf_priority_topo_a03,qrels,label-derived pairwise preferences from qrels,2,1,0.5,2,1,False,0,0,0,0,0.0,0.0,0,0,2,ndcg_at_k,0.0,0,1.0,1.0,1.0,1.0,0.5,1.0,1.0,1.4e-05,1.2e-05,7e-06,7.4e-05,8e-06,0.000122,0.000901
bright,theoremqa_questions:TheoremQA_maxku/ipnetwork21-ip-2.json,score_sum,qrels,label-derived pairwise preferences from qrels,3,2,0.333333,3,1,False,0,0,0,0,0.0,0.0,0,0,3,ndcg_at_k,0.0,0,1.0,1.0,1.0,1.0,0.666667,1.0,1.0,3e-05,1.2e-05,7e-06,8.4e-05,5e-06,0.000143,0.000841
bright,theoremqa_questions:TheoremQA_maxku/ipnetwork21-ip-2.json,borda,qrels,label-derived pairwise preferences from qrels,3,2,0.333333,3,1,False,0,0,0,0,0.0,0.0,0,0,3,ndcg_at_k,0.0,0,1.0,1.0,1.0,1.0,0.666667,1.0,1.0,3e-05,1.2e-05,7e-06,8.4e-05,4e-06,0.000143,0.000841
bright,theoremqa_questions:TheoremQA_maxku/ipnetwork21-ip-2.json,pagerank,qrels,label-derived pairwise preferences from qrels,3,2,0.333333,3,1,False,0,0,0,0,0.0,0.0,0,0,3,ndcg_at_k,0.0,0,0.333333,0.333333,1.0,1.0,0.666667,1.0,1.0,3e-05,1.2e-05,7e-06,8.4e-05,0.000485,0.000143,0.000841
bright,theoremqa_questions:TheoremQA_maxku/ipnetwork21-ip-2.json,greedy_fas_topological,qrels,label-derived pairwise preferences from qrels,3,2,0.333333,3,1,False,0,0,0,0,0.0,0.0,0,0,3,ndcg_at_k,0.0,0,0.333333,0.333333,1.0,1.0,0.666667,1.0,1.0,3e-05,1.2e-05,7e-06,8.4e-05,1.4e-05,0.000143,0.000841
bright,theoremqa_questions:TheoremQA_maxku/ipnetwork21-ip-2.json,greedy_fas_weighted_balance,qrels,label-derived pairwise preferences from qrels,3,2,0.333333,3,1,False,0,0,0,0,0.0,0.0,0,0,3,ndcg_at_k,0.0,0,1.0,1.0,1.0,1.0,0.666667,1.0,1.0,3e-05,1.2e-05,7e-06,8.4e-05,6e-06,0.000143,0.000841
bright,theoremqa_questions:TheoremQA_maxku/ipnetwork21-ip-2.json,greedy_fas_copeland,qrels,label-derived pairwise preferences from qrels,3,2,0.333333,3,1,False,0,0,0,0,0.0,0.0,0,0,3,ndcg_at_k,0.0,0,1.0,1.0,1.0,1.0,0.666667,1.0,1.0,3e-05,1.2e-05,7e-06,8.4e-05,6e-06,0.000143,0.000841
bright,theoremqa_questions:TheoremQA_maxku/ipnetwork21-ip-2.json,greedy_fas_score_augmented_topological,qrels,label-derived pairwise preferences from qrels,3,2,0.333333,3,1,False,0,0,0,0,0.0,0.0,0,0,3,ndcg_at_k,0.0,0,0.333333,0.333333,1.0,1.0,0.666667,1.0,1.0,3e-05,1.2e-05,7e-06,8.4e-05,6e-06,0.000143,0.000841
bright,theoremqa_questions:TheoremQA_maxku/ipnetwork21-ip-2.json,fas_balance_score_prior_alpha_beta,qrels,label-derived pairwise preferences from qrels,3,2,0.333333,3,1,False,0,0,0,0,0.0,0.0,0,0,3,ndcg_at_k,0.0,0,1.0,1.0,1.0,1.0,0.666667,1.0,1.0,3e-05,1.2e-05,7e-06,8.4e-05,1.1e-05,0.000143,0.000841
bright,theoremqa_questions:TheoremQA_maxku/ipnetwork21-ip-2.json,hybrid_rrf_fas_regularized,qrels,label-derived pairwise preferences from qrels,3,2,0.333333,3,1,False,0,0,0,0,0.0,0.0,0,0,3,ndcg_at_k,0.0,0,1.0,1.0,1.0,1.0,0.666667,1.0,1.0,3e-05,1.2e-05,7e-06,8.4e-05,7e-06,0.000143,0.000841
bright,theoremqa_questions:TheoremQA_maxku/ipnetwork21-ip-2.json,hybrid_rrf_balance_a05,qrels,label-derived pairwise preferences from qrels,3,2,0.333333,3,1,False,0,0,0,0,0.0,0.0,0,0,3,ndcg_at_k,0.0,0,1.0,1.0,1.0,1.0,0.666667,1.0,1.0,3e-05,1.2e-05,7e-06,8.4e-05,6e-06,0.000143,0.000841
bright,theoremqa_questions:TheoremQA_maxku/ipnetwork21-ip-2.json,hybrid_rrf_copeland_a03,qrels,label-derived pairwise preferences from qrels,3,2,0.333333,3,1,False,0,0,0,0,0.0,0.0,0,0,3,ndcg_at_k,0.0,0,1.0,1.0,1.0,1.0,0.666667,1.0,1.0,3e-05,1.2e-05,7e-06,8.4e-05,5e-06,0.000143,0.000841
bright,theoremqa_questions:TheoremQA_maxku/ipnetwork21-ip-2.json,hybrid_rrf_priority_topo_a03,qrels,label-derived pairwise preferences from qrels,3,2,0.333333,3,1,False,0,0,0,0,0.0,0.0,0,0,3,ndcg_at_k,0.0,0,0.333333,0.333333,1.0,1.0,0.666667,1.0,1.0,3e-05,1.2e-05,7e-06,8.4e-05,1e-05,0.000143,0.000841
bright,theoremqa_questions:TheoremQA_tonyxia/particle4.json,score_sum,qrels,label-derived pairwise preferences from qrels,3,2,0.333333,3,1,False,0,0,0,0,0.0,0.0,0,0,3,ndcg_at_k,0.0,0,1.0,1.0,1.0,1.0,0.666667,1.0,1.0,1.4e-05,1.2e-05,7e-06,8.6e-05,6e-06,0.000146,0.000828
bright,theoremqa_questions:TheoremQA_tonyxia/particle4.json,borda,qrels,label-derived pairwise preferences from qrels,3,2,0.333333,3,1,False,0,0,0,0,0.0,0.0,0,0,3,ndcg_at_k,0.0,0,1.0,1.0,1.0,1.0,0.666667,1.0,1.0,1.4e-05,1.2e-05,7e-06,8.6e-05,5e-06,0.000146,0.000828
bright,theoremqa_questions:TheoremQA_tonyxia/particle4.json,pagerank,qrels,label-derived pairwise preferences from qrels,3,2,0.333333,3,1,False,0,0,0,0,0.0,0.0,0,0,3,ndcg_at_k,0.0,0,0.333333,0.333333,1.0,1.0,0.666667,1.0,1.0,1.4e-05,1.2e-05,7e-06,8.6e-05,0.00048,0.000146,0.000828
bright,theoremqa_questions:TheoremQA_tonyxia/particle4.json,greedy_fas_topological,qrels,label-derived pairwise preferences from qrels,3,2,0.333333,3,1,False,0,0,0,0,0.0,0.0,0,0,3,ndcg_at_k,0.0,0,0.333333,0.333333,1.0,1.0,0.666667,1.0,1.0,1.4e-05,1.2e-05,7e-06,8.6e-05,1.4e-05,0.000146,0.000828
bright,theoremqa_questions:TheoremQA_tonyxia/particle4.json,greedy_fas_weighted_balance,qrels,label-derived pairwise preferences from qrels,3,2,0.333333,3,1,False,0,0,0,0,0.0,0.0,0,0,3,ndcg_at_k,0.0,0,1.0,1.0,1.0,1.0,0.666667,1.0,1.0,1.4e-05,1.2e-05,7e-06,8.6e-05,6e-06,0.000146,0.000828
bright,theoremqa_questions:TheoremQA_tonyxia/particle4.json,greedy_fas_copeland,qrels,label-derived pairwise preferences from qrels,3,2,0.333333,3,1,False,0,0,0,0,0.0,0.0,0,0,3,ndcg_at_k,0.0,0,1.0,1.0,1.0,1.0,0.666667,1.0,1.0,1.4e-05,1.2e-05,7e-06,8.6e-05,6e-06,0.000146,0.000828
bright,theoremqa_questions:TheoremQA_tonyxia/particle4.json,greedy_fas_score_augmented_topological,qrels,label-derived pairwise preferences from qrels,3,2,0.333333,3,1,False,0,0,0,0,0.0,0.0,0,0,3,ndcg_at_k,0.0,0,0.333333,0.333333,1.0,1.0,0.666667,1.0,1.0,1.4e-05,1.2e-05,7e-06,8.6e-05,7e-06,0.000146,0.000828
bright,theoremqa_questions:TheoremQA_tonyxia/particle4.json,fas_balance_score_prior_alpha_beta,qrels,label-derived pairwise preferences from qrels,3,2,0.333333,3,1,False,0,0,0,0,0.0,0.0,0,0,3,ndcg_at_k,0.0,0,1.0,1.0,1.0,1.0,0.666667,1.0,1.0,1.4e-05,1.2e-05,7e-06,8.6e-05,1.1e-05,0.000146,0.000828
bright,theoremqa_questions:TheoremQA_tonyxia/particle4.json,hybrid_rrf_fas_regularized,qrels,label-derived pairwise preferences from qrels,3,2,0.333333,3,1,False,0,0,0,0,0.0,0.0,0,0,3,ndcg_at_k,0.0,0,1.0,1.0,1.0,1.0,0.666667,1.0,1.0,1.4e-05,1.2e-05,7e-06,8.6e-05,8e-06,0.000146,0.000828
bright,theoremqa_questions:TheoremQA_tonyxia/particle4.json,hybrid_rrf_balance_a05,qrels,label-derived pairwise preferences from qrels,3,2,0.333333,3,1,False,0,0,0,0,0.0,0.0,0,0,3,ndcg_at_k,0.0,0,1.0,1.0,1.0,1.0,0.666667,1.0,1.0,1.4e-05,1.2e-05,7e-06,8.6e-05,5e-06,0.000146,0.000828
bright,theoremqa_questions:TheoremQA_tonyxia/particle4.json,hybrid_rrf_copeland_a03,qrels,label-derived pairwise preferences from qrels,3,2,0.333333,3,1,False,0,0,0,0,0.0,0.0,0,0,3,ndcg_at_k,0.0,0,1.0,1.0,1.0,1.0,0.666667,1.0,1.0,1.4e-05,1.2e-05,7e-06,8.6e-05,5e-06,0.000146,0.000828
bright,theoremqa_questions:TheoremQA_tonyxia/particle4.json,hybrid_rrf_priority_topo_a03,qrels,label-derived pairwise preferences from qrels,3,2,0.333333,3,1,False,0,0,0,0,0.0,0.0,0,0,3,ndcg_at_k,0.0,0,0.333333,0.333333,1.0,1.0,0.666667,1.0,1.0,1.4e-05,1.2e-05,7e-06,8.6e-05,1e-05,0.000146,0.000828
bright,leetcode:45,score_sum,qrels,label-derived pairwise preferences from qrels,16,15,0.0625,16,1,False,0,0,0,0,0.0,0.0,0,0,16,ndcg_at_k,0.0,0,1.0,0.066667,1.0,1.0,0.0625,1.0,1.0,3.1e-05,2.7e-05,1.4e-05,0.000172,1.1e-05,0.000651,0.00261
bright,leetcode:45,borda,qrels,label-derived pairwise preferences from qrels,16,15,0.0625,16,1,False,0,0,0,0,0.0,0.0,0,0,16,ndcg_at_k,0.0,0,1.0,0.066667,1.0,1.0,0.0625,1.0,1.0,3.1e-05,2.7e-05,1.4e-05,0.000172,1e-05,0.000651,0.00261
bright,leetcode:45,pagerank,qrels,label-derived pairwise preferences from qrels,16,15,0.0625,16,1,False,0,0,0,0,0.0,0.0,0,0,16,ndcg_at_k,0.0,0,-0.016667,0.116667,1.0,1.0,0.0625,1.0,1.0,3.1e-05,2.7e-05,1.4e-05,0.000172,0.001479,0.000651,0.00261
bright,leetcode:45,greedy_fas_topological,qrels,label-derived pairwise preferences from qrels,16,15,0.0625,16,1,False,0,0,0,0,0.0,0.0,0,0,16,ndcg_at_k,0.0,0,-0.016667,0.116667,1.0,1.0,0.0625,1.0,1.0,3.1e-05,2.7e-05,1.4e-05,0.000172,3.4e-05,0.000651,0.00261
bright,leetcode:45,greedy_fas_weighted_balance,qrels,label-derived pairwise preferences from qrels,16,15,0.0625,16,1,False,0,0,0,0,0.0,0.0,0,0,16,ndcg_at_k,0.0,0,1.0,0.066667,1.0,1.0,0.0625,1.0,1.0,3.1e-05,2.7e-05,1.4e-05,0.000172,1.8e-05,0.000651,0.00261
bright,leetcode:45,greedy_fas_copeland,qrels,label-derived pairwise preferences from qrels,16,15,0.0625,16,1,False,0,0,0,0,0.0,0.0,0,0,16,ndcg_at_k,0.0,0,1.0,0.066667,1.0,1.0,0.0625,1.0,1.0,3.1e-05,2.7e-05,1.4e-05,0.000172,1.5e-05,0.000651,0.00261
bright,leetcode:45,greedy_fas_score_augmented_topological,qrels,label-derived pairwise preferences from qrels,16,15,0.0625,16,1,False,0,0,0,0,0.0,0.0,0,0,16,ndcg_at_k,0.0,0,-0.75,0.183333,1.0,1.0,0.0625,1.0,1.0,3.1e-05,2.7e-05,1.4e-05,0.000172,2.8e-05,0.000651,0.00261
bright,leetcode:45,fas_balance_score_prior_alpha_beta,qrels,label-derived pairwise preferences from qrels,16,15,0.0625,16,1,False,0,0,0,0,0.0,0.0,0,0,16,ndcg_at_k,0.0,0,1.0,0.066667,1.0,1.0,0.0625,1.0,1.0,3.1e-05,2.7e-05,1.4e-05,0.000172,2.9e-05,0.000651,0.00261
bright,leetcode:45,hybrid_rrf_fas_regularized,qrels,label-derived pairwise preferences from qrels,16,15,0.0625,16,1,False,0,0,0,0,0.0,0.0,0,0,16,ndcg_at_k,0.0,0,1.0,0.066667,1.0,1.0,0.0625,1.0,1.0,3.1e-05,2.7e-05,1.4e-05,0.000172,1.9e-05,0.000651,0.00261
bright,leetcode:45,hybrid_rrf_balance_a05,qrels,label-derived pairwise preferences from qrels,16,15,0.0625,16,1,False,0,0,0,0,0.0,0.0,0,0,16,ndcg_at_k,0.0,0,1.0,0.066667,1.0,1.0,0.0625,1.0,1.0,3.1e-05,2.7e-05,1.4e-05,0.000172,1.6e-05,0.000651,0.00261
bright,leetcode:45,hybrid_rrf_copeland_a03,qrels,label-derived pairwise preferences from qrels,16,15,0.0625,16,1,False,0,0,0,0,0.0,0.0,0,0,16,ndcg_at_k,0.0,0,1.0,0.066667,1.0,1.0,0.0625,1.0,1.0,3.1e-05,2.7e-05,1.4e-05,0.000172,1.8e-05,0.000651,0.00261
bright,leetcode:45,hybrid_rrf_priority_topo_a03,qrels,label-derived pairwise preferences from qrels,16,15,0.0625,16,1,False,0,0,0,0,0.0,0.0,0,0,16,ndcg_at_k,0.0,0,-0.75,0.183333,1.0,1.0,0.0625,1.0,1.0,3.1e-05,2.7e-05,1.4e-05,0.000172,3.8e-05,0.000651,0.00261
bright,aops:math_train_intermediate_algebra_2060,score_sum,qrels,label-derived pairwise preferences from qrels,20,36,0.094737,20,1,False,0,0,0,0,0.0,0.0,0,0,20,ndcg_at_k,0.0,0,1.0,-1.0,1.0,1.0,0.1,1.0,1.0,0.001837,6.1e-05,1.8e-05,0.00029,1.8e-05,0.000709,0.004418
bright,aops:math_train_intermediate_algebra_2060,borda,qrels,label-derived pairwise preferences from qrels,20,36,0.094737,20,1,False,0,0,0,0,0.0,0.0,0,0,20,ndcg_at_k,0.0,0,1.0,-1.0,1.0,1.0,0.1,1.0,1.0,0.001837,6.1e-05,1.8e-05,0.00029,1.4e-05,0.000709,0.004418
bright,aops:math_train_intermediate_algebra_2060,pagerank,qrels,label-derived pairwise preferences from qrels,20,36,0.094737,20,1,False,0,0,0,0,0.0,0.0,0,0,20,ndcg_at_k,0.0,0,0.052632,1.0,1.0,1.0,0.1,1.0,1.0,0.001837,6.1e-05,1.8e-05,0.00029,0.001194,0.000709,0.004418
bright,aops:math_train_intermediate_algebra_2060,greedy_fas_topological,qrels,label-derived pairwise preferences from qrels,20,36,0.094737,20,1,False,0,0,0,0,0.0,0.0,0,0,20,ndcg_at_k,0.0,0,0.052632,1.0,1.0,1.0,0.1,1.0,1.0,0.001837,6.1e-05,1.8e-05,0.00029,3.9e-05,0.000709,0.004418
bright,aops:math_train_intermediate_algebra_2060,greedy_fas_weighted_balance,qrels,label-derived pairwise preferences from qrels,20,36,0.094737,20,1,False,0,0,0,0,0.0,0.0,0,0,20,ndcg_at_k,0.0,0,1.0,-1.0,1.0,1.0,0.1,1.0,1.0,0.001837,6.1e-05,1.8e-05,0.00029,2e-05,0.000709,0.004418
bright,aops:math_train_intermediate_algebra_2060,greedy_fas_copeland,qrels,label-derived pairwise preferences from qrels,20,36,0.094737,20,1,False,0,0,0,0,0.0,0.0,0,0,20,ndcg_at_k,0.0,0,1.0,-1.0,1.0,1.0,0.1,1.0,1.0,0.001837,6.1e-05,1.8e-05,0.00029,1.8e-05,0.000709,0.004418
bright,aops:math_train_intermediate_algebra_2060,greedy_fas_score_augmented_topological,qrels,label-derived pairwise preferences from qrels,20,36,0.094737,20,1,False,0,0,0,0,0.0,0.0,0,0,20,ndcg_at_k,0.0,0,-0.621053,1.0,1.0,1.0,0.1,1.0,1.0,0.001837,6.1e-05,1.8e-05,0.00029,3.6e-05,0.000709,0.004418
bright,aops:math_train_intermediate_algebra_2060,fas_balance_score_prior_alpha_beta,qrels,label-derived pairwise preferences from qrels,20,36,0.094737,20,1,False,0,0,0,0,0.0,0.0,0,0,20,ndcg_at_k,0.0,0,1.0,-1.0,1.0,1.0,0.1,1.0,1.0,0.001837,6.1e-05,1.8e-05,0.00029,3.1e-05,0.000709,0.004418
bright,aops:math_train_intermediate_algebra_2060,hybrid_rrf_fas_regularized,qrels,label-derived pairwise preferences from qrels,20,36,0.094737,20,1,False,0,0,0,0,0.0,0.0,0,0,20,ndcg_at_k,0.0,0,1.0,-1.0,1.0,1.0,0.1,1.0,1.0,0.001837,6.1e-05,1.8e-05,0.00029,2.5e-05,0.000709,0.004418
bright,aops:math_train_intermediate_algebra_2060,hybrid_rrf_balance_a05,qrels,label-derived pairwise preferences from qrels,20,36,0.094737,20,1,False,0,0,0,0,0.0,0.0,0,0,20,ndcg_at_k,0.0,0,1.0,-1.0,1.0,1.0,0.1,1.0,1.0,0.001837,6.1e-05,1.8e-05,0.00029,3.5e-05,0.000709,0.004418
bright,aops:math_train_intermediate_algebra_2060,hybrid_rrf_copeland_a03,qrels,label-derived pairwise preferences from qrels,20,36,0.094737,20,1,False,0,0,0,0,0.0,0.0,0,0,20,ndcg_at_k,0.0,0,1.0,-1.0,1.0,1.0,0.1,1.0,1.0,0.001837,6.1e-05,1.8e-05,0.00029,2.1e-05,0.000709,0.004418
bright,aops:math_train_intermediate_algebra_2060,hybrid_rrf_priority_topo_a03,qrels,label-derived pairwise preferences from qrels,20,36,0.094737,20,1,False,0,0,0,0,0.0,0.0,0,0,20,ndcg_at_k,0.0,0,-0.621053,1.0,1.0,1.0,0.1,1.0,1.0,0.001837,6.1e-05,1.8e-05,0.00029,5.2e-05,0.000709,0.004418
bright,theoremqa_questions:TheoremQA_wenhuchen/t_test3.json,score_sum,qrels,label-derived pairwise preferences from qrels,20,36,0.094737,20,1,False,0,0,0,0,0.0,0.0,0,0,20,ndcg_at_k,0.0,0,1.0,1.0,1.0,1.0,0.1,1.0,1.0,0.000451,5.1e-05,1.8e-05,0.000364,1.6e-05,0.000718,0.003091
bright,theoremqa_questions:TheoremQA_wenhuchen/t_test3.json,borda,qrels,label-derived pairwise preferences from qrels,20,36,0.094737,20,1,False,0,0,0,0,0.0,0.0,0,0,20,ndcg_at_k,0.0,0,1.0,1.0,1.0,1.0,0.1,1.0,1.0,0.000451,5.1e-05,1.8e-05,0.000364,1.2e-05,0.000718,0.003091
bright,theoremqa_questions:TheoremQA_wenhuchen/t_test3.json,pagerank,qrels,label-derived pairwise preferences from qrels,20,36,0.094737,20,1,False,0,0,0,0,0.0,0.0,0,0,20,ndcg_at_k,0.0,0,0.326316,1.0,1.0,1.0,0.1,1.0,1.0,0.000451,5.1e-05,1.8e-05,0.000364,0.001192,0.000718,0.003091
bright,theoremqa_questions:TheoremQA_wenhuchen/t_test3.json,greedy_fas_topological,qrels,label-derived pairwise preferences from qrels,20,36,0.094737,20,1,False,0,0,0,0,0.0,0.0,0,0,20,ndcg_at_k,0.0,0,0.326316,1.0,1.0,1.0,0.1,1.0,1.0,0.000451,5.1e-05,1.8e-05,0.000364,4.9e-05,0.000718,0.003091
bright,theoremqa_questions:TheoremQA_wenhuchen/t_test3.json,greedy_fas_weighted_balance,qrels,label-derived pairwise preferences from qrels,20,36,0.094737,20,1,False,0,0,0,0,0.0,0.0,0,0,20,ndcg_at_k,0.0,0,1.0,1.0,1.0,1.0,0.1,1.0,1.0,0.000451,5.1e-05,1.8e-05,0.000364,2e-05,0.000718,0.003091
bright,theoremqa_questions:TheoremQA_wenhuchen/t_test3.json,greedy_fas_copeland,qrels,label-derived pairwise preferences from qrels,20,36,0.094737,20,1,False,0,0,0,0,0.0,0.0,0,0,20,ndcg_at_k,0.0,0,1.0,1.0,1.0,1.0,0.1,1.0,1.0,0.000451,5.1e-05,1.8e-05,0.000364,1.7e-05,0.000718,0.003091
bright,theoremqa_questions:TheoremQA_wenhuchen/t_test3.json,greedy_fas_score_augmented_topological,qrels,label-derived pairwise preferences from qrels,20,36,0.094737,20,1,False,0,0,0,0,0.0,0.0,0,0,20,ndcg_at_k,0.0,0,-0.621053,-1.0,1.0,1.0,0.1,1.0,1.0,0.000451,5.1e-05,1.8e-05,0.000364,3.6e-05,0.000718,0.003091
bright,theoremqa_questions:TheoremQA_wenhuchen/t_test3.json,fas_balance_score_prior_alpha_beta,qrels,label-derived pairwise preferences from qrels,20,36,0.094737,20,1,False,0,0,0,0,0.0,0.0,0,0,20,ndcg_at_k,0.0,0,1.0,1.0,1.0,1.0,0.1,1.0,1.0,0.000451,5.1e-05,1.8e-05,0.000364,3.1e-05,0.000718,0.003091
bright,theoremqa_questions:TheoremQA_wenhuchen/t_test3.json,hybrid_rrf_fas_regularized,qrels,label-derived pairwise preferences from qrels,20,36,0.094737,20,1,False,0,0,0,0,0.0,0.0,0,0,20,ndcg_at_k,0.0,0,1.0,1.0,1.0,1.0,0.1,1.0,1.0,0.000451,5.1e-05,1.8e-05,0.000364,2.5e-05,0.000718,0.003091
bright,theoremqa_questions:TheoremQA_wenhuchen/t_test3.json,hybrid_rrf_balance_a05,qrels,label-derived pairwise preferences from qrels,20,36,0.094737,20,1,False,0,0,0,0,0.0,0.0,0,0,20,ndcg_at_k,0.0,0,1.0,1.0,1.0,1.0,0.1,1.0,1.0,0.000451,5.1e-05,1.8e-05,0.000364,2.1e-05,0.000718,0.003091
bright,theoremqa_questions:TheoremQA_wenhuchen/t_test3.json,hybrid_rrf_copeland_a03,qrels,label-derived pairwise preferences from qrels,20,36,0.094737,20,1,False,0,0,0,0,0.0,0.0,0,0,20,ndcg_at_k,0.0,0,1.0,1.0,1.0,1.0,0.1,1.0,1.0,0.000451,5.1e-05,1.8e-05,0.000364,2.1e-05,0.000718,0.003091
bright,theoremqa_questions:TheoremQA_wenhuchen/t_test3.json,hybrid_rrf_priority_topo_a03,qrels,label-derived pairwise preferences from qrels,20,36,0.094737,20,1,False,0,0,0,0,0.0,0.0,0,0,20,ndcg_at_k,0.0,0,-0.621053,-1.0,1.0,1.0,0.1,1.0,1.0,0.000451,5.1e-05,1.8e-05,0.000364,4.9e-05,0.000718,0.003091
bright,theoremqa_questions:TheoremQA_xueguangma/present_value_1.json,score_sum,qrels,label-derived pairwise preferences from qrels,2,1,0.5,2,1,False,0,0,0,0,0.0,0.0,0,0,2,ndcg_at_k,0.0,0,1.0,1.0,1.0,1.0,0.5,1.0,1.0,1.4e-05,1.4e-05,7e-06,8.7e-05,5e-06,0.000125,0.000913
bright,theoremqa_questions:TheoremQA_xueguangma/present_value_1.json,borda,qrels,label-derived pairwise preferences from qrels,2,1,0.5,2,1,False,0,0,0,0,0.0,0.0,0,0,2,ndcg_at_k,0.0,0,1.0,1.0,1.0,1.0,0.5,1.0,1.0,1.4e-05,1.4e-05,7e-06,8.7e-05,5e-06,0.000125,0.000913
bright,theoremqa_questions:TheoremQA_xueguangma/present_value_1.json,pagerank,qrels,label-derived pairwise preferences from qrels,2,1,0.5,2,1,False,0,0,0,0,0.0,0.0,0,0,2,ndcg_at_k,0.0,0,1.0,1.0,1.0,1.0,0.5,1.0,1.0,1.4e-05,1.4e-05,7e-06,8.7e-05,0.000592,0.000125,0.000913
bright,theoremqa_questions:TheoremQA_xueguangma/present_value_1.json,greedy_fas_topological,qrels,label-derived pairwise preferences from qrels,2,1,0.5,2,1,False,0,0,0,0,0.0,0.0,0,0,2,ndcg_at_k,0.0,0,1.0,1.0,1.0,1.0,0.5,1.0,1.0,1.4e-05,1.4e-05,7e-06,8.7e-05,1.4e-05,0.000125,0.000913
bright,theoremqa_questions:TheoremQA_xueguangma/present_value_1.json,greedy_fas_weighted_balance,qrels,label-derived pairwise preferences from qrels,2,1,0.5,2,1,False,0,0,0,0,0.0,0.0,0,0,2,ndcg_at_k,0.0,0,1.0,1.0,1.0,1.0,0.5,1.0,1.0,1.4e-05,1.4e-05,7e-06,8.7e-05,6e-06,0.000125,0.000913
bright,theoremqa_questions:TheoremQA_xueguangma/present_value_1.json,greedy_fas_copeland,qrels,label-derived pairwise preferences from qrels,2,1,0.5,2,1,False,0,0,0,0,0.0,0.0,0,0,2,ndcg_at_k,0.0,0,1.0,1.0,1.0,1.0,0.5,1.0,1.0,1.4e-05,1.4e-05,7e-06,8.7e-05,5e-06,0.000125,0.000913
bright,theoremqa_questions:TheoremQA_xueguangma/present_value_1.json,greedy_fas_score_augmented_topological,qrels,label-derived pairwise preferences from qrels,2,1,0.5,2,1,False,0,0,0,0,0.0,0.0,0,0,2,ndcg_at_k,0.0,0,1.0,1.0,1.0,1.0,0.5,1.0,1.0,1.4e-05,1.4e-05,7e-06,8.7e-05,5e-06,0.000125,0.000913
bright,theoremqa_questions:TheoremQA_xueguangma/present_value_1.json,fas_balance_score_prior_alpha_beta,qrels,label-derived pairwise preferences from qrels,2,1,0.5,2,1,False,0,0,0,0,0.0,0.0,0,0,2,ndcg_at_k,0.0,0,1.0,1.0,1.0,1.0,0.5,1.0,1.0,1.4e-05,1.4e-05,7e-06,8.7e-05,1e-05,0.000125,0.000913
bright,theoremqa_questions:TheoremQA_xueguangma/present_value_1.json,hybrid_rrf_fas_regularized,qrels,label-derived pairwise preferences from qrels,2,1,0.5,2,1,False,0,0,0,0,0.0,0.0,0,0,2,ndcg_at_k,0.0,0,1.0,1.0,1.0,1.0,0.5,1.0,1.0,1.4e-05,1.4e-05,7e-06,8.7e-05,7e-06,0.000125,0.000913
bright,theoremqa_questions:TheoremQA_xueguangma/present_value_1.json,hybrid_rrf_balance_a05,qrels,label-derived pairwise preferences from qrels,2,1,0.5,2,1,False,0,0,0,0,0.0,0.0,0,0,2,ndcg_at_k,0.0,0,1.0,1.0,1.0,1.0,0.5,1.0,1.0,1.4e-05,1.4e-05,7e-06,8.7e-05,5e-06,0.000125,0.000913
bright,theoremqa_questions:TheoremQA_xueguangma/present_value_1.json,hybrid_rrf_copeland_a03,qrels,label-derived pairwise preferences from qrels,2,1,0.5,2,1,False,0,0,0,0,0.0,0.0,0,0,2,ndcg_at_k,0.0,0,1.0,1.0,1.0,1.0,0.5,1.0,1.0,1.4e-05,1.4e-05,7e-06,8.7e-05,5e-06,0.000125,0.000913
bright,theoremqa_questions:TheoremQA_xueguangma/present_value_1.json,hybrid_rrf_priority_topo_a03,qrels,label-derived pairwise preferences from qrels,2,1,0.5,2,1,False,0,0,0,0,0.0,0.0,0,0,2,ndcg_at_k,0.0,0,1.0,1.0,1.0,1.0,0.5,1.0,1.0,1.4e-05,1.4e-05,7e-06,8.7e-05,7e-06,0.000125,0.000913
bright,leetcode:57,score_sum,qrels,label-derived pairwise preferences from qrels,20,19,0.05,20,1,False,0,0,0,0,0.0,0.0,0,0,20,ndcg_at_k,0.0,0,1.0,0.150327,1.0,1.0,0.05,1.0,1.0,4.3e-05,3.2e-05,1.5e-05,0.000193,1.3e-05,0.000847,0.002723
bright,leetcode:57,borda,qrels,label-derived pairwise preferences from qrels,20,19,0.05,20,1,False,0,0,0,0,0.0,0.0,0,0,20,ndcg_at_k,0.0,0,1.0,0.150327,1.0,1.0,0.05,1.0,1.0,4.3e-05,3.2e-05,1.5e-05,0.000193,1.2e-05,0.000847,0.002723
bright,leetcode:57,pagerank,qrels,label-derived pairwise preferences from qrels,20,19,0.05,20,1,False,0,0,0,0,0.0,0.0,0,0,20,ndcg_at_k,0.0,0,0.042105,-0.006536,1.0,1.0,0.05,1.0,1.0,4.3e-05,3.2e-05,1.5e-05,0.000193,0.001296,0.000847,0.002723
bright,leetcode:57,greedy_fas_topological,qrels,label-derived pairwise preferences from qrels,20,19,0.05,20,1,False,0,0,0,0,0.0,0.0,0,0,20,ndcg_at_k,0.0,0,0.042105,-0.006536,1.0,1.0,0.05,1.0,1.0,4.3e-05,3.2e-05,1.5e-05,0.000193,3.3e-05,0.000847,0.002723
bright,leetcode:57,greedy_fas_weighted_balance,qrels,label-derived pairwise preferences from qrels,20,19,0.05,20,1,False,0,0,0,0,0.0,0.0,0,0,20,ndcg_at_k,0.0,0,1.0,0.150327,1.0,1.0,0.05,1.0,1.0,4.3e-05,3.2e-05,1.5e-05,0.000193,1.7e-05,0.000847,0.002723
bright,leetcode:57,greedy_fas_copeland,qrels,label-derived pairwise preferences from qrels,20,19,0.05,20,1,False,0,0,0,0,0.0,0.0,0,0,20,ndcg_at_k,0.0,0,1.0,0.150327,1.0,1.0,0.05,1.0,1.0,4.3e-05,3.2e-05,1.5e-05,0.000193,1.8e-05,0.000847,0.002723
bright,leetcode:57,greedy_fas_score_augmented_topological,qrels,label-derived pairwise preferences from qrels,20,19,0.05,20,1,False,0,0,0,0,0.0,0.0,0,0,20,ndcg_at_k,0.0,0,-0.8,0.071895,1.0,1.0,0.05,1.0,1.0,4.3e-05,3.2e-05,1.5e-05,0.000193,3.8e-05,0.000847,0.002723
bright,leetcode:57,fas_balance_score_prior_alpha_beta,qrels,label-derived pairwise preferences from qrels,20,19,0.05,20,1,False,0,0,0,0,0.0,0.0,0,0,20,ndcg_at_k,0.0,0,1.0,0.150327,1.0,1.0,0.05,1.0,1.0,4.3e-05,3.2e-05,1.5e-05,0.000193,2.7e-05,0.000847,0.002723
bright,leetcode:57,hybrid_rrf_fas_regularized,qrels,label-derived pairwise preferences from qrels,20,19,0.05,20,1,False,0,0,0,0,0.0,0.0,0,0,20,ndcg_at_k,0.0,0,1.0,0.150327,1.0,1.0,0.05,1.0,1.0,4.3e-05,3.2e-05,1.5e-05,0.000193,4.9e-05,0.000847,0.002723
bright,leetcode:57,hybrid_rrf_balance_a05,qrels,label-derived pairwise preferences from qrels,20,19,0.05,20,1,False,0,0,0,0,0.0,0.0,0,0,20,ndcg_at_k,0.0,0,1.0,0.150327,1.0,1.0,0.05,1.0,1.0,4.3e-05,3.2e-05,1.5e-05,0.000193,1.8e-05,0.000847,0.002723
bright,leetcode:57,hybrid_rrf_copeland_a03,qrels,label-derived pairwise preferences from qrels,20,19,0.05,20,1,False,0,0,0,0,0.0,0.0,0,0,20,ndcg_at_k,0.0,0,1.0,0.150327,1.0,1.0,0.05,1.0,1.0,4.3e-05,3.2e-05,1.5e-05,0.000193,2.1e-05,0.000847,0.002723
bright,leetcode:57,hybrid_rrf_priority_topo_a03,qrels,label-derived pairwise preferences from qrels,20,19,0.05,20,1,False,0,0,0,0,0.0,0.0,0,0,20,ndcg_at_k,0.0,0,-0.8,0.071895,1.0,1.0,0.05,1.0,1.0,4.3e-05,3.2e-05,1.5e-05,0.000193,5.1e-05,0.000847,0.002723
bright,leetcode:23,score_sum,qrels,label-derived pairwise preferences from qrels,20,19,0.05,20,1,False,0,0,0,0,0.0,0.0,0,0,20,ndcg_at_k,0.0,0,1.0,0.388889,1.0,1.0,0.05,1.0,1.0,4.2e-05,3.3e-05,1.7e-05,0.000233,1.4e-05,0.000732,0.002602
bright,leetcode:23,borda,qrels,label-derived pairwise preferences from qrels,20,19,0.05,20,1,False,0,0,0,0,0.0,0.0,0,0,20,ndcg_at_k,0.0,0,1.0,0.388889,1.0,1.0,0.05,1.0,1.0,4.2e-05,3.3e-05,1.7e-05,0.000233,1.2e-05,0.000732,0.002602
bright,leetcode:23,pagerank,qrels,label-derived pairwise preferences from qrels,20,19,0.05,20,1,False,0,0,0,0,0.0,0.0,0,0,20,ndcg_at_k,0.0,0,-0.042105,0.0,1.0,1.0,0.05,1.0,1.0,4.2e-05,3.3e-05,1.7e-05,0.000233,0.00128,0.000732,0.002602
bright,leetcode:23,greedy_fas_topological,qrels,label-derived pairwise preferences from qrels,20,19,0.05,20,1,False,0,0,0,0,0.0,0.0,0,0,20,ndcg_at_k,0.0,0,-0.042105,0.0,1.0,1.0,0.05,1.0,1.0,4.2e-05,3.3e-05,1.7e-05,0.000233,3.3e-05,0.000732,0.002602
bright,leetcode:23,greedy_fas_weighted_balance,qrels,label-derived pairwise preferences from qrels,20,19,0.05,20,1,False,0,0,0,0,0.0,0.0,0,0,20,ndcg_at_k,0.0,0,1.0,0.388889,1.0,1.0,0.05,1.0,1.0,4.2e-05,3.3e-05,1.7e-05,0.000233,1.7e-05,0.000732,0.002602
bright,leetcode:23,greedy_fas_copeland,qrels,label-derived pairwise preferences from qrels,20,19,0.05,20,1,False,0,0,0,0,0.0,0.0,0,0,20,ndcg_at_k,0.0,0,1.0,0.388889,1.0,1.0,0.05,1.0,1.0,4.2e-05,3.3e-05,1.7e-05,0.000233,1.7e-05,0.000732,0.002602
bright,leetcode:23,greedy_fas_score_augmented_topological,qrels,label-derived pairwise preferences from qrels,20,19,0.05,20,1,False,0,0,0,0,0.0,0.0,0,0,20,ndcg_at_k,0.0,0,-0.8,0.055556,1.0,1.0,0.05,1.0,1.0,4.2e-05,3.3e-05,1.7e-05,0.000233,3.6e-05,0.000732,0.002602
bright,leetcode:23,fas_balance_score_prior_alpha_beta,qrels,label-derived pairwise preferences from qrels,20,19,0.05,20,1,False,0,0,0,0,0.0,0.0,0,0,20,ndcg_at_k,0.0,0,1.0,0.388889,1.0,1.0,0.05,1.0,1.0,4.2e-05,3.3e-05,1.7e-05,0.000233,2.7e-05,0.000732,0.002602
bright,leetcode:23,hybrid_rrf_fas_regularized,qrels,label-derived pairwise preferences from qrels,20,19,0.05,20,1,False,0,0,0,0,0.0,0.0,0,0,20,ndcg_at_k,0.0,0,1.0,0.388889,1.0,1.0,0.05,1.0,1.0,4.2e-05,3.3e-05,1.7e-05,0.000233,2.2e-05,0.000732,0.002602
bright,leetcode:23,hybrid_rrf_balance_a05,qrels,label-derived pairwise preferences from qrels,20,19,0.05,20,1,False,0,0,0,0,0.0,0.0,0,0,20,ndcg_at_k,0.0,0,1.0,0.388889,1.0,1.0,0.05,1.0,1.0,4.2e-05,3.3e-05,1.7e-05,0.000233,1.8e-05,0.000732,0.002602
bright,leetcode:23,hybrid_rrf_copeland_a03,qrels,label-derived pairwise preferences from qrels,20,19,0.05,20,1,False,0,0,0,0,0.0,0.0,0,0,20,ndcg_at_k,0.0,0,1.0,0.388889,1.0,1.0,0.05,1.0,1.0,4.2e-05,3.3e-05,1.7e-05,0.000233,2.1e-05,0.000732,0.002602
bright,leetcode:23,hybrid_rrf_priority_topo_a03,qrels,label-derived pairwise preferences from qrels,20,19,0.05,20,1,False,0,0,0,0,0.0,0.0,0,0,20,ndcg_at_k,0.0,0,-0.8,0.055556,1.0,1.0,0.05,1.0,1.0,4.2e-05,3.3e-05,1.7e-05,0.000233,4.8e-05,0.000732,0.002602
bright,aops:aops_2002_AIME_I_Problems/Problem_6,score_sum,qrels,label-derived pairwise preferences from qrels,20,51,0.134211,20,1,False,0,0,0,0,0.0,0.0,0,0,20,ndcg_at_k,0.0,0,1.0,1.0,1.0,1.0,0.15,1.0,1.0,0.001855,7e-05,1.9e-05,0.000337,2e-05,0.000778,0.004486
bright,aops:aops_2002_AIME_I_Problems/Problem_6,borda,qrels,label-derived pairwise preferences from qrels,20,51,0.134211,20,1,False,0,0,0,0,0.0,0.0,0,0,20,ndcg_at_k,0.0,0,1.0,1.0,1.0,1.0,0.15,1.0,1.0,0.001855,7e-05,1.9e-05,0.000337,1.4e-05,0.000778,0.004486
bright,aops:aops_2002_AIME_I_Problems/Problem_6,pagerank,qrels,label-derived pairwise preferences from qrels,20,51,0.134211,20,1,False,0,0,0,0,0.0,0.0,0,0,20,ndcg_at_k,0.0,0,0.157895,-0.333333,1.0,1.0,0.15,1.0,1.0,0.001855,7e-05,1.9e-05,0.000337,0.001104,0.000778,0.004486
bright,aops:aops_2002_AIME_I_Problems/Problem_6,greedy_fas_topological,qrels,label-derived pairwise preferences from qrels,20,51,0.134211,20,1,False,0,0,0,0,0.0,0.0,0,0,20,ndcg_at_k,0.0,0,0.157895,-0.333333,1.0,1.0,0.15,1.0,1.0,0.001855,7e-05,1.9e-05,0.000337,4.2e-05,0.000778,0.004486
bright,aops:aops_2002_AIME_I_Problems/Problem_6,greedy_fas_weighted_balance,qrels,label-derived pairwise preferences from qrels,20,51,0.134211,20,1,False,0,0,0,0,0.0,0.0,0,0,20,ndcg_at_k,0.0,0,1.0,1.0,1.0,1.0,0.15,1.0,1.0,0.001855,7e-05,1.9e-05,0.000337,2.2e-05,0.000778,0.004486
bright,aops:aops_2002_AIME_I_Problems/Problem_6,greedy_fas_copeland,qrels,label-derived pairwise preferences from qrels,20,51,0.134211,20,1,False,0,0,0,0,0.0,0.0,0,0,20,ndcg_at_k,0.0,0,1.0,1.0,1.0,1.0,0.15,1.0,1.0,0.001855,7e-05,1.9e-05,0.000337,1.8e-05,0.000778,0.004486
bright,aops:aops_2002_AIME_I_Problems/Problem_6,greedy_fas_score_augmented_topological,qrels,label-derived pairwise preferences from qrels,20,51,0.134211,20,1,False,0,0,0,0,0.0,0.0,0,0,20,ndcg_at_k,0.0,0,-0.463158,-1.0,1.0,1.0,0.15,1.0,1.0,0.001855,7e-05,1.9e-05,0.000337,3.7e-05,0.000778,0.004486
bright,aops:aops_2002_AIME_I_Problems/Problem_6,fas_balance_score_prior_alpha_beta,qrels,label-derived pairwise preferences from qrels,20,51,0.134211,20,1,False,0,0,0,0,0.0,0.0,0,0,20,ndcg_at_k,0.0,0,1.0,1.0,1.0,1.0,0.15,1.0,1.0,0.001855,7e-05,1.9e-05,0.000337,3.4e-05,0.000778,0.004486
bright,aops:aops_2002_AIME_I_Problems/Problem_6,hybrid_rrf_fas_regularized,qrels,label-derived pairwise preferences from qrels,20,51,0.134211,20,1,False,0,0,0,0,0.0,0.0,0,0,20,ndcg_at_k,0.0,0,1.0,1.0,1.0,1.0,0.15,1.0,1.0,0.001855,7e-05,1.9e-05,0.000337,3.4e-05,0.000778,0.004486
bright,aops:aops_2002_AIME_I_Problems/Problem_6,hybrid_rrf_balance_a05,qrels,label-derived pairwise preferences from qrels,20,51,0.134211,20,1,False,0,0,0,0,0.0,0.0,0,0,20,ndcg_at_k,0.0,0,1.0,1.0,1.0,1.0,0.15,1.0,1.0,0.001855,7e-05,1.9e-05,0.000337,2.4e-05,0.000778,0.004486
bright,aops:aops_2002_AIME_I_Problems/Problem_6,hybrid_rrf_copeland_a03,qrels,label-derived pairwise preferences from qrels,20,51,0.134211,20,1,False,0,0,0,0,0.0,0.0,0,0,20,ndcg_at_k,0.0,0,1.0,1.0,1.0,1.0,0.15,1.0,1.0,0.001855,7e-05,1.9e-05,0.000337,2.3e-05,0.000778,0.004486
bright,aops:aops_2002_AIME_I_Problems/Problem_6,hybrid_rrf_priority_topo_a03,qrels,label-derived pairwise preferences from qrels,20,51,0.134211,20,1,False,0,0,0,0,0.0,0.0,0,0,20,ndcg_at_k,0.0,0,-0.463158,-1.0,1.0,1.0,0.15,1.0,1.0,0.001855,7e-05,1.9e-05,0.000337,5.5e-05,0.000778,0.004486
bright,aops:math_test_intermediate_algebra_1179,score_sum,qrels,label-derived pairwise preferences from qrels,20,36,0.094737,20,1,False,0,0,0,0,0.0,0.0,0,0,20,ndcg_at_k,0.0,0,1.0,1.0,1.0,1.0,0.1,1.0,1.0,0.001903,0.000344,2e-05,0.000285,1.8e-05,0.000726,0.0048
bright,aops:math_test_intermediate_algebra_1179,borda,qrels,label-derived pairwise preferences from qrels,20,36,0.094737,20,1,False,0,0,0,0,0.0,0.0,0,0,20,ndcg_at_k,0.0,0,1.0,1.0,1.0,1.0,0.1,1.0,1.0,0.001903,0.000344,2e-05,0.000285,1.5e-05,0.000726,0.0048
bright,aops:math_test_intermediate_algebra_1179,pagerank,qrels,label-derived pairwise preferences from qrels,20,36,0.094737,20,1,False,0,0,0,0,0.0,0.0,0,0,20,ndcg_at_k,0.0,0,0.052632,1.0,1.0,1.0,0.1,1.0,1.0,0.001903,0.000344,2e-05,0.000285,0.001214,0.000726,0.0048
bright,aops:math_test_intermediate_algebra_1179,greedy_fas_topological,qrels,label-derived pairwise preferences from qrels,20,36,0.094737,20,1,False,0,0,0,0,0.0,0.0,0,0,20,ndcg_at_k,0.0,0,0.052632,1.0,1.0,1.0,0.1,1.0,1.0,0.001903,0.000344,2e-05,0.000285,3.9e-05,0.000726,0.0048
bright,aops:math_test_intermediate_algebra_1179,greedy_fas_weighted_balance,qrels,label-derived pairwise preferences from qrels,20,36,0.094737,20,1,False,0,0,0,0,0.0,0.0,0,0,20,ndcg_at_k,0.0,0,1.0,1.0,1.0,1.0,0.1,1.0,1.0,0.001903,0.000344,2e-05,0.000285,2e-05,0.000726,0.0048
bright,aops:math_test_intermediate_algebra_1179,greedy_fas_copeland,qrels,label-derived pairwise preferences from qrels,20,36,0.094737,20,1,False,0,0,0,0,0.0,0.0,0,0,20,ndcg_at_k,0.0,0,1.0,1.0,1.0,1.0,0.1,1.0,1.0,0.001903,0.000344,2e-05,0.000285,1.9e-05,0.000726,0.0048
bright,aops:math_test_intermediate_algebra_1179,greedy_fas_score_augmented_topological,qrels,label-derived pairwise preferences from qrels,20,36,0.094737,20,1,False,0,0,0,0,0.0,0.0,0,0,20,ndcg_at_k,0.0,0,-0.621053,-1.0,1.0,1.0,0.1,1.0,1.0,0.001903,0.000344,2e-05,0.000285,3.8e-05,0.000726,0.0048
bright,aops:math_test_intermediate_algebra_1179,fas_balance_score_prior_alpha_beta,qrels,label-derived pairwise preferences from qrels,20,36,0.094737,20,1,False,0,0,0,0,0.0,0.0,0,0,20,ndcg_at_k,0.0,0,1.0,1.0,1.0,1.0,0.1,1.0,1.0,0.001903,0.000344,2e-05,0.000285,3.8e-05,0.000726,0.0048
bright,aops:math_test_intermediate_algebra_1179,hybrid_rrf_fas_regularized,qrels,label-derived pairwise preferences from qrels,20,36,0.094737,20,1,False,0,0,0,0,0.0,0.0,0,0,20,ndcg_at_k,0.0,0,1.0,1.0,1.0,1.0,0.1,1.0,1.0,0.001903,0.000344,2e-05,0.000285,2.6e-05,0.000726,0.0048
bright,aops:math_test_intermediate_algebra_1179,hybrid_rrf_balance_a05,qrels,label-derived pairwise preferences from qrels,20,36,0.094737,20,1,False,0,0,0,0,0.0,0.0,0,0,20,ndcg_at_k,0.0,0,1.0,1.0,1.0,1.0,0.1,1.0,1.0,0.001903,0.000344,2e-05,0.000285,2.2e-05,0.000726,0.0048
bright,aops:math_test_intermediate_algebra_1179,hybrid_rrf_copeland_a03,qrels,label-derived pairwise preferences from qrels,20,36,0.094737,20,1,False,0,0,0,0,0.0,0.0,0,0,20,ndcg_at_k,0.0,0,1.0,1.0,1.0,1.0,0.1,1.0,1.0,0.001903,0.000344,2e-05,0.000285,2.1e-05,0.000726,0.0048
bright,aops:math_test_intermediate_algebra_1179,hybrid_rrf_priority_topo_a03,qrels,label-derived pairwise preferences from qrels,20,36,0.094737,20,1,False,0,0,0,0,0.0,0.0,0,0,20,ndcg_at_k,0.0,0,-0.621053,-1.0,1.0,1.0,0.1,1.0,1.0,0.001903,0.000344,2e-05,0.000285,5.2e-05,0.000726,0.0048
bright,theoremqa_questions:TheoremQA_jianyu_xu/Multinomial_2.json,score_sum,qrels,label-derived pairwise preferences from qrels,20,64,0.168421,20,1,False,0,0,0,0,0.0,0.0,0,0,20,ndcg_at_k,0.0,0,1.0,0.0,1.0,1.0,0.2,1.0,1.0,0.000738,7.7e-05,1.8e-05,0.000363,2e-05,0.000782,0.003493
bright,theoremqa_questions:TheoremQA_jianyu_xu/Multinomial_2.json,borda,qrels,label-derived pairwise preferences from qrels,20,64,0.168421,20,1,False,0,0,0,0,0.0,0.0,0,0,20,ndcg_at_k,0.0,0,1.0,0.0,1.0,1.0,0.2,1.0,1.0,0.000738,7.7e-05,1.8e-05,0.000363,1.3e-05,0.000782,0.003493
bright,theoremqa_questions:TheoremQA_jianyu_xu/Multinomial_2.json,pagerank,qrels,label-derived pairwise preferences from qrels,20,64,0.168421,20,1,False,0,0,0,0,0.0,0.0,0,0,20,ndcg_at_k,0.0,0,0.294737,0.333333,1.0,1.0,0.2,1.0,1.0,0.000738,7.7e-05,1.8e-05,0.000363,0.001188,0.000782,0.003493
bright,theoremqa_questions:TheoremQA_jianyu_xu/Multinomial_2.json,greedy_fas_topological,qrels,label-derived pairwise preferences from qrels,20,64,0.168421,20,1,False,0,0,0,0,0.0,0.0,0,0,20,ndcg_at_k,0.0,0,0.294737,0.333333,1.0,1.0,0.2,1.0,1.0,0.000738,7.7e-05,1.8e-05,0.000363,4.1e-05,0.000782,0.003493
bright,theoremqa_questions:TheoremQA_jianyu_xu/Multinomial_2.json,greedy_fas_weighted_balance,qrels,label-derived pairwise preferences from qrels,20,64,0.168421,20,1,False,0,0,0,0,0.0,0.0,0,0,20,ndcg_at_k,0.0,0,1.0,0.0,1.0,1.0,0.2,1.0,1.0,0.000738,7.7e-05,1.8e-05,0.000363,2.7e-05,0.000782,0.003493
bright,theoremqa_questions:TheoremQA_jianyu_xu/Multinomial_2.json,greedy_fas_copeland,qrels,label-derived pairwise preferences from qrels,20,64,0.168421,20,1,False,0,0,0,0,0.0,0.0,0,0,20,ndcg_at_k,0.0,0,1.0,0.0,1.0,1.0,0.2,1.0,1.0,0.000738,7.7e-05,1.8e-05,0.000363,1.8e-05,0.000782,0.003493
bright,theoremqa_questions:TheoremQA_jianyu_xu/Multinomial_2.json,greedy_fas_score_augmented_topological,qrels,label-derived pairwise preferences from qrels,20,64,0.168421,20,1,False,0,0,0,0,0.0,0.0,0,0,20,ndcg_at_k,0.0,0,-0.326316,0.0,1.0,1.0,0.2,1.0,1.0,0.000738,7.7e-05,1.8e-05,0.000363,3.5e-05,0.000782,0.003493
bright,theoremqa_questions:TheoremQA_jianyu_xu/Multinomial_2.json,fas_balance_score_prior_alpha_beta,qrels,label-derived pairwise preferences from qrels,20,64,0.168421,20,1,False,0,0,0,0,0.0,0.0,0,0,20,ndcg_at_k,0.0,0,1.0,0.0,1.0,1.0,0.2,1.0,1.0,0.000738,7.7e-05,1.8e-05,0.000363,3.6e-05,0.000782,0.003493
bright,theoremqa_questions:TheoremQA_jianyu_xu/Multinomial_2.json,hybrid_rrf_fas_regularized,qrels,label-derived pairwise preferences from qrels,20,64,0.168421,20,1,False,0,0,0,0,0.0,0.0,0,0,20,ndcg_at_k,0.0,0,1.0,0.0,1.0,1.0,0.2,1.0,1.0,0.000738,7.7e-05,1.8e-05,0.000363,3.6e-05,0.000782,0.003493
bright,theoremqa_questions:TheoremQA_jianyu_xu/Multinomial_2.json,hybrid_rrf_balance_a05,qrels,label-derived pairwise preferences from qrels,20,64,0.168421,20,1,False,0,0,0,0,0.0,0.0,0,0,20,ndcg_at_k,0.0,0,1.0,0.0,1.0,1.0,0.2,1.0,1.0,0.000738,7.7e-05,1.8e-05,0.000363,2.5e-05,0.000782,0.003493
bright,theoremqa_questions:TheoremQA_jianyu_xu/Multinomial_2.json,hybrid_rrf_copeland_a03,qrels,label-derived pairwise preferences from qrels,20,64,0.168421,20,1,False,0,0,0,0,0.0,0.0,0,0,20,ndcg_at_k,0.0,0,1.0,0.0,1.0,1.0,0.2,1.0,1.0,0.000738,7.7e-05,1.8e-05,0.000363,2.1e-05,0.000782,0.003493
bright,theoremqa_questions:TheoremQA_jianyu_xu/Multinomial_2.json,hybrid_rrf_priority_topo_a03,qrels,label-derived pairwise preferences from qrels,20,64,0.168421,20,1,False,0,0,0,0,0.0,0.0,0,0,20,ndcg_at_k,0.0,0,-0.326316,0.0,1.0,1.0,0.2,1.0,1.0,0.000738,7.7e-05,1.8e-05,0.000363,5.5e-05,0.000782,0.003493
bright,leetcode:24,score_sum,qrels,label-derived pairwise preferences from qrels,20,19,0.05,20,1,False,0,0,0,0,0.0,0.0,0,0,20,ndcg_at_k,0.0,0,1.0,0.333333,1.0,1.0,0.05,1.0,1.0,4.8e-05,3.3e-05,1.6e-05,0.000192,1.2e-05,0.000698,0.00252
bright,leetcode:24,borda,qrels,label-derived pairwise preferences from qrels,20,19,0.05,20,1,False,0,0,0,0,0.0,0.0,0,0,20,ndcg_at_k,0.0,0,1.0,0.333333,1.0,1.0,0.05,1.0,1.0,4.8e-05,3.3e-05,1.6e-05,0.000192,1.2e-05,0.000698,0.00252
bright,leetcode:24,pagerank,qrels,label-derived pairwise preferences from qrels,20,19,0.05,20,1,False,0,0,0,0,0.0,0.0,0,0,20,ndcg_at_k,0.0,0,0.126316,0.333333,1.0,1.0,0.05,1.0,1.0,4.8e-05,3.3e-05,1.6e-05,0.000192,0.001269,0.000698,0.00252
bright,leetcode:24,greedy_fas_topological,qrels,label-derived pairwise preferences from qrels,20,19,0.05,20,1,False,0,0,0,0,0.0,0.0,0,0,20,ndcg_at_k,0.0,0,0.126316,0.333333,1.0,1.0,0.05,1.0,1.0,4.8e-05,3.3e-05,1.6e-05,0.000192,3.2e-05,0.000698,0.00252
bright,leetcode:24,greedy_fas_weighted_balance,qrels,label-derived pairwise preferences from qrels,20,19,0.05,20,1,False,0,0,0,0,0.0,0.0,0,0,20,ndcg_at_k,0.0,0,1.0,0.333333,1.0,1.0,0.05,1.0,1.0,4.8e-05,3.3e-05,1.6e-05,0.000192,1.5e-05,0.000698,0.00252
bright,leetcode:24,greedy_fas_copeland,qrels,label-derived pairwise preferences from qrels,20,19,0.05,20,1,False,0,0,0,0,0.0,0.0,0,0,20,ndcg_at_k,0.0,0,1.0,0.333333,1.0,1.0,0.05,1.0,1.0,4.8e-05,3.3e-05,1.6e-05,0.000192,1.7e-05,0.000698,0.00252
bright,leetcode:24,greedy_fas_score_augmented_topological,qrels,label-derived pairwise preferences from qrels,20,19,0.05,20,1,False,0,0,0,0,0.0,0.0,0,0,20,ndcg_at_k,0.0,0,-0.8,0.238095,1.0,1.0,0.05,1.0,1.0,4.8e-05,3.3e-05,1.6e-05,0.000192,3.5e-05,0.000698,0.00252
bright,leetcode:24,fas_balance_score_prior_alpha_beta,qrels,label-derived pairwise preferences from qrels,20,19,0.05,20,1,False,0,0,0,0,0.0,0.0,0,0,20,ndcg_at_k,0.0,0,1.0,0.333333,1.0,1.0,0.05,1.0,1.0,4.8e-05,3.3e-05,1.6e-05,0.000192,3.2e-05,0.000698,0.00252
bright,leetcode:24,hybrid_rrf_fas_regularized,qrels,label-derived pairwise preferences from qrels,20,19,0.05,20,1,False,0,0,0,0,0.0,0.0,0,0,20,ndcg_at_k,0.0,0,1.0,0.333333,1.0,1.0,0.05,1.0,1.0,4.8e-05,3.3e-05,1.6e-05,0.000192,2.2e-05,0.000698,0.00252
bright,leetcode:24,hybrid_rrf_balance_a05,qrels,label-derived pairwise preferences from qrels,20,19,0.05,20,1,False,0,0,0,0,0.0,0.0,0,0,20,ndcg_at_k,0.0,0,1.0,0.333333,1.0,1.0,0.05,1.0,1.0,4.8e-05,3.3e-05,1.6e-05,0.000192,1.9e-05,0.000698,0.00252
bright,leetcode:24,hybrid_rrf_copeland_a03,qrels,label-derived pairwise preferences from qrels,20,19,0.05,20,1,False,0,0,0,0,0.0,0.0,0,0,20,ndcg_at_k,0.0,0,1.0,0.333333,1.0,1.0,0.05,1.0,1.0,4.8e-05,3.3e-05,1.6e-05,0.000192,2.1e-05,0.000698,0.00252
bright,leetcode:24,hybrid_rrf_priority_topo_a03,qrels,label-derived pairwise preferences from qrels,20,19,0.05,20,1,False,0,0,0,0,0.0,0.0,0,0,20,ndcg_at_k,0.0,0,-0.8,0.238095,1.0,1.0,0.05,1.0,1.0,4.8e-05,3.3e-05,1.6e-05,0.000192,4.7e-05,0.000698,0.00252
bright,theoremqa_questions:TheoremQA_mingyin/Lebesgue-measure1.json,score_sum,qrels,label-derived pairwise preferences from qrels,20,19,0.05,20,1,False,0,0,0,0,0.0,0.0,0,0,20,ndcg_at_k,0.0,0,1.0,,1.0,1.0,0.05,1.0,1.0,0.000281,3.4e-05,1.7e-05,0.000201,1.3e-05,0.000663,0.002872
bright,theoremqa_questions:TheoremQA_mingyin/Lebesgue-measure1.json,borda,qrels,label-derived pairwise preferences from qrels,20,19,0.05,20,1,False,0,0,0,0,0.0,0.0,0,0,20,ndcg_at_k,0.0,0,1.0,,1.0,1.0,0.05,1.0,1.0,0.000281,3.4e-05,1.7e-05,0.000201,1.2e-05,0.000663,0.002872
bright,theoremqa_questions:TheoremQA_mingyin/Lebesgue-measure1.json,pagerank,qrels,label-derived pairwise preferences from qrels,20,19,0.05,20,1,False,0,0,0,0,0.0,0.0,0,0,20,ndcg_at_k,0.0,0,0.126316,,1.0,1.0,0.05,1.0,1.0,0.000281,3.4e-05,1.7e-05,0.000201,0.001408,0.000663,0.002872
bright,theoremqa_questions:TheoremQA_mingyin/Lebesgue-measure1.json,greedy_fas_topological,qrels,label-derived pairwise preferences from qrels,20,19,0.05,20,1,False,0,0,0,0,0.0,0.0,0,0,20,ndcg_at_k,0.0,0,0.126316,,1.0,1.0,0.05,1.0,1.0,0.000281,3.4e-05,1.7e-05,0.000201,3.4e-05,0.000663,0.002872
bright,theoremqa_questions:TheoremQA_mingyin/Lebesgue-measure1.json,greedy_fas_weighted_balance,qrels,label-derived pairwise preferences from qrels,20,19,0.05,20,1,False,0,0,0,0,0.0,0.0,0,0,20,ndcg_at_k,0.0,0,1.0,,1.0,1.0,0.05,1.0,1.0,0.000281,3.4e-05,1.7e-05,0.000201,1.8e-05,0.000663,0.002872
bright,theoremqa_questions:TheoremQA_mingyin/Lebesgue-measure1.json,greedy_fas_copeland,qrels,label-derived pairwise preferences from qrels,20,19,0.05,20,1,False,0,0,0,0,0.0,0.0,0,0,20,ndcg_at_k,0.0,0,1.0,,1.0,1.0,0.05,1.0,1.0,0.000281,3.4e-05,1.7e-05,0.000201,1.8e-05,0.000663,0.002872
bright,theoremqa_questions:TheoremQA_mingyin/Lebesgue-measure1.json,greedy_fas_score_augmented_topological,qrels,label-derived pairwise preferences from qrels,20,19,0.05,20,1,False,0,0,0,0,0.0,0.0,0,0,20,ndcg_at_k,0.0,0,-0.8,,1.0,1.0,0.05,1.0,1.0,0.000281,3.4e-05,1.7e-05,0.000201,3.7e-05,0.000663,0.002872
bright,theoremqa_questions:TheoremQA_mingyin/Lebesgue-measure1.json,fas_balance_score_prior_alpha_beta,qrels,label-derived pairwise preferences from qrels,20,19,0.05,20,1,False,0,0,0,0,0.0,0.0,0,0,20,ndcg_at_k,0.0,0,1.0,,1.0,1.0,0.05,1.0,1.0,0.000281,3.4e-05,1.7e-05,0.000201,2.7e-05,0.000663,0.002872
bright,theoremqa_questions:TheoremQA_mingyin/Lebesgue-measure1.json,hybrid_rrf_fas_regularized,qrels,label-derived pairwise preferences from qrels,20,19,0.05,20,1,False,0,0,0,0,0.0,0.0,0,0,20,ndcg_at_k,0.0,0,1.0,,1.0,1.0,0.05,1.0,1.0,0.000281,3.4e-05,1.7e-05,0.000201,2.2e-05,0.000663,0.002872
bright,theoremqa_questions:TheoremQA_mingyin/Lebesgue-measure1.json,hybrid_rrf_balance_a05,qrels,label-derived pairwise preferences from qrels,20,19,0.05,20,1,False,0,0,0,0,0.0,0.0,0,0,20,ndcg_at_k,0.0,0,1.0,,1.0,1.0,0.05,1.0,1.0,0.000281,3.4e-05,1.7e-05,0.000201,1.9e-05,0.000663,0.002872
bright,theoremqa_questions:TheoremQA_mingyin/Lebesgue-measure1.json,hybrid_rrf_copeland_a03,qrels,label-derived pairwise preferences from qrels,20,19,0.05,20,1,False,0,0,0,0,0.0,0.0,0,0,20,ndcg_at_k,0.0,0,1.0,,1.0,1.0,0.05,1.0,1.0,0.000281,3.4e-05,1.7e-05,0.000201,2e-05,0.000663,0.002872
bright,theoremqa_questions:TheoremQA_mingyin/Lebesgue-measure1.json,hybrid_rrf_priority_topo_a03,qrels,label-derived pairwise preferences from qrels,20,19,0.05,20,1,False,0,0,0,0,0.0,0.0,0,0,20,ndcg_at_k,0.0,0,-0.8,,1.0,1.0,0.05,1.0,1.0,0.000281,3.4e-05,1.7e-05,0.000201,4.8e-05,0.000663,0.002872
bright,aops:math_train_geometry_6116,score_sum,qrels,label-derived pairwise preferences from qrels,20,96,0.252632,20,1,False,0,0,0,0,0.0,0.0,0,0,20,ndcg_at_k,0.0,0,1.0,0.285714,1.0,1.0,0.4,1.0,1.0,0.000722,0.000111,2e-05,0.000504,2.4e-05,0.000883,0.003583
bright,aops:math_train_geometry_6116,borda,qrels,label-derived pairwise preferences from qrels,20,96,0.252632,20,1,False,0,0,0,0,0.0,0.0,0,0,20,ndcg_at_k,0.0,0,1.0,0.285714,1.0,1.0,0.4,1.0,1.0,0.000722,0.000111,2e-05,0.000504,1.3e-05,0.000883,0.003583
bright,aops:math_train_geometry_6116,pagerank,qrels,label-derived pairwise preferences from qrels,20,96,0.252632,20,1,False,0,0,0,0,0.0,0.0,0,0,20,ndcg_at_k,0.0,0,0.4,-0.071429,1.0,1.0,0.4,1.0,1.0,0.000722,0.000111,2e-05,0.000504,0.000987,0.000883,0.003583
bright,aops:math_train_geometry_6116,greedy_fas_topological,qrels,label-derived pairwise preferences from qrels,20,96,0.252632,20,1,False,0,0,0,0,0.0,0.0,0,0,20,ndcg_at_k,0.0,0,0.4,-0.071429,1.0,1.0,0.4,1.0,1.0,0.000722,0.000111,2e-05,0.000504,5.5e-05,0.000883,0.003583
bright,aops:math_train_geometry_6116,greedy_fas_weighted_balance,qrels,label-derived pairwise preferences from qrels,20,96,0.252632,20,1,False,0,0,0,0,0.0,0.0,0,0,20,ndcg_at_k,0.0,0,1.0,0.285714,1.0,1.0,0.4,1.0,1.0,0.000722,0.000111,2e-05,0.000504,3.1e-05,0.000883,0.003583
bright,aops:math_train_geometry_6116,greedy_fas_copeland,qrels,label-derived pairwise preferences from qrels,20,96,0.252632,20,1,False,0,0,0,0,0.0,0.0,0,0,20,ndcg_at_k,0.0,0,1.0,0.285714,1.0,1.0,0.4,1.0,1.0,0.000722,0.000111,2e-05,0.000504,1.8e-05,0.000883,0.003583
bright,aops:math_train_geometry_6116,greedy_fas_score_augmented_topological,qrels,label-derived pairwise preferences from qrels,20,96,0.252632,20,1,False,0,0,0,0,0.0,0.0,0,0,20,ndcg_at_k,0.0,0,0.010526,-0.285714,1.0,1.0,0.4,1.0,1.0,0.000722,0.000111,2e-05,0.000504,3.3e-05,0.000883,0.003583
bright,aops:math_train_geometry_6116,fas_balance_score_prior_alpha_beta,qrels,label-derived pairwise preferences from qrels,20,96,0.252632,20,1,False,0,0,0,0,0.0,0.0,0,0,20,ndcg_at_k,0.0,0,1.0,0.285714,1.0,1.0,0.4,1.0,1.0,0.000722,0.000111,2e-05,0.000504,4.2e-05,0.000883,0.003583
bright,aops:math_train_geometry_6116,hybrid_rrf_fas_regularized,qrels,label-derived pairwise preferences from qrels,20,96,0.252632,20,1,False,0,0,0,0,0.0,0.0,0,0,20,ndcg_at_k,0.0,0,1.0,0.285714,1.0,1.0,0.4,1.0,1.0,0.000722,0.000111,2e-05,0.000504,3.3e-05,0.000883,0.003583
bright,aops:math_train_geometry_6116,hybrid_rrf_balance_a05,qrels,label-derived pairwise preferences from qrels,20,96,0.252632,20,1,False,0,0,0,0,0.0,0.0,0,0,20,ndcg_at_k,0.0,0,1.0,0.285714,1.0,1.0,0.4,1.0,1.0,0.000722,0.000111,2e-05,0.000504,2.9e-05,0.000883,0.003583
bright,aops:math_train_geometry_6116,hybrid_rrf_copeland_a03,qrels,label-derived pairwise preferences from qrels,20,96,0.252632,20,1,False,0,0,0,0,0.0,0.0,0,0,20,ndcg_at_k,0.0,0,1.0,0.285714,1.0,1.0,0.4,1.0,1.0,0.000722,0.000111,2e-05,0.000504,2.1e-05,0.000883,0.003583
bright,aops:math_train_geometry_6116,hybrid_rrf_priority_topo_a03,qrels,label-derived pairwise preferences from qrels,20,96,0.252632,20,1,False,0,0,0,0,0.0,0.0,0,0,20,ndcg_at_k,0.0,0,0.010526,-0.285714,1.0,1.0,0.4,1.0,1.0,0.000722,0.000111,2e-05,0.000504,5.7e-05,0.000883,0.003583
bright,theoremqa_questions:TheoremQA_elainewan/econ_micro_7_2.json,score_sum,qrels,label-derived pairwise preferences from qrels,20,36,0.094737,20,1,False,0,0,0,0,0.0,0.0,0,0,20,ndcg_at_k,0.0,0,1.0,-1.0,1.0,1.0,0.1,1.0,1.0,0.000449,5.4e-05,1.7e-05,0.000269,1.6e-05,0.000738,0.003033
bright,theoremqa_questions:TheoremQA_elainewan/econ_micro_7_2.json,borda,qrels,label-derived pairwise preferences from qrels,20,36,0.094737,20,1,False,0,0,0,0,0.0,0.0,0,0,20,ndcg_at_k,0.0,0,1.0,-1.0,1.0,1.0,0.1,1.0,1.0,0.000449,5.4e-05,1.7e-05,0.000269,1.2e-05,0.000738,0.003033
bright,theoremqa_questions:TheoremQA_elainewan/econ_micro_7_2.json,pagerank,qrels,label-derived pairwise preferences from qrels,20,36,0.094737,20,1,False,0,0,0,0,0.0,0.0,0,0,20,ndcg_at_k,0.0,0,0.315789,1.0,1.0,1.0,0.1,1.0,1.0,0.000449,5.4e-05,1.7e-05,0.000269,0.001211,0.000738,0.003033
bright,theoremqa_questions:TheoremQA_elainewan/econ_micro_7_2.json,greedy_fas_topological,qrels,label-derived pairwise preferences from qrels,20,36,0.094737,20,1,False,0,0,0,0,0.0,0.0,0,0,20,ndcg_at_k,0.0,0,0.315789,1.0,1.0,1.0,0.1,1.0,1.0,0.000449,5.4e-05,1.7e-05,0.000269,3.7e-05,0.000738,0.003033
bright,theoremqa_questions:TheoremQA_elainewan/econ_micro_7_2.json,greedy_fas_weighted_balance,qrels,label-derived pairwise preferences from qrels,20,36,0.094737,20,1,False,0,0,0,0,0.0,0.0,0,0,20,ndcg_at_k,0.0,0,1.0,-1.0,1.0,1.0,0.1,1.0,1.0,0.000449,5.4e-05,1.7e-05,0.000269,2e-05,0.000738,0.003033
bright,theoremqa_questions:TheoremQA_elainewan/econ_micro_7_2.json,greedy_fas_copeland,qrels,label-derived pairwise preferences from qrels,20,36,0.094737,20,1,False,0,0,0,0,0.0,0.0,0,0,20,ndcg_at_k,0.0,0,1.0,-1.0,1.0,1.0,0.1,1.0,1.0,0.000449,5.4e-05,1.7e-05,0.000269,1.7e-05,0.000738,0.003033
bright,theoremqa_questions:TheoremQA_elainewan/econ_micro_7_2.json,greedy_fas_score_augmented_topological,qrels,label-derived pairwise preferences from qrels,20,36,0.094737,20,1,False,0,0,0,0,0.0,0.0,0,0,20,ndcg_at_k,0.0,0,-0.621053,1.0,1.0,1.0,0.1,1.0,1.0,0.000449,5.4e-05,1.7e-05,0.000269,4.3e-05,0.000738,0.003033
bright,theoremqa_questions:TheoremQA_elainewan/econ_micro_7_2.json,fas_balance_score_prior_alpha_beta,qrels,label-derived pairwise preferences from qrels,20,36,0.094737,20,1,False,0,0,0,0,0.0,0.0,0,0,20,ndcg_at_k,0.0,0,1.0,-1.0,1.0,1.0,0.1,1.0,1.0,0.000449,5.4e-05,1.7e-05,0.000269,3.3e-05,0.000738,0.003033
bright,theoremqa_questions:TheoremQA_elainewan/econ_micro_7_2.json,hybrid_rrf_fas_regularized,qrels,label-derived pairwise preferences from qrels,20,36,0.094737,20,1,False,0,0,0,0,0.0,0.0,0,0,20,ndcg_at_k,0.0,0,1.0,-1.0,1.0,1.0,0.1,1.0,1.0,0.000449,5.4e-05,1.7e-05,0.000269,2.5e-05,0.000738,0.003033
bright,theoremqa_questions:TheoremQA_elainewan/econ_micro_7_2.json,hybrid_rrf_balance_a05,qrels,label-derived pairwise preferences from qrels,20,36,0.094737,20,1,False,0,0,0,0,0.0,0.0,0,0,20,ndcg_at_k,0.0,0,1.0,-1.0,1.0,1.0,0.1,1.0,1.0,0.000449,5.4e-05,1.7e-05,0.000269,2.1e-05,0.000738,0.003033
bright,theoremqa_questions:TheoremQA_elainewan/econ_micro_7_2.json,hybrid_rrf_copeland_a03,qrels,label-derived pairwise preferences from qrels,20,36,0.094737,20,1,False,0,0,0,0,0.0,0.0,0,0,20,ndcg_at_k,0.0,0,1.0,-1.0,1.0,1.0,0.1,1.0,1.0,0.000449,5.4e-05,1.7e-05,0.000269,2.1e-05,0.000738,0.003033
bright,theoremqa_questions:TheoremQA_elainewan/econ_micro_7_2.json,hybrid_rrf_priority_topo_a03,qrels,label-derived pairwise preferences from qrels,20,36,0.094737,20,1,False,0,0,0,0,0.0,0.0,0,0,20,ndcg_at_k,0.0,0,-0.621053,1.0,1.0,1.0,0.1,1.0,1.0,0.000449,5.4e-05,1.7e-05,0.000269,5e-05,0.000738,0.003033
bright,theoremqa_questions:TheoremQA_elainewan/math_calculus_2_7.json,score_sum,qrels,label-derived pairwise preferences from qrels,20,36,0.094737,20,1,False,0,0,0,0,0.0,0.0,0,0,20,ndcg_at_k,0.0,0,1.0,0.333333,1.0,1.0,0.1,1.0,1.0,0.000677,5.7e-05,1.6e-05,0.000406,1.6e-05,0.000684,0.003319
bright,theoremqa_questions:TheoremQA_elainewan/math_calculus_2_7.json,borda,qrels,label-derived pairwise preferences from qrels,20,36,0.094737,20,1,False,0,0,0,0,0.0,0.0,0,0,20,ndcg_at_k,0.0,0,1.0,0.333333,1.0,1.0,0.1,1.0,1.0,0.000677,5.7e-05,1.6e-05,0.000406,1.3e-05,0.000684,0.003319
bright,theoremqa_questions:TheoremQA_elainewan/math_calculus_2_7.json,pagerank,qrels,label-derived pairwise preferences from qrels,20,36,0.094737,20,1,False,0,0,0,0,0.0,0.0,0,0,20,ndcg_at_k,0.0,0,0.042105,1.0,1.0,1.0,0.1,1.0,1.0,0.000677,5.7e-05,1.6e-05,0.000406,0.00119,0.000684,0.003319
bright,theoremqa_questions:TheoremQA_elainewan/math_calculus_2_7.json,greedy_fas_topological,qrels,label-derived pairwise preferences from qrels,20,36,0.094737,20,1,False,0,0,0,0,0.0,0.0,0,0,20,ndcg_at_k,0.0,0,0.042105,1.0,1.0,1.0,0.1,1.0,1.0,0.000677,5.7e-05,1.6e-05,0.000406,3.6e-05,0.000684,0.003319
bright,theoremqa_questions:TheoremQA_elainewan/math_calculus_2_7.json,greedy_fas_weighted_balance,qrels,label-derived pairwise preferences from qrels,20,36,0.094737,20,1,False,0,0,0,0,0.0,0.0,0,0,20,ndcg_at_k,0.0,0,1.0,0.333333,1.0,1.0,0.1,1.0,1.0,0.000677,5.7e-05,1.6e-05,0.000406,2e-05,0.000684,0.003319
bright,theoremqa_questions:TheoremQA_elainewan/math_calculus_2_7.json,greedy_fas_copeland,qrels,label-derived pairwise preferences from qrels,20,36,0.094737,20,1,False,0,0,0,0,0.0,0.0,0,0,20,ndcg_at_k,0.0,0,1.0,0.333333,1.0,1.0,0.1,1.0,1.0,0.000677,5.7e-05,1.6e-05,0.000406,1.8e-05,0.000684,0.003319
bright,theoremqa_questions:TheoremQA_elainewan/math_calculus_2_7.json,greedy_fas_score_augmented_topological,qrels,label-derived pairwise preferences from qrels,20,36,0.094737,20,1,False,0,0,0,0,0.0,0.0,0,0,20,ndcg_at_k,0.0,0,-0.621053,1.0,1.0,1.0,0.1,1.0,1.0,0.000677,5.7e-05,1.6e-05,0.000406,3.5e-05,0.000684,0.003319
bright,theoremqa_questions:TheoremQA_elainewan/math_calculus_2_7.json,fas_balance_score_prior_alpha_beta,qrels,label-derived pairwise preferences from qrels,20,36,0.094737,20,1,False,0,0,0,0,0.0,0.0,0,0,20,ndcg_at_k,0.0,0,1.0,0.333333,1.0,1.0,0.1,1.0,1.0,0.000677,5.7e-05,1.6e-05,0.000406,3e-05,0.000684,0.003319
bright,theoremqa_questions:TheoremQA_elainewan/math_calculus_2_7.json,hybrid_rrf_fas_regularized,qrels,label-derived pairwise preferences from qrels,20,36,0.094737,20,1,False,0,0,0,0,0.0,0.0,0,0,20,ndcg_at_k,0.0,0,1.0,0.333333,1.0,1.0,0.1,1.0,1.0,0.000677,5.7e-05,1.6e-05,0.000406,3e-05,0.000684,0.003319
bright,theoremqa_questions:TheoremQA_elainewan/math_calculus_2_7.json,hybrid_rrf_balance_a05,qrels,label-derived pairwise preferences from qrels,20,36,0.094737,20,1,False,0,0,0,0,0.0,0.0,0,0,20,ndcg_at_k,0.0,0,1.0,0.333333,1.0,1.0,0.1,1.0,1.0,0.000677,5.7e-05,1.6e-05,0.000406,2.1e-05,0.000684,0.003319
bright,theoremqa_questions:TheoremQA_elainewan/math_calculus_2_7.json,hybrid_rrf_copeland_a03,qrels,label-derived pairwise preferences from qrels,20,36,0.094737,20,1,False,0,0,0,0,0.0,0.0,0,0,20,ndcg_at_k,0.0,0,1.0,0.333333,1.0,1.0,0.1,1.0,1.0,0.000677,5.7e-05,1.6e-05,0.000406,2e-05,0.000684,0.003319
bright,theoremqa_questions:TheoremQA_elainewan/math_calculus_2_7.json,hybrid_rrf_priority_topo_a03,qrels,label-derived pairwise preferences from qrels,20,36,0.094737,20,1,False,0,0,0,0,0.0,0.0,0,0,20,ndcg_at_k,0.0,0,-0.621053,1.0,1.0,1.0,0.1,1.0,1.0,0.000677,5.7e-05,1.6e-05,0.000406,5e-05,0.000684,0.003319
bright,aops:aops_2016_AIME_II_Problems/Problem_10,score_sum,qrels,label-derived pairwise preferences from qrels,20,91,0.239474,20,1,False,0,0,0,0,0.0,0.0,0,0,20,ndcg_at_k,0.0,0,1.0,0.238095,1.0,1.0,0.35,1.0,1.0,0.000737,0.000107,2e-05,0.000481,2.3e-05,0.000886,0.003587
bright,aops:aops_2016_AIME_II_Problems/Problem_10,borda,qrels,label-derived pairwise preferences from qrels,20,91,0.239474,20,1,False,0,0,0,0,0.0,0.0,0,0,20,ndcg_at_k,0.0,0,1.0,0.238095,1.0,1.0,0.35,1.0,1.0,0.000737,0.000107,2e-05,0.000481,1.3e-05,0.000886,0.003587
bright,aops:aops_2016_AIME_II_Problems/Problem_10,pagerank,qrels,label-derived pairwise preferences from qrels,20,91,0.239474,20,1,False,0,0,0,0,0.0,0.0,0,0,20,ndcg_at_k,0.0,0,0.515789,0.238095,1.0,1.0,0.35,1.0,1.0,0.000737,0.000107,2e-05,0.000481,0.001019,0.000886,0.003587
bright,aops:aops_2016_AIME_II_Problems/Problem_10,greedy_fas_topological,qrels,label-derived pairwise preferences from qrels,20,91,0.239474,20,1,False,0,0,0,0,0.0,0.0,0,0,20,ndcg_at_k,0.0,0,0.515789,0.238095,1.0,1.0,0.35,1.0,1.0,0.000737,0.000107,2e-05,0.000481,4.1e-05,0.000886,0.003587
bright,aops:aops_2016_AIME_II_Problems/Problem_10,greedy_fas_weighted_balance,qrels,label-derived pairwise preferences from qrels,20,91,0.239474,20,1,False,0,0,0,0,0.0,0.0,0,0,20,ndcg_at_k,0.0,0,1.0,0.238095,1.0,1.0,0.35,1.0,1.0,0.000737,0.000107,2e-05,0.000481,2.9e-05,0.000886,0.003587
bright,aops:aops_2016_AIME_II_Problems/Problem_10,greedy_fas_copeland,qrels,label-derived pairwise preferences from qrels,20,91,0.239474,20,1,False,0,0,0,0,0.0,0.0,0,0,20,ndcg_at_k,0.0,0,1.0,0.238095,1.0,1.0,0.35,1.0,1.0,0.000737,0.000107,2e-05,0.000481,1.8e-05,0.000886,0.003587
bright,aops:aops_2016_AIME_II_Problems/Problem_10,greedy_fas_score_augmented_topological,qrels,label-derived pairwise preferences from qrels,20,91,0.239474,20,1,False,0,0,0,0,0.0,0.0,0,0,20,ndcg_at_k,0.0,0,-0.042105,-0.238095,1.0,1.0,0.35,1.0,1.0,0.000737,0.000107,2e-05,0.000481,3.3e-05,0.000886,0.003587
bright,aops:aops_2016_AIME_II_Problems/Problem_10,fas_balance_score_prior_alpha_beta,qrels,label-derived pairwise preferences from qrels,20,91,0.239474,20,1,False,0,0,0,0,0.0,0.0,0,0,20,ndcg_at_k,0.0,0,1.0,0.238095,1.0,1.0,0.35,1.0,1.0,0.000737,0.000107,2e-05,0.000481,4e-05,0.000886,0.003587
bright,aops:aops_2016_AIME_II_Problems/Problem_10,hybrid_rrf_fas_regularized,qrels,label-derived pairwise preferences from qrels,20,91,0.239474,20,1,False,0,0,0,0,0.0,0.0,0,0,20,ndcg_at_k,0.0,0,1.0,0.238095,1.0,1.0,0.35,1.0,1.0,0.000737,0.000107,2e-05,0.000481,3.4e-05,0.000886,0.003587
bright,aops:aops_2016_AIME_II_Problems/Problem_10,hybrid_rrf_balance_a05,qrels,label-derived pairwise preferences from qrels,20,91,0.239474,20,1,False,0,0,0,0,0.0,0.0,0,0,20,ndcg_at_k,0.0,0,1.0,0.238095,1.0,1.0,0.35,1.0,1.0,0.000737,0.000107,2e-05,0.000481,2.8e-05,0.000886,0.003587
bright,aops:aops_2016_AIME_II_Problems/Problem_10,hybrid_rrf_copeland_a03,qrels,label-derived pairwise preferences from qrels,20,91,0.239474,20,1,False,0,0,0,0,0.0,0.0,0,0,20,ndcg_at_k,0.0,0,1.0,0.238095,1.0,1.0,0.35,1.0,1.0,0.000737,0.000107,2e-05,0.000481,2.1e-05,0.000886,0.003587
bright,aops:aops_2016_AIME_II_Problems/Problem_10,hybrid_rrf_priority_topo_a03,qrels,label-derived pairwise preferences from qrels,20,91,0.239474,20,1,False,0,0,0,0,0.0,0.0,0,0,20,ndcg_at_k,0.0,0,-0.042105,-0.238095,1.0,1.0,0.35,1.0,1.0,0.000737,0.000107,2e-05,0.000481,5.7e-05,0.000886,0.003587
bright,aops:aops_2007_AIME_I_Problems/Problem_10,score_sum,qrels,label-derived pairwise preferences from qrels,20,96,0.252632,20,1,False,0,0,0,0,0.0,0.0,0,0,20,ndcg_at_k,0.0,0,1.0,0.111111,1.0,1.0,0.4,1.0,1.0,0.000789,0.000138,2.1e-05,0.000516,2.3e-05,0.00095,0.003764
bright,aops:aops_2007_AIME_I_Problems/Problem_10,borda,qrels,label-derived pairwise preferences from qrels,20,96,0.252632,20,1,False,0,0,0,0,0.0,0.0,0,0,20,ndcg_at_k,0.0,0,1.0,0.111111,1.0,1.0,0.4,1.0,1.0,0.000789,0.000138,2.1e-05,0.000516,1.2e-05,0.00095,0.003764
bright,aops:aops_2007_AIME_I_Problems/Problem_10,pagerank,qrels,label-derived pairwise preferences from qrels,20,96,0.252632,20,1,False,0,0,0,0,0.0,0.0,0,0,20,ndcg_at_k,0.0,0,0.463158,0.166667,1.0,1.0,0.4,1.0,1.0,0.000789,0.000138,2.1e-05,0.000516,0.000995,0.00095,0.003764
bright,aops:aops_2007_AIME_I_Problems/Problem_10,greedy_fas_topological,qrels,label-derived pairwise preferences from qrels,20,96,0.252632,20,1,False,0,0,0,0,0.0,0.0,0,0,20,ndcg_at_k,0.0,0,0.463158,0.166667,1.0,1.0,0.4,1.0,1.0,0.000789,0.000138,2.1e-05,0.000516,4.4e-05,0.00095,0.003764
bright,aops:aops_2007_AIME_I_Problems/Problem_10,greedy_fas_weighted_balance,qrels,label-derived pairwise preferences from qrels,20,96,0.252632,20,1,False,0,0,0,0,0.0,0.0,0,0,20,ndcg_at_k,0.0,0,1.0,0.111111,1.0,1.0,0.4,1.0,1.0,0.000789,0.000138,2.1e-05,0.000516,3.6e-05,0.00095,0.003764
bright,aops:aops_2007_AIME_I_Problems/Problem_10,greedy_fas_copeland,qrels,label-derived pairwise preferences from qrels,20,96,0.252632,20,1,False,0,0,0,0,0.0,0.0,0,0,20,ndcg_at_k,0.0,0,1.0,0.111111,1.0,1.0,0.4,1.0,1.0,0.000789,0.000138,2.1e-05,0.000516,1.8e-05,0.00095,0.003764
bright,aops:aops_2007_AIME_I_Problems/Problem_10,greedy_fas_score_augmented_topological,qrels,label-derived pairwise preferences from qrels,20,96,0.252632,20,1,False,0,0,0,0,0.0,0.0,0,0,20,ndcg_at_k,0.0,0,0.010526,0.333333,1.0,1.0,0.4,1.0,1.0,0.000789,0.000138,2.1e-05,0.000516,3.5e-05,0.00095,0.003764
bright,aops:aops_2007_AIME_I_Problems/Problem_10,fas_balance_score_prior_alpha_beta,qrels,label-derived pairwise preferences from qrels,20,96,0.252632,20,1,False,0,0,0,0,0.0,0.0,0,0,20,ndcg_at_k,0.0,0,1.0,0.111111,1.0,1.0,0.4,1.0,1.0,0.000789,0.000138,2.1e-05,0.000516,4.2e-05,0.00095,0.003764
bright,aops:aops_2007_AIME_I_Problems/Problem_10,hybrid_rrf_fas_regularized,qrels,label-derived pairwise preferences from qrels,20,96,0.252632,20,1,False,0,0,0,0,0.0,0.0,0,0,20,ndcg_at_k,0.0,0,1.0,0.111111,1.0,1.0,0.4,1.0,1.0,0.000789,0.000138,2.1e-05,0.000516,3.5e-05,0.00095,0.003764
bright,aops:aops_2007_AIME_I_Problems/Problem_10,hybrid_rrf_balance_a05,qrels,label-derived pairwise preferences from qrels,20,96,0.252632,20,1,False,0,0,0,0,0.0,0.0,0,0,20,ndcg_at_k,0.0,0,1.0,0.111111,1.0,1.0,0.4,1.0,1.0,0.000789,0.000138,2.1e-05,0.000516,3.1e-05,0.00095,0.003764
bright,aops:aops_2007_AIME_I_Problems/Problem_10,hybrid_rrf_copeland_a03,qrels,label-derived pairwise preferences from qrels,20,96,0.252632,20,1,False,0,0,0,0,0.0,0.0,0,0,20,ndcg_at_k,0.0,0,1.0,0.111111,1.0,1.0,0.4,1.0,1.0,0.000789,0.000138,2.1e-05,0.000516,2.2e-05,0.00095,0.003764
bright,aops:aops_2007_AIME_I_Problems/Problem_10,hybrid_rrf_priority_topo_a03,qrels,label-derived pairwise preferences from qrels,20,96,0.252632,20,1,False,0,0,0,0,0.0,0.0,0,0,20,ndcg_at_k,0.0,0,0.010526,0.333333,1.0,1.0,0.4,1.0,1.0,0.000789,0.000138,2.1e-05,0.000516,5.7e-05,0.00095,0.003764
bright,aops:aops_2016_AMC_10A_Problems/Problem_19,score_sum,qrels,label-derived pairwise preferences from qrels,20,96,0.252632,20,1,False,0,0,0,0,0.0,0.0,0,0,20,ndcg_at_k,0.0,0,1.0,0.428571,1.0,1.0,0.4,1.0,1.0,0.000737,0.000114,2e-05,0.000505,2.2e-05,0.000904,0.003628
bright,aops:aops_2016_AMC_10A_Problems/Problem_19,borda,qrels,label-derived pairwise preferences from qrels,20,96,0.252632,20,1,False,0,0,0,0,0.0,0.0,0,0,20,ndcg_at_k,0.0,0,1.0,0.428571,1.0,1.0,0.4,1.0,1.0,0.000737,0.000114,2e-05,0.000505,1.3e-05,0.000904,0.003628
bright,aops:aops_2016_AMC_10A_Problems/Problem_19,pagerank,qrels,label-derived pairwise preferences from qrels,20,96,0.252632,20,1,False,0,0,0,0,0.0,0.0,0,0,20,ndcg_at_k,0.0,0,0.442105,-0.071429,1.0,1.0,0.4,1.0,1.0,0.000737,0.000114,2e-05,0.000505,0.000998,0.000904,0.003628
bright,aops:aops_2016_AMC_10A_Problems/Problem_19,greedy_fas_topological,qrels,label-derived pairwise preferences from qrels,20,96,0.252632,20,1,False,0,0,0,0,0.0,0.0,0,0,20,ndcg_at_k,0.0,0,0.442105,-0.071429,1.0,1.0,0.4,1.0,1.0,0.000737,0.000114,2e-05,0.000505,4.4e-05,0.000904,0.003628
bright,aops:aops_2016_AMC_10A_Problems/Problem_19,greedy_fas_weighted_balance,qrels,label-derived pairwise preferences from qrels,20,96,0.252632,20,1,False,0,0,0,0,0.0,0.0,0,0,20,ndcg_at_k,0.0,0,1.0,0.428571,1.0,1.0,0.4,1.0,1.0,0.000737,0.000114,2e-05,0.000505,3.5e-05,0.000904,0.003628
bright,aops:aops_2016_AMC_10A_Problems/Problem_19,greedy_fas_copeland,qrels,label-derived pairwise preferences from qrels,20,96,0.252632,20,1,False,0,0,0,0,0.0,0.0,0,0,20,ndcg_at_k,0.0,0,1.0,0.428571,1.0,1.0,0.4,1.0,1.0,0.000737,0.000114,2e-05,0.000505,1.9e-05,0.000904,0.003628
bright,aops:aops_2016_AMC_10A_Problems/Problem_19,greedy_fas_score_augmented_topological,qrels,label-derived pairwise preferences from qrels,20,96,0.252632,20,1,False,0,0,0,0,0.0,0.0,0,0,20,ndcg_at_k,0.0,0,0.010526,-0.428571,1.0,1.0,0.4,1.0,1.0,0.000737,0.000114,2e-05,0.000505,3.5e-05,0.000904,0.003628
bright,aops:aops_2016_AMC_10A_Problems/Problem_19,fas_balance_score_prior_alpha_beta,qrels,label-derived pairwise preferences from qrels,20,96,0.252632,20,1,False,0,0,0,0,0.0,0.0,0,0,20,ndcg_at_k,0.0,0,1.0,0.428571,1.0,1.0,0.4,1.0,1.0,0.000737,0.000114,2e-05,0.000505,4.6e-05,0.000904,0.003628
bright,aops:aops_2016_AMC_10A_Problems/Problem_19,hybrid_rrf_fas_regularized,qrels,label-derived pairwise preferences from qrels,20,96,0.252632,20,1,False,0,0,0,0,0.0,0.0,0,0,20,ndcg_at_k,0.0,0,1.0,0.428571,1.0,1.0,0.4,1.0,1.0,0.000737,0.000114,2e-05,0.000505,3.3e-05,0.000904,0.003628
bright,aops:aops_2016_AMC_10A_Problems/Problem_19,hybrid_rrf_balance_a05,qrels,label-derived pairwise preferences from qrels,20,96,0.252632,20,1,False,0,0,0,0,0.0,0.0,0,0,20,ndcg_at_k,0.0,0,1.0,0.428571,1.0,1.0,0.4,1.0,1.0,0.000737,0.000114,2e-05,0.000505,2.8e-05,0.000904,0.003628
bright,aops:aops_2016_AMC_10A_Problems/Problem_19,hybrid_rrf_copeland_a03,qrels,label-derived pairwise preferences from qrels,20,96,0.252632,20,1,False,0,0,0,0,0.0,0.0,0,0,20,ndcg_at_k,0.0,0,1.0,0.428571,1.0,1.0,0.4,1.0,1.0,0.000737,0.000114,2e-05,0.000505,2e-05,0.000904,0.003628
bright,aops:aops_2016_AMC_10A_Problems/Problem_19,hybrid_rrf_priority_topo_a03,qrels,label-derived pairwise preferences from qrels,20,96,0.252632,20,1,False,0,0,0,0,0.0,0.0,0,0,20,ndcg_at_k,0.0,0,0.010526,-0.428571,1.0,1.0,0.4,1.0,1.0,0.000737,0.000114,2e-05,0.000505,5.5e-05,0.000904,0.003628
bright,theoremqa_questions:TheoremQA_wenhuchen/Rolle's_theorem.json,score_sum,qrels,label-derived pairwise preferences from qrels,20,19,0.05,20,1,False,0,0,0,0,0.0,0.0,0,0,20,ndcg_at_k,0.0,0,1.0,1.0,1.0,1.0,0.05,1.0,1.0,0.000658,4.4e-05,1.6e-05,0.000226,1.4e-05,0.000664,0.003225
bright,theoremqa_questions:TheoremQA_wenhuchen/Rolle's_theorem.json,borda,qrels,label-derived pairwise preferences from qrels,20,19,0.05,20,1,False,0,0,0,0,0.0,0.0,0,0,20,ndcg_at_k,0.0,0,1.0,1.0,1.0,1.0,0.05,1.0,1.0,0.000658,4.4e-05,1.6e-05,0.000226,1.3e-05,0.000664,0.003225
bright,theoremqa_questions:TheoremQA_wenhuchen/Rolle's_theorem.json,pagerank,qrels,label-derived pairwise preferences from qrels,20,19,0.05,20,1,False,0,0,0,0,0.0,0.0,0,0,20,ndcg_at_k,0.0,0,0.147368,1.0,1.0,1.0,0.05,1.0,1.0,0.000658,4.4e-05,1.6e-05,0.000226,0.001333,0.000664,0.003225
bright,theoremqa_questions:TheoremQA_wenhuchen/Rolle's_theorem.json,greedy_fas_topological,qrels,label-derived pairwise preferences from qrels,20,19,0.05,20,1,False,0,0,0,0,0.0,0.0,0,0,20,ndcg_at_k,0.0,0,0.147368,1.0,1.0,1.0,0.05,1.0,1.0,0.000658,4.4e-05,1.6e-05,0.000226,3.5e-05,0.000664,0.003225
bright,theoremqa_questions:TheoremQA_wenhuchen/Rolle's_theorem.json,greedy_fas_weighted_balance,qrels,label-derived pairwise preferences from qrels,20,19,0.05,20,1,False,0,0,0,0,0.0,0.0,0,0,20,ndcg_at_k,0.0,0,1.0,1.0,1.0,1.0,0.05,1.0,1.0,0.000658,4.4e-05,1.6e-05,0.000226,1.8e-05,0.000664,0.003225
bright,theoremqa_questions:TheoremQA_wenhuchen/Rolle's_theorem.json,greedy_fas_copeland,qrels,label-derived pairwise preferences from qrels,20,19,0.05,20,1,False,0,0,0,0,0.0,0.0,0,0,20,ndcg_at_k,0.0,0,1.0,1.0,1.0,1.0,0.05,1.0,1.0,0.000658,4.4e-05,1.6e-05,0.000226,1.8e-05,0.000664,0.003225
bright,theoremqa_questions:TheoremQA_wenhuchen/Rolle's_theorem.json,greedy_fas_score_augmented_topological,qrels,label-derived pairwise preferences from qrels,20,19,0.05,20,1,False,0,0,0,0,0.0,0.0,0,0,20,ndcg_at_k,0.0,0,-0.8,1.0,1.0,1.0,0.05,1.0,1.0,0.000658,4.4e-05,1.6e-05,0.000226,3.7e-05,0.000664,0.003225
bright,theoremqa_questions:TheoremQA_wenhuchen/Rolle's_theorem.json,fas_balance_score_prior_alpha_beta,qrels,label-derived pairwise preferences from qrels,20,19,0.05,20,1,False,0,0,0,0,0.0,0.0,0,0,20,ndcg_at_k,0.0,0,1.0,1.0,1.0,1.0,0.05,1.0,1.0,0.000658,4.4e-05,1.6e-05,0.000226,3.6e-05,0.000664,0.003225
bright,theoremqa_questions:TheoremQA_wenhuchen/Rolle's_theorem.json,hybrid_rrf_fas_regularized,qrels,label-derived pairwise preferences from qrels,20,19,0.05,20,1,False,0,0,0,0,0.0,0.0,0,0,20,ndcg_at_k,0.0,0,1.0,1.0,1.0,1.0,0.05,1.0,1.0,0.000658,4.4e-05,1.6e-05,0.000226,2.3e-05,0.000664,0.003225
bright,theoremqa_questions:TheoremQA_wenhuchen/Rolle's_theorem.json,hybrid_rrf_balance_a05,qrels,label-derived pairwise preferences from qrels,20,19,0.05,20,1,False,0,0,0,0,0.0,0.0,0,0,20,ndcg_at_k,0.0,0,1.0,1.0,1.0,1.0,0.05,1.0,1.0,0.000658,4.4e-05,1.6e-05,0.000226,1.9e-05,0.000664,0.003225
bright,theoremqa_questions:TheoremQA_wenhuchen/Rolle's_theorem.json,hybrid_rrf_copeland_a03,qrels,label-derived pairwise preferences from qrels,20,19,0.05,20,1,False,0,0,0,0,0.0,0.0,0,0,20,ndcg_at_k,0.0,0,1.0,1.0,1.0,1.0,0.05,1.0,1.0,0.000658,4.4e-05,1.6e-05,0.000226,2.2e-05,0.000664,0.003225
bright,theoremqa_questions:TheoremQA_wenhuchen/Rolle's_theorem.json,hybrid_rrf_priority_topo_a03,qrels,label-derived pairwise preferences from qrels,20,19,0.05,20,1,False,0,0,0,0,0.0,0.0,0,0,20,ndcg_at_k,0.0,0,-0.8,1.0,1.0,1.0,0.05,1.0,1.0,0.000658,4.4e-05,1.6e-05,0.000226,4.9e-05,0.000664,0.003225
bright,aops:math_train_intermediate_algebra_477,score_sum,qrels,label-derived pairwise preferences from qrels,20,64,0.168421,20,1,False,0,0,0,0,0.0,0.0,0,0,20,ndcg_at_k,0.0,0,1.0,-0.666667,1.0,1.0,0.2,1.0,1.0,0.001143,8.6e-05,1.9e-05,0.000578,2.1e-05,0.000852,0.004044
bright,aops:math_train_intermediate_algebra_477,borda,qrels,label-derived pairwise preferences from qrels,20,64,0.168421,20,1,False,0,0,0,0,0.0,0.0,0,0,20,ndcg_at_k,0.0,0,1.0,-0.666667,1.0,1.0,0.2,1.0,1.0,0.001143,8.6e-05,1.9e-05,0.000578,1.3e-05,0.000852,0.004044
bright,aops:math_train_intermediate_algebra_477,pagerank,qrels,label-derived pairwise preferences from qrels,20,64,0.168421,20,1,False,0,0,0,0,0.0,0.0,0,0,20,ndcg_at_k,0.0,0,0.273684,1.0,1.0,1.0,0.2,1.0,1.0,0.001143,8.6e-05,1.9e-05,0.000578,0.001042,0.000852,0.004044
bright,aops:math_train_intermediate_algebra_477,greedy_fas_topological,qrels,label-derived pairwise preferences from qrels,20,64,0.168421,20,1,False,0,0,0,0,0.0,0.0,0,0,20,ndcg_at_k,0.0,0,0.273684,1.0,1.0,1.0,0.2,1.0,1.0,0.001143,8.6e-05,1.9e-05,0.000578,4.2e-05,0.000852,0.004044
bright,aops:math_train_intermediate_algebra_477,greedy_fas_weighted_balance,qrels,label-derived pairwise preferences from qrels,20,64,0.168421,20,1,False,0,0,0,0,0.0,0.0,0,0,20,ndcg_at_k,0.0,0,1.0,-0.666667,1.0,1.0,0.2,1.0,1.0,0.001143,8.6e-05,1.9e-05,0.000578,2.6e-05,0.000852,0.004044
bright,aops:math_train_intermediate_algebra_477,greedy_fas_copeland,qrels,label-derived pairwise preferences from qrels,20,64,0.168421,20,1,False,0,0,0,0,0.0,0.0,0,0,20,ndcg_at_k,0.0,0,1.0,-0.666667,1.0,1.0,0.2,1.0,1.0,0.001143,8.6e-05,1.9e-05,0.000578,1.8e-05,0.000852,0.004044
bright,aops:math_train_intermediate_algebra_477,greedy_fas_score_augmented_topological,qrels,label-derived pairwise preferences from qrels,20,64,0.168421,20,1,False,0,0,0,0,0.0,0.0,0,0,20,ndcg_at_k,0.0,0,-0.326316,0.666667,1.0,1.0,0.2,1.0,1.0,0.001143,8.6e-05,1.9e-05,0.000578,3.7e-05,0.000852,0.004044
bright,aops:math_train_intermediate_algebra_477,fas_balance_score_prior_alpha_beta,qrels,label-derived pairwise preferences from qrels,20,64,0.168421,20,1,False,0,0,0,0,0.0,0.0,0,0,20,ndcg_at_k,0.0,0,1.0,-0.666667,1.0,1.0,0.2,1.0,1.0,0.001143,8.6e-05,1.9e-05,0.000578,3.5e-05,0.000852,0.004044
bright,aops:math_train_intermediate_algebra_477,hybrid_rrf_fas_regularized,qrels,label-derived pairwise preferences from qrels,20,64,0.168421,20,1,False,0,0,0,0,0.0,0.0,0,0,20,ndcg_at_k,0.0,0,1.0,-0.666667,1.0,1.0,0.2,1.0,1.0,0.001143,8.6e-05,1.9e-05,0.000578,3.1e-05,0.000852,0.004044
bright,aops:math_train_intermediate_algebra_477,hybrid_rrf_balance_a05,qrels,label-derived pairwise preferences from qrels,20,64,0.168421,20,1,False,0,0,0,0,0.0,0.0,0,0,20,ndcg_at_k,0.0,0,1.0,-0.666667,1.0,1.0,0.2,1.0,1.0,0.001143,8.6e-05,1.9e-05,0.000578,2.6e-05,0.000852,0.004044
bright,aops:math_train_intermediate_algebra_477,hybrid_rrf_copeland_a03,qrels,label-derived pairwise preferences from qrels,20,64,0.168421,20,1,False,0,0,0,0,0.0,0.0,0,0,20,ndcg_at_k,0.0,0,1.0,-0.666667,1.0,1.0,0.2,1.0,1.0,0.001143,8.6e-05,1.9e-05,0.000578,2.1e-05,0.000852,0.004044
bright,aops:math_train_intermediate_algebra_477,hybrid_rrf_priority_topo_a03,qrels,label-derived pairwise preferences from qrels,20,64,0.168421,20,1,False,0,0,0,0,0.0,0.0,0,0,20,ndcg_at_k,0.0,0,-0.326316,0.666667,1.0,1.0,0.2,1.0,1.0,0.001143,8.6e-05,1.9e-05,0.000578,5.4e-05,0.000852,0.004044
bright,leetcode:16,score_sum,qrels,label-derived pairwise preferences from qrels,20,19,0.05,20,1,False,0,0,0,0,0.0,0.0,0,0,20,ndcg_at_k,0.0,0,1.0,-0.285714,1.0,1.0,0.05,1.0,1.0,4.1e-05,4e-05,1.6e-05,0.000207,1.3e-05,0.000697,0.002583
bright,leetcode:16,borda,qrels,label-derived pairwise preferences from qrels,20,19,0.05,20,1,False,0,0,0,0,0.0,0.0,0,0,20,ndcg_at_k,0.0,0,1.0,-0.285714,1.0,1.0,0.05,1.0,1.0,4.1e-05,4e-05,1.6e-05,0.000207,1.2e-05,0.000697,0.002583
bright,leetcode:16,pagerank,qrels,label-derived pairwise preferences from qrels,20,19,0.05,20,1,False,0,0,0,0,0.0,0.0,0,0,20,ndcg_at_k,0.0,0,0.031579,0.0,1.0,1.0,0.05,1.0,1.0,4.1e-05,4e-05,1.6e-05,0.000207,0.001319,0.000697,0.002583
bright,leetcode:16,greedy_fas_topological,qrels,label-derived pairwise preferences from qrels,20,19,0.05,20,1,False,0,0,0,0,0.0,0.0,0,0,20,ndcg_at_k,0.0,0,0.031579,0.0,1.0,1.0,0.05,1.0,1.0,4.1e-05,4e-05,1.6e-05,0.000207,3.2e-05,0.000697,0.002583
bright,leetcode:16,greedy_fas_weighted_balance,qrels,label-derived pairwise preferences from qrels,20,19,0.05,20,1,False,0,0,0,0,0.0,0.0,0,0,20,ndcg_at_k,0.0,0,1.0,-0.285714,1.0,1.0,0.05,1.0,1.0,4.1e-05,4e-05,1.6e-05,0.000207,1.5e-05,0.000697,0.002583
bright,leetcode:16,greedy_fas_copeland,qrels,label-derived pairwise preferences from qrels,20,19,0.05,20,1,False,0,0,0,0,0.0,0.0,0,0,20,ndcg_at_k,0.0,0,1.0,-0.285714,1.0,1.0,0.05,1.0,1.0,4.1e-05,4e-05,1.6e-05,0.000207,1.7e-05,0.000697,0.002583
bright,leetcode:16,greedy_fas_score_augmented_topological,qrels,label-derived pairwise preferences from qrels,20,19,0.05,20,1,False,0,0,0,0,0.0,0.0,0,0,20,ndcg_at_k,0.0,0,-0.8,0.785714,1.0,1.0,0.05,1.0,1.0,4.1e-05,4e-05,1.6e-05,0.000207,3.7e-05,0.000697,0.002583
bright,leetcode:16,fas_balance_score_prior_alpha_beta,qrels,label-derived pairwise preferences from qrels,20,19,0.05,20,1,False,0,0,0,0,0.0,0.0,0,0,20,ndcg_at_k,0.0,0,1.0,-0.285714,1.0,1.0,0.05,1.0,1.0,4.1e-05,4e-05,1.6e-05,0.000207,2.9e-05,0.000697,0.002583
bright,leetcode:16,hybrid_rrf_fas_regularized,qrels,label-derived pairwise preferences from qrels,20,19,0.05,20,1,False,0,0,0,0,0.0,0.0,0,0,20,ndcg_at_k,0.0,0,1.0,-0.285714,1.0,1.0,0.05,1.0,1.0,4.1e-05,4e-05,1.6e-05,0.000207,2.1e-05,0.000697,0.002583
bright,leetcode:16,hybrid_rrf_balance_a05,qrels,label-derived pairwise preferences from qrels,20,19,0.05,20,1,False,0,0,0,0,0.0,0.0,0,0,20,ndcg_at_k,0.0,0,1.0,-0.285714,1.0,1.0,0.05,1.0,1.0,4.1e-05,4e-05,1.6e-05,0.000207,1.8e-05,0.000697,0.002583
bright,leetcode:16,hybrid_rrf_copeland_a03,qrels,label-derived pairwise preferences from qrels,20,19,0.05,20,1,False,0,0,0,0,0.0,0.0,0,0,20,ndcg_at_k,0.0,0,1.0,-0.285714,1.0,1.0,0.05,1.0,1.0,4.1e-05,4e-05,1.6e-05,0.000207,2e-05,0.000697,0.002583
bright,leetcode:16,hybrid_rrf_priority_topo_a03,qrels,label-derived pairwise preferences from qrels,20,19,0.05,20,1,False,0,0,0,0,0.0,0.0,0,0,20,ndcg_at_k,0.0,0,-0.8,0.785714,1.0,1.0,0.05,1.0,1.0,4.1e-05,4e-05,1.6e-05,0.000207,4.9e-05,0.000697,0.002583
bright,aops:aops_1994_AIME_Problems/Problem_9,score_sum,qrels,label-derived pairwise preferences from qrels,20,51,0.134211,20,1,False,0,0,0,0,0.0,0.0,0,0,20,ndcg_at_k,0.0,0,1.0,-0.333333,1.0,1.0,0.15,1.0,1.0,0.002262,8.1e-05,1.8e-05,0.000885,2.1e-05,0.000711,0.005368
bright,aops:aops_1994_AIME_Problems/Problem_9,borda,qrels,label-derived pairwise preferences from qrels,20,51,0.134211,20,1,False,0,0,0,0,0.0,0.0,0,0,20,ndcg_at_k,0.0,0,1.0,-0.333333,1.0,1.0,0.15,1.0,1.0,0.002262,8.1e-05,1.8e-05,0.000885,1.4e-05,0.000711,0.005368
bright,aops:aops_1994_AIME_Problems/Problem_9,pagerank,qrels,label-derived pairwise preferences from qrels,20,51,0.134211,20,1,False,0,0,0,0,0.0,0.0,0,0,20,ndcg_at_k,0.0,0,0.284211,0.333333,1.0,1.0,0.15,1.0,1.0,0.002262,8.1e-05,1.8e-05,0.000885,0.001109,0.000711,0.005368
bright,aops:aops_1994_AIME_Problems/Problem_9,greedy_fas_topological,qrels,label-derived pairwise preferences from qrels,20,51,0.134211,20,1,False,0,0,0,0,0.0,0.0,0,0,20,ndcg_at_k,0.0,0,0.284211,0.333333,1.0,1.0,0.15,1.0,1.0,0.002262,8.1e-05,1.8e-05,0.000885,3.9e-05,0.000711,0.005368
bright,aops:aops_1994_AIME_Problems/Problem_9,greedy_fas_weighted_balance,qrels,label-derived pairwise preferences from qrels,20,51,0.134211,20,1,False,0,0,0,0,0.0,0.0,0,0,20,ndcg_at_k,0.0,0,1.0,-0.333333,1.0,1.0,0.15,1.0,1.0,0.002262,8.1e-05,1.8e-05,0.000885,2.2e-05,0.000711,0.005368
bright,aops:aops_1994_AIME_Problems/Problem_9,greedy_fas_copeland,qrels,label-derived pairwise preferences from qrels,20,51,0.134211,20,1,False,0,0,0,0,0.0,0.0,0,0,20,ndcg_at_k,0.0,0,1.0,-0.333333,1.0,1.0,0.15,1.0,1.0,0.002262,8.1e-05,1.8e-05,0.000885,1.7e-05,0.000711,0.005368
bright,aops:aops_1994_AIME_Problems/Problem_9,greedy_fas_score_augmented_topological,qrels,label-derived pairwise preferences from qrels,20,51,0.134211,20,1,False,0,0,0,0,0.0,0.0,0,0,20,ndcg_at_k,0.0,0,-0.463158,0.333333,1.0,1.0,0.15,1.0,1.0,0.002262,8.1e-05,1.8e-05,0.000885,3.5e-05,0.000711,0.005368
bright,aops:aops_1994_AIME_Problems/Problem_9,fas_balance_score_prior_alpha_beta,qrels,label-derived pairwise preferences from qrels,20,51,0.134211,20,1,False,0,0,0,0,0.0,0.0,0,0,20,ndcg_at_k,0.0,0,1.0,-0.333333,1.0,1.0,0.15,1.0,1.0,0.002262,8.1e-05,1.8e-05,0.000885,3.2e-05,0.000711,0.005368
bright,aops:aops_1994_AIME_Problems/Problem_9,hybrid_rrf_fas_regularized,qrels,label-derived pairwise preferences from qrels,20,51,0.134211,20,1,False,0,0,0,0,0.0,0.0,0,0,20,ndcg_at_k,0.0,0,1.0,-0.333333,1.0,1.0,0.15,1.0,1.0,0.002262,8.1e-05,1.8e-05,0.000885,2.6e-05,0.000711,0.005368
bright,aops:aops_1994_AIME_Problems/Problem_9,hybrid_rrf_balance_a05,qrels,label-derived pairwise preferences from qrels,20,51,0.134211,20,1,False,0,0,0,0,0.0,0.0,0,0,20,ndcg_at_k,0.0,0,1.0,-0.333333,1.0,1.0,0.15,1.0,1.0,0.002262,8.1e-05,1.8e-05,0.000885,2.3e-05,0.000711,0.005368
bright,aops:aops_1994_AIME_Problems/Problem_9,hybrid_rrf_copeland_a03,qrels,label-derived pairwise preferences from qrels,20,51,0.134211,20,1,False,0,0,0,0,0.0,0.0,0,0,20,ndcg_at_k,0.0,0,1.0,-0.333333,1.0,1.0,0.15,1.0,1.0,0.002262,8.1e-05,1.8e-05,0.000885,2.1e-05,0.000711,0.005368
bright,aops:aops_1994_AIME_Problems/Problem_9,hybrid_rrf_priority_topo_a03,qrels,label-derived pairwise preferences from qrels,20,51,0.134211,20,1,False,0,0,0,0,0.0,0.0,0,0,20,ndcg_at_k,0.0,0,-0.463158,0.333333,1.0,1.0,0.15,1.0,1.0,0.002262,8.1e-05,1.8e-05,0.000885,5.2e-05,0.000711,0.005368
bright,theoremqa_questions:TheoremQA_wenhuchen/ODE3.json,score_sum,qrels,label-derived pairwise preferences from qrels,20,19,0.05,20,1,False,0,0,0,0,0.0,0.0,0,0,20,ndcg_at_k,0.0,0,1.0,1.0,1.0,1.0,0.05,1.0,1.0,0.001041,4.2e-05,1.7e-05,0.000239,1.5e-05,0.000701,0.003703
bright,theoremqa_questions:TheoremQA_wenhuchen/ODE3.json,borda,qrels,label-derived pairwise preferences from qrels,20,19,0.05,20,1,False,0,0,0,0,0.0,0.0,0,0,20,ndcg_at_k,0.0,0,1.0,1.0,1.0,1.0,0.05,1.0,1.0,0.001041,4.2e-05,1.7e-05,0.000239,1.4e-05,0.000701,0.003703
bright,theoremqa_questions:TheoremQA_wenhuchen/ODE3.json,pagerank,qrels,label-derived pairwise preferences from qrels,20,19,0.05,20,1,False,0,0,0,0,0.0,0.0,0,0,20,ndcg_at_k,0.0,0,0.242105,1.0,1.0,1.0,0.05,1.0,1.0,0.001041,4.2e-05,1.7e-05,0.000239,0.001384,0.000701,0.003703
bright,theoremqa_questions:TheoremQA_wenhuchen/ODE3.json,greedy_fas_topological,qrels,label-derived pairwise preferences from qrels,20,19,0.05,20,1,False,0,0,0,0,0.0,0.0,0,0,20,ndcg_at_k,0.0,0,0.242105,1.0,1.0,1.0,0.05,1.0,1.0,0.001041,4.2e-05,1.7e-05,0.000239,3.7e-05,0.000701,0.003703
bright,theoremqa_questions:TheoremQA_wenhuchen/ODE3.json,greedy_fas_weighted_balance,qrels,label-derived pairwise preferences from qrels,20,19,0.05,20,1,False,0,0,0,0,0.0,0.0,0,0,20,ndcg_at_k,0.0,0,1.0,1.0,1.0,1.0,0.05,1.0,1.0,0.001041,4.2e-05,1.7e-05,0.000239,1.7e-05,0.000701,0.003703
bright,theoremqa_questions:TheoremQA_wenhuchen/ODE3.json,greedy_fas_copeland,qrels,label-derived pairwise preferences from qrels,20,19,0.05,20,1,False,0,0,0,0,0.0,0.0,0,0,20,ndcg_at_k,0.0,0,1.0,1.0,1.0,1.0,0.05,1.0,1.0,0.001041,4.2e-05,1.7e-05,0.000239,1.8e-05,0.000701,0.003703
bright,theoremqa_questions:TheoremQA_wenhuchen/ODE3.json,greedy_fas_score_augmented_topological,qrels,label-derived pairwise preferences from qrels,20,19,0.05,20,1,False,0,0,0,0,0.0,0.0,0,0,20,ndcg_at_k,0.0,0,-0.8,1.0,1.0,1.0,0.05,1.0,1.0,0.001041,4.2e-05,1.7e-05,0.000239,3.8e-05,0.000701,0.003703
bright,theoremqa_questions:TheoremQA_wenhuchen/ODE3.json,fas_balance_score_prior_alpha_beta,qrels,label-derived pairwise preferences from qrels,20,19,0.05,20,1,False,0,0,0,0,0.0,0.0,0,0,20,ndcg_at_k,0.0,0,1.0,1.0,1.0,1.0,0.05,1.0,1.0,0.001041,4.2e-05,1.7e-05,0.000239,2.8e-05,0.000701,0.003703
bright,theoremqa_questions:TheoremQA_wenhuchen/ODE3.json,hybrid_rrf_fas_regularized,qrels,label-derived pairwise preferences from qrels,20,19,0.05,20,1,False,0,0,0,0,0.0,0.0,0,0,20,ndcg_at_k,0.0,0,1.0,1.0,1.0,1.0,0.05,1.0,1.0,0.001041,4.2e-05,1.7e-05,0.000239,2.3e-05,0.000701,0.003703
bright,theoremqa_questions:TheoremQA_wenhuchen/ODE3.json,hybrid_rrf_balance_a05,qrels,label-derived pairwise preferences from qrels,20,19,0.05,20,1,False,0,0,0,0,0.0,0.0,0,0,20,ndcg_at_k,0.0,0,1.0,1.0,1.0,1.0,0.05,1.0,1.0,0.001041,4.2e-05,1.7e-05,0.000239,1.8e-05,0.000701,0.003703
bright,theoremqa_questions:TheoremQA_wenhuchen/ODE3.json,hybrid_rrf_copeland_a03,qrels,label-derived pairwise preferences from qrels,20,19,0.05,20,1,False,0,0,0,0,0.0,0.0,0,0,20,ndcg_at_k,0.0,0,1.0,1.0,1.0,1.0,0.05,1.0,1.0,0.001041,4.2e-05,1.7e-05,0.000239,2.2e-05,0.000701,0.003703
bright,theoremqa_questions:TheoremQA_wenhuchen/ODE3.json,hybrid_rrf_priority_topo_a03,qrels,label-derived pairwise preferences from qrels,20,19,0.05,20,1,False,0,0,0,0,0.0,0.0,0,0,20,ndcg_at_k,0.0,0,-0.8,1.0,1.0,1.0,0.05,1.0,1.0,0.001041,4.2e-05,1.7e-05,0.000239,4.9e-05,0.000701,0.003703
bright,leetcode:99,score_sum,qrels,label-derived pairwise preferences from qrels,20,19,0.05,20,1,False,0,0,0,0,0.0,0.0,0,0,20,ndcg_at_k,0.0,0,1.0,,1.0,1.0,0.05,1.0,1.0,0.000237,3.7e-05,1.6e-05,0.000202,1.4e-05,0.000663,0.002795
bright,leetcode:99,borda,qrels,label-derived pairwise preferences from qrels,20,19,0.05,20,1,False,0,0,0,0,0.0,0.0,0,0,20,ndcg_at_k,0.0,0,1.0,,1.0,1.0,0.05,1.0,1.0,0.000237,3.7e-05,1.6e-05,0.000202,1.3e-05,0.000663,0.002795
bright,leetcode:99,pagerank,qrels,label-derived pairwise preferences from qrels,20,19,0.05,20,1,False,0,0,0,0,0.0,0.0,0,0,20,ndcg_at_k,0.0,0,0.189474,,1.0,1.0,0.05,1.0,1.0,0.000237,3.7e-05,1.6e-05,0.000202,0.00137,0.000663,0.002795
bright,leetcode:99,greedy_fas_topological,qrels,label-derived pairwise preferences from qrels,20,19,0.05,20,1,False,0,0,0,0,0.0,0.0,0,0,20,ndcg_at_k,0.0,0,0.189474,,1.0,1.0,0.05,1.0,1.0,0.000237,3.7e-05,1.6e-05,0.000202,3.3e-05,0.000663,0.002795
bright,leetcode:99,greedy_fas_weighted_balance,qrels,label-derived pairwise preferences from qrels,20,19,0.05,20,1,False,0,0,0,0,0.0,0.0,0,0,20,ndcg_at_k,0.0,0,1.0,,1.0,1.0,0.05,1.0,1.0,0.000237,3.7e-05,1.6e-05,0.000202,1.7e-05,0.000663,0.002795
bright,leetcode:99,greedy_fas_copeland,qrels,label-derived pairwise preferences from qrels,20,19,0.05,20,1,False,0,0,0,0,0.0,0.0,0,0,20,ndcg_at_k,0.0,0,1.0,,1.0,1.0,0.05,1.0,1.0,0.000237,3.7e-05,1.6e-05,0.000202,1.8e-05,0.000663,0.002795
bright,leetcode:99,greedy_fas_score_augmented_topological,qrels,label-derived pairwise preferences from qrels,20,19,0.05,20,1,False,0,0,0,0,0.0,0.0,0,0,20,ndcg_at_k,0.0,0,-0.8,,1.0,1.0,0.05,1.0,1.0,0.000237,3.7e-05,1.6e-05,0.000202,3.7e-05,0.000663,0.002795
bright,leetcode:99,fas_balance_score_prior_alpha_beta,qrels,label-derived pairwise preferences from qrels,20,19,0.05,20,1,False,0,0,0,0,0.0,0.0,0,0,20,ndcg_at_k,0.0,0,1.0,,1.0,1.0,0.05,1.0,1.0,0.000237,3.7e-05,1.6e-05,0.000202,2.7e-05,0.000663,0.002795
bright,leetcode:99,hybrid_rrf_fas_regularized,qrels,label-derived pairwise preferences from qrels,20,19,0.05,20,1,False,0,0,0,0,0.0,0.0,0,0,20,ndcg_at_k,0.0,0,1.0,,1.0,1.0,0.05,1.0,1.0,0.000237,3.7e-05,1.6e-05,0.000202,2.3e-05,0.000663,0.002795
bright,leetcode:99,hybrid_rrf_balance_a05,qrels,label-derived pairwise preferences from qrels,20,19,0.05,20,1,False,0,0,0,0,0.0,0.0,0,0,20,ndcg_at_k,0.0,0,1.0,,1.0,1.0,0.05,1.0,1.0,0.000237,3.7e-05,1.6e-05,0.000202,1.9e-05,0.000663,0.002795
bright,leetcode:99,hybrid_rrf_copeland_a03,qrels,label-derived pairwise preferences from qrels,20,19,0.05,20,1,False,0,0,0,0,0.0,0.0,0,0,20,ndcg_at_k,0.0,0,1.0,,1.0,1.0,0.05,1.0,1.0,0.000237,3.7e-05,1.6e-05,0.000202,2e-05,0.000663,0.002795
bright,leetcode:99,hybrid_rrf_priority_topo_a03,qrels,label-derived pairwise preferences from qrels,20,19,0.05,20,1,False,0,0,0,0,0.0,0.0,0,0,20,ndcg_at_k,0.0,0,-0.8,,1.0,1.0,0.05,1.0,1.0,0.000237,3.7e-05,1.6e-05,0.000202,4.9e-05,0.000663,0.002795
bright,aops:aops_2020_AMC_10A_Problems/Problem_24,score_sum,qrels,label-derived pairwise preferences from qrels,20,64,0.168421,20,1,False,0,0,0,0,0.0,0.0,0,0,20,ndcg_at_k,0.0,0,1.0,-0.333333,1.0,1.0,0.2,1.0,1.0,0.001482,7.6e-05,1.9e-05,0.000383,2e-05,0.000802,0.004156
bright,aops:aops_2020_AMC_10A_Problems/Problem_24,borda,qrels,label-derived pairwise preferences from qrels,20,64,0.168421,20,1,False,0,0,0,0,0.0,0.0,0,0,20,ndcg_at_k,0.0,0,1.0,-0.333333,1.0,1.0,0.2,1.0,1.0,0.001482,7.6e-05,1.9e-05,0.000383,1.3e-05,0.000802,0.004156
bright,aops:aops_2020_AMC_10A_Problems/Problem_24,pagerank,qrels,label-derived pairwise preferences from qrels,20,64,0.168421,20,1,False,0,0,0,0,0.0,0.0,0,0,20,ndcg_at_k,0.0,0,0.210526,0.666667,1.0,1.0,0.2,1.0,1.0,0.001482,7.6e-05,1.9e-05,0.000383,0.001073,0.000802,0.004156
bright,aops:aops_2020_AMC_10A_Problems/Problem_24,greedy_fas_topological,qrels,label-derived pairwise preferences from qrels,20,64,0.168421,20,1,False,0,0,0,0,0.0,0.0,0,0,20,ndcg_at_k,0.0,0,0.210526,0.666667,1.0,1.0,0.2,1.0,1.0,0.001482,7.6e-05,1.9e-05,0.000383,4.2e-05,0.000802,0.004156
bright,aops:aops_2020_AMC_10A_Problems/Problem_24,greedy_fas_weighted_balance,qrels,label-derived pairwise preferences from qrels,20,64,0.168421,20,1,False,0,0,0,0,0.0,0.0,0,0,20,ndcg_at_k,0.0,0,1.0,-0.333333,1.0,1.0,0.2,1.0,1.0,0.001482,7.6e-05,1.9e-05,0.000383,2.7e-05,0.000802,0.004156
bright,aops:aops_2020_AMC_10A_Problems/Problem_24,greedy_fas_copeland,qrels,label-derived pairwise preferences from qrels,20,64,0.168421,20,1,False,0,0,0,0,0.0,0.0,0,0,20,ndcg_at_k,0.0,0,1.0,-0.333333,1.0,1.0,0.2,1.0,1.0,0.001482,7.6e-05,1.9e-05,0.000383,1.8e-05,0.000802,0.004156
bright,aops:aops_2020_AMC_10A_Problems/Problem_24,greedy_fas_score_augmented_topological,qrels,label-derived pairwise preferences from qrels,20,64,0.168421,20,1,False,0,0,0,0,0.0,0.0,0,0,20,ndcg_at_k,0.0,0,-0.326316,0.333333,1.0,1.0,0.2,1.0,1.0,0.001482,7.6e-05,1.9e-05,0.000383,3.5e-05,0.000802,0.004156
bright,aops:aops_2020_AMC_10A_Problems/Problem_24,fas_balance_score_prior_alpha_beta,qrels,label-derived pairwise preferences from qrels,20,64,0.168421,20,1,False,0,0,0,0,0.0,0.0,0,0,20,ndcg_at_k,0.0,0,1.0,-0.333333,1.0,1.0,0.2,1.0,1.0,0.001482,7.6e-05,1.9e-05,0.000383,3.6e-05,0.000802,0.004156
bright,aops:aops_2020_AMC_10A_Problems/Problem_24,hybrid_rrf_fas_regularized,qrels,label-derived pairwise preferences from qrels,20,64,0.168421,20,1,False,0,0,0,0,0.0,0.0,0,0,20,ndcg_at_k,0.0,0,1.0,-0.333333,1.0,1.0,0.2,1.0,1.0,0.001482,7.6e-05,1.9e-05,0.000383,3e-05,0.000802,0.004156
bright,aops:aops_2020_AMC_10A_Problems/Problem_24,hybrid_rrf_balance_a05,qrels,label-derived pairwise preferences from qrels,20,64,0.168421,20,1,False,0,0,0,0,0.0,0.0,0,0,20,ndcg_at_k,0.0,0,1.0,-0.333333,1.0,1.0,0.2,1.0,1.0,0.001482,7.6e-05,1.9e-05,0.000383,2.4e-05,0.000802,0.004156
bright,aops:aops_2020_AMC_10A_Problems/Problem_24,hybrid_rrf_copeland_a03,qrels,label-derived pairwise preferences from qrels,20,64,0.168421,20,1,False,0,0,0,0,0.0,0.0,0,0,20,ndcg_at_k,0.0,0,1.0,-0.333333,1.0,1.0,0.2,1.0,1.0,0.001482,7.6e-05,1.9e-05,0.000383,2.1e-05,0.000802,0.004156
bright,aops:aops_2020_AMC_10A_Problems/Problem_24,hybrid_rrf_priority_topo_a03,qrels,label-derived pairwise preferences from qrels,20,64,0.168421,20,1,False,0,0,0,0,0.0,0.0,0,0,20,ndcg_at_k,0.0,0,-0.326316,0.333333,1.0,1.0,0.2,1.0,1.0,0.001482,7.6e-05,1.9e-05,0.000383,5.5e-05,0.000802,0.004156
bright,aops:aops_2022_AIME_I_Problems/Problem_11,score_sum,qrels,label-derived pairwise preferences from qrels,20,91,0.239474,20,1,False,0,0,0,0,0.0,0.0,0,0,20,ndcg_at_k,0.0,0,1.0,0.238095,1.0,1.0,0.35,1.0,1.0,0.000749,0.000202,2.1e-05,0.000488,2.2e-05,0.000884,0.003585
bright,aops:aops_2022_AIME_I_Problems/Problem_11,borda,qrels,label-derived pairwise preferences from qrels,20,91,0.239474,20,1,False,0,0,0,0,0.0,0.0,0,0,20,ndcg_at_k,0.0,0,1.0,0.238095,1.0,1.0,0.35,1.0,1.0,0.000749,0.000202,2.1e-05,0.000488,1.2e-05,0.000884,0.003585
bright,aops:aops_2022_AIME_I_Problems/Problem_11,pagerank,qrels,label-derived pairwise preferences from qrels,20,91,0.239474,20,1,False,0,0,0,0,0.0,0.0,0,0,20,ndcg_at_k,0.0,0,0.494737,0.238095,1.0,1.0,0.35,1.0,1.0,0.000749,0.000202,2.1e-05,0.000488,0.000899,0.000884,0.003585
bright,aops:aops_2022_AIME_I_Problems/Problem_11,greedy_fas_topological,qrels,label-derived pairwise preferences from qrels,20,91,0.239474,20,1,False,0,0,0,0,0.0,0.0,0,0,20,ndcg_at_k,0.0,0,0.494737,0.238095,1.0,1.0,0.35,1.0,1.0,0.000749,0.000202,2.1e-05,0.000488,4.2e-05,0.000884,0.003585
bright,aops:aops_2022_AIME_I_Problems/Problem_11,greedy_fas_weighted_balance,qrels,label-derived pairwise preferences from qrels,20,91,0.239474,20,1,False,0,0,0,0,0.0,0.0,0,0,20,ndcg_at_k,0.0,0,1.0,0.238095,1.0,1.0,0.35,1.0,1.0,0.000749,0.000202,2.1e-05,0.000488,2.9e-05,0.000884,0.003585
bright,aops:aops_2022_AIME_I_Problems/Problem_11,greedy_fas_copeland,qrels,label-derived pairwise preferences from qrels,20,91,0.239474,20,1,False,0,0,0,0,0.0,0.0,0,0,20,ndcg_at_k,0.0,0,1.0,0.238095,1.0,1.0,0.35,1.0,1.0,0.000749,0.000202,2.1e-05,0.000488,1.8e-05,0.000884,0.003585
bright,aops:aops_2022_AIME_I_Problems/Problem_11,greedy_fas_score_augmented_topological,qrels,label-derived pairwise preferences from qrels,20,91,0.239474,20,1,False,0,0,0,0,0.0,0.0,0,0,20,ndcg_at_k,0.0,0,-0.042105,-0.238095,1.0,1.0,0.35,1.0,1.0,0.000749,0.000202,2.1e-05,0.000488,3.5e-05,0.000884,0.003585
bright,aops:aops_2022_AIME_I_Problems/Problem_11,fas_balance_score_prior_alpha_beta,qrels,label-derived pairwise preferences from qrels,20,91,0.239474,20,1,False,0,0,0,0,0.0,0.0,0,0,20,ndcg_at_k,0.0,0,1.0,0.238095,1.0,1.0,0.35,1.0,1.0,0.000749,0.000202,2.1e-05,0.000488,4.6e-05,0.000884,0.003585
bright,aops:aops_2022_AIME_I_Problems/Problem_11,hybrid_rrf_fas_regularized,qrels,label-derived pairwise preferences from qrels,20,91,0.239474,20,1,False,0,0,0,0,0.0,0.0,0,0,20,ndcg_at_k,0.0,0,1.0,0.238095,1.0,1.0,0.35,1.0,1.0,0.000749,0.000202,2.1e-05,0.000488,3.4e-05,0.000884,0.003585
bright,aops:aops_2022_AIME_I_Problems/Problem_11,hybrid_rrf_balance_a05,qrels,label-derived pairwise preferences from qrels,20,91,0.239474,20,1,False,0,0,0,0,0.0,0.0,0,0,20,ndcg_at_k,0.0,0,1.0,0.238095,1.0,1.0,0.35,1.0,1.0,0.000749,0.000202,2.1e-05,0.000488,2.8e-05,0.000884,0.003585
bright,aops:aops_2022_AIME_I_Problems/Problem_11,hybrid_rrf_copeland_a03,qrels,label-derived pairwise preferences from qrels,20,91,0.239474,20,1,False,0,0,0,0,0.0,0.0,0,0,20,ndcg_at_k,0.0,0,1.0,0.238095,1.0,1.0,0.35,1.0,1.0,0.000749,0.000202,2.1e-05,0.000488,2.1e-05,0.000884,0.003585
bright,aops:aops_2022_AIME_I_Problems/Problem_11,hybrid_rrf_priority_topo_a03,qrels,label-derived pairwise preferences from qrels,20,91,0.239474,20,1,False,0,0,0,0,0.0,0.0,0,0,20,ndcg_at_k,0.0,0,-0.042105,-0.238095,1.0,1.0,0.35,1.0,1.0,0.000749,0.000202,2.1e-05,0.000488,5.5e-05,0.000884,0.003585
bright,leetcode:80,score_sum,qrels,label-derived pairwise preferences from qrels,20,64,0.168421,20,1,False,0,0,0,0,0.0,0.0,0,0,20,ndcg_at_k,0.0,0,1.0,1.0,1.0,1.0,0.2,1.0,1.0,0.000158,8.1e-05,1.8e-05,0.000438,2e-05,0.000777,0.002784
bright,leetcode:80,borda,qrels,label-derived pairwise preferences from qrels,20,64,0.168421,20,1,False,0,0,0,0,0.0,0.0,0,0,20,ndcg_at_k,0.0,0,1.0,1.0,1.0,1.0,0.2,1.0,1.0,0.000158,8.1e-05,1.8e-05,0.000438,1.3e-05,0.000777,0.002784
bright,leetcode:80,pagerank,qrels,label-derived pairwise preferences from qrels,20,64,0.168421,20,1,False,0,0,0,0,0.0,0.0,0,0,20,ndcg_at_k,0.0,0,0.242105,0.333333,1.0,1.0,0.2,1.0,1.0,0.000158,8.1e-05,1.8e-05,0.000438,0.001008,0.000777,0.002784
bright,leetcode:80,greedy_fas_topological,qrels,label-derived pairwise preferences from qrels,20,64,0.168421,20,1,False,0,0,0,0,0.0,0.0,0,0,20,ndcg_at_k,0.0,0,0.242105,0.333333,1.0,1.0,0.2,1.0,1.0,0.000158,8.1e-05,1.8e-05,0.000438,3.7e-05,0.000777,0.002784
bright,leetcode:80,greedy_fas_weighted_balance,qrels,label-derived pairwise preferences from qrels,20,64,0.168421,20,1,False,0,0,0,0,0.0,0.0,0,0,20,ndcg_at_k,0.0,0,1.0,1.0,1.0,1.0,0.2,1.0,1.0,0.000158,8.1e-05,1.8e-05,0.000438,2.3e-05,0.000777,0.002784
bright,leetcode:80,greedy_fas_copeland,qrels,label-derived pairwise preferences from qrels,20,64,0.168421,20,1,False,0,0,0,0,0.0,0.0,0,0,20,ndcg_at_k,0.0,0,1.0,1.0,1.0,1.0,0.2,1.0,1.0,0.000158,8.1e-05,1.8e-05,0.000438,1.7e-05,0.000777,0.002784
bright,leetcode:80,greedy_fas_score_augmented_topological,qrels,label-derived pairwise preferences from qrels,20,64,0.168421,20,1,False,0,0,0,0,0.0,0.0,0,0,20,ndcg_at_k,0.0,0,-0.326316,-1.0,1.0,1.0,0.2,1.0,1.0,0.000158,8.1e-05,1.8e-05,0.000438,3.5e-05,0.000777,0.002784
bright,leetcode:80,fas_balance_score_prior_alpha_beta,qrels,label-derived pairwise preferences from qrels,20,64,0.168421,20,1,False,0,0,0,0,0.0,0.0,0,0,20,ndcg_at_k,0.0,0,1.0,1.0,1.0,1.0,0.2,1.0,1.0,0.000158,8.1e-05,1.8e-05,0.000438,3.3e-05,0.000777,0.002784
bright,leetcode:80,hybrid_rrf_fas_regularized,qrels,label-derived pairwise preferences from qrels,20,64,0.168421,20,1,False,0,0,0,0,0.0,0.0,0,0,20,ndcg_at_k,0.0,0,1.0,1.0,1.0,1.0,0.2,1.0,1.0,0.000158,8.1e-05,1.8e-05,0.000438,2.8e-05,0.000777,0.002784
bright,leetcode:80,hybrid_rrf_balance_a05,qrels,label-derived pairwise preferences from qrels,20,64,0.168421,20,1,False,0,0,0,0,0.0,0.0,0,0,20,ndcg_at_k,0.0,0,1.0,1.0,1.0,1.0,0.2,1.0,1.0,0.000158,8.1e-05,1.8e-05,0.000438,2.5e-05,0.000777,0.002784
bright,leetcode:80,hybrid_rrf_copeland_a03,qrels,label-derived pairwise preferences from qrels,20,64,0.168421,20,1,False,0,0,0,0,0.0,0.0,0,0,20,ndcg_at_k,0.0,0,1.0,1.0,1.0,1.0,0.2,1.0,1.0,0.000158,8.1e-05,1.8e-05,0.000438,2e-05,0.000777,0.002784
bright,leetcode:80,hybrid_rrf_priority_topo_a03,qrels,label-derived pairwise preferences from qrels,20,64,0.168421,20,1,False,0,0,0,0,0.0,0.0,0,0,20,ndcg_at_k,0.0,0,-0.326316,-1.0,1.0,1.0,0.2,1.0,1.0,0.000158,8.1e-05,1.8e-05,0.000438,5.3e-05,0.000777,0.002784
bright,theoremqa_questions:TheoremQA_xueguangma/dividend_discount_model_2.json,score_sum,qrels,label-derived pairwise preferences from qrels,4,3,0.25,4,1,False,0,0,0,0,0.0,0.0,0,0,4,ndcg_at_k,0.0,0,1.0,0.666667,1.0,1.0,0.75,1.0,1.0,2.3e-05,1.5e-05,9e-06,9.9e-05,7e-06,0.000173,0.000869
bright,theoremqa_questions:TheoremQA_xueguangma/dividend_discount_model_2.json,borda,qrels,label-derived pairwise preferences from qrels,4,3,0.25,4,1,False,0,0,0,0,0.0,0.0,0,0,4,ndcg_at_k,0.0,0,1.0,0.666667,1.0,1.0,0.75,1.0,1.0,2.3e-05,1.5e-05,9e-06,9.9e-05,5e-06,0.000173,0.000869
bright,theoremqa_questions:TheoremQA_xueguangma/dividend_discount_model_2.json,pagerank,qrels,label-derived pairwise preferences from qrels,4,3,0.25,4,1,False,0,0,0,0,0.0,0.0,0,0,4,ndcg_at_k,0.0,0,0.333333,0.0,1.0,1.0,0.75,1.0,1.0,2.3e-05,1.5e-05,9e-06,9.9e-05,0.000452,0.000173,0.000869
bright,theoremqa_questions:TheoremQA_xueguangma/dividend_discount_model_2.json,greedy_fas_topological,qrels,label-derived pairwise preferences from qrels,4,3,0.25,4,1,False,0,0,0,0,0.0,0.0,0,0,4,ndcg_at_k,0.0,0,0.333333,0.0,1.0,1.0,0.75,1.0,1.0,2.3e-05,1.5e-05,9e-06,9.9e-05,1.7e-05,0.000173,0.000869
bright,theoremqa_questions:TheoremQA_xueguangma/dividend_discount_model_2.json,greedy_fas_weighted_balance,qrels,label-derived pairwise preferences from qrels,4,3,0.25,4,1,False,0,0,0,0,0.0,0.0,0,0,4,ndcg_at_k,0.0,0,1.0,0.666667,1.0,1.0,0.75,1.0,1.0,2.3e-05,1.5e-05,9e-06,9.9e-05,8e-06,0.000173,0.000869
bright,theoremqa_questions:TheoremQA_xueguangma/dividend_discount_model_2.json,greedy_fas_copeland,qrels,label-derived pairwise preferences from qrels,4,3,0.25,4,1,False,0,0,0,0,0.0,0.0,0,0,4,ndcg_at_k,0.0,0,1.0,0.666667,1.0,1.0,0.75,1.0,1.0,2.3e-05,1.5e-05,9e-06,9.9e-05,8e-06,0.000173,0.000869
bright,theoremqa_questions:TheoremQA_xueguangma/dividend_discount_model_2.json,greedy_fas_score_augmented_topological,qrels,label-derived pairwise preferences from qrels,4,3,0.25,4,1,False,0,0,0,0,0.0,0.0,0,0,4,ndcg_at_k,0.0,0,0.0,0.333333,1.0,1.0,0.75,1.0,1.0,2.3e-05,1.5e-05,9e-06,9.9e-05,8e-06,0.000173,0.000869
bright,theoremqa_questions:TheoremQA_xueguangma/dividend_discount_model_2.json,fas_balance_score_prior_alpha_beta,qrels,label-derived pairwise preferences from qrels,4,3,0.25,4,1,False,0,0,0,0,0.0,0.0,0,0,4,ndcg_at_k,0.0,0,1.0,0.666667,1.0,1.0,0.75,1.0,1.0,2.3e-05,1.5e-05,9e-06,9.9e-05,1.3e-05,0.000173,0.000869
bright,theoremqa_questions:TheoremQA_xueguangma/dividend_discount_model_2.json,hybrid_rrf_fas_regularized,qrels,label-derived pairwise preferences from qrels,4,3,0.25,4,1,False,0,0,0,0,0.0,0.0,0,0,4,ndcg_at_k,0.0,0,1.0,0.666667,1.0,1.0,0.75,1.0,1.0,2.3e-05,1.5e-05,9e-06,9.9e-05,8e-06,0.000173,0.000869
bright,theoremqa_questions:TheoremQA_xueguangma/dividend_discount_model_2.json,hybrid_rrf_balance_a05,qrels,label-derived pairwise preferences from qrels,4,3,0.25,4,1,False,0,0,0,0,0.0,0.0,0,0,4,ndcg_at_k,0.0,0,1.0,0.666667,1.0,1.0,0.75,1.0,1.0,2.3e-05,1.5e-05,9e-06,9.9e-05,6e-06,0.000173,0.000869
bright,theoremqa_questions:TheoremQA_xueguangma/dividend_discount_model_2.json,hybrid_rrf_copeland_a03,qrels,label-derived pairwise preferences from qrels,4,3,0.25,4,1,False,0,0,0,0,0.0,0.0,0,0,4,ndcg_at_k,0.0,0,1.0,0.666667,1.0,1.0,0.75,1.0,1.0,2.3e-05,1.5e-05,9e-06,9.9e-05,6e-06,0.000173,0.000869
bright,theoremqa_questions:TheoremQA_xueguangma/dividend_discount_model_2.json,hybrid_rrf_priority_topo_a03,qrels,label-derived pairwise preferences from qrels,4,3,0.25,4,1,False,0,0,0,0,0.0,0.0,0,0,4,ndcg_at_k,0.0,0,0.0,0.333333,1.0,1.0,0.75,1.0,1.0,2.3e-05,1.5e-05,9e-06,9.9e-05,1.2e-05,0.000173,0.000869
bright,theoremqa_questions:TheoremQA_maxku/cv-cnn4.json,score_sum,qrels,label-derived pairwise preferences from qrels,3,2,0.333333,3,1,False,0,0,0,0,0.0,0.0,0,0,3,ndcg_at_k,0.0,0,1.0,1.0,1.0,1.0,0.666667,1.0,1.0,1.5e-05,1.3e-05,7e-06,8.8e-05,5e-06,0.000152,0.000839
bright,theoremqa_questions:TheoremQA_maxku/cv-cnn4.json,borda,qrels,label-derived pairwise preferences from qrels,3,2,0.333333,3,1,False,0,0,0,0,0.0,0.0,0,0,3,ndcg_at_k,0.0,0,1.0,1.0,1.0,1.0,0.666667,1.0,1.0,1.5e-05,1.3e-05,7e-06,8.8e-05,4e-06,0.000152,0.000839
bright,theoremqa_questions:TheoremQA_maxku/cv-cnn4.json,pagerank,qrels,label-derived pairwise preferences from qrels,3,2,0.333333,3,1,False,0,0,0,0,0.0,0.0,0,0,3,ndcg_at_k,0.0,0,0.333333,0.333333,1.0,1.0,0.666667,1.0,1.0,1.5e-05,1.3e-05,7e-06,8.8e-05,0.000481,0.000152,0.000839
bright,theoremqa_questions:TheoremQA_maxku/cv-cnn4.json,greedy_fas_topological,qrels,label-derived pairwise preferences from qrels,3,2,0.333333,3,1,False,0,0,0,0,0.0,0.0,0,0,3,ndcg_at_k,0.0,0,0.333333,0.333333,1.0,1.0,0.666667,1.0,1.0,1.5e-05,1.3e-05,7e-06,8.8e-05,1.6e-05,0.000152,0.000839
bright,theoremqa_questions:TheoremQA_maxku/cv-cnn4.json,greedy_fas_weighted_balance,qrels,label-derived pairwise preferences from qrels,3,2,0.333333,3,1,False,0,0,0,0,0.0,0.0,0,0,3,ndcg_at_k,0.0,0,1.0,1.0,1.0,1.0,0.666667,1.0,1.0,1.5e-05,1.3e-05,7e-06,8.8e-05,7e-06,0.000152,0.000839
bright,theoremqa_questions:TheoremQA_maxku/cv-cnn4.json,greedy_fas_copeland,qrels,label-derived pairwise preferences from qrels,3,2,0.333333,3,1,False,0,0,0,0,0.0,0.0,0,0,3,ndcg_at_k,0.0,0,1.0,1.0,1.0,1.0,0.666667,1.0,1.0,1.5e-05,1.3e-05,7e-06,8.8e-05,7e-06,0.000152,0.000839
bright,theoremqa_questions:TheoremQA_maxku/cv-cnn4.json,greedy_fas_score_augmented_topological,qrels,label-derived pairwise preferences from qrels,3,2,0.333333,3,1,False,0,0,0,0,0.0,0.0,0,0,3,ndcg_at_k,0.0,0,0.333333,0.333333,1.0,1.0,0.666667,1.0,1.0,1.5e-05,1.3e-05,7e-06,8.8e-05,7e-06,0.000152,0.000839
bright,theoremqa_questions:TheoremQA_maxku/cv-cnn4.json,fas_balance_score_prior_alpha_beta,qrels,label-derived pairwise preferences from qrels,3,2,0.333333,3,1,False,0,0,0,0,0.0,0.0,0,0,3,ndcg_at_k,0.0,0,1.0,1.0,1.0,1.0,0.666667,1.0,1.0,1.5e-05,1.3e-05,7e-06,8.8e-05,1.1e-05,0.000152,0.000839
bright,theoremqa_questions:TheoremQA_maxku/cv-cnn4.json,hybrid_rrf_fas_regularized,qrels,label-derived pairwise preferences from qrels,3,2,0.333333,3,1,False,0,0,0,0,0.0,0.0,0,0,3,ndcg_at_k,0.0,0,1.0,1.0,1.0,1.0,0.666667,1.0,1.0,1.5e-05,1.3e-05,7e-06,8.8e-05,7e-06,0.000152,0.000839
bright,theoremqa_questions:TheoremQA_maxku/cv-cnn4.json,hybrid_rrf_balance_a05,qrels,label-derived pairwise preferences from qrels,3,2,0.333333,3,1,False,0,0,0,0,0.0,0.0,0,0,3,ndcg_at_k,0.0,0,1.0,1.0,1.0,1.0,0.666667,1.0,1.0,1.5e-05,1.3e-05,7e-06,8.8e-05,5e-06,0.000152,0.000839
bright,theoremqa_questions:TheoremQA_maxku/cv-cnn4.json,hybrid_rrf_copeland_a03,qrels,label-derived pairwise preferences from qrels,3,2,0.333333,3,1,False,0,0,0,0,0.0,0.0,0,0,3,ndcg_at_k,0.0,0,1.0,1.0,1.0,1.0,0.666667,1.0,1.0,1.5e-05,1.3e-05,7e-06,8.8e-05,5e-06,0.000152,0.000839
bright,theoremqa_questions:TheoremQA_maxku/cv-cnn4.json,hybrid_rrf_priority_topo_a03,qrels,label-derived pairwise preferences from qrels,3,2,0.333333,3,1,False,0,0,0,0,0.0,0.0,0,0,3,ndcg_at_k,0.0,0,0.333333,0.333333,1.0,1.0,0.666667,1.0,1.0,1.5e-05,1.3e-05,7e-06,8.8e-05,9e-06,0.000152,0.000839
bright,theoremqa_questions:TheoremQA_elainewan/econ_micro_7.json,score_sum,qrels,label-derived pairwise preferences from qrels,20,36,0.094737,20,1,False,0,0,0,0,0.0,0.0,0,0,20,ndcg_at_k,0.0,0,1.0,1.0,1.0,1.0,0.1,1.0,1.0,0.000453,5.2e-05,1.8e-05,0.000261,1.5e-05,0.000738,0.002952
bright,theoremqa_questions:TheoremQA_elainewan/econ_micro_7.json,borda,qrels,label-derived pairwise preferences from qrels,20,36,0.094737,20,1,False,0,0,0,0,0.0,0.0,0,0,20,ndcg_at_k,0.0,0,1.0,1.0,1.0,1.0,0.1,1.0,1.0,0.000453,5.2e-05,1.8e-05,0.000261,1.2e-05,0.000738,0.002952
bright,theoremqa_questions:TheoremQA_elainewan/econ_micro_7.json,pagerank,qrels,label-derived pairwise preferences from qrels,20,36,0.094737,20,1,False,0,0,0,0,0.0,0.0,0,0,20,ndcg_at_k,0.0,0,0.326316,1.0,1.0,1.0,0.1,1.0,1.0,0.000453,5.2e-05,1.8e-05,0.000261,0.001156,0.000738,0.002952
bright,theoremqa_questions:TheoremQA_elainewan/econ_micro_7.json,greedy_fas_topological,qrels,label-derived pairwise preferences from qrels,20,36,0.094737,20,1,False,0,0,0,0,0.0,0.0,0,0,20,ndcg_at_k,0.0,0,0.326316,1.0,1.0,1.0,0.1,1.0,1.0,0.000453,5.2e-05,1.8e-05,0.000261,3.5e-05,0.000738,0.002952
bright,theoremqa_questions:TheoremQA_elainewan/econ_micro_7.json,greedy_fas_weighted_balance,qrels,label-derived pairwise preferences from qrels,20,36,0.094737,20,1,False,0,0,0,0,0.0,0.0,0,0,20,ndcg_at_k,0.0,0,1.0,1.0,1.0,1.0,0.1,1.0,1.0,0.000453,5.2e-05,1.8e-05,0.000261,1.8e-05,0.000738,0.002952
bright,theoremqa_questions:TheoremQA_elainewan/econ_micro_7.json,greedy_fas_copeland,qrels,label-derived pairwise preferences from qrels,20,36,0.094737,20,1,False,0,0,0,0,0.0,0.0,0,0,20,ndcg_at_k,0.0,0,1.0,1.0,1.0,1.0,0.1,1.0,1.0,0.000453,5.2e-05,1.8e-05,0.000261,1.7e-05,0.000738,0.002952
bright,theoremqa_questions:TheoremQA_elainewan/econ_micro_7.json,greedy_fas_score_augmented_topological,qrels,label-derived pairwise preferences from qrels,20,36,0.094737,20,1,False,0,0,0,0,0.0,0.0,0,0,20,ndcg_at_k,0.0,0,-0.621053,-1.0,1.0,1.0,0.1,1.0,1.0,0.000453,5.2e-05,1.8e-05,0.000261,3.6e-05,0.000738,0.002952
bright,theoremqa_questions:TheoremQA_elainewan/econ_micro_7.json,fas_balance_score_prior_alpha_beta,qrels,label-derived pairwise preferences from qrels,20,36,0.094737,20,1,False,0,0,0,0,0.0,0.0,0,0,20,ndcg_at_k,0.0,0,1.0,1.0,1.0,1.0,0.1,1.0,1.0,0.000453,5.2e-05,1.8e-05,0.000261,3e-05,0.000738,0.002952
bright,theoremqa_questions:TheoremQA_elainewan/econ_micro_7.json,hybrid_rrf_fas_regularized,qrels,label-derived pairwise preferences from qrels,20,36,0.094737,20,1,False,0,0,0,0,0.0,0.0,0,0,20,ndcg_at_k,0.0,0,1.0,1.0,1.0,1.0,0.1,1.0,1.0,0.000453,5.2e-05,1.8e-05,0.000261,2.3e-05,0.000738,0.002952
bright,theoremqa_questions:TheoremQA_elainewan/econ_micro_7.json,hybrid_rrf_balance_a05,qrels,label-derived pairwise preferences from qrels,20,36,0.094737,20,1,False,0,0,0,0,0.0,0.0,0,0,20,ndcg_at_k,0.0,0,1.0,1.0,1.0,1.0,0.1,1.0,1.0,0.000453,5.2e-05,1.8e-05,0.000261,1.9e-05,0.000738,0.002952
bright,theoremqa_questions:TheoremQA_elainewan/econ_micro_7.json,hybrid_rrf_copeland_a03,qrels,label-derived pairwise preferences from qrels,20,36,0.094737,20,1,False,0,0,0,0,0.0,0.0,0,0,20,ndcg_at_k,0.0,0,1.0,1.0,1.0,1.0,0.1,1.0,1.0,0.000453,5.2e-05,1.8e-05,0.000261,1.9e-05,0.000738,0.002952
bright,theoremqa_questions:TheoremQA_elainewan/econ_micro_7.json,hybrid_rrf_priority_topo_a03,qrels,label-derived pairwise preferences from qrels,20,36,0.094737,20,1,False,0,0,0,0,0.0,0.0,0,0,20,ndcg_at_k,0.0,0,-0.621053,-1.0,1.0,1.0,0.1,1.0,1.0,0.000453,5.2e-05,1.8e-05,0.000261,5e-05,0.000738,0.002952
bright,theoremqa_questions:TheoremQA_xueguangma/binomial_model_2.json,score_sum,qrels,label-derived pairwise preferences from qrels,2,1,0.5,2,1,False,0,0,0,0,0.0,0.0,0,0,2,ndcg_at_k,0.0,0,1.0,1.0,1.0,1.0,0.5,1.0,1.0,1.3e-05,1.3e-05,7e-06,7.8e-05,4e-06,0.000121,0.000919
bright,theoremqa_questions:TheoremQA_xueguangma/binomial_model_2.json,borda,qrels,label-derived pairwise preferences from qrels,2,1,0.5,2,1,False,0,0,0,0,0.0,0.0,0,0,2,ndcg_at_k,0.0,0,1.0,1.0,1.0,1.0,0.5,1.0,1.0,1.3e-05,1.3e-05,7e-06,7.8e-05,4e-06,0.000121,0.000919
bright,theoremqa_questions:TheoremQA_xueguangma/binomial_model_2.json,pagerank,qrels,label-derived pairwise preferences from qrels,2,1,0.5,2,1,False,0,0,0,0,0.0,0.0,0,0,2,ndcg_at_k,0.0,0,1.0,1.0,1.0,1.0,0.5,1.0,1.0,1.3e-05,1.3e-05,7e-06,7.8e-05,0.000613,0.000121,0.000919
bright,theoremqa_questions:TheoremQA_xueguangma/binomial_model_2.json,greedy_fas_topological,qrels,label-derived pairwise preferences from qrels,2,1,0.5,2,1,False,0,0,0,0,0.0,0.0,0,0,2,ndcg_at_k,0.0,0,1.0,1.0,1.0,1.0,0.5,1.0,1.0,1.3e-05,1.3e-05,7e-06,7.8e-05,1.5e-05,0.000121,0.000919
bright,theoremqa_questions:TheoremQA_xueguangma/binomial_model_2.json,greedy_fas_weighted_balance,qrels,label-derived pairwise preferences from qrels,2,1,0.5,2,1,False,0,0,0,0,0.0,0.0,0,0,2,ndcg_at_k,0.0,0,1.0,1.0,1.0,1.0,0.5,1.0,1.0,1.3e-05,1.3e-05,7e-06,7.8e-05,6e-06,0.000121,0.000919
bright,theoremqa_questions:TheoremQA_xueguangma/binomial_model_2.json,greedy_fas_copeland,qrels,label-derived pairwise preferences from qrels,2,1,0.5,2,1,False,0,0,0,0,0.0,0.0,0,0,2,ndcg_at_k,0.0,0,1.0,1.0,1.0,1.0,0.5,1.0,1.0,1.3e-05,1.3e-05,7e-06,7.8e-05,6e-06,0.000121,0.000919
bright,theoremqa_questions:TheoremQA_xueguangma/binomial_model_2.json,greedy_fas_score_augmented_topological,qrels,label-derived pairwise preferences from qrels,2,1,0.5,2,1,False,0,0,0,0,0.0,0.0,0,0,2,ndcg_at_k,0.0,0,1.0,1.0,1.0,1.0,0.5,1.0,1.0,1.3e-05,1.3e-05,7e-06,7.8e-05,5e-06,0.000121,0.000919
bright,theoremqa_questions:TheoremQA_xueguangma/binomial_model_2.json,fas_balance_score_prior_alpha_beta,qrels,label-derived pairwise preferences from qrels,2,1,0.5,2,1,False,0,0,0,0,0.0,0.0,0,0,2,ndcg_at_k,0.0,0,1.0,1.0,1.0,1.0,0.5,1.0,1.0,1.3e-05,1.3e-05,7e-06,7.8e-05,1e-05,0.000121,0.000919
bright,theoremqa_questions:TheoremQA_xueguangma/binomial_model_2.json,hybrid_rrf_fas_regularized,qrels,label-derived pairwise preferences from qrels,2,1,0.5,2,1,False,0,0,0,0,0.0,0.0,0,0,2,ndcg_at_k,0.0,0,1.0,1.0,1.0,1.0,0.5,1.0,1.0,1.3e-05,1.3e-05,7e-06,7.8e-05,7e-06,0.000121,0.000919
bright,theoremqa_questions:TheoremQA_xueguangma/binomial_model_2.json,hybrid_rrf_balance_a05,qrels,label-derived pairwise preferences from qrels,2,1,0.5,2,1,False,0,0,0,0,0.0,0.0,0,0,2,ndcg_at_k,0.0,0,1.0,1.0,1.0,1.0,0.5,1.0,1.0,1.3e-05,1.3e-05,7e-06,7.8e-05,5e-06,0.000121,0.000919
bright,theoremqa_questions:TheoremQA_xueguangma/binomial_model_2.json,hybrid_rrf_copeland_a03,qrels,label-derived pairwise preferences from qrels,2,1,0.5,2,1,False,0,0,0,0,0.0,0.0,0,0,2,ndcg_at_k,0.0,0,1.0,1.0,1.0,1.0,0.5,1.0,1.0,1.3e-05,1.3e-05,7e-06,7.8e-05,5e-06,0.000121,0.000919
bright,theoremqa_questions:TheoremQA_xueguangma/binomial_model_2.json,hybrid_rrf_priority_topo_a03,qrels,label-derived pairwise preferences from qrels,2,1,0.5,2,1,False,0,0,0,0,0.0,0.0,0,0,2,ndcg_at_k,0.0,0,1.0,1.0,1.0,1.0,0.5,1.0,1.0,1.3e-05,1.3e-05,7e-06,7.8e-05,7e-06,0.000121,0.000919
bright,aops:math_train_intermediate_algebra_1822,score_sum,qrels,label-derived pairwise preferences from qrels,20,51,0.134211,20,1,False,0,0,0,0,0.0,0.0,0,0,20,ndcg_at_k,0.0,0,1.0,-0.333333,1.0,1.0,0.15,1.0,1.0,0.00223,6.3e-05,1.9e-05,0.000347,1.9e-05,0.000783,0.004897
bright,aops:math_train_intermediate_algebra_1822,borda,qrels,label-derived pairwise preferences from qrels,20,51,0.134211,20,1,False,0,0,0,0,0.0,0.0,0,0,20,ndcg_at_k,0.0,0,1.0,-0.333333,1.0,1.0,0.15,1.0,1.0,0.00223,6.3e-05,1.9e-05,0.000347,1.5e-05,0.000783,0.004897
bright,aops:math_train_intermediate_algebra_1822,pagerank,qrels,label-derived pairwise preferences from qrels,20,51,0.134211,20,1,False,0,0,0,0,0.0,0.0,0,0,20,ndcg_at_k,0.0,0,0.189474,-0.333333,1.0,1.0,0.15,1.0,1.0,0.00223,6.3e-05,1.9e-05,0.000347,0.001144,0.000783,0.004897
bright,aops:math_train_intermediate_algebra_1822,greedy_fas_topological,qrels,label-derived pairwise preferences from qrels,20,51,0.134211,20,1,False,0,0,0,0,0.0,0.0,0,0,20,ndcg_at_k,0.0,0,0.189474,-0.333333,1.0,1.0,0.15,1.0,1.0,0.00223,6.3e-05,1.9e-05,0.000347,4e-05,0.000783,0.004897
bright,aops:math_train_intermediate_algebra_1822,greedy_fas_weighted_balance,qrels,label-derived pairwise preferences from qrels,20,51,0.134211,20,1,False,0,0,0,0,0.0,0.0,0,0,20,ndcg_at_k,0.0,0,1.0,-0.333333,1.0,1.0,0.15,1.0,1.0,0.00223,6.3e-05,1.9e-05,0.000347,2.3e-05,0.000783,0.004897
bright,aops:math_train_intermediate_algebra_1822,greedy_fas_copeland,qrels,label-derived pairwise preferences from qrels,20,51,0.134211,20,1,False,0,0,0,0,0.0,0.0,0,0,20,ndcg_at_k,0.0,0,1.0,-0.333333,1.0,1.0,0.15,1.0,1.0,0.00223,6.3e-05,1.9e-05,0.000347,1.8e-05,0.000783,0.004897
bright,aops:math_train_intermediate_algebra_1822,greedy_fas_score_augmented_topological,qrels,label-derived pairwise preferences from qrels,20,51,0.134211,20,1,False,0,0,0,0,0.0,0.0,0,0,20,ndcg_at_k,0.0,0,-0.463158,0.333333,1.0,1.0,0.15,1.0,1.0,0.00223,6.3e-05,1.9e-05,0.000347,3.6e-05,0.000783,0.004897
bright,aops:math_train_intermediate_algebra_1822,fas_balance_score_prior_alpha_beta,qrels,label-derived pairwise preferences from qrels,20,51,0.134211,20,1,False,0,0,0,0,0.0,0.0,0,0,20,ndcg_at_k,0.0,0,1.0,-0.333333,1.0,1.0,0.15,1.0,1.0,0.00223,6.3e-05,1.9e-05,0.000347,3.3e-05,0.000783,0.004897
bright,aops:math_train_intermediate_algebra_1822,hybrid_rrf_fas_regularized,qrels,label-derived pairwise preferences from qrels,20,51,0.134211,20,1,False,0,0,0,0,0.0,0.0,0,0,20,ndcg_at_k,0.0,0,1.0,-0.333333,1.0,1.0,0.15,1.0,1.0,0.00223,6.3e-05,1.9e-05,0.000347,2.8e-05,0.000783,0.004897
bright,aops:math_train_intermediate_algebra_1822,hybrid_rrf_balance_a05,qrels,label-derived pairwise preferences from qrels,20,51,0.134211,20,1,False,0,0,0,0,0.0,0.0,0,0,20,ndcg_at_k,0.0,0,1.0,-0.333333,1.0,1.0,0.15,1.0,1.0,0.00223,6.3e-05,1.9e-05,0.000347,2.3e-05,0.000783,0.004897
bright,aops:math_train_intermediate_algebra_1822,hybrid_rrf_copeland_a03,qrels,label-derived pairwise preferences from qrels,20,51,0.134211,20,1,False,0,0,0,0,0.0,0.0,0,0,20,ndcg_at_k,0.0,0,1.0,-0.333333,1.0,1.0,0.15,1.0,1.0,0.00223,6.3e-05,1.9e-05,0.000347,2.2e-05,0.000783,0.004897
bright,aops:math_train_intermediate_algebra_1822,hybrid_rrf_priority_topo_a03,qrels,label-derived pairwise preferences from qrels,20,51,0.134211,20,1,False,0,0,0,0,0.0,0.0,0,0,20,ndcg_at_k,0.0,0,-0.463158,0.333333,1.0,1.0,0.15,1.0,1.0,0.00223,6.3e-05,1.9e-05,0.000347,5.4e-05,0.000783,0.004897
bright,theoremqa_questions:TheoremQA_maxku/graphtheory11-shortestpath-hard.json,score_sum,qrels,label-derived pairwise preferences from qrels,20,51,0.134211,20,1,False,0,0,0,0,0.0,0.0,0,0,20,ndcg_at_k,0.0,0,1.0,0.333333,1.0,1.0,0.15,1.0,1.0,0.001261,7e-05,2e-05,0.000543,2e-05,0.000791,0.004112
bright,theoremqa_questions:TheoremQA_maxku/graphtheory11-shortestpath-hard.json,borda,qrels,label-derived pairwise preferences from qrels,20,51,0.134211,20,1,False,0,0,0,0,0.0,0.0,0,0,20,ndcg_at_k,0.0,0,1.0,0.333333,1.0,1.0,0.15,1.0,1.0,0.001261,7e-05,2e-05,0.000543,1.4e-05,0.000791,0.004112
bright,theoremqa_questions:TheoremQA_maxku/graphtheory11-shortestpath-hard.json,pagerank,qrels,label-derived pairwise preferences from qrels,20,51,0.134211,20,1,False,0,0,0,0,0.0,0.0,0,0,20,ndcg_at_k,0.0,0,0.263158,0.333333,1.0,1.0,0.15,1.0,1.0,0.001261,7e-05,2e-05,0.000543,0.001106,0.000791,0.004112
bright,theoremqa_questions:TheoremQA_maxku/graphtheory11-shortestpath-hard.json,greedy_fas_topological,qrels,label-derived pairwise preferences from qrels,20,51,0.134211,20,1,False,0,0,0,0,0.0,0.0,0,0,20,ndcg_at_k,0.0,0,0.263158,0.333333,1.0,1.0,0.15,1.0,1.0,0.001261,7e-05,2e-05,0.000543,4.1e-05,0.000791,0.004112
bright,theoremqa_questions:TheoremQA_maxku/graphtheory11-shortestpath-hard.json,greedy_fas_weighted_balance,qrels,label-derived pairwise preferences from qrels,20,51,0.134211,20,1,False,0,0,0,0,0.0,0.0,0,0,20,ndcg_at_k,0.0,0,1.0,0.333333,1.0,1.0,0.15,1.0,1.0,0.001261,7e-05,2e-05,0.000543,2.3e-05,0.000791,0.004112
bright,theoremqa_questions:TheoremQA_maxku/graphtheory11-shortestpath-hard.json,greedy_fas_copeland,qrels,label-derived pairwise preferences from qrels,20,51,0.134211,20,1,False,0,0,0,0,0.0,0.0,0,0,20,ndcg_at_k,0.0,0,1.0,0.333333,1.0,1.0,0.15,1.0,1.0,0.001261,7e-05,2e-05,0.000543,1.8e-05,0.000791,0.004112
bright,theoremqa_questions:TheoremQA_maxku/graphtheory11-shortestpath-hard.json,greedy_fas_score_augmented_topological,qrels,label-derived pairwise preferences from qrels,20,51,0.134211,20,1,False,0,0,0,0,0.0,0.0,0,0,20,ndcg_at_k,0.0,0,-0.463158,-0.333333,1.0,1.0,0.15,1.0,1.0,0.001261,7e-05,2e-05,0.000543,3.6e-05,0.000791,0.004112
bright,theoremqa_questions:TheoremQA_maxku/graphtheory11-shortestpath-hard.json,fas_balance_score_prior_alpha_beta,qrels,label-derived pairwise preferences from qrels,20,51,0.134211,20,1,False,0,0,0,0,0.0,0.0,0,0,20,ndcg_at_k,0.0,0,1.0,0.333333,1.0,1.0,0.15,1.0,1.0,0.001261,7e-05,2e-05,0.000543,3.5e-05,0.000791,0.004112
bright,theoremqa_questions:TheoremQA_maxku/graphtheory11-shortestpath-hard.json,hybrid_rrf_fas_regularized,qrels,label-derived pairwise preferences from qrels,20,51,0.134211,20,1,False,0,0,0,0,0.0,0.0,0,0,20,ndcg_at_k,0.0,0,1.0,0.333333,1.0,1.0,0.15,1.0,1.0,0.001261,7e-05,2e-05,0.000543,2.9e-05,0.000791,0.004112
bright,theoremqa_questions:TheoremQA_maxku/graphtheory11-shortestpath-hard.json,hybrid_rrf_balance_a05,qrels,label-derived pairwise preferences from qrels,20,51,0.134211,20,1,False,0,0,0,0,0.0,0.0,0,0,20,ndcg_at_k,0.0,0,1.0,0.333333,1.0,1.0,0.15,1.0,1.0,0.001261,7e-05,2e-05,0.000543,2.4e-05,0.000791,0.004112
bright,theoremqa_questions:TheoremQA_maxku/graphtheory11-shortestpath-hard.json,hybrid_rrf_copeland_a03,qrels,label-derived pairwise preferences from qrels,20,51,0.134211,20,1,False,0,0,0,0,0.0,0.0,0,0,20,ndcg_at_k,0.0,0,1.0,0.333333,1.0,1.0,0.15,1.0,1.0,0.001261,7e-05,2e-05,0.000543,2.1e-05,0.000791,0.004112
bright,theoremqa_questions:TheoremQA_maxku/graphtheory11-shortestpath-hard.json,hybrid_rrf_priority_topo_a03,qrels,label-derived pairwise preferences from qrels,20,51,0.134211,20,1,False,0,0,0,0,0.0,0.0,0,0,20,ndcg_at_k,0.0,0,-0.463158,-0.333333,1.0,1.0,0.15,1.0,1.0,0.001261,7e-05,2e-05,0.000543,6e-05,0.000791,0.004112
bright,theoremqa_questions:TheoremQA_jianyu_xu/Catalan_1.json,score_sum,qrels,label-derived pairwise preferences from qrels,20,19,0.05,20,1,False,0,0,0,0,0.0,0.0,0,0,20,ndcg_at_k,0.0,0,1.0,1.0,1.0,1.0,0.05,1.0,1.0,0.000697,4e-05,1.7e-05,0.000202,1.3e-05,0.000658,0.003243
bright,theoremqa_questions:TheoremQA_jianyu_xu/Catalan_1.json,borda,qrels,label-derived pairwise preferences from qrels,20,19,0.05,20,1,False,0,0,0,0,0.0,0.0,0,0,20,ndcg_at_k,0.0,0,1.0,1.0,1.0,1.0,0.05,1.0,1.0,0.000697,4e-05,1.7e-05,0.000202,1.4e-05,0.000658,0.003243
bright,theoremqa_questions:TheoremQA_jianyu_xu/Catalan_1.json,pagerank,qrels,label-derived pairwise preferences from qrels,20,19,0.05,20,1,False,0,0,0,0,0.0,0.0,0,0,20,ndcg_at_k,0.0,0,0.084211,1.0,1.0,1.0,0.05,1.0,1.0,0.000697,4e-05,1.7e-05,0.000202,0.001352,0.000658,0.003243
bright,theoremqa_questions:TheoremQA_jianyu_xu/Catalan_1.json,greedy_fas_topological,qrels,label-derived pairwise preferences from qrels,20,19,0.05,20,1,False,0,0,0,0,0.0,0.0,0,0,20,ndcg_at_k,0.0,0,0.084211,1.0,1.0,1.0,0.05,1.0,1.0,0.000697,4e-05,1.7e-05,0.000202,3.6e-05,0.000658,0.003243
bright,theoremqa_questions:TheoremQA_jianyu_xu/Catalan_1.json,greedy_fas_weighted_balance,qrels,label-derived pairwise preferences from qrels,20,19,0.05,20,1,False,0,0,0,0,0.0,0.0,0,0,20,ndcg_at_k,0.0,0,1.0,1.0,1.0,1.0,0.05,1.0,1.0,0.000697,4e-05,1.7e-05,0.000202,1.6e-05,0.000658,0.003243
bright,theoremqa_questions:TheoremQA_jianyu_xu/Catalan_1.json,greedy_fas_copeland,qrels,label-derived pairwise preferences from qrels,20,19,0.05,20,1,False,0,0,0,0,0.0,0.0,0,0,20,ndcg_at_k,0.0,0,1.0,1.0,1.0,1.0,0.05,1.0,1.0,0.000697,4e-05,1.7e-05,0.000202,1.8e-05,0.000658,0.003243
bright,theoremqa_questions:TheoremQA_jianyu_xu/Catalan_1.json,greedy_fas_score_augmented_topological,qrels,label-derived pairwise preferences from qrels,20,19,0.05,20,1,False,0,0,0,0,0.0,0.0,0,0,20,ndcg_at_k,0.0,0,-0.8,1.0,1.0,1.0,0.05,1.0,1.0,0.000697,4e-05,1.7e-05,0.000202,3.7e-05,0.000658,0.003243
bright,theoremqa_questions:TheoremQA_jianyu_xu/Catalan_1.json,fas_balance_score_prior_alpha_beta,qrels,label-derived pairwise preferences from qrels,20,19,0.05,20,1,False,0,0,0,0,0.0,0.0,0,0,20,ndcg_at_k,0.0,0,1.0,1.0,1.0,1.0,0.05,1.0,1.0,0.000697,4e-05,1.7e-05,0.000202,2.8e-05,0.000658,0.003243
bright,theoremqa_questions:TheoremQA_jianyu_xu/Catalan_1.json,hybrid_rrf_fas_regularized,qrels,label-derived pairwise preferences from qrels,20,19,0.05,20,1,False,0,0,0,0,0.0,0.0,0,0,20,ndcg_at_k,0.0,0,1.0,1.0,1.0,1.0,0.05,1.0,1.0,0.000697,4e-05,1.7e-05,0.000202,2.2e-05,0.000658,0.003243
bright,theoremqa_questions:TheoremQA_jianyu_xu/Catalan_1.json,hybrid_rrf_balance_a05,qrels,label-derived pairwise preferences from qrels,20,19,0.05,20,1,False,0,0,0,0,0.0,0.0,0,0,20,ndcg_at_k,0.0,0,1.0,1.0,1.0,1.0,0.05,1.0,1.0,0.000697,4e-05,1.7e-05,0.000202,1.9e-05,0.000658,0.003243
bright,theoremqa_questions:TheoremQA_jianyu_xu/Catalan_1.json,hybrid_rrf_copeland_a03,qrels,label-derived pairwise preferences from qrels,20,19,0.05,20,1,False,0,0,0,0,0.0,0.0,0,0,20,ndcg_at_k,0.0,0,1.0,1.0,1.0,1.0,0.05,1.0,1.0,0.000697,4e-05,1.7e-05,0.000202,2e-05,0.000658,0.003243
bright,theoremqa_questions:TheoremQA_jianyu_xu/Catalan_1.json,hybrid_rrf_priority_topo_a03,qrels,label-derived pairwise preferences from qrels,20,19,0.05,20,1,False,0,0,0,0,0.0,0.0,0,0,20,ndcg_at_k,0.0,0,-0.8,1.0,1.0,1.0,0.05,1.0,1.0,0.000697,4e-05,1.7e-05,0.000202,5.4e-05,0.000658,0.003243
bright,theoremqa_questions:TheoremQA_wenhuchen/kepler's_law3.json,score_sum,qrels,label-derived pairwise preferences from qrels,3,2,0.333333,3,1,False,0,0,0,0,0.0,0.0,0,0,3,ndcg_at_k,0.0,0,1.0,1.0,1.0,1.0,0.666667,1.0,1.0,1.6e-05,1.4e-05,8e-06,9.2e-05,5e-06,0.000156,0.000875
bright,theoremqa_questions:TheoremQA_wenhuchen/kepler's_law3.json,borda,qrels,label-derived pairwise preferences from qrels,3,2,0.333333,3,1,False,0,0,0,0,0.0,0.0,0,0,3,ndcg_at_k,0.0,0,1.0,1.0,1.0,1.0,0.666667,1.0,1.0,1.6e-05,1.4e-05,8e-06,9.2e-05,5e-06,0.000156,0.000875
bright,theoremqa_questions:TheoremQA_wenhuchen/kepler's_law3.json,pagerank,qrels,label-derived pairwise preferences from qrels,3,2,0.333333,3,1,False,0,0,0,0,0.0,0.0,0,0,3,ndcg_at_k,0.0,0,0.333333,0.333333,1.0,1.0,0.666667,1.0,1.0,1.6e-05,1.4e-05,8e-06,9.2e-05,0.000506,0.000156,0.000875
bright,theoremqa_questions:TheoremQA_wenhuchen/kepler's_law3.json,greedy_fas_topological,qrels,label-derived pairwise preferences from qrels,3,2,0.333333,3,1,False,0,0,0,0,0.0,0.0,0,0,3,ndcg_at_k,0.0,0,0.333333,0.333333,1.0,1.0,0.666667,1.0,1.0,1.6e-05,1.4e-05,8e-06,9.2e-05,1.5e-05,0.000156,0.000875
bright,theoremqa_questions:TheoremQA_wenhuchen/kepler's_law3.json,greedy_fas_weighted_balance,qrels,label-derived pairwise preferences from qrels,3,2,0.333333,3,1,False,0,0,0,0,0.0,0.0,0,0,3,ndcg_at_k,0.0,0,1.0,1.0,1.0,1.0,0.666667,1.0,1.0,1.6e-05,1.4e-05,8e-06,9.2e-05,7e-06,0.000156,0.000875
bright,theoremqa_questions:TheoremQA_wenhuchen/kepler's_law3.json,greedy_fas_copeland,qrels,label-derived pairwise preferences from qrels,3,2,0.333333,3,1,False,0,0,0,0,0.0,0.0,0,0,3,ndcg_at_k,0.0,0,1.0,1.0,1.0,1.0,0.666667,1.0,1.0,1.6e-05,1.4e-05,8e-06,9.2e-05,6e-06,0.000156,0.000875
bright,theoremqa_questions:TheoremQA_wenhuchen/kepler's_law3.json,greedy_fas_score_augmented_topological,qrels,label-derived pairwise preferences from qrels,3,2,0.333333,3,1,False,0,0,0,0,0.0,0.0,0,0,3,ndcg_at_k,0.0,0,0.333333,0.333333,1.0,1.0,0.666667,1.0,1.0,1.6e-05,1.4e-05,8e-06,9.2e-05,6e-06,0.000156,0.000875
bright,theoremqa_questions:TheoremQA_wenhuchen/kepler's_law3.json,fas_balance_score_prior_alpha_beta,qrels,label-derived pairwise preferences from qrels,3,2,0.333333,3,1,False,0,0,0,0,0.0,0.0,0,0,3,ndcg_at_k,0.0,0,1.0,1.0,1.0,1.0,0.666667,1.0,1.0,1.6e-05,1.4e-05,8e-06,9.2e-05,1.1e-05,0.000156,0.000875
bright,theoremqa_questions:TheoremQA_wenhuchen/kepler's_law3.json,hybrid_rrf_fas_regularized,qrels,label-derived pairwise preferences from qrels,3,2,0.333333,3,1,False,0,0,0,0,0.0,0.0,0,0,3,ndcg_at_k,0.0,0,1.0,1.0,1.0,1.0,0.666667,1.0,1.0,1.6e-05,1.4e-05,8e-06,9.2e-05,9e-06,0.000156,0.000875
bright,theoremqa_questions:TheoremQA_wenhuchen/kepler's_law3.json,hybrid_rrf_balance_a05,qrels,label-derived pairwise preferences from qrels,3,2,0.333333,3,1,False,0,0,0,0,0.0,0.0,0,0,3,ndcg_at_k,0.0,0,1.0,1.0,1.0,1.0,0.666667,1.0,1.0,1.6e-05,1.4e-05,8e-06,9.2e-05,5e-06,0.000156,0.000875
bright,theoremqa_questions:TheoremQA_wenhuchen/kepler's_law3.json,hybrid_rrf_copeland_a03,qrels,label-derived pairwise preferences from qrels,3,2,0.333333,3,1,False,0,0,0,0,0.0,0.0,0,0,3,ndcg_at_k,0.0,0,1.0,1.0,1.0,1.0,0.666667,1.0,1.0,1.6e-05,1.4e-05,8e-06,9.2e-05,5e-06,0.000156,0.000875
bright,theoremqa_questions:TheoremQA_wenhuchen/kepler's_law3.json,hybrid_rrf_priority_topo_a03,qrels,label-derived pairwise preferences from qrels,3,2,0.333333,3,1,False,0,0,0,0,0.0,0.0,0,0,3,ndcg_at_k,0.0,0,0.333333,0.333333,1.0,1.0,0.666667,1.0,1.0,1.6e-05,1.4e-05,8e-06,9.2e-05,9e-06,0.000156,0.000875
bright,leetcode:63,score_sum,qrels,label-derived pairwise preferences from qrels,20,19,0.05,20,1,False,0,0,0,0,0.0,0.0,0,0,20,ndcg_at_k,0.0,0,1.0,,1.0,1.0,0.05,1.0,1.0,0.000132,3.2e-05,1.7e-05,0.000269,1.4e-05,0.000679,0.002699
bright,leetcode:63,borda,qrels,label-derived pairwise preferences from qrels,20,19,0.05,20,1,False,0,0,0,0,0.0,0.0,0,0,20,ndcg_at_k,0.0,0,1.0,,1.0,1.0,0.05,1.0,1.0,0.000132,3.2e-05,1.7e-05,0.000269,1.3e-05,0.000679,0.002699
bright,leetcode:63,pagerank,qrels,label-derived pairwise preferences from qrels,20,19,0.05,20,1,False,0,0,0,0,0.0,0.0,0,0,20,ndcg_at_k,0.0,0,0.136842,,1.0,1.0,0.05,1.0,1.0,0.000132,3.2e-05,1.7e-05,0.000269,0.001288,0.000679,0.002699
bright,leetcode:63,greedy_fas_topological,qrels,label-derived pairwise preferences from qrels,20,19,0.05,20,1,False,0,0,0,0,0.0,0.0,0,0,20,ndcg_at_k,0.0,0,0.136842,,1.0,1.0,0.05,1.0,1.0,0.000132,3.2e-05,1.7e-05,0.000269,3.6e-05,0.000679,0.002699
bright,leetcode:63,greedy_fas_weighted_balance,qrels,label-derived pairwise preferences from qrels,20,19,0.05,20,1,False,0,0,0,0,0.0,0.0,0,0,20,ndcg_at_k,0.0,0,1.0,,1.0,1.0,0.05,1.0,1.0,0.000132,3.2e-05,1.7e-05,0.000269,1.6e-05,0.000679,0.002699
bright,leetcode:63,greedy_fas_copeland,qrels,label-derived pairwise preferences from qrels,20,19,0.05,20,1,False,0,0,0,0,0.0,0.0,0,0,20,ndcg_at_k,0.0,0,1.0,,1.0,1.0,0.05,1.0,1.0,0.000132,3.2e-05,1.7e-05,0.000269,1.9e-05,0.000679,0.002699
bright,leetcode:63,greedy_fas_score_augmented_topological,qrels,label-derived pairwise preferences from qrels,20,19,0.05,20,1,False,0,0,0,0,0.0,0.0,0,0,20,ndcg_at_k,0.0,0,-0.8,,1.0,1.0,0.05,1.0,1.0,0.000132,3.2e-05,1.7e-05,0.000269,3.8e-05,0.000679,0.002699
bright,leetcode:63,fas_balance_score_prior_alpha_beta,qrels,label-derived pairwise preferences from qrels,20,19,0.05,20,1,False,0,0,0,0,0.0,0.0,0,0,20,ndcg_at_k,0.0,0,1.0,,1.0,1.0,0.05,1.0,1.0,0.000132,3.2e-05,1.7e-05,0.000269,2.9e-05,0.000679,0.002699
bright,leetcode:63,hybrid_rrf_fas_regularized,qrels,label-derived pairwise preferences from qrels,20,19,0.05,20,1,False,0,0,0,0,0.0,0.0,0,0,20,ndcg_at_k,0.0,0,1.0,,1.0,1.0,0.05,1.0,1.0,0.000132,3.2e-05,1.7e-05,0.000269,2.3e-05,0.000679,0.002699
bright,leetcode:63,hybrid_rrf_balance_a05,qrels,label-derived pairwise preferences from qrels,20,19,0.05,20,1,False,0,0,0,0,0.0,0.0,0,0,20,ndcg_at_k,0.0,0,1.0,,1.0,1.0,0.05,1.0,1.0,0.000132,3.2e-05,1.7e-05,0.000269,1.9e-05,0.000679,0.002699
bright,leetcode:63,hybrid_rrf_copeland_a03,qrels,label-derived pairwise preferences from qrels,20,19,0.05,20,1,False,0,0,0,0,0.0,0.0,0,0,20,ndcg_at_k,0.0,0,1.0,,1.0,1.0,0.05,1.0,1.0,0.000132,3.2e-05,1.7e-05,0.000269,2.3e-05,0.000679,0.002699
bright,leetcode:63,hybrid_rrf_priority_topo_a03,qrels,label-derived pairwise preferences from qrels,20,19,0.05,20,1,False,0,0,0,0,0.0,0.0,0,0,20,ndcg_at_k,0.0,0,-0.8,,1.0,1.0,0.05,1.0,1.0,0.000132,3.2e-05,1.7e-05,0.000269,5.2e-05,0.000679,0.002699
bright,aops:aops_1971_Canadian_MO_Problems/Problem_1,score_sum,qrels,label-derived pairwise preferences from qrels,20,91,0.239474,20,1,False,0,0,0,0,0.0,0.0,0,0,20,ndcg_at_k,0.0,0,1.0,-0.047619,1.0,1.0,0.35,1.0,1.0,0.00074,9.6e-05,2e-05,0.000484,2.2e-05,0.000903,0.003599
bright,aops:aops_1971_Canadian_MO_Problems/Problem_1,borda,qrels,label-derived pairwise preferences from qrels,20,91,0.239474,20,1,False,0,0,0,0,0.0,0.0,0,0,20,ndcg_at_k,0.0,0,1.0,-0.047619,1.0,1.0,0.35,1.0,1.0,0.00074,9.6e-05,2e-05,0.000484,1.3e-05,0.000903,0.003599
bright,aops:aops_1971_Canadian_MO_Problems/Problem_1,pagerank,qrels,label-derived pairwise preferences from qrels,20,91,0.239474,20,1,False,0,0,0,0,0.0,0.0,0,0,20,ndcg_at_k,0.0,0,0.484211,0.238095,1.0,1.0,0.35,1.0,1.0,0.00074,9.6e-05,2e-05,0.000484,0.001014,0.000903,0.003599
bright,aops:aops_1971_Canadian_MO_Problems/Problem_1,greedy_fas_topological,qrels,label-derived pairwise preferences from qrels,20,91,0.239474,20,1,False,0,0,0,0,0.0,0.0,0,0,20,ndcg_at_k,0.0,0,0.484211,0.238095,1.0,1.0,0.35,1.0,1.0,0.00074,9.6e-05,2e-05,0.000484,4.3e-05,0.000903,0.003599
bright,aops:aops_1971_Canadian_MO_Problems/Problem_1,greedy_fas_weighted_balance,qrels,label-derived pairwise preferences from qrels,20,91,0.239474,20,1,False,0,0,0,0,0.0,0.0,0,0,20,ndcg_at_k,0.0,0,1.0,-0.047619,1.0,1.0,0.35,1.0,1.0,0.00074,9.6e-05,2e-05,0.000484,3.1e-05,0.000903,0.003599
bright,aops:aops_1971_Canadian_MO_Problems/Problem_1,greedy_fas_copeland,qrels,label-derived pairwise preferences from qrels,20,91,0.239474,20,1,False,0,0,0,0,0.0,0.0,0,0,20,ndcg_at_k,0.0,0,1.0,-0.047619,1.0,1.0,0.35,1.0,1.0,0.00074,9.6e-05,2e-05,0.000484,1.9e-05,0.000903,0.003599
bright,aops:aops_1971_Canadian_MO_Problems/Problem_1,greedy_fas_score_augmented_topological,qrels,label-derived pairwise preferences from qrels,20,91,0.239474,20,1,False,0,0,0,0,0.0,0.0,0,0,20,ndcg_at_k,0.0,0,-0.042105,0.047619,1.0,1.0,0.35,1.0,1.0,0.00074,9.6e-05,2e-05,0.000484,3.4e-05,0.000903,0.003599
bright,aops:aops_1971_Canadian_MO_Problems/Problem_1,fas_balance_score_prior_alpha_beta,qrels,label-derived pairwise preferences from qrels,20,91,0.239474,20,1,False,0,0,0,0,0.0,0.0,0,0,20,ndcg_at_k,0.0,0,1.0,-0.047619,1.0,1.0,0.35,1.0,1.0,0.00074,9.6e-05,2e-05,0.000484,3.9e-05,0.000903,0.003599
bright,aops:aops_1971_Canadian_MO_Problems/Problem_1,hybrid_rrf_fas_regularized,qrels,label-derived pairwise preferences from qrels,20,91,0.239474,20,1,False,0,0,0,0,0.0,0.0,0,0,20,ndcg_at_k,0.0,0,1.0,-0.047619,1.0,1.0,0.35,1.0,1.0,0.00074,9.6e-05,2e-05,0.000484,3.4e-05,0.000903,0.003599
bright,aops:aops_1971_Canadian_MO_Problems/Problem_1,hybrid_rrf_balance_a05,qrels,label-derived pairwise preferences from qrels,20,91,0.239474,20,1,False,0,0,0,0,0.0,0.0,0,0,20,ndcg_at_k,0.0,0,1.0,-0.047619,1.0,1.0,0.35,1.0,1.0,0.00074,9.6e-05,2e-05,0.000484,3e-05,0.000903,0.003599
bright,aops:aops_1971_Canadian_MO_Problems/Problem_1,hybrid_rrf_copeland_a03,qrels,label-derived pairwise preferences from qrels,20,91,0.239474,20,1,False,0,0,0,0,0.0,0.0,0,0,20,ndcg_at_k,0.0,0,1.0,-0.047619,1.0,1.0,0.35,1.0,1.0,0.00074,9.6e-05,2e-05,0.000484,2.1e-05,0.000903,0.003599
bright,aops:aops_1971_Canadian_MO_Problems/Problem_1,hybrid_rrf_priority_topo_a03,qrels,label-derived pairwise preferences from qrels,20,91,0.239474,20,1,False,0,0,0,0,0.0,0.0,0,0,20,ndcg_at_k,0.0,0,-0.042105,0.047619,1.0,1.0,0.35,1.0,1.0,0.00074,9.6e-05,2e-05,0.000484,5.6e-05,0.000903,0.003599
bright,theoremqa_questions:TheoremQA_wenhuchen/viterbi1.json,score_sum,qrels,label-derived pairwise preferences from qrels,20,19,0.05,20,1,False,0,0,0,0,0.0,0.0,0,0,20,ndcg_at_k,0.0,0,1.0,,1.0,1.0,0.05,1.0,1.0,0.00066,4e-05,1.7e-05,0.000206,1.4e-05,0.000656,0.003209
bright,theoremqa_questions:TheoremQA_wenhuchen/viterbi1.json,borda,qrels,label-derived pairwise preferences from qrels,20,19,0.05,20,1,False,0,0,0,0,0.0,0.0,0,0,20,ndcg_at_k,0.0,0,1.0,,1.0,1.0,0.05,1.0,1.0,0.00066,4e-05,1.7e-05,0.000206,1.4e-05,0.000656,0.003209
bright,theoremqa_questions:TheoremQA_wenhuchen/viterbi1.json,pagerank,qrels,label-derived pairwise preferences from qrels,20,19,0.05,20,1,False,0,0,0,0,0.0,0.0,0,0,20,ndcg_at_k,0.0,0,0.336842,,1.0,1.0,0.05,1.0,1.0,0.00066,4e-05,1.7e-05,0.000206,0.001355,0.000656,0.003209
bright,theoremqa_questions:TheoremQA_wenhuchen/viterbi1.json,greedy_fas_topological,qrels,label-derived pairwise preferences from qrels,20,19,0.05,20,1,False,0,0,0,0,0.0,0.0,0,0,20,ndcg_at_k,0.0,0,0.336842,,1.0,1.0,0.05,1.0,1.0,0.00066,4e-05,1.7e-05,0.000206,3.6e-05,0.000656,0.003209
bright,theoremqa_questions:TheoremQA_wenhuchen/viterbi1.json,greedy_fas_weighted_balance,qrels,label-derived pairwise preferences from qrels,20,19,0.05,20,1,False,0,0,0,0,0.0,0.0,0,0,20,ndcg_at_k,0.0,0,1.0,,1.0,1.0,0.05,1.0,1.0,0.00066,4e-05,1.7e-05,0.000206,1.8e-05,0.000656,0.003209
bright,theoremqa_questions:TheoremQA_wenhuchen/viterbi1.json,greedy_fas_copeland,qrels,label-derived pairwise preferences from qrels,20,19,0.05,20,1,False,0,0,0,0,0.0,0.0,0,0,20,ndcg_at_k,0.0,0,1.0,,1.0,1.0,0.05,1.0,1.0,0.00066,4e-05,1.7e-05,0.000206,1.9e-05,0.000656,0.003209
bright,theoremqa_questions:TheoremQA_wenhuchen/viterbi1.json,greedy_fas_score_augmented_topological,qrels,label-derived pairwise preferences from qrels,20,19,0.05,20,1,False,0,0,0,0,0.0,0.0,0,0,20,ndcg_at_k,0.0,0,-0.8,,1.0,1.0,0.05,1.0,1.0,0.00066,4e-05,1.7e-05,0.000206,3.7e-05,0.000656,0.003209
bright,theoremqa_questions:TheoremQA_wenhuchen/viterbi1.json,fas_balance_score_prior_alpha_beta,qrels,label-derived pairwise preferences from qrels,20,19,0.05,20,1,False,0,0,0,0,0.0,0.0,0,0,20,ndcg_at_k,0.0,0,1.0,,1.0,1.0,0.05,1.0,1.0,0.00066,4e-05,1.7e-05,0.000206,2.8e-05,0.000656,0.003209
bright,theoremqa_questions:TheoremQA_wenhuchen/viterbi1.json,hybrid_rrf_fas_regularized,qrels,label-derived pairwise preferences from qrels,20,19,0.05,20,1,False,0,0,0,0,0.0,0.0,0,0,20,ndcg_at_k,0.0,0,1.0,,1.0,1.0,0.05,1.0,1.0,0.00066,4e-05,1.7e-05,0.000206,2.2e-05,0.000656,0.003209
bright,theoremqa_questions:TheoremQA_wenhuchen/viterbi1.json,hybrid_rrf_balance_a05,qrels,label-derived pairwise preferences from qrels,20,19,0.05,20,1,False,0,0,0,0,0.0,0.0,0,0,20,ndcg_at_k,0.0,0,1.0,,1.0,1.0,0.05,1.0,1.0,0.00066,4e-05,1.7e-05,0.000206,1.8e-05,0.000656,0.003209
bright,theoremqa_questions:TheoremQA_wenhuchen/viterbi1.json,hybrid_rrf_copeland_a03,qrels,label-derived pairwise preferences from qrels,20,19,0.05,20,1,False,0,0,0,0,0.0,0.0,0,0,20,ndcg_at_k,0.0,0,1.0,,1.0,1.0,0.05,1.0,1.0,0.00066,4e-05,1.7e-05,0.000206,2e-05,0.000656,0.003209
bright,theoremqa_questions:TheoremQA_wenhuchen/viterbi1.json,hybrid_rrf_priority_topo_a03,qrels,label-derived pairwise preferences from qrels,20,19,0.05,20,1,False,0,0,0,0,0.0,0.0,0,0,20,ndcg_at_k,0.0,0,-0.8,,1.0,1.0,0.05,1.0,1.0,0.00066,4e-05,1.7e-05,0.000206,4.9e-05,0.000656,0.003209
bright,leetcode:26,score_sum,qrels,label-derived pairwise preferences from qrels,20,64,0.168421,20,1,False,0,0,0,0,0.0,0.0,0,0,20,ndcg_at_k,0.0,0,1.0,0.52381,1.0,1.0,0.2,1.0,1.0,9.7e-05,6.8e-05,1.8e-05,0.000429,1.9e-05,0.000789,0.002712
bright,leetcode:26,borda,qrels,label-derived pairwise preferences from qrels,20,64,0.168421,20,1,False,0,0,0,0,0.0,0.0,0,0,20,ndcg_at_k,0.0,0,1.0,0.52381,1.0,1.0,0.2,1.0,1.0,9.7e-05,6.8e-05,1.8e-05,0.000429,1.2e-05,0.000789,0.002712
bright,leetcode:26,pagerank,qrels,label-derived pairwise preferences from qrels,20,64,0.168421,20,1,False,0,0,0,0,0.0,0.0,0,0,20,ndcg_at_k,0.0,0,0.347368,0.619048,1.0,1.0,0.2,1.0,1.0,9.7e-05,6.8e-05,1.8e-05,0.000429,0.001006,0.000789,0.002712
bright,leetcode:26,greedy_fas_topological,qrels,label-derived pairwise preferences from qrels,20,64,0.168421,20,1,False,0,0,0,0,0.0,0.0,0,0,20,ndcg_at_k,0.0,0,0.347368,0.619048,1.0,1.0,0.2,1.0,1.0,9.7e-05,6.8e-05,1.8e-05,0.000429,3.7e-05,0.000789,0.002712
bright,leetcode:26,greedy_fas_weighted_balance,qrels,label-derived pairwise preferences from qrels,20,64,0.168421,20,1,False,0,0,0,0,0.0,0.0,0,0,20,ndcg_at_k,0.0,0,1.0,0.52381,1.0,1.0,0.2,1.0,1.0,9.7e-05,6.8e-05,1.8e-05,0.000429,2.4e-05,0.000789,0.002712
bright,leetcode:26,greedy_fas_copeland,qrels,label-derived pairwise preferences from qrels,20,64,0.168421,20,1,False,0,0,0,0,0.0,0.0,0,0,20,ndcg_at_k,0.0,0,1.0,0.52381,1.0,1.0,0.2,1.0,1.0,9.7e-05,6.8e-05,1.8e-05,0.000429,1.7e-05,0.000789,0.002712
bright,leetcode:26,greedy_fas_score_augmented_topological,qrels,label-derived pairwise preferences from qrels,20,64,0.168421,20,1,False,0,0,0,0,0.0,0.0,0,0,20,ndcg_at_k,0.0,0,-0.326316,0.619048,1.0,1.0,0.2,1.0,1.0,9.7e-05,6.8e-05,1.8e-05,0.000429,3.4e-05,0.000789,0.002712
bright,leetcode:26,fas_balance_score_prior_alpha_beta,qrels,label-derived pairwise preferences from qrels,20,64,0.168421,20,1,False,0,0,0,0,0.0,0.0,0,0,20,ndcg_at_k,0.0,0,1.0,0.52381,1.0,1.0,0.2,1.0,1.0,9.7e-05,6.8e-05,1.8e-05,0.000429,3.4e-05,0.000789,0.002712
bright,leetcode:26,hybrid_rrf_fas_regularized,qrels,label-derived pairwise preferences from qrels,20,64,0.168421,20,1,False,0,0,0,0,0.0,0.0,0,0,20,ndcg_at_k,0.0,0,1.0,0.52381,1.0,1.0,0.2,1.0,1.0,9.7e-05,6.8e-05,1.8e-05,0.000429,2.8e-05,0.000789,0.002712
bright,leetcode:26,hybrid_rrf_balance_a05,qrels,label-derived pairwise preferences from qrels,20,64,0.168421,20,1,False,0,0,0,0,0.0,0.0,0,0,20,ndcg_at_k,0.0,0,1.0,0.52381,1.0,1.0,0.2,1.0,1.0,9.7e-05,6.8e-05,1.8e-05,0.000429,2.5e-05,0.000789,0.002712
bright,leetcode:26,hybrid_rrf_copeland_a03,qrels,label-derived pairwise preferences from qrels,20,64,0.168421,20,1,False,0,0,0,0,0.0,0.0,0,0,20,ndcg_at_k,0.0,0,1.0,0.52381,1.0,1.0,0.2,1.0,1.0,9.7e-05,6.8e-05,1.8e-05,0.000429,2.1e-05,0.000789,0.002712
bright,leetcode:26,hybrid_rrf_priority_topo_a03,qrels,label-derived pairwise preferences from qrels,20,64,0.168421,20,1,False,0,0,0,0,0.0,0.0,0,0,20,ndcg_at_k,0.0,0,-0.326316,0.619048,1.0,1.0,0.2,1.0,1.0,9.7e-05,6.8e-05,1.8e-05,0.000429,5.4e-05,0.000789,0.002712
bright,leetcode:135,score_sum,qrels,label-derived pairwise preferences from qrels,20,19,0.05,20,1,False,0,0,0,0,0.0,0.0,0,0,20,ndcg_at_k,0.0,0,1.0,0.0,1.0,1.0,0.05,1.0,1.0,5.1e-05,3.3e-05,1.7e-05,0.000192,1.3e-05,0.000686,0.002564
bright,leetcode:135,borda,qrels,label-derived pairwise preferences from qrels,20,19,0.05,20,1,False,0,0,0,0,0.0,0.0,0,0,20,ndcg_at_k,0.0,0,1.0,0.0,1.0,1.0,0.05,1.0,1.0,5.1e-05,3.3e-05,1.7e-05,0.000192,1.2e-05,0.000686,0.002564
bright,leetcode:135,pagerank,qrels,label-derived pairwise preferences from qrels,20,19,0.05,20,1,False,0,0,0,0,0.0,0.0,0,0,20,ndcg_at_k,0.0,0,-0.147368,0.6,1.0,1.0,0.05,1.0,1.0,5.1e-05,3.3e-05,1.7e-05,0.000192,0.001316,0.000686,0.002564
bright,leetcode:135,greedy_fas_topological,qrels,label-derived pairwise preferences from qrels,20,19,0.05,20,1,False,0,0,0,0,0.0,0.0,0,0,20,ndcg_at_k,0.0,0,-0.147368,0.6,1.0,1.0,0.05,1.0,1.0,5.1e-05,3.3e-05,1.7e-05,0.000192,3.4e-05,0.000686,0.002564
bright,leetcode:135,greedy_fas_weighted_balance,qrels,label-derived pairwise preferences from qrels,20,19,0.05,20,1,False,0,0,0,0,0.0,0.0,0,0,20,ndcg_at_k,0.0,0,1.0,0.0,1.0,1.0,0.05,1.0,1.0,5.1e-05,3.3e-05,1.7e-05,0.000192,1.7e-05,0.000686,0.002564
bright,leetcode:135,greedy_fas_copeland,qrels,label-derived pairwise preferences from qrels,20,19,0.05,20,1,False,0,0,0,0,0.0,0.0,0,0,20,ndcg_at_k,0.0,0,1.0,0.0,1.0,1.0,0.05,1.0,1.0,5.1e-05,3.3e-05,1.7e-05,0.000192,1.8e-05,0.000686,0.002564
bright,leetcode:135,greedy_fas_score_augmented_topological,qrels,label-derived pairwise preferences from qrels,20,19,0.05,20,1,False,0,0,0,0,0.0,0.0,0,0,20,ndcg_at_k,0.0,0,-0.8,0.8,1.0,1.0,0.05,1.0,1.0,5.1e-05,3.3e-05,1.7e-05,0.000192,3.7e-05,0.000686,0.002564
bright,leetcode:135,fas_balance_score_prior_alpha_beta,qrels,label-derived pairwise preferences from qrels,20,19,0.05,20,1,False,0,0,0,0,0.0,0.0,0,0,20,ndcg_at_k,0.0,0,1.0,0.0,1.0,1.0,0.05,1.0,1.0,5.1e-05,3.3e-05,1.7e-05,0.000192,2.9e-05,0.000686,0.002564
bright,leetcode:135,hybrid_rrf_fas_regularized,qrels,label-derived pairwise preferences from qrels,20,19,0.05,20,1,False,0,0,0,0,0.0,0.0,0,0,20,ndcg_at_k,0.0,0,1.0,0.0,1.0,1.0,0.05,1.0,1.0,5.1e-05,3.3e-05,1.7e-05,0.000192,2.2e-05,0.000686,0.002564
bright,leetcode:135,hybrid_rrf_balance_a05,qrels,label-derived pairwise preferences from qrels,20,19,0.05,20,1,False,0,0,0,0,0.0,0.0,0,0,20,ndcg_at_k,0.0,0,1.0,0.0,1.0,1.0,0.05,1.0,1.0,5.1e-05,3.3e-05,1.7e-05,0.000192,1.8e-05,0.000686,0.002564
bright,leetcode:135,hybrid_rrf_copeland_a03,qrels,label-derived pairwise preferences from qrels,20,19,0.05,20,1,False,0,0,0,0,0.0,0.0,0,0,20,ndcg_at_k,0.0,0,1.0,0.0,1.0,1.0,0.05,1.0,1.0,5.1e-05,3.3e-05,1.7e-05,0.000192,2e-05,0.000686,0.002564
bright,leetcode:135,hybrid_rrf_priority_topo_a03,qrels,label-derived pairwise preferences from qrels,20,19,0.05,20,1,False,0,0,0,0,0.0,0.0,0,0,20,ndcg_at_k,0.0,0,-0.8,0.8,1.0,1.0,0.05,1.0,1.0,5.1e-05,3.3e-05,1.7e-05,0.000192,4.9e-05,0.000686,0.002564
bright,theoremqa_questions:TheoremQA_wenhuchen/euler's_method2.json,score_sum,qrels,label-derived pairwise preferences from qrels,20,19,0.05,20,1,False,0,0,0,0,0.0,0.0,0,0,20,ndcg_at_k,0.0,0,1.0,,1.0,1.0,0.05,1.0,1.0,0.001449,4.2e-05,1.8e-05,0.000224,1.5e-05,0.000646,0.004045
bright,theoremqa_questions:TheoremQA_wenhuchen/euler's_method2.json,borda,qrels,label-derived pairwise preferences from qrels,20,19,0.05,20,1,False,0,0,0,0,0.0,0.0,0,0,20,ndcg_at_k,0.0,0,1.0,,1.0,1.0,0.05,1.0,1.0,0.001449,4.2e-05,1.8e-05,0.000224,1.4e-05,0.000646,0.004045
bright,theoremqa_questions:TheoremQA_wenhuchen/euler's_method2.json,pagerank,qrels,label-derived pairwise preferences from qrels,20,19,0.05,20,1,False,0,0,0,0,0.0,0.0,0,0,20,ndcg_at_k,0.0,0,0.126316,,1.0,1.0,0.05,1.0,1.0,0.001449,4.2e-05,1.8e-05,0.000224,0.001376,0.000646,0.004045
bright,theoremqa_questions:TheoremQA_wenhuchen/euler's_method2.json,greedy_fas_topological,qrels,label-derived pairwise preferences from qrels,20,19,0.05,20,1,False,0,0,0,0,0.0,0.0,0,0,20,ndcg_at_k,0.0,0,0.126316,,1.0,1.0,0.05,1.0,1.0,0.001449,4.2e-05,1.8e-05,0.000224,3.8e-05,0.000646,0.004045
bright,theoremqa_questions:TheoremQA_wenhuchen/euler's_method2.json,greedy_fas_weighted_balance,qrels,label-derived pairwise preferences from qrels,20,19,0.05,20,1,False,0,0,0,0,0.0,0.0,0,0,20,ndcg_at_k,0.0,0,1.0,,1.0,1.0,0.05,1.0,1.0,0.001449,4.2e-05,1.8e-05,0.000224,1.6e-05,0.000646,0.004045
bright,theoremqa_questions:TheoremQA_wenhuchen/euler's_method2.json,greedy_fas_copeland,qrels,label-derived pairwise preferences from qrels,20,19,0.05,20,1,False,0,0,0,0,0.0,0.0,0,0,20,ndcg_at_k,0.0,0,1.0,,1.0,1.0,0.05,1.0,1.0,0.001449,4.2e-05,1.8e-05,0.000224,1.8e-05,0.000646,0.004045
bright,theoremqa_questions:TheoremQA_wenhuchen/euler's_method2.json,greedy_fas_score_augmented_topological,qrels,label-derived pairwise preferences from qrels,20,19,0.05,20,1,False,0,0,0,0,0.0,0.0,0,0,20,ndcg_at_k,0.0,0,-0.8,,1.0,1.0,0.05,1.0,1.0,0.001449,4.2e-05,1.8e-05,0.000224,3.7e-05,0.000646,0.004045
bright,theoremqa_questions:TheoremQA_wenhuchen/euler's_method2.json,fas_balance_score_prior_alpha_beta,qrels,label-derived pairwise preferences from qrels,20,19,0.05,20,1,False,0,0,0,0,0.0,0.0,0,0,20,ndcg_at_k,0.0,0,1.0,,1.0,1.0,0.05,1.0,1.0,0.001449,4.2e-05,1.8e-05,0.000224,2.8e-05,0.000646,0.004045
bright,theoremqa_questions:TheoremQA_wenhuchen/euler's_method2.json,hybrid_rrf_fas_regularized,qrels,label-derived pairwise preferences from qrels,20,19,0.05,20,1,False,0,0,0,0,0.0,0.0,0,0,20,ndcg_at_k,0.0,0,1.0,,1.0,1.0,0.05,1.0,1.0,0.001449,4.2e-05,1.8e-05,0.000224,2.2e-05,0.000646,0.004045
bright,theoremqa_questions:TheoremQA_wenhuchen/euler's_method2.json,hybrid_rrf_balance_a05,qrels,label-derived pairwise preferences from qrels,20,19,0.05,20,1,False,0,0,0,0,0.0,0.0,0,0,20,ndcg_at_k,0.0,0,1.0,,1.0,1.0,0.05,1.0,1.0,0.001449,4.2e-05,1.8e-05,0.000224,1.9e-05,0.000646,0.004045
bright,theoremqa_questions:TheoremQA_wenhuchen/euler's_method2.json,hybrid_rrf_copeland_a03,qrels,label-derived pairwise preferences from qrels,20,19,0.05,20,1,False,0,0,0,0,0.0,0.0,0,0,20,ndcg_at_k,0.0,0,1.0,,1.0,1.0,0.05,1.0,1.0,0.001449,4.2e-05,1.8e-05,0.000224,2e-05,0.000646,0.004045
bright,theoremqa_questions:TheoremQA_wenhuchen/euler's_method2.json,hybrid_rrf_priority_topo_a03,qrels,label-derived pairwise preferences from qrels,20,19,0.05,20,1,False,0,0,0,0,0.0,0.0,0,0,20,ndcg_at_k,0.0,0,-0.8,,1.0,1.0,0.05,1.0,1.0,0.001449,4.2e-05,1.8e-05,0.000224,6.3e-05,0.000646,0.004045
bright,aops:aops_2019_AMC_12A_Problems/Problem_17,score_sum,qrels,label-derived pairwise preferences from qrels,20,36,0.094737,20,1,False,0,0,0,0,0.0,0.0,0,0,20,ndcg_at_k,0.0,0,1.0,1.0,1.0,1.0,0.1,1.0,1.0,0.00185,0.000345,1.9e-05,0.000291,1.8e-05,0.00075,0.004721
bright,aops:aops_2019_AMC_12A_Problems/Problem_17,borda,qrels,label-derived pairwise preferences from qrels,20,36,0.094737,20,1,False,0,0,0,0,0.0,0.0,0,0,20,ndcg_at_k,0.0,0,1.0,1.0,1.0,1.0,0.1,1.0,1.0,0.00185,0.000345,1.9e-05,0.000291,1.4e-05,0.00075,0.004721
bright,aops:aops_2019_AMC_12A_Problems/Problem_17,pagerank,qrels,label-derived pairwise preferences from qrels,20,36,0.094737,20,1,False,0,0,0,0,0.0,0.0,0,0,20,ndcg_at_k,0.0,0,0.052632,1.0,1.0,1.0,0.1,1.0,1.0,0.00185,0.000345,1.9e-05,0.000291,0.001159,0.00075,0.004721
bright,aops:aops_2019_AMC_12A_Problems/Problem_17,greedy_fas_topological,qrels,label-derived pairwise preferences from qrels,20,36,0.094737,20,1,False,0,0,0,0,0.0,0.0,0,0,20,ndcg_at_k,0.0,0,0.052632,1.0,1.0,1.0,0.1,1.0,1.0,0.00185,0.000345,1.9e-05,0.000291,4.6e-05,0.00075,0.004721
bright,aops:aops_2019_AMC_12A_Problems/Problem_17,greedy_fas_weighted_balance,qrels,label-derived pairwise preferences from qrels,20,36,0.094737,20,1,False,0,0,0,0,0.0,0.0,0,0,20,ndcg_at_k,0.0,0,1.0,1.0,1.0,1.0,0.1,1.0,1.0,0.00185,0.000345,1.9e-05,0.000291,2.1e-05,0.00075,0.004721
bright,aops:aops_2019_AMC_12A_Problems/Problem_17,greedy_fas_copeland,qrels,label-derived pairwise preferences from qrels,20,36,0.094737,20,1,False,0,0,0,0,0.0,0.0,0,0,20,ndcg_at_k,0.0,0,1.0,1.0,1.0,1.0,0.1,1.0,1.0,0.00185,0.000345,1.9e-05,0.000291,1.8e-05,0.00075,0.004721
bright,aops:aops_2019_AMC_12A_Problems/Problem_17,greedy_fas_score_augmented_topological,qrels,label-derived pairwise preferences from qrels,20,36,0.094737,20,1,False,0,0,0,0,0.0,0.0,0,0,20,ndcg_at_k,0.0,0,-0.621053,-1.0,1.0,1.0,0.1,1.0,1.0,0.00185,0.000345,1.9e-05,0.000291,3.7e-05,0.00075,0.004721
bright,aops:aops_2019_AMC_12A_Problems/Problem_17,fas_balance_score_prior_alpha_beta,qrels,label-derived pairwise preferences from qrels,20,36,0.094737,20,1,False,0,0,0,0,0.0,0.0,0,0,20,ndcg_at_k,0.0,0,1.0,1.0,1.0,1.0,0.1,1.0,1.0,0.00185,0.000345,1.9e-05,0.000291,3.1e-05,0.00075,0.004721
bright,aops:aops_2019_AMC_12A_Problems/Problem_17,hybrid_rrf_fas_regularized,qrels,label-derived pairwise preferences from qrels,20,36,0.094737,20,1,False,0,0,0,0,0.0,0.0,0,0,20,ndcg_at_k,0.0,0,1.0,1.0,1.0,1.0,0.1,1.0,1.0,0.00185,0.000345,1.9e-05,0.000291,2.6e-05,0.00075,0.004721
bright,aops:aops_2019_AMC_12A_Problems/Problem_17,hybrid_rrf_balance_a05,qrels,label-derived pairwise preferences from qrels,20,36,0.094737,20,1,False,0,0,0,0,0.0,0.0,0,0,20,ndcg_at_k,0.0,0,1.0,1.0,1.0,1.0,0.1,1.0,1.0,0.00185,0.000345,1.9e-05,0.000291,2.2e-05,0.00075,0.004721
bright,aops:aops_2019_AMC_12A_Problems/Problem_17,hybrid_rrf_copeland_a03,qrels,label-derived pairwise preferences from qrels,20,36,0.094737,20,1,False,0,0,0,0,0.0,0.0,0,0,20,ndcg_at_k,0.0,0,1.0,1.0,1.0,1.0,0.1,1.0,1.0,0.00185,0.000345,1.9e-05,0.000291,2.2e-05,0.00075,0.004721
bright,aops:aops_2019_AMC_12A_Problems/Problem_17,hybrid_rrf_priority_topo_a03,qrels,label-derived pairwise preferences from qrels,20,36,0.094737,20,1,False,0,0,0,0,0.0,0.0,0,0,20,ndcg_at_k,0.0,0,-0.621053,-1.0,1.0,1.0,0.1,1.0,1.0,0.00185,0.000345,1.9e-05,0.000291,5.2e-05,0.00075,0.004721
bright,leetcode:3,score_sum,qrels,label-derived pairwise preferences from qrels,20,36,0.094737,20,1,False,0,0,0,0,0.0,0.0,0,0,20,ndcg_at_k,0.0,0,1.0,0.5,1.0,1.0,0.1,1.0,1.0,5.4e-05,5e-05,1.8e-05,0.000279,1.6e-05,0.000764,0.002626
bright,leetcode:3,borda,qrels,label-derived pairwise preferences from qrels,20,36,0.094737,20,1,False,0,0,0,0,0.0,0.0,0,0,20,ndcg_at_k,0.0,0,1.0,0.5,1.0,1.0,0.1,1.0,1.0,5.4e-05,5e-05,1.8e-05,0.000279,1.2e-05,0.000764,0.002626
bright,leetcode:3,pagerank,qrels,label-derived pairwise preferences from qrels,20,36,0.094737,20,1,False,0,0,0,0,0.0,0.0,0,0,20,ndcg_at_k,0.0,0,0.263158,0.428571,1.0,1.0,0.1,1.0,1.0,5.4e-05,5e-05,1.8e-05,0.000279,0.00117,0.000764,0.002626
bright,leetcode:3,greedy_fas_topological,qrels,label-derived pairwise preferences from qrels,20,36,0.094737,20,1,False,0,0,0,0,0.0,0.0,0,0,20,ndcg_at_k,0.0,0,0.263158,0.428571,1.0,1.0,0.1,1.0,1.0,5.4e-05,5e-05,1.8e-05,0.000279,3.7e-05,0.000764,0.002626
bright,leetcode:3,greedy_fas_weighted_balance,qrels,label-derived pairwise preferences from qrels,20,36,0.094737,20,1,False,0,0,0,0,0.0,0.0,0,0,20,ndcg_at_k,0.0,0,1.0,0.5,1.0,1.0,0.1,1.0,1.0,5.4e-05,5e-05,1.8e-05,0.000279,2.1e-05,0.000764,0.002626
bright,leetcode:3,greedy_fas_copeland,qrels,label-derived pairwise preferences from qrels,20,36,0.094737,20,1,False,0,0,0,0,0.0,0.0,0,0,20,ndcg_at_k,0.0,0,1.0,0.5,1.0,1.0,0.1,1.0,1.0,5.4e-05,5e-05,1.8e-05,0.000279,1.8e-05,0.000764,0.002626
bright,leetcode:3,greedy_fas_score_augmented_topological,qrels,label-derived pairwise preferences from qrels,20,36,0.094737,20,1,False,0,0,0,0,0.0,0.0,0,0,20,ndcg_at_k,0.0,0,-0.621053,0.357143,1.0,1.0,0.1,1.0,1.0,5.4e-05,5e-05,1.8e-05,0.000279,3.7e-05,0.000764,0.002626
bright,leetcode:3,fas_balance_score_prior_alpha_beta,qrels,label-derived pairwise preferences from qrels,20,36,0.094737,20,1,False,0,0,0,0,0.0,0.0,0,0,20,ndcg_at_k,0.0,0,1.0,0.5,1.0,1.0,0.1,1.0,1.0,5.4e-05,5e-05,1.8e-05,0.000279,3.1e-05,0.000764,0.002626
bright,leetcode:3,hybrid_rrf_fas_regularized,qrels,label-derived pairwise preferences from qrels,20,36,0.094737,20,1,False,0,0,0,0,0.0,0.0,0,0,20,ndcg_at_k,0.0,0,1.0,0.5,1.0,1.0,0.1,1.0,1.0,5.4e-05,5e-05,1.8e-05,0.000279,2.5e-05,0.000764,0.002626
bright,leetcode:3,hybrid_rrf_balance_a05,qrels,label-derived pairwise preferences from qrels,20,36,0.094737,20,1,False,0,0,0,0,0.0,0.0,0,0,20,ndcg_at_k,0.0,0,1.0,0.5,1.0,1.0,0.1,1.0,1.0,5.4e-05,5e-05,1.8e-05,0.000279,2.3e-05,0.000764,0.002626
bright,leetcode:3,hybrid_rrf_copeland_a03,qrels,label-derived pairwise preferences from qrels,20,36,0.094737,20,1,False,0,0,0,0,0.0,0.0,0,0,20,ndcg_at_k,0.0,0,1.0,0.5,1.0,1.0,0.1,1.0,1.0,5.4e-05,5e-05,1.8e-05,0.000279,2.1e-05,0.000764,0.002626
bright,leetcode:3,hybrid_rrf_priority_topo_a03,qrels,label-derived pairwise preferences from qrels,20,36,0.094737,20,1,False,0,0,0,0,0.0,0.0,0,0,20,ndcg_at_k,0.0,0,-0.621053,0.357143,1.0,1.0,0.1,1.0,1.0,5.4e-05,5e-05,1.8e-05,0.000279,5e-05,0.000764,0.002626
bright,theoremqa_questions:TheoremQA_maxku/fourier1-FS.json,score_sum,qrels,label-derived pairwise preferences from qrels,20,75,0.197368,20,1,False,0,0,0,0,0.0,0.0,0,0,20,ndcg_at_k,0.0,0,1.0,-0.2,1.0,1.0,0.25,1.0,1.0,0.000556,7.5e-05,1.8e-05,0.000415,2e-05,0.000817,0.003173
bright,theoremqa_questions:TheoremQA_maxku/fourier1-FS.json,borda,qrels,label-derived pairwise preferences from qrels,20,75,0.197368,20,1,False,0,0,0,0,0.0,0.0,0,0,20,ndcg_at_k,0.0,0,1.0,-0.2,1.0,1.0,0.25,1.0,1.0,0.000556,7.5e-05,1.8e-05,0.000415,1.2e-05,0.000817,0.003173
bright,theoremqa_questions:TheoremQA_maxku/fourier1-FS.json,pagerank,qrels,label-derived pairwise preferences from qrels,20,75,0.197368,20,1,False,0,0,0,0,0.0,0.0,0,0,20,ndcg_at_k,0.0,0,0.515789,0.2,1.0,1.0,0.25,1.0,1.0,0.000556,7.5e-05,1.8e-05,0.000415,0.000978,0.000817,0.003173
bright,theoremqa_questions:TheoremQA_maxku/fourier1-FS.json,greedy_fas_topological,qrels,label-derived pairwise preferences from qrels,20,75,0.197368,20,1,False,0,0,0,0,0.0,0.0,0,0,20,ndcg_at_k,0.0,0,0.515789,0.2,1.0,1.0,0.25,1.0,1.0,0.000556,7.5e-05,1.8e-05,0.000415,3.9e-05,0.000817,0.003173
bright,theoremqa_questions:TheoremQA_maxku/fourier1-FS.json,greedy_fas_weighted_balance,qrels,label-derived pairwise preferences from qrels,20,75,0.197368,20,1,False,0,0,0,0,0.0,0.0,0,0,20,ndcg_at_k,0.0,0,1.0,-0.2,1.0,1.0,0.25,1.0,1.0,0.000556,7.5e-05,1.8e-05,0.000415,2.8e-05,0.000817,0.003173
bright,theoremqa_questions:TheoremQA_maxku/fourier1-FS.json,greedy_fas_copeland,qrels,label-derived pairwise preferences from qrels,20,75,0.197368,20,1,False,0,0,0,0,0.0,0.0,0,0,20,ndcg_at_k,0.0,0,1.0,-0.2,1.0,1.0,0.25,1.0,1.0,0.000556,7.5e-05,1.8e-05,0.000415,1.8e-05,0.000817,0.003173
bright,theoremqa_questions:TheoremQA_maxku/fourier1-FS.json,greedy_fas_score_augmented_topological,qrels,label-derived pairwise preferences from qrels,20,75,0.197368,20,1,False,0,0,0,0,0.0,0.0,0,0,20,ndcg_at_k,0.0,0,-0.210526,0.2,1.0,1.0,0.25,1.0,1.0,0.000556,7.5e-05,1.8e-05,0.000415,3.4e-05,0.000817,0.003173
bright,theoremqa_questions:TheoremQA_maxku/fourier1-FS.json,fas_balance_score_prior_alpha_beta,qrels,label-derived pairwise preferences from qrels,20,75,0.197368,20,1,False,0,0,0,0,0.0,0.0,0,0,20,ndcg_at_k,0.0,0,1.0,-0.2,1.0,1.0,0.25,1.0,1.0,0.000556,7.5e-05,1.8e-05,0.000415,3.6e-05,0.000817,0.003173
bright,theoremqa_questions:TheoremQA_maxku/fourier1-FS.json,hybrid_rrf_fas_regularized,qrels,label-derived pairwise preferences from qrels,20,75,0.197368,20,1,False,0,0,0,0,0.0,0.0,0,0,20,ndcg_at_k,0.0,0,1.0,-0.2,1.0,1.0,0.25,1.0,1.0,0.000556,7.5e-05,1.8e-05,0.000415,3e-05,0.000817,0.003173
bright,theoremqa_questions:TheoremQA_maxku/fourier1-FS.json,hybrid_rrf_balance_a05,qrels,label-derived pairwise preferences from qrels,20,75,0.197368,20,1,False,0,0,0,0,0.0,0.0,0,0,20,ndcg_at_k,0.0,0,1.0,-0.2,1.0,1.0,0.25,1.0,1.0,0.000556,7.5e-05,1.8e-05,0.000415,2.5e-05,0.000817,0.003173
bright,theoremqa_questions:TheoremQA_maxku/fourier1-FS.json,hybrid_rrf_copeland_a03,qrels,label-derived pairwise preferences from qrels,20,75,0.197368,20,1,False,0,0,0,0,0.0,0.0,0,0,20,ndcg_at_k,0.0,0,1.0,-0.2,1.0,1.0,0.25,1.0,1.0,0.000556,7.5e-05,1.8e-05,0.000415,2e-05,0.000817,0.003173
bright,theoremqa_questions:TheoremQA_maxku/fourier1-FS.json,hybrid_rrf_priority_topo_a03,qrels,label-derived pairwise preferences from qrels,20,75,0.197368,20,1,False,0,0,0,0,0.0,0.0,0,0,20,ndcg_at_k,0.0,0,-0.210526,0.2,1.0,1.0,0.25,1.0,1.0,0.000556,7.5e-05,1.8e-05,0.000415,5.2e-05,0.000817,0.003173
bright,leetcode:51,score_sum,qrels,label-derived pairwise preferences from qrels,20,19,0.05,20,1,False,0,0,0,0,0.0,0.0,0,0,20,ndcg_at_k,0.0,0,1.0,,1.0,1.0,0.05,1.0,1.0,0.000131,3.5e-05,1.7e-05,0.000193,1.3e-05,0.00063,0.00264
bright,leetcode:51,borda,qrels,label-derived pairwise preferences from qrels,20,19,0.05,20,1,False,0,0,0,0,0.0,0.0,0,0,20,ndcg_at_k,0.0,0,1.0,,1.0,1.0,0.05,1.0,1.0,0.000131,3.5e-05,1.7e-05,0.000193,1.2e-05,0.00063,0.00264
bright,leetcode:51,pagerank,qrels,label-derived pairwise preferences from qrels,20,19,0.05,20,1,False,0,0,0,0,0.0,0.0,0,0,20,ndcg_at_k,0.0,0,0.357895,,1.0,1.0,0.05,1.0,1.0,0.000131,3.5e-05,1.7e-05,0.000193,0.001355,0.00063,0.00264
bright,leetcode:51,greedy_fas_topological,qrels,label-derived pairwise preferences from qrels,20,19,0.05,20,1,False,0,0,0,0,0.0,0.0,0,0,20,ndcg_at_k,0.0,0,0.357895,,1.0,1.0,0.05,1.0,1.0,0.000131,3.5e-05,1.7e-05,0.000193,3.3e-05,0.00063,0.00264
bright,leetcode:51,greedy_fas_weighted_balance,qrels,label-derived pairwise preferences from qrels,20,19,0.05,20,1,False,0,0,0,0,0.0,0.0,0,0,20,ndcg_at_k,0.0,0,1.0,,1.0,1.0,0.05,1.0,1.0,0.000131,3.5e-05,1.7e-05,0.000193,1.7e-05,0.00063,0.00264
bright,leetcode:51,greedy_fas_copeland,qrels,label-derived pairwise preferences from qrels,20,19,0.05,20,1,False,0,0,0,0,0.0,0.0,0,0,20,ndcg_at_k,0.0,0,1.0,,1.0,1.0,0.05,1.0,1.0,0.000131,3.5e-05,1.7e-05,0.000193,1.7e-05,0.00063,0.00264
bright,leetcode:51,greedy_fas_score_augmented_topological,qrels,label-derived pairwise preferences from qrels,20,19,0.05,20,1,False,0,0,0,0,0.0,0.0,0,0,20,ndcg_at_k,0.0,0,-0.8,,1.0,1.0,0.05,1.0,1.0,0.000131,3.5e-05,1.7e-05,0.000193,3.8e-05,0.00063,0.00264
bright,leetcode:51,fas_balance_score_prior_alpha_beta,qrels,label-derived pairwise preferences from qrels,20,19,0.05,20,1,False,0,0,0,0,0.0,0.0,0,0,20,ndcg_at_k,0.0,0,1.0,,1.0,1.0,0.05,1.0,1.0,0.000131,3.5e-05,1.7e-05,0.000193,2.8e-05,0.00063,0.00264
bright,leetcode:51,hybrid_rrf_fas_regularized,qrels,label-derived pairwise preferences from qrels,20,19,0.05,20,1,False,0,0,0,0,0.0,0.0,0,0,20,ndcg_at_k,0.0,0,1.0,,1.0,1.0,0.05,1.0,1.0,0.000131,3.5e-05,1.7e-05,0.000193,2.4e-05,0.00063,0.00264
bright,leetcode:51,hybrid_rrf_balance_a05,qrels,label-derived pairwise preferences from qrels,20,19,0.05,20,1,False,0,0,0,0,0.0,0.0,0,0,20,ndcg_at_k,0.0,0,1.0,,1.0,1.0,0.05,1.0,1.0,0.000131,3.5e-05,1.7e-05,0.000193,1.9e-05,0.00063,0.00264
bright,leetcode:51,hybrid_rrf_copeland_a03,qrels,label-derived pairwise preferences from qrels,20,19,0.05,20,1,False,0,0,0,0,0.0,0.0,0,0,20,ndcg_at_k,0.0,0,1.0,,1.0,1.0,0.05,1.0,1.0,0.000131,3.5e-05,1.7e-05,0.000193,2.8e-05,0.00063,0.00264
bright,leetcode:51,hybrid_rrf_priority_topo_a03,qrels,label-derived pairwise preferences from qrels,20,19,0.05,20,1,False,0,0,0,0,0.0,0.0,0,0,20,ndcg_at_k,0.0,0,-0.8,,1.0,1.0,0.05,1.0,1.0,0.000131,3.5e-05,1.7e-05,0.000193,5e-05,0.00063,0.00264
bright,theoremqa_questions:TheoremQA_wenhuchen/L'Hôpital_rule1.json,score_sum,qrels,label-derived pairwise preferences from qrels,20,51,0.134211,20,1,False,0,0,0,0,0.0,0.0,0,0,20,ndcg_at_k,0.0,0,1.0,0.666667,1.0,1.0,0.15,1.0,1.0,0.000741,6.7e-05,1.9e-05,0.000337,1.9e-05,0.000788,0.00337
bright,theoremqa_questions:TheoremQA_wenhuchen/L'Hôpital_rule1.json,borda,qrels,label-derived pairwise preferences from qrels,20,51,0.134211,20,1,False,0,0,0,0,0.0,0.0,0,0,20,ndcg_at_k,0.0,0,1.0,0.666667,1.0,1.0,0.15,1.0,1.0,0.000741,6.7e-05,1.9e-05,0.000337,1.3e-05,0.000788,0.00337
bright,theoremqa_questions:TheoremQA_wenhuchen/L'Hôpital_rule1.json,pagerank,qrels,label-derived pairwise preferences from qrels,20,51,0.134211,20,1,False,0,0,0,0,0.0,0.0,0,0,20,ndcg_at_k,0.0,0,0.115789,1.0,1.0,1.0,0.15,1.0,1.0,0.000741,6.7e-05,1.9e-05,0.000337,0.001108,0.000788,0.00337
bright,theoremqa_questions:TheoremQA_wenhuchen/L'Hôpital_rule1.json,greedy_fas_topological,qrels,label-derived pairwise preferences from qrels,20,51,0.134211,20,1,False,0,0,0,0,0.0,0.0,0,0,20,ndcg_at_k,0.0,0,0.115789,1.0,1.0,1.0,0.15,1.0,1.0,0.000741,6.7e-05,1.9e-05,0.000337,4.1e-05,0.000788,0.00337
bright,theoremqa_questions:TheoremQA_wenhuchen/L'Hôpital_rule1.json,greedy_fas_weighted_balance,qrels,label-derived pairwise preferences from qrels,20,51,0.134211,20,1,False,0,0,0,0,0.0,0.0,0,0,20,ndcg_at_k,0.0,0,1.0,0.666667,1.0,1.0,0.15,1.0,1.0,0.000741,6.7e-05,1.9e-05,0.000337,2.4e-05,0.000788,0.00337
bright,theoremqa_questions:TheoremQA_wenhuchen/L'Hôpital_rule1.json,greedy_fas_copeland,qrels,label-derived pairwise preferences from qrels,20,51,0.134211,20,1,False,0,0,0,0,0.0,0.0,0,0,20,ndcg_at_k,0.0,0,1.0,0.666667,1.0,1.0,0.15,1.0,1.0,0.000741,6.7e-05,1.9e-05,0.000337,1.8e-05,0.000788,0.00337
bright,theoremqa_questions:TheoremQA_wenhuchen/L'Hôpital_rule1.json,greedy_fas_score_augmented_topological,qrels,label-derived pairwise preferences from qrels,20,51,0.134211,20,1,False,0,0,0,0,0.0,0.0,0,0,20,ndcg_at_k,0.0,0,-0.463158,0.333333,1.0,1.0,0.15,1.0,1.0,0.000741,6.7e-05,1.9e-05,0.000337,3.6e-05,0.000788,0.00337
bright,theoremqa_questions:TheoremQA_wenhuchen/L'Hôpital_rule1.json,fas_balance_score_prior_alpha_beta,qrels,label-derived pairwise preferences from qrels,20,51,0.134211,20,1,False,0,0,0,0,0.0,0.0,0,0,20,ndcg_at_k,0.0,0,1.0,0.666667,1.0,1.0,0.15,1.0,1.0,0.000741,6.7e-05,1.9e-05,0.000337,3.5e-05,0.000788,0.00337
bright,theoremqa_questions:TheoremQA_wenhuchen/L'Hôpital_rule1.json,hybrid_rrf_fas_regularized,qrels,label-derived pairwise preferences from qrels,20,51,0.134211,20,1,False,0,0,0,0,0.0,0.0,0,0,20,ndcg_at_k,0.0,0,1.0,0.666667,1.0,1.0,0.15,1.0,1.0,0.000741,6.7e-05,1.9e-05,0.000337,2.9e-05,0.000788,0.00337
bright,theoremqa_questions:TheoremQA_wenhuchen/L'Hôpital_rule1.json,hybrid_rrf_balance_a05,qrels,label-derived pairwise preferences from qrels,20,51,0.134211,20,1,False,0,0,0,0,0.0,0.0,0,0,20,ndcg_at_k,0.0,0,1.0,0.666667,1.0,1.0,0.15,1.0,1.0,0.000741,6.7e-05,1.9e-05,0.000337,2.2e-05,0.000788,0.00337
bright,theoremqa_questions:TheoremQA_wenhuchen/L'Hôpital_rule1.json,hybrid_rrf_copeland_a03,qrels,label-derived pairwise preferences from qrels,20,51,0.134211,20,1,False,0,0,0,0,0.0,0.0,0,0,20,ndcg_at_k,0.0,0,1.0,0.666667,1.0,1.0,0.15,1.0,1.0,0.000741,6.7e-05,1.9e-05,0.000337,2.1e-05,0.000788,0.00337
bright,theoremqa_questions:TheoremQA_wenhuchen/L'Hôpital_rule1.json,hybrid_rrf_priority_topo_a03,qrels,label-derived pairwise preferences from qrels,20,51,0.134211,20,1,False,0,0,0,0,0.0,0.0,0,0,20,ndcg_at_k,0.0,0,-0.463158,0.333333,1.0,1.0,0.15,1.0,1.0,0.000741,6.7e-05,1.9e-05,0.000337,5.2e-05,0.000788,0.00337
bright,aops:math_train_geometry_6105,score_sum,qrels,label-derived pairwise preferences from qrels,20,36,0.094737,20,1,False,0,0,0,0,0.0,0.0,0,0,20,ndcg_at_k,0.0,0,1.0,1.0,1.0,1.0,0.1,1.0,1.0,0.000683,5.3e-05,1.9e-05,0.000539,1.8e-05,0.000739,0.003535
bright,aops:math_train_geometry_6105,borda,qrels,label-derived pairwise preferences from qrels,20,36,0.094737,20,1,False,0,0,0,0,0.0,0.0,0,0,20,ndcg_at_k,0.0,0,1.0,1.0,1.0,1.0,0.1,1.0,1.0,0.000683,5.3e-05,1.9e-05,0.000539,1.4e-05,0.000739,0.003535
bright,aops:math_train_geometry_6105,pagerank,qrels,label-derived pairwise preferences from qrels,20,36,0.094737,20,1,False,0,0,0,0,0.0,0.0,0,0,20,ndcg_at_k,0.0,0,0.063158,1.0,1.0,1.0,0.1,1.0,1.0,0.000683,5.3e-05,1.9e-05,0.000539,0.001187,0.000739,0.003535
bright,aops:math_train_geometry_6105,greedy_fas_topological,qrels,label-derived pairwise preferences from qrels,20,36,0.094737,20,1,False,0,0,0,0,0.0,0.0,0,0,20,ndcg_at_k,0.0,0,0.063158,1.0,1.0,1.0,0.1,1.0,1.0,0.000683,5.3e-05,1.9e-05,0.000539,4e-05,0.000739,0.003535
bright,aops:math_train_geometry_6105,greedy_fas_weighted_balance,qrels,label-derived pairwise preferences from qrels,20,36,0.094737,20,1,False,0,0,0,0,0.0,0.0,0,0,20,ndcg_at_k,0.0,0,1.0,1.0,1.0,1.0,0.1,1.0,1.0,0.000683,5.3e-05,1.9e-05,0.000539,3.3e-05,0.000739,0.003535
bright,aops:math_train_geometry_6105,greedy_fas_copeland,qrels,label-derived pairwise preferences from qrels,20,36,0.094737,20,1,False,0,0,0,0,0.0,0.0,0,0,20,ndcg_at_k,0.0,0,1.0,1.0,1.0,1.0,0.1,1.0,1.0,0.000683,5.3e-05,1.9e-05,0.000539,1.9e-05,0.000739,0.003535
bright,aops:math_train_geometry_6105,greedy_fas_score_augmented_topological,qrels,label-derived pairwise preferences from qrels,20,36,0.094737,20,1,False,0,0,0,0,0.0,0.0,0,0,20,ndcg_at_k,0.0,0,-0.621053,-1.0,1.0,1.0,0.1,1.0,1.0,0.000683,5.3e-05,1.9e-05,0.000539,3.8e-05,0.000739,0.003535
bright,aops:math_train_geometry_6105,fas_balance_score_prior_alpha_beta,qrels,label-derived pairwise preferences from qrels,20,36,0.094737,20,1,False,0,0,0,0,0.0,0.0,0,0,20,ndcg_at_k,0.0,0,1.0,1.0,1.0,1.0,0.1,1.0,1.0,0.000683,5.3e-05,1.9e-05,0.000539,3.2e-05,0.000739,0.003535
bright,aops:math_train_geometry_6105,hybrid_rrf_fas_regularized,qrels,label-derived pairwise preferences from qrels,20,36,0.094737,20,1,False,0,0,0,0,0.0,0.0,0,0,20,ndcg_at_k,0.0,0,1.0,1.0,1.0,1.0,0.1,1.0,1.0,0.000683,5.3e-05,1.9e-05,0.000539,2.6e-05,0.000739,0.003535
bright,aops:math_train_geometry_6105,hybrid_rrf_balance_a05,qrels,label-derived pairwise preferences from qrels,20,36,0.094737,20,1,False,0,0,0,0,0.0,0.0,0,0,20,ndcg_at_k,0.0,0,1.0,1.0,1.0,1.0,0.1,1.0,1.0,0.000683,5.3e-05,1.9e-05,0.000539,2.1e-05,0.000739,0.003535
bright,aops:math_train_geometry_6105,hybrid_rrf_copeland_a03,qrels,label-derived pairwise preferences from qrels,20,36,0.094737,20,1,False,0,0,0,0,0.0,0.0,0,0,20,ndcg_at_k,0.0,0,1.0,1.0,1.0,1.0,0.1,1.0,1.0,0.000683,5.3e-05,1.9e-05,0.000539,2.1e-05,0.000739,0.003535
bright,aops:math_train_geometry_6105,hybrid_rrf_priority_topo_a03,qrels,label-derived pairwise preferences from qrels,20,36,0.094737,20,1,False,0,0,0,0,0.0,0.0,0,0,20,ndcg_at_k,0.0,0,-0.621053,-1.0,1.0,1.0,0.1,1.0,1.0,0.000683,5.3e-05,1.9e-05,0.000539,5.3e-05,0.000739,0.003535
bright,aops:math_train_counting_and_probability_5024,score_sum,qrels,label-derived pairwise preferences from qrels,20,36,0.094737,20,1,False,0,0,0,0,0.0,0.0,0,0,20,ndcg_at_k,0.0,0,1.0,1.0,1.0,1.0,0.1,1.0,1.0,0.002398,5.8e-05,1.8e-05,0.00029,1.8e-05,0.00075,0.00503
bright,aops:math_train_counting_and_probability_5024,borda,qrels,label-derived pairwise preferences from qrels,20,36,0.094737,20,1,False,0,0,0,0,0.0,0.0,0,0,20,ndcg_at_k,0.0,0,1.0,1.0,1.0,1.0,0.1,1.0,1.0,0.002398,5.8e-05,1.8e-05,0.00029,1.5e-05,0.00075,0.00503
bright,aops:math_train_counting_and_probability_5024,pagerank,qrels,label-derived pairwise preferences from qrels,20,36,0.094737,20,1,False,0,0,0,0,0.0,0.0,0,0,20,ndcg_at_k,0.0,0,0.168421,1.0,1.0,1.0,0.1,1.0,1.0,0.002398,5.8e-05,1.8e-05,0.00029,0.001212,0.00075,0.00503
bright,aops:math_train_counting_and_probability_5024,greedy_fas_topological,qrels,label-derived pairwise preferences from qrels,20,36,0.094737,20,1,False,0,0,0,0,0.0,0.0,0,0,20,ndcg_at_k,0.0,0,0.168421,1.0,1.0,1.0,0.1,1.0,1.0,0.002398,5.8e-05,1.8e-05,0.00029,4e-05,0.00075,0.00503
bright,aops:math_train_counting_and_probability_5024,greedy_fas_weighted_balance,qrels,label-derived pairwise preferences from qrels,20,36,0.094737,20,1,False,0,0,0,0,0.0,0.0,0,0,20,ndcg_at_k,0.0,0,1.0,1.0,1.0,1.0,0.1,1.0,1.0,0.002398,5.8e-05,1.8e-05,0.00029,2e-05,0.00075,0.00503
bright,aops:math_train_counting_and_probability_5024,greedy_fas_copeland,qrels,label-derived pairwise preferences from qrels,20,36,0.094737,20,1,False,0,0,0,0,0.0,0.0,0,0,20,ndcg_at_k,0.0,0,1.0,1.0,1.0,1.0,0.1,1.0,1.0,0.002398,5.8e-05,1.8e-05,0.00029,1.8e-05,0.00075,0.00503
bright,aops:math_train_counting_and_probability_5024,greedy_fas_score_augmented_topological,qrels,label-derived pairwise preferences from qrels,20,36,0.094737,20,1,False,0,0,0,0,0.0,0.0,0,0,20,ndcg_at_k,0.0,0,-0.621053,-1.0,1.0,1.0,0.1,1.0,1.0,0.002398,5.8e-05,1.8e-05,0.00029,3.8e-05,0.00075,0.00503
bright,aops:math_train_counting_and_probability_5024,fas_balance_score_prior_alpha_beta,qrels,label-derived pairwise preferences from qrels,20,36,0.094737,20,1,False,0,0,0,0,0.0,0.0,0,0,20,ndcg_at_k,0.0,0,1.0,1.0,1.0,1.0,0.1,1.0,1.0,0.002398,5.8e-05,1.8e-05,0.00029,3.2e-05,0.00075,0.00503
bright,aops:math_train_counting_and_probability_5024,hybrid_rrf_fas_regularized,qrels,label-derived pairwise preferences from qrels,20,36,0.094737,20,1,False,0,0,0,0,0.0,0.0,0,0,20,ndcg_at_k,0.0,0,1.0,1.0,1.0,1.0,0.1,1.0,1.0,0.002398,5.8e-05,1.8e-05,0.00029,2.5e-05,0.00075,0.00503
bright,aops:math_train_counting_and_probability_5024,hybrid_rrf_balance_a05,qrels,label-derived pairwise preferences from qrels,20,36,0.094737,20,1,False,0,0,0,0,0.0,0.0,0,0,20,ndcg_at_k,0.0,0,1.0,1.0,1.0,1.0,0.1,1.0,1.0,0.002398,5.8e-05,1.8e-05,0.00029,2.3e-05,0.00075,0.00503
bright,aops:math_train_counting_and_probability_5024,hybrid_rrf_copeland_a03,qrels,label-derived pairwise preferences from qrels,20,36,0.094737,20,1,False,0,0,0,0,0.0,0.0,0,0,20,ndcg_at_k,0.0,0,1.0,1.0,1.0,1.0,0.1,1.0,1.0,0.002398,5.8e-05,1.8e-05,0.00029,2.2e-05,0.00075,0.00503
bright,aops:math_train_counting_and_probability_5024,hybrid_rrf_priority_topo_a03,qrels,label-derived pairwise preferences from qrels,20,36,0.094737,20,1,False,0,0,0,0,0.0,0.0,0,0,20,ndcg_at_k,0.0,0,-0.621053,-1.0,1.0,1.0,0.1,1.0,1.0,0.002398,5.8e-05,1.8e-05,0.00029,5.3e-05,0.00075,0.00503
bright,aops:aops_2000_AMC_12_Problems/Problem_14,score_sum,qrels,label-derived pairwise preferences from qrels,20,51,0.134211,20,1,False,0,0,0,0,0.0,0.0,0,0,20,ndcg_at_k,0.0,0,1.0,-1.0,1.0,1.0,0.15,1.0,1.0,0.000454,6.3e-05,1.7e-05,0.000425,1.8e-05,0.000721,0.003062
bright,aops:aops_2000_AMC_12_Problems/Problem_14,borda,qrels,label-derived pairwise preferences from qrels,20,51,0.134211,20,1,False,0,0,0,0,0.0,0.0,0,0,20,ndcg_at_k,0.0,0,1.0,-1.0,1.0,1.0,0.15,1.0,1.0,0.000454,6.3e-05,1.7e-05,0.000425,1.1e-05,0.000721,0.003062
bright,aops:aops_2000_AMC_12_Problems/Problem_14,pagerank,qrels,label-derived pairwise preferences from qrels,20,51,0.134211,20,1,False,0,0,0,0,0.0,0.0,0,0,20,ndcg_at_k,0.0,0,0.357895,-0.333333,1.0,1.0,0.15,1.0,1.0,0.000454,6.3e-05,1.7e-05,0.000425,0.001099,0.000721,0.003062
bright,aops:aops_2000_AMC_12_Problems/Problem_14,greedy_fas_topological,qrels,label-derived pairwise preferences from qrels,20,51,0.134211,20,1,False,0,0,0,0,0.0,0.0,0,0,20,ndcg_at_k,0.0,0,0.357895,-0.333333,1.0,1.0,0.15,1.0,1.0,0.000454,6.3e-05,1.7e-05,0.000425,3.5e-05,0.000721,0.003062
bright,aops:aops_2000_AMC_12_Problems/Problem_14,greedy_fas_weighted_balance,qrels,label-derived pairwise preferences from qrels,20,51,0.134211,20,1,False,0,0,0,0,0.0,0.0,0,0,20,ndcg_at_k,0.0,0,1.0,-1.0,1.0,1.0,0.15,1.0,1.0,0.000454,6.3e-05,1.7e-05,0.000425,2.2e-05,0.000721,0.003062
bright,aops:aops_2000_AMC_12_Problems/Problem_14,greedy_fas_copeland,qrels,label-derived pairwise preferences from qrels,20,51,0.134211,20,1,False,0,0,0,0,0.0,0.0,0,0,20,ndcg_at_k,0.0,0,1.0,-1.0,1.0,1.0,0.15,1.0,1.0,0.000454,6.3e-05,1.7e-05,0.000425,1.7e-05,0.000721,0.003062
bright,aops:aops_2000_AMC_12_Problems/Problem_14,greedy_fas_score_augmented_topological,qrels,label-derived pairwise preferences from qrels,20,51,0.134211,20,1,False,0,0,0,0,0.0,0.0,0,0,20,ndcg_at_k,0.0,0,-0.463158,1.0,1.0,1.0,0.15,1.0,1.0,0.000454,6.3e-05,1.7e-05,0.000425,3.4e-05,0.000721,0.003062
bright,aops:aops_2000_AMC_12_Problems/Problem_14,fas_balance_score_prior_alpha_beta,qrels,label-derived pairwise preferences from qrels,20,51,0.134211,20,1,False,0,0,0,0,0.0,0.0,0,0,20,ndcg_at_k,0.0,0,1.0,-1.0,1.0,1.0,0.15,1.0,1.0,0.000454,6.3e-05,1.7e-05,0.000425,3.1e-05,0.000721,0.003062
bright,aops:aops_2000_AMC_12_Problems/Problem_14,hybrid_rrf_fas_regularized,qrels,label-derived pairwise preferences from qrels,20,51,0.134211,20,1,False,0,0,0,0,0.0,0.0,0,0,20,ndcg_at_k,0.0,0,1.0,-1.0,1.0,1.0,0.15,1.0,1.0,0.000454,6.3e-05,1.7e-05,0.000425,2.5e-05,0.000721,0.003062
bright,aops:aops_2000_AMC_12_Problems/Problem_14,hybrid_rrf_balance_a05,qrels,label-derived pairwise preferences from qrels,20,51,0.134211,20,1,False,0,0,0,0,0.0,0.0,0,0,20,ndcg_at_k,0.0,0,1.0,-1.0,1.0,1.0,0.15,1.0,1.0,0.000454,6.3e-05,1.7e-05,0.000425,2.1e-05,0.000721,0.003062
bright,aops:aops_2000_AMC_12_Problems/Problem_14,hybrid_rrf_copeland_a03,qrels,label-derived pairwise preferences from qrels,20,51,0.134211,20,1,False,0,0,0,0,0.0,0.0,0,0,20,ndcg_at_k,0.0,0,1.0,-1.0,1.0,1.0,0.15,1.0,1.0,0.000454,6.3e-05,1.7e-05,0.000425,2e-05,0.000721,0.003062
bright,aops:aops_2000_AMC_12_Problems/Problem_14,hybrid_rrf_priority_topo_a03,qrels,label-derived pairwise preferences from qrels,20,51,0.134211,20,1,False,0,0,0,0,0.0,0.0,0,0,20,ndcg_at_k,0.0,0,-0.463158,1.0,1.0,1.0,0.15,1.0,1.0,0.000454,6.3e-05,1.7e-05,0.000425,4.9e-05,0.000721,0.003062
