dataset,protocol,regime,query_id,graph_changed,raw_balance_scores_changed,normalized_balance_scores_changed,balance_only_ranking_changed,hybrid_scores_changed,full_hybrid_ranking_changed,top_k_set_changed,top_k_order_changed,relevance_sequence_changed,ndcg_changed,hybrid_delta_ndcg
scidocs,primary_minmax_retention_matched,ms2,78495383450e02c5fe817e408726134b3084905d,False,False,False,False,False,False,False,False,False,False,0.0
scidocs,primary_minmax_retention_matched,ms2,7dcb308b9292a8bc87d6f7793d2ca5e0e19dfa40,False,False,False,False,False,False,False,False,False,False,0.0
scidocs,primary_minmax_retention_matched,ms2,8c872ecd87945e71fcd9fa1b6cb1133cfe805bf2,False,False,False,False,False,False,False,False,False,False,0.0
scidocs,primary_minmax_retention_matched,ms2,3a63667284dc8b9687ed1620406030bfe39af3c9,False,False,False,False,False,False,False,False,False,False,0.0
scidocs,primary_minmax_retention_matched,ms2,071f47b7bc5830643e31dbed82e0375bf9b26559,False,False,False,False,False,False,False,False,False,False,0.0
scidocs,primary_minmax_retention_matched,ms2,ee9596725d1db17f2b1e2207dd3ea260343bfe4f,False,False,False,False,False,False,False,False,False,False,0.0
scidocs,primary_minmax_retention_matched,ms2,a65196dfff31425281c690a7f2ca65247147da6b,False,False,False,False,False,False,False,False,False,False,0.0
scidocs,primary_minmax_retention_matched,ms2,a04b5b99f5d9d8748843e870536a4a9f65562012,False,False,False,False,False,False,False,False,False,False,0.0
scidocs,primary_minmax_retention_matched,ms2,de8e80d409aaaa3244da4f2cb5b5bb053d453cee,False,False,False,False,False,False,False,False,False,False,0.0
scidocs,primary_minmax_retention_matched,ms2,ae0fb9c6ebb8ce12610c477d2388447a13dc4694,False,False,False,False,False,False,False,False,False,False,0.0
scidocs,primary_minmax_retention_matched,ms2,648678f1edab0d2139958070744b826d2b24c79e,False,False,False,False,False,False,False,False,False,False,0.0
scidocs,primary_minmax_retention_matched,ms2,8a6080396fa7195c7c627bea4b2aeeb9ca39b5f8,False,False,False,False,False,False,False,False,False,False,0.0
scidocs,primary_minmax_retention_matched,ms2,4715401473dca02ebaa5bdd4d4003705ed91c380,False,False,False,False,False,False,False,False,False,False,0.0
scidocs,primary_minmax_retention_matched,ms2,6519bf5580fcdcc9c50fd72c6c8dc5d040d443e8,False,False,False,False,False,False,False,False,False,False,0.0
scidocs,primary_minmax_retention_matched,ms2,3be10c45163c61dfb9f250412699b3f8cb0ada1d,False,False,False,False,False,False,False,False,False,False,0.0
scidocs,primary_minmax_retention_matched,ms2,566c89a1ace18f57ac3212e6d62634b501990b31,False,False,False,False,False,False,False,False,False,False,0.0
scidocs,primary_minmax_retention_matched,ms2,370fda29c5aaff285311a87824c5f28db33da021,False,False,False,False,False,False,False,False,False,False,0.0
scidocs,primary_minmax_retention_matched,ms2,6c89453c09abde95d998f5acd244f00519472ee0,False,False,False,False,False,False,False,False,False,False,0.0
scidocs,primary_minmax_retention_matched,ms2,74d4bf32242a3d22df63e0cd3c7b5a0038220cd2,False,False,False,False,False,False,False,False,False,False,0.0
scidocs,primary_minmax_retention_matched,ms2,714c194a2fc326151b905270558aa137f9f22730,False,False,False,False,False,False,False,False,False,False,0.0
scidocs,primary_minmax_retention_matched,ms2,c79b88a8d8ba491cead38b431703d84015153a8f,False,False,False,False,False,False,False,False,False,False,0.0
scidocs,primary_minmax_retention_matched,ms2,b2a20116c0609e23d3adfeaa604500fddca66178,False,False,False,False,False,False,False,False,False,False,0.0
scidocs,primary_minmax_retention_matched,ms2,8a93cd1b6fbf7c8c86637bae18d979dafeb9a7c1,False,False,False,False,False,False,False,False,False,False,0.0
scidocs,primary_minmax_retention_matched,ms2,281b6888d5df1dddb350fac4e9be5c8272519109,False,False,False,False,False,False,False,False,False,False,0.0
scidocs,primary_minmax_retention_matched,ms2,0a40663fdcf7c5fb7cfc459693116c41309e7eca,False,False,False,False,False,False,False,False,False,False,0.0
scidocs,primary_minmax_retention_matched,ms2,8501e330d78391f4e690886a8eb8fac867704ea6,False,False,False,False,False,False,False,False,False,False,0.0
scidocs,primary_minmax_retention_matched,ms2,beac53e8074b4822943a3374ff5e9fed98a891b8,False,False,False,False,False,False,False,False,False,False,0.0
scidocs,primary_minmax_retention_matched,ms2,6ae4d0b388aa9262e80c3eedc1cb3e5f06842368,False,False,False,False,False,False,False,False,False,False,0.0
scidocs,primary_minmax_retention_matched,ms2,7db20fcc1d71edc32c365f145148d24b9f1427a5,False,False,False,False,False,False,False,False,False,False,0.0
scidocs,primary_minmax_retention_matched,ms2,335ad0ff82c728aca99fb0059c607cb18129526f,False,False,False,False,False,False,False,False,False,False,0.0
scidocs,primary_minmax_retention_matched,ms2,04e4034344bda5c97015ea634e6eb1b65ef3a898,False,False,False,False,False,False,False,False,False,False,0.0
scidocs,primary_minmax_retention_matched,ms2,271a4077c037b86fb7daf6bff3e66682322ff7d7,False,False,False,False,False,False,False,False,False,False,0.0
scidocs,primary_minmax_retention_matched,ms2,3d23666c6d97d6ba3c86044d83c697821084bed6,False,False,False,False,False,False,False,False,False,False,0.0
scidocs,primary_minmax_retention_matched,ms2,fd4537b92ab9fa7c653e9e5b9c4f815914a498c0,False,False,False,False,False,False,False,False,False,False,0.0
scidocs,primary_minmax_retention_matched,ms2,191ea925c2115755b44380c99d84f4a1099b4dcd,False,False,False,False,False,False,False,False,False,False,0.0
scidocs,primary_minmax_retention_matched,ms2,458f1428273254fc5dd399f3c104f507680ddd54,False,False,False,False,False,False,False,False,False,False,0.0
scidocs,primary_minmax_retention_matched,ms2,19115f66f6ac1c02568bbb38eceedfa3521a8cc2,False,False,False,False,False,False,False,False,False,False,0.0
scidocs,primary_minmax_retention_matched,ms2,84424eee012089dac9414979f0cb1465c97c4408,False,False,False,False,False,False,False,False,False,False,0.0
scidocs,primary_minmax_retention_matched,ms2,5bb6b779de7929c573f39cd84169cafbd72e5bae,False,False,False,False,False,False,False,False,False,False,0.0
scidocs,primary_minmax_retention_matched,ms2,7b6652910c5cc0df9ff6bc91912a02e58a742d26,False,False,False,False,False,False,False,False,False,False,0.0
scidocs,primary_minmax_retention_matched,ms2,df0ef17f63582603dafb1ac5c489dec1416ecbf4,False,False,False,False,False,False,False,False,False,False,0.0
scidocs,primary_minmax_retention_matched,ms2,f2d5039b55d626ef5466a80e950bddd5cc1819d4,False,False,False,False,False,False,False,False,False,False,0.0
scidocs,primary_minmax_retention_matched,ms2,7492683af60d02dbd658acdc61249571f8c20fc8,False,False,False,False,False,False,False,False,False,False,0.0
scidocs,primary_minmax_retention_matched,ms2,f7f32e86c23a902ac55fba8b8191026f563bec5b,False,False,False,False,False,False,False,False,False,False,0.0
scidocs,primary_minmax_retention_matched,ms2,a22e737d38a1bc671893a7ed341aba436571097a,False,False,False,False,False,False,False,False,False,False,0.0
scidocs,primary_minmax_retention_matched,ms2,4b80771429b786ea87740738378ba1eb1504a57f,False,False,False,False,False,False,False,False,False,False,0.0
scidocs,primary_minmax_retention_matched,ms2,9003fb79e7848ced3be975c3d87a9348a4b8d377,False,False,False,False,False,False,False,False,False,False,0.0
scidocs,primary_minmax_retention_matched,ms2,ac58b487e864afafe71c6158553eed10fbc8eef5,False,False,False,False,False,False,False,False,False,False,0.0
scidocs,primary_minmax_retention_matched,ms2,30c9a7660281ad8e4538ff9beb20282c74fac810,False,False,False,False,False,False,False,False,False,False,0.0
scidocs,primary_minmax_retention_matched,ms2,129397ed6557da93db5ba18cf112ee7b0a7927d8,False,False,False,False,False,False,False,False,False,False,0.0
scidocs,primary_minmax_retention_matched,ms2,1a66df57f88e689438d505474eff73e3a9180c5b,False,False,False,False,False,False,False,False,False,False,0.0
scidocs,primary_minmax_retention_matched,ms2,e00ab75a8aa637d9c4c5c020e9f2c54b31528031,False,False,False,False,False,False,False,False,False,False,0.0
scidocs,primary_minmax_retention_matched,ms2,7707c7aac35a4d206eb061305256452051ae4dcf,False,False,False,False,False,False,False,False,False,False,0.0
scidocs,primary_minmax_retention_matched,ms2,23386571ed332e4a465c0a6fa899f310caa217c8,False,False,False,False,False,False,False,False,False,False,0.0
scidocs,primary_minmax_retention_matched,ms2,e7ec9e900556d9d9e47b274911ad304bcf198256,False,False,False,False,False,False,False,False,False,False,0.0
scidocs,primary_minmax_retention_matched,ms2,ca464085b3da330f2ea895543a78c446a3af1bb6,False,False,False,False,False,False,False,False,False,False,0.0
scidocs,primary_minmax_retention_matched,ms2,f09db8a42d713774483f023b31e0ee96361823f4,False,False,False,False,False,False,False,False,False,False,0.0
scidocs,primary_minmax_retention_matched,ms2,958ebc7e24012b419316489515f2c2f908773bd5,False,False,False,False,False,False,False,False,False,False,0.0
scidocs,primary_minmax_retention_matched,ms2,73d54af530d22599cc76b9785ae0a663cc694df2,False,False,False,False,False,False,False,False,False,False,0.0
scidocs,primary_minmax_retention_matched,ms2,de77514c78432a0b17cf30baa024434173908f89,False,False,False,False,False,False,False,False,False,False,0.0
scidocs,primary_minmax_retention_matched,ms2,7c88a0f765ce3c9025345cf133251cb947fe6ee5,False,False,False,False,False,False,False,False,False,False,0.0
scidocs,primary_minmax_retention_matched,ms2,a9d7e7e918a68d1b95c6c6b29f7fabbbe01010f7,False,False,False,False,False,False,False,False,False,False,0.0
scidocs,primary_minmax_retention_matched,ms2,0bfa2ab02f3c9a9fe06fcebf34bd8f371e206512,False,False,False,False,False,False,False,False,False,False,0.0
scidocs,primary_minmax_retention_matched,ms2,5e1b80b4774582b948c6dcd656daaba6724ffc2d,False,False,False,False,False,False,False,False,False,False,0.0
scidocs,primary_minmax_retention_matched,ms2,382bbb79d7ffda63395db3d9b4ebce55d0b2f038,False,False,False,False,False,False,False,False,False,False,0.0
scidocs,primary_minmax_retention_matched,ms2,f7bdc97a6b4c5d65c145479ae74b3a244121ae89,False,False,False,False,False,False,False,False,False,False,0.0
scidocs,primary_minmax_retention_matched,ms2,e659e72b7962c9ad586a2d35a7099550102fb054,False,False,False,False,False,False,False,False,False,False,0.0
scidocs,primary_minmax_retention_matched,ms2,3136f52540fb7925998eff94e9c016d2e1a6fe12,False,False,False,False,False,False,False,False,False,False,0.0
scidocs,primary_minmax_retention_matched,ms2,0bf046038a555bc848030a28530f9836e5611b96,False,False,False,False,False,False,False,False,False,False,0.0
scidocs,primary_minmax_retention_matched,ms2,5a4b46ef8898610ab16a1ced6f4a976db0f1962c,False,False,False,False,False,False,False,False,False,False,0.0
scidocs,primary_minmax_retention_matched,ms2,232427099d4a8acf1dc29efc852f09c5964e6165,False,False,False,False,False,False,False,False,False,False,0.0
scidocs,primary_minmax_retention_matched,ms2,100636ca50edf63d4336bb071f3e172cb0ebccaa,False,False,False,False,False,False,False,False,False,False,0.0
scidocs,primary_minmax_retention_matched,ms2,7a373793804ea9813d64641919e14841f927c38f,False,False,False,False,False,False,False,False,False,False,0.0
scidocs,primary_minmax_retention_matched,ms2,e788f08148b4b06f4e537b27b51338f1c88ccea8,False,False,False,False,False,False,False,False,False,False,0.0
scidocs,primary_minmax_retention_matched,ms2,8fad88b5678bfecab78d0d6389f649ccfb310d22,False,False,False,False,False,False,False,False,False,False,0.0
scidocs,primary_minmax_retention_matched,ms2,e48e9cf407af2694ecfefd441c2c28faffdf0835,False,False,False,False,False,False,False,False,False,False,0.0
scidocs,primary_minmax_retention_matched,ms2,065985d4d0854c51f52ad7a7507b267d9b88ab1c,False,False,False,False,False,False,False,False,False,False,0.0
scidocs,primary_minmax_retention_matched,ms2,44a56dc083e3e2b07f11aae29c1ee560f46efa4a,False,False,False,False,False,False,False,False,False,False,0.0
scidocs,primary_minmax_retention_matched,ms2,3b198869df03d98b81c0c882753845a3bca36c63,False,False,False,False,False,False,False,False,False,False,0.0
scidocs,primary_minmax_retention_matched,ms2,9a7e12ef462e779263ee3f2dd415d2d21233f15d,False,False,False,False,False,False,False,False,False,False,0.0
scidocs,primary_minmax_retention_matched,ms2,76dac031066a95715a3b116eb2094ec9bdd15171,False,False,False,False,False,False,False,False,False,False,0.0
scidocs,primary_minmax_retention_matched,ms2,26ebc1b9e21db68d5abf01acd2a0c38d260c65a1,False,False,False,False,False,False,False,False,False,False,0.0
scidocs,primary_minmax_retention_matched,ms2,a1be02429ab4ec852656f8833c3160f4592cc547,False,False,False,False,False,False,False,False,False,False,0.0
scidocs,primary_minmax_retention_matched,ms2,a1f5c39aece58f6504e0334d96eaede32c7329cf,False,False,False,False,False,False,False,False,False,False,0.0
scidocs,primary_minmax_retention_matched,ms2,8ff6581f94c366e34c6f2d55806f7781194c33c8,False,False,False,False,False,False,False,False,False,False,0.0
scidocs,primary_minmax_retention_matched,ms2,fd65ca4e3ae95302f74bf863988cdb95d6a12824,False,False,False,False,False,False,False,False,False,False,0.0
scidocs,primary_minmax_retention_matched,ms2,3565d884735ead613a5aa0903f06a2cc86d05b6b,False,False,False,False,False,False,False,False,False,False,0.0
scidocs,primary_minmax_retention_matched,ms2,c2e57b2871fdfd06566820c5329815ac06f66197,False,False,False,False,False,False,False,False,False,False,0.0
scidocs,primary_minmax_retention_matched,ms2,59e2037f5079794cb9128c7f0900a568ced14c2a,False,False,False,False,False,False,False,False,False,False,0.0
scidocs,primary_minmax_retention_matched,ms2,3f95e155b1c40911149fe994197a502ef44ebbbe,False,False,False,False,False,False,False,False,False,False,0.0
scidocs,primary_minmax_retention_matched,ms2,0674058618d04def58c79a0b28174301ef591433,False,False,False,False,False,False,False,False,False,False,0.0
scidocs,primary_minmax_retention_matched,ms2,23a7c8d9f142184d28e56b0751e172fef6539275,False,False,False,False,False,False,False,False,False,False,0.0
scidocs,primary_minmax_retention_matched,ms2,ee6b940d3ae36f9b124586b15a49cec45f24b90a,False,False,False,False,False,False,False,False,False,False,0.0
scidocs,primary_minmax_retention_matched,ms2,2bd338ef8751b62d23e53fbb44d67042d634da2f,False,False,False,False,False,False,False,False,False,False,0.0
scidocs,primary_minmax_retention_matched,ms2,ddbb6e0913ac127004be73e2d4097513a8f02d37,False,False,False,False,False,False,False,False,False,False,0.0
scidocs,primary_minmax_retention_matched,ms2,d6b56cc6e05300426b6194dd3f6a38720678827e,False,False,False,False,False,False,False,False,False,False,0.0
scidocs,primary_minmax_retention_matched,ms2,df39e24c3cc21dc4c79995ec2b424a37dac999c7,False,False,False,False,False,False,False,False,False,False,0.0
scidocs,primary_minmax_retention_matched,ms2,74bd4761b373447079c6e5cd31832c00fab2fa77,False,False,False,False,False,False,False,False,False,False,0.0
scidocs,primary_minmax_retention_matched,ms2,ddbf21ca1de9617894b15d45787a27557f02a494,False,False,False,False,False,False,False,False,False,False,0.0
scidocs,primary_minmax_retention_matched,ms2,f754cab548f2c209ea7d932084ef768b92b27614,False,False,False,False,False,False,False,False,False,False,0.0
scidocs,primary_minmax_retention_matched,ms2,373f76633cc1f6c7a421e31c989842021a52fca4,False,False,False,False,False,False,False,False,False,False,0.0
scidocs,primary_minmax_retention_matched,ms2,01d208b33561362f7714f714d3bc4a1f7aa1637c,False,False,False,False,False,False,False,False,False,False,0.0
scidocs,primary_minmax_retention_matched,ms2,f365ce3e68cb3795887e93baf5fed5d783b3904e,False,False,False,False,False,False,False,False,False,False,0.0
scidocs,primary_minmax_retention_matched,ms2,28e0707528f78fecb26fe7f003d94f6a5de32b98,False,False,False,False,False,False,False,False,False,False,0.0
scidocs,primary_minmax_retention_matched,ms2,fa8042d025895e22af2d9df3ffb9f67438610fcc,False,False,False,False,False,False,False,False,False,False,0.0
scidocs,primary_minmax_retention_matched,ms2,ae2b67d03512dd0f13a68636d1d7f83cc889318a,False,False,False,False,False,False,False,False,False,False,0.0
scidocs,primary_minmax_retention_matched,ms2,b8397b4418bb1d576210d9a39d44725d6ffb2a44,False,False,False,False,False,False,False,False,False,False,0.0
scidocs,primary_minmax_retention_matched,ms2,ebf4ef0701e6f6c2050e5bed0be54fd4d8a1d991,False,False,False,False,False,False,False,False,False,False,0.0
scidocs,primary_minmax_retention_matched,ms2,af441a4f1b754ad9b3a4401e8361ad9b66786778,False,False,False,False,False,False,False,False,False,False,0.0
scidocs,primary_minmax_retention_matched,ms2,8bb3a478db8951f42198a885d7245d58036ba55c,False,False,False,False,False,False,False,False,False,False,0.0
scidocs,primary_minmax_retention_matched,ms2,9e76a700f03ef476b964b27e23c071163e44c232,False,False,False,False,False,False,False,False,False,False,0.0
scidocs,primary_minmax_retention_matched,ms2,43da9037d50745002195abb864243ecc75d4b040,False,False,False,False,False,False,False,False,False,False,0.0
scidocs,primary_minmax_retention_matched,ms2,b21951a276dd940e052676b06e193f65fdc297f9,False,False,False,False,False,False,False,False,False,False,0.0
scidocs,primary_minmax_retention_matched,ms2,b9d502d98e3bb19f8179a4363e3f28c6b6def7a8,False,False,False,False,False,False,False,False,False,False,0.0
scidocs,primary_minmax_retention_matched,ms2,399acab2bee6eccbfffe4a2ce688b6b1075e9c5e,False,False,False,False,False,False,False,False,False,False,0.0
scidocs,primary_minmax_retention_matched,ms2,4649e3279edf653135f1f31da3e242ba451a93de,False,False,False,False,False,False,False,False,False,False,0.0
scidocs,primary_minmax_retention_matched,ms2,4ab6e67519411dbdb69c6111a3b8d5f334ebb579,False,False,False,False,False,False,False,False,False,False,0.0
scidocs,primary_minmax_retention_matched,ms2,924544f503070bb390cc51e4bac9cbb3171aa03f,False,False,False,False,False,False,False,False,False,False,0.0
scidocs,primary_minmax_retention_matched,ms2,d2e6250e95af09fefbe638f1580420476a2ecaee,False,False,False,False,False,False,False,False,False,False,0.0
scidocs,primary_minmax_retention_matched,ms2,79e13ff4a21f13d3839422568274ea84a9fe42b5,False,False,False,False,False,False,False,False,False,False,0.0
scidocs,primary_minmax_retention_matched,ms1,78495383450e02c5fe817e408726134b3084905d,True,True,True,True,True,False,False,False,False,False,0.0
scidocs,primary_minmax_retention_matched,ms1,7dcb308b9292a8bc87d6f7793d2ca5e0e19dfa40,True,True,True,True,True,False,False,False,False,False,0.0
scidocs,primary_minmax_retention_matched,ms1,8c872ecd87945e71fcd9fa1b6cb1133cfe805bf2,True,True,True,True,True,True,False,True,False,False,0.0
scidocs,primary_minmax_retention_matched,ms1,3a63667284dc8b9687ed1620406030bfe39af3c9,True,True,True,True,True,True,False,True,False,False,0.0
scidocs,primary_minmax_retention_matched,ms1,071f47b7bc5830643e31dbed82e0375bf9b26559,True,True,True,True,True,True,False,True,True,True,-0.004749983264250579
scidocs,primary_minmax_retention_matched,ms1,ee9596725d1db17f2b1e2207dd3ea260343bfe4f,True,True,True,True,True,True,False,True,True,True,-0.0069754889603356185
scidocs,primary_minmax_retention_matched,ms1,a65196dfff31425281c690a7f2ca65247147da6b,True,True,True,False,True,False,False,False,False,False,0.0
scidocs,primary_minmax_retention_matched,ms1,a04b5b99f5d9d8748843e870536a4a9f65562012,True,True,True,True,True,False,False,False,False,False,0.0
scidocs,primary_minmax_retention_matched,ms1,de8e80d409aaaa3244da4f2cb5b5bb053d453cee,True,True,True,True,True,True,False,True,True,True,0.013542612711850088
scidocs,primary_minmax_retention_matched,ms1,ae0fb9c6ebb8ce12610c477d2388447a13dc4694,True,True,True,True,True,True,False,True,False,False,0.0
scidocs,primary_minmax_retention_matched,ms1,648678f1edab0d2139958070744b826d2b24c79e,True,True,True,True,True,False,False,False,False,False,0.0
scidocs,primary_minmax_retention_matched,ms1,8a6080396fa7195c7c627bea4b2aeeb9ca39b5f8,True,True,True,False,True,False,False,False,False,False,0.0
scidocs,primary_minmax_retention_matched,ms1,4715401473dca02ebaa5bdd4d4003705ed91c380,True,True,True,True,True,True,False,True,False,False,0.0
scidocs,primary_minmax_retention_matched,ms1,6519bf5580fcdcc9c50fd72c6c8dc5d040d443e8,True,True,True,False,True,False,False,False,False,False,0.0
scidocs,primary_minmax_retention_matched,ms1,3be10c45163c61dfb9f250412699b3f8cb0ada1d,True,True,True,False,True,False,False,False,False,False,0.0
scidocs,primary_minmax_retention_matched,ms1,566c89a1ace18f57ac3212e6d62634b501990b31,True,True,True,True,True,False,False,False,False,False,0.0
scidocs,primary_minmax_retention_matched,ms1,370fda29c5aaff285311a87824c5f28db33da021,True,True,True,True,True,True,False,True,False,False,0.0
scidocs,primary_minmax_retention_matched,ms1,6c89453c09abde95d998f5acd244f00519472ee0,True,True,True,True,True,True,False,True,False,False,0.0
scidocs,primary_minmax_retention_matched,ms1,74d4bf32242a3d22df63e0cd3c7b5a0038220cd2,True,True,True,True,True,True,False,True,False,False,0.0
scidocs,primary_minmax_retention_matched,ms1,714c194a2fc326151b905270558aa137f9f22730,True,True,True,True,True,True,False,True,False,False,0.0
scidocs,primary_minmax_retention_matched,ms1,c79b88a8d8ba491cead38b431703d84015153a8f,True,True,True,True,True,True,False,True,False,False,0.0
scidocs,primary_minmax_retention_matched,ms1,b2a20116c0609e23d3adfeaa604500fddca66178,True,True,True,True,True,True,False,True,False,False,0.0
scidocs,primary_minmax_retention_matched,ms1,8a93cd1b6fbf7c8c86637bae18d979dafeb9a7c1,True,True,True,True,True,True,False,True,False,False,0.0
scidocs,primary_minmax_retention_matched,ms1,281b6888d5df1dddb350fac4e9be5c8272519109,True,True,True,False,True,False,False,False,False,False,0.0
scidocs,primary_minmax_retention_matched,ms1,0a40663fdcf7c5fb7cfc459693116c41309e7eca,True,True,True,True,True,True,False,True,False,False,0.0
scidocs,primary_minmax_retention_matched,ms1,8501e330d78391f4e690886a8eb8fac867704ea6,True,True,True,True,True,True,False,True,False,False,0.0
scidocs,primary_minmax_retention_matched,ms1,beac53e8074b4822943a3374ff5e9fed98a891b8,True,True,True,True,True,True,False,True,False,False,0.0
scidocs,primary_minmax_retention_matched,ms1,6ae4d0b388aa9262e80c3eedc1cb3e5f06842368,True,True,True,True,True,False,False,False,False,False,0.0
scidocs,primary_minmax_retention_matched,ms1,7db20fcc1d71edc32c365f145148d24b9f1427a5,True,True,True,True,True,False,False,False,False,False,0.0
scidocs,primary_minmax_retention_matched,ms1,335ad0ff82c728aca99fb0059c607cb18129526f,True,True,True,True,True,True,False,True,False,False,0.0
scidocs,primary_minmax_retention_matched,ms1,04e4034344bda5c97015ea634e6eb1b65ef3a898,True,True,True,True,True,True,False,True,False,False,0.0
scidocs,primary_minmax_retention_matched,ms1,271a4077c037b86fb7daf6bff3e66682322ff7d7,True,True,True,True,True,True,False,True,False,False,0.0
scidocs,primary_minmax_retention_matched,ms1,3d23666c6d97d6ba3c86044d83c697821084bed6,True,True,True,False,True,True,False,True,False,False,0.0
scidocs,primary_minmax_retention_matched,ms1,fd4537b92ab9fa7c653e9e5b9c4f815914a498c0,True,True,True,True,True,False,False,False,False,False,0.0
scidocs,primary_minmax_retention_matched,ms1,191ea925c2115755b44380c99d84f4a1099b4dcd,True,True,True,False,True,False,False,False,False,False,0.0
scidocs,primary_minmax_retention_matched,ms1,458f1428273254fc5dd399f3c104f507680ddd54,True,True,True,True,True,True,False,True,False,False,0.0
scidocs,primary_minmax_retention_matched,ms1,19115f66f6ac1c02568bbb38eceedfa3521a8cc2,True,True,True,True,True,False,False,False,False,False,0.0
scidocs,primary_minmax_retention_matched,ms1,84424eee012089dac9414979f0cb1465c97c4408,True,True,True,True,True,True,False,True,False,False,0.0
scidocs,primary_minmax_retention_matched,ms1,5bb6b779de7929c573f39cd84169cafbd72e5bae,True,True,True,True,True,True,False,True,False,False,0.0
scidocs,primary_minmax_retention_matched,ms1,7b6652910c5cc0df9ff6bc91912a02e58a742d26,True,True,True,True,True,False,False,False,False,False,0.0
scidocs,primary_minmax_retention_matched,ms1,df0ef17f63582603dafb1ac5c489dec1416ecbf4,True,True,True,True,True,True,False,True,True,True,-0.014025039229678071
scidocs,primary_minmax_retention_matched,ms1,f2d5039b55d626ef5466a80e950bddd5cc1819d4,True,True,True,True,True,True,False,True,False,False,0.0
scidocs,primary_minmax_retention_matched,ms1,7492683af60d02dbd658acdc61249571f8c20fc8,True,True,True,True,True,True,False,True,False,False,0.0
scidocs,primary_minmax_retention_matched,ms1,f7f32e86c23a902ac55fba8b8191026f563bec5b,True,True,True,True,True,True,False,True,True,True,0.0073364099955203765
scidocs,primary_minmax_retention_matched,ms1,a22e737d38a1bc671893a7ed341aba436571097a,True,True,True,True,True,True,False,True,False,False,0.0
scidocs,primary_minmax_retention_matched,ms1,4b80771429b786ea87740738378ba1eb1504a57f,True,True,True,True,True,False,False,False,False,False,0.0
scidocs,primary_minmax_retention_matched,ms1,9003fb79e7848ced3be975c3d87a9348a4b8d377,True,True,True,True,True,True,False,True,True,True,-0.026870409803294693
scidocs,primary_minmax_retention_matched,ms1,ac58b487e864afafe71c6158553eed10fbc8eef5,True,True,True,True,True,True,False,True,False,False,0.0
scidocs,primary_minmax_retention_matched,ms1,30c9a7660281ad8e4538ff9beb20282c74fac810,True,True,True,True,True,True,False,True,False,False,0.0
scidocs,primary_minmax_retention_matched,ms1,129397ed6557da93db5ba18cf112ee7b0a7927d8,True,True,True,True,True,True,False,True,False,False,0.0
scidocs,primary_minmax_retention_matched,ms1,1a66df57f88e689438d505474eff73e3a9180c5b,True,True,True,False,True,True,False,True,False,False,0.0
scidocs,primary_minmax_retention_matched,ms1,e00ab75a8aa637d9c4c5c020e9f2c54b31528031,True,True,True,True,True,True,False,True,False,False,0.0
scidocs,primary_minmax_retention_matched,ms1,7707c7aac35a4d206eb061305256452051ae4dcf,True,True,True,True,True,True,False,True,False,False,0.0
scidocs,primary_minmax_retention_matched,ms1,23386571ed332e4a465c0a6fa899f310caa217c8,True,True,True,True,True,True,False,True,False,False,0.0
scidocs,primary_minmax_retention_matched,ms1,e7ec9e900556d9d9e47b274911ad304bcf198256,True,True,True,False,True,False,False,False,False,False,0.0
scidocs,primary_minmax_retention_matched,ms1,ca464085b3da330f2ea895543a78c446a3af1bb6,True,True,True,True,True,True,False,True,False,False,0.0
scidocs,primary_minmax_retention_matched,ms1,f09db8a42d713774483f023b31e0ee96361823f4,True,True,True,True,True,True,False,True,False,False,0.0
scidocs,primary_minmax_retention_matched,ms1,958ebc7e24012b419316489515f2c2f908773bd5,True,True,True,False,True,False,False,False,False,False,0.0
scidocs,primary_minmax_retention_matched,ms1,73d54af530d22599cc76b9785ae0a663cc694df2,True,True,True,True,True,True,False,True,False,False,0.0
scidocs,primary_minmax_retention_matched,ms1,de77514c78432a0b17cf30baa024434173908f89,True,True,True,False,True,False,False,False,False,False,0.0
scidocs,primary_minmax_retention_matched,ms1,7c88a0f765ce3c9025345cf133251cb947fe6ee5,True,True,True,True,True,True,False,True,False,False,0.0
scidocs,primary_minmax_retention_matched,ms1,a9d7e7e918a68d1b95c6c6b29f7fabbbe01010f7,True,True,True,True,True,True,False,True,False,False,0.0
scidocs,primary_minmax_retention_matched,ms1,0bfa2ab02f3c9a9fe06fcebf34bd8f371e206512,True,True,True,True,True,True,False,True,False,False,0.0
scidocs,primary_minmax_retention_matched,ms1,5e1b80b4774582b948c6dcd656daaba6724ffc2d,True,True,True,True,True,True,False,True,False,False,0.0
scidocs,primary_minmax_retention_matched,ms1,382bbb79d7ffda63395db3d9b4ebce55d0b2f038,True,True,True,True,True,True,False,True,False,False,0.0
scidocs,primary_minmax_retention_matched,ms1,f7bdc97a6b4c5d65c145479ae74b3a244121ae89,True,True,True,True,True,True,False,True,False,False,0.0
scidocs,primary_minmax_retention_matched,ms1,e659e72b7962c9ad586a2d35a7099550102fb054,True,True,True,True,True,True,False,True,False,False,0.0
scidocs,primary_minmax_retention_matched,ms1,3136f52540fb7925998eff94e9c016d2e1a6fe12,True,True,True,True,True,False,False,False,False,False,0.0
scidocs,primary_minmax_retention_matched,ms1,0bf046038a555bc848030a28530f9836e5611b96,True,True,True,True,True,False,False,False,False,False,0.0
scidocs,primary_minmax_retention_matched,ms1,5a4b46ef8898610ab16a1ced6f4a976db0f1962c,True,True,True,True,True,False,False,False,False,False,0.0
scidocs,primary_minmax_retention_matched,ms1,232427099d4a8acf1dc29efc852f09c5964e6165,True,True,True,True,True,True,False,True,True,True,-0.014025039229678071
scidocs,primary_minmax_retention_matched,ms1,100636ca50edf63d4336bb071f3e172cb0ebccaa,True,True,True,True,True,True,False,True,False,False,0.0
scidocs,primary_minmax_retention_matched,ms1,7a373793804ea9813d64641919e14841f927c38f,True,True,True,True,True,True,False,True,False,False,0.0
scidocs,primary_minmax_retention_matched,ms1,e788f08148b4b06f4e537b27b51338f1c88ccea8,True,True,True,True,True,True,False,True,False,False,0.0
scidocs,primary_minmax_retention_matched,ms1,8fad88b5678bfecab78d0d6389f649ccfb310d22,True,True,True,True,True,True,False,True,False,False,0.0
scidocs,primary_minmax_retention_matched,ms1,e48e9cf407af2694ecfefd441c2c28faffdf0835,True,True,True,False,True,False,False,False,False,False,0.0
scidocs,primary_minmax_retention_matched,ms1,065985d4d0854c51f52ad7a7507b267d9b88ab1c,True,True,True,True,True,True,False,True,True,True,0.014025039229678071
scidocs,primary_minmax_retention_matched,ms1,44a56dc083e3e2b07f11aae29c1ee560f46efa4a,True,True,True,True,True,False,False,False,False,False,0.0
scidocs,primary_minmax_retention_matched,ms1,3b198869df03d98b81c0c882753845a3bca36c63,True,True,True,True,True,False,False,False,False,False,0.0
scidocs,primary_minmax_retention_matched,ms1,9a7e12ef462e779263ee3f2dd415d2d21233f15d,True,True,True,True,True,True,False,True,False,False,0.0
scidocs,primary_minmax_retention_matched,ms1,76dac031066a95715a3b116eb2094ec9bdd15171,True,True,True,True,True,False,False,False,False,False,0.0
scidocs,primary_minmax_retention_matched,ms1,26ebc1b9e21db68d5abf01acd2a0c38d260c65a1,True,True,True,True,True,True,False,True,False,False,0.0
scidocs,primary_minmax_retention_matched,ms1,a1be02429ab4ec852656f8833c3160f4592cc547,True,True,True,True,True,True,False,True,False,False,0.0
scidocs,primary_minmax_retention_matched,ms1,a1f5c39aece58f6504e0334d96eaede32c7329cf,True,True,True,True,True,False,False,False,False,False,0.0
scidocs,primary_minmax_retention_matched,ms1,8ff6581f94c366e34c6f2d55806f7781194c33c8,True,True,True,True,True,False,False,False,False,False,0.0
scidocs,primary_minmax_retention_matched,ms1,fd65ca4e3ae95302f74bf863988cdb95d6a12824,True,True,True,True,True,False,False,False,False,False,0.0
scidocs,primary_minmax_retention_matched,ms1,3565d884735ead613a5aa0903f06a2cc86d05b6b,True,True,True,True,True,False,False,False,False,False,0.0
scidocs,primary_minmax_retention_matched,ms1,c2e57b2871fdfd06566820c5329815ac06f66197,True,True,True,True,True,False,False,False,False,False,0.0
scidocs,primary_minmax_retention_matched,ms1,59e2037f5079794cb9128c7f0900a568ced14c2a,True,True,True,True,True,False,False,False,False,False,0.0
scidocs,primary_minmax_retention_matched,ms1,3f95e155b1c40911149fe994197a502ef44ebbbe,True,True,True,False,True,False,False,False,False,False,0.0
scidocs,primary_minmax_retention_matched,ms1,0674058618d04def58c79a0b28174301ef591433,True,True,True,True,True,True,False,True,False,False,0.0
scidocs,primary_minmax_retention_matched,ms1,23a7c8d9f142184d28e56b0751e172fef6539275,True,True,True,True,True,False,False,False,False,False,0.0
scidocs,primary_minmax_retention_matched,ms1,ee6b940d3ae36f9b124586b15a49cec45f24b90a,True,True,True,True,True,False,False,False,False,False,0.0
scidocs,primary_minmax_retention_matched,ms1,2bd338ef8751b62d23e53fbb44d67042d634da2f,True,True,True,True,True,True,False,True,False,False,0.0
scidocs,primary_minmax_retention_matched,ms1,ddbb6e0913ac127004be73e2d4097513a8f02d37,True,True,True,False,True,False,False,False,False,False,0.0
scidocs,primary_minmax_retention_matched,ms1,d6b56cc6e05300426b6194dd3f6a38720678827e,True,True,True,True,True,False,False,False,False,False,0.0
scidocs,primary_minmax_retention_matched,ms1,df39e24c3cc21dc4c79995ec2b424a37dac999c7,True,True,True,True,True,True,False,True,False,False,0.0
scidocs,primary_minmax_retention_matched,ms1,74bd4761b373447079c6e5cd31832c00fab2fa77,True,True,True,False,True,False,False,False,False,False,0.0
scidocs,primary_minmax_retention_matched,ms1,ddbf21ca1de9617894b15d45787a27557f02a494,True,True,True,True,True,False,False,False,False,False,0.0
scidocs,primary_minmax_retention_matched,ms1,f754cab548f2c209ea7d932084ef768b92b27614,True,True,True,True,True,False,False,False,False,False,0.0
scidocs,primary_minmax_retention_matched,ms1,373f76633cc1f6c7a421e31c989842021a52fca4,True,True,True,True,True,False,False,False,False,False,0.0
scidocs,primary_minmax_retention_matched,ms1,01d208b33561362f7714f714d3bc4a1f7aa1637c,True,True,True,True,True,True,False,True,False,False,0.0
scidocs,primary_minmax_retention_matched,ms1,f365ce3e68cb3795887e93baf5fed5d783b3904e,False,False,False,False,False,False,False,False,False,False,0.0
scidocs,primary_minmax_retention_matched,ms1,28e0707528f78fecb26fe7f003d94f6a5de32b98,True,True,True,True,True,False,False,False,False,False,0.0
scidocs,primary_minmax_retention_matched,ms1,fa8042d025895e22af2d9df3ffb9f67438610fcc,True,True,True,True,True,True,False,True,False,False,0.0
scidocs,primary_minmax_retention_matched,ms1,ae2b67d03512dd0f13a68636d1d7f83cc889318a,True,True,True,True,True,False,False,False,False,False,0.0
scidocs,primary_minmax_retention_matched,ms1,b8397b4418bb1d576210d9a39d44725d6ffb2a44,True,True,True,True,True,False,False,False,False,False,0.0
scidocs,primary_minmax_retention_matched,ms1,ebf4ef0701e6f6c2050e5bed0be54fd4d8a1d991,True,True,True,True,True,False,False,False,False,False,0.0
scidocs,primary_minmax_retention_matched,ms1,af441a4f1b754ad9b3a4401e8361ad9b66786778,True,True,True,True,True,False,False,False,False,False,0.0
scidocs,primary_minmax_retention_matched,ms1,8bb3a478db8951f42198a885d7245d58036ba55c,True,True,True,True,True,True,False,True,False,False,0.0
scidocs,primary_minmax_retention_matched,ms1,9e76a700f03ef476b964b27e23c071163e44c232,True,True,True,True,True,True,False,True,False,False,0.0
scidocs,primary_minmax_retention_matched,ms1,43da9037d50745002195abb864243ecc75d4b040,True,True,True,True,True,False,False,False,False,False,0.0
scidocs,primary_minmax_retention_matched,ms1,b21951a276dd940e052676b06e193f65fdc297f9,True,True,True,True,True,True,False,True,False,False,0.0
scidocs,primary_minmax_retention_matched,ms1,b9d502d98e3bb19f8179a4363e3f28c6b6def7a8,True,True,True,False,True,True,False,True,False,False,0.0
scidocs,primary_minmax_retention_matched,ms1,399acab2bee6eccbfffe4a2ce688b6b1075e9c5e,True,True,True,True,True,False,False,False,False,False,0.0
scidocs,primary_minmax_retention_matched,ms1,4649e3279edf653135f1f31da3e242ba451a93de,True,True,True,False,True,True,False,True,False,False,0.0
scidocs,primary_minmax_retention_matched,ms1,4ab6e67519411dbdb69c6111a3b8d5f334ebb579,True,True,True,True,True,True,False,True,False,False,0.0
scidocs,primary_minmax_retention_matched,ms1,924544f503070bb390cc51e4bac9cbb3171aa03f,True,True,True,True,True,False,False,False,False,False,0.0
scidocs,primary_minmax_retention_matched,ms1,d2e6250e95af09fefbe638f1580420476a2ecaee,True,True,True,True,True,True,False,True,False,False,0.0
scidocs,primary_minmax_retention_matched,ms1,79e13ff4a21f13d3839422568274ea84a9fe42b5,True,True,True,True,True,False,False,False,False,False,0.0
scidocs,primary_minmax_retention_matched,ms1_drop_mutual,78495383450e02c5fe817e408726134b3084905d,False,False,False,False,False,False,False,False,False,False,0.0
scidocs,primary_minmax_retention_matched,ms1_drop_mutual,7dcb308b9292a8bc87d6f7793d2ca5e0e19dfa40,False,False,False,False,False,False,False,False,False,False,0.0
scidocs,primary_minmax_retention_matched,ms1_drop_mutual,8c872ecd87945e71fcd9fa1b6cb1133cfe805bf2,False,False,False,False,False,False,False,False,False,False,0.0
scidocs,primary_minmax_retention_matched,ms1_drop_mutual,3a63667284dc8b9687ed1620406030bfe39af3c9,False,False,False,False,False,False,False,False,False,False,0.0
scidocs,primary_minmax_retention_matched,ms1_drop_mutual,071f47b7bc5830643e31dbed82e0375bf9b26559,False,False,False,False,False,False,False,False,False,False,0.0
scidocs,primary_minmax_retention_matched,ms1_drop_mutual,ee9596725d1db17f2b1e2207dd3ea260343bfe4f,False,False,False,False,False,False,False,False,False,False,0.0
scidocs,primary_minmax_retention_matched,ms1_drop_mutual,a65196dfff31425281c690a7f2ca65247147da6b,False,False,False,False,False,False,False,False,False,False,0.0
scidocs,primary_minmax_retention_matched,ms1_drop_mutual,a04b5b99f5d9d8748843e870536a4a9f65562012,False,False,False,False,False,False,False,False,False,False,0.0
scidocs,primary_minmax_retention_matched,ms1_drop_mutual,de8e80d409aaaa3244da4f2cb5b5bb053d453cee,False,False,False,False,False,False,False,False,False,False,0.0
scidocs,primary_minmax_retention_matched,ms1_drop_mutual,ae0fb9c6ebb8ce12610c477d2388447a13dc4694,True,True,True,True,True,True,False,True,False,False,0.0
scidocs,primary_minmax_retention_matched,ms1_drop_mutual,648678f1edab0d2139958070744b826d2b24c79e,False,False,False,False,False,False,False,False,False,False,0.0
scidocs,primary_minmax_retention_matched,ms1_drop_mutual,8a6080396fa7195c7c627bea4b2aeeb9ca39b5f8,False,False,False,False,False,False,False,False,False,False,0.0
scidocs,primary_minmax_retention_matched,ms1_drop_mutual,4715401473dca02ebaa5bdd4d4003705ed91c380,False,False,False,False,False,False,False,False,False,False,0.0
scidocs,primary_minmax_retention_matched,ms1_drop_mutual,6519bf5580fcdcc9c50fd72c6c8dc5d040d443e8,False,False,False,False,False,False,False,False,False,False,0.0
scidocs,primary_minmax_retention_matched,ms1_drop_mutual,3be10c45163c61dfb9f250412699b3f8cb0ada1d,False,False,False,False,False,False,False,False,False,False,0.0
scidocs,primary_minmax_retention_matched,ms1_drop_mutual,566c89a1ace18f57ac3212e6d62634b501990b31,False,False,False,False,False,False,False,False,False,False,0.0
scidocs,primary_minmax_retention_matched,ms1_drop_mutual,370fda29c5aaff285311a87824c5f28db33da021,False,False,False,False,False,False,False,False,False,False,0.0
scidocs,primary_minmax_retention_matched,ms1_drop_mutual,6c89453c09abde95d998f5acd244f00519472ee0,False,False,False,False,False,False,False,False,False,False,0.0
scidocs,primary_minmax_retention_matched,ms1_drop_mutual,74d4bf32242a3d22df63e0cd3c7b5a0038220cd2,False,False,False,False,False,False,False,False,False,False,0.0
scidocs,primary_minmax_retention_matched,ms1_drop_mutual,714c194a2fc326151b905270558aa137f9f22730,False,False,False,False,False,False,False,False,False,False,0.0
scidocs,primary_minmax_retention_matched,ms1_drop_mutual,c79b88a8d8ba491cead38b431703d84015153a8f,False,False,False,False,False,False,False,False,False,False,0.0
scidocs,primary_minmax_retention_matched,ms1_drop_mutual,b2a20116c0609e23d3adfeaa604500fddca66178,False,False,False,False,False,False,False,False,False,False,0.0
scidocs,primary_minmax_retention_matched,ms1_drop_mutual,8a93cd1b6fbf7c8c86637bae18d979dafeb9a7c1,False,False,False,False,False,False,False,False,False,False,0.0
scidocs,primary_minmax_retention_matched,ms1_drop_mutual,281b6888d5df1dddb350fac4e9be5c8272519109,False,False,False,False,False,False,False,False,False,False,0.0
scidocs,primary_minmax_retention_matched,ms1_drop_mutual,0a40663fdcf7c5fb7cfc459693116c41309e7eca,False,False,False,False,False,False,False,False,False,False,0.0
scidocs,primary_minmax_retention_matched,ms1_drop_mutual,8501e330d78391f4e690886a8eb8fac867704ea6,False,False,False,False,False,False,False,False,False,False,0.0
scidocs,primary_minmax_retention_matched,ms1_drop_mutual,beac53e8074b4822943a3374ff5e9fed98a891b8,False,False,False,False,False,False,False,False,False,False,0.0
scidocs,primary_minmax_retention_matched,ms1_drop_mutual,6ae4d0b388aa9262e80c3eedc1cb3e5f06842368,False,False,False,False,False,False,False,False,False,False,0.0
scidocs,primary_minmax_retention_matched,ms1_drop_mutual,7db20fcc1d71edc32c365f145148d24b9f1427a5,False,False,False,False,False,False,False,False,False,False,0.0
scidocs,primary_minmax_retention_matched,ms1_drop_mutual,335ad0ff82c728aca99fb0059c607cb18129526f,False,False,False,False,False,False,False,False,False,False,0.0
scidocs,primary_minmax_retention_matched,ms1_drop_mutual,04e4034344bda5c97015ea634e6eb1b65ef3a898,False,False,False,False,False,False,False,False,False,False,0.0
scidocs,primary_minmax_retention_matched,ms1_drop_mutual,271a4077c037b86fb7daf6bff3e66682322ff7d7,False,False,False,False,False,False,False,False,False,False,0.0
scidocs,primary_minmax_retention_matched,ms1_drop_mutual,3d23666c6d97d6ba3c86044d83c697821084bed6,False,False,False,False,False,False,False,False,False,False,0.0
scidocs,primary_minmax_retention_matched,ms1_drop_mutual,fd4537b92ab9fa7c653e9e5b9c4f815914a498c0,False,False,False,False,False,False,False,False,False,False,0.0
scidocs,primary_minmax_retention_matched,ms1_drop_mutual,191ea925c2115755b44380c99d84f4a1099b4dcd,True,True,True,False,True,False,False,False,False,False,0.0
scidocs,primary_minmax_retention_matched,ms1_drop_mutual,458f1428273254fc5dd399f3c104f507680ddd54,False,False,False,False,False,False,False,False,False,False,0.0
scidocs,primary_minmax_retention_matched,ms1_drop_mutual,19115f66f6ac1c02568bbb38eceedfa3521a8cc2,True,True,True,False,True,False,False,False,False,False,0.0
scidocs,primary_minmax_retention_matched,ms1_drop_mutual,84424eee012089dac9414979f0cb1465c97c4408,False,False,False,False,False,False,False,False,False,False,0.0
scidocs,primary_minmax_retention_matched,ms1_drop_mutual,5bb6b779de7929c573f39cd84169cafbd72e5bae,False,False,False,False,False,False,False,False,False,False,0.0
scidocs,primary_minmax_retention_matched,ms1_drop_mutual,7b6652910c5cc0df9ff6bc91912a02e58a742d26,True,True,True,False,True,True,False,True,False,False,0.0
scidocs,primary_minmax_retention_matched,ms1_drop_mutual,df0ef17f63582603dafb1ac5c489dec1416ecbf4,False,False,False,False,False,False,False,False,False,False,0.0
scidocs,primary_minmax_retention_matched,ms1_drop_mutual,f2d5039b55d626ef5466a80e950bddd5cc1819d4,False,False,False,False,False,False,False,False,False,False,0.0
scidocs,primary_minmax_retention_matched,ms1_drop_mutual,7492683af60d02dbd658acdc61249571f8c20fc8,False,False,False,False,False,False,False,False,False,False,0.0
scidocs,primary_minmax_retention_matched,ms1_drop_mutual,f7f32e86c23a902ac55fba8b8191026f563bec5b,True,True,True,False,True,False,False,False,False,False,0.0
scidocs,primary_minmax_retention_matched,ms1_drop_mutual,a22e737d38a1bc671893a7ed341aba436571097a,False,False,False,False,False,False,False,False,False,False,0.0
scidocs,primary_minmax_retention_matched,ms1_drop_mutual,4b80771429b786ea87740738378ba1eb1504a57f,False,False,False,False,False,False,False,False,False,False,0.0
scidocs,primary_minmax_retention_matched,ms1_drop_mutual,9003fb79e7848ced3be975c3d87a9348a4b8d377,False,False,False,False,False,False,False,False,False,False,0.0
scidocs,primary_minmax_retention_matched,ms1_drop_mutual,ac58b487e864afafe71c6158553eed10fbc8eef5,False,False,False,False,False,False,False,False,False,False,0.0
scidocs,primary_minmax_retention_matched,ms1_drop_mutual,30c9a7660281ad8e4538ff9beb20282c74fac810,True,True,True,False,True,False,False,False,False,False,0.0
scidocs,primary_minmax_retention_matched,ms1_drop_mutual,129397ed6557da93db5ba18cf112ee7b0a7927d8,False,False,False,False,False,False,False,False,False,False,0.0
scidocs,primary_minmax_retention_matched,ms1_drop_mutual,1a66df57f88e689438d505474eff73e3a9180c5b,False,False,False,False,False,False,False,False,False,False,0.0
scidocs,primary_minmax_retention_matched,ms1_drop_mutual,e00ab75a8aa637d9c4c5c020e9f2c54b31528031,False,False,False,False,False,False,False,False,False,False,0.0
scidocs,primary_minmax_retention_matched,ms1_drop_mutual,7707c7aac35a4d206eb061305256452051ae4dcf,False,False,False,False,False,False,False,False,False,False,0.0
scidocs,primary_minmax_retention_matched,ms1_drop_mutual,23386571ed332e4a465c0a6fa899f310caa217c8,False,False,False,False,False,False,False,False,False,False,0.0
scidocs,primary_minmax_retention_matched,ms1_drop_mutual,e7ec9e900556d9d9e47b274911ad304bcf198256,False,False,False,False,False,False,False,False,False,False,0.0
scidocs,primary_minmax_retention_matched,ms1_drop_mutual,ca464085b3da330f2ea895543a78c446a3af1bb6,False,False,False,False,False,False,False,False,False,False,0.0
scidocs,primary_minmax_retention_matched,ms1_drop_mutual,f09db8a42d713774483f023b31e0ee96361823f4,False,False,False,False,False,False,False,False,False,False,0.0
scidocs,primary_minmax_retention_matched,ms1_drop_mutual,958ebc7e24012b419316489515f2c2f908773bd5,False,False,False,False,False,False,False,False,False,False,0.0
scidocs,primary_minmax_retention_matched,ms1_drop_mutual,73d54af530d22599cc76b9785ae0a663cc694df2,False,False,False,False,False,False,False,False,False,False,0.0
scidocs,primary_minmax_retention_matched,ms1_drop_mutual,de77514c78432a0b17cf30baa024434173908f89,False,False,False,False,False,False,False,False,False,False,0.0
scidocs,primary_minmax_retention_matched,ms1_drop_mutual,7c88a0f765ce3c9025345cf133251cb947fe6ee5,False,False,False,False,False,False,False,False,False,False,0.0
scidocs,primary_minmax_retention_matched,ms1_drop_mutual,a9d7e7e918a68d1b95c6c6b29f7fabbbe01010f7,False,False,False,False,False,False,False,False,False,False,0.0
scidocs,primary_minmax_retention_matched,ms1_drop_mutual,0bfa2ab02f3c9a9fe06fcebf34bd8f371e206512,False,False,False,False,False,False,False,False,False,False,0.0
scidocs,primary_minmax_retention_matched,ms1_drop_mutual,5e1b80b4774582b948c6dcd656daaba6724ffc2d,True,True,True,False,True,False,False,False,False,False,0.0
scidocs,primary_minmax_retention_matched,ms1_drop_mutual,382bbb79d7ffda63395db3d9b4ebce55d0b2f038,False,False,False,False,False,False,False,False,False,False,0.0
scidocs,primary_minmax_retention_matched,ms1_drop_mutual,f7bdc97a6b4c5d65c145479ae74b3a244121ae89,False,False,False,False,False,False,False,False,False,False,0.0
scidocs,primary_minmax_retention_matched,ms1_drop_mutual,e659e72b7962c9ad586a2d35a7099550102fb054,False,False,False,False,False,False,False,False,False,False,0.0
scidocs,primary_minmax_retention_matched,ms1_drop_mutual,3136f52540fb7925998eff94e9c016d2e1a6fe12,False,False,False,False,False,False,False,False,False,False,0.0
scidocs,primary_minmax_retention_matched,ms1_drop_mutual,0bf046038a555bc848030a28530f9836e5611b96,False,False,False,False,False,False,False,False,False,False,0.0
scidocs,primary_minmax_retention_matched,ms1_drop_mutual,5a4b46ef8898610ab16a1ced6f4a976db0f1962c,False,False,False,False,False,False,False,False,False,False,0.0
scidocs,primary_minmax_retention_matched,ms1_drop_mutual,232427099d4a8acf1dc29efc852f09c5964e6165,False,False,False,False,False,False,False,False,False,False,0.0
scidocs,primary_minmax_retention_matched,ms1_drop_mutual,100636ca50edf63d4336bb071f3e172cb0ebccaa,False,False,False,False,False,False,False,False,False,False,0.0
scidocs,primary_minmax_retention_matched,ms1_drop_mutual,7a373793804ea9813d64641919e14841f927c38f,False,False,False,False,False,False,False,False,False,False,0.0
scidocs,primary_minmax_retention_matched,ms1_drop_mutual,e788f08148b4b06f4e537b27b51338f1c88ccea8,True,True,True,True,True,True,False,True,False,False,0.0
scidocs,primary_minmax_retention_matched,ms1_drop_mutual,8fad88b5678bfecab78d0d6389f649ccfb310d22,False,False,False,False,False,False,False,False,False,False,0.0
scidocs,primary_minmax_retention_matched,ms1_drop_mutual,e48e9cf407af2694ecfefd441c2c28faffdf0835,False,False,False,False,False,False,False,False,False,False,0.0
scidocs,primary_minmax_retention_matched,ms1_drop_mutual,065985d4d0854c51f52ad7a7507b267d9b88ab1c,False,False,False,False,False,False,False,False,False,False,0.0
scidocs,primary_minmax_retention_matched,ms1_drop_mutual,44a56dc083e3e2b07f11aae29c1ee560f46efa4a,False,False,False,False,False,False,False,False,False,False,0.0
scidocs,primary_minmax_retention_matched,ms1_drop_mutual,3b198869df03d98b81c0c882753845a3bca36c63,False,False,False,False,False,False,False,False,False,False,0.0
scidocs,primary_minmax_retention_matched,ms1_drop_mutual,9a7e12ef462e779263ee3f2dd415d2d21233f15d,False,False,False,False,False,False,False,False,False,False,0.0
scidocs,primary_minmax_retention_matched,ms1_drop_mutual,76dac031066a95715a3b116eb2094ec9bdd15171,False,False,False,False,False,False,False,False,False,False,0.0
scidocs,primary_minmax_retention_matched,ms1_drop_mutual,26ebc1b9e21db68d5abf01acd2a0c38d260c65a1,False,False,False,False,False,False,False,False,False,False,0.0
scidocs,primary_minmax_retention_matched,ms1_drop_mutual,a1be02429ab4ec852656f8833c3160f4592cc547,False,False,False,False,False,False,False,False,False,False,0.0
scidocs,primary_minmax_retention_matched,ms1_drop_mutual,a1f5c39aece58f6504e0334d96eaede32c7329cf,False,False,False,False,False,False,False,False,False,False,0.0
scidocs,primary_minmax_retention_matched,ms1_drop_mutual,8ff6581f94c366e34c6f2d55806f7781194c33c8,False,False,False,False,False,False,False,False,False,False,0.0
scidocs,primary_minmax_retention_matched,ms1_drop_mutual,fd65ca4e3ae95302f74bf863988cdb95d6a12824,False,False,False,False,False,False,False,False,False,False,0.0
scidocs,primary_minmax_retention_matched,ms1_drop_mutual,3565d884735ead613a5aa0903f06a2cc86d05b6b,False,False,False,False,False,False,False,False,False,False,0.0
scidocs,primary_minmax_retention_matched,ms1_drop_mutual,c2e57b2871fdfd06566820c5329815ac06f66197,True,True,True,False,True,False,False,False,False,False,0.0
scidocs,primary_minmax_retention_matched,ms1_drop_mutual,59e2037f5079794cb9128c7f0900a568ced14c2a,False,False,False,False,False,False,False,False,False,False,0.0
scidocs,primary_minmax_retention_matched,ms1_drop_mutual,3f95e155b1c40911149fe994197a502ef44ebbbe,False,False,False,False,False,False,False,False,False,False,0.0
scidocs,primary_minmax_retention_matched,ms1_drop_mutual,0674058618d04def58c79a0b28174301ef591433,False,False,False,False,False,False,False,False,False,False,0.0
scidocs,primary_minmax_retention_matched,ms1_drop_mutual,23a7c8d9f142184d28e56b0751e172fef6539275,False,False,False,False,False,False,False,False,False,False,0.0
scidocs,primary_minmax_retention_matched,ms1_drop_mutual,ee6b940d3ae36f9b124586b15a49cec45f24b90a,False,False,False,False,False,False,False,False,False,False,0.0
scidocs,primary_minmax_retention_matched,ms1_drop_mutual,2bd338ef8751b62d23e53fbb44d67042d634da2f,False,False,False,False,False,False,False,False,False,False,0.0
scidocs,primary_minmax_retention_matched,ms1_drop_mutual,ddbb6e0913ac127004be73e2d4097513a8f02d37,True,True,True,False,True,False,False,False,False,False,0.0
scidocs,primary_minmax_retention_matched,ms1_drop_mutual,d6b56cc6e05300426b6194dd3f6a38720678827e,False,False,False,False,False,False,False,False,False,False,0.0
scidocs,primary_minmax_retention_matched,ms1_drop_mutual,df39e24c3cc21dc4c79995ec2b424a37dac999c7,False,False,False,False,False,False,False,False,False,False,0.0
scidocs,primary_minmax_retention_matched,ms1_drop_mutual,74bd4761b373447079c6e5cd31832c00fab2fa77,False,False,False,False,False,False,False,False,False,False,0.0
scidocs,primary_minmax_retention_matched,ms1_drop_mutual,ddbf21ca1de9617894b15d45787a27557f02a494,False,False,False,False,False,False,False,False,False,False,0.0
scidocs,primary_minmax_retention_matched,ms1_drop_mutual,f754cab548f2c209ea7d932084ef768b92b27614,False,False,False,False,False,False,False,False,False,False,0.0
scidocs,primary_minmax_retention_matched,ms1_drop_mutual,373f76633cc1f6c7a421e31c989842021a52fca4,False,False,False,False,False,False,False,False,False,False,0.0
scidocs,primary_minmax_retention_matched,ms1_drop_mutual,01d208b33561362f7714f714d3bc4a1f7aa1637c,False,False,False,False,False,False,False,False,False,False,0.0
scidocs,primary_minmax_retention_matched,ms1_drop_mutual,f365ce3e68cb3795887e93baf5fed5d783b3904e,False,False,False,False,False,False,False,False,False,False,0.0
scidocs,primary_minmax_retention_matched,ms1_drop_mutual,28e0707528f78fecb26fe7f003d94f6a5de32b98,False,False,False,False,False,False,False,False,False,False,0.0
scidocs,primary_minmax_retention_matched,ms1_drop_mutual,fa8042d025895e22af2d9df3ffb9f67438610fcc,False,False,False,False,False,False,False,False,False,False,0.0
scidocs,primary_minmax_retention_matched,ms1_drop_mutual,ae2b67d03512dd0f13a68636d1d7f83cc889318a,False,False,False,False,False,False,False,False,False,False,0.0
scidocs,primary_minmax_retention_matched,ms1_drop_mutual,b8397b4418bb1d576210d9a39d44725d6ffb2a44,False,False,False,False,False,False,False,False,False,False,0.0
scidocs,primary_minmax_retention_matched,ms1_drop_mutual,ebf4ef0701e6f6c2050e5bed0be54fd4d8a1d991,True,True,True,True,True,True,False,True,False,False,0.0
scidocs,primary_minmax_retention_matched,ms1_drop_mutual,af441a4f1b754ad9b3a4401e8361ad9b66786778,False,False,False,False,False,False,False,False,False,False,0.0
scidocs,primary_minmax_retention_matched,ms1_drop_mutual,8bb3a478db8951f42198a885d7245d58036ba55c,False,False,False,False,False,False,False,False,False,False,0.0
scidocs,primary_minmax_retention_matched,ms1_drop_mutual,9e76a700f03ef476b964b27e23c071163e44c232,False,False,False,False,False,False,False,False,False,False,0.0
scidocs,primary_minmax_retention_matched,ms1_drop_mutual,43da9037d50745002195abb864243ecc75d4b040,True,True,True,False,True,False,False,False,False,False,0.0
scidocs,primary_minmax_retention_matched,ms1_drop_mutual,b21951a276dd940e052676b06e193f65fdc297f9,True,True,True,True,True,False,False,False,False,False,0.0
scidocs,primary_minmax_retention_matched,ms1_drop_mutual,b9d502d98e3bb19f8179a4363e3f28c6b6def7a8,False,False,False,False,False,False,False,False,False,False,0.0
scidocs,primary_minmax_retention_matched,ms1_drop_mutual,399acab2bee6eccbfffe4a2ce688b6b1075e9c5e,False,False,False,False,False,False,False,False,False,False,0.0
scidocs,primary_minmax_retention_matched,ms1_drop_mutual,4649e3279edf653135f1f31da3e242ba451a93de,False,False,False,False,False,False,False,False,False,False,0.0
scidocs,primary_minmax_retention_matched,ms1_drop_mutual,4ab6e67519411dbdb69c6111a3b8d5f334ebb579,False,False,False,False,False,False,False,False,False,False,0.0
scidocs,primary_minmax_retention_matched,ms1_drop_mutual,924544f503070bb390cc51e4bac9cbb3171aa03f,False,False,False,False,False,False,False,False,False,False,0.0
scidocs,primary_minmax_retention_matched,ms1_drop_mutual,d2e6250e95af09fefbe638f1580420476a2ecaee,True,True,True,True,True,False,False,False,False,False,0.0
scidocs,primary_minmax_retention_matched,ms1_drop_mutual,79e13ff4a21f13d3839422568274ea84a9fe42b5,False,False,False,False,False,False,False,False,False,False,0.0
fiqa,primary_minmax_retention_matched,ms2,0,False,False,False,False,False,False,False,False,False,False,0.0
fiqa,primary_minmax_retention_matched,ms2,4,False,False,False,False,False,False,False,False,False,False,0.0
fiqa,primary_minmax_retention_matched,ms2,5,False,False,False,False,False,False,False,False,False,False,0.0
fiqa,primary_minmax_retention_matched,ms2,6,False,False,False,False,False,False,False,False,False,False,0.0
fiqa,primary_minmax_retention_matched,ms2,7,False,False,False,False,False,False,False,False,False,False,0.0
fiqa,primary_minmax_retention_matched,ms2,9,False,False,False,False,False,False,False,False,False,False,0.0
fiqa,primary_minmax_retention_matched,ms2,11,False,False,False,False,False,False,False,False,False,False,0.0
fiqa,primary_minmax_retention_matched,ms2,12,False,False,False,False,False,False,False,False,False,False,0.0
fiqa,primary_minmax_retention_matched,ms2,13,False,False,False,False,False,False,False,False,False,False,0.0
fiqa,primary_minmax_retention_matched,ms2,14,False,False,False,False,False,False,False,False,False,False,0.0
fiqa,primary_minmax_retention_matched,ms2,16,False,False,False,False,False,False,False,False,False,False,0.0
fiqa,primary_minmax_retention_matched,ms2,19,False,False,False,False,False,False,False,False,False,False,0.0
fiqa,primary_minmax_retention_matched,ms2,20,False,False,False,False,False,False,False,False,False,False,0.0
fiqa,primary_minmax_retention_matched,ms2,21,False,False,False,False,False,False,False,False,False,False,0.0
fiqa,primary_minmax_retention_matched,ms2,23,False,False,False,False,False,False,False,False,False,False,0.0
fiqa,primary_minmax_retention_matched,ms2,25,False,False,False,False,False,False,False,False,False,False,0.0
fiqa,primary_minmax_retention_matched,ms2,27,False,False,False,False,False,False,False,False,False,False,0.0
fiqa,primary_minmax_retention_matched,ms2,28,False,False,False,False,False,False,False,False,False,False,0.0
fiqa,primary_minmax_retention_matched,ms2,30,False,False,False,False,False,False,False,False,False,False,0.0
fiqa,primary_minmax_retention_matched,ms2,31,False,False,False,False,False,False,False,False,False,False,0.0
fiqa,primary_minmax_retention_matched,ms2,32,False,False,False,False,False,False,False,False,False,False,0.0
fiqa,primary_minmax_retention_matched,ms2,33,False,False,False,False,False,False,False,False,False,False,0.0
fiqa,primary_minmax_retention_matched,ms2,35,False,False,False,False,False,False,False,False,False,False,0.0
fiqa,primary_minmax_retention_matched,ms2,36,False,False,False,False,False,False,False,False,False,False,0.0
fiqa,primary_minmax_retention_matched,ms2,37,False,False,False,False,False,False,False,False,False,False,0.0
fiqa,primary_minmax_retention_matched,ms2,41,False,False,False,False,False,False,False,False,False,False,0.0
fiqa,primary_minmax_retention_matched,ms2,43,False,False,False,False,False,False,False,False,False,False,0.0
fiqa,primary_minmax_retention_matched,ms2,45,False,False,False,False,False,False,False,False,False,False,0.0
fiqa,primary_minmax_retention_matched,ms2,46,False,False,False,False,False,False,False,False,False,False,0.0
fiqa,primary_minmax_retention_matched,ms2,47,False,False,False,False,False,False,False,False,False,False,0.0
fiqa,primary_minmax_retention_matched,ms2,48,False,False,False,False,False,False,False,False,False,False,0.0
fiqa,primary_minmax_retention_matched,ms2,49,False,False,False,False,False,False,False,False,False,False,0.0
fiqa,primary_minmax_retention_matched,ms2,51,False,False,False,False,False,False,False,False,False,False,0.0
fiqa,primary_minmax_retention_matched,ms2,52,False,False,False,False,False,False,False,False,False,False,0.0
fiqa,primary_minmax_retention_matched,ms2,53,False,False,False,False,False,False,False,False,False,False,0.0
fiqa,primary_minmax_retention_matched,ms2,54,False,False,False,False,False,False,False,False,False,False,0.0
fiqa,primary_minmax_retention_matched,ms2,57,False,False,False,False,False,False,False,False,False,False,0.0
fiqa,primary_minmax_retention_matched,ms2,59,False,False,False,False,False,False,False,False,False,False,0.0
fiqa,primary_minmax_retention_matched,ms2,61,False,False,False,False,False,False,False,False,False,False,0.0
fiqa,primary_minmax_retention_matched,ms2,62,False,False,False,False,False,False,False,False,False,False,0.0
fiqa,primary_minmax_retention_matched,ms2,63,False,False,False,False,False,False,False,False,False,False,0.0
fiqa,primary_minmax_retention_matched,ms2,64,False,False,False,False,False,False,False,False,False,False,0.0
fiqa,primary_minmax_retention_matched,ms2,65,False,False,False,False,False,False,False,False,False,False,0.0
fiqa,primary_minmax_retention_matched,ms2,66,False,False,False,False,False,False,False,False,False,False,0.0
fiqa,primary_minmax_retention_matched,ms2,67,False,False,False,False,False,False,False,False,False,False,0.0
fiqa,primary_minmax_retention_matched,ms2,69,False,False,False,False,False,False,False,False,False,False,0.0
fiqa,primary_minmax_retention_matched,ms2,70,False,False,False,False,False,False,False,False,False,False,0.0
fiqa,primary_minmax_retention_matched,ms2,71,False,False,False,False,False,False,False,False,False,False,0.0
fiqa,primary_minmax_retention_matched,ms2,72,False,False,False,False,False,False,False,False,False,False,0.0
fiqa,primary_minmax_retention_matched,ms2,74,False,False,False,False,False,False,False,False,False,False,0.0
fiqa,primary_minmax_retention_matched,ms2,75,False,False,False,False,False,False,False,False,False,False,0.0
fiqa,primary_minmax_retention_matched,ms2,76,False,False,False,False,False,False,False,False,False,False,0.0
fiqa,primary_minmax_retention_matched,ms2,78,False,False,False,False,False,False,False,False,False,False,0.0
fiqa,primary_minmax_retention_matched,ms2,80,False,False,False,False,False,False,False,False,False,False,0.0
fiqa,primary_minmax_retention_matched,ms2,81,False,False,False,False,False,False,False,False,False,False,0.0
fiqa,primary_minmax_retention_matched,ms2,82,False,False,False,False,False,False,False,False,False,False,0.0
fiqa,primary_minmax_retention_matched,ms2,83,False,False,False,False,False,False,False,False,False,False,0.0
fiqa,primary_minmax_retention_matched,ms2,85,False,False,False,False,False,False,False,False,False,False,0.0
fiqa,primary_minmax_retention_matched,ms2,86,False,False,False,False,False,False,False,False,False,False,0.0
fiqa,primary_minmax_retention_matched,ms2,87,False,False,False,False,False,False,False,False,False,False,0.0
fiqa,primary_minmax_retention_matched,ms2,88,False,False,False,False,False,False,False,False,False,False,0.0
fiqa,primary_minmax_retention_matched,ms2,91,False,False,False,False,False,False,False,False,False,False,0.0
fiqa,primary_minmax_retention_matched,ms2,92,False,False,False,False,False,False,False,False,False,False,0.0
fiqa,primary_minmax_retention_matched,ms2,93,False,False,False,False,False,False,False,False,False,False,0.0
fiqa,primary_minmax_retention_matched,ms2,95,False,False,False,False,False,False,False,False,False,False,0.0
fiqa,primary_minmax_retention_matched,ms2,96,False,False,False,False,False,False,False,False,False,False,0.0
fiqa,primary_minmax_retention_matched,ms2,97,False,False,False,False,False,False,False,False,False,False,0.0
fiqa,primary_minmax_retention_matched,ms2,99,False,False,False,False,False,False,False,False,False,False,0.0
fiqa,primary_minmax_retention_matched,ms2,102,False,False,False,False,False,False,False,False,False,False,0.0
fiqa,primary_minmax_retention_matched,ms2,105,False,False,False,False,False,False,False,False,False,False,0.0
fiqa,primary_minmax_retention_matched,ms2,107,False,False,False,False,False,False,False,False,False,False,0.0
fiqa,primary_minmax_retention_matched,ms2,108,False,False,False,False,False,False,False,False,False,False,0.0
fiqa,primary_minmax_retention_matched,ms2,110,False,False,False,False,False,False,False,False,False,False,0.0
fiqa,primary_minmax_retention_matched,ms2,111,False,False,False,False,False,False,False,False,False,False,0.0
fiqa,primary_minmax_retention_matched,ms2,112,False,False,False,False,False,False,False,False,False,False,0.0
fiqa,primary_minmax_retention_matched,ms2,439,False,False,False,False,False,False,False,False,False,False,0.0
fiqa,primary_minmax_retention_matched,ms2,442,False,False,False,False,False,False,False,False,False,False,0.0
fiqa,primary_minmax_retention_matched,ms2,443,False,False,False,False,False,False,False,False,False,False,0.0
fiqa,primary_minmax_retention_matched,ms2,444,False,False,False,False,False,False,False,False,False,False,0.0
fiqa,primary_minmax_retention_matched,ms2,445,False,False,False,False,False,False,False,False,False,False,0.0
fiqa,primary_minmax_retention_matched,ms2,446,False,False,False,False,False,False,False,False,False,False,0.0
fiqa,primary_minmax_retention_matched,ms2,447,False,False,False,False,False,False,False,False,False,False,0.0
fiqa,primary_minmax_retention_matched,ms2,448,False,False,False,False,False,False,False,False,False,False,0.0
fiqa,primary_minmax_retention_matched,ms2,449,False,False,False,False,False,False,False,False,False,False,0.0
fiqa,primary_minmax_retention_matched,ms2,450,False,False,False,False,False,False,False,False,False,False,0.0
fiqa,primary_minmax_retention_matched,ms2,452,False,False,False,False,False,False,False,False,False,False,0.0
fiqa,primary_minmax_retention_matched,ms2,453,False,False,False,False,False,False,False,False,False,False,0.0
fiqa,primary_minmax_retention_matched,ms2,454,False,False,False,False,False,False,False,False,False,False,0.0
fiqa,primary_minmax_retention_matched,ms2,456,False,False,False,False,False,False,False,False,False,False,0.0
fiqa,primary_minmax_retention_matched,ms2,457,False,False,False,False,False,False,False,False,False,False,0.0
fiqa,primary_minmax_retention_matched,ms2,458,False,False,False,False,False,False,False,False,False,False,0.0
fiqa,primary_minmax_retention_matched,ms2,460,False,False,False,False,False,False,False,False,False,False,0.0
fiqa,primary_minmax_retention_matched,ms2,461,False,False,False,False,False,False,False,False,False,False,0.0
fiqa,primary_minmax_retention_matched,ms2,462,False,False,False,False,False,False,False,False,False,False,0.0
fiqa,primary_minmax_retention_matched,ms2,464,False,False,False,False,False,False,False,False,False,False,0.0
fiqa,primary_minmax_retention_matched,ms2,465,False,False,False,False,False,False,False,False,False,False,0.0
fiqa,primary_minmax_retention_matched,ms2,466,False,False,False,False,False,False,False,False,False,False,0.0
fiqa,primary_minmax_retention_matched,ms2,467,False,False,False,False,False,False,False,False,False,False,0.0
fiqa,primary_minmax_retention_matched,ms2,468,False,False,False,False,False,False,False,False,False,False,0.0
fiqa,primary_minmax_retention_matched,ms2,470,False,False,False,False,False,False,False,False,False,False,0.0
fiqa,primary_minmax_retention_matched,ms2,471,False,False,False,False,False,False,False,False,False,False,0.0
fiqa,primary_minmax_retention_matched,ms2,472,False,False,False,False,False,False,False,False,False,False,0.0
fiqa,primary_minmax_retention_matched,ms2,473,False,False,False,False,False,False,False,False,False,False,0.0
fiqa,primary_minmax_retention_matched,ms2,474,False,False,False,False,False,False,False,False,False,False,0.0
fiqa,primary_minmax_retention_matched,ms2,478,False,False,False,False,False,False,False,False,False,False,0.0
fiqa,primary_minmax_retention_matched,ms2,479,False,False,False,False,False,False,False,False,False,False,0.0
fiqa,primary_minmax_retention_matched,ms2,480,False,False,False,False,False,False,False,False,False,False,0.0
fiqa,primary_minmax_retention_matched,ms2,481,False,False,False,False,False,False,False,False,False,False,0.0
fiqa,primary_minmax_retention_matched,ms2,482,False,False,False,False,False,False,False,False,False,False,0.0
fiqa,primary_minmax_retention_matched,ms2,485,False,False,False,False,False,False,False,False,False,False,0.0
fiqa,primary_minmax_retention_matched,ms2,486,False,False,False,False,False,False,False,False,False,False,0.0
fiqa,primary_minmax_retention_matched,ms2,487,False,False,False,False,False,False,False,False,False,False,0.0
fiqa,primary_minmax_retention_matched,ms2,488,False,False,False,False,False,False,False,False,False,False,0.0
fiqa,primary_minmax_retention_matched,ms2,489,False,False,False,False,False,False,False,False,False,False,0.0
fiqa,primary_minmax_retention_matched,ms2,490,False,False,False,False,False,False,False,False,False,False,0.0
fiqa,primary_minmax_retention_matched,ms2,491,False,False,False,False,False,False,False,False,False,False,0.0
fiqa,primary_minmax_retention_matched,ms2,493,False,False,False,False,False,False,False,False,False,False,0.0
fiqa,primary_minmax_retention_matched,ms2,494,False,False,False,False,False,False,False,False,False,False,0.0
fiqa,primary_minmax_retention_matched,ms2,497,False,False,False,False,False,False,False,False,False,False,0.0
fiqa,primary_minmax_retention_matched,ms2,498,False,False,False,False,False,False,False,False,False,False,0.0
fiqa,primary_minmax_retention_matched,ms1,0,True,True,True,True,True,False,False,False,False,False,0.0
fiqa,primary_minmax_retention_matched,ms1,4,True,True,True,True,True,False,False,False,False,False,0.0
fiqa,primary_minmax_retention_matched,ms1,5,True,True,True,True,True,True,False,True,False,False,0.0
fiqa,primary_minmax_retention_matched,ms1,6,True,True,True,True,True,False,False,False,False,False,0.0
fiqa,primary_minmax_retention_matched,ms1,7,True,True,True,True,True,False,False,False,False,False,0.0
fiqa,primary_minmax_retention_matched,ms1,9,True,True,True,True,True,False,False,False,False,False,0.0
fiqa,primary_minmax_retention_matched,ms1,11,True,True,True,False,True,False,False,False,False,False,0.0
fiqa,primary_minmax_retention_matched,ms1,12,True,True,True,True,True,True,False,True,True,True,-0.23039726624219503
fiqa,primary_minmax_retention_matched,ms1,13,True,True,True,True,True,True,False,True,False,False,0.0
fiqa,primary_minmax_retention_matched,ms1,14,True,True,True,True,True,False,False,False,False,False,0.0
fiqa,primary_minmax_retention_matched,ms1,16,True,True,True,True,True,False,False,False,False,False,0.0
fiqa,primary_minmax_retention_matched,ms1,19,True,True,True,False,True,False,False,False,False,False,0.0
fiqa,primary_minmax_retention_matched,ms1,20,True,True,True,True,True,True,False,True,False,False,0.0
fiqa,primary_minmax_retention_matched,ms1,21,True,True,True,True,True,True,False,True,False,False,0.0
fiqa,primary_minmax_retention_matched,ms1,23,True,True,True,True,True,True,False,True,False,False,0.0
fiqa,primary_minmax_retention_matched,ms1,25,True,True,True,True,True,True,False,True,False,False,0.0
fiqa,primary_minmax_retention_matched,ms1,27,True,True,True,True,True,True,False,True,False,False,0.0
fiqa,primary_minmax_retention_matched,ms1,28,True,True,True,True,True,True,False,True,False,False,0.0
fiqa,primary_minmax_retention_matched,ms1,30,True,True,True,True,True,True,False,True,False,False,0.0
fiqa,primary_minmax_retention_matched,ms1,31,True,True,True,True,True,True,False,True,False,False,0.0
fiqa,primary_minmax_retention_matched,ms1,32,True,True,True,True,True,False,False,False,False,False,0.0
fiqa,primary_minmax_retention_matched,ms1,33,True,True,True,True,True,False,False,False,False,False,0.0
fiqa,primary_minmax_retention_matched,ms1,35,True,True,True,True,True,True,False,True,False,False,0.0
fiqa,primary_minmax_retention_matched,ms1,36,True,True,True,True,True,False,False,False,False,False,0.0
fiqa,primary_minmax_retention_matched,ms1,37,True,True,True,False,True,False,False,False,False,False,0.0
fiqa,primary_minmax_retention_matched,ms1,41,True,True,True,True,True,True,False,True,False,False,0.0
fiqa,primary_minmax_retention_matched,ms1,43,True,True,True,True,True,True,False,True,False,False,0.0
fiqa,primary_minmax_retention_matched,ms1,45,True,True,True,True,True,False,False,False,False,False,0.0
fiqa,primary_minmax_retention_matched,ms1,46,True,True,True,True,True,False,False,False,False,False,0.0
fiqa,primary_minmax_retention_matched,ms1,47,True,True,True,True,True,True,False,True,False,False,0.0
fiqa,primary_minmax_retention_matched,ms1,48,True,True,True,True,True,False,False,False,False,False,0.0
fiqa,primary_minmax_retention_matched,ms1,49,True,True,True,True,True,True,False,True,False,False,0.0
fiqa,primary_minmax_retention_matched,ms1,51,True,True,True,True,True,True,False,True,False,False,0.0
fiqa,primary_minmax_retention_matched,ms1,52,True,True,True,True,True,False,False,False,False,False,0.0
fiqa,primary_minmax_retention_matched,ms1,53,True,True,True,True,True,False,False,False,False,False,0.0
fiqa,primary_minmax_retention_matched,ms1,54,True,True,True,True,True,True,False,True,False,False,0.0
fiqa,primary_minmax_retention_matched,ms1,57,False,False,False,False,False,False,False,False,False,False,0.0
fiqa,primary_minmax_retention_matched,ms1,59,True,True,True,True,True,False,False,False,False,False,0.0
fiqa,primary_minmax_retention_matched,ms1,61,True,True,True,False,True,False,False,False,False,False,0.0
fiqa,primary_minmax_retention_matched,ms1,62,True,True,True,True,True,True,False,True,True,True,0.014280129617504245
fiqa,primary_minmax_retention_matched,ms1,63,True,True,True,True,True,True,False,True,False,False,0.0
fiqa,primary_minmax_retention_matched,ms1,64,True,True,True,True,True,True,False,True,False,False,0.0
fiqa,primary_minmax_retention_matched,ms1,65,True,True,True,True,True,True,False,True,True,True,0.005666478725616653
fiqa,primary_minmax_retention_matched,ms1,66,True,True,True,False,True,False,False,False,False,False,0.0
fiqa,primary_minmax_retention_matched,ms1,67,True,True,True,True,True,False,False,False,False,False,0.0
fiqa,primary_minmax_retention_matched,ms1,69,True,True,True,True,True,False,False,False,False,False,0.0
fiqa,primary_minmax_retention_matched,ms1,70,True,True,True,True,True,True,False,True,False,False,0.0
fiqa,primary_minmax_retention_matched,ms1,71,True,True,True,True,True,True,False,True,False,False,0.0
fiqa,primary_minmax_retention_matched,ms1,72,True,True,True,True,True,False,False,False,False,False,0.0
fiqa,primary_minmax_retention_matched,ms1,74,True,True,True,True,True,True,False,True,False,False,0.0
fiqa,primary_minmax_retention_matched,ms1,75,True,True,True,True,True,True,False,True,False,False,0.0
fiqa,primary_minmax_retention_matched,ms1,76,True,True,True,True,True,True,False,True,False,False,0.0
fiqa,primary_minmax_retention_matched,ms1,78,True,True,True,True,True,False,False,False,False,False,0.0
fiqa,primary_minmax_retention_matched,ms1,80,True,True,True,True,True,True,False,True,False,False,0.0
fiqa,primary_minmax_retention_matched,ms1,81,True,True,True,True,True,True,False,True,False,False,0.0
fiqa,primary_minmax_retention_matched,ms1,82,True,True,True,True,True,True,False,True,False,False,0.0
fiqa,primary_minmax_retention_matched,ms1,83,True,True,True,True,True,False,False,False,False,False,0.0
fiqa,primary_minmax_retention_matched,ms1,85,True,True,True,True,True,True,False,True,False,False,0.0
fiqa,primary_minmax_retention_matched,ms1,86,True,True,True,True,True,False,False,False,False,False,0.0
fiqa,primary_minmax_retention_matched,ms1,87,True,True,True,True,True,True,False,True,False,False,0.0
fiqa,primary_minmax_retention_matched,ms1,88,True,True,True,True,True,False,False,False,False,False,0.0
fiqa,primary_minmax_retention_matched,ms1,91,True,True,True,True,True,False,False,False,False,False,0.0
fiqa,primary_minmax_retention_matched,ms1,92,True,True,True,True,True,True,False,True,False,False,0.0
fiqa,primary_minmax_retention_matched,ms1,93,True,True,True,True,True,False,False,False,False,False,0.0
fiqa,primary_minmax_retention_matched,ms1,95,True,True,True,True,True,False,False,False,False,False,0.0
fiqa,primary_minmax_retention_matched,ms1,96,True,True,True,True,True,True,False,True,True,True,0.014434881121747567
fiqa,primary_minmax_retention_matched,ms1,97,True,True,True,True,True,True,False,True,False,False,0.0
fiqa,primary_minmax_retention_matched,ms1,99,True,True,True,True,True,False,False,False,False,False,0.0
fiqa,primary_minmax_retention_matched,ms1,102,True,True,True,True,True,True,False,True,False,False,0.0
fiqa,primary_minmax_retention_matched,ms1,105,True,True,True,False,True,False,False,False,False,False,0.0
fiqa,primary_minmax_retention_matched,ms1,107,True,True,True,True,True,True,False,True,False,False,0.0
fiqa,primary_minmax_retention_matched,ms1,108,True,True,True,True,True,True,False,True,False,False,0.0
fiqa,primary_minmax_retention_matched,ms1,110,True,True,True,True,True,True,False,True,False,False,0.0
fiqa,primary_minmax_retention_matched,ms1,111,True,True,True,True,True,True,False,True,False,False,0.0
fiqa,primary_minmax_retention_matched,ms1,112,True,True,True,True,True,True,False,True,False,False,0.0
fiqa,primary_minmax_retention_matched,ms1,439,True,True,True,True,True,False,False,False,False,False,0.0
fiqa,primary_minmax_retention_matched,ms1,442,True,True,True,True,True,True,False,True,False,False,0.0
fiqa,primary_minmax_retention_matched,ms1,443,True,True,True,True,True,True,False,True,False,False,0.0
fiqa,primary_minmax_retention_matched,ms1,444,True,True,True,True,True,False,False,False,False,False,0.0
fiqa,primary_minmax_retention_matched,ms1,445,True,True,True,True,True,False,False,False,False,False,0.0
fiqa,primary_minmax_retention_matched,ms1,446,True,True,True,True,True,False,False,False,False,False,0.0
fiqa,primary_minmax_retention_matched,ms1,447,True,True,True,True,True,True,False,True,True,True,-0.006933151269592097
fiqa,primary_minmax_retention_matched,ms1,448,True,True,True,True,True,True,False,True,False,False,0.0
fiqa,primary_minmax_retention_matched,ms1,449,True,True,True,True,True,True,False,True,False,False,0.0
fiqa,primary_minmax_retention_matched,ms1,450,True,True,True,True,True,False,False,False,False,False,0.0
fiqa,primary_minmax_retention_matched,ms1,452,True,True,True,True,True,False,False,False,False,False,0.0
fiqa,primary_minmax_retention_matched,ms1,453,True,True,True,True,True,True,False,True,False,False,0.0
fiqa,primary_minmax_retention_matched,ms1,454,True,True,True,True,True,True,False,True,False,False,0.0
fiqa,primary_minmax_retention_matched,ms1,456,True,True,True,False,True,True,False,True,False,False,0.0
fiqa,primary_minmax_retention_matched,ms1,457,True,True,True,True,True,False,False,False,False,False,0.0
fiqa,primary_minmax_retention_matched,ms1,458,True,True,True,True,True,False,False,False,False,False,0.0
fiqa,primary_minmax_retention_matched,ms1,460,True,True,True,True,True,True,False,True,False,False,0.0
fiqa,primary_minmax_retention_matched,ms1,461,True,True,True,True,True,True,False,True,False,False,0.0
fiqa,primary_minmax_retention_matched,ms1,462,True,True,True,True,True,False,False,False,False,False,0.0
fiqa,primary_minmax_retention_matched,ms1,464,True,True,True,True,True,True,False,True,False,False,0.0
fiqa,primary_minmax_retention_matched,ms1,465,True,True,True,True,True,False,False,False,False,False,0.0
fiqa,primary_minmax_retention_matched,ms1,466,True,True,True,True,True,True,False,True,False,False,0.0
fiqa,primary_minmax_retention_matched,ms1,467,True,True,True,True,True,True,False,True,False,False,0.0
fiqa,primary_minmax_retention_matched,ms1,468,True,True,True,True,True,True,False,True,False,False,0.0
fiqa,primary_minmax_retention_matched,ms1,470,True,True,True,True,True,True,False,True,False,False,0.0
fiqa,primary_minmax_retention_matched,ms1,471,True,True,True,True,True,True,False,True,False,False,0.0
fiqa,primary_minmax_retention_matched,ms1,472,True,True,True,True,True,False,False,False,False,False,0.0
fiqa,primary_minmax_retention_matched,ms1,473,True,True,True,False,True,False,False,False,False,False,0.0
fiqa,primary_minmax_retention_matched,ms1,474,True,True,True,True,True,True,False,True,False,False,0.0
fiqa,primary_minmax_retention_matched,ms1,478,True,True,True,True,True,True,False,True,False,False,0.0
fiqa,primary_minmax_retention_matched,ms1,479,True,True,True,True,True,False,False,False,False,False,0.0
fiqa,primary_minmax_retention_matched,ms1,480,True,True,True,True,True,False,False,False,False,False,0.0
fiqa,primary_minmax_retention_matched,ms1,481,True,True,True,False,True,False,False,False,False,False,0.0
fiqa,primary_minmax_retention_matched,ms1,482,True,True,True,True,True,False,False,False,False,False,0.0
fiqa,primary_minmax_retention_matched,ms1,485,True,True,True,True,True,True,False,True,False,False,0.0
fiqa,primary_minmax_retention_matched,ms1,486,True,True,True,True,True,True,False,True,False,False,0.0
fiqa,primary_minmax_retention_matched,ms1,487,True,True,True,True,True,True,False,True,False,False,0.0
fiqa,primary_minmax_retention_matched,ms1,488,True,True,True,True,True,True,False,True,False,False,0.0
fiqa,primary_minmax_retention_matched,ms1,489,True,True,True,True,True,True,False,True,False,False,0.0
fiqa,primary_minmax_retention_matched,ms1,490,True,True,True,True,True,True,False,True,False,False,0.0
fiqa,primary_minmax_retention_matched,ms1,491,False,False,False,False,False,False,False,False,False,False,0.0
fiqa,primary_minmax_retention_matched,ms1,493,True,True,True,True,True,True,False,True,False,False,0.0
fiqa,primary_minmax_retention_matched,ms1,494,True,True,True,True,True,True,False,True,False,False,0.0
fiqa,primary_minmax_retention_matched,ms1,497,True,True,True,True,True,True,False,True,False,False,0.0
fiqa,primary_minmax_retention_matched,ms1,498,True,True,True,True,True,False,False,False,False,False,0.0
fiqa,primary_minmax_retention_matched,ms1_drop_mutual,0,True,True,True,True,True,False,False,False,False,False,0.0
fiqa,primary_minmax_retention_matched,ms1_drop_mutual,4,False,False,False,False,False,False,False,False,False,False,0.0
fiqa,primary_minmax_retention_matched,ms1_drop_mutual,5,True,True,True,False,True,False,False,False,False,False,0.0
fiqa,primary_minmax_retention_matched,ms1_drop_mutual,6,False,False,False,False,False,False,False,False,False,False,0.0
fiqa,primary_minmax_retention_matched,ms1_drop_mutual,7,True,True,True,False,True,False,False,False,False,False,0.0
fiqa,primary_minmax_retention_matched,ms1_drop_mutual,9,False,False,False,False,False,False,False,False,False,False,0.0
fiqa,primary_minmax_retention_matched,ms1_drop_mutual,11,False,False,False,False,False,False,False,False,False,False,0.0
fiqa,primary_minmax_retention_matched,ms1_drop_mutual,12,True,True,True,False,True,False,False,False,False,False,0.0
fiqa,primary_minmax_retention_matched,ms1_drop_mutual,13,True,True,True,True,True,False,False,False,False,False,0.0
fiqa,primary_minmax_retention_matched,ms1_drop_mutual,14,False,False,False,False,False,False,False,False,False,False,0.0
fiqa,primary_minmax_retention_matched,ms1_drop_mutual,16,True,True,True,True,True,True,False,True,False,False,0.0
fiqa,primary_minmax_retention_matched,ms1_drop_mutual,19,False,False,False,False,False,False,False,False,False,False,0.0
fiqa,primary_minmax_retention_matched,ms1_drop_mutual,20,False,False,False,False,False,False,False,False,False,False,0.0
fiqa,primary_minmax_retention_matched,ms1_drop_mutual,21,True,True,True,True,True,True,False,True,False,False,0.0
fiqa,primary_minmax_retention_matched,ms1_drop_mutual,23,True,True,True,False,True,False,False,False,False,False,0.0
fiqa,primary_minmax_retention_matched,ms1_drop_mutual,25,False,False,False,False,False,False,False,False,False,False,0.0
fiqa,primary_minmax_retention_matched,ms1_drop_mutual,27,True,True,True,True,True,True,False,True,False,False,0.0
fiqa,primary_minmax_retention_matched,ms1_drop_mutual,28,False,False,False,False,False,False,False,False,False,False,0.0
fiqa,primary_minmax_retention_matched,ms1_drop_mutual,30,False,False,False,False,False,False,False,False,False,False,0.0
fiqa,primary_minmax_retention_matched,ms1_drop_mutual,31,False,False,False,False,False,False,False,False,False,False,0.0
fiqa,primary_minmax_retention_matched,ms1_drop_mutual,32,True,True,True,False,True,False,False,False,False,False,0.0
fiqa,primary_minmax_retention_matched,ms1_drop_mutual,33,False,False,False,False,False,False,False,False,False,False,0.0
fiqa,primary_minmax_retention_matched,ms1_drop_mutual,35,False,False,False,False,False,False,False,False,False,False,0.0
fiqa,primary_minmax_retention_matched,ms1_drop_mutual,36,False,False,False,False,False,False,False,False,False,False,0.0
fiqa,primary_minmax_retention_matched,ms1_drop_mutual,37,False,False,False,False,False,False,False,False,False,False,0.0
fiqa,primary_minmax_retention_matched,ms1_drop_mutual,41,False,False,False,False,False,False,False,False,False,False,0.0
fiqa,primary_minmax_retention_matched,ms1_drop_mutual,43,True,True,True,True,True,True,False,True,False,False,0.0
fiqa,primary_minmax_retention_matched,ms1_drop_mutual,45,False,False,False,False,False,False,False,False,False,False,0.0
fiqa,primary_minmax_retention_matched,ms1_drop_mutual,46,False,False,False,False,False,False,False,False,False,False,0.0
fiqa,primary_minmax_retention_matched,ms1_drop_mutual,47,True,True,True,False,True,False,False,False,False,False,0.0
fiqa,primary_minmax_retention_matched,ms1_drop_mutual,48,False,False,False,False,False,False,False,False,False,False,0.0
fiqa,primary_minmax_retention_matched,ms1_drop_mutual,49,False,False,False,False,False,False,False,False,False,False,0.0
fiqa,primary_minmax_retention_matched,ms1_drop_mutual,51,True,True,True,True,True,False,False,False,False,False,0.0
fiqa,primary_minmax_retention_matched,ms1_drop_mutual,52,False,False,False,False,False,False,False,False,False,False,0.0
fiqa,primary_minmax_retention_matched,ms1_drop_mutual,53,True,True,True,True,True,False,False,False,False,False,0.0
fiqa,primary_minmax_retention_matched,ms1_drop_mutual,54,False,False,False,False,False,False,False,False,False,False,0.0
fiqa,primary_minmax_retention_matched,ms1_drop_mutual,57,False,False,False,False,False,False,False,False,False,False,0.0
fiqa,primary_minmax_retention_matched,ms1_drop_mutual,59,False,False,False,False,False,False,False,False,False,False,0.0
fiqa,primary_minmax_retention_matched,ms1_drop_mutual,61,True,True,True,False,True,False,False,False,False,False,0.0
fiqa,primary_minmax_retention_matched,ms1_drop_mutual,62,False,False,False,False,False,False,False,False,False,False,0.0
fiqa,primary_minmax_retention_matched,ms1_drop_mutual,63,False,False,False,False,False,False,False,False,False,False,0.0
fiqa,primary_minmax_retention_matched,ms1_drop_mutual,64,False,False,False,False,False,False,False,False,False,False,0.0
fiqa,primary_minmax_retention_matched,ms1_drop_mutual,65,False,False,False,False,False,False,False,False,False,False,0.0
fiqa,primary_minmax_retention_matched,ms1_drop_mutual,66,False,False,False,False,False,False,False,False,False,False,0.0
fiqa,primary_minmax_retention_matched,ms1_drop_mutual,67,False,False,False,False,False,False,False,False,False,False,0.0
fiqa,primary_minmax_retention_matched,ms1_drop_mutual,69,False,False,False,False,False,False,False,False,False,False,0.0
fiqa,primary_minmax_retention_matched,ms1_drop_mutual,70,True,True,True,False,True,False,False,False,False,False,0.0
fiqa,primary_minmax_retention_matched,ms1_drop_mutual,71,False,False,False,False,False,False,False,False,False,False,0.0
fiqa,primary_minmax_retention_matched,ms1_drop_mutual,72,True,True,True,True,True,False,False,False,False,False,0.0
fiqa,primary_minmax_retention_matched,ms1_drop_mutual,74,False,False,False,False,False,False,False,False,False,False,0.0
fiqa,primary_minmax_retention_matched,ms1_drop_mutual,75,False,False,False,False,False,False,False,False,False,False,0.0
fiqa,primary_minmax_retention_matched,ms1_drop_mutual,76,True,True,True,False,True,True,False,True,False,False,0.0
fiqa,primary_minmax_retention_matched,ms1_drop_mutual,78,False,False,False,False,False,False,False,False,False,False,0.0
fiqa,primary_minmax_retention_matched,ms1_drop_mutual,80,False,False,False,False,False,False,False,False,False,False,0.0
fiqa,primary_minmax_retention_matched,ms1_drop_mutual,81,False,False,False,False,False,False,False,False,False,False,0.0
fiqa,primary_minmax_retention_matched,ms1_drop_mutual,82,False,False,False,False,False,False,False,False,False,False,0.0
fiqa,primary_minmax_retention_matched,ms1_drop_mutual,83,False,False,False,False,False,False,False,False,False,False,0.0
fiqa,primary_minmax_retention_matched,ms1_drop_mutual,85,False,False,False,False,False,False,False,False,False,False,0.0
fiqa,primary_minmax_retention_matched,ms1_drop_mutual,86,False,False,False,False,False,False,False,False,False,False,0.0
fiqa,primary_minmax_retention_matched,ms1_drop_mutual,87,True,True,True,True,True,True,False,True,False,False,0.0
fiqa,primary_minmax_retention_matched,ms1_drop_mutual,88,True,True,True,True,True,False,False,False,False,False,0.0
fiqa,primary_minmax_retention_matched,ms1_drop_mutual,91,False,False,False,False,False,False,False,False,False,False,0.0
fiqa,primary_minmax_retention_matched,ms1_drop_mutual,92,True,True,True,True,True,False,False,False,False,False,0.0
fiqa,primary_minmax_retention_matched,ms1_drop_mutual,93,False,False,False,False,False,False,False,False,False,False,0.0
fiqa,primary_minmax_retention_matched,ms1_drop_mutual,95,False,False,False,False,False,False,False,False,False,False,0.0
fiqa,primary_minmax_retention_matched,ms1_drop_mutual,96,True,True,True,True,True,True,False,True,False,False,0.0
fiqa,primary_minmax_retention_matched,ms1_drop_mutual,97,False,False,False,False,False,False,False,False,False,False,0.0
fiqa,primary_minmax_retention_matched,ms1_drop_mutual,99,False,False,False,False,False,False,False,False,False,False,0.0
fiqa,primary_minmax_retention_matched,ms1_drop_mutual,102,False,False,False,False,False,False,False,False,False,False,0.0
fiqa,primary_minmax_retention_matched,ms1_drop_mutual,105,False,False,False,False,False,False,False,False,False,False,0.0
fiqa,primary_minmax_retention_matched,ms1_drop_mutual,107,True,True,True,True,True,True,False,True,False,False,0.0
fiqa,primary_minmax_retention_matched,ms1_drop_mutual,108,True,True,True,True,True,False,False,False,False,False,0.0
fiqa,primary_minmax_retention_matched,ms1_drop_mutual,110,False,False,False,False,False,False,False,False,False,False,0.0
fiqa,primary_minmax_retention_matched,ms1_drop_mutual,111,True,True,True,True,True,False,False,False,False,False,0.0
fiqa,primary_minmax_retention_matched,ms1_drop_mutual,112,False,False,False,False,False,False,False,False,False,False,0.0
fiqa,primary_minmax_retention_matched,ms1_drop_mutual,439,False,False,False,False,False,False,False,False,False,False,0.0
fiqa,primary_minmax_retention_matched,ms1_drop_mutual,442,False,False,False,False,False,False,False,False,False,False,0.0
fiqa,primary_minmax_retention_matched,ms1_drop_mutual,443,False,False,False,False,False,False,False,False,False,False,0.0
fiqa,primary_minmax_retention_matched,ms1_drop_mutual,444,False,False,False,False,False,False,False,False,False,False,0.0
fiqa,primary_minmax_retention_matched,ms1_drop_mutual,445,False,False,False,False,False,False,False,False,False,False,0.0
fiqa,primary_minmax_retention_matched,ms1_drop_mutual,446,False,False,False,False,False,False,False,False,False,False,0.0
fiqa,primary_minmax_retention_matched,ms1_drop_mutual,447,False,False,False,False,False,False,False,False,False,False,0.0
fiqa,primary_minmax_retention_matched,ms1_drop_mutual,448,True,True,True,True,True,False,False,False,False,False,0.0
fiqa,primary_minmax_retention_matched,ms1_drop_mutual,449,False,False,False,False,False,False,False,False,False,False,0.0
fiqa,primary_minmax_retention_matched,ms1_drop_mutual,450,True,True,True,True,True,False,False,False,False,False,0.0
fiqa,primary_minmax_retention_matched,ms1_drop_mutual,452,True,True,True,True,True,False,False,False,False,False,0.0
fiqa,primary_minmax_retention_matched,ms1_drop_mutual,453,False,False,False,False,False,False,False,False,False,False,0.0
fiqa,primary_minmax_retention_matched,ms1_drop_mutual,454,True,True,True,False,True,False,False,False,False,False,0.0
fiqa,primary_minmax_retention_matched,ms1_drop_mutual,456,False,False,False,False,False,False,False,False,False,False,0.0
fiqa,primary_minmax_retention_matched,ms1_drop_mutual,457,True,True,True,True,True,False,False,False,False,False,0.0
fiqa,primary_minmax_retention_matched,ms1_drop_mutual,458,False,False,False,False,False,False,False,False,False,False,0.0
fiqa,primary_minmax_retention_matched,ms1_drop_mutual,460,False,False,False,False,False,False,False,False,False,False,0.0
fiqa,primary_minmax_retention_matched,ms1_drop_mutual,461,True,True,True,False,True,False,False,False,False,False,0.0
fiqa,primary_minmax_retention_matched,ms1_drop_mutual,462,False,False,False,False,False,False,False,False,False,False,0.0
fiqa,primary_minmax_retention_matched,ms1_drop_mutual,464,True,True,True,True,True,True,False,True,False,False,0.0
fiqa,primary_minmax_retention_matched,ms1_drop_mutual,465,False,False,False,False,False,False,False,False,False,False,0.0
fiqa,primary_minmax_retention_matched,ms1_drop_mutual,466,False,False,False,False,False,False,False,False,False,False,0.0
fiqa,primary_minmax_retention_matched,ms1_drop_mutual,467,False,False,False,False,False,False,False,False,False,False,0.0
fiqa,primary_minmax_retention_matched,ms1_drop_mutual,468,True,True,True,True,True,False,False,False,False,False,0.0
fiqa,primary_minmax_retention_matched,ms1_drop_mutual,470,False,False,False,False,False,False,False,False,False,False,0.0
fiqa,primary_minmax_retention_matched,ms1_drop_mutual,471,False,False,False,False,False,False,False,False,False,False,0.0
fiqa,primary_minmax_retention_matched,ms1_drop_mutual,472,True,True,True,True,True,True,False,True,False,False,0.0
fiqa,primary_minmax_retention_matched,ms1_drop_mutual,473,False,False,False,False,False,False,False,False,False,False,0.0
fiqa,primary_minmax_retention_matched,ms1_drop_mutual,474,False,False,False,False,False,False,False,False,False,False,0.0
fiqa,primary_minmax_retention_matched,ms1_drop_mutual,478,False,False,False,False,False,False,False,False,False,False,0.0
fiqa,primary_minmax_retention_matched,ms1_drop_mutual,479,False,False,False,False,False,False,False,False,False,False,0.0
fiqa,primary_minmax_retention_matched,ms1_drop_mutual,480,False,False,False,False,False,False,False,False,False,False,0.0
fiqa,primary_minmax_retention_matched,ms1_drop_mutual,481,False,False,False,False,False,False,False,False,False,False,0.0
fiqa,primary_minmax_retention_matched,ms1_drop_mutual,482,False,False,False,False,False,False,False,False,False,False,0.0
fiqa,primary_minmax_retention_matched,ms1_drop_mutual,485,False,False,False,False,False,False,False,False,False,False,0.0
fiqa,primary_minmax_retention_matched,ms1_drop_mutual,486,False,False,False,False,False,False,False,False,False,False,0.0
fiqa,primary_minmax_retention_matched,ms1_drop_mutual,487,True,True,True,True,True,False,False,False,False,False,0.0
fiqa,primary_minmax_retention_matched,ms1_drop_mutual,488,False,False,False,False,False,False,False,False,False,False,0.0
fiqa,primary_minmax_retention_matched,ms1_drop_mutual,489,True,True,True,True,True,False,False,False,False,False,0.0
fiqa,primary_minmax_retention_matched,ms1_drop_mutual,490,True,True,True,False,True,False,False,False,False,False,0.0
fiqa,primary_minmax_retention_matched,ms1_drop_mutual,491,False,False,False,False,False,False,False,False,False,False,0.0
fiqa,primary_minmax_retention_matched,ms1_drop_mutual,493,False,False,False,False,False,False,False,False,False,False,0.0
fiqa,primary_minmax_retention_matched,ms1_drop_mutual,494,False,False,False,False,False,False,False,False,False,False,0.0
fiqa,primary_minmax_retention_matched,ms1_drop_mutual,497,False,False,False,False,False,False,False,False,False,False,0.0
fiqa,primary_minmax_retention_matched,ms1_drop_mutual,498,False,False,False,False,False,False,False,False,False,False,0.0
hotpotqa,primary_minmax_retention_matched,ms2,5a8c7595554299585d9e36b6,False,False,False,False,False,False,False,False,False,False,0.0
hotpotqa,primary_minmax_retention_matched,ms2,5a85ea095542994775f606a8,False,False,False,False,False,False,False,False,False,False,0.0
hotpotqa,primary_minmax_retention_matched,ms2,5adbf0a255429947ff17385a,False,False,False,False,False,False,False,False,False,False,0.0
hotpotqa,primary_minmax_retention_matched,ms2,5a8e3ea95542995a26add48d,False,False,False,False,False,False,False,False,False,False,0.0
hotpotqa,primary_minmax_retention_matched,ms2,5a85b2d95542997b5ce40028,False,False,False,False,False,False,False,False,False,False,0.0
hotpotqa,primary_minmax_retention_matched,ms2,5a87ab905542996e4f3088c1,False,False,False,False,False,False,False,False,False,False,0.0
hotpotqa,primary_minmax_retention_matched,ms2,5a7bbb64554299042af8f7cc,False,False,False,False,False,False,False,False,False,False,0.0
hotpotqa,primary_minmax_retention_matched,ms2,5a7166395542994082a3e814,False,False,False,False,False,False,False,False,False,False,0.0
hotpotqa,primary_minmax_retention_matched,ms2,5a877e5d5542993e715abf7d,False,False,False,False,False,False,False,False,False,False,0.0
hotpotqa,primary_minmax_retention_matched,ms2,5ab3b0bf5542992ade7c6e39,False,False,False,False,False,False,False,False,False,False,0.0
hotpotqa,primary_minmax_retention_matched,ms2,5ab56e32554299637185c594,False,False,False,False,False,False,False,False,False,False,0.0
hotpotqa,primary_minmax_retention_matched,ms2,5ab6d09255429954757d337d,False,False,False,False,False,False,False,False,False,False,0.0
hotpotqa,primary_minmax_retention_matched,ms2,5a75e05c55429976ec32bc5f,False,False,False,False,False,False,False,False,False,False,0.0
hotpotqa,primary_minmax_retention_matched,ms2,5ab3e45655429976abd1bcd4,False,False,False,False,False,False,False,False,False,False,0.0
hotpotqa,primary_minmax_retention_matched,ms2,5ae0d4c9554299603e418468,False,False,False,False,False,False,False,False,False,False,0.0
hotpotqa,primary_minmax_retention_matched,ms2,5a8133725542995ce29dcbdb,False,False,False,False,False,False,False,False,False,False,0.0
hotpotqa,primary_minmax_retention_matched,ms2,5ae6050f55429929b0807a5e,False,False,False,False,False,False,False,False,False,False,0.0
hotpotqa,primary_minmax_retention_matched,ms2,5adddccd5542997dc7907069,False,False,False,False,False,False,False,False,False,False,0.0
hotpotqa,primary_minmax_retention_matched,ms2,5ae22b8d554299234fd0440f,False,False,False,False,False,False,False,False,False,False,0.0
hotpotqa,primary_minmax_retention_matched,ms2,5a722b8655429971e9dc9329,False,False,False,False,False,False,False,False,False,False,0.0
hotpotqa,primary_minmax_retention_matched,ms2,5adf37a95542995ec70e8f97,False,False,False,False,False,False,False,False,False,False,0.0
hotpotqa,primary_minmax_retention_matched,ms2,5abd259d55429924427fcf1a,False,False,False,False,False,False,False,False,False,False,0.0
hotpotqa,primary_minmax_retention_matched,ms2,5a828c8355429966c78a6a50,False,False,False,False,False,False,False,False,False,False,0.0
hotpotqa,primary_minmax_retention_matched,ms2,5a8a3e745542996c9b8d5e70,False,False,False,False,False,False,False,False,False,False,0.0
hotpotqa,primary_minmax_retention_matched,ms2,5ac23ff0554299636651994d,False,False,False,False,False,False,False,False,False,False,0.0
hotpotqa,primary_minmax_retention_matched,ms2,5ae0361155429925eb1afc2c,False,False,False,False,False,False,False,False,False,False,0.0
hotpotqa,primary_minmax_retention_matched,ms2,5abc0a5d5542993f40c73c64,False,False,False,False,False,False,False,False,False,False,0.0
hotpotqa,primary_minmax_retention_matched,ms2,5a7cc50e554299452d57ba3e,False,False,False,False,False,False,False,False,False,False,0.0
hotpotqa,primary_minmax_retention_matched,ms2,5abf63f15542997ec76fd3ea,False,False,False,False,False,False,False,False,False,False,0.0
hotpotqa,primary_minmax_retention_matched,ms2,5a8ef2a75542995a26add583,False,False,False,False,False,False,False,False,False,False,0.0
hotpotqa,primary_minmax_retention_matched,ms2,5a80721b554299485f5985ef,False,False,False,False,False,False,False,False,False,False,0.0
hotpotqa,primary_minmax_retention_matched,ms2,5ab51dae5542991779162d82,False,False,False,False,False,False,False,False,False,False,0.0
hotpotqa,primary_minmax_retention_matched,ms2,5a7571135542992d0ec05f98,False,False,False,False,False,False,False,False,False,False,0.0
hotpotqa,primary_minmax_retention_matched,ms2,5a7a0e1e5542990783324e1a,False,False,False,False,False,False,False,False,False,False,0.0
hotpotqa,primary_minmax_retention_matched,ms2,5a74106b55429979e288289e,False,False,False,False,False,False,False,False,False,False,0.0
hotpotqa,primary_minmax_retention_matched,ms2,5a79311755429970f5fffe67,False,False,False,False,False,False,False,False,False,False,0.0
hotpotqa,primary_minmax_retention_matched,ms2,5ab2d3df554299194fa9352c,False,False,False,False,False,False,False,False,False,False,0.0
hotpotqa,primary_minmax_retention_matched,ms2,5a760ab65542994ccc918697,False,False,False,False,False,False,False,False,False,False,0.0
hotpotqa,primary_minmax_retention_matched,ms2,5a7d54165542995f4f402256,False,False,False,False,False,False,False,False,False,False,0.0
hotpotqa,primary_minmax_retention_matched,ms2,5ab859a955429934fafe6d7b,False,False,False,False,False,False,False,False,False,False,0.0
hotpotqa,primary_minmax_retention_matched,ms2,5add61d65542995b365fab21,False,False,False,False,False,False,False,False,False,False,0.0
hotpotqa,primary_minmax_retention_matched,ms2,5abbf698554299114383a0b5,False,False,False,False,False,False,False,False,False,False,0.0
hotpotqa,primary_minmax_retention_matched,ms2,5ab84bf555429916710eb01f,False,False,False,False,False,False,False,False,False,False,0.0
hotpotqa,primary_minmax_retention_matched,ms2,5ab96ab755429970cfb8eacd,False,False,False,False,False,False,False,False,False,False,0.0
hotpotqa,primary_minmax_retention_matched,ms2,5a8a43eb5542996c9b8d5e82,False,False,False,False,False,False,False,False,False,False,0.0
hotpotqa,primary_minmax_retention_matched,ms2,5a7320565542991f9a20c61d,False,False,False,False,False,False,False,False,False,False,0.0
hotpotqa,primary_minmax_retention_matched,ms2,5a8b20335542996c9b8d5fb3,False,False,False,False,False,False,False,False,False,False,0.0
hotpotqa,primary_minmax_retention_matched,ms2,5a85fb085542994775f606de,False,False,False,False,False,False,False,False,False,False,0.0
hotpotqa,primary_minmax_retention_matched,ms2,5a8f4c8d554299458435d5a3,False,False,False,False,False,False,False,False,False,False,0.0
hotpotqa,primary_minmax_retention_matched,ms2,5a80840f554299485f59863b,False,False,False,False,False,False,False,False,False,False,0.0
hotpotqa,primary_minmax_retention_matched,ms2,5ae7ba7a5542993210983f12,False,False,False,False,False,False,False,False,False,False,0.0
hotpotqa,primary_minmax_retention_matched,ms2,5ac2acff55429921a00ab02b,False,False,False,False,False,False,False,False,False,False,0.0
hotpotqa,primary_minmax_retention_matched,ms1,5a8c7595554299585d9e36b6,False,False,False,False,False,False,False,False,False,False,0.0
hotpotqa,primary_minmax_retention_matched,ms1,5a85ea095542994775f606a8,True,True,True,False,True,False,False,False,False,False,0.0
hotpotqa,primary_minmax_retention_matched,ms1,5adbf0a255429947ff17385a,True,True,True,False,True,False,False,False,False,False,0.0
hotpotqa,primary_minmax_retention_matched,ms1,5a8e3ea95542995a26add48d,False,False,False,False,False,False,False,False,False,False,0.0
hotpotqa,primary_minmax_retention_matched,ms1,5a85b2d95542997b5ce40028,True,True,True,False,True,False,False,False,False,False,0.0
hotpotqa,primary_minmax_retention_matched,ms1,5a87ab905542996e4f3088c1,True,True,True,False,True,False,False,False,False,False,0.0
hotpotqa,primary_minmax_retention_matched,ms1,5a7bbb64554299042af8f7cc,True,True,True,False,True,False,False,False,False,False,0.0
hotpotqa,primary_minmax_retention_matched,ms1,5a7166395542994082a3e814,True,True,True,True,True,False,False,False,False,False,0.0
hotpotqa,primary_minmax_retention_matched,ms1,5a877e5d5542993e715abf7d,False,False,False,False,False,False,False,False,False,False,0.0
hotpotqa,primary_minmax_retention_matched,ms1,5ab3b0bf5542992ade7c6e39,True,True,True,True,True,False,False,False,False,False,0.0
hotpotqa,primary_minmax_retention_matched,ms1,5ab56e32554299637185c594,False,False,False,False,False,False,False,False,False,False,0.0
hotpotqa,primary_minmax_retention_matched,ms1,5ab6d09255429954757d337d,True,True,True,True,True,False,False,False,False,False,0.0
hotpotqa,primary_minmax_retention_matched,ms1,5a75e05c55429976ec32bc5f,True,True,True,True,True,False,False,False,False,False,0.0
hotpotqa,primary_minmax_retention_matched,ms1,5ab3e45655429976abd1bcd4,False,False,False,False,False,False,False,False,False,False,0.0
hotpotqa,primary_minmax_retention_matched,ms1,5ae0d4c9554299603e418468,True,True,True,False,True,False,False,False,False,False,0.0
hotpotqa,primary_minmax_retention_matched,ms1,5a8133725542995ce29dcbdb,True,True,True,True,True,True,False,True,False,False,0.0
hotpotqa,primary_minmax_retention_matched,ms1,5ae6050f55429929b0807a5e,True,True,True,True,True,False,False,False,False,False,0.0
hotpotqa,primary_minmax_retention_matched,ms1,5adddccd5542997dc7907069,False,False,False,False,False,False,False,False,False,False,0.0
hotpotqa,primary_minmax_retention_matched,ms1,5ae22b8d554299234fd0440f,True,True,True,False,True,False,False,False,False,False,0.0
hotpotqa,primary_minmax_retention_matched,ms1,5a722b8655429971e9dc9329,True,True,True,True,True,False,False,False,False,False,0.0
hotpotqa,primary_minmax_retention_matched,ms1,5adf37a95542995ec70e8f97,False,False,False,False,False,False,False,False,False,False,0.0
hotpotqa,primary_minmax_retention_matched,ms1,5abd259d55429924427fcf1a,False,False,False,False,False,False,False,False,False,False,0.0
hotpotqa,primary_minmax_retention_matched,ms1,5a828c8355429966c78a6a50,True,True,True,False,True,False,False,False,False,False,0.0
hotpotqa,primary_minmax_retention_matched,ms1,5a8a3e745542996c9b8d5e70,False,False,False,False,False,False,False,False,False,False,0.0
hotpotqa,primary_minmax_retention_matched,ms1,5ac23ff0554299636651994d,False,False,False,False,False,False,False,False,False,False,0.0
hotpotqa,primary_minmax_retention_matched,ms1,5ae0361155429925eb1afc2c,True,True,True,False,True,False,False,False,False,False,0.0
hotpotqa,primary_minmax_retention_matched,ms1,5abc0a5d5542993f40c73c64,True,True,True,True,True,False,False,False,False,False,0.0
hotpotqa,primary_minmax_retention_matched,ms1,5a7cc50e554299452d57ba3e,True,True,True,True,True,False,False,False,False,False,0.0
hotpotqa,primary_minmax_retention_matched,ms1,5abf63f15542997ec76fd3ea,True,True,True,False,True,False,False,False,False,False,0.0
hotpotqa,primary_minmax_retention_matched,ms1,5a8ef2a75542995a26add583,False,False,False,False,False,False,False,False,False,False,0.0
hotpotqa,primary_minmax_retention_matched,ms1,5a80721b554299485f5985ef,True,True,True,False,True,False,False,False,False,False,0.0
hotpotqa,primary_minmax_retention_matched,ms1,5ab51dae5542991779162d82,True,True,True,False,True,True,False,True,True,True,0.22629438553091674
hotpotqa,primary_minmax_retention_matched,ms1,5a7571135542992d0ec05f98,False,False,False,False,False,False,False,False,False,False,0.0
hotpotqa,primary_minmax_retention_matched,ms1,5a7a0e1e5542990783324e1a,False,False,False,False,False,False,False,False,False,False,0.0
hotpotqa,primary_minmax_retention_matched,ms1,5a74106b55429979e288289e,True,True,True,False,True,False,False,False,False,False,0.0
hotpotqa,primary_minmax_retention_matched,ms1,5a79311755429970f5fffe67,True,True,True,True,True,True,False,True,False,False,0.0
hotpotqa,primary_minmax_retention_matched,ms1,5ab2d3df554299194fa9352c,True,True,True,True,True,False,False,False,False,False,0.0
hotpotqa,primary_minmax_retention_matched,ms1,5a760ab65542994ccc918697,False,False,False,False,False,False,False,False,False,False,0.0
hotpotqa,primary_minmax_retention_matched,ms1,5a7d54165542995f4f402256,True,True,True,False,True,False,False,False,False,False,0.0
hotpotqa,primary_minmax_retention_matched,ms1,5ab859a955429934fafe6d7b,True,True,True,False,True,True,False,True,False,False,0.0
hotpotqa,primary_minmax_retention_matched,ms1,5add61d65542995b365fab21,True,True,True,False,True,True,False,True,False,False,0.0
hotpotqa,primary_minmax_retention_matched,ms1,5abbf698554299114383a0b5,True,True,True,True,True,True,False,True,False,False,0.0
hotpotqa,primary_minmax_retention_matched,ms1,5ab84bf555429916710eb01f,True,True,True,False,True,False,False,False,False,False,0.0
hotpotqa,primary_minmax_retention_matched,ms1,5ab96ab755429970cfb8eacd,True,True,True,True,True,False,False,False,False,False,0.0
hotpotqa,primary_minmax_retention_matched,ms1,5a8a43eb5542996c9b8d5e82,False,False,False,False,False,False,False,False,False,False,0.0
hotpotqa,primary_minmax_retention_matched,ms1,5a7320565542991f9a20c61d,False,False,False,False,False,False,False,False,False,False,0.0
hotpotqa,primary_minmax_retention_matched,ms1,5a8b20335542996c9b8d5fb3,True,True,True,False,True,True,False,True,False,False,0.0
hotpotqa,primary_minmax_retention_matched,ms1,5a85fb085542994775f606de,False,False,False,False,False,False,False,False,False,False,0.0
hotpotqa,primary_minmax_retention_matched,ms1,5a8f4c8d554299458435d5a3,False,False,False,False,False,False,False,False,False,False,0.0
hotpotqa,primary_minmax_retention_matched,ms1,5a80840f554299485f59863b,False,False,False,False,False,False,False,False,False,False,0.0
hotpotqa,primary_minmax_retention_matched,ms1,5ae7ba7a5542993210983f12,True,True,True,False,True,False,False,False,False,False,0.0
hotpotqa,primary_minmax_retention_matched,ms1,5ac2acff55429921a00ab02b,True,True,True,True,True,False,False,False,False,False,0.0
hotpotqa,primary_minmax_retention_matched,ms1_drop_mutual,5a8c7595554299585d9e36b6,False,False,False,False,False,False,False,False,False,False,0.0
hotpotqa,primary_minmax_retention_matched,ms1_drop_mutual,5a85ea095542994775f606a8,False,False,False,False,False,False,False,False,False,False,0.0
hotpotqa,primary_minmax_retention_matched,ms1_drop_mutual,5adbf0a255429947ff17385a,False,False,False,False,False,False,False,False,False,False,0.0
hotpotqa,primary_minmax_retention_matched,ms1_drop_mutual,5a8e3ea95542995a26add48d,False,False,False,False,False,False,False,False,False,False,0.0
hotpotqa,primary_minmax_retention_matched,ms1_drop_mutual,5a85b2d95542997b5ce40028,False,False,False,False,False,False,False,False,False,False,0.0
hotpotqa,primary_minmax_retention_matched,ms1_drop_mutual,5a87ab905542996e4f3088c1,False,False,False,False,False,False,False,False,False,False,0.0
hotpotqa,primary_minmax_retention_matched,ms1_drop_mutual,5a7bbb64554299042af8f7cc,False,False,False,False,False,False,False,False,False,False,0.0
hotpotqa,primary_minmax_retention_matched,ms1_drop_mutual,5a7166395542994082a3e814,False,False,False,False,False,False,False,False,False,False,0.0
hotpotqa,primary_minmax_retention_matched,ms1_drop_mutual,5a877e5d5542993e715abf7d,False,False,False,False,False,False,False,False,False,False,0.0
hotpotqa,primary_minmax_retention_matched,ms1_drop_mutual,5ab3b0bf5542992ade7c6e39,False,False,False,False,False,False,False,False,False,False,0.0
hotpotqa,primary_minmax_retention_matched,ms1_drop_mutual,5ab56e32554299637185c594,False,False,False,False,False,False,False,False,False,False,0.0
hotpotqa,primary_minmax_retention_matched,ms1_drop_mutual,5ab6d09255429954757d337d,False,False,False,False,False,False,False,False,False,False,0.0
hotpotqa,primary_minmax_retention_matched,ms1_drop_mutual,5a75e05c55429976ec32bc5f,False,False,False,False,False,False,False,False,False,False,0.0
hotpotqa,primary_minmax_retention_matched,ms1_drop_mutual,5ab3e45655429976abd1bcd4,False,False,False,False,False,False,False,False,False,False,0.0
hotpotqa,primary_minmax_retention_matched,ms1_drop_mutual,5ae0d4c9554299603e418468,False,False,False,False,False,False,False,False,False,False,0.0
hotpotqa,primary_minmax_retention_matched,ms1_drop_mutual,5a8133725542995ce29dcbdb,False,False,False,False,False,False,False,False,False,False,0.0
hotpotqa,primary_minmax_retention_matched,ms1_drop_mutual,5ae6050f55429929b0807a5e,False,False,False,False,False,False,False,False,False,False,0.0
hotpotqa,primary_minmax_retention_matched,ms1_drop_mutual,5adddccd5542997dc7907069,False,False,False,False,False,False,False,False,False,False,0.0
hotpotqa,primary_minmax_retention_matched,ms1_drop_mutual,5ae22b8d554299234fd0440f,False,False,False,False,False,False,False,False,False,False,0.0
hotpotqa,primary_minmax_retention_matched,ms1_drop_mutual,5a722b8655429971e9dc9329,False,False,False,False,False,False,False,False,False,False,0.0
hotpotqa,primary_minmax_retention_matched,ms1_drop_mutual,5adf37a95542995ec70e8f97,False,False,False,False,False,False,False,False,False,False,0.0
hotpotqa,primary_minmax_retention_matched,ms1_drop_mutual,5abd259d55429924427fcf1a,False,False,False,False,False,False,False,False,False,False,0.0
hotpotqa,primary_minmax_retention_matched,ms1_drop_mutual,5a828c8355429966c78a6a50,False,False,False,False,False,False,False,False,False,False,0.0
hotpotqa,primary_minmax_retention_matched,ms1_drop_mutual,5a8a3e745542996c9b8d5e70,False,False,False,False,False,False,False,False,False,False,0.0
hotpotqa,primary_minmax_retention_matched,ms1_drop_mutual,5ac23ff0554299636651994d,False,False,False,False,False,False,False,False,False,False,0.0
hotpotqa,primary_minmax_retention_matched,ms1_drop_mutual,5ae0361155429925eb1afc2c,False,False,False,False,False,False,False,False,False,False,0.0
hotpotqa,primary_minmax_retention_matched,ms1_drop_mutual,5abc0a5d5542993f40c73c64,False,False,False,False,False,False,False,False,False,False,0.0
hotpotqa,primary_minmax_retention_matched,ms1_drop_mutual,5a7cc50e554299452d57ba3e,False,False,False,False,False,False,False,False,False,False,0.0
hotpotqa,primary_minmax_retention_matched,ms1_drop_mutual,5abf63f15542997ec76fd3ea,False,False,False,False,False,False,False,False,False,False,0.0
hotpotqa,primary_minmax_retention_matched,ms1_drop_mutual,5a8ef2a75542995a26add583,False,False,False,False,False,False,False,False,False,False,0.0
hotpotqa,primary_minmax_retention_matched,ms1_drop_mutual,5a80721b554299485f5985ef,False,False,False,False,False,False,False,False,False,False,0.0
hotpotqa,primary_minmax_retention_matched,ms1_drop_mutual,5ab51dae5542991779162d82,False,False,False,False,False,False,False,False,False,False,0.0
hotpotqa,primary_minmax_retention_matched,ms1_drop_mutual,5a7571135542992d0ec05f98,False,False,False,False,False,False,False,False,False,False,0.0
hotpotqa,primary_minmax_retention_matched,ms1_drop_mutual,5a7a0e1e5542990783324e1a,False,False,False,False,False,False,False,False,False,False,0.0
hotpotqa,primary_minmax_retention_matched,ms1_drop_mutual,5a74106b55429979e288289e,False,False,False,False,False,False,False,False,False,False,0.0
hotpotqa,primary_minmax_retention_matched,ms1_drop_mutual,5a79311755429970f5fffe67,False,False,False,False,False,False,False,False,False,False,0.0
hotpotqa,primary_minmax_retention_matched,ms1_drop_mutual,5ab2d3df554299194fa9352c,False,False,False,False,False,False,False,False,False,False,0.0
hotpotqa,primary_minmax_retention_matched,ms1_drop_mutual,5a760ab65542994ccc918697,False,False,False,False,False,False,False,False,False,False,0.0
hotpotqa,primary_minmax_retention_matched,ms1_drop_mutual,5a7d54165542995f4f402256,False,False,False,False,False,False,False,False,False,False,0.0
hotpotqa,primary_minmax_retention_matched,ms1_drop_mutual,5ab859a955429934fafe6d7b,False,False,False,False,False,False,False,False,False,False,0.0
hotpotqa,primary_minmax_retention_matched,ms1_drop_mutual,5add61d65542995b365fab21,False,False,False,False,False,False,False,False,False,False,0.0
hotpotqa,primary_minmax_retention_matched,ms1_drop_mutual,5abbf698554299114383a0b5,False,False,False,False,False,False,False,False,False,False,0.0
hotpotqa,primary_minmax_retention_matched,ms1_drop_mutual,5ab84bf555429916710eb01f,False,False,False,False,False,False,False,False,False,False,0.0
hotpotqa,primary_minmax_retention_matched,ms1_drop_mutual,5ab96ab755429970cfb8eacd,False,False,False,False,False,False,False,False,False,False,0.0
hotpotqa,primary_minmax_retention_matched,ms1_drop_mutual,5a8a43eb5542996c9b8d5e82,False,False,False,False,False,False,False,False,False,False,0.0
hotpotqa,primary_minmax_retention_matched,ms1_drop_mutual,5a7320565542991f9a20c61d,False,False,False,False,False,False,False,False,False,False,0.0
hotpotqa,primary_minmax_retention_matched,ms1_drop_mutual,5a8b20335542996c9b8d5fb3,False,False,False,False,False,False,False,False,False,False,0.0
hotpotqa,primary_minmax_retention_matched,ms1_drop_mutual,5a85fb085542994775f606de,False,False,False,False,False,False,False,False,False,False,0.0
hotpotqa,primary_minmax_retention_matched,ms1_drop_mutual,5a8f4c8d554299458435d5a3,False,False,False,False,False,False,False,False,False,False,0.0
hotpotqa,primary_minmax_retention_matched,ms1_drop_mutual,5a80840f554299485f59863b,False,False,False,False,False,False,False,False,False,False,0.0
hotpotqa,primary_minmax_retention_matched,ms1_drop_mutual,5ae7ba7a5542993210983f12,False,False,False,False,False,False,False,False,False,False,0.0
hotpotqa,primary_minmax_retention_matched,ms1_drop_mutual,5ac2acff55429921a00ab02b,True,True,True,False,True,False,False,False,False,False,0.0
bright,primary_minmax_retention_matched,ms2,biology:0,False,False,False,False,False,False,False,False,False,False,0.0
bright,primary_minmax_retention_matched,ms2,biology:1,False,False,False,False,False,False,False,False,False,False,0.0
bright,primary_minmax_retention_matched,ms2,biology:2,False,False,False,False,False,False,False,False,False,False,0.0
bright,primary_minmax_retention_matched,ms2,biology:3,False,False,False,False,False,False,False,False,False,False,0.0
bright,primary_minmax_retention_matched,ms2,biology:4,False,False,False,False,False,False,False,False,False,False,0.0
bright,primary_minmax_retention_matched,ms2,biology:5,False,False,False,False,False,False,False,False,False,False,0.0
bright,primary_minmax_retention_matched,ms2,biology:6,False,False,False,False,False,False,False,False,False,False,0.0
bright,primary_minmax_retention_matched,ms2,biology:7,False,False,False,False,False,False,False,False,False,False,0.0
bright,primary_minmax_retention_matched,ms2,biology:8,False,False,False,False,False,False,False,False,False,False,0.0
bright,primary_minmax_retention_matched,ms2,biology:9,False,False,False,False,False,False,False,False,False,False,0.0
bright,primary_minmax_retention_matched,ms2,biology:10,False,False,False,False,False,False,False,False,False,False,0.0
bright,primary_minmax_retention_matched,ms2,biology:11,False,False,False,False,False,False,False,False,False,False,0.0
bright,primary_minmax_retention_matched,ms2,biology:12,False,False,False,False,False,False,False,False,False,False,0.0
bright,primary_minmax_retention_matched,ms2,biology:13,False,False,False,False,False,False,False,False,False,False,0.0
bright,primary_minmax_retention_matched,ms2,biology:14,False,False,False,False,False,False,False,False,False,False,0.0
bright,primary_minmax_retention_matched,ms2,biology:15,False,False,False,False,False,False,False,False,False,False,0.0
bright,primary_minmax_retention_matched,ms2,biology:16,False,False,False,False,False,False,False,False,False,False,0.0
bright,primary_minmax_retention_matched,ms2,biology:17,False,False,False,False,False,False,False,False,False,False,0.0
bright,primary_minmax_retention_matched,ms2,biology:18,False,False,False,False,False,False,False,False,False,False,0.0
bright,primary_minmax_retention_matched,ms2,biology:19,False,False,False,False,False,False,False,False,False,False,0.0
bright,primary_minmax_retention_matched,ms2,biology:20,False,False,False,False,False,False,False,False,False,False,0.0
bright,primary_minmax_retention_matched,ms2,biology:21,False,False,False,False,False,False,False,False,False,False,0.0
bright,primary_minmax_retention_matched,ms2,biology:22,False,False,False,False,False,False,False,False,False,False,0.0
bright,primary_minmax_retention_matched,ms2,biology:23,False,False,False,False,False,False,False,False,False,False,0.0
bright,primary_minmax_retention_matched,ms2,biology:24,False,False,False,False,False,False,False,False,False,False,0.0
bright,primary_minmax_retention_matched,ms2,biology:25,False,False,False,False,False,False,False,False,False,False,0.0
bright,primary_minmax_retention_matched,ms2,biology:26,False,False,False,False,False,False,False,False,False,False,0.0
bright,primary_minmax_retention_matched,ms2,biology:27,False,False,False,False,False,False,False,False,False,False,0.0
bright,primary_minmax_retention_matched,ms2,biology:28,False,False,False,False,False,False,False,False,False,False,0.0
bright,primary_minmax_retention_matched,ms2,biology:29,False,False,False,False,False,False,False,False,False,False,0.0
bright,primary_minmax_retention_matched,ms2,biology:30,False,False,False,False,False,False,False,False,False,False,0.0
bright,primary_minmax_retention_matched,ms2,biology:31,False,False,False,False,False,False,False,False,False,False,0.0
bright,primary_minmax_retention_matched,ms2,biology:32,False,False,False,False,False,False,False,False,False,False,0.0
bright,primary_minmax_retention_matched,ms2,biology:33,False,False,False,False,False,False,False,False,False,False,0.0
bright,primary_minmax_retention_matched,ms2,biology:34,False,False,False,False,False,False,False,False,False,False,0.0
bright,primary_minmax_retention_matched,ms2,biology:35,False,False,False,False,False,False,False,False,False,False,0.0
bright,primary_minmax_retention_matched,ms2,biology:36,False,False,False,False,False,False,False,False,False,False,0.0
bright,primary_minmax_retention_matched,ms2,biology:37,False,False,False,False,False,False,False,False,False,False,0.0
bright,primary_minmax_retention_matched,ms2,biology:38,False,False,False,False,False,False,False,False,False,False,0.0
bright,primary_minmax_retention_matched,ms2,biology:39,False,False,False,False,False,False,False,False,False,False,0.0
bright,primary_minmax_retention_matched,ms2,biology:40,False,False,False,False,False,False,False,False,False,False,0.0
bright,primary_minmax_retention_matched,ms2,biology:41,False,False,False,False,False,False,False,False,False,False,0.0
bright,primary_minmax_retention_matched,ms2,biology:42,False,False,False,False,False,False,False,False,False,False,0.0
bright,primary_minmax_retention_matched,ms2,biology:43,False,False,False,False,False,False,False,False,False,False,0.0
bright,primary_minmax_retention_matched,ms2,biology:44,False,False,False,False,False,False,False,False,False,False,0.0
bright,primary_minmax_retention_matched,ms2,biology:45,False,False,False,False,False,False,False,False,False,False,0.0
bright,primary_minmax_retention_matched,ms2,biology:46,False,False,False,False,False,False,False,False,False,False,0.0
bright,primary_minmax_retention_matched,ms2,biology:47,False,False,False,False,False,False,False,False,False,False,0.0
bright,primary_minmax_retention_matched,ms2,biology:48,False,False,False,False,False,False,False,False,False,False,0.0
bright,primary_minmax_retention_matched,ms2,biology:49,False,False,False,False,False,False,False,False,False,False,0.0
bright,primary_minmax_retention_matched,ms1,biology:0,False,False,False,False,False,False,False,False,False,False,0.0
bright,primary_minmax_retention_matched,ms1,biology:1,True,True,True,True,True,False,False,False,False,False,0.0
bright,primary_minmax_retention_matched,ms1,biology:2,True,True,True,True,True,False,False,False,False,False,0.0
bright,primary_minmax_retention_matched,ms1,biology:3,True,True,True,False,True,False,False,False,False,False,0.0
bright,primary_minmax_retention_matched,ms1,biology:4,True,True,True,True,True,True,False,True,False,False,0.0
bright,primary_minmax_retention_matched,ms1,biology:5,True,True,True,True,True,False,False,False,False,False,0.0
bright,primary_minmax_retention_matched,ms1,biology:6,True,True,True,True,True,True,False,True,True,True,-0.004368029866009371
bright,primary_minmax_retention_matched,ms1,biology:7,False,False,False,False,False,False,False,False,False,False,0.0
bright,primary_minmax_retention_matched,ms1,biology:8,True,True,True,True,True,False,False,False,False,False,0.0
bright,primary_minmax_retention_matched,ms1,biology:9,True,True,True,True,True,False,False,False,False,False,0.0
bright,primary_minmax_retention_matched,ms1,biology:10,True,True,True,False,True,False,False,False,False,False,0.0
bright,primary_minmax_retention_matched,ms1,biology:11,True,True,True,True,True,False,False,False,False,False,0.0
bright,primary_minmax_retention_matched,ms1,biology:12,True,True,True,True,True,True,False,True,True,True,-0.009273438613452645
bright,primary_minmax_retention_matched,ms1,biology:13,True,True,True,True,True,True,False,True,True,True,-0.0033928545639939633
bright,primary_minmax_retention_matched,ms1,biology:14,True,True,True,True,True,False,False,False,False,False,0.0
bright,primary_minmax_retention_matched,ms1,biology:15,True,True,True,True,True,False,False,False,False,False,0.0
bright,primary_minmax_retention_matched,ms1,biology:16,True,True,True,True,True,True,False,True,False,False,0.0
bright,primary_minmax_retention_matched,ms1,biology:17,True,True,True,True,True,False,False,False,False,False,0.0
bright,primary_minmax_retention_matched,ms1,biology:18,True,True,True,True,True,True,False,True,False,False,0.0
bright,primary_minmax_retention_matched,ms1,biology:19,True,True,True,False,True,False,False,False,False,False,0.0
bright,primary_minmax_retention_matched,ms1,biology:20,True,True,True,True,True,False,False,False,False,False,0.0
bright,primary_minmax_retention_matched,ms1,biology:21,True,True,True,False,True,False,False,False,False,False,0.0
bright,primary_minmax_retention_matched,ms1,biology:22,True,True,True,True,True,True,False,True,False,False,0.0
bright,primary_minmax_retention_matched,ms1,biology:23,True,True,True,False,True,False,False,False,False,False,0.0
bright,primary_minmax_retention_matched,ms1,biology:24,True,True,True,True,True,False,False,False,False,False,0.0
bright,primary_minmax_retention_matched,ms1,biology:25,True,True,True,True,True,True,False,True,True,True,0.008929496180074992
bright,primary_minmax_retention_matched,ms1,biology:26,True,True,True,True,True,False,False,False,False,False,0.0
bright,primary_minmax_retention_matched,ms1,biology:27,True,True,True,False,True,False,False,False,False,False,0.0
bright,primary_minmax_retention_matched,ms1,biology:28,True,True,True,True,True,True,False,True,False,False,0.0
bright,primary_minmax_retention_matched,ms1,biology:29,True,True,True,True,True,False,False,False,False,False,0.0
bright,primary_minmax_retention_matched,ms1,biology:30,True,True,True,True,True,False,False,False,False,False,0.0
bright,primary_minmax_retention_matched,ms1,biology:31,True,True,True,True,True,True,False,True,False,False,0.0
bright,primary_minmax_retention_matched,ms1,biology:32,False,False,False,False,False,False,False,False,False,False,0.0
bright,primary_minmax_retention_matched,ms1,biology:33,True,True,True,True,True,False,False,False,False,False,0.0
bright,primary_minmax_retention_matched,ms1,biology:34,True,True,True,True,True,True,False,True,False,False,0.0
bright,primary_minmax_retention_matched,ms1,biology:35,True,True,True,True,True,False,False,False,False,False,0.0
bright,primary_minmax_retention_matched,ms1,biology:36,True,True,True,True,True,True,False,True,True,True,-0.1227846846619508
bright,primary_minmax_retention_matched,ms1,biology:37,False,False,False,False,False,False,False,False,False,False,0.0
bright,primary_minmax_retention_matched,ms1,biology:38,True,True,True,False,True,False,False,False,False,False,0.0
bright,primary_minmax_retention_matched,ms1,biology:39,True,True,True,True,True,False,False,False,False,False,0.0
bright,primary_minmax_retention_matched,ms1,biology:40,True,True,True,True,True,False,False,False,False,False,0.0
bright,primary_minmax_retention_matched,ms1,biology:41,True,True,True,True,True,False,False,False,False,False,0.0
bright,primary_minmax_retention_matched,ms1,biology:42,True,True,True,True,True,True,False,True,True,True,0.010734212958616873
bright,primary_minmax_retention_matched,ms1,biology:43,True,True,True,True,True,True,False,True,True,True,-0.014591086633361755
bright,primary_minmax_retention_matched,ms1,biology:44,True,True,True,True,True,True,False,True,False,False,0.0
bright,primary_minmax_retention_matched,ms1,biology:45,True,True,True,True,True,True,False,True,False,False,0.0
bright,primary_minmax_retention_matched,ms1,biology:46,True,True,True,True,True,True,False,True,False,False,0.0
bright,primary_minmax_retention_matched,ms1,biology:47,True,True,True,False,True,True,False,True,False,False,0.0
bright,primary_minmax_retention_matched,ms1,biology:48,True,True,True,False,True,True,False,True,False,False,0.0
bright,primary_minmax_retention_matched,ms1,biology:49,True,True,True,True,True,True,False,True,True,True,-0.22629438553091674
bright,primary_minmax_retention_matched,ms1_drop_mutual,biology:0,False,False,False,False,False,False,False,False,False,False,0.0
bright,primary_minmax_retention_matched,ms1_drop_mutual,biology:1,False,False,False,False,False,False,False,False,False,False,0.0
bright,primary_minmax_retention_matched,ms1_drop_mutual,biology:2,False,False,False,False,False,False,False,False,False,False,0.0
bright,primary_minmax_retention_matched,ms1_drop_mutual,biology:3,False,False,False,False,False,False,False,False,False,False,0.0
bright,primary_minmax_retention_matched,ms1_drop_mutual,biology:4,False,False,False,False,False,False,False,False,False,False,0.0
bright,primary_minmax_retention_matched,ms1_drop_mutual,biology:5,False,False,False,False,False,False,False,False,False,False,0.0
bright,primary_minmax_retention_matched,ms1_drop_mutual,biology:6,True,True,True,True,True,True,False,True,True,True,0.0038277798318925305
bright,primary_minmax_retention_matched,ms1_drop_mutual,biology:7,False,False,False,False,False,False,False,False,False,False,0.0
bright,primary_minmax_retention_matched,ms1_drop_mutual,biology:8,False,False,False,False,False,False,False,False,False,False,0.0
bright,primary_minmax_retention_matched,ms1_drop_mutual,biology:9,False,False,False,False,False,False,False,False,False,False,0.0
bright,primary_minmax_retention_matched,ms1_drop_mutual,biology:10,False,False,False,False,False,False,False,False,False,False,0.0
bright,primary_minmax_retention_matched,ms1_drop_mutual,biology:11,False,False,False,False,False,False,False,False,False,False,0.0
bright,primary_minmax_retention_matched,ms1_drop_mutual,biology:12,False,False,False,False,False,False,False,False,False,False,0.0
bright,primary_minmax_retention_matched,ms1_drop_mutual,biology:13,False,False,False,False,False,False,False,False,False,False,0.0
bright,primary_minmax_retention_matched,ms1_drop_mutual,biology:14,False,False,False,False,False,False,False,False,False,False,0.0
bright,primary_minmax_retention_matched,ms1_drop_mutual,biology:15,True,True,True,True,True,False,False,False,False,False,0.0
bright,primary_minmax_retention_matched,ms1_drop_mutual,biology:16,False,False,False,False,False,False,False,False,False,False,0.0
bright,primary_minmax_retention_matched,ms1_drop_mutual,biology:17,False,False,False,False,False,False,False,False,False,False,0.0
bright,primary_minmax_retention_matched,ms1_drop_mutual,biology:18,True,True,True,True,True,True,False,True,False,False,0.0
bright,primary_minmax_retention_matched,ms1_drop_mutual,biology:19,False,False,False,False,False,False,False,False,False,False,0.0
bright,primary_minmax_retention_matched,ms1_drop_mutual,biology:20,False,False,False,False,False,False,False,False,False,False,0.0
bright,primary_minmax_retention_matched,ms1_drop_mutual,biology:21,False,False,False,False,False,False,False,False,False,False,0.0
bright,primary_minmax_retention_matched,ms1_drop_mutual,biology:22,False,False,False,False,False,False,False,False,False,False,0.0
bright,primary_minmax_retention_matched,ms1_drop_mutual,biology:23,False,False,False,False,False,False,False,False,False,False,0.0
bright,primary_minmax_retention_matched,ms1_drop_mutual,biology:24,False,False,False,False,False,False,False,False,False,False,0.0
bright,primary_minmax_retention_matched,ms1_drop_mutual,biology:25,True,True,True,False,True,False,False,False,False,False,0.0
bright,primary_minmax_retention_matched,ms1_drop_mutual,biology:26,False,False,False,False,False,False,False,False,False,False,0.0
bright,primary_minmax_retention_matched,ms1_drop_mutual,biology:27,False,False,False,False,False,False,False,False,False,False,0.0
bright,primary_minmax_retention_matched,ms1_drop_mutual,biology:28,True,True,True,False,True,False,False,False,False,False,0.0
bright,primary_minmax_retention_matched,ms1_drop_mutual,biology:29,False,False,False,False,False,False,False,False,False,False,0.0
bright,primary_minmax_retention_matched,ms1_drop_mutual,biology:30,True,True,True,False,True,False,False,False,False,False,0.0
bright,primary_minmax_retention_matched,ms1_drop_mutual,biology:31,False,False,False,False,False,False,False,False,False,False,0.0
bright,primary_minmax_retention_matched,ms1_drop_mutual,biology:32,False,False,False,False,False,False,False,False,False,False,0.0
bright,primary_minmax_retention_matched,ms1_drop_mutual,biology:33,False,False,False,False,False,False,False,False,False,False,0.0
bright,primary_minmax_retention_matched,ms1_drop_mutual,biology:34,False,False,False,False,False,False,False,False,False,False,0.0
bright,primary_minmax_retention_matched,ms1_drop_mutual,biology:35,False,False,False,False,False,False,False,False,False,False,0.0
bright,primary_minmax_retention_matched,ms1_drop_mutual,biology:36,False,False,False,False,False,False,False,False,False,False,0.0
bright,primary_minmax_retention_matched,ms1_drop_mutual,biology:37,False,False,False,False,False,False,False,False,False,False,0.0
bright,primary_minmax_retention_matched,ms1_drop_mutual,biology:38,False,False,False,False,False,False,False,False,False,False,0.0
bright,primary_minmax_retention_matched,ms1_drop_mutual,biology:39,False,False,False,False,False,False,False,False,False,False,0.0
bright,primary_minmax_retention_matched,ms1_drop_mutual,biology:40,False,False,False,False,False,False,False,False,False,False,0.0
bright,primary_minmax_retention_matched,ms1_drop_mutual,biology:41,True,True,True,False,True,False,False,False,False,False,0.0
bright,primary_minmax_retention_matched,ms1_drop_mutual,biology:42,True,True,True,True,True,False,False,False,False,False,0.0
bright,primary_minmax_retention_matched,ms1_drop_mutual,biology:43,True,True,True,True,True,False,False,False,False,False,0.0
bright,primary_minmax_retention_matched,ms1_drop_mutual,biology:44,False,False,False,False,False,False,False,False,False,False,0.0
bright,primary_minmax_retention_matched,ms1_drop_mutual,biology:45,True,True,True,True,True,False,False,False,False,False,0.0
bright,primary_minmax_retention_matched,ms1_drop_mutual,biology:46,False,False,False,False,False,False,False,False,False,False,0.0
bright,primary_minmax_retention_matched,ms1_drop_mutual,biology:47,False,False,False,False,False,False,False,False,False,False,0.0
bright,primary_minmax_retention_matched,ms1_drop_mutual,biology:48,False,False,False,False,False,False,False,False,False,False,0.0
bright,primary_minmax_retention_matched,ms1_drop_mutual,biology:49,True,True,True,False,True,False,False,False,False,False,0.0
